channel_0,sample #,type
0.022905771245505142,6797767,L
-0.037150375522082564,6797768,NC
-0.13720648542766697,6797769,NC
-0.2522625584155737,6797770,NC
-0.35231859443016506,6797771,NC
-0.43737459341583995,6797772,NC
-0.49743055531703406,6797773,NC
-0.5624864800782199,6797774,NC
-0.6175423676439068,6797775,NC
-0.6625982179586412,6797776,NC
-0.722654030967006,6797777,NC
-0.7627098066136215,6797778,NC
-0.7777655448431452,6797779,NC
-0.7878212456002713,6797780,NC
-0.7878769088297316,6797781,NC
-0.7729325344762948,6797782,NC
-0.7329881224847672,6797783,NC
-0.7030436727999921,6797784,NC
-0.6680991853668504,6797785,NC
-0.6431546601302606,6797786,NC
-0.6382100970351783,6797787,NC
-0.6332654960265971,6797788,NC
-0.623320857049548,6797789,NC
-0.6133761800490997,6797790,NC
-0.5834314649703587,6797791,NC
-0.5834867117584691,6797792,NC
-0.6035419203586129,6797793,NC
-0.6185970907160102,6797794,NC
-0.6186522227759188,6797795,NC
-0.5987073164836347,6797796,NC
-0.5737623717844917,6797797,NC
-0.578817388623862,6797798,NC
-0.5788723669471557,6797799,NC
-0.5839273066998213,6797800,NC
-0.5839822078273454,6797801,NC
-0.5640370702752532,6797802,NC
-0.549091893989108,6797803,NC
-0.5491466789145116,6797804,NC
-0.5692014249971045,6797805,NC
-0.5842561321825654,6797806,NC
-0.5643108004166119,6797807,NC
-0.549365429645,6797808,NC
-0.5294200198135246,6797809,NC
-0.5394745708680192,6797810,NC
-0.5445290827543563,6797811,NC
-0.5445835554184472,6797812,NC
-0.5346379888062418,6797813,NC
-0.5346923828637294,6797814,NC
-0.5047467375369382,6797815,NC
-0.4948010527719355,6797816,NC
-0.5048553285148275,6797817,NC
-0.5049095647117599,6797818,NC
-0.48496376130891733,6797819,NC
-0.460017918252524,6797820,NC
-0.44007203548884355,6797821,NC
-0.4501261129641784,6797822,NC
-0.4351801506248712,6797823,NC
-0.4452341484173036,6797824,NC
-0.42528810628789687,6797825,NC
-0.3903420241831121,6797826,NC
-0.3803959020494499,6797827,NC
-0.3554497398334506,6797828,NC
-0.35050353748169427,6797829,NC
-0.350557294940801,6797830,NC
-0.34561101215743045,6797831,NC
-0.3106646890782825,6797832,NC
-0.2757183256500968,6797833,NC
-0.26077192181965314,6797834,NC
-0.26582547753377145,6797835,NC
-0.2758789927393116,6797836,NC
-0.23593246738317392,6797837,NC
-0.21598590141229873,6797838,NC
-0.1760392947736669,6797839,NC
-0.1610926474142994,6797840,NC
-0.1561459592812578,6797841,NC
-0.15619923032164407,6797842,NC
-0.1412524604826006,6797843,NC
-0.11130564971131048,6797844,NC
-0.1013587979549973,6797845,NC
-0.08641190516092545,6797846,NC
-0.0914649712763999,6797847,NC
-0.09151799624876644,6797848,NC
-0.07657098002541174,6797849,NC
-0.051623922553763246,6797850,NC
-0.03167682378128942,6797851,NC
-0.03672968365549967,6797852,NC
-0.03678250212394441,6797853,NC
-0.041835279134215184,6797854,NC
-0.05188801463394466,6797855,NC
-0.041940708570806666,6797856,NC
-0.041993360892516304,6797857,NC
-0.06704597154682995,6797858,NC
-0.09709854048154534,6797859,NC
-0.12715106764450157,6797860,NC
-0.16220355298357925,6797861,NC
-0.16725599644670042,6797862,NC
-0.17730839798182868,6797863,NC
-0.22236075753696927,6797864,NC
-0.2574130750601691,6797865,NC
-0.29746535049951667,6797866,NC
-0.3075175838031424,6797867,NC
-0.3025697749192184,6797868,NC
-0.31762192379595866,6797869,NC
-0.33767403038161914,6797870,NC
-0.3627260946244977,6797871,NC
-0.38277811647293425,6797872,NC
-0.39283009587531065,6797873,NC
-0.39788203278005113,6797874,NC
-0.39293392713562186,6797875,NC
-0.40298577889053133,6797876,NC
-0.42303758799333024,6797877,NC
-0.44308935439261166,6797878,NC
-0.44814107803701103,6797879,NC
-0.43319275887520614,6797880,NC
-0.41824439685591736,6797881,NC
-0.4332959919279076,6797882,NC
-0.4433475440399822,6797883,NC
-0.45339905314098916,6797884,NC
-0.4534505191798194,6797885,NC
-0.44350194210540617,6797886,NC
-0.42855332186672584,6797887,NC
-0.4336046584127974,6797888,NC
-0.4586559516926828,6797889,NC
-0.47370720165548696,6797890,NC
-0.4537584082503577,6797891,NC
-0.4438095714264859,6797892,NC
-0.4338606911331056,6797893,NC
-0.43391176731949377,6797894,NC
-0.4389627999349708,6797895,NC
-0.4590137889289001,6797896,NC
-0.44906473425068866,6797897,NC
-0.4391156358497864,6797898,NC
-0.42916649367568693,6797899,NC
-0.42921730767792715,6797900,NC
-0.43426807780608756,6797901,NC
-0.4493188040097921,6797902,NC
-0.4393694862387083,6797903,NC
-0.4394201244425474,6797904,NC
-0.42447071857106417,6797905,NC
-0.40952126857405724,6797906,NC
-0.41457177440136905,6797907,NC
-0.43462223600288574,6797908,NC
-0.43467265332853744,6797909,NC
-0.4147230263282982,6797910,NC
-0.39977335495218597,6797911,NC
-0.39982363915026287,6797912,NC
-0.41987387887263494,6797913,NC
-0.41992407406945254,6797914,NC
-0.42997422469090996,6797915,NC
-0.415024330687246,6797916,NC
-0.41507439200874346,6797917,NC
-0.41012440860572974,6797918,NC
-0.40517438042857645,6797919,NC
-0.41522430742769967,6797920,NC
-0.4202741895535599,6797921,NC
-0.4053240267566622,6797922,NC
-0.38537381898755635,6797923,NC
-0.3904235661968364,6797924,NC
-0.3904732683351415,6797925,NC
-0.41052292535315527,6797926,NC
-0.39057253720160606,6797927,NC
-0.38062210383126727,6797928,NC
-0.3806716251929569,6797929,NC
-0.38072110123753794,6797930,NC
-0.4007705319159185,6797931,NC
-0.43581991717905155,6797932,NC
-0.40586925697793524,6797933,NC
-0.40091855126361264,6797934,NC
-0.3809677999871723,6797935,NC
-0.3860170030997475,6797936,NC
-0.40106616055251726,6797937,NC
-0.41611527229670564,6797938,NC
-0.3961643382835821,6797939,NC
-0.3912133584644616,6797940,NC
-0.38126233279070443,6797941,NC
-0.38131126121371633,6797942,NC
-0.39636014368494876,6797943,NC
-0.41640898015589867,6797944,NC
-0.40645777057810867,6797945,NC
-0.396506514903167,6797946,NC
-0.3865552130827079,6797947,NC
-0.38160386506841104,6797948,NC
-0.401652470812002,6797949,NC
-0.4067010302652525,6797950,NC
-0.40674954337998004,6797951,NC
-0.4117980101080479,6797952,NC
-0.4068464304013657,6797953,NC
-0.376894804211889,6797954,NC
-0.3869431314916194,6797955,NC
-0.41699141219260477,6797956,NC
-0.41203964626693923,6797957,NC
-0.37708783366676313,6797958,NC
-0.36713597434426304,6797959,NC
-0.362184068251672,6797960,NC
-0.3622321153412694,6797961,NC
-0.36728011556538115,6797962,NC
-0.3873280688763796,6797963,NC
-0.36237597522668363,6797964,NC
-0.35242383456875875,6797965,NC
-0.3474716468551172,6797966,NC
-0.34251941203831776,6797967,NC
-0.3525671300709661,6797968,NC
-0.3376148009057144,6797969,NC
-0.32766242449526206,6797970,NC
-0.29271000079235504,6797971,NC
-0.29775752974978636,6797972,NC
-0.30780501132039606,6797973,NC
-0.3328524454570711,6797974,NC
-0.3328998321127455,6797975,NC
-0.3329471712404005,6797976,NC
-0.3329944627930644,6797977,NC
-0.34804170672381274,6797978,NC
-0.3480889029857683,6797979,NC
-0.35813605153210115,6797980,NC
-0.3681831523160288,6797981,NC
-0.363230205290816,6797982,NC
-0.34827721040977505,6797983,NC
-0.35332416762626573,6797984,NC
-0.37837107689369526,6797985,NC
-0.3984179381655185,6797986,NC
-0.39846475139523796,6797987,NC
-0.39351151653640376,6797988,NC
-0.3885582335426139,6797989,NC
-0.38860490236751377,6797990,NC
-0.4086515229647969,6797991,NC
-0.4236980952882046,6797992,NC
-0.4037446192915261,6797993,NC
-0.40379109492859844,6797994,NC
-0.39383752215330675,6797995,NC
-0.40888390091958426,6797996,NC
-0.4239302311814122,6797997,NC
-0.4439765128928199,6797998,NC
-0.4440227460078849,6797999,NC
-0.42906893048073286,6798000,NC
-0.399115066265538,6798001,NC
-0.4041611533165225,6798002,NC
-0.4242071915879572,6798003,NC
-0.4492531810341611,6798004,NC
-0.4392991216095017,6798005,NC
-0.44434501326839504,6798006,NC
-0.4193908559653058,6798007,NC
-0.424436649654747,6798008,NC
-0.44448239429128045,6798009,NC
-0.45952808982951654,6798010,NC
-0.4545737362241147,6798011,NC
-0.4396193334297825,6798012,NC
-0.4246648814012768,6798013,NC
-0.4247103800934033,6798014,NC
-0.4397558294610164,6798015,NC
-0.44480122945901945,6798016,NC
-0.45984658004236495,6798017,NC
-0.4398918811660544,6798018,NC
-0.41993713278513817,6798019,NC
-0.419982334854716,6798020,NC
-0.4300274873299367,6798021,NC
-0.44007259016599815,6798022,NC
-0.43511764331814773,6798023,NC
-0.41516264674168196,6798024,NC
-0.4102076003919468,6798025,NC
-0.4202525042243376,6798026,NC
-0.4302973581942989,6798027,NC
-0.440342162257325,6798028,NC
-0.4303869163689596,6798029,NC
-0.420431620484796,6798030,NC
-0.4054762745604771,6798031,NC
-0.3955208785516954,6798032,NC
-0.4205654324141932,6798033,NC
-0.40560993610376245,6798034,NC
-0.4006543895762449,6798035,NC
-0.38569879278753216,6798036,NC
-0.3357431456935656,6798037,NC
-0.3207874482503368,6798038,NC
-0.2908317004138869,6798039,NC
-0.25587590214030725,6798040,NC
-0.19592005338573934,6798041,NC
-0.11096415410637456,6798042,NC
-0.02600820425845453,6798043,NC
0.018947796201728984,6798044,NC
0.04390384731783397,6798045,NC
0.038859949133468144,6798046,NC
0.023816101692188965,6798047,NC
-0.03622769496249644,6798048,NC
-0.10127144078713142,6798049,NC
-0.18631513573830977,6798050,NC
-0.2363587797726756,6798051,NC
-0.20140237284692378,6798052,NC
-0.1164459149177995,6798053,NC
-0.006489405942098764,6798054,NC
0.10846715412333194,6798055,NC
0.20842376532159526,6798056,NC
0.2583804276957433,6798057,NC
0.29833714128877714,6798058,NC
0.30329390614364743,6798059,L
0.2832507223032535,6798060,NC
0.193207589810444,6798061,NC
0.08816450870801673,6798062,NC
-0.0168785209612817,6798063,NC
-0.11192149915475563,6798064,NC
-0.20196442582976043,6798065,NC
-0.26700730094370273,6798066,NC
-0.34205012445404004,6798067,NC
-0.43209289631828146,6798068,NC
-0.5121356164939871,6798069,NC
-0.5921782849387682,6798070,NC
-0.6372209016102877,6798071,NC
-0.6472634664662598,6798072,NC
-0.6473059794644498,6798073,NC
-0.6373484405626749,6798074,NC
-0.6423908497188034,6798075,NC
-0.6024332068907557,6798076,NC
-0.5624755120365031,6798077,NC
-0.517517765114069,6798078,NC
-0.48255996608152807,6798079,NC
-0.46260211489700714,6798080,NC
-0.4626442115186845,6798081,NC
-0.48268625590479036,6798082,NC
-0.4727282480136066,6798083,NC
-0.4577701878034672,6798084,NC
-0.43281207523275766,6798085,NC
-0.43785391025991593,6798086,NC
-0.4528956928434316,6798087,NC
-0.4529374229418465,6798088,NC
-0.4529791005137544,6798089,NC
-0.43802072551780125,6798090,NC
-0.43806229791268514,6798091,NC
-0.4331038176571564,6798092,NC
-0.43314528471001756,6798093,NC
-0.4581866990301235,6798094,NC
-0.4382280605763812,6798095,NC
-0.4282693693077504,6798096,NC
-0.40831062518324285,6798097,NC
-0.408351828161923,6798098,NC
-0.41839297820290766,6798099,NC
-0.42843407526536625,6798100,NC
-0.41847511930852066,6798101,NC
-0.41851611029164554,6798102,NC
-0.388557048174068,6798103,NC
-0.3885979329151679,6798104,NC
-0.3986387644743779,6798105,NC
-0.40367954281118346,6798106,NC
-0.39872026788512266,6798107,NC
-0.3837609396557867,6798108,NC
-0.36380155808281933,6798109,NC
-0.3738421231259176,6798110,NC
-0.3638826347448311,6798111,NC
-0.363923092899363,6798112,NC
-0.35396349754936884,6798113,NC
-0.33900384865475786,6798114,NC
-0.3140441461754921,6798115,NC
-0.31408439007158684,6798116,NC
-0.3191245803031105,6798117,NC
-0.31416471683018493,6798118,NC
-0.2992047996129851,6798119,NC
-0.2792448286117394,6798120,NC
-0.25928480378672936,6798121,NC
-0.23932472509829042,6798122,NC
-0.23936459250681089,6798123,NC
-0.23440440597273296,6798124,NC
-0.22944416545655213,6798125,NC
-0.2044838709188176,6798126,NC
-0.17952352232013213,6798127,NC
-0.17456311962115204,6798128,NC
-0.1846026627825874,6798129,NC
-0.179642151765202,6798130,NC
-0.16468158652981346,6798131,NC
-0.12972096703729302,6798132,NC
-0.1097602932485659,6798133,NC
-0.10479956512461114,6798134,NC
-0.11483878262646172,6798135,NC
-0.09487794571520455,6798136,NC
-0.0799170543519805,6798137,NC
-0.06995610849798453,6798138,NC
-0.04499510811446568,6798139,NC
-0.03503405316272701,6798140,NC
-0.035072943604125814,6798141,NC
-0.035111779400073484,6798142,NC
-0.015150560512035748,6798143,NC
-0.00518928690153244,6798144,NC
0.02477204146986215,6798145,NC
0.034733424640519525,6798146,NC
0.03469486264875671,6798147,NC
0.029656355532836437,6798148,NC
0.029617903330966824,6798149,NC
0.04957950608130167,6798150,NC
0.05954116382194014,6798151,NC
0.0445028765909269,6798152,NC
0.02946464442625194,6798153,NC
-0.0005735326341493041,6798154,NC
-0.02561165455239616,6798155,NC
-0.03564972129066256,6798156,NC
-0.04068773281117732,6798157,NC
-0.0607256890762239,6798158,NC
-0.09576359004814075,6798159,NC
-0.130801435689321,6798160,NC
-0.16083922596221287,6798161,NC
-0.15087696082931937,6798162,NC
-0.16591464025319858,6798163,NC
-0.1909522641964635,6798164,NC
-0.2259898326217823,6798165,NC
-0.26102734549187806,6798166,NC
-0.27106480276952927,6798167,NC
-0.26610220441756927,6798168,NC
-0.26113955039888676,6798169,NC
-0.26117684067642566,6798170,NC
-0.28621407521318526,6798171,NC
-0.3012512539722198,6798172,NC
-0.30628837691663935,6798173,NC
-0.30132544400960903,6798174,NC
-0.29636245521434945,6798175,NC
-0.3013994104941367,6798176,NC
-0.3164363098123025,6798177,NC
-0.3314731531322337,6798178,NC
-0.3265099404173732,6798179,NC
-0.3115466716312191,6798180,NC
-0.3165833467373254,6798181,NC
-0.32661996569930163,6798182,NC
-0.3316565284808132,6798183,NC
-0.3566930350455809,6798184,NC
-0.3417294853573818,6798185,NC
-0.32676587938004836,6798186,NC
-0.3118022170774691,6798187,NC
-0.3168384984135884,6798188,NC
-0.3268747233524065,6798189,NC
-0.34191089185797974,6798190,NC
-0.34694700389442035,6798191,NC
-0.33198305942589657,6798192,NC
-0.3170190584166327,6798193,NC
-0.3220550008309092,6798194,NC
-0.33709088663306275,6798195,NC
-0.337126715787486,6798196,NC
-0.332162488258628,6798197,NC
-0.34219820401099377,6798198,NC
-0.30223386300914507,6798199,NC
-0.3172694652176995,6798200,NC
-0.32230501060133127,6798201,NC
-0.32734049912477087,6798202,NC
-0.3273759307528053,6798203,NC
-0.32241130545027796,6798204,NC
-0.3074466231820887,6798205,NC
-0.3074818839131939,6798206,NC
-0.3175170876086067,6798207,NC
-0.3225522342333965,6798208,NC
-0.3375873237526896,6798209,NC
-0.3126223561316688,6798210,NC
-0.2976573313355736,6798211,NC
-0.29769224932970034,6798212,NC
-0.32272711007940214,6798213,NC
-0.32776191355008877,6798214,NC
-0.3277966597072269,6798215,NC
-0.3228313485163401,6798216,NC
-0.3078659799430089,6798217,NC
-0.31790055395287053,6798218,NC
-0.3329350705116195,6798219,NC
-0.34796952958500715,6798220,NC
-0.3380039311388419,6798221,NC
-0.32803827513898914,6798222,NC
-0.31807256155137154,6798223,NC
-0.3031067903419688,6798224,NC
-0.3231409614768179,6798225,NC
-0.3381750749220128,6798226,NC
-0.34320913064370495,6798227,NC
-0.338243128608103,6798228,NC
-0.32827706878147284,6798229,NC
-0.32331095113013775,6798230,NC
-0.3483447756204784,6798231,NC
-0.33337854221893287,6798232,NC
-0.34341225089199656,6798233,NC
-0.3434459016062227,6798234,NC
-0.32347949432822154,6798235,NC
-0.3235130290246613,6798236,NC
-0.3385465056622674,6798237,NC
-0.34857992420782313,6798238,NC
-0.3536132846281694,6798239,NC
-0.3436465868902047,6798240,NC
-0.3336798309608854,6798241,NC
-0.3437130168072252,6798242,NC
-0.3437461443962961,6798243,NC
-0.3537792136952276,6798244,NC
-0.348812224671207,6798245,NC
-0.3438451772914797,6798246,NC
-0.31887807152334874,6798247,NC
-0.3239109073341753,6798248,NC
-0.3439436846913784,6798249,NC
-0.3489764035624352,6798250,NC
-0.35900906391488074,6798251,NC
-0.3390416657163082,6798252,NC
-0.32907420893436884,6798253,NC
-0.314106693536772,6798254,NC
-0.33413911949128533,6798255,NC
-0.33417148676573455,6798256,NC
-0.3442037953280035,6798257,NC
-0.3292360451460346,6798258,NC
-0.2942682361878282,6798259,NC
-0.2993003684214433,6798260,NC
-0.29933244181499696,6798261,NC
-0.3143644563366648,6798262,NC
-0.3093964119546808,6798263,NC
-0.28942830863733743,6798264,NC
-0.27446014635298543,6798265,NC
-0.26449192507003444,6798266,NC
-0.2795236447569523,6798267,NC
-0.28955530538226554,6798268,NC
-0.2795869069145593,6798269,NC
-0.26461844932247736,6798270,NC
-0.2546499325747222,6798271,NC
-0.23968135664005488,6798272,NC
-0.24471272148729528,6798273,NC
-0.24974402708532206,6798274,NC
-0.2697752734030725,6798275,NC
-0.259806460409543,6798276,NC
-0.24483758807378847,6798277,NC
-0.24486865636492303,6798278,NC
-0.2748996652521194,6798279,NC
-0.2899306147046095,6798280,NC
-0.29496150469168403,6798281,NC
-0.28999233518269285,6798282,NC
-0.2600231061470447,6798283,NC
-0.2900538175542076,6798284,NC
-0.31508446937370843,6798285,NC
-0.32511506157513337,6798286,NC
-0.3251455941281276,6798287,NC
-0.31017606700239564,6798288,NC
-0.30020648016770113,6798289,NC
-0.30523683359386694,6798290,NC
-0.32026712725077533,6798291,NC
-0.3402973611083678,6798292,NC
-0.33032753513664503,6798293,NC
-0.3253576493056674,6798294,NC
-0.30038770358555433,6798295,NC
-0.320417697946485,6798296,NC
-0.3354476323586978,6798297,NC
-0.3654775067924906,6798298,NC
-0.3705073212182209,6798299,NC
-0.35553707560630576,6798300,NC
-0.3355667699272218,6798301,NC
-0.32559640415150504,6798302,NC
-0.3406259782497513,6798303,NC
-0.36565549219261617,6798304,NC
-0.37568494595081475,6798305,NC
-0.3607143394951219,6798306,NC
-0.3557436727963722,6798307,NC
-0.3657729458254601,6798308,NC
-0.3758021585533398,6798309,NC
-0.38083131095102535,6798310,NC
-0.3708604029895905,6798311,NC
-0.36588943464016915,6798312,NC
-0.350918405873955,6798313,NC
-0.3659473166622017,6798314,NC
-0.36097616697622287,6798315,NC
-0.3660049567873921,6798316,NC
-0.3760336860671431,6798317,NC
-0.35606235478696957,6798318,NC
-0.3460909629184253,6798319,NC
-0.3561195104331243,6798320,NC
-0.36114799730274055,6798321,NC
-0.3711764234990085,6798322,NC
-0.3712047889937223,6798323,NC
-0.34623309375873684,6798324,NC
-0.3312613377659671,6798325,NC
-0.34628952098738813,6798326,NC
-0.3463176433950357,6798327,NC
-0.3663457049610055,6798328,NC
-0.3663737056574539,6798329,NC
-0.36140164545659753,6798330,NC
-0.34642952433071345,6798331,NC
-0.3414573422521392,6798332,NC
-0.3314850991932728,6798333,NC
-0.34151279512657273,6798334,NC
-0.34654043002455803,6798335,NC
-0.32156800385980844,6798336,NC
-0.291595516604964,6798337,NC
-0.2666229682327256,6798338,NC
-0.2516503587158547,6798339,NC
-0.2166776880271734,6798340,NC
-0.1667049561395646,6798341,NC
-0.08673216302597178,6798342,NC
0.0032406913406007043,6798343,NC
0.08321360698708784,6798344,NC
0.1581865839403637,6798345,NC
0.17815962222724158,6798346,NC
0.1881327218744739,6798347,NC
0.16810588290875225,6798348,NC
0.12307910535670719,6798349,NC
0.02805238924490846,6798350,NC
-0.04697426540013522,6798351,NC
-0.057000858551976084,6798352,NC
0.0029726098157725617,6798353,NC
0.14294613972943643,6798354,NC
0.2879197312152801,6798355,NC
0.4228933842995072,6798356,NC
0.49286709900826003,6798357,NC
0.5478408753676198,6798358,NC
0.5578147134036068,6798359,L
0.5327886131421796,6798360,NC
0.44276257460923624,6798361,NC
0.29273659783061284,6798362,NC
0.1777106828320847,6798363,NC
0.06768482963936556,6798364,NC
-0.03734096172189201,6798365,NC
-0.13736669122609685,6798366,NC
-0.2423923588477192,6798367,NC
-0.36241796456129066,6798368,NC
-0.4924435083414043,6798369,NC
-0.5724689901627147,6798370,NC
-0.5974944099999376,6798371,NC
-0.5925197678278507,6798372,NC
-0.5775450636212928,6798373,NC
-0.5625702973551646,6798374,NC
-0.5325954690044283,6798375,NC
-0.5176205785441076,6798376,NC
-0.4776456259492877,6798377,NC
-0.44767061119511586,6798378,NC
-0.4126955342568006,6798379,NC
-0.39772039510961243,6798380,NC
-0.39274519372888345,6798381,NC
-0.41276993009000745,6798382,NC
-0.41279460416844016,6798383,NC
-0.40781921593969905,6798384,NC
-0.3878437653793634,6798385,NC
-0.3928682524630742,6798386,NC
-0.3828926771665345,6798387,NC
-0.3929170394655093,6798388,NC
-0.3979413393358253,6798389,NC
-0.3729655767533713,6798390,NC
-0.35298975169409796,6798391,NC
-0.35301386413401803,6798392,NC
-0.36303791404920627,6798393,NC
-0.3680619014157994,6798394,NC
-0.3780858262099963,6798395,NC
-0.3631096884080578,6798396,NC
-0.348133487986307,6798397,NC
-0.3381572249211291,6798398,NC
-0.34818089918897127,6798399,NC
-0.35820451076634313,6798400,NC
-0.35322805962981635,6798401,NC
-0.33825154575602495,6798402,NC
-0.31327496912166497,6798403,NC
-0.32329832970349487,6798404,NC
-0.3283216274783355,6798405,NC
-0.3333448624230698,6798406,NC
-0.32336803451464335,6798407,NC
-0.3183911437300638,6798408,NC
-0.2934141900464013,6798409,NC
-0.2784371734407885,6798410,NC
-0.28346009389042043,6798411,NC
-0.2884829513725545,6798412,NC
-0.2835057458645106,6798413,NC
-0.2635284773436713,6798414,NC
-0.23355114578748148,6798415,NC
-0.22357375117344874,6798416,NC
-0.22859629347914306,6798417,NC
-0.23361877268219716,6798418,NC
-0.21864118876030636,6798419,NC
-0.1886635416912285,6798420,NC
-0.17868583145278427,6798421,NC
-0.16870805802285685,6798422,NC
-0.16373022137939222,6798423,NC
-0.16875232150039907,6798424,NC
-0.1487743583639488,6798425,NC
-0.11379633194817564,6798426,NC
-0.08381824223127654,6798427,NC
-0.06884008919151131,6798428,NC
-0.07386187280720255,6798429,NC
-0.06388359305673577,6798430,NC
-0.04890524991855928,6798431,NC
-0.02392684337118437,6798432,NC
-0.008948373393185154,6798433,NC
0.011030160036801226,6798434,NC
0.006008756940074758,6798435,NC
0.010987417337872327,6798436,NC
0.020966141251367976,6798437,NC
0.04594492870167256,6798438,NC
0.06592377970983405,6798439,NC
0.08090269429683719,6798440,NC
0.09588167248360381,6798441,NC
0.08086071429099245,6798442,NC
0.08083981973979872,6798443,NC
0.11581898885075491,6798444,NC
0.12579822164453025,6798445,NC
0.1157775181417307,6798446,NC
0.10575687836289914,6798447,NC
0.07573630232851504,6798448,NC
0.055715790058994755,6798449,NC
0.035695341574691355,6798450,NC
0.010674956895894566,6798451,NC
0.0006546360428308501,6798452,NC
-0.02936562096433666,6798453,NC
-0.06938581410550825,6798454,NC
-0.08440594336064745,6798455,NC
-0.10442600870978133,6798456,NC
-0.10944601013300022,6798457,NC
-0.13446594761045805,6798458,NC
-0.14448582112237196,6798459,NC
-0.18950563064902287,6798460,NC
-0.21452537617075487,6798461,NC
-0.19954505766797584,6798462,NC
-0.18456467512115693,6798463,NC
-0.20958422851083308,6798464,NC
-0.2246037178176026,6798465,NC
-0.2396231430221275,6798466,NC
-0.24464250410513333,6798467,NC
-0.23466180104740936,6798468,NC
-0.22468103382980836,6798469,NC
-0.22970020243324688,6798470,NC
-0.2547193068387051,6798471,NC
-0.2797383470272269,6798472,NC
-0.27975732297991984,6798473,NC
-0.25477623467795535,6798474,NC
-0.24979508210256854,6798475,NC
-0.24481386523505821,6798476,NC
-0.25483258405678705,6798477,NC
-0.2748512385491816,6798478,NC
-0.27486982869373205,6798479,NC
-0.25988835447199266,6798480,NC
-0.25490681586558145,6798481,NC
-0.26492521285618026,6798482,NC
-0.26994354542553495,6798483,NC
-0.27996181355545524,6798484,NC
-0.28998001722781486,6798485,NC
-0.26999815642455127,6798486,NC
-0.2450162311276663,6798487,NC
-0.2550342413192254,6798488,NC
-0.28005218698135825,6798489,NC
-0.2850700680962584,6798490,NC
-0.2850878846461837,6798491,NC
-0.27010563661345566,6798492,NC
-0.26012332398046034,6798493,NC
-0.2601409467296475,6798494,NC
-0.26515850484353126,6798495,NC
-0.2651759983046898,6798496,NC
-0.28019342709576545,6798497,NC
-0.26521079119946467,6798498,NC
-0.2502280905985581,6798499,NC
-0.2502453252758808,6798500,NC
-0.2652624952143317,6798501,NC
-0.27027960039687415,6798502,NC
-0.27529664080653593,6798503,NC
-0.26531361642640866,6798504,NC
-0.2553305272396486,6798505,NC
-0.2603473732294762,6798506,NC
-0.2653641543791763,6798507,NC
-0.2753808706720979,6798508,NC
-0.28039752209165447,6798509,NC
-0.28541410862132394,6798510,NC
-0.2754306302446484,6798511,NC
-0.2804470869452346,6798512,NC
-0.27546347870675353,6798513,NC
-0.29047980551294067,6798514,NC
-0.2904960673475959,6798515,NC
-0.27051226419458363,6798516,NC
-0.26052839603783284,6798517,NC
-0.25554446286133675,6798518,NC
-0.2755604646491534,6798519,NC
-0.2905764013854051,6798520,NC
-0.28559227305427887,6798521,NC
-0.2756080796400262,6798522,NC
-0.25562382112696325,6798523,NC
-0.25563949749947074,6798524,NC
-0.2756551087419939,6798525,NC
-0.28067065483904274,6798526,NC
-0.2956861357751918,6798527,NC
-0.3007015515350803,6798528,NC
-0.2807169021034122,6798529,NC
-0.2707321874649561,6798530,NC
-0.29074740760454515,6798531,NC
-0.2907625625070775,6798532,NC
-0.3007776521575158,6798533,NC
-0.29579267654088753,6798534,NC
-0.275807635642285,6798535,NC
-0.28582252944686515,6798536,NC
-0.2908373579398499,6798537,NC
-0.31585212110652566,6798538,NC
-0.30586681893224404,6798539,NC
-0.2958814514024213,6798540,NC
-0.27589601850253836,6798541,NC
-0.29091052021814146,6798542,NC
-0.28592495653484123,6798543,NC
-0.3059393274383135,6798544,NC
-0.31095363291429895,6798545,NC
-0.3009678729486031,6798546,NC
-0.2909820475270965,6798547,NC
-0.3059961566357145,6798548,NC
-0.29601020026045766,6798549,NC
-0.3210241783873912,6798550,NC
-0.3160380910026456,6798551,NC
-0.3210519380924163,6798552,NC
-0.3060657196429635,6798553,NC
-0.27607943564061277,6798554,NC
-0.28109308607175454,6798555,NC
-0.27610667092284435,6798556,NC
-0.2761201901804028,6798557,NC
-0.25613364383101556,6798558,NC
-0.24114703186133343,6798559,NC
-0.24116035425807228,6798560,NC
-0.24117361100801313,6798561,NC
-0.26618680209800216,6798562,NC
-0.2711999275149506,6798563,NC
-0.251212987245835,6798564,NC
-0.236225981277697,6798565,NC
-0.22623890959764334,6798566,NC
-0.23125177219284615,6798567,NC
-0.2312645690505426,6798568,NC
-0.23127730015803527,6798569,NC
-0.22628996550269176,6798570,NC
-0.2213025650719451,6798571,NC
-0.22631509885329354,6798572,NC
-0.2413275668343005,6798573,NC
-0.2563399690025949,6798574,NC
-0.2563523053458708,6798575,NC
-0.25136457585188754,6798576,NC
-0.25137678050846995,6798577,NC
-0.25638891930350804,6798578,NC
-0.26640099222495733,6798579,NC
-0.2864129992608385,6798580,NC
-0.29642494039923784,6798581,NC
-0.2964368156283068,6798582,NC
-0.2864486249362624,6798583,NC
-0.29646036831138695,6798584,NC
-0.31147204574202825,6798585,NC
-0.3164836572165995,6798586,NC
-0.33649520272357936,6798587,NC
-0.31650668225151196,6798588,NC
-0.31651809578900686,6798589,NC
-0.3115294433247392,6798590,NC
-0.3315407248474494,6798591,NC
-0.34155194034594355,6798592,NC
-0.3465630898090932,6798593,NC
-0.3515741732258355,6798594,NC
-0.351585190585173,6798595,NC
-0.3315961418761739,6798596,NC
-0.3366070270879719,6798597,NC
-0.3416178462097663,6798598,NC
-0.3416285992308219,6798599,NC
-0.33663928614046923,6798600,NC
-0.33164990692810425,6798601,NC
-0.33666046158318863,6798602,NC
-0.34667095009524973,6798603,NC
-0.37668137245388034,6798604,NC
-0.38669172864873913,6798605,NC
-0.35670201866955015,6798606,NC
-0.3367122425061034,6798607,NC
-0.3417224001482542,6798608,NC
-0.36173249158592397,6798609,NC
-0.3667425168090995,6798610,NC
-0.3817524758078334,6798611,NC
-0.361762368572244,6798612,NC
-0.36177219509251524,6798613,NC
-0.35178195535889695,6798614,NC
-0.35679164936170465,6798615,NC
-0.37680127709131955,6798616,NC
-0.38681083853818865,6798617,NC
-0.36182033369282474,6798618,NC
-0.3618297625458063,6798619,NC
-0.3468391250877778,6798620,NC
-0.35184842130944916,6798621,NC
-0.3668576512015966,6798622,NC
-0.3768668147550617,6798623,NC
-0.371875911960752,6798624,NC
-0.35688494280964095,6798625,NC
-0.35189390729276787,6798626,NC
-0.3519028054012378,6798627,NC
-0.3719116371262218,6798628,NC
-0.3669204024589565,6798629,NC
-0.35692910139074474,6798630,NC
-0.33693773391295523,6798631,NC
-0.3169463000170222,6798632,NC
-0.32695479969444613,6798633,NC
-0.3319632329367934,6798634,NC
-0.30197159973569615,6798635,NC
-0.2619799000828526,6798636,NC
-0.21198813397002672,6798637,NC
-0.18199630138904865,6798638,NC
-0.12700440233181431,6798639,NC
-0.06201243679028567,6798640,NC
0.0029795952435094225,6798641,NC
0.087971693777477,6798642,NC
0.12796385881945727,6798643,NC
0.1679560903772243,6798644,NC
0.14294838845848631,6798645,NC
0.07294075307088542,6798646,NC
-0.012066815778002317,6798647,NC
-0.06707431808066674,6798648,NC
-0.11708175382966382,6798649,NC
-0.09708912301761549,6798650,NC
-0.027096425637209785,6798651,NC
0.06789633831879922,6798652,NC
0.19788916885759145,6798653,NC
0.32788206598628067,6798654,NC
0.45787502971191457,6798655,NC
0.5228680600414748,6798656,NC
0.5428611569818771,6798657,NC
0.5078543205399708,6798658,L
0.44284755072253945,6798659,NC
0.32284084753630005,6798660,NC
0.23783421098790386,6798661,NC
0.122827641083936,6798662,NC
0.017821137830915296,6798663,NC
-0.10218529876470547,6798664,NC
-0.22719166869653967,6798665,NC
-0.3271979719582668,6798666,NC
-0.44220420854363246,6798667,NC
-0.5422103784464486,6798668,NC
-0.6072164816605932,6798669,NC
-0.6572225181800102,6798670,NC
-0.6822284879987103,6798671,NC
-0.6672343911107698,6798672,NC
-0.6472402275103314,6798673,NC
-0.6072459971916041,6798674,NC
-0.572251700148863,6798675,NC
-0.5472573363764491,6798676,NC
-0.5172629058687704,6798677,NC
-0.4972684086203004,6798678,NC
-0.44227384462557906,6798679,NC
-0.43227921387921264,6798680,NC
-0.4372845163758735,6798681,NC
-0.4472897521103003,6798682,NC
-0.442294921077298,6798683,NC
-0.4323000232717377,6798684,NC
-0.40730505868855693,6798685,NC
-0.4123100273227591,6798686,NC
-0.4123149291694144,6798687,NC
-0.432319764223659,6798688,NC
-0.42232453248069524,6798689,NC
-0.412329233935792,6798690,NC
-0.3923338685842843,6798691,NC
-0.3773384364215734,6798692,NC
-0.387342937443127,6798693,NC
-0.402347371644479,6798694,NC
-0.4023517390212295,6798695,NC
-0.3923560395690452,6798696,NC
-0.3823602732836588,6798697,NC
-0.3823644401608695,6798698,NC
-0.3673685401965428,6798699,NC
-0.38737257338661046,6798700,NC
-0.40237653972707066,6798701,NC
-0.36238043921398766,6798702,NC
-0.3623842718434924,6798703,NC
-0.35738803761178206,6798704,NC
-0.35239173651511996,6798705,NC
-0.35739536854983595,6798706,NC
-0.36239893371232623,6798707,NC
-0.3424024319990533,6798708,NC
-0.33740586340654594,6798709,NC
-0.3224092279313995,6798710,NC
-0.32241252557027544,6798711,NC
-0.3274157563199019,6798712,NC
-0.317418920177073,6798713,NC
-0.3074220171386496,6798714,NC
-0.2874250472015587,6798715,NC
-0.2824280103627938,6798716,NC
-0.2774309066194147,6798717,NC
-0.2824337359685477,6798718,NC
-0.28243649840738533,6798719,NC
-0.2774391939331866,6798720,NC
-0.24244182254327698,6798721,NC
-0.2224443842350482,6798722,NC
-0.21744687900595844,6798723,NC
-0.2224493068535323,6798724,NC
-0.21245166777536084,6798725,NC
-0.19745396176910146,6798726,NC
-0.17245618883247787,6798727,NC
-0.1674583489632804,6798728,NC
-0.1574604421593656,6798729,NC
-0.16746246841865664,6798730,NC
-0.15246442773914287,6798731,NC
-0.13746632011888027,6798732,NC
-0.09746814555599105,6798733,NC
-0.07746990404866402,6798734,NC
-0.07247159559515433,6798735,NC
-0.07747322019378354,6798736,NC
-0.06747477784293968,6798737,NC
-0.042476268541077174,6798738,NC
-0.017477692286716903,6798739,NC
-0.012479049078446193,6798740,NC
-0.0024803389149187366,6798741,NC
-0.007481561794854763,6798742,NC
0.007517282282959142,6798743,NC
0.017516193319669943,6798744,NC
0.04251517131635811,6798745,NC
0.05251421627403775,6798746,NC
0.04251332819365648,6798747,NC
0.05251250707609548,6798748,NC
0.0525117529221695,6798749,NC
0.06751106573262686,6798750,NC
0.09251044550814935,6798751,NC
0.07750989224935245,6798752,NC
0.0675094059567851,6798753,NC
0.0525089866309298,6798754,NC
0.05250863427220266,6798755,NC
0.06250834888095327,6798756,NC
0.04250813045746482,6798757,NC
0.03250797900195404,6798758,NC
0.017507894514571187,6798759,NC
-0.02249212300459988,6798760,NC
-0.047492073555541775,6798761,NC
-0.057491957138303594,6798762,NC
-0.06749177375300083,6798763,NC
-0.09249152339981545,6798764,NC
-0.13249120607899584,6798765,NC
-0.1724908217908569,6798766,NC
-0.1824903705357799,6798767,NC
-0.19748985231421262,6798768,NC
-0.20748926712666924,6798769,NC
-0.2124886149737304,6798770,NC
-0.2424878958560432,6798771,NC
-0.2674871097743212,6798772,NC
-0.27748625672934435,6798773,NC
-0.277485336721959,6798774,NC
-0.2724843497530782,6798775,NC
-0.27248329582368114,6798776,NC
-0.29248217493481354,6798777,NC
-0.30748098708758764,6798778,NC
-0.3124797322831821,6798779,NC
-0.3024784105228419,6798780,NC
-0.2924770218078786,6798781,NC
-0.29247556613967013,6798782,NC
-0.3124740435196608,6798783,NC
-0.33747245394936154,6798784,NC
-0.3274707974303494,6798785,NC
-0.31746907396426816,6798786,NC
-0.31746728355282794,6798787,NC
-0.31746542619780516,6798788,NC
-0.3224635019010428,6798789,NC
-0.3524615106644502,6798790,NC
-0.3624594524900032,6798791,NC
-0.337457327379744,6798792,NC
-0.3224551353357811,6798793,NC
-0.3324528763602896,6798794,NC
-0.32745055045551097,6798795,NC
-0.352448157623753,6798796,NC
-0.34744569786739,6798797,NC
-0.3324431711888626,6798798,NC
-0.3324405775906779,6798799,NC
-0.3174379170754093,6798800,NC
-0.34243518964569675,6798801,NC
-0.34243239530424646,6798802,NC
-0.3424295340538311,6798803,NC
-0.3374266058972897,6798804,NC
-0.3324236108375276,6798805,NC
-0.31742054887751675,6798806,NC
-0.3424174200202953,6798807,NC
-0.36241422426896774,6798808,NC
-0.3474109616267052,6798809,NC
-0.33740763209674485,6798810,NC
-0.33240423568239036,6798811,NC
-0.3224007723870118,6798812,NC
-0.3323972422140457,6798813,NC
-0.34239364516699466,6798814,NC
-0.3523899812494279,6798815,NC
-0.33738625046498094,6798816,NC
-0.32738245281735545,6798817,NC
-0.3223785883103198,6798818,NC
-0.33237465694770835,6798819,NC
-0.3523706587334219,6798820,NC
-0.3623665936714278,6798821,NC
-0.35236246176575947,6798822,NC
-0.33735826302051686,6798823,NC
-0.3373539974398659,6798824,NC
-0.3523496650280391,6798825,NC
-0.37234526578933547,6798826,NC
-0.36734079972811984,6798827,NC
-0.35733626684882375,6798828,NC
-0.33733166715594487,6798829,NC
-0.3323270006540472,6798830,NC
-0.33732226734776094,6798831,NC
-0.3673174672417827,6798832,NC
-0.3673126003408753,6798833,NC
-0.372307666649868,6798834,NC
-0.34230266617365607,6798835,NC
-0.34229759891720113,6798836,NC
-0.3472924648855312,6798837,NC
-0.3772872640837404,6798838,NC
-0.36228199651698917,6798839,NC
-0.37227666219050426,6798840,NC
-0.3572712611095785,6798841,NC
-0.34726579327957113,6798842,NC
-0.3572602587059074,6798843,NC
-0.3872546573940791,6798844,NC
-0.3772489893496439,6798845,NC
-0.37224325457822593,6798846,NC
-0.3672374530855155,6798847,NC
-0.3622315848772689,6798848,NC
-0.362225649959309,6798849,NC
-0.3772196483375245,6798850,NC
-0.3972135800178705,6798851,NC
-0.38220744500636816,6798852,NC
-0.38720124330910494,6798853,NC
-0.3771949749322343,6798854,NC
-0.38718863988197605,6798855,NC
-0.38718223816461605,6798856,NC
-0.39717576978650637,6798857,NC
-0.4021692347540651,6798858,NC
-0.38716263307377646,6798859,NC
-0.38215596475219105,6798860,NC
-0.3971492297959254,6798861,NC
-0.4121424282116621,6798862,NC
-0.4071355600061501,6798863,NC
-0.4121286251862041,6798864,NC
-0.4071216237587052,6798865,NC
-0.3971145557306005,6798866,NC
-0.4021074211089031,6798867,NC
-0.4071002199006923,6798868,NC
-0.3920929521131133,6798869,NC
-0.37708561775337757,6798870,NC
-0.3620782168287625,6798871,NC
-0.3370707493466117,6798872,NC
-0.3420632153143345,6798873,NC
-0.3620556147394065,6798874,NC
-0.3720479476293693,6798875,NC
-0.3670402139918305,6798876,NC
-0.34703241383446376,6798877,NC
-0.35202454716500853,6798878,NC
-0.3520166139912706,6798879,NC
-0.3520086143211214,6798880,NC
-0.3620005481624987,6798881,NC
-0.33699241552340586,6798882,NC
-0.3169842164119125,6798883,NC
-0.31197595083615404,6798884,NC
-0.3119676188043319,6798885,NC
-0.3369592203247134,6798886,NC
-0.3519507554056319,6798887,NC
-0.3469422240554867,6798888,NC
-0.33693362628274265,6798889,NC
-0.34192496209593104,6798890,NC
-0.3569162315036486,6798891,NC
-0.3769074345145583,6798892,NC
-0.3918985711373889,6798893,NC
-0.39688964138093485,6798894,NC
-0.38188064525405657,6798895,NC
-0.40187158276568047,6798896,NC
-0.41186245392479853,6798897,NC
-0.4168532587404689,6798898,NC
-0.4268439972218153,6798899,NC
-0.43183466937802745,6798900,NC
-0.41682527521836066,6798901,NC
-0.4118158147521362,6798902,NC
-0.4318062879887412,6798903,NC
-0.44679669493762836,6798904,NC
-0.4467870356083163,6798905,NC
-0.4367773100103894,6798906,NC
-0.43176751815349773,6798907,NC
-0.43175766004735716,6798908,NC
-0.44674773570174925,6798909,NC
-0.4717377451265214,6798910,NC
-0.4867276883315864,6798911,NC
-0.48671756532692334,6798912,NC
-0.4617073761225764,6798913,NC
-0.47169712072865566,6798914,NC
-0.47168679915533707,6798915,NC
-0.48667641141286194,6798916,NC
-0.4866659575115375,6798917,NC
-0.48165543746173645,6798918,NC
-0.48664485127389717,6798919,NC
-0.47663419895852366,6798920,NC
-0.48662348052618565,6798921,NC
-0.5016126959875182,6798922,NC
-0.5116018453532223,6798923,NC
-0.5015909286340643,6798924,NC
-0.49157994584087616,6798925,NC
-0.4815688969845554,6798926,NC
-0.49655778207606527,6798927,NC
-0.5065466011264341,6798928,NC
-0.5165353541467563,6798929,NC
-0.49652404114819154,6798930,NC
-0.4965126621419649,6798931,NC
-0.49150121713936706,6798932,NC
-0.5114897061517543,6798933,NC
-0.5064781291905481,6798934,NC
-0.5064664862672357,6798935,NC
-0.4964547773933695,6798936,NC
-0.4914430025805676,6798937,NC
-0.4964311618405134,6798938,NC
-0.5114192551849557,6798939,NC
-0.5364072826257087,6798940,NC
-0.5413952441746521,6798941,NC
-0.526383139843731,6798942,NC
-0.5113709696449554,6798943,NC
-0.5063587335904015,6798944,NC
-0.49634643169221,6798945,NC
-0.5113340639625875,6798946,NC
-0.5263216304138058,6798947,NC
-0.5213091310582016,6798948,NC
-0.4862965659081776,6798949,NC
-0.46128393497620124,6798950,NC
-0.4562712382748054,6798951,NC
-0.44625847581658834,6798952,NC
-0.4312456476142133,6798953,NC
-0.381232753680409,6798954,NC
-0.3112197940279693,6798955,NC
-0.2362067686697532,6798956,NC
-0.15619367761868497,6798957,NC
-0.11118052088775404,6798958,NC
-0.07616729849001505,6798959,NC
-0.056154010438587705,6798960,NC
-0.04614065674665696,6798961,NC
-0.07112723742747283,6798962,NC
-0.1511137524943505,6798963,NC
-0.2561002019606701,6798964,NC
-0.3610865858398772,6798965,NC
-0.43107290414548205,6798966,NC
-0.4310591568910602,6798967,NC
-0.3710453440902522,6798968,NC
-0.28603146575676364,6798969,NC
-0.16101752190436514,6798970,NC
-0.046003512546892236,6798971,NC
0.06901056230175438,6798972,NC
0.12902470262760912,6798973,NC
0.15903890841664148,6798974,NC
0.16405317965475585,6798975,L
0.10406751632779186,6798976,NC
0.01408191842152405,6798977,NC
-0.11090361407833783,6798978,NC
-0.21088908118614902,6798979,NC
-0.3158744829163296,6798980,NC
-0.42585981928336447,6798981,NC
-0.5308450903018035,6798982,NC
-0.6358302959862613,6798983,NC
-0.7208154363514174,6798984,NC
-0.780800511412016,6798985,NC
-0.8107855211828663,6798986,NC
-0.8407704656788421,6798987,NC
-0.855755344914882,6798988,NC
-0.8607401589059895,6798989,NC
-0.8307249076672326,6798990,NC
-0.7857095912137443,6798991,NC
-0.7506942095607221,6798992,NC
-0.7306787627234282,6798993,NC
-0.7106632507171896,6798994,NC
-0.6856476735573979,6798995,NC
-0.6456320312595093,6798996,NC
-0.6206163238390447,6798997,NC
-0.6106005513115896,6798998,NC
-0.6205847136927942,6798999,NC
-0.6355688109983728,6799000,NC
-0.6255528432441053,6799001,NC
-0.610536810445835,6799002,NC
-0.6005207126194703,6799003,NC
-0.5905045497809841,6799004,NC
-0.600488321946414,6799005,NC
-0.6154720291318616,6799006,NC
-0.6104556713534933,6799007,NC
-0.59043924862754,6799008,NC
-0.580422760970297,6799009,NC
-0.5804062083981237,6799010,NC
-0.5853895909274445,6799011,NC
-0.5953729085747477,6799012,NC
-0.6053561613565862,6799013,NC
-0.5853393492895772,6799014,NC
-0.5703224723904022,6799015,NC
-0.5753055306758074,6799016,NC
-0.5752885241626027,6799017,NC
-0.5802714528676626,6799018,NC
-0.5902543168079261,6799019,NC
-0.5702371160003961,6799020,NC
-0.5502198504621398,6799021,NC
-0.5502025202102889,6799022,NC
-0.5501851252620391,6799023,NC
-0.5601676656346503,6799024,NC
-0.5551501413454465,6799025,NC
-0.540132552411816,6799026,NC
-0.5201148988512114,6799027,NC
-0.5100971806811491,6799028,NC
-0.5200793979192095,6799029,NC
-0.5200615505830377,6799030,NC
-0.5100436386903423,6799031,NC
-0.4850256622588962,6799032,NC
-0.46500762130653633,6799033,NC
-0.4549895158511635,6799034,NC
-0.46497134591074274,6799035,NC
-0.4699531115033028,6799036,NC
-0.4599348126469367,6799037,NC
-0.43491644935980117,6799038,NC
-0.40489802166011707,6799039,NC
-0.3898795295661689,6799040,NC
-0.40986097309630526,6799041,NC
-0.40484235226893867,6799042,NC
-0.38982366710254535,6799043,NC
-0.35980491761566535,6799044,NC
-0.33478610382690277,6799045,NC
-0.3097672257549252,6799046,NC
-0.3097482834184644,6799047,NC
-0.31472927683631546,6799048,NC
-0.29971020602733744,6799049,NC
-0.26969107101045325,6799050,NC
-0.23967187180464927,6799051,NC
-0.21965260842897572,6799052,NC
-0.2146332809025464,6799053,NC
-0.20961388924453886,6799054,NC
-0.21459443347419424,6799055,NC
-0.17457491361081728,6799056,NC
-0.15455532967377628,6799057,NC
-0.15453568168250317,6799058,NC
-0.13451596965649348,6799059,NC
-0.1344961936153062,6799060,NC
-0.13947635357856383,6799061,NC
-0.11945644956595247,6799062,NC
-0.10943648159722155,6799063,NC
-0.08941644969218412,6799064,NC
-0.11439635387071653,6799065,NC
-0.09437619415275865,6799066,NC
-0.0993559705583137,6799067,NC
-0.08433568310744831,6799068,NC
-0.08431533182029241,6799069,NC
-0.08929491671703935,6799070,NC
-0.10427443781794576,6799071,NC
-0.12925389514333158,6799072,NC
-0.14423328871358,6799073,NC
-0.1692126185491375,6799074,NC
-0.18419188467051384,6799075,NC
-0.2041710870982819,6799076,NC
-0.22915022585307787,6799077,NC
-0.27912930095560107,6799078,NC
-0.30910831242661385,6799079,NC
-0.31908726028694195,6799080,NC
-0.32406614455747407,6799081,NC
-0.33904496525916206,6799082,NC
-0.35902372241302066,6799083,NC
-0.39900241604012804,6799084,NC
-0.40398104616162506,6799085,NC
-0.4189596127987157,6799086,NC
-0.418938115972667,6799087,NC
-0.42891655570480897,6799088,NC
-0.4588949320165345,6799089,NC
-0.4838732449292993,6799090,NC
-0.4888514944646223,6799091,NC
-0.49382968064408495,6799092,NC
-0.4838078034893319,6799093,NC
-0.4837858630220704,6799094,NC
-0.4887638592640707,6799095,NC
-0.5087417922371656,6799096,NC
-0.518719661963251,6799097,NC
-0.5036974684642853,6799098,NC
-0.49867521176228974,6799099,NC
-0.5036528918793483,6799100,NC
-0.5136305088376075,6799101,NC
-0.5336080626592767,6799102,NC
-0.523585553366628,6799103,NC
-0.5185629809819958,6799104,NC
-0.5135403455277772,6799105,NC
-0.5035176470264321,6799106,NC
-0.5184948855004828,6799107,NC
-0.538472060972514,6799108,NC
-0.5384491734651733,6799109,NC
-0.5234262230011704,6799110,NC
-0.5084032096032775,6799111,NC
-0.5083801332943295,6799112,NC
-0.5183569940972237,6799113,NC
-0.5233337920349194,6799114,NC
-0.5433105271304387,6799115,NC
-0.5282871994068661,6799116,NC
-0.513263808887348,6799117,NC
-0.5182403555950934,6799118,NC
-0.5282168395533735,6799119,NC
-0.548193260785522,6799120,NC
-0.5331696193149345,6799121,NC
-0.5281459151650689,6799122,NC
-0.5281221483594455,6799123,NC
-0.5130983189216466,6799124,NC
-0.5230744268753165,6799125,NC
-0.523050472244162,6799126,NC
-0.5380264550519516,6799127,NC
-0.5230023753225161,6799128,NC
-0.5079782330797485,6799129,NC
-0.5129540283476035,6799130,NC
-0.507929761150098,6799131,NC
-0.5329054315113106,6799132,NC
-0.5328810394553826,6799133,NC
-0.5228565850065162,6799134,NC
-0.4978320681889762,6799135,NC
-0.49780748902708916,6799136,NC
-0.5077828475452434,6799137,NC
-0.5077581437678892,6799138,NC
-0.5177333777195385,6799139,NC
-0.5077085494247651,6799140,NC
-0.49268365890820465,6799141,NC
-0.4876587061945544,6799142,NC
-0.4926336913085734,6799143,NC
-0.5076086142750823,6799144,NC
-0.5125834751189636,6799145,NC
-0.4925582738651612,6799146,NC
-0.4825330105386808,6799147,NC
-0.48250768516458964,6799148,NC
-0.49248229776801644,6799149,NC
-0.5124568483741516,6799150,NC
-0.5024313370082469,6799151,NC
-0.4874057636956157,6799152,NC
-0.48738012846163287,6799153,NC
-0.4873544313317346,6799154,NC
-0.47732867233141857,6799155,NC
-0.4923028514862438,6799156,NC
-0.5122769688218307,6799157,NC
-0.4922510243638611,6799158,NC
-0.472225018138078,6799159,NC
-0.4571989501702858,6799160,NC
-0.47217282048635006,6799161,NC
-0.4821466291121977,6799162,NC
-0.5071203760738168,6799163,NC
-0.49209406139725653,6799164,NC
-0.4620676851086274,6799165,NC
-0.4670412472341009,6799166,NC
-0.4770147477999096,6799167,NC
-0.4819881868323474,6799168,NC
-0.4819615643577691,6799169,NC
-0.48193488040259036,6799170,NC
-0.4569081349932882,6799171,NC
-0.44188132815640024,6799172,NC
-0.43685445991852534,6799173,NC
-0.44682753030632316,6799174,NC
-0.4268005393465143,6799175,NC
-0.44677348706588016,6799176,NC
-0.42174637349126304,6799177,NC
-0.39671919864956606,6799178,NC
-0.40169196256775314,6799179,NC
-0.40166466527284894,6799180,NC
-0.41163730679193883,6799181,NC
-0.386609887152169,6799182,NC
-0.3715824063807462,6799183,NC
-0.35155486450493784,6799184,NC
-0.3615272615520721,6799185,NC
-0.36649959754953765,6799186,NC
-0.3764718725247837,6799187,NC
-0.3614440865053201,6799188,NC
-0.35641623951871726,6799189,NC
-0.34638833159260585,6799190,NC
-0.3663603627546773,6799191,NC
-0.3763323330326833,6799192,NC
-0.37130424245443605,6799193,NC
-0.36627609104780795,6799194,NC
-0.361247878840732,6799195,NC
-0.3512196058612013,6799196,NC
-0.3711912721372696,6799197,NC
-0.3911628776970505,6799198,NC
-0.40613442256871796,6799199,NC
-0.39110590678050644,6799200,NC
-0.3760773303607103,6799201,NC
-0.37104869333768403,6799202,NC
-0.3810199957398425,6799203,NC
-0.3959912375956606,6799204,NC
-0.40096241893367307,6799205,NC
-0.3959335397824749,6799206,NC
-0.3859046001707212,6799207,NC
-0.38587560012712685,6799208,NC
-0.39584653968046685,6799209,NC
-0.41581741885957596,6799210,NC
-0.43578823769334907,6799211,NC
-0.4157589962107407,6799212,NC
-0.39572969444076556,6799213,NC
-0.38570033241249785,6799214,NC
-0.3856709101550716,6799215,NC
-0.3906414276976808,6799216,NC
-0.39061188506957906,6799217,NC
-0.39558228230007964,6799218,NC
-0.37055261941855544,6799219,NC
-0.37552289645443926,6799220,NC
-0.3804931134372233,6799221,NC
-0.39546327039645934,6799222,NC
-0.39543336736175877,6799223,NC
-0.39540340436279253,6799224,NC
-0.39037338142929107,6799225,NC
-0.36534329859104425,6799226,NC
-0.36531315587790136,6799227,NC
-0.37528295331977113,6799228,NC
-0.3902526909466218,6799229,NC
-0.37522236878848075,6799230,NC
-0.3551919868754347,6799231,NC
-0.3501615452376298,6799232,NC
-0.36013104390527145,6799233,NC
-0.3801004829086242,6799234,NC
-0.3800698622780117,6799235,NC
-0.360039182043817,6799236,NC
-0.34000844223648224,6799237,NC
-0.3399776428865085,6799238,NC
-0.344946784024456,6799239,NC
-0.3549158656809443,6799240,NC
-0.3448848878866515,6799241,NC
-0.3398538506723152,6799242,NC
-0.3148227540687314,6799243,NC
-0.30979159810675555,6799244,NC
-0.3147603828173016,6799245,NC
-0.3297291082313427,6799246,NC
-0.3496977743799105,6799247,NC
-0.3396663812940958,6799248,NC
-0.3196349290050479,6799249,NC
-0.309603417543975,6799250,NC
-0.3045718469421439,6799251,NC
-0.3095402172308802,6799252,NC
-0.30450852844156806,6799253,NC
-0.2794767806056503,6799254,NC
-0.2544449737546283,6799255,NC
-0.22441310792006208,6799256,NC
-0.19938118313357003,6799257,NC
-0.1793491994268292,6799258,NC
-0.13431715683157497,6799259,NC
-0.0642850553796013,6799260,NC
0.010747104897239651,6799261,NC
0.08077932396703716,6799262,NC
0.12581160179782228,6799263,NC
0.1358439383575677,6799264,NC
0.14587633361418792,6799265,NC
0.17090878753553912,6799266,NC
0.13094130008941932,6799267,NC
0.07597387124356828,6799268,NC
-0.013993499034332293,6799269,NC
-0.08896081077665885,6799270,NC
-0.10892806401584587,6799271,NC
-0.06889525878438599,6799272,NC
0.006137604885170261,6799273,NC
0.08617052696021425,6799274,NC
0.18120350740807953,6799275,NC
0.2512365461960416,6799276,NC
0.33626964329131814,6799277,NC
0.406302798661069,6799278,NC
0.4663360122723961,6799279,NC
0.44636928409234367,6799280,L
0.39640261408789823,6799281,NC
0.28143600222598836,6799282,NC
0.18146944847348517,6799283,NC
0.10650295279720212,6799284,NC
0.05153651516389483,6799285,NC
-0.03842986445973852,6799286,NC
-0.1183961861070573,6799287,NC
-0.20836244981147847,6799288,NC
-0.2933286556064764,6799289,NC
-0.36329480352558313,6799290,NC
-0.41826089360238783,6799291,NC
-0.48322692587053717,6799292,NC
-0.5331929003637353,6799293,NC
-0.5631588171157437,6799294,NC
-0.6031246761603809,6799295,NC
-0.5730904775315228,6799296,NC
-0.5530562212631026,6799297,NC
-0.5080219073891109,6799298,NC
-0.4779875359435949,6799299,NC
-0.4579531069606595,6799300,NC
-0.44791862047446623,6799301,NC
-0.412884076519234,6799302,NC
-0.3878494751292386,6799303,NC
-0.3678148163388128,6799304,NC
-0.3577801001823464,6799305,NC
-0.3827453266942861,6799306,NC
-0.3827104959091354,6799307,NC
-0.37767560786145477,6799308,NC
-0.36264066258586136,6799309,NC
-0.3526056601170293,6799310,NC
-0.35757060048968936,6799311,NC
-0.37253548373862894,6799312,NC
-0.3675003098986922,6799313,NC
-0.35746507900478003,6799314,NC
-0.35742979109184986,6799315,NC
-0.35239444619491556,6799316,NC
-0.3423590443490478,6799317,NC
-0.3473235855893736,6799318,NC
-0.37228806995107644,6799319,NC
-0.3472524974693963,6799320,NC
-0.33221686817962953,6799321,NC
-0.3171811821171288,6799322,NC
-0.33214543931730334,6799323,NC
-0.33210963981561825,6799324,NC
-0.3420737836475953,6799325,NC
-0.3370378708488124,6799326,NC
-0.3120019014549035,6799327,NC
-0.3069658755015587,6799328,NC
-0.3069297930245244,6799329,NC
-0.321893654059603,6799330,NC
-0.32185745864265297,6799331,NC
-0.3118212068095887,6799332,NC
-0.2817848985963806,6799333,NC
-0.2767485340390552,6799334,NC
-0.2967121131736946,6799335,NC
-0.2966756360364371,6799336,NC
-0.2916391026634766,6799337,NC
-0.286602513091063,6799338,NC
-0.2665658673555017,6799339,NC
-0.24152916549315406,6799340,NC
-0.24149240754043708,6799341,NC
-0.24645559353382332,6799342,NC
-0.24641872350984112,6799343,NC
-0.23638179750507418,6799344,NC
-0.21134481555616197,6799345,NC
-0.19130777769979937,6799346,NC
-0.2012706839727367,6799347,NC
-0.20123353441177974,6799348,NC
-0.18619632905378977,6799349,NC
-0.17115906793568325,6799350,NC
-0.15612175109443216,6799351,NC
-0.14108437856706357,6799352,NC
-0.14104695039066,6799353,NC
-0.13100946660235904,6799354,NC
-0.11097192723935358,6799355,NC
-0.09593433233889151,6799356,NC
-0.08589668193827599,6799357,NC
-0.0558589760748651,6799358,NC
-0.050821214786072086,6799359,NC
-0.05078339810936508,6799360,NC
-0.055745526082267176,6799361,NC
-0.04070759874235649,6799362,NC
-0.01566961612726596,6799363,NC
-0.0006315782746833185,6799364,NC
-0.0005934852223512255,6799365,NC
0.009444662991933035,6799366,NC
0.024482866330317293,6799367,NC
0.049521124754894806,6799368,NC
0.0745594382277041,6799369,NC
0.08959780671072912,6799370,NC
0.09463623016589917,6799371,NC
0.09467470855508908,6799372,NC
0.11471324184011919,6799373,NC
0.13475182998275526,6799374,NC
0.13479047294470864,6799375,NC
0.13982917068763642,6799376,NC
0.15486792317314116,6799377,NC
0.13490673036277126,6799378,NC
0.11994559221802069,6799379,NC
0.11498450870032931,6799380,NC
0.1250234797710827,6799381,NC
0.1100625053916123,6799382,NC
0.08510158552319537,6799383,NC
0.04014072012705515,6799384,NC
0.005179909164360869,6799385,NC
0.00021915259622765082,6799386,NC
-0.014741549616283357,6799387,NC
-0.044702197512164865,6799388,NC
-0.07966279113046348,6799389,NC
-0.08962333051027975,6799390,NC
-0.129583815690768,6799391,NC
-0.1345442467111363,6799392,NC
-0.14450462361064645,6799393,NC
-0.14946494642861402,6799394,NC
-0.16442521520440823,6799395,NC
-0.1893854299774519,6799396,NC
-0.19934559078722133,6799397,NC
-0.20930569767324658,6799398,NC
-0.19926575067511107,6799399,NC
-0.19922574983245173,6799400,NC
-0.21418569518495886,6799401,NC
-0.23914558677237618,6799402,NC
-0.23910542463450088,6799403,NC
-0.24406520881118327,6799404,NC
-0.23402493934232693,6799405,NC
-0.2289846162678889,6799406,NC
-0.24394423962787914,6799407,NC
-0.2589038094623609,6799408,NC
-0.26386332581145056,6799409,NC
-0.2538227887153175,6799410,NC
-0.24878219821418415,6799411,NC
-0.23874155434832595,6799412,NC
-0.2537008571580712,6799413,NC
-0.2786601066838013,6799414,NC
-0.28361930296595034,6799415,NC
-0.2585784460450053,6799416,NC
-0.25853753596150597,6799417,NC
-0.24349657275604497,6799418,NC
-0.2434555564692674,6799419,NC
-0.2584144871418712,6799420,NC
-0.27837336481460695,6799421,NC
-0.24833218952827774,6799422,NC
-0.23829096132373923,6799423,NC
-0.23324968024189968,6799424,NC
-0.23820834632371962,6799425,NC
-0.2531669596102122,6799426,NC
-0.24812552014244282,6799427,NC
-0.24308402796152936,6799428,NC
-0.23304248310864184,6799429,NC
-0.21800088562500275,6799430,NC
-0.22295923555188654,6799431,NC
-0.23791753293062007,6799432,NC
-0.23287577780258217,6799433,NC
-0.247833970209204,6799434,NC
-0.2227921101919685,6799435,NC
-0.22275019779241084,6799436,NC
-0.22770823305211796,6799437,NC
-0.24766621601272903,6799438,NC
-0.25762414671593475,6799439,NC
-0.2525820252034781,6799440,NC
-0.2425398515171534,6799441,NC
-0.2224976256988071,6799442,NC
-0.2224553477903372,6799443,NC
-0.24241301783369348,6799444,NC
-0.25237063587087727,6799445,NC
-0.2473282019439416,6799446,NC
-0.23228571609499093,6799447,NC
-0.2272431783661814,6799448,NC
-0.22720058879972055,6799449,NC
-0.24715794743786734,6799450,NC
-0.24711525432293208,6799451,NC
-0.23707250949727657,6799452,NC
-0.23702971300331377,6799453,NC
-0.22198686488350805,6799454,NC
-0.22694396518037482,6799455,NC
-0.24690101393648092,6799456,NC
-0.2518580111944441,6799457,NC
-0.2518149569969333,6799458,NC
-0.23177185138666853,6799459,NC
-0.2167286944064209,6799460,NC
-0.22668548609901218,6799461,NC
-0.25164222650731555,6799462,NC
-0.26659891567425453,6799463,NC
-0.24655555364280402,6799464,NC
-0.2365121404559893,6799465,NC
-0.23646867615688658,6799466,NC
-0.2464251607886228,6799467,NC
-0.25138159439437563,6799468,NC
-0.26633797701737316,6799469,NC
-0.25629430870089426,6799470,NC
-0.24625058948826828,6799471,NC
-0.2512068194228751,6799472,NC
-0.2661629985481449,6799473,NC
-0.25611912690755856,6799474,NC
-0.2760752045446471,6799475,NC
-0.266031231502992,6799476,NC
-0.2609872078262249,6799477,NC
-0.2459431335580278,6799478,NC
-0.2608990087421328,6799479,NC
-0.27085483342232225,6799480,NC
-0.26581060764242853,6799481,NC
-0.26576633144633416,6799482,NC
-0.25072200487797164,6799483,NC
-0.24567762798132348,6799484,NC
-0.2356332008004221,6799485,NC
-0.24558872337934978,6799486,NC
-0.24054419576223873,6799487,NC
-0.22549961799327098,6799488,NC
-0.20545499011667823,6799489,NC
-0.19041031217674192,6799490,NC
-0.19536558421779315,6799491,NC
-0.21532080628421282,6799492,NC
-0.2152759784204312,6799493,NC
-0.19523110067092814,6799494,NC
-0.1801861730802331,6799495,NC
-0.16514119569292493,6799496,NC
-0.1700961685536319,6799497,NC
-0.18005109170703157,6799498,NC
-0.20000596519785097,6799499,NC
-0.18496078907086624,6799500,NC
-0.17491556337090292,6799501,NC
-0.17487028814283556,6799502,NC
-0.18482496343158805,6799503,NC
-0.2097795892821332,6799504,NC
-0.209734165739493,6799505,NC
-0.20968869284873837,6799506,NC
-0.20464317065498921,6799507,NC
-0.20959759920341445,6799508,NC
-0.2245519785392317,6799509,NC
-0.2595063087077075,6799510,NC
-0.2844605897541573,6799511,NC
-0.2694148217239451,6799512,NC
-0.2693690046624836,6799513,NC
-0.25432313861523426,6799514,NC
-0.25927722362770717,6799515,NC
-0.2742312597454608,6799516,NC
-0.27418524701410235,6799517,NC
-0.27913918547928734,6799518,NC
-0.2690930751867197,6799519,NC
-0.26904691618215193,6799520,NC
-0.2940007085113846,6799521,NC
-0.3039544522202668,6799522,NC
-0.31390814735469574,6799523,NC
-0.30886179396061686,6799524,NC
-0.2988153920840237,6799525,NC
-0.28876894177095797,6799526,NC
-0.3087224430675095,6799527,NC
-0.33367589601981595,6799528,NC
-0.3536293006740631,6799529,NC
-0.33858265707648466,6799530,NC
-0.313535965273362,6799531,NC
-0.30348922531102474,6799532,NC
-0.31344243723584986,6799533,NC
-0.32339560109426224,6799534,NC
-0.3333487169327345,6799535,NC
-0.3333017847977869,6799536,NC
-0.32325480473598733,6799537,NC
-0.313207776793951,6799538,NC
-0.31316070101834104,6799539,NC
-0.3331135774558675,6799540,NC
-0.3230664061532885,6799541,NC
-0.323019187157409,6799542,NC
-0.3029719205150815,6799543,NC
-0.29292460627320566,6799544,NC
-0.3028772444787286,6799545,NC
-0.3128298351786444,6799546,NC
-0.3327823784199943,6799547,NC
-0.31773487424986685,6799548,NC
-0.29768732271539733,6799549,NC
-0.28263972386376823,6799550,NC
-0.2925920777422089,6799551,NC
-0.30754438439799564,6799552,NC
-0.31749664387845156,6799553,NC
-0.29744885623094663,6799554,NC
-0.2924010215028975,6799555,NC
-0.2773531397417677,6799556,NC
-0.28230521099506717,6799557,NC
-0.2772572353103528,6799558,NC
-0.2872092127352277,6799559,NC
-0.25716114331734174,6799560,NC
-0.2221130271043913,6799561,NC
-0.18206486414411896,6799562,NC
-0.15701665448431393,6799563,NC
-0.12196839817281158,6799564,NC
-0.0569200952574937,6799565,NC
0.008128254213711765,6799566,NC
0.11817665019283069,6799567,NC
0.19322509263184268,6799568,NC
0.24327358148268133,6799569,NC
0.2583221166972342,6799570,NC
0.2383706982273429,6799571,NC
0.19341932602480288,6799572,NC
0.14846800004136385,6799573,NC
0.11851672022872958,6799574,NC
0.07856548653855816,6799575,NC
0.09861429892246168,6799576,NC
0.13366315733200682,6799577,NC
0.21371206171871426,6799578,NC
0.3437610120340594,6799579,NC
0.4738100082294717,6799580,NC
0.5938590502563353,6799581,NC
0.673908138065989,6799582,NC
0.7389572716097261,6799583,NC
0.7490064508387941,6799584,NC
0.7390556757043958,6799585,L
0.6491049461576883,6799586,NC
0.5341542621497837,6799587,NC
0.42420362363174874,6799588,NC
0.3492530305546051,6799589,NC
0.27930248286932935,6799590,NC
0.19935198052685313,6799591,NC
0.10440152347806295,6799592,NC
-0.010548888326199643,6799593,NC
-0.11049925493513787,6799594,NC
-0.2504495763979998,6799595,NC
-0.3503998527640785,6799596,NC
-0.4153500840827114,6799597,NC
-0.4803002704032811,6799598,NC
-0.5102504117752145,6799599,NC
-0.5502005082479832,6799600,NC
-0.5501505598711034,6799601,NC
-0.5301005666941357,6799602,NC
-0.48005052876668525,6799603,NC
-0.4500004461384016,6799604,NC
-0.42995031885897866,6799605,NC
-0.42990014697815454,6799606,NC
-0.43484993054571164,6799607,NC
-0.4147996696114766,6799608,NC
-0.39474936422532025,6799609,NC
-0.37969901443715764,6799610,NC
-0.3896486202969474,6799611,NC
-0.41459818185469277,6799612,NC
-0.40954769916044054,6799613,NC
-0.3944971722642816,6799614,NC
-0.3944466012163506,6799615,NC
-0.39439598606682613,6799616,NC
-0.40434532686593033,6799617,NC
-0.4042946236639292,6799618,NC
-0.4092438765111325,6799619,NC
-0.3991930854578932,6799620,NC
-0.3741422505546084,6799621,NC
-0.36909137185171825,6799622,NC
-0.3690404493997064,6799623,NC
-0.3839894832491003,6799624,NC
-0.3939384734504703,6799625,NC
-0.38388742005443033,6799626,NC
-0.38383632311163746,6799627,NC
-0.36878518267279187,6799628,NC
-0.36373399878863727,6799629,NC
-0.38868277150996006,6799630,NC
-0.39363150088759,6799631,NC
-0.37358018697239975,6799632,NC
-0.3485288298153047,6799633,NC
-0.3384774294672636,6799634,NC
-0.3484259859792777,6799635,NC
-0.3583744994023912,6799636,NC
-0.36832296978769097,6799637,NC
-0.34327139718630667,6799638,NC
-0.3382197816494106,6799639,NC
-0.3331681232282176,6799640,NC
-0.32311642197398516,6799641,NC
-0.3330646779380132,6799642,NC
-0.33801289117164407,6799643,NC
-0.3329610617262625,6799644,NC
-0.3079091896532957,6799645,NC
-0.2928572750042132,6799646,NC
-0.3028053178305265,6799647,NC
-0.28775331818378946,6799648,NC
-0.28770127611559815,6799649,NC
-0.2726491916775908,6799650,NC
-0.25759706492144735,6799651,NC
-0.23754489589888997,6799652,NC
-0.22749268466168276,6799653,NC
-0.23744043126163178,6799654,NC
-0.24238813575058465,6799655,NC
-0.2223357981804311,6799656,NC
-0.19228341860310233,6799657,NC
-0.1772309970705714,6799658,NC
-0.15717853363485287,6799659,NC
-0.15712602834800302,6799660,NC
-0.16207348126211946,6799661,NC
-0.13702089242934154,6799662,NC
-0.09696826190184979,6799663,NC
-0.08191558973186616,6799664,NC
-0.08186287597165402,6799665,NC
-0.071810120673518,6799666,NC
-0.06675732388980385,6799667,NC
-0.04670448567289846,6799668,NC
-0.03165160607522998,6799669,NC
-0.0065986851492675636,6799670,NC
0.008454277052478684,6799671,NC
0.0035072804774577207,6799672,NC
0.003560325073077464,6799673,NC
0.023613410786705154,6799674,NC
0.03366653756566704,6799675,NC
0.058719705357248846,6799676,NC
0.0687729141086954,6799677,NC
0.06882616376721097,6799678,NC
0.06887945427995931,6799679,NC
0.08393278559406346,6799680,NC
0.10898615765660619,6799681,NC
0.11403957041462962,6799682,NC
0.09409302381513567,6799683,NC
0.07414651780508588,6799684,NC
0.049200052331401435,6799685,NC
0.04925362734096335,6799686,NC
0.04930724278061252,6799687,NC
0.029360898597149736,6799688,NC
0.014414594737335543,6799689,NC
-0.02553166885210926,6799690,NC
-0.07547789222450407,6799691,NC
-0.07542407543320802,6799692,NC
-0.0903702185316202,6799693,NC
-0.0953163215731794,6799694,NC
-0.1252623846113643,6799695,NC
-0.1652084076996931,6799696,NC
-0.19515439089172382,6799697,NC
-0.19010033424105385,6799698,NC
-0.2000462378013204,6799699,NC
-0.1999921016261998,6799700,NC
-0.21493792576940812,6799701,NC
-0.2398837102847008,6799702,NC
-0.26482945522587226,6799703,NC
-0.25977516064675654,6799704,NC
-0.25472082660122675,6799705,NC
-0.2646664531431952,6799706,NC
-0.27961204032661324,6799707,NC
-0.29455758820547134,6799708,NC
-0.30450309683379895,6799709,NC
-0.30944856626566447,6799710,NC
-0.28939399655517517,6799711,NC
-0.29933938775647717,6799712,NC
-0.2892847399237554,6799713,NC
-0.32423005311123343,6799714,NC
-0.3241753273731738,6799715,NC
-0.32412056276387713,6799716,NC
-0.3090657593376832,6799717,NC
-0.3090109171489699,6799718,NC
-0.31895603625215374,6799719,NC
-0.3089011167016895,6799720,NC
-0.32884615855207067,6799721,NC
-0.3237911618578286,6799722,NC
-0.3037361266735333,6799723,NC
-0.2936810530537925,6799724,NC
-0.3086259410532524,6799725,NC
-0.33357079072659723,6799726,NC
-0.33351560212854936,6799727,NC
-0.32846037531386874,6799728,NC
-0.32340511033735375,6799729,NC
-0.3033498072538402,6799730,NC
-0.303294466118202,6799731,NC
-0.32323908698535053,6799732,NC
-0.3131836699102354,6799733,NC
-0.31812821494784316,6799734,NC
-0.3030727221531985,6799735,NC
-0.2930171915813634,6799736,NC
-0.3029616232874375,6799737,NC
-0.33290601732655756,6799738,NC
-0.33785037375389815,6799739,NC
-0.32779469262467076,6799740,NC
-0.32273897399412427,6799741,NC
-0.30268321791754493,6799742,NC
-0.31262742445025604,6799743,NC
-0.3275715936476178,6799744,NC
-0.3475157255650278,6799745,NC
-0.3424598202579204,6799746,NC
-0.33240387778176694,6799747,NC
-0.31234789819207576,6799748,NC
-0.3172918815443917,6799749,NC
-0.33223582789429673,6799750,NC
-0.3521797372974095,6799751,NC
-0.342123609809385,6799752,NC
-0.3320674454859152,6799753,NC
-0.3370112443827284,6799754,NC
-0.32195500655558945,6799755,NC
-0.35189873206029965,6799756,NC
-0.3618424209526967,6799757,NC
-0.3467860732886545,6799758,NC
-0.33672968912408346,6799759,NC
-0.33167326851493006,6799760,NC
-0.3316168115171768,6799761,NC
-0.35156031818684264,6799762,NC
-0.3515037885799823,6799763,NC
-0.3514472227526867,6799764,NC
-0.3313906207610823,6799765,NC
-0.33633398266133196,6799766,NC
-0.34127730850963417,6799767,NC
-0.3562205983622231,6799768,NC
-0.36116385227536857,6799769,NC
-0.36110707030537637,6799770,NC
-0.35105025250858757,6799771,NC
-0.35099339894137904,6799772,NC
-0.35593650966016294,6799773,NC
-0.35587958472138703,6799774,NC
-0.3808226241815344,6799775,NC
-0.36576562809712343,6799776,NC
-0.3457085965247077,6799777,NC
-0.34565152952087613,6799778,NC
-0.3655944271422528,6799779,NC
-0.36553728944549685,6799780,NC
-0.37548011648730245,6799781,NC
-0.3804229083243985,6799782,NC
-0.36036566501354955,6799783,NC
-0.35530838661155434,6799784,NC
-0.3602510731752466,6799785,NC
-0.380193724761495,6799786,NC
-0.40013634142720267,6799787,NC
-0.3900789232293077,6799788,NC
-0.38502147022478245,6799789,NC
-0.35996398247063405,6799790,NC
-0.34990646002390385,6799791,NC
-0.349848902941668,6799792,NC
-0.3547913112810367,6799793,NC
-0.31973368509915445,6799794,NC
-0.30467602445320047,6799795,NC
-0.2946183294003875,6799796,NC
-0.2995605999979628,6799797,NC
-0.3145028363032078,6799798,NC
-0.3194450383734377,6799799,NC
-0.3193872062660018,6799800,NC
-0.3043293400382834,6799801,NC
-0.2892714397476993,6799802,NC
-0.2792135054517006,6799803,NC
-0.27415553720777186,6799804,NC
-0.27909753507343127,6799805,NC
-0.2690394991062307,6799806,NC
-0.2589814293637558,6799807,NC
-0.24892332590362543,6799808,NC
-0.278865188783492,6799809,NC
-0.2938070180610415,6799810,NC
-0.30374881379399293,6799811,NC
-0.2986905760400989,6799812,NC
-0.30363230485714504,6799813,NC
-0.28357400030295027,6799814,NC
-0.2985156624353665,6799815,NC
-0.3234572913122788,6799816,NC
-0.3383988869916052,6799817,NC
-0.3433404495312966,6799818,NC
-0.328281978989337,6799819,NC
-0.3382234754237429,6799820,NC
-0.33816493889256394,6799821,NC
-0.3581063694538821,6799822,NC
-0.3630477671658122,6799823,NC
-0.3579891320865018,6799824,NC
-0.35793046427413067,6799825,NC
-0.33787176378691125,6799826,NC
-0.3528130306830884,6799827,NC
-0.35775426502093943,6799828,NC
-0.3676954668587737,6799829,NC
-0.37263663625493293,6799830,NC
-0.37757777326779113,6799831,NC
-0.3625188779557545,6799832,NC
-0.382459950377261,6799833,NC
-0.3824009905907809,6799834,NC
-0.3923419986548163,6799835,NC
-0.3872829746279012,6799836,NC
-0.36222391856860153,6799837,NC
-0.37716483053551475,6799838,NC
-0.3821057105872705,6799839,NC
-0.40704655878252965,6799840,NC
-0.41698737517998496,6799841,NC
-0.4069281598383605,6799842,NC
-0.401868912816412,6799843,NC
-0.3818096341729267,6799844,NC
-0.39175032396672305,6799845,NC
-0.4216909822566508,6799846,NC
-0.42163160910159103,6799847,NC
-0.4165722045604562,6799848,NC
-0.4065127686921895,6799849,NC
-0.38145330155576557,6799850,NC
-0.4113938032101899,6799851,NC
-0.4213342737144991,6799852,NC
-0.4162747131277605,6799853,NC
-0.4212151215090723,6799854,NC
-0.4011554989175636,6799855,NC
-0.40609584541239424,6799856,NC
-0.4010361610527546,6799857,NC
-0.4109764458978658,6799858,NC
-0.4159167000069794,6799859,NC
-0.4158569234393776,6799860,NC
-0.38579711625437296,6799861,NC
-0.37573727851130834,6799862,NC
-0.39567741026955716,6799863,NC
-0.39561751158852276,6799864,NC
-0.40555758252763907,6799865,NC
-0.3954976231463697,6799866,NC
-0.37543763350420883,6799867,NC
-0.37537761366068045,6799868,NC
-0.3803175636753384,6799869,NC
-0.38525748360776657,6799870,NC
-0.3951973735175787,6799871,NC
-0.3651372334644183,6799872,NC
-0.3250770635079585,6799873,NC
-0.2950168637079023,6799874,NC
-0.26995663412398213,6799875,NC
-0.23989637481596018,6799876,NC
-0.17983608584362792,6799877,NC
-0.07477576726680635,6799878,NC
0.010284580854654269,6799879,NC
0.10534495846087405,6799880,NC
0.14040536549194416,6799881,NC
0.14046580188792646,6799882,NC
0.12052626758885371,6799883,NC
0.08058676253472956,6799884,NC
0.020647286665528557,6799885,NC
-0.04929216007880352,6799886,NC
-0.10423157775834999,6799887,NC
-0.0891709664332228,6799888,NC
-0.04411032616356291,6799889,NC
0.10095034299046021,6799890,NC
0.24101104096864834,6799891,NC
0.3910717677107745,6799892,NC
0.5061325231565835,6799893,NC
0.5661933072457914,6799894,NC
0.6012541199180861,6799895,NC
0.5663149611131267,6799896,L
0.48637583077054447,6799897,NC
0.3814367288299422,6799898,NC
0.2564976552308945,6799899,NC
0.14655860991294803,6799900,NC
0.05161959281562109,6799901,NC
-0.06831939612159582,6799902,NC
-0.1682583569592401,6799903,NC
-0.2931972897578772,6799904,NC
-0.4231361945781002,6799905,NC
-0.5380750714805301,6799906,NC
-0.5980139205258155,6799907,NC
-0.6329527417746328,6799908,NC
-0.6378915352876858,6799909,NC
-0.6328303011257058,6799910,NC
-0.6177690393494518,6799911,NC
-0.5927077500197099,6799912,NC
-0.5676464331972938,6799913,NC
-0.5425850889430442,6799914,NC
-0.4975237173178293,6799915,NC
-0.46246231838254437,6799916,NC
-0.45240089219811175,6799917,NC
-0.46233943882548073,6799918,NC
-0.4672779583256277,6799919,NC
-0.46221645075955586,6799920,NC
-0.4471549161882955,6799921,NC
-0.4270933546729035,6799922,NC
-0.44203176627446333,6799923,NC
-0.46197015105408556,6799924,NC
-0.46690850907290704,6799925,NC
-0.4468468403920912,6799926,NC
-0.43178514507282817,6799927,NC
-0.4217234231763342,6799928,NC
-0.42166167476385225,6799929,NC
-0.4215998998966513,6799930,NC
-0.4315380986360268,6799931,NC
-0.4264762710433002,6799932,NC
-0.40641441717981924,6799933,NC
-0.38635253710695766,6799934,NC
-0.3962906308861151,6799935,NC
-0.41122869857871736,6799936,NC
-0.41116674024621597,6799937,NC
-0.4011047559500883,6799938,NC
-0.3960427457518375,6799939,NC
-0.38098070971299247,6799940,NC
-0.37591864789510776,6799941,NC
-0.39085656035976335,6799942,NC
-0.37079444716856474,6799943,NC
-0.36573230838314325,6799944,NC
-0.3506701440651551,6799945,NC
-0.3356079542762822,6799946,NC
-0.3355457390782315,6799947,NC
-0.3354834985327353,6799948,NC
-0.33542123270155105,6799949,NC
-0.32535894164646123,6799950,NC
-0.31029662542927333,6799951,NC
-0.29023428411182,6799952,NC
-0.2851719177559585,6799953,NC
-0.30010952642357114,6799954,NC
-0.2850471101765649,6799955,NC
-0.28498466907687153,6799956,NC
-0.2499222031864476,6799957,NC
-0.23485971256727395,6799958,NC
-0.22479719728135616,6799959,NC
-0.2297346573907243,6799960,NC
-0.21967209295743276,6799961,NC
-0.20460950404356038,6799962,NC
-0.1795468907112102,6799963,NC
-0.1544842530225095,6799964,NC
-0.13442159103960988,6799965,NC
-0.14435890482468683,6799966,NC
-0.14929619443993994,6799967,NC
-0.11923345994759288,6799968,NC
-0.0841707014098932,6799969,NC
-0.06410791888911227,6799970,NC
-0.04904511244754518,6799971,NC
-0.048982282147510936,6799972,NC
-0.04891942805135217,6799973,NC
-0.02885655022143505,6799974,NC
-0.008793648720149306,6799975,NC
0.006269276390091921,6799976,NC
0.016332225046851744,6799977,NC
0.01639519718767024,6799978,NC
0.01145819275006408,6799979,NC
0.021521211671526742,6799980,NC
0.03158425388952843,6799981,NC
0.07164731934151622,6799982,NC
0.08171040796491429,6799983,NC
0.07177351969712364,6799984,NC
0.07683665447552253,6799985,NC
0.06689981223746613,6799986,NC
0.08696299292028707,6799987,NC
0.11702619646129502,6799988,NC
0.09708942279777695,6799989,NC
0.08215267186699743,6799990,NC
0.0522159436061983,6799991,NC
0.0322792379525991,6799992,NC
0.03734255484339654,6799993,NC
0.022405894215765342,6799994,NC
-0.012530743993142213,6799995,NC
-0.047467359846196024,6799996,NC
-0.08740395340628829,6799997,NC
-0.10234052473633333,6799998,NC
-0.10227707389926739,6799999,NC
-0.13221360095804877,6800000,NC
-0.1521501059756577,6800001,NC
-0.18208658901509642,6800002,NC
-0.20702305013938876,6800003,NC
-0.22195948941158034,6800004,NC
-0.21689590689473856,6800005,NC
-0.22183230265195247,6800006,NC
-0.24176867674633246,6800007,NC
-0.2567050292410107,6800008,NC
-0.2766413601991405,6800009,NC
-0.28157766968389675,6800010,NC
-0.28151395775847565,6800011,NC
-0.27145022448609435,6800012,NC
-0.28138646992999167,6800013,NC
-0.30632269415342717,6800014,NC
-0.3562588972196816,6800015,NC
-0.3311950791920566,6800016,NC
-0.3111312401338749,6800017,NC
-0.3010673801084801,6800018,NC
-0.3110034991792363,6800019,NC
-0.32593959740952877,6800020,NC
-0.34087567486276316,6800021,NC
-0.33581173160236594,6800022,NC
-0.3357477676917839,6800023,NC
-0.32568378319448443,6800024,NC
-0.3156197781739554,6800025,NC
-0.33055575269370513,6800026,NC
-0.355491706817262,6800027,NC
-0.34542764060817466,6800028,NC
-0.3303635541300121,6800029,NC
-0.3252994474463634,6800030,NC
-0.3102353206208376,6800031,NC
-0.3351711737170637,6800032,NC
-0.34010700679869066,6800033,NC
-0.35004281992938746,6800034,NC
-0.3399786131728426,6800035,NC
-0.31991438659276444,6800036,NC
-0.329850140252881,6800037,NC
-0.35478587421694013,6800038,NC
-0.35972158854870884,6800039,NC
-0.35965728331197366,6800040,NC
-0.3345929585705409,6800041,NC
-0.3095286143882359,6800042,NC
-0.3144642508289035,6800043,NC
-0.3343998679564074,6800044,NC
-0.339335465834631,6800045,NC
-0.3392710445274763,6800046,NC
-0.33420660409886466,6800047,NC
-0.3141421446127362,6800048,NC
-0.32407766613305017,6800049,NC
-0.32901316872378455,6800050,NC
-0.338948652448936,6800051,NC
-0.3388841173725201,6800052,NC
-0.32881956355857084,6800053,NC
-0.3187549910711411,6800054,NC
-0.3236903999743021,6800055,NC
-0.3436257903321436,6800056,NC
-0.3535611622087736,6800057,NC
-0.3484965156683186,6800058,NC
-0.3284318507749234,6800059,NC
-0.32336716759275086,6800060,NC
-0.32330246618598213,6800061,NC
-0.33323774661881644,6800062,NC
-0.34817300895547093,6800063,NC
-0.3581082532601807,6800064,NC
-0.3430434795971988,6800065,NC
-0.31797868803079615,6800066,NC
-0.34291387862526146,6800067,NC
-0.352849051444901,6800068,NC
-0.3627842065540384,6800069,NC
-0.36271934401701583,6800070,NC
-0.352654463898192,6800071,NC
-0.3225895662619434,6800072,NC
-0.327524651172664,6800073,NC
-0.3474597186947649,6800074,NC
-0.3473947688926746,6800075,NC
-0.3473298018308389,6800076,NC
-0.33726481757372023,6800077,NC
-0.3221998161857987,6800078,NC
-0.34213479773157107,6800079,NC
-0.35206976227555103,6800080,NC
-0.3620047098822693,6800081,NC
-0.35693964061627326,6800082,NC
-0.33687455454212717,6800083,NC
-0.33180945172441173,6800084,NC
-0.33674433222772454,6800085,NC
-0.35167919611667964,6800086,NC
-0.3666140434559075,6800087,NC
-0.36154887431005495,6800088,NC
-0.35648368874378533,6800089,NC
-0.34141848682177833,6800090,NC
-0.34135326860872967,6800091,NC
-0.3512880341693513,6800092,NC
-0.37122278356837124,6800093,NC
-0.37615751687053367,6800094,NC
-0.34609223414059875,6800095,NC
-0.34102693544334234,6800096,NC
-0.33096162084355624,6800097,NC
-0.34089629040604813,6800098,NC
-0.3308309441956414,6800099,NC
-0.3307655822771749,6800100,NC
-0.30570020471550324,6800101,NC
-0.29563481157549654,6800102,NC
-0.30056940292204026,6800103,NC
-0.31550397882003534,6800104,NC
-0.3204385393343982,6800105,NC
-0.3003730845300601,6800106,NC
-0.29530761447196807,6800107,NC
-0.28024212922508374,6800108,NC
-0.2601766288543839,6800109,NC
-0.27511111342486094,6800110,NC
-0.29004558300152145,6800111,NC
-0.28498003764938723,6800112,NC
-0.2699144774334948,6800113,NC
-0.2698489024188955,6800114,NC
-0.2747833126706554,6800115,NC
-0.2947177082538552,6800116,NC
-0.3146520892335897,6800117,NC
-0.30958645567496895,6800118,NC
-0.30452080764311695,6800119,NC
-0.30445514520317213,6800120,NC
-0.30438946842028713,6800121,NC
-0.3293237773596291,6800122,NC
-0.34925807208637916,6800123,NC
-0.34919235266573245,6800124,NC
-0.3441266191628983,6800125,NC
-0.34906087164309996,6800126,NC
-0.36899511017157466,6800127,NC
-0.3789293348135734,6800128,NC
-0.3838635456343609,6800129,NC
-0.38879774269921574,6800130,NC
-0.37873192607343004,6800131,NC
-0.3636660958223096,6800132,NC
-0.37360025201117353,6800133,NC
-0.3935343947053547,6800134,NC
-0.4134685239701991,6800135,NC
-0.4184026398710663,6800136,NC
-0.39833674247332873,6800137,NC
-0.3732708318423725,6800138,NC
-0.3782049080435966,6800139,NC
-0.39313897114241303,6800140,NC
-0.4180730212042469,6800141,NC
-0.42800705829453617,6800142,NC
-0.42294108247873186,6800143,NC
-0.3928750938222976,6800144,NC
-0.3978090923907098,6800145,NC
-0.42274307824945745,6800146,NC
-0.42767705146404256,6800147,NC
-0.4226110120999792,6800148,NC
-0.42254496022279414,6800149,NC
-0.3974788958980265,6800150,NC
-0.4024128191912279,6800151,NC
-0.42234673016796204,6800152,NC
-0.43728062889380503,6800153,NC
-0.427214515434345,6800154,NC
-0.42214838985518216,6800155,NC
-0.412082252221929,6800156,NC
-0.40201610260020954,6800157,NC
-0.42194994105565997,6800158,NC
-0.42188376765392843,6800159,NC
-0.4368175824606746,6800160,NC
-0.42675138554156977,6800161,NC
-0.40168517696229716,6800162,NC
-0.4066189567885514,6800163,NC
-0.4215527250860387,6800164,NC
-0.4164864819204766,6800165,NC
-0.4164202273575939,6800166,NC
-0.3913539614631311,6800167,NC
-0.38128768430283966,6800168,NC
-0.38622139594248234,6800169,NC
-0.39615509644783276,6800170,NC
-0.3960887858846759,6800171,NC
-0.38602246431880766,6800172,NC
-0.3609561318160347,6800173,NC
-0.32088978844217464,6800174,NC
-0.3108234342630559,6800175,NC
-0.29075706934451767,6800176,NC
-0.2706906937524096,6800177,NC
-0.20062430755259214,6800178,NC
-0.12055791081093609,6800179,NC
-0.04049150359332292,6800180,NC
0.01957491403435574,6800181,NC
0.03964134200619776,6800182,NC
0.03970778025629075,6800183,NC
0.024774228718712217,6800184,NC
-0.020159312672470498,6800185,NC
-0.10009284398320001,6800186,NC
-0.2000263652794293,6800187,NC
-0.24495987662712093,6800188,NC
-0.22989337809224747,6800189,NC
-0.10982686974079116,6800190,NC
0.010239648361255823,6800191,NC
0.17530617614789162,6800192,NC
0.310372713553105,6800193,NC
0.41543926051087493,6800194,NC
0.47550581695517113,6800195,NC
0.4855723828199537,6800196,L
0.4356389580391734,6800197,NC
0.330705542546772,6800198,NC
0.1907721362766817,6800199,NC
0.06583873916282564,6800200,NC
-0.04409464886088199,6800201,NC
-0.15402802786053604,6800202,NC
-0.2589613979022405,6800203,NC
-0.3838947590521081,6800204,NC
-0.5138281113762604,6800205,NC
-0.6187614549408277,6800206,NC
-0.6686947898119491,6800207,NC
-0.6936281160557722,6800208,NC
-0.6885614337384534,6800209,NC
-0.6434947429261569,6800210,NC
-0.5934280436850563,6800211,NC
-0.5633613360813332,6800212,NC
-0.5382946201811771,6800213,NC
-0.493227896050786,6800214,NC
-0.47816116375636625,6800215,NC
-0.4530944233641322,6800216,NC
-0.45302767494030605,6800217,NC
-0.4579609185511181,6800218,NC
-0.4578941542628066,6800219,NC
-0.47282738214161774,6800220,NC
-0.4677606022538051,6800221,NC
-0.43769381466563023,6800222,NC
-0.4226270194433624,6800223,NC
-0.4525602166532784,6800224,NC
-0.44749340636166235,6800225,NC
-0.44742658863480594,6800226,NC
-0.42735976353900823,6800227,NC
-0.4072929311405758,6800228,NC
-0.40722609150582206,6800229,NC
-0.42715924470106775,6800230,NC
-0.42209239079264105,6800231,NC
-0.41702552984687674,6800232,NC
-0.4019586619301169,6800233,NC
-0.38189178710871025,6800234,NC
-0.38182490544901254,6800235,NC
-0.38675801701738644,6800236,NC
-0.401691121880201,6800237,NC
-0.3816242201038321,6800238,NC
-0.3815573117546623,6800239,NC
-0.3614903968990805,6800240,NC
-0.35642347560348225,6800241,NC
-0.36135654793426936,6800242,NC
-0.35128961395784974,6800243,NC
-0.34122267374063825,6800244,NC
-0.3211557273490551,6800245,NC
-0.2910887748495273,6800246,NC
-0.2960218163084874,6800247,NC
-0.3059548517923743,6800248,NC
-0.29588788136763283,6800249,NC
-0.2908209051007134,6800250,NC
-0.26075392305807255,6800251,NC
-0.2306869353061722,6800252,NC
-0.2506199419114803,6800253,NC
-0.25055294294047004,6800254,NC
-0.23548593845962054,6800255,NC
-0.22041892853541595,6800256,NC
-0.19035191323434625,6800257,NC
-0.15528489262290637,6800258,NC
-0.1402178667675968,6800259,NC
-0.14015083573492312,6800260,NC
-0.13008379959139602,6800261,NC
-0.12001675840353128,6800262,NC
-0.07994971223784958,6800263,NC
-0.04488266116087691,6800264,NC
-0.03481560523914373,6800265,NC
-0.03974854453918548,6800266,NC
-0.04468147912754223,6800267,NC
-0.02961440907075888,6800268,NC
0.00045266556461507484,6800269,NC
0.025519744712025703,6800270,NC
0.050586828304914615,6800271,NC
0.04565391627671888,6800272,NC
0.03072100856087121,6800273,NC
0.045788105090800245,6800274,NC
0.06585520579993016,6800275,NC
0.0909223106216812,6800276,NC
0.10598941948946933,6800277,NC
0.09105653233670673,6800278,NC
0.08112364909680136,6800279,NC
0.09119076970315756,6800280,NC
0.10625789408917564,6800281,NC
0.11632502218825229,6800282,NC
0.10639215393378054,6800283,NC
0.0914592892591497,6800284,NC
0.05652642809774548,6800285,NC
0.03659357038295028,6800286,NC
0.02666071604814304,6800287,NC
0.02172786502669924,6800288,NC
-0.018204982748008927,6800289,NC
-0.05813782734261237,6800290,NC
-0.08807066882374517,6800291,NC
-0.11800350725804457,6800292,NC
-0.12293634271215088,6800293,NC
-0.13786917525270725,6800294,NC
-0.1528020049463597,6800295,NC
-0.1977348318597572,6800296,NC
-0.21766765605955146,6800297,NC
-0.23760047761239678,6800298,NC
-0.23253329658495014,6800299,NC
-0.23746611304387108,6800300,NC
-0.2573989270558218,6800301,NC
-0.29233173868746654,6800302,NC
-0.30226454800547226,6800303,NC
-0.3221973550765081,6800304,NC
-0.31213015996724536,6800305,NC
-0.3020629627443576,6800306,NC
-0.3219957634745204,6800307,NC
-0.3219285622244114,6800308,NC
-0.33686135906071035,6800309,NC
-0.3367941540500986,6800310,NC
-0.32172694725925954,6800311,NC
-0.3166597387548783,6800312,NC
-0.33159252860364175,6800313,NC
-0.3465253168722382,6800314,NC
-0.35645810362735775,6800315,NC
-0.3563908889356919,6800316,NC
-0.3513236728639336,6800317,NC
-0.3412564554787773,6800318,NC
-0.3411892368469184,6800319,NC
-0.35612201703505375,6800320,NC
-0.36105479610988167,6800321,NC
-0.36598757413810107,6800322,NC
-0.3509203511864122,6800323,NC
-0.34085312732151607,6800324,NC
-0.34578590261011494,6800325,NC
-0.3657186771189116,6800326,NC
-0.3806514509146097,6800327,NC
-0.3855842240639137,6800328,NC
-0.3555169966335284,6800329,NC
-0.3554497686901597,6800330,NC
-0.36538254030051354,6800331,NC
-0.3803153115312964,6800332,NC
-0.3852480824492153,6800333,NC
-0.3851808531209775,6800334,NC
-0.3751136236132903,6800335,NC
-0.35504639399286153,6800336,NC
-0.36497916432639893,6800337,NC
-0.36991193468061023,6800338,NC
-0.3798447051222033,6800339,NC
-0.37977747571788567,6800340,NC
-0.3747102465343652,6800341,NC
-0.36464301763834894,6800342,NC
-0.3595757890965441,6800343,NC
-0.3695085609756572,6800344,NC
-0.39444133334239473,6800345,NC
-0.39437410626346237,6800346,NC
-0.3843068798055653,6800347,NC
-0.3692396540354083,6800348,NC
-0.3741724290196952,6800349,NC
-0.3891052048251293,6800350,NC
-0.4040379815184128,6800351,NC
-0.3889707591662474,6800352,NC
-0.3739035378353335,6800353,NC
-0.36883631759237073,6800354,NC
-0.3687690985040575,6800355,NC
-0.3837018806370911,6800356,NC
-0.38363466405816776,6800357,NC
-0.39356744883398226,6800358,NC
-0.373500235031228,6800359,NC
-0.3634330227165969,6800360,NC
-0.36336581195677997,6800361,NC
-0.393298602818466,6800362,NC
-0.4132313953683424,6800363,NC
-0.398164189673095,6800364,NC
-0.3830969857994079,6800365,NC
-0.3830297838139632,6800366,NC
-0.37296258378344127,6800367,NC
-0.3928953857745205,6800368,NC
-0.4078281898538773,6800369,NC
-0.41276099608818606,6800370,NC
-0.39269380454411895,6800371,NC
-0.3776266152883459,6800372,NC
-0.38755942838753465,6800373,NC
-0.3924922439083506,6800374,NC
-0.4024250619174567,6800375,NC
-0.41235788248151334,6800376,NC
-0.39729070566717867,6800377,NC
-0.387223531541108,6800378,NC
-0.39715636016995404,6800379,NC
-0.4020891916203667,6800380,NC
-0.4120220259589931,6800381,NC
-0.41695486325247777,6800382,NC
-0.40688770356746184,6800383,NC
-0.4018205469705839,6800384,NC
-0.41175339352847895,6800385,NC
-0.4116862433077795,6800386,NC
-0.4216190963751143,6800387,NC
-0.42155195279710916,6800388,NC
-0.4014848126403865,6800389,NC
-0.3864176759715653,6800390,NC
-0.386350542857261,6800391,NC
-0.38128341336408567,6800392,NC
-0.39121628755864774,6800393,NC
-0.391149165507552,6800394,NC
-0.3760820472773994,6800395,NC
-0.3460149329347872,6800396,NC
-0.36094782254630875,6800397,NC
-0.35588071617855366,6800398,NC
-0.3758136138981073,6800399,NC
-0.365746515771551,6800400,NC
-0.3456794218654621,6800401,NC
-0.33061233224641384,6800402,NC
-0.32054524698097486,6800403,NC
-0.3354781661357098,6800404,NC
-0.3304110897771788,6800405,NC
-0.3303440179719376,6800406,NC
-0.3152769507865373,6800407,NC
-0.3252098882875244,6800408,NC
-0.325142830541441,6800409,NC
-0.3350757776148243,6800410,NC
-0.3550087295742067,6800411,NC
-0.3599416864861158,6800412,NC
-0.3548746484170743,6800413,NC
-0.3548076154335999,6800414,NC
-0.3497405876022052,6800415,NC
-0.37967356498939786,6800416,NC
-0.3946065476616801,6800417,NC
-0.40453953568554907,6800418,NC
-0.41447252912749666,6800419,NC
-0.3944055280540093,6800420,NC
-0.39433853253156786,6800421,NC
-0.4042715426266479,6800422,NC
-0.4192045584057194,6800423,NC
-0.4441375799352465,6800424,NC
-0.4190706072816879,6800425,NC
-0.4140036405114962,6800426,NC
-0.42893667969111854,6800427,NC
-0.4438697248869959,6800428,NC
-0.45380277616556336,6800429,NC
-0.48373583359324995,6800430,NC
-0.4586688972364787,6800431,NC
-0.4636019671616662,6800432,NC
-0.44353504343522315,6800433,NC
-0.45846812612355387,6800434,NC
-0.463401215293056,6800435,NC
-0.4783343110101212,6800436,NC
-0.45826741334113424,6800437,NC
-0.4432005223524737,6800438,NC
-0.4581336381105113,6800439,NC
-0.4630667606816119,6800440,NC
-0.472999890132134,6800441,NC
-0.47793302652842906,6800442,NC
-0.47286616993684166,6800443,NC
-0.4577993204237095,6800444,NC
-0.45273247805536304,6800445,NC
-0.4676656428981258,6800446,NC
-0.4775988150183143,6800447,NC
-0.4725319944822375,6800448,NC
-0.46746518135619747,6800449,NC
-0.4573983757064885,6800450,NC
-0.45733157759939785,6800451,NC
-0.4722647871012049,6800452,NC
-0.507198004278182,6800453,NC
-0.4821312291965933,6800454,NC
-0.4770644619226957,6800455,NC
-0.4719977025227382,6800456,NC
-0.46193095106296195,6800457,NC
-0.4818642076096003,6800458,NC
-0.48679747222887865,6800459,NC
-0.4767307449870143,6800460,NC
-0.4716640259502165,6800461,NC
-0.4665973151846865,6800462,NC
-0.47653061275661723,6800463,NC
-0.4764639187321933,6800464,NC
-0.476397233177591,6800465,NC
-0.47633055615897824,6800466,NC
-0.45126388774251464,6800467,NC
-0.441197227994351,6800468,NC
-0.43613057698062957,6800469,NC
-0.4360639347674841,6800470,NC
-0.42599730142103953,6800471,NC
-0.40593067700741187,6800472,NC
-0.35586406159270845,6800473,NC
-0.29579745524302753,6800474,NC
-0.22573085802445858,6800475,NC
-0.15066427000308177,6800476,NC
-0.1005976912449682,6800477,NC
-0.06053112181617988,6800478,NC
-0.04546456178276956,6800479,NC
-0.07539801121078056,6800480,NC
-0.13033147016624683,6800481,NC
-0.24526493871519292,6800482,NC
-0.38519841692363394,6800483,NC
-0.49513190485757524,6800484,NC
-0.5300654025830126,6800485,NC
-0.4699989101659319,6800486,NC
-0.3749324276723099,6800487,NC
-0.2798659551681126,6800488,NC
-0.1547994927192967,6800489,NC
-0.05473304039180868,6800490,NC
0.020333401748414845,6800491,NC
0.07039983363544754,6800492,NC
0.05046625520337325,6800493,NC
-0.03446733361371407,6800494,NC
-0.14940093288171016,6800495,NC
-0.2643345426665003,6800496,NC
-0.36426816303395926,6800497,NC
-0.4292017940499515,6800498,NC
-0.5091354357803308,6800499,NC
-0.5790690882909404,6800500,NC
-0.6440027516476128,6800501,NC
-0.6989364259161694,6800502,NC
-0.7288701111624216,6800503,NC
-0.7388038074521691,6800504,NC
-0.7537375148512009,6800505,L
-0.7686712334252952,6800506,NC
-0.7536049632402188,6800507,NC
-0.7385387043617274,6800508,NC
-0.6734724568555659,6800509,NC
-0.6234062207874671,6800510,NC
-0.5783399962231532,6800511,NC
-0.5582737832283348,6800512,NC
-0.5532075818687108,6800513,NC
-0.5381413922099686,6800514,NC
-0.5330752143177843,6800515,NC
-0.5130090482578218,6800516,NC
-0.5229428940957338,6800517,NC
-0.5228767518971609,6800518,NC
-0.5428106217277318,6800519,NC
-0.5327445036530635,6800520,NC
-0.5076783977387606,6800521,NC
-0.48761230405041617,6800522,NC
-0.49754622265361065,6800523,NC
-0.5024801536139126,6800524,NC
-0.5024140969968782,6800525,NC
-0.5073480528680512,6800526,NC
-0.4922820212929633,6800527,NC
-0.47721600233713335,6800528,NC
-0.47214999606606783,6800529,NC
-0.48208400254526074,6800530,NC
-0.4920180218401934,6800531,NC
-0.4919520540163342,6800532,NC
-0.461886099139139,6800533,NC
-0.44682015727405056,6800534,NC
-0.4467542284864991,6800535,NC
-0.45168831284190153,6800536,NC
-0.45662241040566187,6800537,NC
-0.45155652124317097,6800538,NC
-0.4264906454198065,6800539,NC
-0.3964247830009331,6800540,NC
-0.39635893405190187,6800541,NC
-0.4112930986380505,6800542,NC
-0.4012272768247035,6800543,NC
-0.3911614686771718,6800544,NC
-0.3710956742607525,6800545,NC
-0.3460298936407295,6800546,NC
-0.34596412688237277,6800547,NC
-0.3358983740509386,6800548,NC
-0.33583263521166934,6800549,NC
-0.32576691042979355,6800550,NC
-0.2957011997705259,6800551,NC
-0.26063550329906704,6800552,NC
-0.26056982108060334,6800553,NC
-0.2655041531803072,6800554,NC
-0.2554384996633368,6800555,NC
-0.25037286059483616,6800556,NC
-0.2253072360399347,6800557,NC
-0.19024162606374756,6800558,NC
-0.18517603073137553,6800559,NC
-0.17511045010790474,6800560,NC
-0.16004488425840677,6800561,NC
-0.14997933324793847,6800562,NC
-0.12491379714154202,6800563,NC
-0.09484827600424492,6800564,NC
-0.06978276990105967,6800565,NC
-0.07471727889698378,6800566,NC
-0.074651803057,6800567,NC
-0.059586342446075975,6800568,NC
-0.03452089712916413,6800569,NC
-0.014455467171201717,6800570,NC
0.005609947362889134,6800571,NC
0.005675346408201597,6800572,NC
0.005740729899844336,6800573,NC
0.010806097772941437,6800574,NC
0.005871449962632376,6800575,NC
0.03093678640407219,6800576,NC
0.021002107032431657,6800577,NC
0.0060674117828972435,6800578,NC
-0.028867299409328945,6800579,NC
-0.04880202660902899,6800580,NC
-0.06373676988096895,6800581,NC
-0.08367152928989897,6800582,NC
-0.11860630490055328,6800583,NC
-0.15354109677765002,6800584,NC
-0.1884759049858911,6800585,NC
-0.22341072958996222,6800586,NC
-0.22834557065453293,6800587,NC
-0.23828042824425644,6800588,NC
-0.2682153024237694,6800589,NC
-0.30815019325769216,6800590,NC
-0.33308510081062837,6800591,NC
-0.3430200251471654,6800592,NC
-0.3429549663318737,6800593,NC
-0.34788992442930705,6800594,NC
-0.35782489950400254,6800595,NC
-0.38275989162048024,6800596,NC
-0.39269490084324354,6800597,NC
-0.39762992723677865,6800598,NC
-0.39256497086555486,6800599,NC
-0.3975000317940244,6800600,NC
-0.40743511008662225,6800601,NC
-0.41237020580776607,6800602,NC
-0.42230531902185636,6800603,NC
-0.43724044979327636,6800604,NC
-0.42717559818639167,6800605,NC
-0.40711076426555043,6800606,NC
-0.41704594809508344,6800607,NC
-0.4219811497393037,6800608,NC
-0.4419163692625066,6800609,NC
-0.4318516067289697,6800610,NC
-0.42178686220295275,6800611,NC
-0.386722135748698,6800612,NC
-0.4016574274304292,6800613,NC
-0.4215927373123526,6800614,NC
-0.42152806545865595,6800615,NC
-0.42646341193350923,6800616,NC
-0.4213987768010642,6800617,NC
-0.40133416012545403,6800618,NC
-0.406269561970794,6800619,NC
-0.4112049824011808,6800620,NC
-0.41114042148069274,6800621,NC
-0.4210758792733895,6800622,NC
-0.3960113558433124,6800623,NC
-0.390946851254484,6800624,NC
-0.3858823655709082,6800625,NC
-0.40581789885656994,6800626,NC
-0.40575345117543576,6800627,NC
-0.410689022591453,6800628,NC
-0.41562461316855015,6800629,NC
-0.39056022297063664,6800630,NC
-0.38549585206160286,6800631,NC
-0.40043150050531995,6800632,NC
-0.40536716836564013,6800633,NC
-0.40030285570639607,6800634,NC
-0.4002385625914012,6800635,NC
-0.38017428908444967,6800636,NC
-0.375110035249316,6800637,NC
-0.38504580114975534,6800638,NC
-0.39498158684950296,6800639,NC
-0.399917392412275,6800640,NC
-0.38985321790176747,6800641,NC
-0.3597890633816567,6800642,NC
-0.3597249289155994,6800643,NC
-0.37966081456723194,6800644,NC
-0.3895967204001712,6800645,NC
-0.3895326464780138,6800646,NC
-0.37446859286433615,6800647,NC
-0.36440455962269486,6800648,NC
-0.36934054681662604,6800649,NC
-0.38927655450964554,6800650,NC
-0.3842125827652491,6800651,NC
-0.3991486316469117,6800652,NC
-0.38908470121808825,6800653,NC
-0.35902079154221284,6800654,NC
-0.348956902682699,6800655,NC
-0.36389303470293977,6800656,NC
-0.38882918766630725,6800657,NC
-0.38876536163615305,6800658,NC
-0.3937015566758076,6800659,NC
-0.3636377728485807,6800660,NC
-0.363574010217761,6800661,NC
-0.38851026884661616,6800662,NC
-0.3884465487983928,6800663,NC
-0.3933828501363164,6800664,NC
-0.3933191729235912,6800665,NC
-0.3532555172234001,6800666,NC
-0.3581918830989046,6800667,NC
-0.3781282706132449,6800668,NC
-0.37806467982953984,6800669,NC
-0.38300111081088645,6800670,NC
-0.36293756362036034,6800671,NC
-0.35287403832101544,6800672,NC
-0.35781053497588394,6800673,NC
-0.3627470536479763,6800674,NC
-0.3676835944002811,6800675,NC
-0.37762015729576487,6800676,NC
-0.3725567423973724,6800677,NC
-0.3524933497680264,6800678,NC
-0.3374299794706272,6800679,NC
-0.3423666315680534,6800680,NC
-0.3373033061231612,6800681,NC
-0.34724000319878434,6800682,NC
-0.32717672285773447,6800683,NC
-0.3071134651628007,6800684,NC
-0.31705023017674977,6800685,NC
-0.33198701796232566,6800686,NC
-0.33692382858225006,6800687,NC
-0.3268606620992217,6800688,NC
-0.296797518575917,6800689,NC
-0.2867343980749891,6800690,NC
-0.2766713006590687,6800691,NC
-0.2716082263907633,6800692,NC
-0.29154517533265767,6800693,NC
-0.28648214754731344,6800694,NC
-0.27141914309726906,6800695,NC
-0.26635616204504003,6800696,NC
-0.28129320445311845,6800697,NC
-0.2962302703839733,6800698,NC
-0.31116735990005007,6800699,NC
-0.3111044730637709,6800700,NC
-0.30604160993753454,6800701,NC
-0.29097877058371613,6800702,NC
-0.2909159550646672,6800703,NC
-0.30585316344271574,6800704,NC
-0.32579039578016594,6800705,NC
-0.3307276521392983,6800706,NC
-0.32066493258236933,6800707,NC
-0.3206022371716117,6800708,NC
-0.3255395659692343,6800709,NC
-0.34047691903742183,6800710,NC
-0.35541429643833494,6800711,NC
-0.36535169823411,6800712,NC
-0.3502891244868594,6800713,NC
-0.3302265752586712,6800714,NC
-0.34016405061160915,6800715,NC
-0.3501015506077125,6800716,NC
-0.360039075308996,6800717,NC
-0.3649766247774502,6800718,NC
-0.3449141990750407,6800719,NC
-0.34485179826370876,6800720,NC
-0.3697894224053707,6800721,NC
-0.3797270715619184,6800722,NC
-0.3996647457952185,6800723,NC
-0.38960244516711295,6800724,NC
-0.36954016973941906,6800725,NC
-0.35947791957392866,6800726,NC
-0.3644156947324087,6800727,NC
-0.37435349527660106,6800728,NC
-0.3842913212682223,6800729,NC
-0.389229172768964,6800730,NC
-0.3791670498404922,6800731,NC
-0.3641049525444474,6800732,NC
-0.3640428809424451,6800733,NC
-0.383980835096075,6800734,NC
-0.3939188150669014,6800735,NC
-0.39385682091646274,6800736,NC
-0.3837948527062721,6800737,NC
-0.37873291049781677,6800738,NC
-0.37867099435255785,6800739,NC
-0.3786091043319311,6800740,NC
-0.388547240497346,6800741,NC
-0.3884854029101864,6800742,NC
-0.38342359163180967,6800743,NC
-0.36336180672354734,6800744,NC
-0.38330004824670466,6800745,NC
-0.373238316262561,6800746,NC
-0.3931766108323688,6800747,NC
-0.37811493201735474,6800748,NC
-0.3730532798787188,6800749,NC
-0.35299165447763453,6800750,NC
-0.35793005587524906,6800751,NC
-0.36786848413268275,6800752,NC
-0.37280693931102943,6800753,NC
-0.3827454214713562,6800754,NC
-0.3676839306747035,6800755,NC
-0.3576224669820846,6800756,NC
-0.3275610304544862,6800757,NC
-0.347499621152868,6800758,NC
-0.3474382391381626,6800759,NC
-0.35737688447127536,6800760,NC
-0.36231555721308495,6800761,NC
-0.34225425742444243,6800762,NC
-0.3221929851661719,6800763,NC
-0.3371317404990699,6800764,NC
-0.3220705234839056,6800765,NC
-0.28700933418142105,6800766,NC
-0.2569481726523305,6800767,NC
-0.21688703895732067,6800768,NC
-0.1618259331570508,6800769,NC
-0.09676485531215223,6800770,NC
-0.031703805483228875,6800771,NC
-0.006642783730856545,6800772,NC
0.028418209884416634,6800773,NC
0.03347917530207044,6800774,NC
0.02854011246161272,6800775,NC
-0.011398978697420594,6800776,NC
-0.08633809823546562,6800777,NC
-0.1812772462129303,6800778,NC
-0.2662164226901942,6800779,NC
-0.33115562772760876,6800780,NC
-0.321094861385497,6800781,NC
-0.2660341237241537,6800782,NC
-0.21097341480384493,6800783,NC
-0.09591273468480843,6800784,NC
0.014147916572746846,6800785,NC
0.1192085389086402,6800786,NC
0.18426913226271996,6800787,NC
0.2143296965748632,6800788,NC
0.2193902317849756,6800789,L
0.17945073783299192,6800790,NC
0.09951121465887575,6800791,NC
-0.0004283377973802703,6800792,NC
-0.10536791959575455,6800793,NC
-0.21030753079619616,6800794,NC
-0.30524717145862534,6800795,NC
-0.4001868416429327,6800796,NC
-0.44512654140897984,6800797,NC
-0.4950662708165991,6800798,NC
-0.5550060299255929,6800799,NC
-0.5999458187957348,6800800,NC
-0.6398856374867684,6800801,NC
-0.649825486058408,6800802,NC
-0.644765364570338,6800803,NC
-0.6247052730822131,6800804,NC
-0.6046452116536586,6800805,NC
-0.5845851803442695,6800806,NC
-0.5395251792136113,6800807,NC
-0.5244652083212195,6800808,NC
-0.4644052677265989,6800809,NC
-0.41934535748922536,6800810,NC
-0.39428547766854394,6800811,NC
-0.39422562832396957,6800812,NC
-0.38916580951488716,6800813,NC
-0.3841060213006511,6800814,NC
-0.38404626374058554,6800815,NC
-0.36898653689398414,6800816,NC
-0.3489268408201102,6800817,NC
-0.35886717557819636,6800818,NC
-0.36880754122744475,6800819,NC
-0.37374793782702687,6800820,NC
-0.34368836543608317,6800821,NC
-0.3336288241137241,6800822,NC
-0.33356931391902844,6800823,NC
-0.33850983491104464,6800824,NC
-0.3384503871487899,6800825,NC
-0.3283909706912505,6800826,NC
-0.3183315855973819,6800827,NC
-0.2982722319261081,6800828,NC
-0.3132129097363219,6800829,NC
-0.32315361908688517,6800830,NC
-0.3230943600366284,6800831,NC
-0.3230351326443506,6800832,NC
-0.2979759369688193,6800833,NC
-0.2929167730687708,6800834,NC
-0.2828576410029097,6800835,NC
-0.28779854082990913,6800836,NC
-0.3027394726084105,6800837,NC
-0.2876804363970234,6800838,NC
-0.27262143225432595,6800839,NC
-0.2575624602388642,6800840,NC
-0.25250352040915236,6800841,NC
-0.2624446128236729,6800842,NC
-0.272385737540876,6800843,NC
-0.24732689461918012,6800844,NC
-0.22726808411697114,6800845,NC
-0.20220930609260324,6800846,NC
-0.19215056060439825,6800847,NC
-0.21209184771064557,6800848,NC
-0.2070331674696023,6800849,NC
-0.19197451993949327,6800850,NC
-0.16191590517851076,6800851,NC
-0.13685732324481456,6800852,NC
-0.12679877419653177,6800853,NC
-0.12174025809175704,6800854,NC
-0.12168177498855229,6800855,NC
-0.10662332494494667,6800856,NC
-0.10156490801893638,6800857,NC
-0.08650652426848499,6800858,NC
-0.0564481737515231,6800859,NC
-0.05138985652594827,6800860,NC
-0.041331572649625004,6800861,NC
-0.03127332218038469,6800862,NC
-0.016215105176025847,6800863,NC
0.013843078305686537,6800864,NC
0.028901228207020662,6800865,NC
0.0239593444702779,6800866,NC
0.029017427037793215,6800867,NC
0.024075475851934765,6800868,NC
0.054133490855104466,6800869,NC
0.06919147198973757,6800870,NC
0.07924941919830297,6800871,NC
0.07930733242330329,6800872,NC
0.08436521160727492,6800873,NC
0.09442305669278789,6800874,NC
0.10448086762244609,6800875,NC
0.13453864433888735,6800876,NC
0.13459638678478353,6800877,NC
0.1246540949028403,6800878,NC
0.11471176863579748,6800879,NC
0.12976940792642905,6800880,NC
0.13482701271754313,6800881,NC
0.15488458295198218,6800882,NC
0.15994211857262264,6800883,NC
0.13999961952237558,6800884,NC
0.12005708574418644,6800885,NC
0.1051145171810351,6800886,NC
0.09017191377593581,6800887,NC
0.08522927547193754,6800888,NC
0.035286602212123895,6800889,NC
0.01034389393961306,6800890,NC
-0.0395988494024419,6800891,NC
-0.0595416278708533,6800892,NC
-0.06948444152239838,6800893,NC
-0.06942729041381966,6800894,NC
-0.09437017460182469,6800895,NC
-0.12931309414308584,6800896,NC
-0.1492560490942405,6800897,NC
-0.16919903951189086,6800898,NC
-0.18414206545260414,6800899,NC
-0.1790851269729121,6800900,NC
-0.18902822412931117,6800901,NC
-0.20897135697826247,6800902,NC
-0.23391452557619186,6800903,NC
-0.22885772997948953,6800904,NC
-0.2288009702445102,6800905,NC
-0.223744246427573,6800906,NC
-0.22368755858496153,6800907,NC
-0.23363090677292356,6800908,NC
-0.2535742910476711,6800909,NC
-0.2535177114653805,6800910,NC
-0.26346116808219205,6800911,NC
-0.25840466095421033,6800912,NC
-0.25334819013750376,6800913,NC
-0.2582917556881049,6800914,NC
-0.28823535766201,6800915,NC
-0.28317899611517955,6800916,NC
-0.2781226711035374,6800917,NC
-0.2630663826829712,6800918,NC
-0.2630101309093329,6800919,NC
-0.2679539158384373,6800920,NC
-0.2828977375260632,6800921,NC
-0.2828415960279527,6800922,NC
-0.27278549139981173,6800923,NC
-0.24772942369730933,6800924,NC
-0.277673392976078,6800925,NC
-0.2776173992917135,6800926,NC
-0.28756144269977485,6800927,NC
-0.27750552325578437,6800928,NC
-0.2724496410152274,6800929,NC
-0.2573937960335524,6800930,NC
-0.25733798836617083,6800931,NC
-0.2672822180684573,6800932,NC
-0.2772264851957491,6800933,NC
-0.2671707898033464,6800934,NC
-0.2571151319465124,6800935,NC
-0.242059511680473,6800936,NC
-0.24200392906041654,6800937,NC
-0.2669483841414942,6800938,NC
-0.2818928769788199,6800939,NC
-0.2918374076274698,6800940,NC
-0.27678197614248273,6800941,NC
-0.2567265825788599,6800942,NC
-0.25167122699156486,6800943,NC
-0.2616159094355236,6800944,NC
-0.27656062996562425,6800945,NC
-0.2765053886367171,6800946,NC
-0.2664501855036147,6800947,NC
-0.2663950206210918,6800948,NC
-0.261339894043885,6800949,NC
-0.26128480582669295,6800950,NC
-0.27622975602417627,6800951,NC
-0.27617474469095743,6800952,NC
-0.27111977188162084,6800953,NC
-0.2560648376507124,6800954,NC
-0.2560099420527401,6800955,NC
-0.2709550851421734,6800956,NC
-0.27090026697344344,6800957,NC
-0.27084548760094274,6800958,NC
-0.2807907470790254,6800959,NC
-0.26573604546200724,6800960,NC
-0.26568138280416526,6800961,NC
-0.2656267591597376,6800962,NC
-0.2855721745829241,6800963,NC
-0.29551762912788554,6800964,NC
-0.280463122848744,6800965,NC
-0.2704086557995826,6800966,NC
-0.2653542280344457,6800967,NC
-0.2752998396073386,6800968,NC
-0.2802454905722275,6800969,NC
-0.2901911809830395,6800970,NC
-0.2851369108936626,6800971,NC
-0.2650826803579458,6800972,NC
-0.2800284894296986,6800973,NC
-0.27497433816269123,6800974,NC
-0.29992022661065465,6800975,NC
-0.30486615482728036,6800976,NC
-0.2948121228662206,6800977,NC
-0.2747581307810877,6800978,NC
-0.2747041786254546,6800979,NC
-0.27965026645285485,6800980,NC
-0.2895963943167821,6800981,NC
-0.2995425622706903,6800982,NC
-0.28948877036799353,6800983,NC
-0.2844350186620663,6800984,NC
-0.2693813072062429,6800985,NC
-0.2993276360538181,6800986,NC
-0.30427400525804627,6800987,NC
-0.3092204148721419,6800988,NC
-0.30916686494927953,6800989,NC
-0.2841133555425933,6800990,NC
-0.2740598867051772,6800991,NC
-0.2890064584900852,6800992,NC
-0.29395307095033074,6800993,NC
-0.30389972413888683,6800994,NC
-0.2938464181086863,6800995,NC
-0.26879315291262135,6800996,NC
-0.2587399286035438,6800997,NC
-0.2636867452342647,6800998,NC
-0.26863360285755467,6800999,NC
-0.2635805015261435,6801000,NC
-0.2535274412927205,6801001,NC
-0.2384744222099339,6801002,NC
-0.24342144433039115,6801003,NC
-0.23336850770665907,6801004,NC
-0.2533156123912633,6801005,NC
-0.2332627584366887,6801006,NC
-0.22320994589537868,6801007,NC
-0.208157174819736,6801008,NC
-0.20810444526212218,6801009,NC
-0.19805175727485733,6801010,NC
-0.20799911091022058,6801011,NC
-0.20794650622044952,6801012,NC
-0.19789394325774062,6801013,NC
-0.2078414220742488,6801014,NC
-0.2227889427220875,6801015,NC
-0.21773650525332872,6801016,NC
-0.23268410972000297,6801017,NC
-0.23763175617409907,6801018,NC
-0.21757944466756404,6801019,NC
-0.23752717525230346,6801020,NC
-0.252474947980181,6801021,NC
-0.2474227629030185,6801022,NC
-0.262370620072596,6801023,NC
-0.26731851954065156,6801024,NC
-0.2722664613588813,6801025,NC
-0.25221444557893924,6801026,NC
-0.2571624722524375,6801027,NC
-0.2621105414309459,6801028,NC
-0.27705865316599226,6801029,NC
-0.282006807509062,6801030,NC
-0.27695500451159827,6801031,NC
-0.276903244225002,6801032,NC
-0.2818515267006318,6801033,NC
-0.2867998519898037,6801034,NC
-0.30674822014379116,6801035,NC
-0.3116966312138254,6801036,NC
-0.31164508525109486,6801037,NC
-0.2965935823067455,6801038,NC
-0.3115421224318802,6801039,NC
-0.33149070567755956,6801040,NC
-0.3364393320948013,6801041,NC
-0.3263880017345801,6801042,NC
-0.3063367146478279,6801043,NC
-0.2962854708854338,6801044,NC
-0.30123427049824353,6801045,NC
-0.31618311353706036,6801046,NC
-0.3311320000526439,6801047,NC
-0.34108093009571105,6801048,NC
-0.32102990371693524,6801049,NC
-0.31097892096694685,6801050,NC
-0.3109279818963328,6801051,NC
-0.3158770865556368,6801052,NC
-0.3308262349953591,6801053,NC
-0.33077542726595666,6801054,NC
-0.31072466341784266,6801055,NC
-0.3106739435013869,6801056,NC
-0.3256232675669158,6801057,NC
-0.33057263566471173,6801058,NC
-0.3205220478450136,6801059,NC
-0.34547150415801664,6801060,NC
-0.3154210046538721,6801061,NC
-0.3103705493826876,6801062,NC
-0.30032013839452665,6801063,NC
-0.31526977173940895,6801064,NC
-0.33021944946731036,6801065,NC
-0.3301691716281624,6801066,NC
-0.31011893827185255,6801067,NC
-0.30006874944822437,6801068,NC
-0.2950186052070771,6801069,NC
-0.29496850559816573,6801070,NC
-0.32491845067120095,6801071,NC
-0.31986844047584906,6801072,NC
-0.30981847506173227,6801073,NC
-0.29976855447842804,6801074,NC
-0.3047186787754695,6801075,NC
-0.30966884800234507,6801076,NC
-0.31461906220849883,6801077,NC
-0.29956932144333015,6801078,NC
-0.28451962575619366,6801079,NC
-0.2744699751963992,6801080,NC
-0.25442036981321203,6801081,NC
-0.2343708096558525,6801082,NC
-0.22432129477349597,6801083,NC
-0.21927182521527308,6801084,NC
-0.1542224010302693,6801085,NC
-0.08917302226752524,6801086,NC
-0.02412368897603632,6801087,NC
0.030925598795247103,6801088,NC
0.055974840997419784,6801089,NC
0.10102403758162179,6801090,NC
0.13107318849903843,6801091,NC
0.15112229370090038,6801092,NC
0.11117135313848345,6801093,NC
0.031220366763109096,6801094,NC
-0.06873066547385585,6801095,NC
-0.163681743620999,6801096,NC
-0.17863286772686252,6801097,NC
-0.1285840378399429,6801098,NC
-0.06853525400869104,6801099,NC
0.016513483718488008,6801100,NC
0.09656217529323477,6801101,NC
0.20661082066723557,6801102,NC
0.3116594197922227,6801103,NC
0.38670797261997436,6801104,NC
0.41675647910231445,6801105,NC
0.39180493919111303,6801106,L
0.33185335283828626,6801107,NC
0.2269017199957963,6801108,NC
0.13195004061565138,6801109,NC
0.03699831464990591,6801110,NC
-0.05295345794933939,6801111,NC
-0.13790527722993748,6801112,NC
-0.2278571432396952,6801113,NC
-0.33280905602637284,6801114,NC
-0.4027610156376844,6801115,NC
-0.47271302212129734,6801116,NC
-0.5326650755248326,6801117,NC
-0.5726171758958647,6801118,NC
-0.6025693232819214,6801119,NC
-0.6175215177304838,6801120,NC
-0.6074737592889864,6801121,NC
-0.5824260480048169,6801122,NC
-0.5473783839253165,6801123,NC
-0.5323307670977788,6801124,NC
-0.4972831975694516,6801125,NC
-0.45723567538753473,6801126,NC
-0.4121882005991817,6801127,NC
-0.37714077325149864,6801128,NC
-0.36709339339154484,6801129,NC
-0.3570460610663325,6801130,NC
-0.36199877632282634,6801131,NC
-0.3519515392079442,6801132,NC
-0.3519043497685564,6801133,NC
-0.33185720805148616,6801134,NC
-0.3268101141035093,6801135,NC
-0.3217630679713541,6801136,NC
-0.3367160697017017,6801137,NC
-0.3316691193411853,6801138,NC
-0.31662221693639103,6801139,NC
-0.3015753625338571,6801140,NC
-0.2965285561800743,6801141,NC
-0.3014817979214856,6801142,NC
-0.31643508780448637,6801143,NC
-0.32638842587542405,6801144,NC
-0.2963418121805984,6801145,NC
-0.2762952467662614,6801146,NC
-0.28124872967861686,6801147,NC
-0.2812022609638209,6801148,NC
-0.28615584066798133,6801149,NC
-0.29610946883715833,6801150,NC
-0.27606314551736383,6801151,NC
-0.26101687075456137,6801152,NC
-0.26597064459466657,6801153,NC
-0.2759244670835468,6801154,NC
-0.2808783382670212,6801155,NC
-0.2808322581908604,6801156,NC
-0.2407862269007868,6801157,NC
-0.23574024444247443,6801158,NC
-0.2256943108615489,6801159,NC
-0.250648426203587,6801160,NC
-0.22560259051411752,6801161,NC
-0.23555680383862007,6801162,NC
-0.21051106622252616,6801163,NC
-0.1954653777112182,6801164,NC
-0.17541973835003014,6801165,NC
-0.18037414818424707,6801166,NC
-0.17032860725910529,6801167,NC
-0.17028311561979215,6801168,NC
-0.16023767331144617,6801169,NC
-0.13019228037915703,6801170,NC
-0.12014693686796524,6801171,NC
-0.13010164282286232,6801172,NC
-0.11005639828879075,6801173,NC
-0.11501120331064385,6801174,NC
-0.08996605793326584,6801175,NC
-0.059920962201451614,6801176,NC
-0.05987591615994682,6801177,NC
-0.0548309198534479,6801178,NC
-0.04978597332660191,6801179,NC
-0.04474107662400639,6801180,NC
-0.02969622979020966,6801181,NC
0.015348567130289675,6801182,NC
0.02039331409304232,6801183,NC
0.015438011053648733,6801184,NC
0.025482657967758837,6801185,NC
0.025527254791072367,6801186,NC
0.05057180147933857,6801187,NC
0.08061629798835658,6801188,NC
0.08066074427397535,6801189,NC
0.08570514029209354,6801190,NC
0.08074948599865972,6801191,NC
0.08079378134967242,6801192,NC
0.1008380263011802,6801193,NC
0.1308822208092815,6801194,NC
0.1459263648301248,6801195,NC
0.1559704583199088,6801196,NC
0.13601450123488232,6801197,NC
0.13605849353134425,6801198,NC
0.16110243516564376,6801199,NC
0.16114632609418034,6801200,NC
0.1811901662734038,6801201,NC
0.17123395565981422,6801202,NC
0.16127769420996207,6801203,NC
0.15632138188044836,6801204,NC
0.13136501862792457,6801205,NC
0.13640860440909264,6801206,NC
