channel_0,sample #,type
0.07889698523575206,6993607,NC
0.07889844318992015,6993608,NC
0.053899892439698435,6993609,NC
0.03390133298487273,6993610,NC
0.04890276482523014,6993611,NC
0.05890418796055908,6993612,NC
0.0739056023906492,6993613,NC
0.06890700811529148,6993614,NC
0.06390840513427817,6993615,NC
0.03890979344740282,6993616,NC
0.003911173054460239,6993617,NC
-0.011087456044753446,6993618,NC
-0.021086093850440843,6993619,NC
-0.036084740362803264,6993620,NC
-0.08108339558204075,6993621,NC
-0.11108205950835201,6993622,NC
-0.1260807321419345,6993623,NC
-0.14607941348298442,6993624,NC
-0.15607810353169663,6993625,NC
-0.17107680228826475,6993626,NC
-0.20607550975288103,6993627,NC
-0.23107422592573648,6993628,NC
-0.24607295080702093,6993629,NC
-0.24107168439692275,6993630,NC
-0.24607042669562915,6993631,NC
-0.26106917770332594,6993632,NC
-0.26606793742019774,6993633,NC
-0.2910667058464278,6993634,NC
-0.2910654829821982,6993635,NC
-0.2910642688276896,6993636,NC
-0.3060630633830815,6993637,NC
-0.351061866648552,6993638,NC
-0.356060678624278,6993639,NC
-0.366059499310435,6993640,NC
-0.35605832870719734,6993641,NC
-0.3360571668147381,6993642,NC
-0.32105601363322883,6993643,NC
-0.34105486916284006,6993644,NC
-0.35105373340374085,6993645,NC
-0.36605260635609915,6993646,NC
-0.3610514880200814,6993647,NC
-0.361050378395853,6993648,NC
-0.34604927748357794,6993649,NC
-0.3410481852834188,6993650,NC
-0.356047101795537,6993651,NC
-0.3560460270200928,6993652,NC
-0.35604496095724497,6993653,NC
-0.33604390360715103,6993654,NC
-0.3260428549699672,6993655,NC
-0.3310418150458486,6993656,NC
-0.35104078383494874,6993657,NC
-0.36103976133742016,6993658,NC
-0.3560387475534139,6993659,NC
-0.35103774248307984,6993660,NC
-0.3310367461265665,6993661,NC
-0.321035758484021,6993662,NC
-0.34603477955558953,6993663,NC
-0.3460338093414166,6993664,NC
-0.34103284784164556,6993665,NC
-0.32603189505641866,6993666,NC
-0.3260309509858766,6993667,NC
-0.3110300156301589,6993668,NC
-0.32102908898940385,6993669,NC
-0.3310281710637484,6993670,NC
-0.33102726185332815,6993671,NC
-0.3110263613582775,6993672,NC
-0.2860254695787295,6993673,NC
-0.286024586514816,6993674,NC
-0.30602371216666746,6993675,NC
-0.3260228465344131,6993676,NC
-0.33102198961818086,6993677,NC
-0.3310211414180974,6993678,NC
-0.30602030193428803,6993679,NC
-0.30601947116687683,6993680,NC
-0.3160186491159866,6993681,NC
-0.3260178357817388,6993682,NC
-0.3310170311642537,6993683,NC
-0.31101623526365,6993684,NC
-0.3060154480800456,6993685,NC
-0.3160146696135567,6993686,NC
-0.3160138998642983,6993687,NC
-0.32101313883238425,6993688,NC
-0.32601238651792697,6993689,NC
-0.31601164292103767,6993690,NC
-0.30601090804182624,6993691,NC
-0.31101018188040125,6993692,NC
-0.31600946443687006,6993693,NC
-0.3310087557113387,6993694,NC
-0.32100805570391183,6993695,NC
-0.301007364414693,6993696,NC
-0.2960066818437843,6993697,NC
-0.3110060079912867,6993698,NC
-0.3310053428572997,6993699,NC
-0.33600468644192166,6993700,NC
-0.3310040387452495,6993701,NC
-0.306003399767379,6993702,NC
-0.29600276950840454,6993703,NC
-0.2960021479684194,6993704,NC
-0.3110015351475153,6993705,NC
-0.32100093104578287,6993706,NC
-0.30600033566331136,6993707,NC
-0.3059997490001887,6993708,NC
-0.30099917105650176,6993709,NC
-0.30099860183233584,6993710,NC
-0.31599804132777504,6993711,NC
-0.33599748954290226,6993712,NC
-0.310996946477799,6993713,NC
-0.3009964121325455,6993714,NC
-0.26099588650722083,6993715,NC
-0.2659953696019026,6993716,NC
-0.2809948614166672,6993717,NC
-0.2809943619515897,6993718,NC
-0.27099387120674395,6993719,NC
-0.2659933891822025,6993720,NC
-0.25099291587803657,6993721,NC
-0.2559924512943161,6993722,NC
-0.2859919954311097,6993723,NC
-0.29599154828848484,6993724,NC
-0.28599110986650755,6993725,NC
-0.2659906801652427,6993726,NC
-0.2359902591847536,6993727,NC
-0.23098984692510263,6993728,NC
-0.2459894433863507,6993729,NC
-0.2509890485685574,6993730,NC
-0.2659886624717811,6993731,NC
-0.26098828509607885,6993732,NC
-0.24598791644150642,6993733,NC
-0.2509875565081183,6993734,NC
-0.26598720529596775,6993735,NC
-0.27098686280510653,6993736,NC
-0.27598652903558535,6993737,NC
-0.26098620398745354,6993738,NC
-0.26098588766075914,6993739,NC
-0.27098558005554885,6993740,NC
-0.2959852811718681,6993741,NC
-0.30098499100976117,6993742,NC
-0.31098470956927093,6993743,NC
-0.30098443685043885,6993744,NC
-0.29098417285330536,6993745,NC
-0.2959839175779095,6993746,NC
-0.3109836710242888,6993747,NC
-0.32598343319247997,6993748,NC
-0.3359832040825179,6993749,NC
-0.3109829836944366,6993750,NC
-0.31098277202826863,6993751,NC
-0.3159825690840452,6993752,NC
-0.3309823748617964,6993753,NC
-0.3509821893615508,6993754,NC
-0.35098201258333594,6993755,NC
-0.3509818445271779,6993756,NC
-0.3509816851931015,6993757,NC
-0.3459815345811304,6993758,NC
-0.3509813926912867,6993759,NC
-0.3659812595235914,6993760,NC
-0.3509811350780642,6993761,NC
-0.34598101935472364,6993762,NC
-0.3509809123535865,6993763,NC
-0.3659808140746689,6993764,NC
-0.36098072451798524,6993765,NC
-0.3709806436835487,6993766,NC
-0.36598057157137137,6993767,NC
-0.36098050818146377,6993768,NC
-0.34598045351383533,6993769,NC
-0.3609804075684941,6993770,NC
-0.37598037034544696,6993771,NC
-0.36598034184469924,6993772,NC
-0.3709803220662553,6993773,NC
-0.34598031101011806,6993774,NC
-0.3309803086762891,6993775,NC
-0.34598031506476873,6993776,NC
-0.36098033017555603,6993777,NC
-0.3809803540086488,6993778,NC
-0.3809803865640436,6993779,NC
-0.3759804278417354,6993780,NC
-0.3709804778417183,6993781,NC
-0.3659805365639848,6993782,NC
-0.3709806040085263,6993783,NC
-0.3909806801753328,6993784,NC
-0.375980765064393,6993785,NC
-0.36598085867569435,6993786,NC
-0.3459809610092231,6993787,NC
-0.35098107206496404,6993788,NC
-0.37598119184290085,6993789,NC
-0.37098132034301573,6993790,NC
-0.35098145756528976,6993791,NC
-0.3159816035097026,6993792,NC
-0.2859817581762328,6993793,NC
-0.2709819215648574,6993794,NC
-0.2709820936755522,6993795,NC
-0.22598227450829184,6993796,NC
-0.18098246406304966,6993797,NC
-0.11598266233979754,6993798,NC
-0.05598286933850624,6993799,NC
-0.01098308505914513,6993800,NC
-0.015983309501682336,6993801,NC
-0.04098354266608471,6993802,NC
-0.07098378455231777,6993803,NC
-0.12098403516034577,6993804,NC
-0.21098429449013173,6993805,NC
-0.3109845625416372,6993806,NC
-0.41098483931482266,6993807,NC
-0.45098512480964725,6993808,NC
-0.41098541902606867,6993809,NC
-0.3009857219640435,6993810,NC
-0.16098603362352693,6993811,NC
-0.03598635400447295,6993812,NC
0.054013316893165825,6993813,NC
0.13401297906943802,6993814,NC
0.20401263252439353,6993815,NC
0.22401227725808365,6993816,NC
0.23901191327056076,6993817,L
0.1790115405618788,6993818,NC
0.07901115913209274,6993819,NC
-0.04598923101874101,6993820,NC
-0.13598962989056482,6993821,NC
-0.20599003748331968,6993822,NC
-0.2459904537969454,6993823,NC
-0.2959908788313804,6993824,NC
-0.360991312586562,6993825,NC
-0.4209917550624259,6993826,NC
-0.45099220625890696,6993827,NC
-0.46599266617593826,6993828,NC
-0.48599313481345197,6993829,NC
-0.5309936121713786,6993830,NC
-0.5759940982496481,6993831,NC
-0.5959945930481881,6993832,NC
-0.5759950965669258,6993833,NC
-0.5409956088057866,6993834,NC
-0.49099612976469503,6993835,NC
-0.4609966594435738,6993836,NC
-0.4459971978423449,6993837,NC
-0.4259977449609285,6993838,NC
-0.40099830079924403,6993839,NC
-0.37099886535720916,6993840,NC
-0.34599943863474053,6993841,NC
-0.34100002063175333,6993842,NC
-0.3410006113481616,6993843,NC
-0.34600121078387813,6993844,NC
-0.3360018189388142,6993845,NC
-0.3210024358128799,6993846,NC
-0.30600306140598427,6993847,NC
-0.31100369571803466,6993848,NC
-0.3160043387489374,6993849,NC
-0.3160049904985975,6993850,NC
-0.30100565096691856,6993851,NC
-0.296006320153803,6993852,NC
-0.276006998059152,6993853,NC
-0.29600768468286526,6993854,NC
-0.3160083800248414,6993855,NC
-0.33100908408497753,6993856,NC
-0.3210097968631697,6993857,NC
-0.3060105183593126,6993858,NC
-0.2860112485732995,6993859,NC
-0.28101198750502265,6993860,NC
-0.2860127351543726,6993861,NC
-0.291013491521239,6993862,NC
-0.27101425660551015,6993863,NC
-0.24601503040707284,6993864,NC
-0.22101581292581282,6993865,NC
-0.2260166041616143,6993866,NC
-0.23101740411436048,6993867,NC
-0.2410182127839331,6993868,NC
-0.23101903017021264,6993869,NC
-0.21101985627307834,6993870,NC
-0.186020691092408,6993871,NC
-0.18102153462807838,6993872,NC
-0.18602238687996475,6993873,NC
-0.19602324784794117,6993874,NC
-0.18602411753188036,6993875,NC
-0.1560249959316539,6993876,NC
-0.12102588304713185,6993877,NC
-0.11602677887818318,6993878,NC
-0.1260276834246755,6993879,NC
-0.11602859668647508,6993880,NC
-0.11102951866344701,6993881,NC
-0.081030449355455,6993882,NC
-0.0660313887623615,6993883,NC
-0.05103233688402771,6993884,NC
-0.07103329372031349,6993885,NC
-0.05103425927107744,6993886,NC
-0.04603523353617684,6993887,NC
-0.016036216515467744,6993888,NC
0.008962791791195128,6993889,NC
0.023961791383958354,6993890,NC
0.028960782262969775,6993891,NC
0.03895976442837851,6993892,NC
0.04895873788033499,6993893,NC
0.06395770261899093,6993894,NC
0.09395665864449931,6993895,NC
0.09395560595701445,6993896,NC
0.1089545445566919,6993897,NC
0.1089534744436885,6993898,NC
0.11895239561816243,6993899,NC
0.15395130808027313,6993900,NC
0.17395021183018128,6993901,NC
0.15394910686804894,6993902,NC
0.1389479931940394,6993903,NC
0.1289468708083172,6993904,NC
0.12894573971104828,6993905,NC
0.13394459990239974,6993906,NC
0.15394345138254006,6993907,NC
0.16394229415163897,6993908,NC
0.15894112820986753,6993909,NC
0.14893995355739797,6993910,NC
0.14893877019440396,6993911,NC
0.15393757812106035,6993912,NC
0.14893637733754334,6993913,NC
0.12893516784403036,6993914,NC
0.10893394964070015,6993915,NC
0.08393272272773276,6993916,NC
0.06393148710530952,6993917,NC
0.04893024277361303,6993918,NC
0.038928989732827185,6993919,NC
-0.006072272016862827,6993920,NC
-0.04107354247527055,6993921,NC
-0.061074821642208205,6993922,NC
-0.09107610951748678,6993923,NC
-0.09107740610091591,6993924,NC
-0.10107871139230402,6993925,NC
-0.12608002539145818,6993926,NC
-0.14608134809818418,6993927,NC
-0.16608267951228659,6993928,NC
-0.16608401963356859,6993929,NC
-0.16108536846183213,6993930,NC
-0.14108672599687797,6993931,NC
-0.15608809223850534,6993932,NC
-0.17108946718651244,6993933,NC
-0.21609085084069604,6993934,NC
-0.22609224320085158,6993935,NC
-0.2260936442667734,6993936,NC
-0.21609505403825444,6993937,NC
-0.21609647251508626,6993938,NC
-0.22109789969705929,6993939,NC
-0.22609933558396253,6993940,NC
-0.21610078017558396,6993941,NC
-0.21610223347170993,6993942,NC
-0.2211036954721257,6993943,NC
-0.23610516617661514,6993944,NC
-0.24610664558496106,6993945,NC
-0.26110813369694474,6993946,NC
-0.25110963051234625,6993947,NC
-0.25111113603094437,6993948,NC
-0.22111265025251664,6993949,NC
-0.2311141731768392,6993950,NC
-0.25111570480368706,6993951,NC
-0.2561172451328339,6993952,NC
-0.24611879416405197,6993953,NC
-0.2261203518971124,6993954,NC
-0.21112191833178506,6993955,NC
-0.22112349346783833,6993956,NC
-0.2311250773050394,6993957,NC
-0.23612666984315434,6993958,NC
-0.2311282710819477,6993959,NC
-0.2111298810211829,6993960,NC
-0.20113149966062194,6993961,NC
-0.20613312700002567,6993962,NC
-0.2261347630391535,6993963,NC
-0.23613640777776373,6993964,NC
-0.24113806121561332,6993965,NC
-0.20113972335245783,6993966,NC
-0.20114139418805166,6993967,NC
-0.20114307372214787,6993968,NC
-0.22114476195449828,6993969,NC
-0.2311464588848533,6993970,NC
-0.23114816451296225,6993971,NC
-0.21114987883857306,6993972,NC
-0.19615160186143227,6993973,NC
-0.19615333358128534,6993974,NC
-0.20615507399787633,6993975,NC
-0.23115682311094798,6993976,NC
-0.22115858092024188,6993977,NC
-0.22116034742549817,6993978,NC
-0.2061621226264558,6993979,NC
-0.22116390652285248,6993980,NC
-0.24116569911442445,6993981,NC
-0.2311675004009069,6993982,NC
-0.21616931038203366,6993983,NC
-0.2011711290575371,6993984,NC
-0.19117295642714852,6993985,NC
-0.2011747924905979,6993986,NC
-0.23117663724761378,6993987,NC
-0.23117849069792362,6993988,NC
-0.2311803528412535,6993989,NC
-0.22118222367732826,6993990,NC
-0.20618410320587127,6993991,NC
-0.1961859914266049,6993992,NC
-0.22118788833925007,6993993,NC
-0.2211897939435264,6993994,NC
-0.23119170823915222,6993995,NC
-0.23619363122584475,6993996,NC
-0.2211955629033198,6993997,NC
-0.2261975032712917,6993998,NC
-0.21619945232947396,6993999,NC
-0.21620141007757834,6994000,NC
-0.21120337651531557,6994001,NC
-0.19120535164239502,6994002,NC
-0.17620733545852482,6994003,NC
-0.17120932796341184,6994004,NC
-0.1862113291567615,6994005,NC
-0.1862133390382781,6994006,NC
-0.19121535760766464,6994007,NC
-0.1712173848646228,6994008,NC
-0.1512194208088529,6994009,NC
-0.14122146544005415,6994010,NC
-0.13622351875792432,6994011,NC
-0.14622558076215997,6994012,NC
-0.1312276514524564,6994013,NC
-0.13122973082850758,6994014,NC
-0.12123181889000614,6994015,NC
-0.12623391563664357,6994016,NC
-0.16123602106810997,6994017,NC
-0.1662381351840942,6994018,NC
-0.1712402579842838,6994019,NC
-0.16124238946836505,6994020,NC
-0.14624452963602294,6994021,NC
-0.15124667848694123,6994022,NC
-0.16624883602080232,6994023,NC
-0.1812510022372873,6994024,NC
-0.18125317713607614,6994025,NC
-0.17625536071684733,6994026,NC
-0.17125755297927825,6994027,NC
-0.1812597539230448,6994028,NC
-0.20126196354782183,6994029,NC
-0.2112641818532827,6994030,NC
-0.2112664088390996,6994031,NC
-0.21126864450494343,6994032,NC
-0.20627088885048378,6994033,NC
-0.21627314187538896,6994034,NC
-0.22627540357932596,6994035,NC
-0.23627767396196064,6994036,NC
-0.2412799530229574,6994037,NC
-0.2312822407619794,6994038,NC
-0.23128453717868858,6994039,NC
-0.2412868422727456,6994040,NC
-0.25628915604380975,6994041,NC
-0.26129147849153905,6994042,NC
-0.25129380961559034,6994043,NC
-0.23629614941561905,6994044,NC
-0.22129849789127948,6994045,NC
-0.23130085504222442,6994046,NC
-0.2713032208681057,6994047,NC
-0.2763055953685735,6994048,NC
-0.27130797854327704,6994049,NC
-0.261310370391864,6994050,NC
-0.25131277091398097,6994051,NC
-0.24631518010927322,6994052,NC
-0.26631759797738463,6994053,NC
-0.29132002451795785,6994054,NC
-0.29132245973063436,6994055,NC
-0.2663249036150543,6994056,NC
-0.24132735617085632,6994057,NC
-0.24132981739767811,6994058,NC
-0.2663322872951559,6994059,NC
-0.2763347658629247,6994060,NC
-0.2713372531006181,6994061,NC
-0.26133974900786866,6994062,NC
-0.2463422535843074,6994063,NC
-0.24634476682956427,6994064,NC
-0.27634728874326786,6994065,NC
-0.2763498193250454,6994066,NC
-0.2563523585745228,6994067,NC
-0.24135490649132502,6994068,NC
-0.2513574630750754,6994069,NC
-0.2463600283253961,6994070,NC
-0.24136260224190803,6994071,NC
-0.2613651848242308,6994072,NC
-0.24636777607198276,6994073,NC
-0.2263703759847809,6994074,NC
-0.2063729845622411,6994075,NC
-0.19637560180397773,6994076,NC
-0.176378227709604,6994077,NC
-0.14638086227873193,6994078,NC
-0.10138350551097211,6994079,NC
-0.0363861574059339,6994080,NC
0.0436111820367746,6994081,NC
0.0686085128175466,6994082,NC
0.09360583493677656,6994083,NC
0.07360314839486022,6994084,NC
0.05360045319219464,6994085,NC
-0.006402250670821875,6994086,NC
-0.08140496319378974,6994087,NC
-0.18640768437630806,6994088,NC
-0.29141041421797464,6994089,NC
-0.34641315271838624,6994090,NC
-0.31641589987713786,6994091,NC
-0.23641865569382373,6994092,NC
-0.13142142016803648,6994093,NC
-0.021424193299367594,6994094,NC
0.08857302491259278,6994095,NC
0.17357023446825576,6994096,NC
0.2685674353680337,6994097,NC
0.32856462761234034,6994098,NC
0.3735618112015905,6994099,NC
0.3485589861362005,6994100,L
0.27855615241658793,6994101,NC
0.14855331004317138,6994102,NC
0.03855045901637105,6994103,NC
-0.05645240066339177,6994104,NC
-0.11145526899569444,6994105,NC
-0.17645814598011303,6994106,NC
-0.24646103161622243,6994107,NC
-0.29646392590359616,6994108,NC
-0.34646682884180646,6994109,NC
-0.39646974043042427,6994110,NC
-0.4214726606690194,6994111,NC
-0.48147558955716024,6994112,NC
-0.5164785270944139,6994113,NC
-0.5314814732803462,6994114,NC
-0.506484428114522,6994115,NC
-0.4514873915965043,6994116,NC
-0.40649036372585534,6994117,NC
-0.3714933445021358,6994118,NC
-0.3564963339249051,6994119,NC
-0.33149933199372156,6994120,NC
-0.301502338708142,6994121,NC
-0.27650535406772225,6994122,NC
-0.2615083780720165,6994123,NC
-0.25651141072057787,6994124,NC
-0.27151445201295826,6994125,NC
-0.27651750194870817,6994126,NC
-0.26152056052737677,6994127,NC
-0.2565236277485122,6994128,NC
-0.25152670361166096,6994129,NC
-0.2365297881163687,6994130,NC
-0.23653288126217947,6994131,NC
-0.25153598304863617,6994132,NC
-0.24153909347528035,6994133,NC
-0.22654221254165238,6994134,NC
-0.21654534024729133,6994135,NC
-0.2165484765917349,6994136,NC
-0.21155162157451957,6994137,NC
-0.22155477519518063,6994138,NC
-0.22155793745325195,6994139,NC
-0.2015611083482662,6994140,NC
-0.1865642878797548,6994141,NC
-0.19156747604724786,6994142,NC
-0.2015706728502742,6994143,NC
-0.20657387828836135,6994144,NC
-0.1965770923610356,6994145,NC
-0.17658031506782199,6994146,NC
-0.14158354640824422,6994147,NC
-0.1515867863818247,6994148,NC
-0.15659003498808471,6994149,NC
-0.15659329222654406,6994150,NC
-0.14159655809672142,6994151,NC
-0.1215998325981341,6994152,NC
-0.11160311573029821,6994153,NC
-0.10660640749272854,6994154,NC
-0.10660970788493859,6994155,NC
-0.12161301690644062,6994156,NC
-0.10661633455674563,6994157,NC
-0.09161966083536326,6994158,NC
-0.07162299574180198,6994159,NC
-0.06662633927556891,6994160,NC
-0.07162969143616993,6994161,NC
-0.051633052223109634,6994162,NC
-0.05163642163589135,6994163,NC
-0.03163979967401711,6994164,NC
-0.011643186336987708,6994165,NC
0.008353418375697384,6994166,NC
-0.0016499855354600648,6994167,NC
0.008346601930042975,6994168,NC
0.03834318077271086,6994169,NC
0.06333975099304918,6994170,NC
0.0883363125915648,6994171,NC
0.09333286556876588,6994172,NC
0.08832940992516186,6994173,NC
0.0883259456612634,6994174,NC
0.1083224727775825,6994175,NC
0.12831899127463237,6994176,NC
0.14331550115292757,6994177,NC
0.16331200241298388,6994178,NC
0.15330849505531835,6994179,NC
0.15330497908044935,6994180,NC
0.15330145448889645,6994181,NC
0.1682979212811806,6994182,NC
0.1982943794578239,6994183,NC
0.1932908290193498,6994184,NC
0.183287269966283,6994185,NC
0.17328370229914952,6994186,NC
0.17328012601847656,6994187,NC
0.19327654112479267,6994188,NC
0.20827294761862766,6994189,NC
0.1832693455005126,6994190,NC
0.1682657347709798,6994191,NC
0.14326211543056291,6994192,NC
0.13325848747979682,6994193,NC
0.11325485091921768,6994194,NC
0.10825120574936292,6994195,NC
0.08324755197077126,6994196,NC
0.05324388958398267,6994197,NC
0.013240218589538402,6994198,NC
-0.0017634610120190256,6994199,NC
-0.021767149220145818,6994200,NC
-0.03677084603429689,6994201,NC
-0.06177455145392591,6994202,NC
-0.10177826547848529,6994203,NC
-0.13678198810742612,6994204,NC
-0.14678571934019824,6994205,NC
-0.14678945917625025,6994206,NC
-0.13679320761502947,6994207,NC
-0.14679696465598185,6994208,NC
-0.16680073029855227,6994209,NC
-0.19180450454218412,6994210,NC
-0.18680828738631966,6994211,NC
-0.19681207883039983,6994212,NC
-0.1768158788738643,6994213,NC
-0.2068196875161515,6994214,NC
-0.22182350475669854,6994215,NC
-0.24682733059494125,6994216,NC
-0.2518311650303143,6994217,NC
-0.23683500806225094,6994218,NC
-0.22183885969018333,6994219,NC
-0.22684271991354207,6994220,NC
-0.25184658873175686,6994221,NC
-0.2518504661442559,6994222,NC
-0.26185435215046604,6994223,NC
-0.24685824674981308,6994224,NC
-0.2318621499417214,6994225,NC
-0.23186606172561425,6994226,NC
-0.2468699821009135,6994227,NC
-0.24687391106703968,6994228,NC
-0.26187784862341223,6994229,NC
-0.24188179476944915,6994230,NC
-0.2518857495045674,6994231,NC
-0.25188971282818234,6994232,NC
-0.2668936847397084,6994233,NC
-0.2668976652385585,6994234,NC
-0.25690165432414436,6994235,NC
-0.24690565199587652,6994236,NC
-0.23690965825316412,6994237,NC
-0.23691367309541514,6994238,NC
-0.27191769652203623,6994239,NC
-0.28192172853243275,6994240,NC
-0.26192576912600884,6994241,NC
-0.2519298183021673,6994242,NC
-0.23693387606030983,6994243,NC
-0.2519379423998367,6994244,NC
-0.25694201732014693,6994245,NC
-0.2569461008206383,6994246,NC
-0.24695019290070738,6994247,NC
-0.24195429355974934,6994248,NC
-0.22695840279715823,6994249,NC
-0.22696252061232675,6994250,NC
-0.23196664700464628,6994251,NC
-0.24197078197350708,6994252,NC
-0.25197492551829803,6994253,NC
-0.2319790776384067,6994254,NC
-0.21698323833321959,6994255,NC
-0.23198740760212164,6994256,NC
-0.24699158544449687,6994257,NC
-0.2569957718597277,6994258,NC
-0.25699996684719556,6994259,NC
-0.24700417040628042,6994260,NC
-0.23200838253636102,6994261,NC
-0.24701260323681495,6994262,NC
-0.2570168325070184,6994263,NC
-0.26702107034634637,6994264,NC
-0.2820253167541725,6994265,NC
-0.26702957172986924,6994266,NC
-0.2420338352728078,6994267,NC
-0.2370381073823581,6994268,NC
-0.25704238805788876,6994269,NC
-0.27204667729876714,6994270,NC
-0.2620509751043594,6994271,NC
-0.26705528147403024,6994272,NC
-0.2570595964071434,6994273,NC
-0.2670639199030611,6994274,NC
-0.2670682519611445,6994275,NC
-0.2670725925807532,6994276,NC
-0.27207694176124586,6994277,NC
-0.2670812995019797,6994278,NC
-0.24708566580231064,6994279,NC
-0.2720900406615935,6994280,NC
-0.28209442407918167,6994281,NC
-0.3070988160544273,6994282,NC
-0.3021032165866814,6994283,NC
-0.2871076256752936,6994284,NC
-0.26711204331961236,6994285,NC
-0.2671164695189847,6994286,NC
-0.28212090427275655,6994287,NC
-0.2871253475802724,6994288,NC
-0.28212979944087585,6994289,NC
-0.2771342598539087,6994290,NC
-0.27713872881871193,6994291,NC
-0.277143206334625,6994292,NC
-0.2821476924009863,6994293,NC
-0.2871521870171327,6994294,NC
-0.26715669018240007,6994295,NC
-0.25216120189612284,6994296,NC
-0.2521657221576343,6994297,NC
-0.24717025096626638,6994298,NC
-0.26217478832134977,6994299,NC
-0.26717933422221396,6994300,NC
-0.2521838886681871,6994301,NC
-0.2471884516585961,6994302,NC
-0.22719302319276657,6994303,NC
-0.22719760327002297,6994304,NC
-0.23720219188968844,6994305,NC
-0.23720678905108478,6994306,NC
-0.2472113947535326,6994307,NC
-0.23221600899635125,6994308,NC
-0.23222063177885885,6994309,NC
-0.24222526310037218,6994310,NC
-0.25222990296020675,6994311,NC
-0.27723455135767694,6994312,NC
-0.26723920829209574,6994313,NC
-0.2572438737627749,6994314,NC
-0.2522485477690249,6994315,NC
-0.2672532303101551,6994316,NC
-0.2872579213854733,6994317,NC
-0.2922626209942864,6994318,NC
-0.2872673291358998,6994319,NC
-0.2922720458096177,6994320,NC
-0.2772767710147431,6994321,NC
-0.28728150475057745,6994322,NC
-0.30728624701642143,6994323,NC
-0.3172909978115741,6994324,NC
-0.32229575713533337,6994325,NC
-0.3223005249869958,6994326,NC
-0.3123053013658569,6994327,NC
-0.31731008627121066,6994328,NC
-0.33731487970235,6994329,NC
-0.35231968165856653,6994330,NC
-0.3523244921391505,6994331,NC
-0.3473293111433912,6994332,NC
-0.3323341386705762,6994333,NC
-0.33733897471999214,6994334,NC
-0.34234381929092433,6994335,NC
-0.3623486723826568,6994336,NC
-0.35235353399447233,6994337,NC
-0.3523584041256525,6994338,NC
-0.34736328277547757,6994339,NC
-0.36236816994322635,6994340,NC
-0.3673730656281768,6994341,NC
-0.3723779698296053,6994342,NC
-0.38238288254678715,6994343,NC
-0.3673878037789962,6994344,NC
-0.33739273352550536,6994345,NC
-0.34239767178558583,6994346,NC
-0.3624026185585079,6994347,NC
-0.3774075738435406,6994348,NC
-0.38741253763995154,6994349,NC
-0.3874175099470071,6994350,NC
-0.3674224907639725,6994351,NC
-0.36242748009011155,6994352,NC
-0.37743247792468704,6994353,NC
-0.38743748426696023,6994354,NC
-0.37744249911619127,6994355,NC
-0.3724475224716391,6994356,NC
-0.3674525543325613,6994357,NC
-0.3624575946982142,6994358,NC
-0.36746264356785296,6994359,NC
-0.3774677009407314,6994360,NC
-0.35747276681610207,6994361,NC
-0.35247784119321635,6994362,NC
-0.33748292407132435,6994363,NC
-0.35248801544967473,6994364,NC
-0.36249311532751527,6994365,NC
-0.36749822370409213,6994366,NC
-0.3525033405786504,6994367,NC
-0.3275084659504339,6994368,NC
-0.2825135998186852,6994369,NC
-0.2575187421826454,6994370,NC
-0.21752389304155478,6994371,NC
-0.15752905239465195,6994372,NC
-0.06753422024117448,6994373,NC
0.00746060341964138,6994374,NC
0.057455418588560625,6994375,NC
0.06745022526634949,6994376,NC
0.03744502345377548,6994377,NC
-0.027560186848392648,6994378,NC
-0.10756540563938488,6994379,NC
-0.20257063291842994,6994380,NC
-0.30257586868475533,6994381,NC
-0.3725811129375872,6994382,NC
-0.4025863656761507,6994383,NC
-0.36259162689966934,6994384,NC
-0.2575968966073657,6994385,NC
-0.13260217479846095,6994386,NC
-0.012607461472175063,6994387,NC
0.09738724337227328,6994388,NC
0.16738193973566662,6994389,NC
0.21237662761878875,6994390,NC
0.21237130702242474,6994391,L
0.1623659779473609,6994392,NC
0.08236064039438482,6994393,NC
-0.047644705635714726,6994394,NC
-0.16765006014214764,6994395,NC
-0.2576554231241226,6994396,NC
-0.31266079458084706,6994397,NC
-0.36766617451152717,6994398,NC
-0.3926715629153678,6994399,NC
-0.43767695979157273,6994400,NC
-0.5076823651393442,6994401,NC
-0.5476877789578836,6994402,NC
-0.5976932012463907,6994403,NC
-0.5976986320040641,6994404,NC
-0.5777040712301014,6994405,NC
-0.5527095189236986,6994406,NC
-0.5327149750840505,6994407,NC
-0.5227204397103511,6994408,NC
-0.4927259128017927,6994409,NC
-0.46273139435756616,6994410,NC
-0.4427368843768616,6994411,NC
-0.4427423828588677,6994412,NC
-0.4277478898027718,6994413,NC
-0.41275340520776,6994414,NC
-0.40275892907301736,6994415,NC
-0.38776446139772736,6994416,NC
-0.39777000218107245,6994417,NC
-0.3877755514222338,6994418,NC
-0.3977811091203913,6994419,NC
-0.40278667527472356,6994420,NC
-0.3927922498844081,6994421,NC
-0.36779783294862084,6994422,NC
-0.3628034244665369,6994423,NC
-0.3628090244373299,6994424,NC
-0.3828146328601721,6994425,NC
-0.3778202497342348,6994426,NC
-0.3828258750586878,6994427,NC
-0.36783150883269977,6994428,NC
-0.35283715105543817,6994429,NC
-0.3428428017260692,6994430,NC
-0.34784846084375765,6994431,NC
-0.3628541284076671,6994432,NC
-0.33785980441696023,6994433,NC
-0.33286548887079803,6994434,NC
-0.3128711817683404,6994435,NC
-0.31287688310874606,6994436,NC
-0.31788259289117243,6994437,NC
-0.3228883111147757,6994438,NC
-0.3178940377787107,6994439,NC
-0.27789977288213125,6994440,NC
-0.26790551642418964,6994441,NC
-0.2579112684040371,6994442,NC
-0.2579170288208236,6994443,NC
-0.26292279767369786,6994444,NC
-0.2529285749618072,6994445,NC
-0.26293436068429793,6994446,NC
-0.21794015484031493,6994447,NC
-0.2129459574290019,6994448,NC
-0.20295176844950136,6994449,NC
-0.20795758790095448,6994450,NC
-0.1879634157825012,6994451,NC
-0.16796925209328029,6994452,NC
-0.13797509683242917,6994453,NC
-0.12298094999908411,6994454,NC
-0.1279868115923801,6994455,NC
-0.1179926816114508,6994456,NC
-0.09799856005542879,6994457,NC
-0.07800444692344528,6994458,NC
-0.038010342214630254,6994459,NC
-0.03301624592811248,6994460,NC
-0.03802215806301949,6994461,NC
-0.008028078618477527,6994462,NC
0.001965992406388381,6994463,NC
0.031960055012454455,6994464,NC
0.051954109200598175,6994465,NC
0.051948154971698225,6994466,NC
0.04694219232663457,6994467,NC
0.04693622126628841,6994468,NC
0.0719302417915422,6994469,NC
0.09692425390327959,6994470,NC
0.11691825760238554,6994471,NC
0.12691225288974622,6994472,NC
0.13190623976624902,6994473,NC
0.12690021823278264,6994474,NC
0.12189418829023693,6994475,NC
0.13188814993950307,6994476,NC
0.13188210318147342,6994477,NC
0.12687604801704166,6994478,NC
0.10686998444710259,6994479,NC
0.08186391247255237,6994480,NC
0.07185783209428835,6994481,NC
0.056851743313209115,6994482,NC
0.061845646130214524,6994483,NC
0.03183954054620562,6994484,NC
-0.013166573437915233,6994485,NC
-0.05317269582124449,6994486,NC
-0.06817882660287736,6994487,NC
-0.08318496578190777,6994488,NC
-0.08319111335742845,6994489,NC
-0.10819726932853085,6994490,NC
-0.1332034336943052,6994491,NC
-0.16320960645384056,6994492,NC
-0.1682157876062246,6994493,NC
-0.17322197715054385,6994494,NC
-0.17822817508588357,6994495,NC
-0.19823438141132788,6994496,NC
-0.18824059612595942,6994497,NC
-0.20324681922885987,6994498,NC
-0.22325305071910947,6994499,NC
-0.19825929059578726,6994500,NC
-0.19826553885797116,6994501,NC
-0.1932717955047377,6994502,NC
-0.20827806053516226,6994503,NC
-0.21828433394831895,6994504,NC
-0.22329061574328063,6994505,NC
-0.22329690591911897,6994506,NC
-0.2133032044749043,6994507,NC
-0.20330951140970582,6994508,NC
-0.22831582672259146,6994509,NC
-0.24332215041262792,6994510,NC
-0.23332848247888058,6994511,NC
-0.21333482292041375,6994512,NC
-0.1983411717362903,6994513,NC
-0.19834752892557198,6994514,NC
-0.21835389448731934,6994515,NC
-0.23336026842059152,6994516,NC
-0.23336665072444668,6994517,NC
-0.20837304139794155,6994518,NC
-0.20837944044013162,6994519,NC
-0.20838584785007125,6994520,NC
-0.21339226362681352,6994521,NC
-0.21839868776941024,6994522,NC
-0.21840512027691203,6994523,NC
-0.2084115611483682,6994524,NC
-0.18341801038282693,6994525,NC
-0.18342446797933512,6994526,NC
-0.18843093393693838,6994527,NC
-0.20343740825468118,6994528,NC
-0.19844389093160666,6994529,NC
-0.18845038196675679,6994530,NC
-0.17345688135917228,6994531,NC
-0.1684633891078926,6994532,NC
-0.178469905211956,6994533,NC
-0.19347642967039946,6994534,NC
-0.19848296248225883,6994535,NC
-0.16348950364656858,6994536,NC
-0.15849605316236204,6994537,NC
-0.15850261102867125,6994538,NC
-0.1735091772445271,6994539,NC
-0.16851575180895914,6994540,NC
-0.17852233472099577,6994541,NC
-0.16352892597966412,6994542,NC
-0.15353552558399008,6994543,NC
-0.15854213353299837,6994544,NC
-0.14854874982571234,6994545,NC
-0.17855537446115424,6994546,NC
-0.17356200743834505,6994547,NC
-0.1485686487563045,6994548,NC
-0.13857529841405106,6994549,NC
-0.15358195641060202,6994550,NC
-0.16858862274497344,6994551,NC
-0.17359529741618007,6994552,NC
-0.16360198042323554,6994553,NC
-0.1386086717651522,6994554,NC
-0.13361537144094113,6994555,NC
-0.1386220794496122,6994556,NC
-0.16362879579017406,6994557,NC
-0.16863552046163416,6994558,NC
-0.16864225346299866,6994559,NC
-0.1586489947932725,6994560,NC
-0.13865574445145945,6994561,NC
-0.13366250243656194,6994562,NC
-0.16866926874758129,6994563,NC
-0.1686760433835175,6994564,NC
-0.16868282634336937,6994565,NC
-0.15368961762613445,6994566,NC
-0.14869641723080912,6994567,NC
-0.1487032251563885,6994568,NC
-0.17371004140186647,6994569,NC
-0.1837168659662356,6994570,NC
-0.16872369884848742,6994571,NC
-0.14873054004761205,6994572,NC
-0.12373738956259847,6994573,NC
-0.11374424739243447,6994574,NC
-0.10875111353610648,6994575,NC
-0.12375798799259977,6994576,NC
-0.12376487076089847,6994577,NC
-0.10877176183998535,6994578,NC
-0.09377866122884199,6994579,NC
-0.1037855689264488,6994580,NC
-0.11379248493178488,6994581,NC
-0.10379940924382813,6994582,NC
-0.09380634186155526,6994583,NC
-0.07381328278394172,6994584,NC
-0.05882023200996172,6994585,NC
-0.05882718953858825,6994586,NC
-0.06883415536879312,6994587,NC
-0.08884112949954681,6994588,NC
-0.09384811192981873,6994589,NC
-0.09385510265857691,6994590,NC
-0.0888621016847882,6994591,NC
-0.08386910900741831,6994592,NC
-0.09887612462543158,6994593,NC
-0.11388314853779125,6994594,NC
-0.1188901807434592,6994595,NC
-0.10889722124139628,6994596,NC
-0.10390427003056192,6994597,NC
-0.10391132710991444,6994598,NC
-0.13391839247841086,6994599,NC
-0.13892546613500706,6994600,NC
-0.15393254807865764,6994601,NC
-0.14393963830831596,6994602,NC
-0.1289467368229342,6994603,NC
-0.12895384362146328,6994604,NC
-0.14396095870285297,6994605,NC
-0.14896808206605167,6994606,NC
-0.1539752137100067,6994607,NC
-0.14898235363366408,6994608,NC
-0.13398950183596864,6994609,NC
-0.14399665831586395,6994610,NC
-0.1740038230722924,6994611,NC
-0.18901099610419514,6994612,NC
-0.19401817741051208,6994613,NC
-0.17402536699018192,6994614,NC
-0.13903256484214213,6994615,NC
-0.15403977096532898,6994616,NC
-0.17404698535867752,6994617,NC
-0.18905420802112152,6994618,NC
-0.19906143895159362,6994619,NC
-0.1840686781490251,6994620,NC
-0.1640759256123462,6994621,NC
-0.17408318134048584,6994622,NC
-0.19909044533237163,6994623,NC
-0.20409771758693013,6994624,NC
-0.21410499810308659,6994625,NC
-0.18411228687976497,6994626,NC
-0.1591195839158882,6994627,NC
-0.17412688921037783,6994628,NC
-0.18413420276215423,6994629,NC
-0.19414152457013656,6994630,NC
-0.19914885463324278,6994631,NC
-0.18915619295038957,6994632,NC
-0.16916353952049246,6994633,NC
-0.16917089434246568,6994634,NC
-0.1791782574152223,6994635,NC
-0.19918562873767423,6994636,NC
-0.19919300830873202,6994637,NC
-0.17420039612730506,6994638,NC
-0.16420779219230155,6994639,NC
-0.16421519650262847,6994640,NC
-0.16922260905719155,6994641,NC
-0.18923002985489532,6994642,NC
-0.17423745889464307,6994643,NC
-0.15924489617533688,6994644,NC
-0.12925234169587768,6994645,NC
-0.13425979545516506,6994646,NC
-0.14426725745209748,6994647,NC
-0.13427472768557216,6994648,NC
-0.10428220615448511,6994649,NC
-0.04928969285773107,6994650,NC
0.015702812205796335,6994651,NC
0.08569530903720479,6994652,NC
0.17568779763760314,6994653,NC
0.2406802780081015,6994654,NC
0.3006727501498111,6994655,NC
0.36566521406384456,6994656,NC
0.36565766975131553,6994657,NC
0.32565011721333903,6994658,NC
0.2356425564510311,6994659,NC
0.15563498746550924,6994660,NC
0.11562741025789196,6994661,NC
0.14561982482929914,6994662,NC
0.23561223118085173,6994663,NC
0.34560462931367203,6994664,NC
0.4705970192288834,6994665,NC
0.5705894009276107,6994666,NC
0.6755817744109797,6994667,NC
0.7405741396801174,6994668,NC
0.7855664967361521,6994669,NC
0.7505588455802135,6994670,L
0.6405511862134323,6994671,NC
0.5205435186369405,6994672,NC
0.40553584285187094,6994673,NC
0.3105281588593583,6994674,NC
0.24052046666053814,6994675,NC
0.1505127662565472,6994676,NC
0.06550505764852348,6994677,NC
-0.009502659162393741,6994678,NC
-0.09451038417506405,6994679,NC
-0.14951811738834578,6994680,NC
-0.2195258588010961,6994681,NC
-0.29953360841217086,6994682,NC
-0.3645413662204249,6994683,NC
-0.3895491322247116,6994684,NC
-0.3795569064238833,6994685,NC
-0.3395646888167911,6994686,NC
-0.2845724794022848,6994687,NC
-0.2645802781792131,6994688,NC
-0.24458808514642344,6994689,NC
-0.2545959003027621,6994690,NC
-0.23460372364707402,6994691,NC
-0.2296115551782031,6994692,NC
-0.22961939489499192,6994693,NC
-0.22462724279628188,6994694,NC
-0.2346350988809131,6994695,NC
-0.24964296314772466,6994696,NC
-0.24465083559555423,6994697,NC
-0.2246587162232385,6994698,NC
-0.20466660502961265,6994699,NC
-0.21467450201351096,6994700,NC
-0.23968240717376627,6994701,NC
-0.2496903205092104,6994702,NC
-0.22969824201867375,6994703,NC
-0.2047061717009858,6994704,NC
-0.17971410955497444,6994705,NC
-0.1947220555794667,6994706,NC
-0.20473000977328826,6994707,NC
-0.2247379721352636,6994708,NC
-0.22474594266421588,6994709,NC
-0.20975392135896725,6994710,NC
-0.1847619082183386,6994711,NC
-0.17476990324114955,6994712,NC
-0.1897779064262185,6994713,NC
-0.20478591777236277,6994714,NC
-0.21479393727839832,6994715,NC
-0.19480196494314,6994716,NC
-0.17981000076540143,6994717,NC
-0.17481804474399507,6994718,NC
-0.17482609687773204,6994719,NC
-0.1648341571654224,6994720,NC
-0.14484222560587498,6994721,NC
-0.1148503021978973,6994722,NC
-0.09485838694029577,6994723,NC
-0.09486647983187561,6994724,NC
-0.12987458087144077,6994725,NC
-0.15488269005779406,6994726,NC
-0.13989080738973703,6994727,NC
-0.12989893286607002,6994728,NC
-0.09990706648559224,6994729,NC
-0.07491520824710163,6994730,NC
-0.06492335814939494,6994731,NC
-0.06993151619126775,6994732,NC
-0.0499396823715144,6994733,NC
-0.009947856688928038,6994734,NC
0.015043960857699393,6994735,NC
0.03003577026957714,6994736,NC
0.04002757154791566,6994737,NC
0.035019364693926636,6994738,NC
0.040011149708822885,6994739,NC
0.055002926593818516,6994740,NC
0.06999469535012875,6994741,NC
0.08998645597897012,6994742,NC
0.08997820848156021,6994743,NC
0.09996995285911794,6994744,NC
0.10496168911286337,6994745,NC
0.13995341724401777,6994746,NC
0.15994513725380358,6994747,NC
0.15993684914344453,6994748,NC
0.16492855291416542,6994749,NC
0.1699202485671924,6994750,NC
0.18491193610375267,6994751,NC
0.2049036155250747,6994752,NC
0.24489528683238823,6994753,NC
0.2548869500269241,6994754,NC
0.25987860510991423,6994755,NC
0.2548702520825922,6994756,NC
0.23986189094619212,6994757,NC
0.2348535217019499,6994758,NC
0.2098451443511023,6994759,NC
0.17983675889488743,6994760,NC
0.15982836533454448,6994761,NC
0.14481996367131394,6994762,NC
0.13981155390643749,6994763,NC
0.12480313604115792,6994764,NC
0.12479471007671933,6994765,NC
0.08978627601436692,6994766,NC
0.05977783385534714,6994767,NC
0.01976938360090766,6994768,NC
-0.020239074747702715,6994769,NC
-0.03024754118923397,6994770,NC
-0.045256015722434845,6994771,NC
-0.06026449834605294,6994772,NC
-0.08027298905883465,6994773,NC
-0.08528148785952513,6994774,NC
-0.09528999474686839,6994775,NC
-0.09529850971960722,6994776,NC
-0.07030703277648326,6994777,NC
-0.08531556391623689,6994778,NC
-0.09032410313760728,6994779,NC
-0.11533265043933255,6994780,NC
-0.11534120582014942,6994781,NC
-0.10534976927879358,6994782,NC
-0.09535834081399945,6994783,NC
-0.1053669204245003,6994784,NC
-0.10037550810902814,6994785,NC
-0.12038410386631385,6994786,NC
-0.12039270769508709,6994787,NC
-0.11040131959407634,6994788,NC
-0.10540993956200884,6994789,NC
-0.11541856759761074,6994790,NC
-0.12042720369960686,6994791,NC
-0.13043584786672097,6994792,NC
-0.11544450009767554,6994793,NC
-0.10045316039119188,6994794,NC
-0.09046182874599015,6994795,NC
-0.08547050516078927,6994796,NC
-0.10547918963430697,6994797,NC
-0.12048788216525982,6994798,NC
-0.12549658275236317,6994799,NC
-0.11550529139433122,6994800,NC
-0.0955140080898769,6994801,NC
-0.09052273283771203,6994802,NC
-0.10553146563654725,6994803,NC
-0.10054020648509189,6994804,NC
-0.10054895538205423,6994805,NC
-0.09055771232614127,6994806,NC
-0.0755664773160589,6994807,NC
-0.08557525035051172,6994808,NC
-0.1105840314282032,6994809,NC
-0.14059282054783565,6994810,NC
-0.13060161770811013,6994811,NC
-0.13061042290772656,6994812,NC
-0.12561923614538362,6994813,NC
-0.15062805741977886,6994814,NC
-0.1656368867296086,6994815,NC
-0.16064572407356803,6994816,NC
-0.14565456945035105,6994817,NC
-0.11566342285865047,6994818,NC
-0.10067228429715785,6994819,NC
-0.11068115376456361,6994820,NC
-0.12569003125955697,6994821,NC
-0.14569891678082594,6994822,NC
-0.14570781032705737,6994823,NC
-0.1407167118969369,6994824,NC
-0.125725621489149,6994825,NC
-0.125734539102377,6994826,NC
-0.13574346473530297,6994827,NC
-0.14075239838660777,6994828,NC
-0.1457613400549712,6994829,NC
-0.13577028973907176,6994830,NC
-0.1257792474375868,6994831,NC
-0.12578821314919256,6994832,NC
-0.13079718687256398,6994833,NC
-0.15080616860637486,6994834,NC
-0.16081515834929785,6994835,NC
-0.16582415610000437,6994836,NC
-0.17083316185716466,6994837,NC
-0.1708421756194478,6994838,NC
-0.17585119738552174,6994839,NC
-0.17086022715405308,6994840,NC
-0.1608692649237074,6994841,NC
-0.16587831069314904,6994842,NC
-0.16588736446104116,6994843,NC
-0.17589642622604573,6994844,NC
-0.20590549598682353,6994845,NC
-0.2009145737420342,6994846,NC
-0.18092365949033615,6994847,NC
-0.17093275323038665,6994848,NC
-0.15094185496084173,6994849,NC
-0.15095096468035632,6994850,NC
-0.15096008238758413,6994851,NC
-0.18596920808117764,6994852,NC
-0.19097834175978826,6994853,NC
-0.1609874834220661,6994854,NC
-0.14599663306666016,6994855,NC
-0.15100579069221823,6994856,NC
-0.156014956297387,6994857,NC
-0.1660241298808119,6994858,NC
-0.13603331144113712,6994859,NC
-0.12604250097700584,6994860,NC
-0.10605169848705993,6994861,NC
-0.10106090396994014,6994862,NC
-0.12107011742428601,6994863,NC
-0.12607933884873593,6994864,NC
-0.1310885682419271,6994865,NC
-0.11109780560249555,6994866,NC
-0.09110705092907606,6994867,NC
-0.09111630422030237,6994868,NC
-0.08612556547480696,6994869,NC
-0.09113483469122108,6994870,NC
-0.09614411186817495,6994871,NC
-0.07615339700429749,6994872,NC
-0.07616269009821647,6994873,NC
-0.08617199114855853,6994874,NC
-0.09618130015394903,6994875,NC
-0.11119061711301234,6994876,NC
-0.12119994202437143,6994877,NC
-0.10120927488664827,6994878,NC
-0.10121861569846358,6994879,NC
-0.1012279644584369,6994880,NC
-0.12123732116518661,6994881,NC
-0.14124668581732994,6994882,NC
-0.14625605841348288,6994883,NC
-0.14126543895226035,6994884,NC
-0.13127482743227595,6994885,NC
-0.12128422385214224,6994886,NC
-0.13129362821047058,6994887,NC
-0.1513030405058711,6994888,NC
-0.1513124607369528,6994889,NC
-0.15132188890232348,6994890,NC
-0.1363313250005898,6994891,NC
-0.14134076903035725,6994892,NC
-0.17135022099023012,6994893,NC
-0.1863596808788115,6994894,NC
-0.1963691486947034,6994895,NC
-0.18137862443650657,6994896,NC
-0.17138810810282065,6994897,NC
-0.16139759969224407,6994898,NC
-0.1764070992033741,6994899,NC
-0.19141660663480686,6994900,NC
-0.19642612198513726,6994901,NC
-0.18643564525295903,6994902,NC
-0.17644517643686486,6994903,NC
-0.18645471553544604,6994904,NC
-0.20146426254729294,6994905,NC
-0.21147381747099459,6994906,NC
-0.20648338030513888,6994907,NC
-0.19149295104831254,6994908,NC
-0.17650252969910124,6994909,NC
-0.18651211625608927,6994910,NC
-0.19152171071785998,6994911,NC
-0.21153131308299536,6994912,NC
-0.20654092335007632,6994913,NC
-0.1965505415176826,6994914,NC
-0.18656016758439276,6994915,NC
-0.19156980154878422,6994916,NC
-0.1965794434094332,6994917,NC
-0.21158909316491478,6994918,NC
-0.2115987508138028,6994919,NC
-0.19160841635467007,6994920,NC
-0.18661808978608807,6994921,NC
-0.1916277711066273,6994922,NC
-0.1866374603148569,6994923,NC
-0.20164715740934497,6994924,NC
-0.19665686238865843,6994925,NC
-0.191666575251363,6994926,NC
-0.17167629599602324,6994927,NC
-0.18668602462120254,6994928,NC
-0.1816957611254632,6994929,NC
-0.20170550550736627,6994930,NC
-0.18671525776547163,6994931,NC
-0.16672501789833807,6994932,NC
-0.12173478590452316,6994933,NC
-0.10174456178258333,6994934,NC
-0.08175434553107383,6994935,NC
-0.04676413714854874,6994936,NC
0.013226063366438993,6994937,NC
0.0982162560153376,6994938,NC
0.16320644079959645,6994939,NC
0.22819661772066613,6994940,NC
0.2431867867799984,6994941,NC
0.21817694797904605,6994942,NC
0.18816710131926315,6994943,NC
0.14315724680210493,6994944,NC
0.07314738442902773,6994945,NC
0.0031375142014890903,6994946,NC
-0.02687236387905232,6994947,NC
-0.006882249811136637,6994948,NC
0.07810785640669712,6994949,NC
0.22309795477591116,6994950,NC
0.39308804529796876,6994951,NC
0.5180781279743345,6994952,NC
0.6130682028064739,6994953,NC
0.6830582697958537,6994954,NC
0.6830483289439422,6994955,L
0.6430383802522082,6994956,NC
0.558028423722122,6994957,NC
0.41801845935515525,6994958,NC
0.2780084871527804,6994959,NC
0.16799850711647124,6994960,NC
0.05798851924770266,6994961,NC
-0.02202147645204923,6994962,NC
-0.08203147998130725,6994963,NC
-0.18204149133859296,6994964,NC
-0.2720515105224269,6994965,NC
-0.3570615375313282,6994966,NC
-0.40707157236381525,6994967,NC
-0.4220816150184048,6994968,NC
-0.4070916654936129,6994969,NC
-0.38710172378795404,6994970,NC
-0.3671117898999418,6994971,NC
-0.3421218638280887,6994972,NC
-0.3171319455709056,6994973,NC
-0.3071420351269029,6994974,NC
-0.2821521324945894,6994975,NC
-0.2871622376724728,6994976,NC
-0.2921723506590596,6994977,NC
-0.28718247145285547,6994978,NC
-0.2721926000523645,6994979,NC
-0.2522027364560899,6994980,NC
-0.23221288066253365,6994981,NC
-0.24722303267019655,6994982,NC
-0.2572331924775783,6994983,NC
-0.2622433600831774,6994984,NC
-0.2522535354854912,6994985,NC
-0.23226371868301593,6994986,NC
-0.2272739096742467,6994987,NC
-0.2472841084576773,6994988,NC
-0.2472943150318006,6994989,NC
-0.24730452939510814,6994990,NC
-0.21231475154609045,6994991,NC
-0.19732498148323674,6994992,NC
-0.18233521920503523,6994993,NC
-0.19234546470997294,6994994,NC
-0.22735571799653567,6994995,NC
-0.24236597906320811,6994996,NC
-0.24237624790847387,6994997,NC
-0.21238652453081536,6994998,NC
-0.18739680892871377,6994999,NC
-0.18240710110064925,6995000,NC
-0.17241740104510078,6995001,NC
-0.1774277087605461,6995002,NC
-0.16743802424546192,6995003,NC
-0.1524483474983237,6995004,NC
-0.1374586785176059,6995005,NC
-0.12746901730178165,6995006,NC
-0.14247936384932305,6995007,NC
-0.142489718158701,6995008,NC
-0.14250008022838534,6995009,NC
-0.12751045005684458,6995010,NC
-0.0925208276425463,6995011,NC
-0.08753121298395683,6995012,NC
-0.09754160607954127,6995013,NC
-0.08755200692776377,6995014,NC
-0.07756241552708715,6995015,NC
-0.06257283187597318,6995016,NC
-0.027583255972882484,6995017,NC
-0.0225936878162745,6995018,NC
-0.02760412740460757,6995019,NC
-0.022614574736338836,6995020,NC
0.012374970190075663,6995021,NC
0.032364507376181045,6995022,NC
0.062354036823523584,6995023,NC
0.07734355853365066,6995024,NC
0.07233307250811083,6995025,NC
0.0773225787484538,6995026,NC
0.08231207725623041,6995027,NC
0.1073015680329926,6995028,NC
0.13229105108029354,6995029,NC
0.14728052639968744,6995030,NC
0.16726999399272977,6995031,NC
0.157259453860977,6995032,NC
0.1722489060059869,6995033,NC
0.2072383504293182,6995034,NC
0.22722778713253097,6995035,NC
0.2372172161171863,6995036,NC
0.2322066373848464,6995037,NC
0.2371960509370747,6995038,NC
0.24218545677543568,6995039,NC
0.24717485490149507,6995040,NC
0.2571642453168197,6995041,NC
0.24715362802297744,6995042,NC
0.22714300302153745,6995043,NC
0.20713237031406995,6995044,NC
0.19712172990214627,6995045,NC
0.17711108178733898,6995046,NC
0.16210042597122168,6995047,NC
0.12708976245536918,6995048,NC
0.09707909124135738,6995049,NC
0.062068412330763365,6995050,NC
0.03705772572516531,6995051,NC
0.012047031426142552,6995052,NC
-0.007963670564724398,6995053,NC
-0.05297438024585397,6995054,NC
-0.08298509761566343,6995055,NC
-0.09299582267256885,6995056,NC
-0.09800655541498525,6995057,NC
-0.08301729584132647,6995058,NC
-0.0730280439500052,6995059,NC
-0.07803879973943305,6995060,NC
-0.09304956320802041,6995061,NC
-0.11806033435417666,6995062,NC
-0.1280711131763099,6995063,NC
-0.1330818996728272,6995064,NC
-0.11809269384213447,6995065,NC
-0.12310349568263643,6995066,NC
-0.13811430519273676,6995067,NC
-0.15312512237083797,6995068,NC
-0.1581359472153414,6995069,NC
-0.1381467797246473,6995070,NC
-0.12315761989715475,6995071,NC
-0.12316846773126175,6995072,NC
-0.14317932322536514,6995073,NC
-0.1581901863778606,6995074,NC
-0.1482010571871427,6995075,NC
-0.1432119356516049,6995076,NC
-0.11322282176963949,6995077,NC
-0.13823371553963767,6995078,NC
-0.1432446169599895,6995079,NC
-0.15325552602908385,6995080,NC
-0.13326644274530858,6995081,NC
-0.12827736710705026,6995082,NC
-0.11328829911269453,6995083,NC
-0.10829923876062568,6995084,NC
-0.133310186049227,6995085,NC
-0.15332114097688068,6995086,NC
-0.14833210354196774,6995087,NC
-0.12834307374286796,6995088,NC
-0.1183540515779602,6995089,NC
-0.123365037045622,6995090,NC
-0.14337603014422995,6995091,NC
-0.15338703087215932,6995092,NC
-0.13839803922778443,6995093,NC
-0.13340905520947838,6995094,NC
-0.11842007881561312,6995095,NC
-0.1234311100445595,6995096,NC
-0.13844214889468734,6995097,NC
-0.13845319536436518,6995098,NC
-0.1534642494519605,6995099,NC
-0.1434753111558397,6995100,NC
-0.12848638047436794,6995101,NC
-0.1284974574059094,6995102,NC
-0.15850854194882705,6995103,NC
-0.15351963410148267,6995104,NC
-0.1585307338622371,6995105,NC
-0.15354184122944986,6995106,NC
-0.14355295620147948,6995107,NC
-0.13356407877668328,6995108,NC
-0.14357520895341752,6995109,NC
-0.1635863467300373,6995110,NC
-0.16359749210489663,6995111,NC
-0.15360864507634836,6995112,NC
-0.14361980564274424,6995113,NC
-0.15863097380243485,6995114,NC
-0.16364214955376974,6995115,NC
-0.17865333289509727,6995116,NC
-0.16866452382476466,6995117,NC
-0.16367572234111807,6995118,NC
-0.15368692844250254,6995119,NC
-0.14369814212726195,6995120,NC
-0.15370936339373903,6995121,NC
-0.16872059224027544,6995122,NC
-0.16873182866521175,6995123,NC
-0.1537430726668873,6995124,NC
-0.14375432424364046,6995125,NC
-0.15376558339380833,6995126,NC
-0.17377685011572702,6995127,NC
-0.1737881244077314,6995128,NC
-0.18379940626815533,6995129,NC
-0.16381069569533147,6995130,NC
-0.15382199268759145,6995131,NC
-0.14383329724326566,6995132,NC
-0.15884460936068348,6995133,NC
-0.18385592903817313,6995134,NC
-0.17886725627406175,6995135,NC
-0.16387859106667524,6995136,NC
-0.13888993341433853,6995137,NC
-0.13890128331537538,6995138,NC
-0.13391264076810838,6995139,NC
-0.1339240057708591,6995140,NC
-0.12893537832194796,6995141,NC
-0.10894675841969423,6995142,NC
-0.11895814606241609,6995143,NC
-0.10396954124843052,6995144,NC
-0.10398094397605359,6995145,NC
-0.12399235424360008,6995146,NC
-0.10900377204938375,6995147,NC
-0.09401519739171708,6995148,NC
-0.0740266302689117,6995149,NC
-0.06403807067927791,6995150,NC
-0.074049518621125,6995151,NC
-0.07406097409276109,6995152,NC
-0.06407243709249326,6995153,NC
-0.05408390761862739,6995154,NC
-0.054095385669468324,6995155,NC
-0.06910687124331975,6995156,NC
-0.07911836433848426,6995157,NC
-0.09412986495326334,6995158,NC
-0.08414137308595734,6995159,NC
-0.0791528887348655,6995160,NC
-0.07416441189828599,6995161,NC
-0.08917594257451586,6995162,NC
-0.09918748076185097,6995163,NC
-0.1141990264585862,6995164,NC
-0.12421057966301519,6995165,NC
-0.1192221403734306,6995166,NC
-0.10423370858812386,6995167,NC
-0.11424528430538539,6995168,NC
-0.1292568675235044,6995169,NC
-0.13926845824076908,6995170,NC
-0.13428005645546648,6995171,NC
-0.12429166216588255,6995172,NC
-0.11930327537030215,6995173,NC
-0.13431489606700892,6995174,NC
-0.14432652425428555,6995175,NC
-0.1593381599304135,6995176,NC
-0.17434980309367326,6995177,NC
-0.16936145374234404,6995178,NC
-0.16437311187470408,6995179,NC
-0.16438477748903044,6995180,NC
-0.16939645058359912,6995181,NC
-0.179408131156685,6995182,NC
-0.17441981920656183,6995183,NC
-0.16943151473150225,6995184,NC
-0.1644432177297779,6995185,NC
-0.16445492819965918,6995186,NC
-0.17946664613941546,6995187,NC
-0.18447837154731495,6995188,NC
-0.17449010442162485,6995189,NC
-0.16950184476061117,6995190,NC
-0.15451359256253883,6995191,NC
-0.1595253478256717,6995192,NC
-0.17953711054827254,6995193,NC
-0.18954888072860288,6995194,NC
-0.1945606583649233,6995195,NC
-0.18957244345549326,6995196,NC
-0.17958423599857107,6995197,NC
-0.1745960359924139,6995198,NC
-0.17460784343527794,6995199,NC
-0.19461965832541814,6995200,NC
-0.1796314806610885,6995201,NC
-0.17964331044054177,6995202,NC
-0.15465514766202967,6995203,NC
-0.1746669923238029,6995204,NC
-0.17967884442411086,6995205,NC
-0.19469070396120208,6995206,NC
-0.18970257093332382,6995207,NC
-0.18471444533872233,6995208,NC
-0.14972632717564274,6995209,NC
-0.14973821644232904,6995210,NC
-0.1547501131370242,6995211,NC
-0.16976201725797002,6995212,NC
-0.1747739288034072,6995213,NC
-0.15978584777157545,6995214,NC
-0.13979777416071326,6995215,NC
-0.1248097079690581,6995216,NC
-0.10982164919484631,6995217,NC
-0.08983359783631314,6995218,NC
-0.06484555389169269,6995219,NC
-0.004857517359218098,6995220,NC
0.07513051176287874,6995221,NC
0.1251185334763669,6995222,NC
0.18510654778301666,6995223,NC
0.2100945546845993,6995224,NC
0.23508255418288726,6995225,NC
0.2600705462796541,6995226,NC
0.24005853097667432,6995227,NC
0.21004650827572366,6995228,NC
0.13003447817857897,6995229,NC
0.060022440687018064,6995230,NC
0.030010395802819948,6995231,NC
0.05499834352776467,6995232,NC
0.13498628386363345,6995233,NC
0.23997421681220849,6995234,NC
0.3449621423752731,6995235,NC
0.46995006055461186,6995236,NC
0.5649379713520102,6995237,NC
0.6899258747692547,6995238,NC
0.764913770808133,6995239,NC
0.8049016594704342,6995240,NC
0.784889540757948,6995241,L
0.7098774146724653,6995242,NC
0.6048652812157784,6995243,NC
0.5048531403896802,6995244,NC
0.4298409921959651,6995245,NC
0.3448288366364284,6995246,NC
0.2498166737128666,6995247,NC
0.17480450342707704,6995248,NC
0.07479232578085851,6995249,NC
-0.010219859223989394,6995250,NC
-0.11023205158566587,6995251,NC
-0.20524425130236906,6995252,NC
-0.320256458372296,6995253,NC
-0.4002686727936427,6995254,NC
-0.43028089456460394,6995255,NC
-0.4302931236833736,6995256,NC
-0.37530536014814436,6995257,NC
-0.3503176039571078,6995258,NC
-0.32032985510845446,6995259,NC
-0.2903421136003739,6995260,NC
-0.2703543794310542,6995261,NC
-0.23536665259868292,6995262,NC
-0.22037893310144618,6995263,NC
-0.21039122093752902,6995264,NC
-0.22040351610511552,6995265,NC
-0.2104158186023886,6995266,NC
-0.2104281284275301,6995267,NC
-0.1854404455787208,6995268,NC
-0.16045277005414046,6995269,NC
-0.16046510185196763,6995270,NC
-0.17547744097037987,6995271,NC
-0.20548978740755358,6995272,NC
-0.19550214116166414,6995273,NC
-0.17051450223088585,6995274,NC
-0.1555268706133919,6995275,NC
-0.14053924630735443,6995276,NC
-0.16555162931094444,6995277,NC
-0.16056401962233194,6995278,NC
-0.15557641723968577,6995279,NC
-0.13058882216117376,6995280,NC
-0.11060123438496262,6995281,NC
-0.10061365390921798,6995282,NC
-0.11062608073210442,6995283,NC
-0.12063851485178542,6995284,NC
-0.11565095626642337,6995285,NC
-0.1056634049741796,6995286,NC
-0.1206758609732144,6995287,NC
-0.1406883242616869,6995288,NC
-0.1507007948377552,6995289,NC
-0.1607132726995763,6995290,NC
-0.15072575784530623,6995291,NC
-0.12573825027309976,6995292,NC
-0.08075074998111073,6995293,NC
-0.09076325696749182,6995294,NC
-0.09577577123039469,6995295,NC
-0.0907882927679699,6995296,NC
-0.08080082157836693,6995297,NC
-0.05081335765973419,6995298,NC
-0.03082590101021901,6995299,NC
-0.03083845162796766,6995300,NC
-0.02585100951112535,6995301,NC
-0.030863574657836186,6995302,NC
-0.025876147066243194,6995303,NC
0.004111273265511667,6995304,NC
0.024098686339287453,6995305,NC
0.03908609215694439,6995306,NC
0.03907349072034368,6995307,NC
0.039060882031347714,6995308,NC
0.0490482660918198,6995309,NC
0.0740356429036245,6995310,NC
0.08902301246862723,6995311,NC
0.10901037478869469,6995312,NC
0.10899772986569452,6995313,NC
0.10898507770149549,6995314,NC
0.1439724182979674,6995315,NC
0.15895975165698115,6995316,NC
0.19894707778040868,6995317,NC
0.20393439667012303,6995318,NC
0.19892170832799827,6995319,NC
0.20890901275590962,6995320,NC
0.21389630995573328,6995321,NC
0.24388359992934652,6995322,NC
0.25387088267862773,6995323,NC
0.23885815820545642,6995324,NC
0.238845426511713,6995325,NC
0.21883268759927907,6995326,NC
0.2538199414700373,6995327,NC
0.2938071881258713,6995328,NC
0.30879442756866593,6995329,NC
0.31878165980030704,6995330,NC
0.3187688848226815,6995331,NC
0.32375610263767723,6995332,NC
0.32374331324718336,6995333,NC
0.3287305166530899,6995334,NC
0.338717712857288,6995335,NC
0.33370490186167,6995336,NC
0.3236920836681292,6995337,NC
0.31367925827855975,6995338,NC
0.32366642569485726,6995339,NC
0.3486535859189181,6995340,NC
0.3486407389526399,6995341,NC
0.33362788479792127,6995342,NC
0.30861502345666186,6995343,NC
0.27860215493076235,6995344,NC
0.25358927922212454,6995345,NC
0.23357639633265131,6995346,NC
0.20356350626424663,6995347,NC
0.1835506090188154,6995348,NC
0.13853770459826367,6995349,NC
0.10352479300449857,6995350,NC
0.11351187423942824,6995351,NC
0.1084989483049619,6995352,NC
0.11848601520300983,6995353,NC
0.10347307493548333,6995354,NC
0.05846012750429486,6995355,NC
0.02344717291135783,6995356,NC
-0.006565788841413234,6995357,NC
-0.01657875775210276,6995358,NC
-0.011591733818794116,6995359,NC
-0.026604717039569625,6995360,NC
-0.04661770741251055,6995361,NC
-0.05163070493569707,6995362,NC
-0.05164370960720833,6995363,NC
-0.03665672142512243,6995364,NC
-0.026669740387516377,6995365,NC
-0.016682766492466188,6995366,NC
-0.03669579973804674,6995367,NC
-0.06170884012233191,6995368,NC
-0.07672188764339452,6995369,NC
-0.061734942299306296,6995370,NC
-0.05174800408813796,6995371,NC
-0.05176107300795915,6995372,NC
-0.07677414905683846,6995373,NC
-0.07678723223284342,6995374,NC
-0.06680032253404052,6995375,NC
-0.05681341995849517,6995376,NC
-0.0368265245042718,6995377,NC
-0.05183963616943369,6995378,NC
-0.08685275495204314,6995379,NC
-0.09186588085016134,6995380,NC
-0.09187901386184849,6995381,NC
-0.07689215398516369,6995382,NC
-0.06190530121816504,6995383,NC
-0.05191845555890954,6995384,NC
-0.04693161700545312,6995385,NC
-0.04194478555585076,6995386,NC
-0.03195796120815629,6995387,NC
-0.03697114396042254,6995388,NC
-0.04698433381070125,6995389,NC
-0.0669975307570432,6995390,NC
-0.07701073479749798,6995391,NC
-0.09702394593011429,6995392,NC
-0.08703716415293969,6995393,NC
-0.07205038946402063,6995394,NC
-0.05706362186140266,6995395,NC
-0.06707686134313023,6995396,NC
-0.06709010790724665,6995397,NC
-0.07710336155179433,6995398,NC
-0.0671166222748145,6995399,NC
-0.05712989007434746,6995400,NC
-0.04214316494843236,6995401,NC
-0.0671564468951074,6995402,NC
-0.08216973591240967,6995403,NC
-0.08218303199837523,6995404,NC
-0.08219633515103908,6995405,NC
-0.07720964536843522,6995406,NC
-0.06222296264859657,6995407,NC
-0.08223628698955505,6995408,NC
-0.07224961838934144,6995409,NC
-0.1022629568459856,6995410,NC
-0.10727630235751626,6995411,NC
-0.09728965492196112,6995412,NC
-0.07230301453734689,6995413,NC
-0.0723163812016992,6995414,NC
-0.08232975491304259,6995415,NC
-0.09234313566940064,6995416,NC
-0.10735652346879584,6995417,NC
-0.10236991830924969,6995418,NC
-0.08238332018878258,6995419,NC
-0.08739672910541392,6995420,NC
-0.102410145057162,6995421,NC
-0.11242356804204422,6995422,NC
-0.12743699805807673,6995423,NC
-0.10245043510327487,6995424,NC
-0.10246387917565275,6995425,NC
-0.09247733027322358,6995426,NC
-0.10749078839399938,6995427,NC
-0.11750425353599131,6995428,NC
-0.11751772569720935,6995429,NC
-0.0975312048756625,6995430,NC
-0.08754469106935878,6995431,NC
-0.08255818427630505,6995432,NC
-0.10257168449450721,6995433,NC
-0.12258519172197016,6995434,NC
-0.11759870595669764,6995435,NC
-0.10261222719669247,6995436,NC
-0.09762575543995639,6995437,NC
-0.08263929068449012,6995438,NC
-0.0976528329282933,6995439,NC
-0.11266638216936463,6995440,NC
-0.11267993840570167,6995441,NC
-0.117693501635301,6995442,NC
-0.09770707185615812,6995443,NC
-0.09272064906626765,6995444,NC
-0.10773423326362294,6995445,NC
-0.1127478244462165,6995446,NC
-0.11276142261203972,6995447,NC
-0.09277502775908297,6995448,NC
-0.09278863988533562,6995449,NC
-0.08780225898878592,6995450,NC
-0.09281588506742122,6995451,NC
-0.09282951811922774,6995452,NC
-0.08284315814219068,6995453,NC
-0.06285680513429427,6995454,NC
-0.07287045909352165,6995455,NC
-0.05288412001785497,6995456,NC
-0.057897787905275284,6995457,NC
-0.06291146275376272,6995458,NC
-0.06292514456129629,6995459,NC
-0.04793883332585401,6995460,NC
-0.03795252904541288,6995461,NC
-0.03796623171794884,6995462,NC
-0.04297994134143683,6995463,NC
-0.04299365791385075,6995464,NC
-0.038007381433163505,6995465,NC
-0.023021111897346902,6995466,NC
-0.023034849304371788,6995467,NC
-0.03804859365220795,6995468,NC
-0.05306234493882418,6995469,NC
-0.05307610316218821,6995470,NC
-0.05308986832026676,6995471,NC
-0.058103640411025524,6995472,NC
-0.04311741943242919,6995473,NC
-0.05813120538244139,6995474,NC
-0.07314499825902476,6995475,NC
-0.09815879806014086,6995476,NC
-0.10817260478375036,6995477,NC
-0.09818641842781273,6995478,NC
-0.08820023899028653,6995479,NC
-0.09321406646912925,6995480,NC
-0.1082279008622974,6995481,NC
-0.13824174216774643,6995482,NC
-0.1432555903834308,6995483,NC
-0.1332694455073039,6995484,NC
-0.10828330753731819,6995485,NC
-0.11829717647142499,6995486,NC
-0.14331105230757468,6995487,NC
-0.1383249350437166,6995488,NC
-0.16333882467779906,6995489,NC
-0.15335272120776938,6995490,NC
-0.15336662463157386,6995491,NC
-0.1483805349471577,6995492,NC
-0.16339445215246517,6995493,NC
-0.16840837624543956,6995494,NC
-0.158422307224023,6995495,NC
-0.1584362450861567,6995496,NC
-0.14345018982978086,6995497,NC
-0.15846414145283458,6995498,NC
-0.1834780999532561,6995499,NC
-0.2034920653289824,6995500,NC
-0.1985060375779497,6995501,NC
-0.17352001669809308,6995502,NC
-0.15853400268734655,6995503,NC
-0.16854799554364325,6995504,NC
-0.1835619952649152,6995505,NC
-0.19357600184909338,6995506,NC
-0.19859001529410786,6995507,NC
-0.17860403559788765,6995508,NC
-0.16861806275836072,6995509,NC
-0.17863209677345404,6995510,NC
-0.18364613764109358,6995511,NC
-0.19866018535920427,6995512,NC
-0.2086742399257101,6995513,NC
-0.20368830133853394,6995514,NC
-0.20370236959559776,6995515,NC
-0.18371644469482243,6995516,NC
-0.20873052663412783,6995517,NC
-0.19374461541143284,6995518,NC
-0.20375871102465537,6995519,NC
-0.17877281347171226,6995520,NC
-0.17378692275051932,6995521,NC
-0.17880103885899143,6995522,NC
-0.18881516179504243,6995523,NC
-0.19882929155658513,6995524,NC
-0.18884342814153132,6995525,NC
-0.17885757154779186,6995526,NC
-0.16387172177327647,6995527,NC
-0.14888587881589402,6995528,NC
-0.15390004267355223,6995529,NC
-0.1589142133441579,6995530,NC
-0.14392839082561681,6995531,NC
-0.10894257511583369,6995532,NC
-0.0739567662127123,6995533,NC
-0.04397096411415541,6995534,NC
0.0010148311819352454,6995535,NC
0.03600061967765894,6995536,NC
0.08098640137511592,6995537,NC
0.1259721762764075,6995538,NC
0.1409579443836359,6995539,NC
0.12594370569890445,6995540,NC
0.06592946022431738,6995541,NC
-0.009084792038019977,6995542,NC
-0.10409905108600134,6995543,NC
-0.1691133169175194,6995544,NC
-0.20412758953046592,6995545,NC
-0.17914186892273154,6995546,NC
-0.119156155092206,6995547,NC
-0.03417044803677796,6995548,NC
0.09081525224566486,6995549,NC
0.21580094575723577,6995550,NC
0.330786632500049,6995551,NC
0.41577231247622004,6995552,NC
0.47075798568786503,6995553,NC
0.46074365213710133,6995554,NC
0.44072931182604724,6995555,L
0.3657149647568221,6995556,NC
0.27570061093154613,6995557,NC
0.17068625035234067,6995558,NC
0.06567188302132804,6995559,NC
-0.034342491059368485,6995560,NC
-0.11435687188762461,6995561,NC
-0.17437125946131504,6995562,NC
-0.21938565377831348,6995563,NC
-0.2944000548364927,6995564,NC
-0.38941446263372426,6995565,NC
-0.44442887716787904,6995566,NC
-0.4944432984368268,6995567,NC
-0.4944577264384361,6995568,NC
-0.4944721611705748,6995569,NC
-0.47948660263110965,6995570,NC
-0.46450105081790627,6995571,NC
-0.4445155057288296,6995572,NC
-0.40452996736174324,6995573,NC
-0.3395444357145101,6995574,NC
-0.2895589107849918,6995575,NC
-0.2645733925710492,6995576,NC
-0.25458788107054214,6995577,NC
-0.24460237628132936,6995578,NC
-0.23961687820126865,6995579,NC
-0.23463138682821694,6995580,NC
-0.21964590216002983,6995581,NC
-0.21466042419456233,6995582,NC
-0.2146749529296682,6995583,NC
-0.22468948836320035,6995584,NC
-0.22970403049301058,6995585,NC
-0.19971857931694978,6995586,NC
-0.16973313483286784,6995587,NC
-0.16974769703861367,6995588,NC
-0.17476226593203517,6995589,NC
-0.17477684151097925,6995590,NC
-0.17479142377329177,6995591,NC
-0.16980601271681778,6995592,NC
-0.15482060833940117,6995593,NC
-0.1598352106388849,6995594,NC
-0.164849819613111,6995595,NC
-0.1698644352599204,6995596,NC
-0.15987905757715312,6995597,NC
-0.14989368656264823,6995598,NC
-0.1149083222142437,6995599,NC
-0.10992296452977662,6995600,NC
-0.11993761350708304,6995601,NC
-0.12495226914399804,6995602,NC
-0.11996693143835571,6995603,NC
-0.1249816003879892,6995604,NC
-0.09499627599073057,6995605,NC
-0.08501095824441102,6995606,NC
-0.0900256471468607,6995607,NC
-0.08504034269590878,6995608,NC
-0.07505504488938346,6995609,NC
-0.05506975372511197,6995610,NC
-0.05008446920092053,6995611,NC
-0.040099191314634394,6995612,NC
-0.025113920064077838,6995613,NC
-0.035128655447074136,6995614,NC
-0.03014339746144562,6995615,NC
-0.005158146105013618,6995616,NC
0.024827098624401526,6995617,NC
0.024812336728980432,6995618,NC
0.014797568210904728,6995619,NC
0.034782793072356974,6995620,NC
0.02976801131552076,6995621,NC
0.054753222942580615,6995622,NC
0.08973842795572204,6995623,NC
0.09972362635713158,6995624,NC
0.08970881814899667,6995625,NC
0.10969400333350579,6995626,NC
0.10967918191284834,6995627,NC
0.14466435388921475,6995628,NC
0.1796495192647964,6995629,NC
0.19963467804178558,6995630,NC
0.17961983022237574,6995631,NC
0.1896049758087611,6995632,NC
0.20459011480313696,6995633,NC
0.22957524720769956,6995634,NC
0.2345603730246462,6995635,NC
0.244545492256175,6995636,NC
0.23953060490448516,6995637,NC
0.24451571097177682,6995638,NC
0.25450081046025114,6995639,NC
0.28448590337211016,6995640,NC
0.309470989709557,6995641,NC
0.31445606947479565,6995642,NC
0.29444114267003113,6995643,NC
0.29942620929746944,6995644,NC
0.30941126935931756,6995645,NC
0.3243963228577833,6995646,NC
0.3493813697950756,6995647,NC
0.3293664101734044,6995648,NC
0.31935144399498044,6995649,NC
0.3143364712620155,6995650,NC
0.32432149197672244,6995651,NC
0.32430650614131495,6995652,NC
0.32929151375800764,6995653,NC
0.3142765148290164,6995654,NC
0.28926150935655764,6995655,NC
0.2492464973428491,6995656,NC
0.24423147879010929,6995657,NC
0.23421645370055777,6995658,NC
0.20920142207641504,6995659,NC
0.17418638391990257,6995660,NC
0.13917133923324282,6995661,NC
0.10415628801865914,6995662,NC
0.07914123027837594,6995663,NC
0.07412616601461855,6995664,NC
0.06411109522961321,6995665,NC
0.03909601792558725,6995666,NC
0.009080934104768817,6995667,NC
-0.0059341562306128234,6995668,NC
-0.0259492530783276,6995669,NC
-0.040964356436144364,6995670,NC
-0.05597946630183107,6995671,NC
-0.06099458267315462,6995672,NC
-0.07600970554788111,6995673,NC
-0.09602483492377553,6995674,NC
-0.09103997079860199,6995675,NC
-0.09605511317012358,6995676,NC
-0.0910702620361025,6995677,NC
-0.0910854173942999,6995678,NC
-0.10610057924247607,6995679,NC
-0.11111574757839031,6995680,NC
-0.11613092239980093,6995681,NC
-0.11114610370446523,6995682,NC
-0.11116129149013972,6995683,NC
-0.11617648575457981,6995684,NC
-0.12619168649554,6995685,NC
-0.14620689371077378,6995686,NC
-0.1512221073980338,6995687,NC
-0.14123732755507165,6995688,NC
-0.12625255417963802,6995689,NC
-0.12126778726948256,6995690,NC
-0.1212830268223541,6995691,NC
-0.13629827283600038,6995692,NC
-0.13631352530816832,6995693,NC
-0.12632878423660376,6995694,NC
-0.11134404961905162,6995695,NC
-0.10135932145325592,6995696,NC
-0.1263745997369597,6995697,NC
-0.14138988446790499,6995698,NC
-0.14140517564383295,6995699,NC
-0.13142047326248374,6995700,NC
-0.11643577732159663,6995701,NC
-0.1164510878189098,6995702,NC
-0.12146640475216061,6995703,NC
-0.12648172811908542,6995704,NC
-0.12649705791741966,6995705,NC
-0.12151239414489778,6995706,NC
-0.1165277367992533,6995707,NC
-0.12654308587821878,6995708,NC
-0.1465584413795258,6995709,NC
-0.1365738033009051,6995710,NC
-0.13658917164008633,6995711,NC
-0.12660454639479835,6995712,NC
-0.10661992756276883,6995713,NC
-0.11663531514172477,6995714,NC
-0.12665070912939205,6995715,NC
-0.12666610952349566,6995716,NC
-0.1316815163217596,6995717,NC
-0.12169692952190699,6995718,NC
-0.11671234912165994,6995719,NC
-0.10672777511873965,6995720,NC
-0.1217432075108664,6995721,NC
-0.13175864629575945,6995722,NC
-0.13177409147113717,6995723,NC
-0.12178954303471701,6995724,NC
-0.10680500098421536,6995725,NC
-0.11182046531734782,6995726,NC
-0.13183593603182892,6995727,NC
-0.13185141312537232,6995728,NC
-0.15686689659569075,6995729,NC
-0.1418823864404959,6995730,NC
-0.12189788265749862,6995731,NC
-0.11191338524440878,6995732,NC
-0.13192889419893528,6995733,NC
-0.16694440951878614,6995734,NC
-0.16195993120166838,6995735,NC
-0.15197545924528813,6995736,NC
-0.13699099364735054,6995737,NC
-0.14700653440555983,6995738,NC
-0.1520220815176193,6995739,NC
-0.1720376349812313,6995740,NC
-0.15705319479409727,6995741,NC
-0.1520687609539176,6995742,NC
-0.12708433345839187,6995743,NC
-0.12709991230521872,6995744,NC
-0.14711549749209574,6995745,NC
-0.16213108901671963,6995746,NC
-0.16214668687678624,6995747,NC
-0.14716229106999046,6995748,NC
-0.13217790159402606,6995749,NC
-0.12719351844658616,6995750,NC
-0.1422091416253627,6995751,NC
-0.15722477112804684,6995752,NC
-0.16224040695232866,6995753,NC
-0.1572560490958976,6995754,NC
-0.14227169755644176,6995755,NC
-0.1472873523316486,6995756,NC
-0.1673030134192045,6995757,NC
-0.17231868081679508,6995758,NC
-0.1723343545221048,6995759,NC
-0.16235003453281732,6995760,NC
-0.15736572084661543,6995761,NC
-0.1523814134611808,6995762,NC
-0.1623971123741943,6995763,NC
-0.17241281758333588,6995764,NC
-0.1774285290862845,6995765,NC
-0.15744424688071826,6995766,NC
-0.13245997096431417,6995767,NC
-0.13247570133474854,6995768,NC
-0.13249143798969654,6995769,NC
-0.14250718092683262,6995770,NC
-0.13752293014383007,6995771,NC
-0.11253868563836147,6995772,NC
-0.0975544474080983,6995773,NC
-0.0975702154507112,6995774,NC
-0.09258598976386989,6995775,NC
-0.07260177034524312,6995776,NC
-0.06261755719249873,6995777,NC
-0.04263335030330369,6995778,NC
-0.04764914967532392,6995779,NC
-0.07266495530622455,6995780,NC
-0.12268076719366966,6995781,NC
-0.1376965853353225,6995782,NC
-0.14271240972884539,6995783,NC
-0.11772824037189966,6995784,NC
-0.10274407726214577,6995785,NC
-0.08775992039724326,6995786,NC
-0.11277576977485068,6995787,NC
-0.12779162539262579,6995788,NC
-0.12780748724822527,6995789,NC
-0.12282335533930497,6995790,NC
-0.1128392296635198,6995791,NC
-0.13285511021852375,6995792,NC
-0.14287099700196992,6995793,NC
-0.15288689001151046,6995794,NC
-0.14290278924479657,6995795,NC
-0.13291869469947853,6995796,NC
-0.1329346063732058,6995797,NC
-0.15295052426362685,6995798,NC
-0.15796644836838916,6995799,NC
-0.1629823786851394,6995800,NC
-0.1729983152115233,6995801,NC
-0.16301425794518565,6995802,NC
-0.14303020688377033,6995803,NC
-0.1530461620249203,6995804,NC
-0.1680621233662776,6995805,NC
-0.18307809090548338,6995806,NC
-0.18809406464017786,6995807,NC
-0.19311004456800027,6995808,NC
-0.18312603068658911,6995809,NC
-0.17814202299358173,6995810,NC
-0.18315802148661478,6995811,NC
-0.18317402616332384,6995812,NC
-0.19819003702134363,6995813,NC
-0.19320605405830804,6995814,NC
-0.1732220772718499,6995815,NC
-0.18823810665960122,6995816,NC
-0.21325414221919306,6995817,NC
-0.20827018394825558,6995818,NC
-0.21828623184441806,6995819,NC
-0.2133022859053088,6995820,NC
-0.19331834612855525,6995821,NC
-0.19833441251178394,6995822,NC
-0.20335048505262046,6995823,NC
-0.2083665637486895,6995824,NC
-0.2183826485976149,6995825,NC
-0.20339873959701943,6995826,NC
-0.1834148367445252,6995827,NC
-0.1934309400377531,6995828,NC
-0.21344704947432344,6995829,NC
-0.21846316505185537,6995830,NC
-0.21347928676796726,6995831,NC
-0.20349541462027654,6995832,NC
-0.19851154860639972,6995833,NC
-0.19352768872395243,6995834,NC
-0.2135438349705494,6995835,NC
-0.2235599873438044,6995836,NC
-0.2185761458413303,6995837,NC
-0.2035923104607391,6995838,NC
-0.18860848119964202,6995839,NC
-0.17362465805564906,6995840,NC
-0.19364084102636964,6995841,NC
-0.18365703010941203,6995842,NC
-0.1886732253023838,6995843,NC
-0.16868942660289143,6995844,NC
-0.1537056340085407,6995845,NC
-0.14872184751693623,6995846,NC
-0.14373806712568202,6995847,NC
-0.13375429283238094,6995848,NC
-0.09377052463463512,6995849,NC
-0.02878676253004564,6995850,NC
0.03619699348378717,6995851,NC
0.08618074340926399,6995852,NC
0.11116448724878633,6995853,NC
0.11114822500475667,6995854,NC
0.12113195667957831,6995855,NC
0.09611568227565549,6995856,NC
0.06109940179539336,6995857,NC
-0.003916884758802024,6995858,NC
-0.09893317738452378,6995859,NC
-0.15894947607936405,6995860,NC
-0.16896578084091407,6995861,NC
-0.11898209166676432,6995862,NC
-0.018998408554504194,6995863,NC
0.0909852684982777,6995864,NC
0.18096893949399367,6995865,NC
0.2859526044350569,6995866,NC
0.3859362633238814,6995867,NC
0.4659199161628825,6995868,NC
0.49090356295447574,6995869,NC
0.465887203701078,6995870,L
0.385870838405107,6995871,NC
0.2758544670689813,6995872,NC
0.17583808969512035,6995873,NC
0.08082170628594448,6995874,NC
0.005805316843874968,6995875,NC
-0.09421107862866607,6995876,NC
-0.19922748012925556,6995877,NC
-0.2842438876554697,6995878,NC
-0.3692603012048835,6995879,NC
-0.4342767207750714,6995880,NC
-0.46929314636360686,6995881,NC
-0.5093095779680622,6995882,NC
-0.5393260155860091,6995883,NC
-0.5493424592150186,6995884,NC
-0.5493589088526601,6995885,NC
-0.494375364496503,6995886,NC
-0.429391826144115,6995887,NC
-0.39940829379306353,6995888,NC
-0.35942476744091484,6995889,NC
-0.33944124708523427,6995890,NC
-0.30945773272358645,6995891,NC
-0.27947422435353503,6995892,NC
-0.25949072197264267,6995893,NC
-0.2395072255784714,6995894,NC
-0.269523735168582,6995895,NC
-0.2745402507405348,6995896,NC
-0.2745567722918889,6995897,NC
-0.25457329982020266,6995898,NC
-0.24458983332303352,6995899,NC
-0.23960637279793812,6995900,NC
-0.259622918242472,6995901,NC
-0.26963946965419017,6995902,NC
-0.2596560270306464,6995903,NC
-0.24467259036939382,6995904,NC
-0.21968915966798458,6995905,NC
-0.22970573492396992,6995906,NC
-0.22972231613490027,6995907,NC
-0.23973890329832515,6995908,NC
-0.2297554964117932,6995909,NC
-0.22477209547285215,6995910,NC
-0.19978870047904895,6995911,NC
-0.1998053114279296,6995912,NC
-0.19982192831703915,6995913,NC
-0.20983855114392197,6995914,NC
-0.19985517990612134,6995915,NC
-0.17987181460117976,6995916,NC
-0.17488845522663887,6995917,NC
-0.15990510178003944,6995918,NC
-0.16492175425892125,6995919,NC
-0.1749384126608234,6995920,NC
-0.15995507698328396,6995921,NC
-0.12997174722384014,6995922,NC
-0.11498842338002829,6995923,NC
-0.11000510544938397,6995924,NC
-0.12502179342944172,6995925,NC
-0.13503848731773538,6995926,NC
-0.12505518711179775,6995927,NC
-0.10507189280916082,6995928,NC
-0.09008860440735574,6995929,NC
-0.07510532190391278,6995930,NC
-0.06512204529636129,6995931,NC
-0.03513877458222978,6995932,NC
-0.0351555097590459,6995933,NC
-0.010172250824336447,6995934,NC
0.01481100222437276,6995935,NC
0.019794249389556613,6995936,NC
0.024777490673690984,6995937,NC
0.029760726079252564,6995938,NC
0.04474395560871899,6995939,NC
0.059727179264568636,6995940,NC
0.0897103970492809,6995941,NC
0.09969360896533586,6995942,NC
0.09967681501521468,6995943,NC
0.10466001520139917,6995944,NC
0.1346432095263722,6995945,NC
0.1546263979926174,6995946,NC
0.18960958060261926,6995947,NC
0.19959275735886317,6995948,NC
0.1845759282638354,6995949,NC
0.18955909332002302,6995950,NC
0.20454225252991404,6995951,NC
0.2245254058959973,6995952,NC
0.24950855342076247,6995953,NC
0.2644916951067002,6995954,NC
0.2544748309563018,6995955,NC
0.25445796097205964,6995956,NC
0.24944108515646685,6995957,NC
0.27442420351201746,6995958,NC
0.29440731604120635,6995959,NC
0.3143904227465293,6995960,NC
0.30937352363048276,6995961,NC
0.29435661869556434,6995962,NC
0.2943397079442723,6995963,NC
0.2843227913791058,6995964,NC
0.30430586900256495,6995965,NC
0.2942889408171506,6995966,NC
0.2642720068253645,6995967,NC
0.2492550670297093,6995968,NC
0.2292381214326884,6995969,NC
0.21422117003680619,6995970,NC
0.19920421284456788,6995971,NC
0.16918724985847944,6995972,NC
0.1541702810810478,6995973,NC
0.10915330651478074,6995974,NC
0.08913632616218684,6995975,NC
0.059119340025775555,6995976,NC
0.044102348108057236,6995977,NC
0.029085350411543046,6995978,NC
-0.010931653061254987,6995979,NC
-0.040948662307823985,6995980,NC
-0.060965677325650204,6995981,NC
-0.06598269811221905,6995982,NC
-0.07099972466501511,6995983,NC
-0.09601675698152207,6995984,NC
-0.11103379505922277,6995985,NC
-0.14105083889559925,6995986,NC
-0.14606788848813262,6995987,NC
-0.12608494383430324,6995988,NC
-0.1361020049315905,6995989,NC
-0.14111907177747304,6995990,NC
-0.1561361443694286,6995991,NC
-0.17615322270493408,6995992,NC
-0.17117030678146553,6995993,NC
-0.1561873965964982,6995994,NC
-0.14120449214750636,6995995,NC
-0.1512215934319636,6995996,NC
-0.16123870044734256,6995997,NC
-0.181255813191115,6995998,NC
-0.18127293166075198,6995999,NC
-0.17129005585372356,6996000,NC
-0.14630718576749907,6996001,NC
-0.15632432139954688,6996002,NC
-0.17634146274733462,6996003,NC
-0.176358609808329,6996004,NC
-0.17137576257999593,6996005,NC
-0.1563929210598005,6996006,NC
-0.14141008524520682,6996007,NC
-0.14142725513367838,6996008,NC
-0.14144443072267765,6996009,NC
-0.14646161200966626,6996010,NC
-0.16647879899210513,6996011,NC
-0.15649599166745426,6996012,NC
-0.1565131900331727,6996013,NC
-0.16153039408671888,6996014,NC
-0.15654760382555025,6996015,NC
-0.18656481924712337,6996016,NC
-0.18158204034889414,6996017,NC
-0.17659926712831742,6996018,NC
-0.1416164995828474,6996019,NC
-0.1616337377099373,6996020,NC
-0.1666509815070396,6996021,NC
-0.18166823097160592,6996022,NC
-0.17668548610108697,6996023,NC
-0.16670274689293266,6996024,NC
-0.14672001334459217,6996025,NC
-0.14173728545351366,6996026,NC
-0.15675456321714465,6996027,NC
-0.1567718466329316,6996028,NC
-0.15178913569832037,6996029,NC
-0.13680643041075574,6996030,NC
-0.1368237307676819,6996031,NC
-0.13684103676654205,6996032,NC
-0.15685834840477864,6996033,NC
-0.18187566567983315,6996034,NC
-0.19189298858914644,6996035,NC
-0.1919103171301583,6996036,NC
-0.19192765130030787,6996037,NC
-0.2019449910970334,6996038,NC
-0.19196233651777234,6996039,NC
-0.19697968755996115,6996040,NC
-0.18699704422103572,6996041,NC
-0.17201440649843086,6996042,NC
-0.16703177438958078,6996043,NC
-0.1670491478919186,6996044,NC
-0.18206652700287687,6996045,NC
-0.19208391171988715,6996046,NC
-0.1921013020403802,6996047,NC
-0.17711869796178598,6996048,NC
-0.1671360994815336,6996049,NC
-0.17215350659705136,6996050,NC
-0.19217091930576677,6996051,NC
-0.20218833760510638,6996052,NC
-0.19720576149249605,6996053,NC
-0.1822231909653608,6996054,NC
-0.17724062602112473,6996055,NC
-0.1822580666572112,6996056,NC
-0.18727551287104272,6996057,NC
-0.19729296466004093,6996058,NC
-0.2123104220216268,6996059,NC
-0.1873278849532203,6996060,NC
-0.17734535345224064,6996061,NC
-0.18736282751610622,6996062,NC
-0.21238030714223466,6996063,NC
-0.22239779232804263,6996064,NC
-0.2274152830709461,6996065,NC
-0.20243277936836013,6996066,NC
-0.1924502812176991,6996067,NC
-0.18246778861637641,6996068,NC
-0.1874853015618047,6996069,NC
-0.18750282005139582,6996070,NC
-0.19752034408256075,6996071,NC
-0.1925378736527097,6996072,NC
-0.17755540875925202,6996073,NC
-0.18757294939959626,6996074,NC
-0.19259049557115018,6996075,NC
-0.19260804727132064,6996076,NC
-0.1926256044975138,6996077,NC
-0.16764316724713488,6996078,NC
-0.16766073551758837,6996079,NC
-0.17767830930627795,6996080,NC
-0.19269588861060644,6996081,NC
-0.19271347342797585,6996082,NC
-0.1727310637557873,6996083,NC
-0.16274865959144133,6996084,NC
-0.12276626093233739,6996085,NC
-0.1077838677758743,6996086,NC
-0.11280148011945001,6996087,NC
-0.12781909796046165,6996088,NC
-0.12783672129630552,6996089,NC
-0.11285435012437714,6996090,NC
-0.11287198444207121,6996091,NC
-0.12288962424678164,6996092,NC
-0.13290726953590148,6996093,NC
-0.15292492030682298,6996094,NC
-0.15794257655693766,6996095,NC
-0.14296023828363608,6996096,NC
-0.13297790548430818,6996097,NC
-0.14299557815634287,6996098,NC
-0.16801325629712846,6996099,NC
-0.19803093990405232,6996100,NC
-0.19304862897450106,6996101,NC
-0.20306632350586049,6996102,NC
-0.19308402349551562,6996103,NC
-0.21810172894085056,6996104,NC
-0.24811943983924867,6996105,NC
-0.25813715618809263,6996106,NC
-0.25815487798476416,6996107,NC
-0.2531726052266442,6996108,NC
-0.23319033791111293,6996109,NC
-0.21820807603554968,6996110,NC
-0.24322581959733297,6996111,NC
-0.2732435685938406,6996112,NC
-0.28326132302244944,6996113,NC
-0.29827908288053573,6996114,NC
-0.2782968481654747,6996115,NC
-0.2733146188746409,6996116,NC
-0.2683323950054081,6996117,NC
-0.27835017655514926,6996118,NC
-0.2933679635212364,6996119,NC
-0.278385755901041,6996120,NC
-0.25840355369193335,6996121,NC
-0.2534213568912834,6996122,NC
-0.25843916549646007,6996123,NC
-0.2784569795048314,6996124,NC
-0.2984747989137647,6996125,NC
-0.28849262372062656,6996126,NC
-0.28351045392278273,6996127,NC
-0.29352828951759813,6996128,NC
-0.3035461305024369,6996129,NC
-0.3135639768746623,6996130,NC
-0.308581828631637,6996131,NC
-0.2885996857707228,6996132,NC
-0.2636175482892805,6996133,NC
-0.27863541618467036,6996134,NC
-0.3036532894542517,6996135,NC
-0.3036711680953831,6996136,NC
-0.3186890521054223,6996137,NC
-0.2937069414817265,6996138,NC
-0.2887248362216516,6996139,NC
-0.29874273632255316,6996140,NC
-0.30876064178178575,6996141,NC
-0.31877855259670324,6996142,NC
-0.32379646876465856,6996143,NC
-0.29881439028300405,6996144,NC
-0.27383231714909106,6996145,NC
-0.2638502493602703,6996146,NC
-0.27386818691389164,6996147,NC
-0.2688861298073041,6996148,NC
-0.258904078037856,6996149,NC
-0.2239220316028948,6996150,NC
-0.11893999049976728,6996151,NC
-0.08395795472581928,6996152,NC
-0.06397592427839599,6996153,NC
-0.08899389915484171,6996154,NC
-0.15401187935250002,6996155,NC
-0.23902986486871372,6996156,NC
-0.3540478557008247,6996157,NC
-0.5090658518461743,6996158,NC
-0.6340838533021028,6996159,NC
-0.6791018600659499,6996160,NC
-0.6391198721350544,6996161,NC
-0.5291378895067543,6996162,NC
-0.3991559121783872,6996163,NC
-0.28917394014728925,6996164,NC
-0.20919197341079626,6996165,NC
-0.1442100119662432,6996166,NC
-0.10422805581096418,6996167,NC
-0.09924610494229258,6996168,NC
-0.14926415935756093,6996169,NC
-0.23428221905410115,6996170,NC
-0.33430028402924417,6996171,NC
-0.4443183542803202,6996172,NC
-0.49433642980465886,6996173,NC
-0.5443545105995886,6996174,NC
-0.5843725966624376,6996175,NC
-0.6293906879905328,6996176,NC
-0.6744087845812005,6996177,NC
-0.7094268864317663,6996178,NC
-0.7444449935395553,6996179,NC
-0.724463105901891,6996180,L
-0.6894812235160971,6996181,NC
-0.6744993463794957,6996182,NC
-0.6495174744894089,6996183,NC
-0.6195356078431571,6996184,NC
-0.5745537464380608,6996185,NC
-0.5195718902714394,6996186,NC
-0.4545900393406111,6996187,NC
-0.4246081936428941,6996188,NC
-0.3996263531756053,6996189,NC
-0.3796445179360609,6996190,NC
-0.35966268792157663,6996191,NC
-0.3496808631294669,6996192,NC
-0.31969904355704587,6996193,NC
-0.31471722920162665,6996194,NC
-0.3147354200605217,6996195,NC
-0.3247536161310426,6996196,NC
-0.3047718174105003,6996197,NC
-0.2847900238962047,6996198,NC
-0.27480823558546535,6996199,NC
-0.2698264524755907,6996200,NC
-0.2898446745638886,6996201,NC
-0.284862901847666,6996202,NC
-0.27988113432422923,6996203,NC
-0.26489937199088365,6996204,NC
-0.2449176148449342,6996205,NC
-0.2549358628836846,6996206,NC
-0.2549541161044382,6996207,NC
-0.25497237450449733,6996208,NC
-0.24999063808116373,6996209,NC
-0.24000890683173826,6996210,NC
-0.22002718075352098,6996211,NC
-0.2150454598438113,6996212,NC
-0.21006374409990786,6996213,NC
-0.2100820335191084,6996214,NC
-0.2151003280987101,6996215,NC
-0.1901186278360092,6996216,NC
-0.1601369327283013,6996217,NC
-0.1551552427728811,6996218,NC
-0.15017355796704268,6996219,NC
-0.1501918783080793,6996220,NC
-0.1452102037932835,6996221,NC
-0.12522853441994694,6996222,NC
-0.10024687018536069,6996223,NC
-0.09026521108681489,6996224,NC
-0.09028355712159908,6996225,NC
-0.07530190828700188,6996226,NC
-0.05532026458031131,6996227,NC
-0.025338625998814535,6996228,NC
-0.00035699253979799145,6996229,NC
0.01462463579945265,6996230,NC
0.01960625902165246,6996231,NC
0.01958787712951733,6996232,NC
0.02956949012576379,6996233,NC
0.05955109801310921,6996234,NC
0.09453270079427167,6996235,NC
0.1245142984719701,6996236,NC
0.11949589104892407,6996237,NC
0.1344774785278539,6996238,NC
0.15945906091148082,6996239,NC
0.17944063820252656,6996240,NC
0.2094222104037139,6996241,NC
0.2294037775177661,6996242,NC
0.21938533954740735,6996243,NC
0.22936689649536254,6996244,NC
0.24934844836435724,6996245,NC
0.2593299951571179,6996246,NC
0.2743115368763716,6996247,NC
0.28429307352484623,6996248,NC
0.27927460510527047,6996249,NC
0.2742561316203737,6996250,NC
0.284237653072886,6996251,NC
0.2942191694655383,6996252,NC
0.3192006808010621,6996253,NC
0.30918218708219,6996254,NC
0.31916368831165487,6996255,NC
0.3041451844921908,6996256,NC
0.30912667562653223,6996257,NC
0.3141081617174146,6996258,NC
0.30908964276757406,6996259,NC
0.30407111877974735,6996260,NC
0.2740525897566721,6996261,NC
0.2490340557010867,6996262,NC
0.2290155166157302,6996263,NC
0.22899697250334242,6996264,NC
0.2139784233666639,6996265,NC
0.183959869208436,6996266,NC
0.14894131003140076,6996267,NC
0.10392274583830097,6996268,NC
0.07390417663188015,6996269,NC
0.05388560241488259,6996270,NC
0.03886702319005332,6996271,NC
0.013848438960138047,6996272,NC
-0.031170150272116677,6996273,NC
-0.07118874450396362,6996274,NC
-0.10120734373265483,6996275,NC
-0.1162259479554416,6996276,NC
-0.11124455716957443,6996277,NC
-0.12126317137230322,6996278,NC
-0.15128179056087693,6996279,NC
-0.171300414732544,6996280,NC
-0.19131904388455198,6996281,NC
-0.18633767801414775,6996282,NC
-0.18635631711857742,6996283,NC
-0.19637496119508638,6996284,NC
-0.20139361024091929,6996285,NC
-0.22641226425332014,6996286,NC
-0.23143092322953202,6996287,NC
-0.23144958716679745,6996288,NC
-0.22146825606235812,6996289,NC
-0.22148692991345506,6996290,NC
-0.2315056087173285,6996291,NC
-0.241524292471218,6996292,NC
-0.24654298117236229,6996293,NC
-0.2365616748179995,6996294,NC
-0.22158037340536688,6996295,NC
-0.23659907693170115,6996296,NC
-0.2416177853942381,6996297,NC
-0.2566364987902129,6996298,NC
-0.2616552171168599,6996299,NC
-0.2566739403714129,6996300,NC
-0.23169266855110482,6996301,NC
-0.23171140165316786,6996302,NC
-0.2417301396748335,6996303,NC
-0.2467488826133326,6996304,NC
-0.25176763046589506,6996305,NC
-0.23178638322975043,6996306,NC
-0.22680514090212706,6996307,NC
-0.216823903480253,6996308,NC
-0.24684267096135531,6996309,NC
-0.24186144334266046,6996310,NC
-0.24188022062139408,6996311,NC
-0.2218990027947812,6996312,NC
-0.201917789860046,6996313,NC
-0.21193658181441213,6996314,NC
-0.22195537865510231,6996315,NC
-0.24697418037933866,6996316,NC
-0.24199298698434246,6996317,NC
-0.23701179846733444,6996318,NC
-0.21703061482553446,6996319,NC
-0.22204943605616176,6996320,NC
-0.2170682621564348,6996321,NC
-0.22708709312357134,6996322,NC
-0.22710592895478843,6996323,NC
-0.21712476964730235,6996324,NC
-0.19714361519832874,6996325,NC
-0.1971624656050825,6996326,NC
-0.2071813208647777,6996327,NC
-0.2322001809746279,6996328,NC
-0.2372190459318458,6996329,NC
-0.22223791573364338,6996330,NC
-0.20225679037723196,6996331,NC
-0.20727566985982215,6996332,NC
-0.22229455417862382,6996333,NC
-0.22731344333084605,6996334,NC
-0.23733233731369738,6996335,NC
-0.23235123612438546,6996336,NC
-0.22237013976011732,6996337,NC
-0.20738904821809925,6996338,NC
-0.2324079614955369,6996339,NC
-0.25242687958963506,6996340,NC
-0.26244580249759797,6996341,NC
-0.24246473021662907,6996342,NC
-0.23248366274393104,6996343,NC
-0.22250260007670591,6996344,NC
-0.2375215422121551,6996345,NC
-0.2325404891474791,6996346,NC
-0.2475594408798779,6996347,NC
-0.23757839740655062,6996348,NC
-0.2325973587246958,6996349,NC
-0.23761632483151118,6996350,NC
-0.23763529572419387,6996351,NC
-0.2576542713999401,6996352,NC
-0.25267325185594575,6996353,NC
-0.2426922370894056,6996354,NC
-0.23271122709751393,6996355,NC
-0.23273022187746426,6996356,NC
-0.2527492214264494,6996357,NC
-0.2577682257416616,6996358,NC
-0.2577872348202921,6996359,NC
-0.24280624865953176,6996360,NC
-0.2228252672565705,6996361,NC
-0.2428442906085977,6996362,NC
-0.24286331871280192,6996363,NC
-0.23788235156637105,6996364,NC
-0.2479013891664924,6996365,NC
-0.23292043151035235,6996366,NC
-0.22293947859513671,6996367,NC
-0.21795853041803065,6996368,NC
-0.22797758697621853,6996369,NC
-0.22799664826688404,6996370,NC
-0.2330157142872102,6996371,NC
-0.2230347850343793,6996372,NC
-0.19805386050557297,6996373,NC
-0.19807294069797204,6996374,NC
-0.18309202560875681,6996375,NC
-0.18311111523510673,6996376,NC
-0.16313020957420066,6996377,NC
-0.14314930862321662,6996378,NC
-0.12816841237933219,6996379,NC
-0.1381875208397239,6996380,NC
-0.15320663400156795,6996381,NC
-0.16822575186203959,6996382,NC
-0.19324487441831345,6996383,NC
-0.1782640016675635,6996384,NC
-0.16328313360696303,6996385,NC
-0.1733022702336845,6996386,NC
-0.1883214115448999,6996387,NC
-0.2133405575377803,6996388,NC
-0.22835970820949628,6996389,NC
-0.2133788635572175,6996390,NC
-0.2183980235781132,6996391,NC
-0.21841718826935166,6996392,NC
-0.22843635762810072,6996393,NC
-0.24845553165152734,6996394,NC
-0.2684747103367978,6996395,NC
-0.2534938936810779,6996396,NC
-0.24851308168153255,6996397,NC
-0.2535322743353259,6996398,NC
-0.2635514716396217,6996399,NC
-0.27357067359158277,6996400,NC
-0.2685898801883714,6996401,NC
-0.25860909142714894,6996402,NC
-0.2736283073050764,6996403,NC
-0.2786475278193139,6996404,NC
-0.2936667529670209,6996405,NC
-0.30368598274535613,6996406,NC
-0.30870521715147775,6996407,NC
-0.2887244561825431,6996408,NC
-0.263743699835709,6996409,NC
-0.2637629481081315,6996410,NC
-0.28878220099696594,6996411,NC
-0.30880145849936697,6996412,NC
-0.30882072061248866,6996413,NC
-0.29383998733348426,6996414,NC
-0.2788592586595064,6996415,NC
-0.2938785345877072,6996416,NC
-0.2888978151152377,6996417,NC
-0.30891710023924873,6996418,NC
-0.30893638995689005,6996419,NC
-0.30395568426531094,6996420,NC
-0.28897498316166004,6996421,NC
-0.30899428664308515,6996422,NC
-0.30901359470673345,6996423,NC
-0.32903290734975155,6996424,NC
-0.3240522245692853,6996425,NC
-0.30907154636247985,6996426,NC
-0.2940908727264797,6996427,NC
-0.2991102036584287,6996428,NC
-0.29912953915546997,6996429,NC
-0.309148879214746,6996430,NC
-0.31416822383339854,6996431,NC
-0.30418757300856886,6996432,NC
-0.2942069267373973,6996433,NC
-0.29422628501702364,6996434,NC
-0.299245647844587,6996435,NC
-0.3092650152172259,6996436,NC
-0.30928438713207795,6996437,NC
-0.30430376358628036,6996438,NC
-0.2793231445769695,6996439,NC
-0.2743425301012812,6996440,NC
-0.2843619201563505,6996441,NC
-0.2793813147393117,6996442,NC
-0.27440071384729875,6996443,NC
-0.22442011747744461,6996444,NC
-0.1694395256268817,6996445,NC
-0.12445893829274172,6996446,NC
-0.07947835547215579,6996447,NC
-0.05449777716225435,6996448,NC
-0.014517203360167041,6996449,NC
0.020463365936976965,6996450,NC
0.02544393073204935,6996451,NC
0.00042449102792229895,6996452,NC
-0.0745949531725312,6996453,NC
-0.17461440186643762,6996454,NC
-0.27963385505092264,6996455,NC
-0.3396533127231114,6996456,NC
-0.35467277488012827,6996457,NC
-0.3196922415190971,6996458,NC
-0.2497117126371409,6996459,NC
-0.1697311882313821,6996460,NC
-0.0747506682989425,6996461,NC
0.030229847163056742,6996462,NC
0.12521035815749526,6996463,NC
0.17019086468725325,6996464,NC
0.17517136675521153,6996465,NC
0.16015186436425166,6996466,L
0.10013235751725585,6996467,NC
0.040112846217106896,6996468,NC
-0.054906669533311636,6996469,NC
-0.16492618973111564,6996470,NC
-0.2649457143734202,6996471,NC
-0.33996524345734,6996472,NC
-0.40998477697998875,6996473,NC
-0.44500431493847975,6996474,NC
-0.4800238573299256,6996475,NC
-0.5100434041514381,6996476,NC
-0.5550629554001284,6996477,NC
-0.6050825110731074,6996478,NC
-0.6251020711674847,6996479,NC
-0.6101216356803698,6996480,NC
-0.5851412046088713,6996481,NC
-0.5651607779500971,6996482,NC
-0.5351803557011545,6996483,NC
-0.5001999378591505,6996484,NC
-0.47021952442119064,6996485,NC
-0.42023911538438063,6996486,NC
-0.37525871074582506,6996487,NC
-0.36027831050262804,6996488,NC
-0.3552979146518929,6996489,NC
-0.3603175231907226,6996490,NC
-0.3503371361162191,6996491,NC
-0.3403567534254839,6996492,NC
-0.3253763751156179,6996493,NC
-0.33539600118372126,6996494,NC
-0.3354156316268935,6996495,NC
-0.34043526644223343,6996496,NC
-0.34545490562683945,6996497,NC
-0.315474549177809,6996498,NC
-0.31049419709223913,6996499,NC
-0.31051384936722615,6996500,NC
-0.3105335059998656,6996501,NC
-0.3355531669872526,6996502,NC
-0.32057283232648154,6996503,NC
-0.30059250201464616,6996504,NC
-0.2806121760488394,6996505,NC
-0.2756318544261539,6996506,NC
-0.2856515371436813,6996507,NC
-0.3056712241985129,6996508,NC
-0.2906909155877391,6996509,NC
-0.2707106113084498,6996510,NC
-0.2607303113577343,6996511,NC
-0.2557500157326812,6996512,NC
-0.2757697244303784,6996513,NC
-0.2707894374479133,6996514,NC
-0.2608091547823725,6996515,NC
-0.2458288764308421,6996516,NC
-0.2208486023904075,6996517,NC
-0.21586833265815344,6996518,NC
-0.2108880672311641,6996519,NC
-0.22590780610652297,6996520,NC
-0.21092754928131288,6996521,NC
-0.1859472967526161,6996522,NC
-0.17096704851751418,6996523,NC
-0.14598680457308807,6996524,NC
-0.14600656491641814,6996525,NC
-0.14602632954458408,6996526,NC
-0.1460460984546649,6996527,NC
-0.1110658716437391,6996528,NC
-0.08608564910888437,6996529,NC
-0.06610543084717793,6996530,NC
-0.0661252168556963,6996531,NC
-0.07614500713151537,6996532,NC
-0.06616480167171042,6996533,NC
-0.026184600473356048,6996534,NC
0.008795596466473661,6996535,NC
0.02377578915070543,6996536,NC
0.023755977582266413,6996537,NC
0.02373616176408457,6996538,NC
0.028716341699088373,6996539,NC
0.05369651739020696,6996540,NC
0.07367668884037011,6996541,NC
0.08365685605250822,6996542,NC
0.08363701902955224,6996543,NC
0.07861717777443392,6996544,NC
0.07859733229008542,6996545,NC
0.10857748257943972,6996546,NC
0.13355762864543025,6996547,NC
0.12353777049099124,6996548,NC
0.10851790811905741,6996549,NC
0.10349804153256416,6996550,NC
0.11347817073444749,6996551,NC
0.14345829572764407,6996552,NC
0.15343841651509108,6996553,NC
0.1434185330997265,6996554,NC
0.1333986454844887,6996555,NC
0.12337875367231696,6996556,NC
0.12335885766615087,6996557,NC
0.13333895746893087,6996558,NC
0.13831905308359793,6996559,NC
0.12329914451309365,6996560,NC
0.10327923176036019,6996561,NC
0.0832593148283405,6996562,NC
0.06323939371997789,6996563,NC
0.04321946843821656,6996564,NC
0.03319953898600108,6996565,NC
-0.0018203946337231325,6996566,NC
-0.026840332418010274,6996567,NC
-0.0618602743639137,6996568,NC
-0.08688022046848637,6996569,NC
-0.11690017072878041,6996570,NC
-0.13192012514184756,6996571,NC
-0.1469400837047387,6996572,NC
-0.16196004641450437,6996573,NC
-0.18698001326819422,6996574,NC
-0.20199998426285753,6996575,NC
-0.20201995939554274,6996576,NC
-0.1970399386632979,6996577,NC
-0.21705992206317026,6996578,NC
-0.23707990959220665,6996579,NC
-0.25209990124745313,6996580,NC
-0.25711989702595517,6996581,NC
-0.2521398969247577,6996582,NC
-0.24715990094090504,6996583,NC
-0.24217990907144077,6996584,NC
-0.257199921313408,6996585,NC
-0.27221993766384933,6996586,NC
-0.2722399581198064,6996587,NC
-0.2622599826783206,6996588,NC
-0.24228001133643257,6996589,NC
-0.25730004409118223,6996590,NC
-0.2723200809396092,6996591,NC
-0.2923401218787521,6996592,NC
-0.28236016690564925,6996593,NC
-0.26238021601733824,6996594,NC
-0.2474002692108562,6996595,NC
-0.25742032648323937,6996596,NC
-0.2624403878315236,6996597,NC
-0.27746045325274427,6996598,NC
-0.27248052274393575,6996599,NC
-0.2625005963021321,6996600,NC
-0.2525206739243669,6996601,NC
-0.2525407556076727,6996602,NC
-0.25756084134908175,6996603,NC
-0.26758093114562576,6996604,NC
-0.2726010249943357,6996605,NC
-0.2576211228922419,6996606,NC
-0.24264122483637432,6996607,NC
-0.24766133082376202,6996608,NC
-0.2576814408514336,6996609,NC
-0.2677015549164171,6996610,NC
-0.26772167301573996,6996611,NC
-0.26774179514642904,6996612,NC
-0.24776192130551053,6996613,NC
-0.24778205149001,6996614,NC
-0.25280218569695256,6996615,NC
-0.2678223239233625,6996616,NC
-0.26784246616626384,6996617,NC
-0.25786261242267977,6996618,NC
-0.247882762689633,6996619,NC
-0.24290291696414548,6996620,NC
-0.24792307524323873,6996621,NC
-0.2679432375239336,6996622,NC
-0.2679634038032505,6996623,NC
-0.262983574078209,6996624,NC
-0.2430037483458283,6996625,NC
-0.2580239266031268,6996626,NC
-0.27304410884712255,6996627,NC
-0.2880642950748328,6996628,NC
-0.2830844852832743,6996629,NC
-0.2631046794694633,6996630,NC
-0.2581248776304153,6996631,NC
-0.2581450797631453,6996632,NC
-0.26816528586466776,6996633,NC
-0.2731854959319964,6996634,NC
-0.2882057099621445,6996635,NC
-0.27822592795212464,6996636,NC
-0.253246149898949,6996637,NC
-0.25326637579962896,6996638,NC
-0.2632866056511753,6996639,NC
-0.27830683945059853,6996640,NC
-0.2833270771949083,6996641,NC
-0.2733473188811137,6996642,NC
-0.25336756450622333,6996643,NC
-0.2583878140672451,6996644,NC
-0.27340806756118646,6996645,NC
-0.2934283249850542,6996646,NC
-0.3034485863358546,6996647,NC
-0.2934688516105932,6996648,NC
-0.27848912080627514,6996649,NC
-0.26850939391990486,6996650,NC
-0.26852967094848634,6996651,NC
-0.2835499518890229,6996652,NC
-0.2835702367385172,6996653,NC
-0.27859052549397156,6996654,NC
-0.2686108181523874,6996655,NC
-0.2636311147107659,6996656,NC
-0.2736514151661074,6996657,NC
-0.26867171951541186,6996658,NC
-0.2686920277556785,6996659,NC
-0.24871233988390612,6996660,NC
-0.23373265589709272,6996661,NC
-0.233752975792236,6996662,NC
-0.2387732995663329,6996663,NC
-0.24379362721637984,6996664,NC
-0.2438139587393727,6996665,NC
-0.22883429413230674,6996666,NC
-0.21885463339217662,6996667,NC
-0.21887497651597657,6996668,NC
-0.20389532350070008,6996669,NC
-0.20891567434334016,6996670,NC
-0.21393602904088924,6996671,NC
-0.18895638759033914,6996672,NC
-0.16897674998868123,6996673,NC
-0.17399711623290612,6996674,NC
-0.184017486320004,6996675,NC
-0.2040378602469645,6996676,NC
-0.2290582380107765,6996677,NC
-0.21407861960842856,6996678,NC
-0.1990990050369085,6996679,NC
-0.20411939429320367,6996680,NC
-0.21913978737430076,6996681,NC
-0.24416018427718603,6996682,NC
-0.22918058499884503,6996683,NC
-0.23920098953626281,6996684,NC
-0.22422139788642387,6996685,NC
-0.2442418100463122,6996686,NC
-0.24926222601291104,6996687,NC
-0.25928264578320326,6996688,NC
-0.264303069354171,6996689,NC
-0.27432349672279616,6996690,NC
-0.24434392788605963,6996691,NC
-0.259364362840942,6996692,NC
-0.26938480158442335,6996693,NC
-0.2894052441134831,6996694,NC
-0.2844256904251,6996695,NC
-0.2944461405162525,6996696,NC
-0.2994665943839183,6996697,NC
-0.3044870520250746,6996698,NC
-0.324507513436698,6996699,NC
-0.3495279786157646,6996700,NC
-0.32954844755925,6996701,NC
-0.30956892026412913,6996702,NC
-0.29958939672737633,6996703,NC
-0.2896098769459655,6996704,NC
-0.30963036091686996,6996705,NC
-0.3196508486370624,6996706,NC
-0.3346713401035151,6996707,NC
-0.3346918353131997,6996708,NC
-0.30471233426308725,6996709,NC
-0.30973283695014825,6996710,NC
-0.3197533433713527,6996711,NC
-0.33477385352367006,6996712,NC
-0.34479436740406916,6996713,NC
-0.32481488500951833,6996714,NC
-0.3098354063369855,6996715,NC
-0.30485593138343764,6996716,NC
-0.3248764601458416,6996717,NC
-0.32489699262116345,6996718,NC
-0.3199175288063688,6996719,NC
-0.3149380686984227,6996720,NC
-0.3149586122942896,6996721,NC
-0.3149791595909334,6996722,NC
-0.32499971058531746,6996723,NC
-0.32502026527440475,6996724,NC
-0.31504082365515756,6996725,NC
-0.3200613857245374,6996726,NC
-0.31008195147950585,6996727,NC
-0.29510252091702327,6996728,NC
-0.31012309403405,6996729,NC
-0.31514367082754535,6996730,NC
-0.3201642512944685,6996731,NC
-0.305184835431778,6996732,NC
-0.2702054232364317,6996733,NC
-0.27022601470538704,6996734,NC
-0.2652466098356009,6996735,NC
-0.26026720862402947,6996736,NC
-0.25028781106762876,6996737,NC
-0.21030841716335374,6996738,NC
-0.15532902690815936,6996739,NC
-0.1003496402989996,6996740,NC
-0.06537025733282818,6996741,NC
-0.04039087800659812,6996742,NC
-0.03541150231726202,6996743,NC
-0.04043213026177182,6996744,NC
-0.060452761837079094,6996745,NC
-0.11047339704013465,6996746,NC
-0.20549403586788897,6996747,NC
-0.32051467831729186,6996748,NC
-0.4455353243852927,6996749,NC
-0.5355559740688404,6996750,NC
-0.5355766273648829,6996751,NC
-0.4955972842703681,6996752,NC
-0.42061794478224324,6996753,NC
-0.3206386088974549,6996754,NC
-0.23565927661294928,6996755,NC
-0.12567994792567186,6996756,NC
-0.015700622832567814,6996757,NC
0.034278698669418385,6996758,NC
0.04925801658334274,6996759,NC
0.00923733091226175,6996760,NC
-0.07578335834076752,6996761,NC
-0.1558040511726874,6996762,NC
-0.22582474758043988,6996763,NC
-0.3158454475609662,6996764,NC
-0.38086615111120736,6996765,NC
-0.43088685822810346,6996766,NC
-0.4609075689085943,6996767,NC
-0.47092828314961926,6996768,NC
-0.490949000948117,6996769,NC
-0.5009697223010257,6996770,NC
-0.5359904472052829,6996771,L
-0.5560111756578259,6996772,NC
-0.5510319076555912,6996773,NC
-0.5210526431955151,6996774,NC
-0.4710733822745329,6996775,NC
-0.4360941248895798,6996776,NC
-0.39611487103759035,6996777,NC
-0.3561356207154985,6996778,NC
-0.3411563739202377,6996779,NC
-0.3061771306487409,6996780,NC
-0.2811978908979406,6996781,NC
-0.2662186546647687,6996782,NC
-0.2712394219461566,6996783,NC
-0.2612601927390351,6996784,NC
-0.26128096704033466,6996785,NC
-0.25630174484698515,6996786,NC
-0.23632252615591576,6996787,NC
-0.23134331096405536,6996788,NC
-0.23136409926833226,6996789,NC
-0.2313848910656742,6996790,NC
-0.23140568635300846,6996791,NC
-0.22142648512726174,6996792,NC
-0.1914472873853603,6996793,NC
-0.19646809312422986,6996794,NC
-0.19648890234079555,6996795,NC
-0.2115097150319821,6996796,NC
-0.2065305311947137,6996797,NC
-0.18655135082591395,6996798,NC
-0.171572173922506,6996799,NC
-0.16159300048141254,6996800,NC
-0.1716138304995556,6996801,NC
-0.17663466397385685,6996802,NC
-0.16665550090123732,6996803,NC
-0.1416763412786177,6996804,NC
-0.11669718510291797,6996805,NC
-0.10171803237105773,6996806,NC
-0.10673888307995603,6996807,NC
-0.09675973722653143,6996808,NC
-0.09678059480770194,6996809,NC
-0.06180145582038518,6996810,NC
-0.031822320261498054,6996811,NC
-0.021843188127957186,6996812,NC
-0.0318640594166785,6996813,NC
-0.011884934124577598,6996814,NC
-0.0069058122485693915,6996815,NC
0.01807330621443157,6996816,NC
0.038052421267511315,6996817,NC
0.04803153291375635,6996818,NC
0.058010641156253706,6996819,NC
0.07798974599809083,6996820,NC
0.09796884744235586,6996821,NC
0.1079479454921372,6996822,NC
0.14792704015052396,6996823,NC
0.13790613142060562,6996824,NC
0.1428852193054722,6996825,NC
0.1328643038082143,6996826,NC
0.13284338493192285,6996827,NC
0.13282246267968942,6996828,NC
0.1628015370546061,6996829,NC
0.17778060805976523,6996830,NC
0.17775967569826004,6996831,NC
0.1977387399731839,6996832,NC
0.21771780088763093,6996833,NC
0.2526968584446956,6996834,NC
0.2876759126474729,6996835,NC
0.2826549634990583,6996836,NC
0.28263401100254787,6996837,NC
0.2876130551610381,6996838,NC
0.28259209597762597,6996839,NC
0.2925711334554089,6996840,NC
0.30755016759748494,6996841,NC
0.30752919840695253,6996842,NC
0.3125082258869107,6996843,NC
0.29248725004045883,6996844,NC
0.2974662708706968,6996845,NC
0.32244528838072517,6996846,NC
0.32742430257364485,6996847,NC
0.3274033134525572,6996848,NC
0.31738232102056413,6996849,NC
0.29736132528076814,6996850,NC
0.27234032623627197,6996851,NC
0.2723193238901791,6996852,NC
0.2722983182455933,6996853,NC
0.257277309305619,6996854,NC
0.22225629707336103,6996855,NC
0.17723528155192464,6996856,NC
0.15721426274441574,6996857,NC
0.1371932406539405,6996858,NC
0.12217221528360586,6996859,NC
0.10215118663651893,6996860,NC
0.05213015471578756,6996861,NC
0.027109119524519932,6996862,NC
0.0020880810658247748,6996863,NC
-0.002932960657188715,6996864,NC
-0.007954005641410848,6996865,NC
-0.022975053883731472,6996866,NC
-0.04299610538103994,6996867,NC
-0.06301716013022515,6996868,NC
-0.08303821812817541,6996869,NC
-0.07805927937177873,6996870,NC
-0.0830803438579225,6996871,NC
-0.1081014115834937,6996872,NC
-0.12312248254537876,6996873,NC
-0.13814355674046375,6996874,NC
-0.1531646341656341,6996875,NC
-0.14818571481777498,6996876,NC
-0.14820679869377082,6996877,NC
-0.13322788579050576,6996878,NC
-0.14324897610486345,6996879,NC
-0.15827006963372697,6996880,NC
-0.16329116637397903,6996881,NC
-0.14831226632250183,6996882,NC
-0.133333369476177,6996883,NC
-0.13835447583188587,6996884,NC
-0.15337558538650914,6996885,NC
-0.17839669813692716,6996886,NC
-0.17341781408001974,6996887,NC
-0.16843893321266618,6996888,NC
-0.13846005553174545,6996889,NC
-0.14848118103413588,6996890,NC
-0.17350230971671543,6996891,NC
-0.18852344157636158,6996892,NC
-0.17854457660995132,6996893,NC
-0.15856571481436116,6996894,NC
-0.1335868561864672,6996895,NC
-0.123608000723145,6996896,NC
-0.14362914842126975,6996897,NC
-0.163650299277716,6996898,NC
-0.168671453289358,6996899,NC
-0.15869261045306948,6996900,NC
-0.13371377076572372,6996901,NC
-0.13373493422419344,6996902,NC
-0.13875610082535103,6996903,NC
-0.1587772705660683,6996904,NC
-0.15879844344321672,6996905,NC
-0.14381961945366717,6996906,NC
-0.13384079859429018,6996907,NC
-0.12886198086195566,6996908,NC
-0.1338831662535333,6996909,NC
-0.15390435476589207,6996910,NC
-0.13892554639590066,6996911,NC
-0.12394674114042717,6996912,NC
-0.11896793899633938,6996913,NC
-0.12398913996050444,6996914,NC
-0.12901034402978928,6996915,NC
-0.1440315512010601,6996916,NC
-0.14905276147118282,6996917,NC
-0.1440739748370228,6996918,NC
-0.1190951912954451,6996919,NC
-0.11911641084331409,6996920,NC
-0.13913763347749392,6996921,NC
-0.15415885919484806,6996922,NC
-0.14918008799223978,6996923,NC
-0.1392013198665316,6996924,NC
-0.12922255481458583,6996925,NC
-0.12424379283326419,6996926,NC
-0.12926503391942806,6996927,NC
-0.1442862780699382,6996928,NC
-0.1493075252816551,6996929,NC
-0.14932877555143864,6996930,NC
-0.12935002887614835,6996931,NC
-0.1393712852526433,6996932,NC
-0.14939254467778207,6996933,NC
-0.16441380714842274,6996934,NC
-0.16943507266142313,6996935,NC
-0.14945634121364038,6996936,NC
-0.13947761280193136,6996937,NC
-0.15449888742315232,6996938,NC
-0.1695201650741593,6996939,NC
-0.16454144575180762,6996940,NC
-0.16456272945295236,6996941,NC
-0.15458401617444806,6996942,NC
-0.1346053059131489,6996943,NC
-0.13962659866590837,6996944,NC
-0.1446478944295799,6996945,NC
-0.1446691932010161,6996946,NC
-0.15469049497706935,6996947,NC
-0.13471179975459158,6996948,NC
-0.13473310753043422,6996949,NC
-0.13475441830144821,6996950,NC
-0.1447757320644842,6996951,NC
-0.15979704881639223,6996952,NC
-0.14981836855402206,6996953,NC
-0.13483969127422277,6996954,NC
-0.1248610169738433,6996955,NC
-0.11488234564973195,6996956,NC
-0.1299036772987366,6996957,NC
-0.11492501191770477,6996958,NC
-0.11994634950348348,6996959,NC
-0.09996769005291929,6996960,NC
-0.0699890335628584,6996961,NC
-0.08001038003014653,6996962,NC
-0.07503172945162893,6996963,NC
-0.10005308182415046,6996964,NC
-0.11007443714455555,6996965,NC
-0.10509579540968814,6996966,NC
-0.08511715661639178,6996967,NC
-0.08513852076150957,6996968,NC
-0.10515988784188421,6996969,NC
-0.11518125785435793,6996970,NC
-0.13520263079577247,6996971,NC
-0.14022400666296925,6996972,NC
-0.12524538545278918,6996973,NC
-0.12526676716207286,6996974,NC
-0.14528815178766027,6996975,NC
-0.14030953932639104,6996976,NC
-0.15533092977510443,6996977,NC
-0.14535232313063923,6996978,NC
-0.13537371938983372,6996979,NC
-0.14039511854952594,6996980,NC
-0.16041652060655323,6996981,NC
-0.16043792555775283,6996982,NC
-0.17045933339996125,6996983,NC
-0.15548074413001478,6996984,NC
-0.14050215774474917,6996985,NC
-0.15552357424099975,6996986,NC
-0.1905449936156015,6996987,NC
-0.22056641586538892,6996988,NC
-0.2405878409871961,6996989,NC
-0.24560926897785665,6996990,NC
-0.2006306998342038,6996991,NC
-0.20565213355307047,6996992,NC
-0.2156735701312889,6996993,NC
-0.2406950095656912,6996994,NC
-0.2357164518531088,6996995,NC
-0.22073789699037288,6996996,NC
-0.2157593449743141,6996997,NC
-0.2157807958017628,6996998,NC
-0.22580224946954874,6996999,NC
-0.2458237059745015,6997000,NC
-0.24084516531344993,6997001,NC
-0.22586662748322278,6997002,NC
-0.21088809248064816,6997003,NC
-0.2059095603025539,6997004,NC
-0.2209310309457672,6997005,NC
-0.23595250440711515,6997006,NC
-0.24597398068342421,6997007,NC
-0.25099545977152043,6997008,NC
-0.23601694166822954,6997009,NC
-0.2160384263703768,6997010,NC
-0.23105991387478705,6997011,NC
-0.26108140417828485,6997012,NC
-0.256102897277694,6997013,NC
-0.23112439316983824,6997014,NC
-0.21614589185154073,6997015,NC
-0.21616739331962434,6997016,NC
-0.20618889757091138,6997017,NC
-0.22121040460222383,6997018,NC
-0.2162319144103832,6997019,NC
-0.20125342699221074,6997020,NC
-0.19127494234452702,6997021,NC
-0.22129646046415252,6997022,NC
-0.23131798134790707,6997023,NC
-0.24633950499261023,6997024,NC
-0.241361031395081,6997025,NC
-0.19638256055213815,6997026,NC
-0.16140409246059995,6997027,NC
-0.1214256271172843,6997028,NC
-0.08644716451900858,6997029,NC
-0.05146870466258999,6997030,NC
-0.0014902475448450477,6997031,NC
0.058488206837409865,6997032,NC
0.11346665848735901,6997033,NC
0.09344510740818686,6997034,NC
0.07342355360307841,6997035,NC
0.028401997075218996,6997036,NC
-0.036619562172205605,6997037,NC
-0.11164112413600924,6997038,NC
-0.1866626888130053,6997039,NC
-0.23168425620000693,6997040,NC
-0.2067058262938266,6997041,NC
-0.14172739909127666,6997042,NC
-0.04674897458916892,6997043,NC
0.043229447215685196,6997044,NC
0.13820786632647464,6997045,NC
0.19318628274638877,6997046,NC
0.2331646964786174,6997047,NC
0.24814310752635063,6997048,L
0.223121515892779,6997049,NC
0.1480999215810935,6997050,NC
0.05807832459448549,6997051,NC
-0.04194327506385333,6997052,NC
-0.15696487739073078,6997053,NC
-0.2269864823829544,6997054,NC
-0.2970080900373312,6997055,NC
-0.3420297003506679,6997056,NC
-0.36705131331977076,6997057,NC
-0.4120729289414457,6997058,NC
-0.4520945472124982,6997059,NC
-0.5071161681297334,6997060,NC
-0.532137791689956,6997061,NC
-0.5171594178899704,6997062,NC
-0.4921810467265804,6997063,NC
-0.45720267819658966,6997064,NC
-0.43722431229680137,6997065,NC
-0.4122459490240182,6997066,NC
-0.3822675883750426,6997067,NC
-0.3472892303466765,6997068,NC
-0.3223108749357217,6997069,NC
-0.29733252213897915,6997070,NC
-0.2973541719532499,6997071,NC
-0.31237582437533434,6997072,NC
-0.3073974794020325,6997073,NC
-0.28741913703014405,6997074,NC
-0.27244079725646836,6997075,NC
-0.2724624600778043,6997076,NC
-0.2724841254909504,6997077,NC
-0.2775057934927048,6997078,NC
-0.28252746407986534,6997079,NC
-0.2625491372492293,6997080,NC
-0.24757081299759373,6997081,NC
-0.2525924913217552,6997082,NC
-0.25761417221851,6997083,NC
-0.267635855684654,6997084,NC
-0.25765754171698263,6997085,NC
-0.25267923031229095,6997086,NC
-0.23770092146737382,6997087,NC
-0.23272261517902543,6997088,NC
-0.23274431144403987,6997089,NC
-0.23776601025921065,6997090,NC
-0.23778771162133103,6997091,NC
-0.22780941552719378,6997092,NC
-0.2078311219735914,6997093,NC
-0.20785283095731596,6997094,NC
-0.21287454247515922,6997095,NC
-0.2078962565239124,6997096,NC
-0.2129179731003666,6997097,NC
-0.1929396922013122,6997098,NC
-0.16296141382353965,6997099,NC
-0.16298313796383862,6997100,NC
-0.1630048646189987,6997101,NC
-0.17302659378580887,6997102,NC
-0.15304832546105795,6997103,NC
-0.14307005964153421,6997104,NC
-0.12309179632402571,6997105,NC
-0.09311353550531998,6997106,NC
-0.09813527718220436,6997107,NC
-0.09315702135146561,6997108,NC
-0.07817876800989038,6997109,NC
-0.05820051715426467,6997110,NC
-0.04322226878137435,6997111,NC
-0.03824402288800478,6997112,NC
-0.033265779470941045,6997113,NC
-0.02828753852696772,6997114,NC
-0.023309300052869228,6997115,NC
-0.003331064045429405,6997116,NC
0.016647169498568065,6997117,NC
0.03162540058234008,6997118,NC
0.04160362920910371,6997119,NC
0.03158185538207649,6997120,NC
0.05656007910447629,6997121,NC
0.08153830037952137,6997122,NC
0.10651651921043029,6997123,NC
0.10149473560042206,6997124,NC
0.09147294955271594,6997125,NC
0.07645116107053171,6997126,NC
0.0814293701570893,6997127,NC
0.09640757681560921,6997128,NC
0.1263857810493121,6997129,NC
0.14136398286141919,6997130,NC
0.13634218225515188,6997131,NC
0.13132037923373205,6997132,NC
0.12629857380038184,6997133,NC
0.15627676595832385,6997134,NC
0.1612549557107809,6997135,NC
0.1412331430609764,6997136,NC
0.11121132801213383,6997137,NC
0.10118951056747721,6997138,NC
0.09116769073023084,6997139,NC
0.09114586850361941,6997140,NC
0.07612404389086794,6997141,NC
0.06110221689520183,6997142,NC
0.03108038751984679,6997143,NC
-0.008941444231971081,6997144,NC
-0.043963278357025376,6997145,NC
-0.058985114852089224,6997146,NC
-0.06900695371393559,6997147,NC
-0.09902879493933693,6997148,NC
-0.12405063852506543,6997149,NC
-0.14907248446789287,6997150,NC
-0.16909433276459074,6997151,NC
-0.1741161834119302,6997152,NC
-0.18413803640668197,6997153,NC
-0.18915989174561643,6997154,NC
-0.20918174942550377,6997155,NC
-0.23420360944311366,6997156,NC
-0.24922547179521548,6997157,NC
-0.2442473364785783,6997158,NC
-0.24426920348997078,6997159,NC
-0.2492910728261613,6997160,NC
-0.24931294448391786,6997161,NC
-0.27433481846000807,6997162,NC
-0.29935669475119936,6997163,NC
-0.2743785733542587,6997164,NC
-0.2694004542659526,6997165,NC
-0.2644223374830476,6997166,NC
-0.28444422300230937,6997167,NC
-0.30446611082050373,6997168,NC
-0.29448800093439587,6997169,NC
-0.3045098933407508,6997170,NC
-0.28453178803633294,6997171,NC
-0.28455368501790684,6997172,NC
-0.27957558428223617,6997173,NC
-0.3095974858260847,6997174,NC
-0.3146193896462155,6997175,NC
-0.31464129573939165,6997176,NC
-0.28466320410237556,6997177,NC
-0.26968511473192963,6997178,NC
-0.2947070276248157,6997179,NC
-0.30472894277779533,6997180,NC
-0.30475086018762976,6997181,NC
-0.2847727798510799,6997182,NC
-0.28479470176490634,6997183,NC
-0.2798166259258693,6997184,NC
-0.2998385523307287,6997185,NC
-0.30986048097624413,6997186,NC
-0.3048824118591748,6997187,NC
-0.2849043449762796,6997188,NC
-0.2599262803243172,6997189,NC
-0.2649482179000458,6997190,NC
-0.2899701577002233,6997191,NC
-0.3049920997216073,6997192,NC
-0.2900140439609551,6997193,NC
-0.27503599041502363,6997194,NC
-0.27505793908056947,6997195,NC
-0.280079889954349,6997196,NC
-0.2801018430331181,6997197,NC
-0.30012379831363245,6997198,NC
-0.30014575579264724,6997199,NC
-0.2901677154669176,6997200,NC
-0.2901896773331981,6997201,NC
-0.28021164138824317,6997202,NC
-0.2852336076288067,6997203,NC
-0.31025557605164245,6997204,NC
-0.3002775466535037,6997205,NC
-0.30529951943114364,6997206,NC
-0.29532149438131483,6997207,NC
-0.29534347150076984,6997208,NC
-0.3003654507862606,6997209,NC
-0.32538743223453903,6997210,NC
-0.3254094158423564,6997211,NC
-0.3154314016064639,6997212,NC
-0.28045338952361226,6997213,NC
-0.28047537959055213,6997214,NC
-0.31049737180403364,6997215,NC
-0.32551936616080657,6997216,NC
-0.33554136265762036,6997217,NC
-0.3155633612912245,6997218,NC
-0.3105853620583676,6997219,NC
-0.2906073649557985,6997220,NC
-0.3056293699802652,6997221,NC
-0.31565137712851593,6997222,NC
-0.3206733863972981,6997223,NC
-0.3056953977833592,6997224,NC
-0.29071741128344614,6997225,NC
-0.2807394268943057,6997226,NC
-0.28576144461268427,6997227,NC
-0.2907834644353279,6997228,NC
-0.29080548635898235,6997229,NC
-0.2808275103803931,6997230,NC
-0.2808495364963053,6997231,NC
-0.28587156470346375,6997232,NC
-0.28089359499861305,6997233,NC
-0.27591562737849734,6997234,NC
-0.2709376618398606,6997235,NC
-0.2609596983794465,6997236,NC
-0.23098173699399813,6997237,NC
-0.24100377768025863,6997238,NC
-0.2510258204349707,6997239,NC
-0.2510478652548766,6997240,NC
-0.2510699121367186,6997241,NC
-0.24609196107723827,6997242,NC
-0.24611401207317718,6997243,NC
-0.2511360651212765,6997244,NC
-0.271158120218277,6997245,NC
-0.29118017736091933,6997246,NC
-0.30620223654594375,6997247,NC
-0.29622429777009013,6997248,NC
-0.2862463610300982,6997249,NC
-0.2962684263227072,6997250,NC
-0.3062904936446564,6997251,NC
-0.32131256299268435,6997252,NC
-0.3213346343635295,6997253,NC
-0.33135670775393006,6997254,NC
-0.32137878316062396,6997255,NC
-0.33640086058034857,6997256,NC
-0.3464229400098413,6997257,NC
-0.346445021445839,6997258,NC
-0.3564671048850785,6997259,NC
-0.361489190324296,6997260,NC
-0.3615112777602277,6997261,NC
-0.3515333671896092,6997262,NC
-0.3665554586091762,6997263,NC
-0.3815775520156638,6997264,NC
-0.3965996474058068,6997265,NC
-0.3916217447763399,6997266,NC
-0.3766438441239974,6997267,NC
-0.3616659454455132,6997268,NC
-0.3616880487376213,6997269,NC
-0.38671015399705483,6997270,NC
-0.3967322612205471,6997271,NC
-0.4067543704048309,6997272,NC
-0.39177648154663897,6997273,NC
-0.38679859464270333,6997274,NC
-0.3918207096897561,6997275,NC
-0.4068428266845288,6997276,NC
-0.4018649456237532,6997277,NC
-0.3918870665041601,6997278,NC
-0.37190918932248046,6997279,NC
-0.3719313140754448,6997280,NC
-0.3819534407597834,6997281,NC
-0.3969755693722261,6997282,NC
-0.39199769990950295,6997283,NC
-0.38201983236834297,6997284,NC
-0.3720419667454755,6997285,NC
-0.3770641030376293,6997286,NC
-0.3970862412415329,6997287,NC
-0.41710838135391465,6997288,NC
-0.40213052337150257,6997289,NC
-0.38715266729102427,6997290,NC
-0.36717481310920724,6997291,NC
-0.3871969608227786,6997292,NC
-0.3872191104284652,6997293,NC
-0.40224126192299364,6997294,NC
-0.39726341530309034,6997295,NC
-0.3922855705654812,6997296,NC
-0.372307727706892,6997297,NC
-0.3773298867240482,6997298,NC
-0.38735204761367514,6997299,NC
-0.3773742103724975,6997300,NC
-0.3623963749972401,6997301,NC
-0.33241854148462724,6997302,NC
-0.3224407098313831,6997303,NC
-0.28246288003423137,6997304,NC
-0.23748505208989573,6997305,NC
-0.19750722599509932,6997306,NC
-0.13752940174656528,6997307,NC
-0.07255157934101619,6997308,NC
-0.03257375877517458,6997309,NC
-0.02259594004576264,6997310,NC
-0.04761812314950224,6997311,NC
-0.08764030808311507,6997312,NC
-0.15766249484332245,6997313,NC
-0.23768468342684548,6997314,NC
-0.337706873830405,6997315,NC
-0.4577290660507216,6997316,NC
-0.5327512600845157,6997317,NC
-0.5477734559285069,6997318,NC
-0.4977956535794153,6997319,NC
-0.3878178530339604,6997320,NC
-0.2728400542888612,6997321,NC
-0.17286225734083688,6997322,NC
-0.07788446218660605,6997323,NC
-0.022906668822887114,6997324,NC
0.03207112275360176,6997325,NC
0.06204891254614267,6997326,NC
0.04702670055801797,6997327,L
-0.027995513207489692,6997328,NC
-0.11301772874709742,6997329,NC
-0.21803994605752208,6997330,NC
-0.2930621651354802,6997331,NC
-0.3480843859776882,6997332,NC
-0.3831066085808621,6997333,NC
-0.39812883294171764,6997334,NC
-0.44315105905697044,6997335,NC
-0.46817328692333576,6997336,NC
-0.5031955165375286,6997337,NC
-0.5282177478962637,6997338,NC
-0.5382399809962557,6997339,NC
-0.5632622158342186,6997340,NC
-0.5732844524068667,6997341,NC
-0.5783066907109136,6997342,NC
-0.5583289307430725,6997343,NC
-0.5083511725000573,6997344,NC
-0.4733734159785803,6997345,NC
-0.4333956611753546,6997346,NC
-0.42341790808709245,6997347,NC
-0.42844015671050617,6997348,NC
-0.40846240704230774,6997349,NC
-0.3834846590792088,6997350,NC
-0.3635069128179208,6997351,NC
-0.378529168255155,6997352,NC
-0.3685514253876222,6997353,NC
-0.3585736842120333,6997354,NC
-0.3685959447250986,6997355,NC
-0.3486182069235284,6997356,NC
-0.3436404708040326,6997357,NC
-0.3386627363633209,6997358,NC
-0.3536850035981028,6997359,NC
-0.3537072725050874,6997360,NC
-0.3487295430809837,6997361,NC
-0.3437518153225005,6997362,NC
-0.32377408922634615,6997363,NC
-0.31879636478922896,6997364,NC
-0.3138186420078568,6997365,NC
-0.3238409208789375,6997366,NC
-0.3388632013991784,6997367,NC
-0.333885483565287,6997368,NC
-0.30390776737397013,6997369,NC
-0.2989300528219345,6997370,NC
-0.29395233990588665,6997371,NC
-0.293974628622533,6997372,NC
-0.2889969189685794,6997373,NC
-0.2590192109407317,6997374,NC
-0.23404150453569547,6997375,NC
-0.22906379975017602,6997376,NC
-0.22408609658087836,6997377,NC
-0.22910839502450742,6997378,NC
-0.21913069507776775,6997379,NC
-0.19415299673736366,6997380,NC
-0.16917529999999928,6997381,NC
-0.1541976048623786,6997382,NC
-0.1692199113212051,6997383,NC
-0.1692422193731823,6997384,NC
-0.1642645290150133,6997385,NC
-0.13428684024340112,6997386,NC
-0.09930915305504841,6997387,NC
-0.06933146744665764,6997388,NC
-0.07435378341493107,6997389,NC
-0.07937610095657067,6997390,NC
-0.06439842006827826,6997391,NC
-0.019420740746755358,6997392,NC
-0.004443062988703211,6997393,NC
0.010534613209177,6997394,NC
0.01051228785018454,6997395,NC
0.010489960937618708,6997396,NC
0.020467632474779153,6997397,NC
0.04044530246496571,6997398,NC
0.07042297091147845,6997399,NC
0.07540063781761769,6997400,NC
0.09037830318668394,6997401,NC
0.09035596702197793,6997402,NC
0.10033362932680073,6997403,NC
0.12531129010445347,6997404,NC
0.1552889493582376,6997405,NC
0.17026660709145477,6997406,NC
0.1552442633074069,6997407,NC
0.15522191800939605,6997408,NC
0.1701995712007246,6997409,NC
0.19017722288469507,6997410,NC
0.19015487306461024,6997411,NC
0.1951325217437731,6997412,NC
0.18511016892548693,6997413,NC
0.19508781461305513,6997414,NC
0.20006545880978138,6997415,NC
0.21004310151896952,6997416,NC
0.23002074274392367,6997417,NC
0.2199983824879482,6997418,NC
0.19997602075434762,6997419,NC
0.17995365754642667,6997420,NC
0.16493129286749034,6997421,NC
0.16490892672084387,6997422,NC
0.14988655910979262,6997423,NC
0.13986419003764222,6997424,NC
0.10484181950769852,6997425,NC
0.07481944752326762,6997426,NC
0.044797074087655764,6997427,NC
0.02977469920416944,6997428,NC
0.024752322876115354,6997429,NC
-0.005270054893199547,6997430,NC
-0.02029243410046821,6997431,NC
-0.060314814742383205,6997432,NC
-0.09033719681563705,6997433,NC
-0.1103595803169219,6997434,NC
-0.11038196524292986,6997435,NC
-0.12040435159035269,6997436,NC
-0.130426739355882,6997437,NC
-0.16544912853620913,6997438,NC
-0.1704715191280254,6997439,NC
-0.18049391112802168,6997440,NC
-0.17551630453288877,6997441,NC
-0.1805386993393172,6997442,NC
-0.19556109554399737,6997443,NC
-0.2355834931436194,6997444,NC
-0.2356058921348732,6997445,NC
-0.22062829251444854,6997446,NC
-0.21565069427903494,6997447,NC
-0.2056730974253217,6997448,NC
-0.215695501949998,6997449,NC
-0.23571790784975266,6997450,NC
-0.21574031512127453,6997451,NC
-0.21576272376125197,6997452,NC
-0.2057851337663734,6997453,NC
-0.21580754513332684,6997454,NC
-0.23082995785880028,6997455,NC
-0.23085237193948133,6997456,NC
-0.2358747873720576,6997457,NC
-0.2208972041532163,6997458,NC
-0.20091962227964458,6997459,NC
-0.20594204174802933,6997460,NC
-0.2059644625550573,6997461,NC
-0.2159868846974149,6997462,NC
-0.22100930817178857,6997463,NC
-0.20103173297486426,6997464,NC
-0.19105415910332813,6997465,NC
-0.18107658655386563,6997466,NC
-0.1910990153231625,6997467,NC
-0.19112144540790396,6997468,NC
-0.2011438768047752,6997469,NC
-0.1961663095104611,6997470,NC
-0.1761887435216465,6997471,NC
-0.1812111788350159,6997472,NC
-0.16623361544725365,6997473,NC
-0.186256053355044,6997474,NC
-0.18627849255507084,6997475,NC
-0.17630093304401803,6997476,NC
-0.16132337481856918,6997477,NC
-0.1663458178754076,6997478,NC
-0.17636826221121663,6997479,NC
-0.17139070782267918,6997480,NC
-0.1714131547064782,6997481,NC
-0.18143560285929633,6997482,NC
-0.166458052277816,6997483,NC
-0.1714805029587195,6997484,NC
-0.17650295489868892,6997485,NC
-0.1865254080944062,6997486,NC
-0.18154786254255306,6997487,NC
-0.17157031823981098,6997488,NC
-0.1565927751828614,6997489,NC
-0.17161523336838538,6997490,NC
-0.18163769279306402,6997491,NC
-0.196660153453578,6997492,NC
-0.19668261534660808,6997493,NC
-0.1817050784688346,6997494,NC
-0.16672754281693786,6997495,NC
-0.16675000838759788,6997496,NC
-0.17677247517749464,6997497,NC
-0.17679494318330774,6997498,NC
-0.18681741240171684,6997499,NC
-0.1868398828294012,6997500,NC
-0.18186235446304003,6997501,NC
-0.17688482729931232,6997502,NC
-0.1869073013348969,6997503,NC
-0.18692977656647242,6997504,NC
-0.19195225299071733,6997505,NC
-0.1719747306043099,6997506,NC
-0.16699720940392826,6997507,NC
-0.16701968938625042,6997508,NC
-0.18204217054795407,6997509,NC
-0.18206465288571677,6997510,NC
-0.19208713639621602,6997511,NC
-0.162109621076129,6997512,NC
-0.15713210692213278,6997513,NC
-0.1421545939309043,6997514,NC
-0.14717708209912025,6997515,NC
-0.15719957142345722,6997516,NC
-0.1672220619005915,6997517,NC
-0.14724455352719948,6997518,NC
-0.13226704629995706,6997519,NC
-0.10728954021554012,6997520,NC
-0.1223120352706244,6997521,NC
-0.13233453146188545,6997522,NC
-0.1273570287859986,6997523,NC
-0.10737952723963909,6997524,NC
-0.0924020268194819,6997525,NC
-0.08742452752220198,6997526,NC
-0.07744702934447394,6997527,NC
-0.0974695322829724,6997528,NC
-0.09249203633437168,6997529,NC
-0.07751454149534599,6997530,NC
-0.0775370477625694,6997531,NC
-0.08255955513271575,6997532,NC
-0.08758206360245877,6997533,NC
-0.11760457316847206,6997534,NC
-0.12762708382742893,6997535,NC
-0.1176495955760027,6997536,NC
-0.10767210841086634,6997537,NC
-0.10769462232869288,6997538,NC
-0.11271713732615493,6997539,NC
-0.1377396533999252,6997540,NC
-0.13776217054667605,6997541,NC
-0.1277846887630798,6997542,NC
-0.1228072080458085,6997543,NC
-0.12782972839153417,6997544,NC
-0.14285224979692854,6997545,NC
-0.16287477225866334,6997546,NC
-0.16289729577340997,6997547,NC
-0.15291982033783985,6997548,NC
-0.13794234594862403,6997549,NC
-0.13796487260243365,6997550,NC
-0.15298740029593955,6997551,NC
-0.17300992902581241,6997552,NC
-0.17803245878872276,6997553,NC
-0.17305498958134113,6997554,NC
-0.17307752140033764,6997555,NC
-0.17310005424238248,6997556,NC
-0.16312258810414554,6997557,NC
-0.1731451229822967,6997558,NC
-0.1631676588735055,6997559,NC
-0.15819019577444154,6997560,NC
-0.15321273368177415,6997561,NC
-0.17823527259217253,6997562,NC
-0.17325781250230568,6997563,NC
-0.18328035340884263,6997564,NC
-0.17330289530845197,6997565,NC
-0.1633254381978025,6997566,NC
-0.1433479820735625,6997567,NC
-0.15337052693240047,6997568,NC
-0.14839307277098446,6997569,NC
-0.15341561958598254,6997570,NC
-0.15843816737406263,6997571,NC
-0.15346071613189244,6997572,NC
-0.12848326585613956,6997573,NC
-0.12350581654347148,6997574,NC
-0.12352836819055545,6997575,NC
-0.1435509207940587,6997576,NC
-0.13857347435064826,6997577,NC
-0.12359602885699104,6997578,NC
-0.11361858430975373,6997579,NC
-0.10864114070560299,6997580,NC
-0.11366369804120527,6997581,NC
-0.13368625631322692,6997582,NC
-0.12370881551833408,6997583,NC
-0.11373137565319288,6997584,NC
-0.10875393671446917,6997585,NC
-0.09877649869882878,6997586,NC
-0.10879906160293736,6997587,NC
-0.10382162542346036,6997588,NC
-0.09884419015706322,6997589,NC
-0.08886675580041116,6997590,NC
-0.06388932235016927,6997591,NC
-0.03391188980300251,6997592,NC
-0.043934458155575756,6997593,NC
-0.028957027404553682,6997594,NC
0.016020402453399137,6997595,NC
0.07599783142161826,6997596,NC
0.14097525950343937,6997597,NC
0.1959526867021983,6997598,NC
0.23093011302123098,6997599,NC
0.25090753846387354,6997600,NC
0.25588496303346214,6997601,NC
0.25086238673333316,6997602,NC
0.21583980956682303,6997603,NC
0.1508172315372684,6997604,NC
0.045794652648005967,6997605,NC
-0.0692279270976274,6997606,NC
-0.15925050769629476,6997607,NC
-0.18427308914465895,6997608,NC
-0.12929567143938278,6997609,NC
-0.06431825457712888,6997610,NC
0.030659161445440234,6997611,NC
0.11563657663166219,6997612,NC
0.2206139909848746,6997613,NC
0.3205914045084155,6997614,NC
0.3955688172056227,6997615,NC
0.46054622907983445,6997616,NC
0.4505236401343888,6997617,L
0.3955010503726242,6997618,NC
0.3104784597978791,6997619,NC
0.22045586841349205,6997620,NC
0.11543327622280172,6997621,NC
0.03541068322914705,6997622,NC
-0.02961191056413317,6997623,NC
-0.10963450515369975,6997624,NC
-0.15965710053621365,6997625,NC
-0.18467969670833548,6997626,NC
-0.19470229366672587,6997627,NC
-0.22972489140804522,6997628,NC
-0.2597474899289541,6997629,NC
-0.3047700892261125,6997630,NC
-0.3447926892961807,6997631,NC
-0.34481529013581863,6997632,NC
-0.33483789174168643,6997633,NC
-0.32486049411044354,6997634,NC
-0.28988309723874983,6997635,NC
-0.2649057011232649,6997636,NC
-0.21492830576064806,6997637,NC
-0.17495091114755876,6997638,NC
-0.13497351728065626,6997639,NC
-0.11999612415659953,6997640,NC
-0.11001873177204775,6997641,NC
-0.1050413401236597,6997642,NC
-0.10506394920809427,6997643,NC
-0.09008655902201004,6997644,NC
-0.08010916956206567,6997645,NC
-0.0651317808249196,6997646,NC
-0.07515439280723021,6997647,NC
-0.08517700550565568,6997648,NC
-0.0801996189168543,6997649,NC
-0.08022223303748396,6997650,NC
-0.06524484786420275,6997651,NC
-0.050267463393668346,6997652,NC
-0.06529007962253863,6997653,NC
-0.060312696547471116,6997654,NC
-0.0703353141651234,6997655,NC
-0.055357932472152885,6997656,NC
-0.04038055146521692,6997657,NC
-0.040403171140972645,6997658,NC
-0.03542579149607728,6997659,NC
-0.04044841252718774,6997660,NC
-0.050471034230961054,6997661,NC
-0.04549365660405394,6997662,NC
-0.020516279643123178,6997663,NC
-0.0005389033448253812,6997664,NC
-0.01556152770581707,6997665,NC
-0.03558415272275467,6997666,NC
-0.030606778392294514,6997667,NC
-0.0006294047110928262,6997668,NC
0.01934796832419422,6997669,NC
0.029325340716910665,6997670,NC
0.03430271247040048,6997671,NC
0.029280083588007842,6997672,NC
0.029257454073076995,6997673,NC
0.05423482392895227,6997674,NC
0.08921219315897809,6997675,NC
0.08918956176649899,6997676,NC
0.08416692975485957,6997677,NC
0.07914429712740452,6997678,NC
0.07912166388747864,6997679,NC
0.09409903003842689,6997680,NC
0.11907639558359415,6997681,NC
0.11905376052632552,6997682,NC
0.12403112486996613,6997683,NC
0.11900848861786127,6997684,NC
0.12898585177335622,6997685,NC
0.15896321433979646,6997686,NC
0.18894057632052744,6997687,NC
0.19891793771889477,6997688,NC
0.2088952985382441,6997689,NC
0.21887265878192125,6997690,NC
0.21385001845327203,6997691,NC
0.23882737755564237,6997692,NC
0.2738047360923784,6997693,NC
0.268782094066826,6997694,NC
0.2687594514823315,6997695,NC
0.26373680834224117,6997696,NC
0.28371416464990135,6997697,NC
0.3036915204086583,6997698,NC
0.31866887562185886,6997699,NC
0.33364623029284934,6997700,NC
0.3236235844249766,6997701,NC
0.3036009380215872,6997702,NC
0.30357829108602813,6997703,NC
0.32355564362164624,6997704,NC
0.33353299563178856,6997705,NC
0.3385103471198021,6997706,NC
0.333487698089034,6997707,NC
0.3284650485428315,6997708,NC
0.32844239848454193,6997709,NC
0.3484197479175125,6997710,NC
0.3583970968450909,6997711,NC
0.36337444527062457,6997712,NC
0.358351793197461,6997713,NC
0.34832914062894793,6997714,NC
0.3383064875684332,6997715,NC
0.32828383401926436,6997716,NC
0.3282611799847896,6997717,NC
0.3182385254683566,6997718,NC
0.29321587047331366,6997719,NC
0.2581932150030087,6997720,NC
0.23817055906078993,6997721,NC
0.2281479026500056,6997722,NC
0.20812524577400401,6997723,NC
0.17310258843613358,6997724,NC
0.1280799306397427,6997725,NC
0.10305727238817992,6997726,NC
0.07303461368479384,6997727,NC
0.06301195453293303,6997728,NC
0.052989294935946306,6997729,NC
0.047966634897182336,6997730,NC
0.027943974419990095,6997731,NC
-0.0020786864922816323,6997732,NC
-0.03210134783628376,6997733,NC
-0.022124009608667353,6997734,NC
-0.017146671806083202,6997735,NC
-0.027169334425182254,6997736,NC
-0.05719199746261517,6997737,NC
-0.08721466091503277,6997738,NC
-0.0772373247790856,6997739,NC
-0.07225998905142432,6997740,NC
-0.07728265372869944,6997741,NC
-0.06730531880756144,6997742,NC
-0.08232798428466069,6997743,NC
-0.11235065015664761,6997744,NC
-0.12237331642017238,6997745,NC
-0.10739598307188536,6997746,NC
-0.09241865010843661,6997747,NC
-0.09244131752647637,6997748,NC
-0.10246398532265458,6997749,NC
-0.12248665349362134,6997750,NC
-0.12750932203602658,6997751,NC
-0.10253199094652017,6997752,NC
-0.10755466022175199,6997753,NC
-0.10757732985837183,6997754,NC
-0.11759999985302935,6997755,NC
-0.12262267020237436,6997756,NC
-0.12264534090305634,6997757,NC
-0.112668011951725,6997758,NC
-0.0976906833450298,6997759,NC
-0.08271335507962024,6997760,NC
-0.10273602715214572,6997761,NC
-0.11775869955925564,6997762,NC
-0.10778137229759933,6997763,NC
-0.09280404536382607,6997764,NC
-0.08782671875458503,6997765,NC
-0.08784939246652546,6997766,NC
-0.09787206649629647,6997767,NC
-0.11289474084054714,6997768,NC
-0.12291741549592651,6997769,NC
-0.10294009045908359,6997770,NC
-0.08296276572666732,6997771,NC
-0.0829854412953266,6997772,NC
-0.09300811716171029,6997773,NC
-0.10803079332246716,6997774,NC
-0.11805346977424609,6997775,NC
-0.10307614651369572,6997776,NC
-0.08809882353746477,6997777,NC
-0.09812150084220188,6997778,NC
-0.11314417842455564,6997779,NC
-0.11316685628117461,6997780,NC
-0.11818953440870732,6997781,NC
-0.12321221280380225,6997782,NC
-0.09823489146310785,6997783,NC
-0.09825757038327249,6997784,NC
-0.11328024956094461,6997785,NC
-0.13330292899277246,6997786,NC
-0.1433256086754043,6997787,NC
-0.12334828860548849,6997788,NC
-0.1283709687796732,6997789,NC
-0.11339364919460655,6997790,NC
-0.13341632984693674,6997791,NC
-0.14343901073331183,6997792,NC
-0.13846169185038001,6997793,NC
-0.13848437319478918,6997794,NC
-0.12350705476318743,6997795,NC
-0.12852973655222272,6997796,NC
-0.13855241855854294,6997797,NC
-0.15857510077879605,6997798,NC
-0.1585977832096299,6997799,NC
-0.15362046584769232,6997800,NC
-0.14364314868963118,6997801,NC
-0.1486658317320942,6997802,NC
-0.15868851497172923,6997803,NC
-0.17371119840518384,6997804,NC
-0.1737338820291059,6997805,NC
-0.12875656584014297,6997806,NC
-0.12877924983494274,6997807,NC
-0.12880193401015277,6997808,NC
-0.12382461836242067,6997809,NC
-0.13884730288839403,6997810,NC
-0.13386998758472038,6997811,NC
-0.11889267244804715,6997812,NC
-0.10391535747502195,6997813,NC
-0.09393804266229215,6997814,NC
-0.11896072800650524,6997815,NC
-0.11898341350430859,6997816,NC
-0.10900609915234963,6997817,NC
-0.10402878494727572,6997818,NC
-0.05905147088573422,6997819,NC
-0.06907415696437239,6997820,NC
-0.05909684317983763,6997821,NC
-0.06411952952877713,6997822,NC
-0.06914221600783826,6997823,NC
-0.06416490261366815,6997824,NC
-0.04918758934291415,6997825,NC
-0.07421027619222335,6997826,NC
-0.08923296315824303,6997827,NC
-0.10425565023762035,6997828,NC
-0.10427833742700246,6997829,NC
-0.08930102472303644,6997830,NC
-0.07932371212236955,6997831,NC
-0.08434639962164875,6997832,NC
-0.10936908721752125,6997833,NC
-0.11939177490663405,6997834,NC
-0.13441446268563428,6997835,NC
-0.12443715055116898,6997836,NC
-0.11445983849988518,6997837,NC
-0.1244825265284299,6997838,NC
-0.1445052146334502,6997839,NC
-0.154527902811593,6997840,NC
-0.16955059105950543,6997841,NC
-0.1595732793738343,6997842,NC
-0.14959596775122674,6997843,NC
-0.14961865618832965,6997844,NC
-0.16464134468179,6997845,NC
-0.17966403322825472,6997846,NC
-0.19468672182437077,6997847,NC
-0.18970941046678508,6997848,NC
-0.17973209915214458,6997849,NC
-0.1647547878770962,6997850,NC
-0.19977747663828685,6997851,NC
-0.20480016543236335,6997852,NC
-0.22482285425597276,6997853,NC
-0.19984554310576189,6997854,NC
-0.18486823197837762,6997855,NC
-0.19489092087046692,6997856,NC
-0.19991360977867662,6997857,NC
-0.2249362986996536,6997858,NC
-0.2299589876300448,6997859,NC
-0.21998167656649703,6997860,NC
-0.21500436550565724,6997861,NC
-0.22002705444417228,6997862,NC
-0.21004974337868904,6997863,NC
-0.22507243230585441,6997864,NC
-0.23509512122231524,6997865,NC
-0.2201178101247185,6997866,NC
-0.210140499009711,6997867,NC
-0.20516318787393964,6997868,NC
-0.21518587671405132,6997869,NC
-0.225208565526693,6997870,NC
-0.22523125430851149,6997871,NC
-0.21525394305615372,6997872,NC
-0.20527663176626665,6997873,NC
-0.21029932043549715,6997874,NC
-0.21532200906049215,6997875,NC
-0.2253446976378986,6997876,NC
-0.22536738616436341,6997877,NC
-0.21039007463653353,6997878,NC
-0.20541276305105588,6997879,NC
-0.20543545140457753,6997880,NC
-0.21045813969374533,6997881,NC
-0.22548082791520638,6997882,NC
-0.23550351606560752,6997883,NC
-0.22052620414159585,6997884,NC
-0.19554889213981838,6997885,NC
-0.18557158005692206,6997886,NC
-0.18059426788955396,6997887,NC
-0.1756169556343612,6997888,NC
-0.17063964328799075,6997889,NC
-0.14066233084708973,6997890,NC
-0.08568501830830516,6997891,NC
-0.040707705668284244,6997892,NC
0.00926960707632598,6997893,NC
0.039246919928878354,6997894,NC
0.08422423289272576,6997895,NC
0.12420154597122096,6997896,NC
0.13917885916771688,6997897,NC
0.11915617248556618,6997898,NC
0.04913348592812179,6997899,NC
-0.04088920050126365,6997900,NC
-0.14591188679923725,6997901,NC
-0.24093457296244647,6997902,NC
-0.2809572589875385,6997903,NC
-0.28097994487116057,6997904,NC
-0.2310026306099601,6997905,NC
-0.16102531620058452,6997906,NC
-0.04104800163968106,6997907,NC
0.06892931307610276,6997908,NC
0.20390662795011957,6997909,NC
0.3138839429857219,6997910,NC
0.3938612581862624,6997911,NC
0.4438385735550933,6997912,NC
0.45381588909556736,6997913,NC
0.4287932048110369,6997914,L
0.3837705207048544,6997915,NC
0.2737478367803722,6997916,NC
0.17872515304094272,6997917,NC
0.0687024694899183,6997918,NC
-0.0013202138693487028,6997919,NC
-0.03634289703350608,6997920,NC
-0.08136557999920147,6997921,NC
-0.1163882627630827,6997922,NC
-0.18641094532179756,6997923,NC
-0.2614336276719939,6997924,NC
-0.3214563098103195,6997925,NC
-0.3614789917334223,6997926,NC
-0.3865016734379502,6997927,NC
-0.4265243549205512,6997928,NC
-0.4315470361778732,6997929,NC
-0.4365697172065643,6997930,NC
-0.42659239800327253,6997931,NC
-0.37161507856464593,6997932,NC
-0.3366377588873327,6997933,NC
-0.30166043896798095,6997934,NC
-0.2866831188032388,6997935,NC
-0.2867057983897547,6997936,NC
-0.29172847772417665,6997937,NC
-0.25675115680315314,6997938,NC
-0.2467738356233324,6997939,NC
-0.2317965141813629,6997940,NC
-0.23681919247389294,6997941,NC
-0.2468418704975711,6997942,NC
-0.2468645482490458,6997943,NC
-0.2268872257249656,6997944,NC
-0.20690990292197906,6997945,NC
-0.20193257983673488,6997946,NC
-0.19695525646588158,6997947,NC
-0.21197793280606791,6997948,NC
-0.2070006088539427,6997949,NC
-0.19702328460615467,6997950,NC
-0.17704596005935264,6997951,NC
-0.17206863521018556,6997952,NC
-0.16709131005530223,6997953,NC
-0.1821139845913517,6997954,NC
-0.18213665881498298,6997955,NC
-0.17215933272284512,6997956,NC
-0.15218200631158718,6997957,NC
-0.1422046795778584,6997958,NC
-0.15722735251830788,6997959,NC
-0.15225002512958494,6997960,NC
-0.15227269740833882,6997961,NC
-0.14729536935121892,6997962,NC
-0.10731804095487463,6997963,NC
-0.09234071221595533,6997964,NC
-0.10236338313111062,6997965,NC
-0.09738605369698992,6997966,NC
-0.10740872391024296,6997967,NC
-0.0774313937675193,6997968,NC
-0.06245406326546867,6997969,NC
-0.05247673240074083,6997970,NC
-0.05749940116998558,6997971,NC
-0.04752206956985279,6997972,NC
-0.042544737596992385,6997973,NC
-0.012567405248054296,6997974,NC
0.007409927480311355,6997975,NC
0.012387260591454594,6997976,NC
0.027364594088725172,6997977,NC
0.012341927975472969,6997978,NC
0.022319262255047705,6997979,NC
0.047296596930799066,6997980,NC
0.06727393200607668,6997981,NC
0.07725126748423013,6997982,NC
0.07722860336860884,6997983,NC
0.08720593966256239,6997984,NC
0.09218327636944006,6997985,NC
0.10716061349259126,6997986,NC
0.1321379510353652,6997987,NC
0.14711528900111107,6997988,NC
0.15709262739317806,6997989,NC
0.16706996621491527,6997990,NC
0.15204730546967157,6997991,NC
0.1670246451607961,6997992,NC
0.2120019852916376,6997993,NC
0.216979325865545,6997994,NC
0.22195666688586696,6997995,NC
0.20193400835595224,6997996,NC
0.2119113502791494,6997997,NC
0.2168886926588071,6997998,NC
0.2518660354982737,6997999,NC
0.24684337880089768,6998000,NC
0.2618207225700274,6998001,NC
0.24179806680901117,6998002,NC
0.2317754115211971,6998003,NC
0.2467527567099335,6998004,NC
0.26673010237856826,6998005,NC
0.26670744853044953,6998006,NC
0.2766847951689252,6998007,NC
0.251662142297343,6998008,NC
0.2366394899190509,6998009,NC
0.24661683803739654,6998010,NC
0.2515941866557275,6998011,NC
0.23157153577739148,6998012,NC
0.20654888540573588,6998013,NC
0.17152623554410815,6998014,NC
0.15150358619585558,6998015,NC
0.1464809373643255,6998016,NC
0.13145828905286508,6998017,NC
0.11143564126482142,6998018,NC
0.07141299400354154,6998019,NC
0.03139034727237244,6998020,NC
0.011367701074660942,6998021,NC
-0.01365494458624606,6998022,NC
-0.013677589707001957,6998023,NC
-0.02370023428426,6998024,NC
-0.043722878314673704,6998025,NC
-0.07874552179489656,6998026,NC
-0.07876816472158218,6998027,NC
-0.09379080709138425,6998028,NC
-0.08381344890095653,6998029,NC
-0.10883609014695285,6998030,NC
-0.0988587308260272,6998031,NC
-0.1138813709348335,6998032,NC
-0.12890401047002592,6998033,NC
-0.12892664942825863,6998034,NC
-0.12394928780618587,6998035,NC
-0.11897192560046205,6998036,NC
-0.12899456280774158,6998037,NC
-0.139017199424679,6998038,NC
-0.1390398354479289,6998039,NC
-0.12906247087414596,6998040,NC
-0.12908510569998502,6998041,NC
-0.11910773992210102,6998042,NC
-0.13413037353714882,6998043,NC
-0.1491530065417835,6998044,NC
-0.15417563893266026,6998045,NC
-0.1541982707064343,6998046,NC
-0.13922090185976096,6998047,NC
-0.11924353238929566,6998048,NC
-0.1292661622916939,6998049,NC
-0.12928879156361134,6998050,NC
-0.1543114202017036,6998051,NC
-0.1293340482026266,6998052,NC
-0.1193566755630361,6998053,NC
-0.10437930227958815,6998054,NC
-0.12440192834893879,6998055,NC
-0.11942455376774423,6998056,NC
-0.13444717853266072,6998057,NC
-0.11946980264034465,6998058,NC
-0.11449242608745244,6998059,NC
-0.11451504887064072,6998060,NC
-0.11453767098656607,6998061,NC
-0.12456029243188534,6998062,NC
-0.1245829132032553,6998063,NC
-0.11960553329733296,6998064,NC
-0.10462815271077536,6998065,NC
-0.08965077144023965,6998066,NC
-0.0946733894823831,6998067,NC
-0.11969600683386308,6998068,NC
-0.11971862349133701,6998069,NC
-0.10974123945146252,6998070,NC
-0.09476385471089722,6998071,NC
-0.09978646926629896,6998072,NC
-0.1098090831143255,6998073,NC
-0.11483169625163493,6998074,NC
-0.1298543086748853,6998075,NC
-0.11487692038073474,6998076,NC
-0.09489953136584159,6998077,NC
-0.07992214162686431,6998078,NC
-0.10494475116046133,6998079,NC
-0.11496735996329133,6998080,NC
-0.11498996803201296,6998081,NC
-0.10501257536328515,6998082,NC
-0.09503518195376674,6998083,NC
-0.1000577878001169,6998084,NC
-0.11008039289899466,6998085,NC
-0.12510299724705942,6998086,NC
-0.12512560084097046,6998087,NC
-0.12014820367738739,6998088,NC
-0.12017080575296969,6998089,NC
-0.12519340706437718,6998090,NC
-0.12021600760826963,6998091,NC
-0.14023860738130706,6998092,NC
-0.1352612063801494,6998093,NC
-0.11528380460145694,6998094,NC
-0.11030640204188993,6998095,NC
-0.13032899869810885,6998096,NC
-0.13035159456677406,6998097,NC
-0.13537418964454637,6998098,NC
-0.14039678392808638,6998099,NC
-0.1354193774140551,6998100,NC
-0.12044197009911341,6998101,NC
-0.11546456197992248,6998102,NC
-0.11548715305314353,6998103,NC
-0.1155097433154379,6998104,NC
-0.12553233276346704,6998105,NC
-0.11055492139389259,6998106,NC
-0.09057750920337616,6998107,NC
-0.08060009618857969,6998108,NC
-0.09062268234616502,6998109,NC
-0.10064526767279434,6998110,NC
-0.09066785216512974,6998111,NC
-0.07569043581983359,6998112,NC
-0.06571301863356833,6998113,NC
-0.06073560060299653,6998114,NC
-0.045758181724780876,6998115,NC
-0.0657807619955842,6998116,NC
-0.0658033414120694,6998117,NC
-0.055825919970899605,6998118,NC
-0.03084849766873793,6998119,NC
-0.025871074502247775,6998120,NC
-0.025893650468092562,6998121,NC
-0.04091622556293588,6998122,NC
-0.050938799783441416,6998123,NC
-0.05596137312627303,6998124,NC
-0.05098394558809466,6998125,NC
-0.046006517165570436,6998126,NC
-0.06602908785536456,6998127,NC
-0.07605165765414142,6998128,NC
-0.08607422655856546,6998129,NC
-0.07609679456530134,6998130,NC
-0.07611936167101381,6998131,NC
-0.06614192787236774,6998132,NC
-0.08616449316602816,6998133,NC
-0.10618705754866024,6998134,NC
-0.11620962101692926,6998135,NC
-0.11123218356750063,6998136,NC
-0.11125474519703997,6998137,NC
-0.11127730590221291,6998138,NC
-0.12629986567968532,6998139,NC
-0.14132242452612317,6998140,NC
-0.14134498243819255,6998141,NC
-0.1413675394125597,6998142,NC
-0.14139009544589104,6998143,NC
-0.13641265053485307,6998144,NC
-0.16643520467611247,6998145,NC
-0.186457757866336,6998146,NC
-0.20648031010219073,6998147,NC
-0.18150286138034358,6998148,NC
-0.16652541169746188,6998149,NC
-0.15154796105021298,6998150,NC
-0.16657050943526439,6998151,NC
-0.17159305684928375,6998152,NC
-0.18161560328893886,6998153,NC
-0.17163814875089767,6998154,NC
-0.1566606932318283,6998155,NC
-0.1666832367283989,6998156,NC
-0.18170577923727796,6998157,NC
-0.2017283207551339,6998158,NC
-0.20175086127863548,6998159,NC
-0.19677340080445144,6998160,NC
-0.18679593932925073,6998161,NC
-0.19181847684970255,6998162,NC
-0.19184101336247614,6998163,NC
-0.20186354886424082,6998164,NC
-0.20688608335166628,6998165,NC
-0.1969086168214221,6998166,NC
-0.18193114927017826,6998167,NC
-0.18695368069460466,6998168,NC
-0.1969762110913716,6998169,NC
-0.21699874045714923,6998170,NC
-0.2120212687886081,6998171,NC
-0.20204379608241882,6998172,NC
-0.1970663223352522,6998173,NC
-0.18208884754377908,6998174,NC
-0.19211137170467066,6998175,NC
-0.20213389481459804,6998176,NC
-0.2121564168702327,6998177,NC
-0.19217893786824616,6998178,NC
-0.1822014578053101,6998179,NC
-0.16722397667809646,6998180,NC
-0.1622464944832772,6998181,NC
-0.16726901121752444,6998182,NC
-0.1522915268775106,6998183,NC
-0.1323140414599081,6998184,NC
-0.0773365549613897,6998185,NC
-0.042359067378628074,6998186,NC
0.0226184212917037,6998187,NC
0.06259591105293258,6998188,NC
0.1225734019083852,6998189,NC
0.14255089386138814,6998190,NC
0.14252838691526773,6998191,NC
0.1175058810733503,6998192,NC
0.0524833763389618,6998193,NC
-0.047539127284571776,6998194,NC
-0.1525616297939248,6998195,NC
-0.2575841311857716,6998196,NC
-0.34260663145678694,6998197,NC
-0.3676291306036454,6998198,NC
-0.327651628623022,6998199,NC
-0.24267412551159184,6998200,NC
-0.12269662126603022,6998201,NC
0.007280884116987513,6998202,NC
0.1322583906407857,6998203,NC
0.2172358983086886,6998204,NC
0.2772134071240202,6998205,NC
0.29719091709010453,6998206,NC
0.2771684282102652,6998207,L
0.21214594048782584,6998208,NC
0.13212345392610975,6998209,NC
0.022100968528440144,6998210,NC
-0.057921515701859896,6998211,NC
-0.1379439987614675,6998212,NC
-0.18296648064706006,6998213,NC
-0.20798896135531494,6998214,NC
-0.21801144088290986,6998215,NC
-0.2580339192265227,6998216,NC
-0.2980563963828313,6998217,NC
-0.35307887234851404,6998218,NC
-0.39310134712024924,6998219,NC
-0.4031238206947153,6998220,NC
-0.38314629306859105,6998221,NC
-0.3581687642385553,6998222,NC
-0.33319123420128727,6998223,NC
-0.308213702953466,6998224,NC
-0.2882361704917711,6998225,NC
-0.253258636812882,6998226,NC
-0.2132811019134786,6998227,NC
-0.19830356579024083,6998228,NC
-0.18832602843984883,6998229,NC
-0.19334848985898295,6998230,NC
-0.1833709500443236,6998231,NC
-0.17839340899255168,6998232,NC
-0.1634158667003478,6998233,NC
-0.15843832316439324,6998234,NC
-0.1534607783813691,6998235,NC
-0.16848323234795687,6998236,NC
-0.16350568506083812,6998237,NC
-0.15352813651669464,6998238,NC
-0.12855058671220848,6998239,NC
-0.12857303564406172,6998240,NC
-0.11359548330893675,6998241,NC
-0.12861792970351615,6998242,NC
-0.13364037482448257,6998243,NC
-0.113662818668519,6998244,NC
-0.1086852612323085,6998245,NC
-0.09870770251253434,6998246,NC
-0.08373014250588007,6998247,NC
-0.08875258120902932,6998248,NC
-0.07877501861866594,6998249,NC
-0.06379745473147407,6998250,NC
-0.04381988954413783,6998251,NC
-0.03384232305334179,6998252,NC
-0.04886475525577046,6998253,NC
-0.043887186148108784,6998254,NC
-0.02890961572704169,6998255,NC
-0.018932043989254427,6998256,NC
0.011045529068567629,6998257,NC
0.021023103449738796,6998258,NC
0.03600067915757338,6998259,NC
0.030978256195385287,6998260,NC
0.03595583456648842,6998261,NC
0.0609334142741963,6998262,NC
0.08591099532182243,6998263,NC
0.09088857771267994,6998264,NC
0.10086616145008194,6998265,NC
0.10584374653734115,6998266,NC
0.1208213329777703,6998267,NC
0.15079892077468168,6998268,NC
0.17577650993138763,6998269,NC
0.17575410045120007,6998270,NC
0.19573169233743093,6998271,NC
0.1807092855933917,6998272,NC
0.1856868802223939,6998273,NC
0.20066447622774866,6998274,NC
0.23064207361276703,6998275,NC
0.24561967238075977,6998276,NC
0.24559727253503755,6998277,NC
0.23057487407891067,6998278,NC
0.25055247701568945,6998279,NC
0.2655300813486837,6998280,NC
0.28550768708120333,6998281,NC
0.28548529421655783,6998282,NC
0.29046290275805664,6998283,NC
0.29544051270900884,6998284,NC
0.2954181240727234,6998285,NC
0.2953957368525091,6998286,NC
0.3153733510516744,6998287,NC
0.30035096667352756,6998288,NC
0.28032858372137687,6998289,NC
0.2603062021985301,6998290,NC
0.260283822108295,6998291,NC
0.2802614434539789,6998292,NC
0.2902390662388893,6998293,NC
0.275216690466333,6998294,NC
0.2601943161396171,6998295,NC
0.2301719432620479,6998296,NC
0.20514957183693205,6998297,NC
0.20012720186757563,6998298,NC
0.19010483335728473,6998299,NC
0.160082466309365,6998300,NC
0.11506010072712204,6998301,NC
0.07503773661386116,6998302,NC
0.050015373972887474,6998303,NC
0.029993012807505888,6998304,NC
0.034970653121021066,6998305,NC
-5.170508326252793e-05,6998306,NC
-0.04007406180204066,6998307,NC
-0.08009641703200933,6998308,NC
-0.11011877076986466,6998309,NC
-0.12514112301230315,6998310,NC
-0.12516347375602144,6998311,NC
-0.12518582299771636,6998312,NC
-0.140208170734085,6998313,NC
-0.14523051696182468,6998314,NC
-0.14025286167763293,6998315,NC
-0.1402752048782075,6998316,NC
-0.13029754656024636,6998317,NC
-0.12531988672044772,6998318,NC
-0.12534222535551007,6998319,NC
-0.14036456246213194,6998320,NC
-0.1453868980370123,6998321,NC
-0.1354092320768502,6998322,NC
-0.12543156457834506,6998323,NC
-0.14045389553819634,6998324,NC
-0.1504762249531039,6998325,NC
-0.16549855281976764,6998326,NC
-0.16552087913488797,6998327,NC
-0.15054320389516526,6998328,NC
-0.12056552709730024,6998329,NC
-0.12058784873799384,6998330,NC
-0.11061016881394722,6998331,NC
-0.13563248732186178,6998332,NC
-0.14065480425843918,6998333,NC
-0.1306771196203812,6998334,NC
-0.12569943340439002,6998335,NC
-0.11572174560716787,6998336,NC
-0.12074405622541744,6998337,NC
-0.1107663652558414,6998338,NC
-0.11078867269514286,6998339,NC
-0.09081097854002504,6998340,NC
-0.09083328278719145,6998341,NC
-0.10585558543334583,6998342,NC
-0.13087788647519213,6998343,NC
-0.1509001859094346,6998344,NC
-0.16092248373277768,6998345,NC
-0.14594477994192598,6998346,NC
-0.12596707453358455,6998347,NC
-0.12098936750445842,6998348,NC
-0.1310116588512531,6998349,NC
-0.13603394857067416,6998350,NC
-0.13105623665942756,6998351,NC
-0.1160785231142193,6998352,NC
-0.1111008079317559,6998353,NC
-0.08112309110874381,6998354,NC
-0.10114537264189001,6998355,NC
-0.11616765252790148,6998356,NC
-0.13618993076348568,6998357,NC
-0.12621220734535005,6998358,NC
-0.12123448227020255,6998359,NC
-0.12625675553475113,6998360,NC
-0.12127902713570417,6998361,NC
-0.14130129706977024,6998362,NC
-0.1413235653336581,6998363,NC
-0.13634583192407684,6998364,NC
-0.12136809683773576,6998365,NC
-0.12139036007134435,6998366,NC
-0.1364126216216125,6998367,NC
-0.14143488148525016,6998368,NC
-0.1464571396589677,6998369,NC
-0.13147939613947562,6998370,NC
-0.11650165092348476,6998371,NC
-0.11652390400770611,6998372,NC
-0.12654615538885106,6998373,NC
-0.15656840506363098,6998374,NC
-0.17159065302875787,6998375,NC
-0.15161289928094362,6998376,NC
-0.13163514381690067,6998377,NC
-0.11665738663334146,6998378,NC
-0.1266796277269789,6998379,NC
-0.12670186709452602,6998380,NC
-0.13672410473269614,6998381,NC
-0.12174634063820286,6998382,NC
-0.10176857480776001,6998383,NC
-0.09679080723808163,6998384,NC
-0.10181303792588214,6998385,NC
-0.1168352668678761,6998386,NC
-0.1268574940607784,6998387,NC
-0.12187971950130415,6998388,NC
-0.10690194318616873,6998389,NC
-0.0969241651120878,6998390,NC
-0.09694638527577724,6998391,NC
-0.10196860367395322,6998392,NC
-0.08699082030333216,6998393,NC
-0.07701303516063075,6998394,NC
-0.062035248242565934,6998395,NC
-0.06705745954585492,6998396,NC
-0.07207966906721516,6998397,NC
-0.09710187680336443,6998398,NC
-0.1121240827510207,6998399,NC
-0.10714628690690223,6998400,NC
-0.09216848926772755,6998401,NC
-0.08719068983021545,6998402,NC
-0.10721288859108499,6998403,NC
-0.12223508554705555,6998404,NC
-0.12725728069484663,6998405,NC
-0.14227947403117813,6998406,NC
-0.13730166555277018,6998407,NC
-0.1373238552563432,6998408,NC
-0.1423460431386178,6998409,NC
-0.1623682291963149,6998410,NC
-0.1673904134261558,6998411,NC
-0.1674125958248619,6998412,NC
-0.1624347763891549,6998413,NC
-0.16245695511575692,6998414,NC
-0.1774791320013902,6998415,NC
-0.20750130704277728,6998416,NC
-0.202523480236641,6998417,NC
-0.20254565157970444,6998418,NC
-0.192567821068691,6998419,NC
-0.20758998870032436,6998420,NC
-0.21761215447132837,6998421,NC
-0.24263431837842736,6998422,NC
-0.2576564804183456,6998423,NC
-0.2376786405878081,6998424,NC
-0.21770079888353963,6998425,NC
-0.1927229553022657,6998426,NC
-0.2027451098407118,6998427,NC
-0.2127672624956038,6998428,NC
-0.2177894132636678,6998429,NC
-0.2128115621416303,6998430,NC
-0.21783370912621788,6998431,NC
-0.22285585421415766,6998432,NC
-0.2328779974021768,6998433,NC
-0.23790013868700288,6998434,NC
-0.22292227806536366,6998435,NC
-0.21794441553398733,6998436,NC
-0.2179665510896022,6998437,NC
-0.23298868472893697,6998438,NC
-0.26301081644872054,6998439,NC
-0.26803294624568225,6998440,NC
-0.2680550741165515,6998441,NC
-0.2630772000580582,6998442,NC
-0.24309932406693227,6998443,NC
-0.24312144613990427,6998444,NC
-0.24314356627370473,6998445,NC
-0.24816568446506465,6998446,NC
-0.2531878007107153,6998447,NC
-0.24320991500738814,6998448,NC
-0.22823202735181491,6998449,NC
-0.21825413774072788,6998450,NC
-0.2432762461708593,6998451,NC
-0.2732983526389419,6998452,NC
-0.2833204571417086,6998453,NC
-0.2733425596758927,6998454,NC
-0.25836466023822774,6998455,NC
-0.23838675882544755,6998456,NC
-0.2184088554342862,6998457,NC
-0.21343095006147828,6998458,NC
-0.22845304270375827,6998459,NC
-0.1834751333578614,6998460,NC
-0.16349722202052278,6998461,NC
-0.15351930868847818,6998462,NC
-0.15854139335846332,6998463,NC
-0.13856347602721453,6998464,NC
-0.10858555669146822,6998465,NC
-0.028607635347961166,6998466,NC
0.04637028800656952,6998467,NC
0.1013482133753865,6998468,NC
0.10132614076175209,6998469,NC
0.0963040701689283,6998470,NC
0.05628200160017694,6998471,NC
0.011259935058759338,6998472,NC
-0.04376212945206326,6998473,NC
-0.1437841919290301,6998474,NC
-0.23880625236888062,6998475,NC
-0.2988283107683546,6998476,NC
-0.2838503671241921,6998477,NC
-0.18887242143313343,6998478,NC
-0.07889447369191939,6998479,NC
0.03608347610270912,6998480,NC
0.13106142795401085,6998481,NC
0.20103938186524417,6998482,NC
0.24601733783966723,6998483,NC
0.29099529588053774,6998484,NC
0.30597325599111336,6998485,NC
0.25095121817465116,6998486,L
0.17092918243440808,6998487,NC
0.060907148773640674,6998488,NC
-0.034114882804394744,6998489,NC
-0.10913691229644223,6998490,NC
-0.1641589396992461,6998491,NC
-0.20418096500955107,6998492,NC
-0.264202988224102,6998493,NC
-0.30922500933964425,6998494,NC
-0.3442470283529233,6998495,NC
-0.3942690452606852,6998496,NC
-0.419291060059676,6998497,NC
-0.4593130727466421,6998498,NC
-0.48933508331833064,6998499,NC
-0.5043570917714886,6998500,NC
-0.5043790981028634,6998501,NC
-0.45940110230920284,6998502,NC
-0.409423104387255,6998503,NC
-0.3744451043337682,6998504,NC
-0.3444671021454913,6998505,NC
-0.33448909781917313,6998506,NC
-0.3245110913515632,6998507,NC
-0.309533082739411,6998508,NC
-0.2845550719794667,6998509,NC
-0.2745770590684804,6998510,NC
-0.2845990440032029,6998511,NC
-0.29462102678038493,6998512,NC
-0.2996430073967778,6998513,NC
-0.28466498584913313,6998514,NC
-0.26468696213420273,6998515,NC
-0.26470893624873887,6998516,NC
-0.2747309081894941,6998517,NC
-0.28975287795322113,6998518,NC
-0.2847748455366732,6998519,NC
-0.2797968109366038,6998520,NC
-0.2498187741497668,6998521,NC
-0.24484073517291627,6998522,NC
-0.24986269400280667,6998523,NC
-0.25988465063619276,6998524,NC
-0.26490660506982977,6998525,NC
-0.24992855730047295,6998526,NC
-0.22495050732487826,6998527,NC
-0.2149724551398016,6998528,NC
-0.20999440074199952,6998529,NC
-0.22501634412822863,6998530,NC
-0.23503828529524612,6998531,NC
-0.22006022423980925,6998532,NC
-0.20508216095867593,6998533,NC
-0.19010409544860402,6998534,NC
-0.17512602770635205,6998535,NC
-0.17514795772867858,6998536,NC
-0.1751698855123428,6998537,NC
-0.15519181105410398,6998538,NC
-0.14521373435072188,6998539,NC
-0.14023565539895647,6998540,NC
-0.1402575741955682,6998541,NC
-0.15027949073731772,6998542,NC
-0.13030140502096607,6998543,NC
-0.10032331704327459,6998544,NC
-0.07534522680100504,6998545,NC
-0.07036713429091938,6998546,NC
-0.060389039509780085,6998547,NC
-0.06541094245434975,6998548,NC
-0.06543284312139151,6998549,NC
-0.03545474150766865,6998550,NC
0.004523362390055038,6998551,NC
0.02950146857501552,6998552,NC
0.04447957705044841,6998553,NC
0.03445768781958899,6998554,NC
0.054435800885672146,6998555,NC
0.07441391625193254,6998556,NC
0.10439203392160434,6998557,NC
0.10937015389792157,6998558,NC
0.09934827618411769,6998559,NC
0.07932640078342598,6998560,NC
0.06930452769907933,6998561,NC
0.07428265693431024,6998562,NC
0.07926078849235098,6998563,NC
0.09423892237643336,6998564,NC
0.10421705858978889,6998565,NC
0.11919519713564881,6998566,NC
0.12917333801724384,6998567,NC
0.14915148123780458,6998568,NC
0.16412962680056103,6998569,NC
0.1691077747087431,6998570,NC
0.16908592496558017,6998571,NC
0.16406407757430136,6998572,NC
0.15904223253813538,6998573,NC
0.1490203898603107,6998574,NC
0.14899854954405525,6998575,NC
0.14897671159259687,6998576,NC
0.13395487600916284,6998577,NC
0.11393304279698017,6998578,NC
0.11391121195927552,6998579,NC
0.09388938349927517,6998580,NC
0.0888675574202051,6998581,NC
0.0788457337252909,6998582,NC
0.05382391241775781,6998583,NC
0.013802093500830712,6998584,NC
-0.016219723022265806,6998585,NC
-0.03124153714830765,6998586,NC
-0.04126334887407092,6998587,NC
-0.06128515819633213,6998588,NC
-0.0913069651118682,6998589,NC
-0.11632876961745633,6998590,NC
-0.14135057170987414,6998591,NC
-0.15137237138589957,6998592,NC
-0.15639416864231087,6998593,NC
-0.16141596347588677,6998594,NC
-0.1814377558834063,6998595,NC
-0.1964595458616488,6998596,NC
-0.22148133340739398,6998597,NC
-0.221503118517422,6998598,NC
-0.21652490118851328,6998599,NC
-0.21154668141744865,6998600,NC
-0.22656845920100924,6998601,NC
-0.2565902345359767,6998602,NC
-0.2816120074191328,6998603,NC
-0.2716337778472599,6998604,NC
-0.26165554581714057,6998605,NC
-0.2516773113255578,6998606,NC
-0.251699074369295,6998607,NC
-0.2817208349451359,6998608,NC
-0.2817425930498645,6998609,NC
-0.2667643486802653,6998610,NC
-0.24678610183312302,6998611,NC
-0.251807852505223,6998612,NC
-0.2518296006933506,6998613,NC
-0.266851346394292,6998614,NC
-0.27687308960483314,6998615,NC
-0.271894830321761,6998616,NC
-0.2769165685418623,6998617,NC
-0.27193830426192467,6998618,NC
-0.30196003747873573,6998619,NC
-0.3019817681890837,6998620,NC
-0.2970034963897569,6998621,NC
-0.28202522207754444,6998622,NC
-0.27704694524923534,6998623,NC
-0.24706866590161938,6998624,NC
-0.2570903840314864,6998625,NC
-0.26211209963562687,6998626,NC
-0.27713381271083143,6998627,NC
-0.2521555232538912,6998628,NC
-0.24217723126159774,6998629,NC
-0.23219893673074282,6998630,NC
-0.23722063965811868,6998631,NC
-0.25724234004051794,6998632,NC
-0.24726403787473356,6998633,NC
-0.2572857331575589,6998634,NC
-0.23730742588578768,6998635,NC
-0.23732911605621404,6998636,NC
-0.24235080366563244,6998637,NC
-0.24737248871083778,6998638,NC
-0.2673941711886253,6998639,NC
-0.2724158510957906,6998640,NC
-0.24743752842912964,6998641,NC
-0.25745920318543886,6998642,NC
-0.26748087536151505,6998643,NC
-0.2725025449541553,6998644,NC
-0.2825242119601572,6998645,NC
-0.2775458763763186,6998646,NC
-0.27256753819943785,6998647,NC
-0.2675891974263136,6998648,NC
-0.27261085405374486,6998649,NC
-0.2826325080785312,6998650,NC
-0.2876541594974723,6998651,NC
-0.2676758083073685,6998652,NC
-0.26769745450502025,6998653,NC
-0.2577190980872287,6998654,NC
-0.28774073905079517,6998655,NC
-0.29276237739252137,6998656,NC
-0.30278401310920944,6998657,NC
-0.30280564619766204,6998658,NC
-0.287827276654682,6998659,NC
-0.2778489044770726,6998660,NC
-0.2878705296616376,6998661,NC
-0.2928921522051811,6998662,NC
-0.2829137721045075,6998663,NC
-0.2829353893564218,6998664,NC
-0.26795700395772915,6998665,NC
-0.27297861590523526,6998666,NC
-0.2930002251957462,6998667,NC
-0.3080218318260683,6998668,NC
-0.29804343579300857,6998669,NC
-0.28306503709337405,6998670,NC
-0.25808663572397245,6998671,NC
-0.2581082316816118,6998672,NC
-0.2531298249631005,6998673,NC
-0.2831514155652474,6998674,NC
-0.2681730034848616,6998675,NC
-0.2631945887187528,6998676,NC
-0.23321617126373087,6998677,NC
-0.20823775111660633,6998678,NC
-0.20825932827418991,6998679,NC
-0.2032809027332928,6998680,NC
-0.21830247449072668,6998681,NC
-0.20832404354330336,6998682,NC
-0.19834560988783537,6998683,NC
-0.19836717352113542,6998684,NC
-0.22338873444001675,6998685,NC
-0.25341029264129294,6998686,NC
-0.26343184812177795,6998687,NC
-0.2484534008782862,6998688,NC
-0.23347495090763248,6998689,NC
-0.22849649820663195,6998690,NC
-0.2385180427721003,6998691,NC
-0.26353958460085347,6998692,NC
-0.2835611236897079,6998693,NC
-0.2785826600354804,6998694,NC
-0.2786041936349881,6998695,NC
-0.26362572448504873,6998696,NC
-0.27864725258248035,6998697,NC
-0.2886687779241013,6998698,NC
-0.30869030050673046,6998699,NC
-0.31871182032718715,6998700,NC
-0.30373333738229097,6998701,NC
-0.31375485166886197,6998702,NC
-0.3287763631837207,6998703,NC
-0.34379787192368805,6998704,NC
-0.35381937788558526,6998705,NC
-0.338840881066234,6998706,NC
-0.32386238146245655,6998707,NC
-0.3388838790710753,6998708,NC
-0.3539053738889133,6998709,NC
-0.3639268659127937,6998710,NC
-0.3689483551395406,6998711,NC
-0.348969841565978,6998712,NC
-0.32899132518893043,6998713,NC
-0.339012806005223,6998714,NC
-0.36403428401168114,6998715,NC
-0.3790557592051306,6998716,NC
-0.37907723158239787,6998717,NC
-0.3790987011403093,6998718,NC
-0.3591201678756923,6998719,NC
-0.3491416317853741,6998720,NC
-0.3441630928661828,6998721,NC
-0.3691845511149466,6998722,NC
-0.36420600652849444,6998723,NC
-0.35922745910365544,6998724,NC
-0.3542489088372592,6998725,NC
-0.37427035572613554,6998726,NC
-0.36929179976711524,6998727,NC
-0.3743132409570289,6998728,NC
-0.37933467929270803,6998729,NC
-0.36435611477098406,6998730,NC
-0.3443775473886894,6998731,NC
-0.3493989771426564,6998732,NC
-0.35442040402971814,6998733,NC
-0.35444182804670793,6998734,NC
-0.36446324919045964,6998735,NC
-0.35948466745780755,6998736,NC
-0.34450608284558626,6998737,NC
-0.3395274953506309,6998738,NC
-0.3345489049697771,6998739,NC
-0.3395703116998605,6998740,NC
-0.33959171553771783,6998741,NC
-0.3296131164801857,6998742,NC
-0.3146345145241014,6998743,NC
-0.2896559096663026,6998744,NC
-0.28967730190362734,6998745,NC
-0.2546986912329141,6998746,NC
-0.229720077651002,6998747,NC
-0.1647414611547302,6998748,NC
-0.1047628417409387,6998749,NC
-0.05978421940646761,6998750,NC
-0.059805594148157656,6998751,NC
-0.08982696596284995,6998752,NC
-0.12984833484738598,6998753,NC
-0.18486970079860776,6998754,NC
-0.2598910638133577,6998755,NC
-0.36991242388847856,6998756,NC
-0.4949337810208137,6998757,NC
-0.5749551352072069,6998758,NC
-0.574976486444502,6998759,NC
-0.5199978347295439,6998760,NC
-0.42501918005917744,6998761,NC
-0.30504052243024804,6998762,NC
-0.19006186183960178,6998763,NC
-0.1050831982840848,6998764,NC
-0.010104531760543921,6998765,NC
0.0648741377341736,6998766,NC
0.11485281020322018,6998767,NC
0.11983148564974774,6998768,L
0.04981016407690772,6998769,NC
-0.05521115451214881,6998770,NC
-0.15523247011427124,6998771,NC
-0.23525378272630942,6998772,NC
-0.29527509234511373,6998773,NC
-0.3452963989675347,6998774,NC
-0.39531770259042365,6998775,NC
-0.4503390032106322,6998776,NC
-0.5003603008250123,6998777,NC
-0.5153815954304166,6998778,NC
-0.540402887023698,6998779,NC
-0.5754241756017098,6998780,NC
-0.6154454611613057,6998781,NC
-0.6354667436993404,6998782,NC
-0.6354880232126684,6998783,NC
-0.5855092996981448,6998784,NC
-0.5355305731526254,6998785,NC
-0.4855518435729662,6998786,NC
-0.4405731109560236,6998787,NC
-0.42059437529865473,6998788,NC
-0.3756156365977169,6998789,NC
-0.3456368948500681,6998790,NC
-0.31065815005256653,6998791,NC
-0.315679402202071,6998792,NC
-0.3357006512954408,6998793,NC
-0.3507218973295355,6998794,NC
-0.3557431403012153,6998795,NC
-0.3257643802073407,6998796,NC
-0.2957856170447728,6998797,NC
-0.28080685081037304,6998798,NC
-0.30082808150100343,6998799,NC
-0.3058493091135262,6998800,NC
-0.3108705336448044,6998801,NC
-0.29589175509170124,6998802,NC
-0.29091297345108047,6998803,NC
-0.2859341887198063,6998804,NC
-0.29095540089474337,6998805,NC
-0.2909766099727569,6998806,NC
-0.28599781595071244,6998807,NC
-0.25601901882547595,6998808,NC
-0.2460402185939141,6998809,NC
-0.24606141525289374,6998810,NC
-0.24108260879928226,6998811,NC
-0.24110379922994765,6998812,NC
-0.24612498654175813,6998813,NC
-0.2311461707315826,6998814,NC
-0.19116735179629032,6998815,NC
-0.18118852973275099,6998816,NC
-0.17120970453783474,6998817,NC
-0.17623087620841232,6998818,NC
-0.1612520447413548,6998819,NC
-0.15627321013353376,6998820,NC
-0.14129437238182121,6998821,NC
-0.14631553148308976,6998822,NC
-0.14133668743421224,6998823,NC
-0.15135784023206222,6998824,NC
-0.13637898987351352,6998825,NC
-0.11140013635544055,6998826,NC
-0.0814212796747181,6998827,NC
-0.056442419828221554,6998828,NC
-0.04646355681282659,6998829,NC
-0.02648469062540949,6998830,NC
-0.031505821262847025,6998831,NC
-0.016526948722016314,6998832,NC
0.018451927000205034,6998833,NC
0.043430805906938805,6998834,NC
0.03840968800130651,6998835,NC
0.048388573286428996,6998836,NC
0.06336746176542682,6998837,NC
0.07834635344141988,6998838,NC
0.10332524831752779,6998839,NC
0.11830414639686959,6998840,NC
0.11828304768256376,6998841,NC
0.11326195217772847,6998842,NC
0.11324085988548141,6998843,NC
0.13821977080893963,6998844,NC
0.1731986849512199,6998845,NC
0.18317760231543828,6998846,NC
0.1831565229047107,6998847,NC
0.19313544672215233,6998848,NC
0.20311437377087782,6998849,NC
0.19809330405400163,6998850,NC
0.20307223757463747,6998851,NC
0.18805117433589877,6998852,NC
0.1730301143408983,6998853,NC
0.15300905759274847,6998854,NC
0.15298800409456123,6998855,NC
0.16796695384944801,6998856,NC
0.16294590686051963,6998857,NC
0.1629248631308867,6998858,NC
0.15290382266365904,6998859,NC
0.1228827854619463,6998860,NC
0.11286175152885738,6998861,NC
0.10784072086750088,6998862,NC
0.11281969348098478,6998863,NC
0.08779866937241668,6998864,NC
0.05277764854490369,6998865,NC
0.002756631001552382,6998866,NC
-0.027264383254531198,6998867,NC
-0.032285394220241334,6998868,NC
-0.03730640189247298,6998869,NC
-0.0523274062681214,6998870,NC
-0.08734840734408253,6998871,NC
-0.13236940511725256,6998872,NC
-0.16739039958452848,6998873,NC
-0.20241139074280742,6998874,NC
-0.20743237858898733,6998875,NC
-0.21245336311996635,6998876,NC
-0.22747434433264335,6998877,NC
-0.2474953222239175,6998878,NC
-0.26251629679068866,6998879,NC
-0.267537268029857,6998880,NC
-0.28255823593832335,6998881,NC
-0.30757920051298876,6998882,NC
-0.33760016175075513,6998883,NC
-0.35262111964852455,6998884,NC
-0.3576420742031999,6998885,NC
-0.3376630254116841,6998886,NC
-0.30768397327088104,6998887,NC
-0.3077049177776949,6998888,NC
-0.3127258589290304,6998889,NC
-0.3327467967217926,6998890,NC
-0.32276773115288726,6998891,NC
-0.33278866221922054,6998892,NC
-0.3178095899176991,6998893,NC
-0.3178305142452301,6998894,NC
-0.3028514351987214,6998895,NC
-0.30787235277508074,6998896,NC
-0.32289326697121723,6998897,NC
-0.32291417778403975,6998898,NC
-0.3279350852104581,6998899,NC
-0.31795598924738244,6998900,NC
-0.3129768898917234,6998901,NC
-0.33799778714039214,6998902,NC
-0.33801868099030036,6998903,NC
-0.3380395714383602,6998904,NC
-0.3330604584814844,6998905,NC
-0.32308134211658607,6998906,NC
-0.33810222234057896,6998907,NC
-0.33312309915037713,6998908,NC
-0.32814397254289546,6998909,NC
-0.30816484251504894,6998910,NC
-0.2881857090637535,6998911,NC
-0.2982065721859251,6998912,NC
-0.30322743187848067,6998913,NC
-0.30824828813833727,6998914,NC
-0.3082691409624127,6998915,NC
-0.3082899903476252,6998916,NC
-0.2983108362908936,6998917,NC
-0.30333167878913697,6998918,NC
-0.3033525178392752,6998919,NC
-0.3233733534382284,6998920,NC
-0.32839418558291755,6998921,NC
-0.32841501427026387,6998922,NC
-0.3284358394971892,6998923,NC
-0.3184566612606157,6998924,NC
-0.31847747955746636,6998925,NC
-0.32849829438466455,6998926,NC
-0.338519105739134,6998927,NC
-0.33853991361779906,6998928,NC
-0.3285607180175847,6998929,NC
-0.32358151893541626,6998930,NC
-0.3236023163682197,6998931,NC
-0.3536231103129213,6998932,NC
-0.35864390076644825,6998933,NC
-0.35866468772572774,6998934,NC
-0.3386854711876878,6998935,NC
-0.35370625114925713,6998936,NC
-0.35872702760736447,6998937,NC
-0.35374780055893945,6998938,NC
-0.3687685700009121,6998939,NC
-0.368789335930213,6998940,NC
-0.3588100983437733,6998941,NC
-0.3438308572385244,6998942,NC
-0.3488516126113985,6998943,NC
-0.34887236445932834,6998944,NC
-0.33889311277924694,6998945,NC
-0.3139138575680881,6998946,NC
-0.29393459882278594,6998947,NC
-0.27895533654027527,6998948,NC
-0.29397607071749127,6998949,NC
-0.3139968013513696,6998950,NC
-0.31401752843884667,6998951,NC
-0.3240382519768594,6998952,NC
-0.30405897196234505,6998953,NC
-0.2890796883922414,6998954,NC
-0.2841004012634869,6998955,NC
-0.2741211105730205,6998956,NC
-0.26914181631778167,6998957,NC
-0.2591625184947103,6998958,NC
-0.25918321710074693,6998959,NC
-0.2792039121328326,6998960,NC
-0.2892246035879088,6998961,NC
-0.3142452914629177,6998962,NC
-0.32426597575480187,6998963,NC
-0.3042866564605045,6998964,NC
-0.3043073335769692,6998965,NC
-0.3043280071011402,6998966,NC
-0.3343486770299622,6998967,NC
-0.3593693433603805,6998968,NC
-0.3543900060893409,6998969,NC
-0.3344106652137897,6998970,NC
-0.3244313207306738,6998971,NC
-0.32445197263694064,6998972,NC
-0.344472620929538,6998973,NC
-0.37949326560541446,6998974,NC
-0.404513906661519,6998975,NC
-0.38953454409480115,6998976,NC
-0.37455517790221093,6998977,NC
-0.36457580808069906,6998978,NC
-0.3695964346272165,6998979,NC
-0.38961705753871506,6998980,NC
-0.419637676812147,6998981,NC
-0.43465829244446486,6998982,NC
-0.4146789044326221,6998983,NC
-0.4046995127735726,6998984,NC
-0.40972011746427056,6998985,NC
-0.424740718501671,6998986,NC
-0.4197613158827293,6998987,NC
-0.43478190960440144,6998988,NC
-0.40980249966364407,6998989,NC
-0.4248230860574142,6998990,NC
-0.42984366878266933,6998991,NC
-0.4498642478363677,6998992,NC
-0.444884823215468,6998993,NC
-0.44490539491692954,6998994,NC
-0.43992596293771197,6998995,NC
-0.43994652727477573,6998996,NC
-0.44496708792508155,6998997,NC
-0.4649876448855911,6998998,NC
-0.460008198153266,6998999,NC
-0.45002874772506907,6999000,NC
-0.4650492935979631,6999001,NC
-0.4550698357689119,6999002,NC
-0.4600903742348795,6999003,NC
-0.46511090899283064,6999004,NC
-0.4551314400397305,6999005,NC
-0.425151967372545,6999006,NC
-0.42517249098824034,6999007,NC
-0.46019301088378345,6999008,NC
-0.47521352705614184,6999009,NC
-0.4902340395022834,6999010,NC
-0.4802545482191767,6999011,NC
-0.4502750532037908,6999012,NC
-0.41029555445309546,6999013,NC
-0.4003160519640608,6999014,NC
-0.40033654573365746,6999015,NC
-0.40535703575885695,6999016,NC
-0.3903775220366309,6999017,NC
-0.365398004563952,6999018,NC
-0.3104184833377928,6999019,NC
-0.2604389583551272,6999020,NC
-0.23545942961292915,6999021,NC
-0.23047989710817318,6999022,NC
-0.2605003608378346,6999023,NC
-0.30552082079888915,6999024,NC
-0.35054127698831294,6999025,NC
-0.43056172940308307,6999026,NC
-0.5305821780401767,6999027,NC
-0.630602622896572,6999028,NC
-0.6906230639692474,6999029,NC
-0.6956435012551822,6999030,NC
-0.6406639347513556,6999031,NC
-0.5556843644547482,6999032,NC
-0.45570479036234063,6999033,NC
-0.3357252124711142,6999034,NC
-0.21074563077805084,6999035,NC
-0.08076604528013302,6999036,NC
0.009213544025656332,6999037,NC
0.02919313714233358,6999038,NC
-0.01582726592708545,6999039,L
-0.11084766517958539,6999040,NC
-0.21086806061215158,6999041,NC
-0.29588845222176974,6999042,NC
-0.34090884000542643,6999043,NC
-0.39592922396010843,6999044,NC
-0.4659496040828034,6999045,NC
-0.5309699803704994,6999046,NC
-0.5809903528201852,6999047,NC
-0.6160107214288496,6999048,NC
-0.651031086193483,6999049,NC
-0.6760514471110753,6999050,NC
-0.7210718041786177,6999051,NC
-0.7610921573931017,6999052,NC
-0.7661125067515191,6999053,NC
-0.7561328522508628,6999054,NC
-0.701153193888126,6999055,NC
-0.6411735316603023,6999056,NC
-0.6111938655643863,6999057,NC
-0.5812141955973728,6999058,NC
-0.5562345217562571,6999059,NC
-0.5162548440380356,6999060,NC
-0.48127516243970475,6999061,NC
-0.4712954769582618,6999062,NC
-0.46631578759070463,6999063,NC
-0.4763360943340315,6999064,NC
-0.46135639718524146,6999065,NC
-0.43637669614133384,6999066,NC
-0.42139699119930896,6999067,NC
-0.4364172823561672,6999068,NC
-0.47643756960891015,6999069,NC
-0.5114578529545393,6999070,NC
-0.5214781323900572,6999071,NC
-0.4964984079124669,6999072,NC
-0.47651867951877197,6999073,NC
-0.45153894720597626,6999074,NC
-0.46655921097108477,6999075,NC
-0.4665794708111026,6999076,NC
-0.4665997267230358,6999077,NC
-0.45161997870389065,6999078,NC
-0.41664022675067436,6999079,NC
-0.40666047086039436,6999080,NC
-0.41668071103005894,6999081,NC
-0.4267009472566769,6999082,NC
-0.4217211795372576,6999083,NC
-0.39174140786881084,6999084,NC
-0.3667616322483474,6999085,NC
-0.34678185267287814,6999086,NC
-0.3518020691394149,6999087,NC
-0.36682228164497,6999088,NC
-0.3618424901865562,6999089,NC
-0.33186269476118685,6999090,NC
-0.3318828953658763,6999091,NC
-0.30690309199763893,6999092,NC
-0.29692328465349005,6999093,NC
-0.2919434733304454,6999094,NC
-0.29196365802552143,6999095,NC
-0.286983838735735,6999096,NC
-0.2720040154581038,6999097,NC
-0.262024188189646,6999098,NC
-0.25704435692738026,6999099,NC
-0.252064521668326,6999100,NC
-0.232084682409503,6999101,NC
-0.21210483914793193,6999102,NC
-0.1771249918806338,6999103,NC
-0.1571451406046304,6999104,NC
-0.15216528531694395,6999105,NC
-0.1471854260145973,6999106,NC
-0.13720556269461404,6999107,NC
-0.11222569535401813,6999108,NC
-0.08724582398983433,6999109,NC
-0.0722659485990878,6999110,NC
-0.07728606917880454,6999111,NC
-0.08730618572601084,6999112,NC
-0.08232629823773388,6999113,NC
-0.06734640671100121,6999114,NC
-0.05236651114284112,6999115,NC
-0.037386611530282464,6999116,NC
-0.05240670787035462,6999117,NC
-0.04742680016008769,6999118,NC
-0.05744688839651223,6999119,NC
-0.04246697257665956,6999120,NC
-0.017487052697561407,6999121,NC
-0.012507128756250315,6999122,NC
-0.012527200749759208,6999123,NC
-0.03254726867512181,6999124,NC
-0.017567332529372322,6999125,NC
-0.012587392309545517,6999126,NC
0.007392551987323071,6999127,NC
-0.0026274996358025132,6999128,NC
-0.007647547175958995,6999129,NC
-0.032667590630183534,6999130,NC
-0.057687629995514064,6999131,NC
-0.05270766526898896,6999132,NC
-0.0577276964476473,6999133,NC
-0.07274772352852883,6999134,NC
-0.09776774650867372,6999135,NC
-0.1527877653851229,6999136,NC
-0.1778077801549178,6999137,NC
-0.1828277908151006,6999138,NC
-0.16284779736271388,6999139,NC
-0.14786779979480105,6999140,NC
-0.13788779810840593,6999141,NC
-0.17790779230057313,6999142,NC
-0.25792778236834774,6999143,NC
-0.33794776830877543,6999144,NC
-0.39296775011890267,6999145,NC
-0.40298772779577635,6999146,NC
-0.4130077013364441,6999147,NC
-0.458027670737954,6999148,NC
-0.5330476359973549,6999149,NC
-0.5780675971116963,6999150,NC
-0.6030875540780279,6999151,NC
-0.5881075068934009,6999152,NC
-0.5631274555548659,6999153,NC
-0.5581474000594752,6999154,NC
-0.5481673404042811,6999155,NC
-0.5331872765863367,6999156,NC
-0.5182072086026958,6999157,NC
-0.5032271364504126,6999158,NC
-0.48824706012654207,6999159,NC
-0.4832669796281398,6999160,NC
-0.47828689495226184,6999161,NC
-0.47330680609596515,6999162,NC
-0.463326713056307,6999163,NC
-0.46834661583034554,6999164,NC
-0.4783665144151393,6999165,NC
-0.47838640880774747,6999166,NC
-0.48840629900523014,6999167,NC
-0.47342618500464767,6999168,NC
-0.46844606680306117,6999169,NC
-0.45346594439753246,6999170,NC
-0.4534858177851238,6999171,NC
-0.47350568696289835,6999172,NC
-0.4585255519279195,6999173,NC
-0.4335454126772516,6999174,NC
-0.41856526920795945,6999175,NC
-0.3985851215171086,6999176,NC
-0.38860496960176505,6999177,NC
-0.38362481345899563,6999178,NC
-0.34364465308586756,6999179,NC
-0.29866448847944893,6999180,NC
-0.2686843196368083,6999181,NC
-0.31870414655501483,6999182,NC
-0.41872396923113847,6999183,NC
-0.4987437876622496,6999184,NC
-0.5237636018454195,6999185,NC
-0.44378341177771957,6999186,NC
-0.3738032174562226,6999187,NC
-0.3438230188780012,6999188,NC
-0.4088428160401293,6999189,NC
-0.5138626089396809,6999190,NC
-0.5888823975737311,6999191,NC
-0.5989021819393551,6999192,NC
-0.5489219620336293,6999193,NC
-0.49394173785363044,6999194,NC
-0.48396150939643584,6999195,NC
-0.49898127665912356,6999196,NC
-0.4840010396387723,6999197,NC
-0.48402079833246137,6999198,NC
-0.49404055273727066,6999199,NC
-0.4740603028502807,6999200,NC
-0.4740800486685728,6999201,NC
-0.47409979018922865,6999202,NC
-0.46911952740933094,6999203,NC
-0.45913926032596253,6999204,NC
-0.44415898893620737,6999205,NC
-0.42917871323714973,6999206,NC
-0.41919843322587463,6999207,NC
-0.3992181488994677,6999208,NC
-0.34923786025501535,6999209,NC
-0.30925756728960446,6999210,NC
-0.3142772700003224,6999211,NC
-0.3342969683842577,6999212,NC
-0.394316662438499,6999213,NC
-0.47933635216013587,6999214,NC
-0.5493560375462584,6999215,NC
-0.5943757185939572,6999216,NC
-0.6293953953003241,6999217,NC
-0.6344150676624507,6999218,NC
-0.59943473567743,6999219,NC
-0.5594543993423552,6999220,NC
-0.5094740586543203,6999221,NC
-0.4794937136104198,6999222,NC
-0.4545133642077492,6999223,NC
-0.4445330104434042,6999224,NC
-0.4695526523144815,6999225,NC
-0.46957228981807825,6999226,NC
-0.45959192295129225,6999227,NC
-0.439611551711222,6999228,NC
-0.4146311760949668,6999229,NC
-0.3946507960996261,6999230,NC
-0.39967041172230067,6999231,NC
-0.40969002296009144,6999232,NC
-0.40970962981010006,6999233,NC
-0.404729232269429,6999234,NC
-0.3997488303351812,6999235,NC
-0.39476842400446044,6999236,NC
-0.4097880132743711,6999237,NC
-0.4198075981420179,6999238,NC
-0.4348271786045067,6999239,NC
-0.4348467546589436,6999240,NC
-0.4298663263024357,6999241,NC
-0.42988589353209045,6999242,NC
-0.4549054563450161,6999243,NC
-0.47492501473832155,6999244,NC
-0.4699445687091164,6999245,NC
-0.45996411825451067,6999246,NC
-0.44998366337161533,6999247,NC
-0.45500320405754185,6999248,NC
-0.46502274030940244,6999249,NC
-0.48504227212430984,6999250,NC
-0.4950617994993775,6999251,NC
-0.4800813224317195,6999252,NC
-0.4801008409184508,6999253,NC
-0.49512035495668666,6999254,NC
-0.5201398645435432,6999255,NC
-0.5351593696761372,6999256,NC
-0.5401788703515861,6999257,NC
-0.5351983665670078,6999258,NC
-0.5252178583195213,6999259,NC
-0.5252373456062457,6999260,NC
-0.5352568284243012,6999261,NC
-0.5352763067708085,6999262,NC
-0.550295780642889,6999263,NC
-0.5453152500376646,6999264,NC
-0.525334714952258,6999265,NC
-0.5103541753837927,6999266,NC
-0.5203736313293926,6999267,NC
-0.5253930827861825,6999268,NC
-0.5304125297512874,6999269,NC
-0.5204319722218337,6999270,NC
-0.5154514101949479,6999271,NC
-0.5104708436677573,6999272,NC
-0.5254902726373899,6999273,NC
-0.5455096971009744,6999274,NC
-0.5555291170556402,6999275,NC
-0.5455485324985172,6999276,NC
-0.540567943426736,6999277,NC
-0.5555873498374281,6999278,NC
-0.5556067517277253,6999279,NC
-0.5606261490947604,6999280,NC
-0.5506455419356667,6999281,NC
-0.5506649302475782,6999282,NC
-0.5556843140276296,6999283,NC
-0.5607036932729562,6999284,NC
-0.5757230679806941,6999285,NC
-0.5807424381479798,6999286,NC
-0.5757618037719507,6999287,NC
-0.555781164849745,6999288,NC
-0.5158005213785012,6999289,NC
-0.4908198733553588,6999290,NC
-0.47083922077745777,6999291,NC
-0.45585856364193883,6999292,NC
-0.4208779019459434,6999293,NC
-0.3558972356866135,6999294,NC
-0.29091656486109185,6999295,NC
-0.2659358894665219,6999296,NC
-0.2809552095000478,6999297,NC
-0.3309745249588142,6999298,NC
-0.4009938358399666,6999299,NC
-0.49101314214065106,6999300,NC
-0.5960324438580143,6999301,NC
-0.6760517409892042,6999302,NC
-0.7210710335313683,6999303,NC
-0.6910903214816558,6999304,NC
-0.5811096048372162,6999305,NC
-0.44612888359519953,6999306,NC
-0.31614815775275673,6999307,NC
-0.19116742730703942,6999308,NC
-0.09618669225519967,6999309,NC
-0.026205952594390493,6999310,NC
0.003774791678234607,6999311,NC
-0.02624445943447873,6999312,L
-0.09126370592968534,6999313,NC
-0.18628294780454097,6999314,NC
-0.2963021850562018,6999315,NC
-0.39632141768182494,6999316,NC
-0.4863406456785681,6999317,NC
-0.5563598690435895,6999318,NC
-0.5963790877740481,6999319,NC
-0.636398301867104,6999320,NC
-0.6814175113199175,6999321,NC
-0.7264367161296493,6999322,NC
-0.7664559162934617,6999323,NC
-0.7864751118085169,6999324,NC
-0.7614943026719782,6999325,NC
-0.7265134888810094,6999326,NC
-0.696532670432775,6999327,NC
-0.6715518473244403,6999328,NC
-0.6315710195531711,6999329,NC
-0.5915901871161342,6999330,NC
-0.5616093500104967,6999331,NC
-0.5566285082334267,6999332,NC
-0.5466476617820928,6999333,NC
-0.5466668106536643,6999334,NC
-0.5366859548453115,6999335,NC
-0.521705094354205,6999336,NC
-0.48172422917751617,6999337,NC
-0.47674335931241724,6999338,NC
-0.49676248475608104,6999339,NC
-0.5267816055056811,6999340,NC
-0.5568007215583916,6999341,NC
-0.5318198329113873,6999342,NC
-0.511838939561844,6999343,NC
-0.506858041506938,6999344,NC
-0.5268771387438462,6999345,NC
-0.5468962312697464,6999346,NC
-0.5469153190818169,6999347,NC
-0.5069344021772367,6999348,NC
-0.4919534805531857,6999349,NC
-0.46197255420684435,6999350,NC
-0.46199162313539377,6999351,NC
-0.482010687336016,6999352,NC
-0.4720297468058933,6999353,NC
-0.4520488015422093,6999354,NC
-0.4370678515421477,6999355,NC
-0.43208689680289325,6999356,NC
-0.4221059373216314,6999357,NC
-0.4271249730955481,6999358,NC
-0.41214400412183017,6999359,NC
-0.3771630303976651,6999360,NC
-0.34718205192024104,6999361,NC
-0.33220106868674687,6999362,NC
-0.3322200806943722,6999363,NC
-0.3372390879403073,6999364,NC
-0.3472580904217431,6999365,NC
-0.3322770881358714,6999366,NC
-0.3022960810798845,6999367,NC
-0.28731506925097555,6999368,NC
-0.26233405264633836,6999369,NC
-0.24735303126316738,6999370,NC
-0.23237200509865788,6999371,NC
-0.2123909741500058,6999372,NC
-0.18740993841440773,6999373,NC
-0.167428897889061,6999374,NC
-0.15744785257116375,6999375,NC
-0.14746680245791466,6999376,NC
-0.1224857475465132,6999377,NC
-0.10750468783415952,6999378,NC
-0.07252362331805459,6999379,NC
-0.06254255399539987,6999380,NC
-0.05756147986339781,6999381,NC
-0.057580400919251346,6999382,NC
-0.027599317160164154,6999383,NC
0.017381771416659225,6999384,NC
0.07236286481401372,6999385,NC
0.09234396303469342,6999386,NC
0.0723250660814918,6999387,NC
0.0073061739572015325,6999388,NC
-0.06771271333538534,6999389,NC
-0.10773159579347757,6999390,NC
-0.10775047341428462,6999391,NC
-0.08276934619501655,6999392,NC
-0.05778821413288429,6999393,NC
-0.002807077225099361,6999394,NC
0.05717406453112588,6999395,NC
0.09215521113857852,6999396,NC
0.05713636260004473,6999397,NC
-0.027882481081689833,6999398,NC
-0.1379013199038404,6999399,NC
-0.22792015386362285,6999400,NC
-0.2579389829582538,6999401,NC
-0.2529578071849504,6999402,NC
-0.2579766265409309,6999403,NC
-0.27799544102341395,6999404,NC
-0.293014250629619,6999405,NC
-0.3180330553567663,6999406,NC
-0.3330518552020767,6999407,NC
-0.31307065016277197,6999408,NC
-0.29808944023607437,6999409,NC
-0.3231082254192069,6999410,NC
-0.34312700570939364,6999411,NC
-0.36814578110385887,6999412,NC
-0.3931645515998279,6999413,NC
-0.3681833171945267,6999414,NC
-0.33820207788518203,6999415,NC
-0.3382208336690212,6999416,NC
-0.36823958454327255,6999417,NC
-0.42325833050516476,6999418,NC
-0.4332770715519276,6999419,NC
-0.43329580768079123,6999420,NC
-0.40831453888898683,6999421,NC
-0.3733332651737461,6999422,NC
-0.4083519865323016,6999423,NC
-0.46837070296188654,6999424,NC
-0.49838941445973495,6999425,NC
-0.5084081210230814,6999426,NC
-0.5084268226491614,6999427,NC
-0.5084455193352111,6999428,NC
-0.5184642110784674,6999429,NC
-0.533482897876168,6999430,NC
-0.533501579725551,6999431,NC
-0.5085202566238556,6999432,NC
-0.4785389285683217,6999433,NC
-0.4635575955561897,6999434,NC
-0.48857625758470097,6999435,NC
-0.48859491465109745,6999436,NC
-0.498613566752622,6999437,NC
-0.4736322138865178,6999438,NC
-0.4536508560500294,6999439,NC
-0.4336694932404016,6999440,NC
-0.4336881254548801,6999441,NC
-0.43370675269071124,6999442,NC
-0.4387253749451422,6999443,NC
-0.4337439922154209,6999444,NC
-0.428762604498796,6999445,NC
-0.4387812117925167,6999446,NC
-0.4537998140938332,6999447,NC
-0.47381841139999636,6999448,NC
-0.4738370037082577,6999449,NC
-0.45885559101586954,6999450,NC
-0.428874173320085,6999451,NC
-0.4088927506181577,6999452,NC
-0.3939113229073423,6999453,NC
-0.3689298901848941,6999454,NC
-0.353948452448069,6999455,NC
-0.34896700969412375,6999456,NC
-0.3339855619203159,6999457,NC
-0.3890041091239037,6999458,NC
-0.4690226513021461,6999459,NC
-0.5640411884523029,6999460,NC
-0.5840597205716344,6999461,NC
-0.5690782476574018,6999462,NC
-0.5140967697068671,6999463,NC
-0.48911528671729315,6999464,NC
-0.45413379868594317,6999465,NC
-0.44415230561008145,6999466,NC
-0.4441708074869729,6999467,NC
-0.4491893043138832,6999468,NC
-0.4592077960880788,6999469,NC
-0.4792262828068268,6999470,NC
-0.49924476446739513,6999471,NC
-0.5242632410670525,6999472,NC
-0.5142817126030682,6999473,NC
-0.5043001790727124,6999474,NC
-0.4893186404732563,6999475,NC
-0.48433709680197123,6999476,NC
-0.4893555480561297,6999477,NC
-0.4993739942330048,6999478,NC
-0.4843924353298706,6999479,NC
-0.4694108713440016,6999480,NC
-0.44442930227267324,6999481,NC
-0.4244477281131618,6999482,NC
-0.41446614886274397,6999483,NC
-0.42948456451869765,6999484,NC
-0.45950297507830107,6999485,NC
-0.4695213805388335,6999486,NC
-0.4745397808975748,6999487,NC
-0.4595581761518057,6999488,NC
-0.44457656629880765,6999489,NC
-0.4645949513358628,6999490,NC
-0.46461333126025406,6999491,NC
-0.4546317060692652,6999492,NC
-0.4096500757601806,6999493,NC
-0.4096684403302855,6999494,NC
-0.41968679977686585,6999495,NC
-0.43470515409720845,6999496,NC
-0.45972350328860057,6999497,NC
-0.43974184734833077,6999498,NC
-0.40476018627368776,6999499,NC
-0.3547785200619615,6999500,NC
-0.31979684871044234,6999501,NC
-0.3348151722164217,6999502,NC
-0.3598334905771915,6999503,NC
-0.3948518037900446,6999504,NC
-0.4548701118522745,6999505,NC
-0.48488841476117567,6999506,NC
-0.48990671251404294,6999507,NC
-0.4999250051081724,6999508,NC
-0.4849432925408605,6999509,NC
-0.4549615748094046,6999510,NC
-0.41497985191110287,6999511,NC
-0.4099981238432542,6999512,NC
-0.42001639060315826,6999513,NC
-0.4550346521881155,6999514,NC
-0.48005290859542704,6999515,NC
-0.5000711598223949,6999516,NC
-0.5100894058663217,6999517,NC
-0.510107646724511,6999518,NC
-0.505125882394267,6999519,NC
-0.5201441128728947,6999520,NC
-0.5051623381577001,6999521,NC
-0.4801805582459895,6999522,NC
-0.46019877313507024,6999523,NC
-0.4652169828222505,6999524,NC
-0.4702351873048391,6999525,NC
-0.49525338658014567,6999526,NC
-0.49027158064548054,6999527,NC
-0.4602897694981549,6999528,NC
-0.42530795313548087,6999529,NC
-0.41032613155477093,6999530,NC
-0.3903443047533386,6999531,NC
-0.38536247272849816,6999532,NC
-0.40038063547756464,6999533,NC
-0.44039879299785384,6999534,NC
-0.4954169452866823,6999535,NC
-0.5604350923413673,6999536,NC
-0.600453234159227,6999537,NC
-0.6004713707375804,6999538,NC
-0.565489502073747,6999539,NC
-0.5255076281650473,6999540,NC
-0.5005257490088025,6999541,NC
-0.5255438646023346,6999542,NC
-0.5705619749429663,6999543,NC
-0.6205800800280212,6999544,NC
-0.6255981798548237,6999545,NC
-0.5956162744206988,6999546,NC
-0.5656343637229723,6999547,NC
-0.5556524477589708,6999548,NC
-0.540670526526022,6999549,NC
-0.5206886000214539,6999550,NC
-0.5157066682425955,6999551,NC
-0.4957247311867766,6999552,NC
-0.4857427888513277,6999553,NC
-0.5107608412335801,6999554,NC
-0.5307788883308661,6999555,NC
-0.5507969301405183,6999556,NC
-0.5458149666598706,6999557,NC
-0.5158329978862572,6999558,NC
-0.47085102381701366,6999559,NC
-0.47086904444947575,6999560,NC
-0.5108870597809803,6999561,NC
-0.5409050698088649,6999562,NC
-0.540923074530468,6999563,NC
-0.5159410739431286,6999564,NC
-0.46095906804418674,6999565,NC
-0.39597705683098305,6999566,NC
-0.33599504030085914,6999567,NC
-0.29101301845115723,6999568,NC
-0.24603099127922043,6999569,NC
-0.21604895878239253,6999570,NC
-0.2360669209580183,6999571,NC
-0.261084877803443,6999572,NC
-0.311102829316013,6999573,NC
-0.3911207754930753,6999574,NC
-0.45613871633197756,6999575,NC
-0.5461566518300686,6999576,NC
-0.6111745819846974,6999577,NC
-0.6911925067932148,6999578,NC
-0.786210426252971,6999579,NC
-0.8762283403613181,6999580,L
-0.9212462491156088,6999581,NC
-0.9012641525131961,6999582,NC
-0.8212820505514346,6999583,NC
-0.7062999432276786,6999584,NC
-0.5663178305392842,6999585,NC
-0.43133571248360775,6999586,NC
-0.29635358905800663,6999587,NC
-0.15637146025983883,6999588,NC
-0.07638932608646334,6999589,NC
-0.07640718653523974,6999590,NC
-0.13642504160352859,6999591,NC
-0.24644289128869104,6999592,NC
-0.34646073558808926,6999593,NC
-0.4064785744990861,6999594,NC
-0.4164964080190451,6999595,NC
-0.4415142361453308,6999596,NC
-0.4865320588753083,6999597,NC
-0.501549876206344,6999598,NC
-0.5065676881358042,6999599,NC
-0.49658549466105706,6999600,NC
-0.5266032957794707,6999601,NC
-0.5866210914884146,6999602,NC
-0.6616388817852584,6999603,NC
-0.7216566666673734,6999604,NC
-0.7316744461321308,6999605,NC
-0.7066922201769036,6999606,NC
-0.7017099887990644,6999607,NC
-0.7117277519959877,6999608,NC
-0.6917455097650481,6999609,NC
-0.6417632621036213,6999610,NC
-0.5517810090090839,6999611,NC
-0.4617987504788128,6999612,NC
-0.4068164865101864,6999613,NC
-0.4068342171005834,6999614,NC
-0.45185194224738345,6999615,NC
-0.5218696619479671,6999616,NC
-0.5268873761997156,6999617,NC
-0.4869050850000109,6999618,NC
-0.44692278834623594,6999619,NC
-0.4269404862357745,6999620,NC
-0.42695817866601105,6999621,NC
-0.44697586563433067,6999622,NC
-0.4519935471381198,6999623,NC
-0.43201122317476515,6999624,NC
-0.4120288937416545,6999625,NC
-0.40704655883617635,6999626,NC
-0.39706421845572004,6999627,NC
-0.36208187259767577,6999628,NC
-0.3220995212594344,6999629,NC
-0.26211716443838784,6999630,NC
-0.2621348021319286,6999631,NC
-0.30715243433745,6999632,NC
-0.3771700610523463,6999633,NC
-0.4321876822740125,6999634,NC
-0.4322052979998444,6999635,NC
-0.4122229082272387,6999636,NC
-0.38724051295359285,6999637,NC
-0.387258112176305,6999638,NC
-0.3672757058927744,6999639,NC
-0.32729329410040076,6999640,NC
-0.27231087679658483,6999641,NC
-0.20732845397872823,6999642,NC
-0.17734602564423319,6999643,NC
-0.19736359179050283,6999644,NC
-0.23738115241494123,6999645,NC
-0.26739870751495304,6999646,NC
-0.28741625708794394,6999647,NC
-0.2674338011313203,6999648,NC
-0.23745133964248935,6999649,NC
-0.2324688726188592,6999650,NC
-0.2424864000578386,6999651,NC
-0.2375039219568374,6999652,NC
-0.2175214383132659,6999653,NC
-0.1925389491245356,6999654,NC
-0.1575564543880585,6999655,NC
-0.11757395410124767,6999656,NC
-0.07759144826151679,6999657,NC
-0.05260893686628056,6999658,NC
0.022373580087045646,6999659,NC
0.08235610260104563,6999660,NC
0.08233863067830224,6999661,NC
0.007321164321397677,6999662,NC
-0.09269629646708685,6999663,NC
-0.1527137516845708,6999664,NC
-0.1327312013284746,6999665,NC
-0.07774864539621938,6999666,NC
-0.027766083885227145,6999667,NC
-0.03278351679292078,6999668,NC
-0.052800944116723855,6999669,NC
-0.06781836585406092,6999670,NC
-0.04783578200235723,6999671,NC
0.007146807440961037,6999672,NC
0.06712940247846699,6999673,NC
0.08711200311273279,6999674,NC
0.10709460934632986,6999675,NC
0.08207722118182872,6999676,NC
0.0720598386217992,6999677,NC
0.062042461668810084,6999678,NC
0.06702509032542953,6999679,NC
0.08700772459422473,6999680,NC
0.09199036447776215,6999681,NC
0.10697300997860738,6999682,NC
0.13195566109932516,6999683,NC
0.16193831784247945,6999684,NC
0.1569209802106333,6999685,NC
0.12190364820634898,6999686,NC
0.02688632183218797,6999687,NC
-0.0981309989092892,6999688,NC
-0.14814831401552264,6999689,NC
-0.14316562348395356,6999690,NC
-0.10818292731202375,6999691,NC
-0.108200225497176,6999692,NC
-0.1732175180368538,6999693,NC
-0.23823480492850163,6999694,NC
-0.27325208616956465,6999695,NC
-0.273269361757489,6999696,NC
-0.2582866316897215,6999697,NC
-0.24830389596371,6999698,NC
-0.29832115457690295,6999699,NC
-0.3483384075267498,6999700,NC
-0.3683556548107009,6999701,NC
-0.37337289642620725,6999702,NC
-0.3433901323707207,6999703,NC
-0.35340736264169414,6999704,NC
-0.38342458723658107,6999705,NC
-0.4184418061528361,6999706,NC
-0.43845901938791426,6999707,NC
-0.4284762269392719,6999708,NC
-0.40349342880436573,6999709,NC
-0.3935106249806538,6999710,NC
-0.4235278154655946,6999711,NC
-0.47354500025664764,6999712,NC
-0.48356217935127327,6999713,NC
-0.4585793527469326,6999714,NC
-0.43359652044108776,6999715,NC
-0.40861368243120144,6999716,NC
-0.44863083871473736,6999717,NC
-0.49864798928916015,6999718,NC
-0.5436651341519351,6999719,NC
-0.5586822733005284,6999720,NC
-0.5286994067324073,6999721,NC
-0.4887165344450396,6999722,NC
-0.4537336564358939,6999723,NC
-0.4187507727024401,6999724,NC
-0.3937678832421484,6999725,NC
-0.3737849880524903,6999726,NC
-0.3738020871309377,6999727,NC
-0.3838191804749638,6999728,NC
-0.4088362680820423,6999729,NC
-0.453853349949648,6999730,NC
-0.46387042607525636,6999731,NC
-0.48388749645634377,6999732,NC
-0.5089045610903874,6999733,NC
-0.5389216199748655,6999734,NC
-0.5389386731072568,6999735,NC
-0.5189557204850412,6999736,NC
-0.5039727621056994,6999737,NC
-0.48398979796671265,6999738,NC
-0.4690068280655635,6999739,NC
-0.4590238523997349,6999740,NC
-0.4490408709667112,6999741,NC
-0.44405788376397703,6999742,NC
-0.43407489078901823,6999743,NC
-0.4040918920393214,6999744,NC
-0.3741088875123739,6999745,NC
-0.36412587720566414,6999746,NC
-0.3541428611166812,6999747,NC
-0.33415983924291515,6999748,NC
-0.32917681158185674,6999749,NC
-0.3141937781309979,6999750,NC
-0.31921073888783097,6999751,NC
-0.3642276938498495,6999752,NC
-0.4442446430145478,6999753,NC
-0.5392615863794209,6999754,NC
-0.584278523941965,6999755,NC
-0.5742954556996767,6999756,NC
-0.5293123816500539,6999757,NC
-0.5043293017905951,6999758,NC
-0.4943462161187998,6999759,NC
-0.5293631246321682,6999760,NC
-0.5343800273282016,6999761,NC
-0.5093969242044017,6999762,NC
-0.47941381525827187,6999763,NC
-0.44943070048731537,6999764,NC
-0.4244475798890371,6999765,NC
-0.4144644534609423,6999766,NC
-0.4094813212005374,6999767,NC
-0.4194981831053295,6999768,NC
-0.4145150391728267,6999769,NC
-0.43953188940053795,6999770,NC
-0.47954873378597296,6999771,NC
-0.5095655723266422,6999772,NC
-0.5145824050200576,6999773,NC
-0.519599231863731,6999774,NC
-0.519616052855176,6999775,NC
-0.5296328679919065,6999776,NC
-0.5246496772714375,6999777,NC
-0.49966648069128483,6999778,NC
-0.45968327824896515,6999779,NC
-0.419700069941996,6999780,NC
-0.3797168557678958,6999781,NC
-0.36973363572418383,6999782,NC
-0.3747504098083803,6999783,NC
-0.40476717801800616,6999784,NC
-0.4397839403505833,6999785,NC
-0.4698006968036345,6999786,NC
-0.46981744737468345,6999787,NC
-0.4848341920612545,6999788,NC
-0.4698509308608731,6999789,NC
-0.4548676637710654,6999790,NC
-0.44988439078935866,6999791,NC
-0.43990111191328074,6999792,NC
-0.4249178271403605,6999793,NC
-0.39493453646812765,6999794,NC
-0.35495123989411287,6999795,NC
-0.3449679374158474,6999796,NC
-0.3749846290308639,6999797,NC
-0.4250013147366953,6999798,NC
-0.4600179945308757,6999799,NC
-0.48503466841094023,6999800,NC
-0.4800513363744246,6999801,NC
-0.47506799841886543,6999802,NC
-0.4450846545418005,6999803,NC
-0.4201013047407681,6999804,NC
-0.41011794901330756,6999805,NC
-0.42513458735695925,6999806,NC
-0.48015121976926406,6999807,NC
-0.540167846247764,6999808,NC
-0.550184466790002,6999809,NC
-0.5202010813935216,6999810,NC
-0.5052176900558676,6999811,NC
-0.5052342927745852,6999812,NC
-0.5352508895472209,6999813,NC
-0.5602674803713219,6999814,NC
-0.5502840652444364,6999815,NC
-0.5053006441641131,6999816,NC
-0.46031721712790225,6999817,NC
-0.4803337841333543,6999818,NC
-0.5403503451780209,6999819,NC
-0.6153669002594547,6999820,NC
-0.670383449375209,6999821,NC
-0.6503999925228381,6999822,NC
-0.610416529699897,6999823,NC
-0.560433060903942,6999824,NC
-0.5554495861325297,6999825,NC
-0.5604661053832182,6999826,NC
-0.5804826186535659,6999827,NC
-0.5854991259411325,6999828,NC
-0.5855156272434785,6999829,NC
-0.5805321225581651,6999830,NC
-0.5855486118827548,6999831,NC
-0.5705650952148102,6999832,NC
-0.5555815725518957,6999833,NC
-0.560598043891576,6999834,NC
-0.580614509231417,6999835,NC
-0.5956309685689852,6999836,NC
-0.6156474219018481,6999837,NC
-0.6006638692275744,6999838,NC
-0.5806803105437331,6999839,NC
-0.5506967458478945,6999840,NC
-0.5657131751376298,6999841,NC
-0.5757295984105109,6999842,NC
-0.5907460156641104,6999843,NC
-0.6107624268960025,6999844,NC
-0.6207788321037615,6999845,NC
-0.5957952312849633,6999846,NC
-0.5808116244371838,6999847,NC
-0.5708280115580008,6999848,NC
-0.5808443926449922,6999849,NC
-0.6058607676957373,6999850,NC
-0.630877136707816,6999851,NC
-0.6308934996788091,6999852,NC
-0.6159098566062985,6999853,NC
-0.5809262074878669,6999854,NC
-0.5759425523210977,6999855,NC
-0.5609588911035754,6999856,NC
-0.5609752238328856,6999857,NC
-0.5709915505066141,6999858,NC
-0.5760078711223484,6999859,NC
-0.5710241856776764,6999860,NC
-0.576040494170187,6999861,NC
-0.5610567965974701,6999862,NC
-0.5310730929571164,6999863,NC
-0.4660893832467175,6999864,NC
-0.4011056674638659,6999865,NC
-0.36612194560615513,6999866,NC
-0.3561382176711793,6999867,NC
-0.3611544836565338,6999868,NC
-0.37117074355981466,6999869,NC
-0.3561869973786189,6999870,NC
-0.3512032451105444,6999871,NC
-0.41121948675319,6999872,NC
-0.5362357223041554,6999873,NC
-0.6712519517610412,6999874,NC
-0.8062681751214489,6999875,NC
-0.8712843923829809,6999876,NC
-0.8863006035432406,6999877,NC
-0.8863168085998321,6999878,NC
-0.8263330075503605,6999879,NC
-0.7363492003924319,6999880,NC
-0.6263653871236532,6999881,NC
-0.5013815677416322,6999882,NC
-0.3713977422439777,6999883,NC
-0.2764139106282992,6999884,NC
-0.20643007289220722,6999885,NC
-0.17644622903331333,6999886,NC
-0.19646237904922978,6999887,NC
-0.23647852293756988,6999888,L
-0.3114946606959477,6999889,NC
-0.35151079232197835,6999890,NC
-0.42152691781327783,6999891,NC
-0.47154303716746293,6999892,NC
-0.5015591503821515,6999893,NC
-0.5165752574549621,6999894,NC
-0.5165913583835146,6999895,NC
-0.5216074531654292,6999896,NC
-0.5566235417983275,6999897,NC
-0.6116396242798317,6999898,NC
-0.6816557006075651,6999899,NC
-0.7216717707791518,6999900,NC
-0.7516878347922168,6999901,NC
-0.7767038926443862,6999902,NC
-0.7817199443332867,6999903,NC
-0.8067359898565464,6999904,NC
-0.7767520292117934,6999905,NC
-0.706768062396658,6999906,NC
-0.6517840894087701,6999907,NC
-0.6118001102457614,6999908,NC
-0.6068161249052644,6999909,NC
-0.6268321333849122,6999910,NC
-0.6418481356823388,6999911,NC
-0.6318641317951795,6999912,NC
-0.6168801217210702,6999913,NC
-0.5968961054576479,6999914,NC
-0.5919120830025503,6999915,NC
-0.606928054353416,6999916,NC
-0.6019440195078851,6999917,NC
-0.5919599784635978,6999918,NC
-0.5669759312181956,6999919,NC
-0.566991877769321,6999920,NC
-0.5820078181146173,6999921,NC
-0.5970237522517289,6999922,NC
-0.5870396801783005,6999923,NC
-0.5720556018919787,6999924,NC
-0.5620715173904101,6999925,NC
-0.5370874266712428,6999926,NC
-0.5471033297321255,6999927,NC
-0.552119226570708,6999928,NC
-0.557135117184641,6999929,NC
-0.5621510015715762,6999930,NC
-0.5421668797291658,6999931,NC
-0.5421827516550634,6999932,NC
-0.5471986173469233,6999933,NC
-0.5422144768024009,6999934,NC
-0.5422303300191522,6999935,NC
-0.5122461769948344,6999936,NC
-0.4872620177271056,6999937,NC
-0.47227785221362467,6999938,NC
-0.48229368045205145,6999939,NC
-0.47230950244004677,6999940,NC
-0.4723253181752724,6999941,NC
-0.44734112765539097,6999942,NC
-0.4173569308780661,6999943,NC
-0.4023727278409621,6999944,NC
-0.4023885185417446,6999945,NC
-0.40240430297807994,6999946,NC
-0.4024200811476353,6999947,NC
-0.40243585304807883,6999948,NC
-0.36745161867707987,6999949,NC
-0.38746737803230824,6999950,NC
-0.38748313111143506,6999951,NC
-0.3924988779121322,6999952,NC
-0.38251461843207263,6999953,NC
-0.34253035266892984,6999954,NC
-0.3225460806203787,6999955,NC
-0.33756180228409477,6999956,NC
-0.36257751765775476,6999957,NC
-0.3475932267390359,6999958,NC
-0.3126089295256168,6999959,NC
-0.25262462601517666,6999960,NC
-0.2026403162053959,6999961,NC
-0.20765600009395557,6999962,NC
-0.23767167767853795,6999963,NC
-0.27768734895682595,6999964,NC
-0.2977030139265038,6999965,NC
-0.2827186725852561,6999966,NC
-0.247734324930769,6999967,NC
-0.21774997096072918,6999968,NC
-0.19276561067282438,6999969,NC
-0.21778124406474325,6999970,NC
-0.20279687113417544,6999971,NC
-0.16781249187881137,6999972,NC
-0.15282810629634264,6999973,NC
-0.14784371438446156,6999974,NC
-0.14285931614086153,6999975,NC
-0.13287491156323675,6999976,NC
-0.12789050064928248,6999977,NC
-0.10290608339669485,6999978,NC
-0.07792165980317098,6999979,NC
-0.0679372298664088,6999980,NC
-0.06295279358410735,6999981,NC
-0.08296835095396646,6999982,NC
-0.10298390197368704,6999983,NC
-0.12299944664097077,6999984,NC
-0.11801498495352045,6999985,NC
-0.11803051690903965,6999986,NC
-0.143046042505233,6999987,NC
-0.153061561739806,6999988,NC
-0.16807707461046517,6999989,NC
-0.19309258111491787,6999990,NC
-0.20310808125087249,6999991,NC
-0.21812357501603824,6999992,NC
-0.24313906240812544,6999993,NC
-0.27815454342484525,6999994,NC
-0.3181700180639097,6999995,NC
-0.343185486323032,6999996,NC
-0.368200948199926,6999997,NC
-0.3882164036923067,6999998,NC
-0.4182318527978901,6999999,NC
-0.4482472955143929,7000000,NC
-0.4632627318395328,7000001,NC
-0.44827816177102875,7000002,NC
-0.4482935853066003,7000003,NC
-0.45830900244396794,7000004,NC
-0.48332441318085345,7000005,NC
-0.5233398175149792,7000006,NC
-0.5483552154440686,7000007,NC
-0.5483706069658462,7000008,NC
-0.5333859920780372,7000009,NC
-0.5284013707783679,7000010,NC
-0.5184167430645655,7000011,NC
-0.5384321089343584,7000012,NC
-0.5384474683854756,7000013,NC
-0.5434628214156472,7000014,NC
-0.5334781680226042,7000015,NC
-0.5334935082040785,7000016,NC
-0.5535088419578031,7000017,NC
-0.5835241692815121,7000018,NC
-0.6085394901729398,7000019,NC
-0.6135548046298226,7000020,NC
-0.5985701126498969,7000021,NC
-0.5735854142309004,7000022,NC
-0.5936007093705716,7000023,NC
-0.6036159980666504,7000024,NC
-0.5986312803168772,7000025,NC
-0.5936465561189933,7000026,NC
-0.5586618254707414,7000027,NC
-0.5586770883698648,7000028,NC
-0.5686923448141079,7000029,NC
-0.593707594801216,7000030,NC
-0.5987228383289352,7000031,NC
-0.578738075395013,7000032,NC
-0.5687533059971973,7000033,NC
-0.5637685301332374,7000034,NC
-0.5687837478008833,7000035,NC
-0.5887989589978859,7000036,NC
-0.5888141637219975,7000037,NC
-0.5738293619709709,7000038,NC
-0.5538445537425598,7000039,NC
-0.5588597390345195,7000040,NC
-0.5688749178446054,7000041,NC
-0.5688900901705746,7000042,NC
-0.5789052560101846,7000043,NC
-0.5589204153611942,7000044,NC
-0.558935568221363,7000045,NC
-0.5689507145884517,7000046,NC
-0.5689658544602217,7000047,NC
-0.5739809878344359,7000048,NC
-0.5689961147088574,7000049,NC
-0.5590112350812507,7000050,NC
-0.5440263489493815,7000051,NC
-0.539041456311016,7000052,NC
-0.5490565571639213,7000053,NC
-0.5590716515058661,7000054,NC
-0.5590867393346195,7000055,NC
-0.5441018206479518,7000056,NC
-0.5291168954436339,7000057,NC
-0.5241319637194383,7000058,NC
-0.5341470254731379,7000059,NC
-0.5391620807025068,7000060,NC
-0.5491771294053202,7000061,NC
-0.5441921715793538,7000062,NC
-0.5392072072223849,7000063,NC
-0.5342222363321913,7000064,NC
-0.5292372589065519,7000065,NC
-0.5342522749432466,7000066,NC
-0.5342672844400561,7000067,NC
-0.5192822873947623,7000068,NC
-0.5092972838051482,7000069,NC
-0.49431227366899705,7000070,NC
-0.5043272569840939,7000071,NC
-0.5143422337482242,7000072,NC
-0.5243572039591748,7000073,NC
-0.5043721676147332,7000074,NC
-0.4843871247126881,7000075,NC
-0.47440207525082884,7000076,NC
-0.464417019226946,7000077,NC
-0.48443195663883115,7000078,NC
-0.5094468874842767,7000079,NC
-0.504461811761076,7000080,NC
-0.4844767294670235,7000081,NC
-0.4744916405999146,7000082,NC
-0.46450654515754564,7000083,NC
-0.4695214431377139,7000084,NC
-0.46953633453821764,7000085,NC
-0.4545512193568561,7000086,NC
-0.43456609759142956,7000087,NC
-0.4345809692397392,7000088,NC
-0.45959583429958717,7000089,NC
-0.46961069276877665,7000090,NC
-0.48462554464511176,7000091,NC
-0.45964038992639755,7000092,NC
-0.45465522861044005,7000093,NC
-0.4546700606950465,7000094,NC
-0.4596848861780247,7000095,NC
-0.46969970505718384,7000096,NC
-0.4697145173303337,7000097,NC
-0.4597293229952853,7000098,NC
-0.4497441220498507,7000099,NC
-0.4497589144918426,7000100,NC
-0.44977370031907493,7000101,NC
-0.47978847952936254,7000102,NC
-0.4798032521205214,7000103,NC
-0.4698180180903681,7000104,NC
-0.46483277743672063,7000105,NC
-0.46484753015739766,7000106,NC
-0.484862276250219,7000107,NC
-0.4948770157130053,7000108,NC
-0.5048917485435783,7000109,NC
-0.4899064747397607,7000110,NC
-0.48492119429937613,7000111,NC
-0.49493590722024927,7000112,NC
-0.5099506135002058,7000113,NC
-0.5299653131370722,7000114,NC
-0.5149800061286761,7000115,NC
-0.4849946924728462,7000116,NC
-0.44500937216741204,7000117,NC
-0.445024045210204,7000118,NC
-0.4700387115990537,7000119,NC
-0.5050533713317936,7000120,NC
-0.5250680244062573,7000121,NC
-0.5450826708202793,7000122,NC
-0.5200973105716948,7000123,NC
-0.5201119436583406,7000124,NC
-0.5201265700780537,7000125,NC
-0.525141189828673,7000126,NC
-0.5351558029080375,7000127,NC
-0.5201704093139878,7000128,NC
-0.5001850090443652,7000129,NC
-0.5001996020970121,7000130,NC
-0.4952141884697718,7000131,NC
-0.5002287681604887,7000132,NC
-0.505243341167008,7000133,NC
-0.495257907487176,7000134,NC
-0.48527246711884015,7000135,NC
-0.4602870200598486,7000136,NC
-0.48030156630805076,7000137,NC
-0.4953161058612968,7000138,NC
-0.500330638717438,7000139,NC
-0.5053451648743266,7000140,NC
-0.4853596843298157,7000141,NC
-0.47037419708175965,7000142,NC
-0.48038870312801374,7000143,NC
-0.49040320246643404,7000144,NC
-0.4904176950948778,7000145,NC
-0.47543218101120316,7000146,NC
-0.4454466602132694,7000147,NC
-0.42046113269893653,7000148,NC
-0.41047559846606585,7000149,NC
-0.41549005751251944,7000150,NC
-0.41050450983616055,7000151,NC
-0.3705189554348532,7000152,NC
-0.3305333943064626,7000153,NC
-0.2605478264488549,7000154,NC
-0.18556225185989714,7000155,NC
-0.12557667053745747,7000156,NC
-0.06059108247940505,7000157,NC
-0.005605487683609939,7000158,NC
0.029380113852056695,7000159,NC
0.039365722129722835,7000160,NC
-0.01564866284848472,7000161,NC
-0.09566304108043998,7000162,NC
-0.1806774125640181,7000163,NC
-0.2456917772970951,7000164,NC
-0.2607061352775481,7000165,NC
-0.23072048650325522,7000166,NC
-0.1707348309720955,7000167,NC
-0.09074916868194907,7000168,NC
-0.0007634996306969399,7000169,NC
0.12422217618377875,7000170,NC
0.23920785876359488,7000171,NC
0.33419354811086754,7000172,NC
0.39417924422771144,7000173,NC
0.43416494711624065,7000174,NC
0.4041506567785681,7000175,L
0.3491363732168056,7000176,NC
0.26412209643306406,7000177,NC
0.1691078264294535,7000178,NC
0.059093563208082726,7000179,NC
-0.04092069322894025,7000180,NC
-0.11593494287950859,7000181,NC
-0.15094918574151633,7000182,NC
-0.18596342181285863,7000183,NC
-0.2409776510914316,7000184,NC
-0.29099187357513223,7000185,NC
-0.3560060892618588,7000186,NC
-0.4160202981495103,7000187,NC
-0.47103450023598686,7000188,NC
-0.5160486955191896,7000189,NC
-0.5660628839970209,7000190,NC
-0.5960770656673835,7000191,NC
-0.6010912405281817,7000192,NC
-0.5811054085773207,7000193,NC
-0.5511195698127067,7000194,NC
-0.5111337242322467,7000195,NC
-0.49114787183384895,7000196,NC
-0.4911620126154227,7000197,NC
-0.48117614657487795,7000198,NC
-0.4761902737101261,7000199,NC
-0.4612043940190792,7000200,NC
-0.4512185074996506,7000201,NC
-0.4512326141497544,7000202,NC
-0.4762467139673058,7000203,NC
-0.46626080695022115,7000204,NC
-0.4812748930964177,7000205,NC
-0.4662889724038136,7000206,NC
-0.44130304487032823,7000207,NC
-0.4263171104938818,7000208,NC
-0.42133116927239567,7000209,NC
-0.43134522120379204,7000210,NC
-0.4163592662859943,7000211,NC
-0.40137330451692677,7000212,NC
-0.3913873358945148,7000213,NC
-0.39640136041668467,7000214,NC
-0.42141537808136387,7000215,NC
-0.4414293888864807,7000216,NC
-0.44644339282996454,7000217,NC
-0.4214573899097458,7000218,NC
-0.4114713801237559,7000219,NC
-0.39648536346992735,7000220,NC
-0.4014993399461935,7000221,NC
-0.406513309550489,7000222,NC
-0.396527272280749,7000223,NC
-0.3615412281349104,7000224,NC
-0.3365551771109104,7000225,NC
-0.29656911920668766,7000226,NC
-0.31158305442018175,7000227,NC
-0.3265969827493332,7000228,NC
-0.34161090419208345,7000229,NC
-0.33662481874637534,7000230,NC
-0.31163872641015244,7000231,NC
-0.30665262718135927,7000232,NC
-0.3016665210579415,7000233,NC
-0.33668040803784594,7000234,NC
-0.33669428811902014,7000235,NC
-0.3417081612994129,7000236,NC
-0.34172202757697384,7000237,NC
-0.31673588694965393,7000238,NC
-0.3067497394154047,7000239,NC
-0.3067635849721791,7000240,NC
-0.27677742361793084,7000241,NC
-0.24179125535061483,7000242,NC
-0.20680508016818688,7000243,NC
-0.19181889806860392,7000244,NC
-0.18183270904982385,7000245,NC
-0.17184651310980556,7000246,NC
-0.161860310246509,7000247,NC
-0.14687410045789517,7000248,NC
-0.121887883741926,7000249,NC
-0.1119016600965646,7000250,NC
-0.11191542951977493,7000251,NC
-0.10192919200952208,7000252,NC
-0.1019429475637722,7000253,NC
-0.08695669618049233,7000254,NC
-0.05197043785765065,7000255,NC
-0.041984172593216344,7000256,NC
-0.031997900385159525,7000257,NC
-0.0420116212314515,7000258,NC
-0.04702533513006445,7000259,NC
-0.0320390420789717,7000260,NC
0.00294725792385251,7000261,NC
0.017933564880432788,7000262,NC
0.027919878792792834,7000263,NC
0.02290619966295522,7000264,NC
0.03289252749294159,7000265,NC
0.06287886228477244,7000266,NC
0.08786520404046737,7000267,NC
0.09285155276204482,7000268,NC
0.0778379084515223,7000269,NC
0.06282427111091626,7000270,NC
0.047810640742242075,7000271,NC
0.04779701734751419,7000272,NC
0.05278340092874588,7000273,NC
0.04776979148794954,7000274,NC
0.0227561890271364,7000275,NC
-0.0072574064516832265,7000276,NC
-0.042270994946500176,7000277,NC
-0.04228457645530621,7000278,NC
-0.057298150976094135,7000279,NC
-0.057311718506857894,7000280,NC
-0.09732527904559232,7000281,NC
-0.13733883259029342,7000282,NC
-0.16235237913895811,7000283,NC
-0.16236591868958444,7000284,NC
-0.15737945124017136,7000285,NC
-0.15239297678871905,7000286,NC
-0.16740649533322854,7000287,NC
-0.19242000687170202,7000288,NC
-0.2074335114021427,7000289,NC
-0.22244700892255465,7000290,NC
-0.23246049943094332,7000291,NC
-0.23747398292531482,7000292,NC
-0.25248745940367656,7000293,NC
-0.2875009288640369,7000294,NC
-0.2925143913044052,7000295,NC
-0.28752784672279197,7000296,NC
-0.2575412951172086,7000297,NC
-0.25255473648566756,7000298,NC
-0.26256817082618256,7000299,NC
-0.2825815981367681,7000300,NC
-0.30259501841543973,7000301,NC
-0.2926084316602142,7000302,NC
-0.2876218378691092,7000303,NC
-0.2926352370401435,7000304,NC
-0.2876486291713368,7000305,NC
-0.29266201426071003,7000306,NC
-0.282675392306285,7000307,NC
-0.2776887633060846,7000308,NC
-0.26270212725813286,7000309,NC
-0.25771548416045464,7000310,NC
-0.2677288340110761,7000311,NC
-0.2827421768080242,7000312,NC
-0.2977555125493272,7000313,NC
-0.3077688412330141,7000314,NC
-0.2927821628571152,7000315,NC
-0.30279547741966173,7000316,NC
-0.30780878491868596,7000317,NC
-0.3078220853522212,7000318,NC
-0.3028353787183019,7000319,NC
-0.2878486650149634,7000320,NC
-0.25786194424024217,7000321,NC
-0.2328752163921758,7000322,NC
-0.2228884814688028,7000323,NC
-0.21290173946816277,7000324,NC
-0.21791499038829637,7000325,NC
-0.22292823422724523,7000326,NC
-0.21294147098305222,7000327,NC
-0.25795470065376097,7000328,NC
-0.29796792323741644,7000329,NC
-0.30798113873206445,7000330,NC
-0.29799434713575196,7000331,NC
-0.2730075484465269,7000332,NC
-0.2580207426624384,7000333,NC
-0.2730339297815364,7000334,NC
-0.29804710980187216,7000335,NC
-0.3230602827214977,7000336,NC
-0.3280734485384664,7000337,NC
-0.31308660725083237,7000338,NC
-0.29309975885665096,7000339,NC
-0.27811290335397876,7000340,NC
-0.27812604074087294,7000341,NC
-0.293139171015392,7000342,NC
-0.29315229417559563,7000343,NC
-0.2831654102195442,7000344,NC
-0.2681785191452995,7000345,NC
-0.2731916209509241,7000346,NC
-0.2832047156344818,7000347,NC
-0.28821780319403734,7000348,NC
-0.2932308836276566,7000349,NC
-0.28824395693340643,7000350,NC
-0.2582570231093548,7000351,NC
-0.25827008215357067,7000352,NC
-0.2632831340641241,7000353,NC
-0.27829617883908625,7000354,NC
-0.2883092164765292,7000355,NC
-0.28832224697452624,7000356,NC
-0.27333527033115157,7000357,NC
-0.27834828654448057,7000358,NC
-0.2683612956125896,7000359,NC
-0.28837429753355603,7000360,NC
-0.29338729230545846,7000361,NC
-0.2934002799263764,7000362,NC
-0.28341326039439046,7000363,NC
-0.27342623370758234,7000364,NC
-0.26843919986403464,7000365,NC
-0.2834521588618312,7000366,NC
-0.29346511069905695,7000367,NC
-0.2984780553737977,7000368,NC
-0.2834909928841403,7000369,NC
-0.27350392322817296,7000370,NC
-0.27351684640398466,7000371,NC
-0.2685297624096655,7000372,NC
-0.24854267124330667,7000373,NC
-0.2235555729030005,7000374,NC
-0.1935684673868402,7000375,NC
-0.18858135469292026,7000376,NC
-0.19859423481933597,7000377,NC
-0.21860710776418396,7000378,NC
-0.23861997352556163,7000379,NC
-0.23363283210156777,7000380,NC
-0.2136456834903019,7000381,NC
-0.2186585276898649,7000382,NC
-0.21867136469835846,7000383,NC
-0.22368419451388546,7000384,NC
-0.2336970171345499,7000385,NC
-0.2587098325584567,7000386,NC
-0.25372264078371193,7000387,NC
-0.26373544180842273,7000388,NC
-0.2687482356306973,7000389,NC
-0.2737610222486448,7000390,NC
-0.2887738016603756,7000391,NC
-0.26878657386400107,7000392,NC
-0.2637993388576337,7000393,NC
-0.2638120966393869,7000394,NC
-0.2638248472073753,7000395,NC
-0.2838375905597146,7000396,NC
-0.3138503266945214,7000397,NC
-0.3038630556099135,7000398,NC
-0.3088757773040097,7000399,NC
-0.29888849177493004,7000400,NC
-0.31390119902079544,7000401,NC
-0.33891389903972785,7000402,NC
-0.3539265918298504,7000403,NC
-0.3389392773892874,7000404,NC
-0.313951955716164,7000405,NC
-0.2839646268086065,7000406,NC
-0.2839772906647423,7000407,NC
-0.2989899472826999,7000408,NC
-0.3340025966606087,7000409,NC
-0.3440152387965995,7000410,NC
-0.33902787368880377,7000411,NC
-0.33404050133535435,7000412,NC
-0.33405312173438495,7000413,NC
-0.3440657348840306,7000414,NC
-0.3340783407824271,7000415,NC
-0.33409093942771156,7000416,NC
-0.32410353081802207,7000417,NC
-0.3341161149514977,7000418,NC
-0.3241286918262788,7000419,NC
-0.33414126144050654,7000420,NC
-0.32915382379232344,7000421,NC
-0.3141663788798729,7000422,NC
-0.3141789267012995,7000423,NC
-0.3091914672547487,7000424,NC
-0.3292040005383674,7000425,NC
-0.3642165265503031,7000426,NC
-0.3592290452887048,7000427,NC
-0.3192415567517224,7000428,NC
-0.2892540609375067,7000429,NC
-0.26426655784421,7000430,NC
-0.2842790474699852,7000431,NC
-0.29429152981298673,7000432,NC
-0.31430400487136967,7000433,NC
-0.3043164726432904,7000434,NC
-0.2743289331269065,7000435,NC
-0.25934138632037634,7000436,NC
-0.24935383222185956,7000437,NC
-0.22436627082951682,7000438,NC
-0.20937870214150983,7000439,NC
-0.1643911261560015,7000440,NC
-0.08440354287115559,7000441,NC
-0.029415952285137176,7000442,NC
0.020571645603887675,7000443,NC
0.06555925079775188,7000444,NC
0.09054686329828718,7000445,NC
0.09053448310732432,7000446,NC
0.07052211022669286,7000447,NC
0.015509744658221393,7000448,NC
-0.07450261359626259,7000449,NC
-0.1745149645349328,7000450,NC
-0.21952730815596383,7000451,NC
-0.21953964445753152,7000452,NC
-0.15455197343781268,7000453,NC
-0.03956429509498537,7000454,NC
0.09042339057277152,7000455,NC
0.21041108356727778,7000456,NC
0.31039878389035225,7000457,NC
0.39538649154381267,7000458,NC
0.4453742065294757,7000459,NC
0.4653619288491569,7000460,NC
0.4253496585046706,7000461,L
0.3403373954978305,7000462,NC
0.2403251398304485,7000463,NC
0.17031289150433618,7000464,NC
0.10030065052130345,7000465,NC
0.03528841688315949,7000466,NC
-0.014723809408287818,7000467,NC
-0.05473602835123153,7000468,NC
-0.11474823994386592,7000469,NC
-0.1947604441843862,7000470,NC
-0.30477264107098884,7000471,NC
-0.44478483060187124,7000472,NC
-0.5247970127752319,7000473,NC
-0.5448091875892707,7000474,NC
-0.519821355042188,7000475,NC
-0.47483351513218586,7000476,NC
-0.4248456678574672,7000477,NC
-0.3848578132162359,7000478,NC
-0.36486995120669713,7000479,NC
-0.364882081827057,7000480,NC
-0.37489420507552285,7000481,NC
-0.35990632095030284,7000482,NC
-0.3449184294496066,7000483,NC
-0.33993053057164463,7000484,NC
-0.3349426243146285,7000485,NC
-0.3349547106767709,7000486,NC
-0.3499667896562857,7000487,NC
-0.3549788612513877,7000488,NC
-0.334990925460293,7000489,NC
-0.3250029822812186,7000490,NC
-0.3400150317123827,7000491,NC
-0.3450270737520045,7000492,NC
-0.3550391083983043,7000493,NC
-0.3500511356495037,7000494,NC
-0.3300631555038252,7000495,NC
-0.3250751679594924,7000496,NC
-0.32508717301472995,7000497,NC
-0.3400991706677637,7000498,NC
-0.3551111609168206,7000499,NC
-0.34512314376012865,7000500,NC
-0.335135119195917,7000501,NC
-0.3351470872224157,7000502,NC
-0.3451590478378562,7000503,NC
-0.34517100104047077,7000504,NC
-0.34518294682849293,7000505,NC
-0.3401948852001572,7000506,NC
-0.30520681615369943,7000507,NC
-0.3002187396873562,7000508,NC
-0.3102306557993654,7000509,NC
-0.315242564487966,7000510,NC
-0.3252544657513981,7000511,NC
-0.3052663595879029,7000512,NC
-0.2902782459957225,7000513,NC
-0.28029012497310035,7000514,NC
-0.2903019965182809,7000515,NC
-0.3103138606295097,7000516,NC
-0.3103257173050334,7000517,NC
-0.3003375665430997,7000518,NC
-0.29034940834195744,7000519,NC
-0.25536124269985655,7000520,NC
-0.2653730696150482,7000521,NC
-0.2653848890857844,7000522,NC
-0.26039670111031843,7000523,NC
-0.26040850568690466,7000524,NC
-0.24542030281379856,7000525,NC
-0.23543209248925656,7000526,NC
-0.2254438747115364,7000527,NC
-0.2254556494788968,7000528,NC
-0.22546741678959759,7000529,NC
-0.2204791766418998,7000530,NC
-0.1854909290340654,7000531,NC
-0.16550267396435756,7000532,NC
-0.1705144114310405,7000533,NC
-0.18052614143237974,7000534,NC
-0.18053786396664162,7000535,NC
-0.16054957903209366,7000536,NC
-0.13556128662700467,7000537,NC
-0.12557298674964432,7000538,NC
-0.13058467939828355,7000539,NC
-0.1155963645711943,7000540,NC
-0.1006080422666497,7000541,NC
-0.0656197124829239,7000542,NC
-0.040631375218292264,7000543,NC
-0.01564303047103114,7000544,NC
-0.01565467823941806,7000545,NC
-0.025666318521731672,7000546,NC
-0.03067795131625165,7000547,NC
-0.01068957662125887,7000548,NC
0.004298805564964772,7000549,NC
0.014287195244136193,7000550,NC
-0.02572440758202872,7000551,NC
-0.045736002911815274,7000552,NC
-0.06574759074350979,7000553,NC
-0.0707591710753998,7000554,NC
-0.08077074390577382,7000555,NC
-0.08078230923292158,7000556,NC
-0.12079386705513391,7000557,NC
-0.16580541737070265,7000558,NC
-0.19581696017792086,7000559,NC
-0.2158284954750827,7000560,NC
-0.22584002326048336,7000561,NC
-0.23085154353241918,7000562,NC
-0.24086305628918767,7000563,NC
-0.2608745615290874,7000564,NC
-0.27588605925041804,7000565,NC
-0.29589754945148034,7000566,NC
-0.30090903213057624,7000567,NC
-0.3009205072860088,7000568,NC
-0.30093197491608203,7000569,NC
-0.3159434350191013,7000570,NC
-0.3159548875933729,7000571,NC
-0.3109663326372043,7000572,NC
-0.3109777701489041,7000573,NC
-0.30598920012678194,7000574,NC
-0.33100062256914864,7000575,NC
-0.35601203747431615,7000576,NC
-0.3460234448405975,7000577,NC
-0.32603484466630683,7000578,NC
-0.31604623694975936,7000579,NC
-0.3310576216892715,7000580,NC
-0.3560689988831607,7000581,NC
-0.3860803685297457,7000582,NC
-0.406091730627346,7000583,NC
-0.37110308517428264,7000584,NC
-0.33611443216887743,7000585,NC
-0.33612577160945356,7000586,NC
-0.3261371034943352,7000587,NC
-0.3511484278218475,7000588,NC
-0.3611597445903171,7000589,NC
-0.34117105379807133,7000590,NC
-0.3161823554434389,7000591,NC
-0.3111936495247497,7000592,NC
-0.3012049360403345,7000593,NC
-0.30621621498852536,7000594,NC
-0.31122748636765535,7000595,NC
-0.3012387501760587,7000596,NC
-0.2762500064120709,7000597,NC
-0.2762612550740283,7000598,NC
-0.28627249616026856,7000599,NC
-0.2912837296691304,7000600,NC
-0.2962949555989537,7000601,NC
-0.2863061739480793,7000602,NC
-0.30131738471484937,7000603,NC
-0.3063285878976071,7000604,NC
-0.34133978349469674,7000605,NC
-0.3813509715044639,7000606,NC
-0.40636215192525493,7000607,NC
-0.4163733247554177,7000608,NC
-0.38638448999330094,7000609,NC
-0.3663956476372545,7000610,NC
-0.3514067976856296,7000611,NC
-0.3564179401367783,7000612,NC
-0.35142907498905396,7000613,NC
-0.3564402022408109,7000614,NC
-0.3314513218904048,7000615,NC
-0.3414624339361922,7000616,NC
-0.321473538376531,7000617,NC
-0.33648463520977995,7000618,NC
-0.3364957244342993,7000619,NC
-0.33650680604845007,7000620,NC
-0.31151788005059466,7000621,NC
-0.2915289464390963,7000622,NC
-0.3065400052123198,7000623,NC
-0.3315510563686306,7000624,NC
-0.3365620999063954,7000625,NC
-0.3365731358239824,7000626,NC
-0.32658416411976054,7000627,NC
-0.3065951847920999,7000628,NC
-0.3066061978393719,7000629,NC
-0.32161720325994886,7000630,NC
-0.32662820105220436,7000631,NC
-0.331639191214513,7000632,NC
-0.3316501737452508,7000633,NC
-0.33166114864279445,7000634,NC
-0.33667211590552215,7000635,NC
-0.341683075531813,7000636,NC
-0.3466940275200474,7000637,NC
-0.3367049718686068,7000638,NC
-0.31671590857587373,7000639,NC
-0.2967268376402319,7000640,NC
-0.2817377590600661,7000641,NC
-0.2917486728337623,7000642,NC
-0.2917595789597077,7000643,NC
-0.28177047743629047,7000644,NC
-0.26678136826189985,7000645,NC
-0.2517922514349265,7000646,NC
-0.25680312695376184,7000647,NC
-0.25181399481679884,7000648,NC
-0.2468248550224312,7000649,NC
-0.226835707569054,7000650,NC
-0.2118465524550634,7000651,NC
-0.21185738967885662,7000652,NC
-0.2268682192388321,7000653,NC
-0.2518790411333894,7000654,NC
-0.27688985536092914,7000655,NC
-0.27690066191985313,7000656,NC
-0.2569114608085643,7000657,NC
-0.2469222520254668,7000658,NC
-0.25693303556896574,7000659,NC
-0.27194381143746754,7000660,NC
-0.2969545796293796,7000661,NC
-0.2919653401431106,7000662,NC
-0.28697609297707016,7000663,NC
-0.2919868381296693,7000664,NC
-0.29699757559931994,7000665,NC
-0.31200830538443525,7000666,NC
-0.3070190274834296,7000667,NC
-0.2970297418947182,7000668,NC
-0.29204044861671785,7000669,NC
-0.29205114764784607,7000670,NC
-0.28706183898652177,7000671,NC
-0.3070725226311649,7000672,NC
-0.30708319858019656,7000673,NC
-0.33209386683203895,7000674,NC
-0.3421045273851155,7000675,NC
-0.34711518023785065,7000676,NC
-0.3471258253886702,7000677,NC
-0.3471364628360008,7000678,NC
-0.3521470925782705,7000679,NC
-0.3321577146139082,7000680,NC
-0.30216832894134427,7000681,NC
-0.30217893555901,7000682,NC
-0.3021895344653378,7000683,NC
-0.3422001256587614,7000684,NC
-0.35221070913771557,7000685,NC
-0.3422212849006361,7000686,NC
-0.31723185294596024,7000687,NC
-0.3072424132721259,7000688,NC
-0.30725296587757267,7000689,NC
-0.31726351076074083,7000690,NC
-0.3172740479200721,7000691,NC
-0.30228457735400915,7000692,NC
-0.302295099060996,7000693,NC
-0.3023056130394775,7000694,NC
-0.31231611928790004,7000695,NC
-0.32732661780471073,7000696,NC
-0.33733710858835814,7000697,NC
-0.3173475916372919,7000698,NC
-0.3223580669499628,7000699,NC
-0.3273685345248225,7000700,NC
-0.32737899436032425,7000701,NC
-0.3573894464549222,7000702,NC
-0.3723998908070716,7000703,NC
-0.36241032741522894,7000704,NC
-0.3574207562778519,7000705,NC
-0.3424311773933991,7000706,NC
-0.33744159076033065,7000707,NC
-0.3374519963771074,7000708,NC
-0.32246239424219164,7000709,NC
-0.32247278435404664,7000710,NC
-0.3224831667111369,7000711,NC
-0.3124935413119281,7000712,NC
-0.297503908154887,7000713,NC
-0.28251426723848144,7000714,NC
-0.2375246185611806,7000715,NC
-0.19253496212145463,7000716,NC
-0.1525452979177749,7000717,NC
-0.10255562594861395,7000718,NC
-0.052565946212445404,7000719,NC
-0.007576258707744109,7000720,NC
0.05241343656701404,7000721,NC
0.08740313961335192,7000722,NC
0.12739285043279122,7000723,NC
0.13738256902685264,7000724,NC
0.1173722953970556,7000725,NC
0.037362029544918324,7000726,NC
-0.052648228528041935,7000727,NC
-0.11265847882030919,7000728,NC
-0.15266872133036863,7000729,NC
-0.1276789560567065,7000730,NC
-0.06768918299781031,7000731,NC
0.0023005978478314176,7000732,NC
0.08729038648172888,7000733,NC
0.1722801829053912,7000734,NC
0.25726998712032634,7000735,NC
0.34725979912804106,7000736,NC
0.42224961893004104,7000737,NC
0.4772394465278308,7000738,NC
0.4972292819229136,7000739,NC
0.46221912511679164,7000740,L
0.38220897611096605,7000741,NC
0.2771988349069367,7000742,NC
0.17718870150620222,7000743,NC
0.06717857591026025,7000744,NC
-0.012831541879392762,7000745,NC
-0.06284165186126157,7000746,NC
-0.10785175403385207,7000747,NC
-0.14786184839567124,7000748,NC
-0.23787193494522735,7000749,NC
-0.3028820136810296,7000750,NC
-0.4028920846015887,7000751,NC
-0.4579021477054162,7000752,NC
-0.4879122029910249,7000753,NC
-0.5079222504569287,7000754,NC
-0.5029322901016429,7000755,NC
-0.5079423219236836,7000756,NC
-0.49795234592156834,7000757,NC
-0.46296236209381564,7000758,NC
-0.4229723704389453,7000759,NC
-0.3829823709554782,7000760,NC
-0.3679923636419364,7000761,NC
-0.36800234849684316,7000762,NC
-0.35301232551872275,7000763,NC
-0.3380222947061008,7000764,NC
-0.32303225605750396,7000765,NC
-0.30804220957146006,7000766,NC
-0.32305215524649816,7000767,NC
-0.31306209308114835,7000768,NC
-0.29807202307394204,7000769,NC
-0.29308194522341163,7000770,NC
-0.2580918595280908,7000771,NC
-0.24810176598651437,7000772,NC
-0.26311166459721824,7000773,NC
-0.29812155535873963,7000774,NC
-0.3181314382696167,7000775,NC
-0.313141313328389,7000776,NC
-0.293151180533597,7000777,NC
-0.27816103988378266,7000778,NC
-0.2681708913774887,7000779,NC
-0.2581807350132593,7000780,NC
-0.23319057078963967,7000781,NC
-0.19820039870517625,7000782,NC
-0.18821021875841662,7000783,NC
-0.17822003094790945,7000784,NC
-0.19822983527220464,7000785,NC
-0.2132396317298533,7000786,NC
-0.23824942031940763,7000787,NC
-0.24325920103942095,7000788,NC
-0.22826897388844788,7000789,NC
-0.22327873886504412,7000790,NC
-0.19828849596776643,7000791,NC
-0.20329824519517298,7000792,NC
-0.19330798654582293,7000793,NC
-0.15831772001827657,7000794,NC
-0.1333274456110955,7000795,NC
-0.10833716332284238,7000796,NC
-0.10334687315208105,7000797,NC
-0.13335657509737658,7000798,NC
-0.1483662691572951,7000799,NC
-0.148375955330404,7000800,NC
-0.12338563361527177,7000801,NC
-0.0883953040104681,7000802,NC
-0.06340496651456383,7000803,NC
-0.04841462112613098,7000804,NC
-0.02842426784374274,7000805,NC
-0.0034339066659734296,7000806,NC
0.011556462408601406,7000807,NC
0.0065468393814051146,7000808,NC
0.011537224253859828,7000809,NC
0.02152761702738655,7000810,NC
0.02651801770340509,7000811,NC
0.06650842628333409,7000812,NC
0.08149884276859105,7000813,NC
0.10148926716059226,7000814,NC
0.09147969946075288,7000815,NC
0.09647013967048687,7000816,NC
0.1064605877912071,7000817,NC
0.1364510438243251,7000818,NC
0.17144150777125144,7000819,NC
0.20143197963339535,7000820,NC
0.19642245941216502,7000821,NC
0.17141294710896735,7000822,NC
0.16140344272520812,7000823,NC
0.17639394626229205,7000824,NC
0.19638445772162247,7000825,NC
0.21637497710460174,7000826,NC
0.22136550441263092,7000827,NC
0.23135603964710993,7000828,NC
0.22134658280943761,7000829,NC
0.23633713390101146,7000830,NC
0.24632769292322798,7000831,NC
0.23631825987748237,7000832,NC
0.21130883476516876,7000833,NC
0.17129941758767997,7000834,NC
0.1312900083464078,7000835,NC
0.10628060704274275,7000836,NC
0.07627121367807428,7000837,NC
0.056261828253790544,7000838,NC
0.026252450771278586,7000839,NC
0.006243081231924297,7000840,NC
-0.01376628036288767,7000841,NC
-0.03877563401177376,7000842,NC
-0.04878497971335167,7000843,NC
-0.09379431746624017,7000844,NC
-0.11880364726905937,7000845,NC
-0.14381296912043032,7000846,NC
-0.1388222830189755,7000847,NC
-0.12883158896331837,7000848,NC
-0.11884088695208364,7000849,NC
-0.14385017698389724,7000850,NC
-0.1888594590573862,7000851,NC
-0.2288687331711787,7000852,NC
-0.24887799932390425,7000853,NC
-0.2688872575141934,7000854,NC
-0.2588965077406779,7000855,NC
-0.2289057500019907,7000856,NC
-0.24891498429676595,7000857,NC
-0.2439242106236389,7000858,NC
-0.24393342898124604,7000859,NC
-0.218942639368225,7000860,NC
-0.2089518417832147,7000861,NC
-0.198961036224855,7000862,NC
-0.20397022269178722,7000863,NC
-0.23397940118265365,7000864,NC
-0.24898857169609792,7000865,NC
-0.2689977342307646,7000866,NC
-0.23400688878529977,7000867,NC
-0.22901603535835036,7000868,NC
-0.21902517394856474,7000869,NC
-0.21903430455459227,7000870,NC
-0.24404342717508365,7000871,NC
-0.23905254180869057,7000872,NC
-0.2140616484540661,7000873,NC
-0.18907074710986443,7000874,NC
-0.1640798377747408,7000875,NC
-0.1640889204473518,7000876,NC
-0.1590979951263551,7000877,NC
-0.15410706181040965,7000878,NC
-0.14411612049817543,7000879,NC
-0.15912517118831374,7000880,NC
-0.20413421387948702,7000881,NC
-0.24414324857035885,7000882,NC
-0.24915227525959405,7000883,NC
-0.24416129394585856,7000884,NC
-0.2141703046278196,7000885,NC
-0.19917930730414546,7000886,NC
-0.2091883019735057,7000887,NC
-0.229197288634571,7000888,NC
-0.22420626728601334,7000889,NC
-0.21421523792650565,7000890,NC
-0.1942242005547223,7000891,NC
-0.1992331551693387,7000892,NC
-0.20924210176903152,7000893,NC
-0.22425104035247853,7000894,NC
-0.2192599709183587,7000895,NC
-0.2092688934653523,7000896,NC
-0.20927780799214063,7000897,NC
-0.21928671449740625,7000898,NC
-0.21929561297983294,7000899,NC
-0.23430450343810558,7000900,NC
-0.23431338587091033,7000901,NC
-0.21932226027693444,7000902,NC
-0.21933112665486643,7000903,NC
-0.2093399850033959,7000904,NC
-0.2293488353212138,7000905,NC
-0.2343576776070121,7000906,NC
-0.2443665118594841,7000907,NC
-0.22937533807732416,7000908,NC
-0.2093841562592279,7000909,NC
-0.21439296640389213,7000910,NC
-0.2294017685100148,7000911,NC
-0.24941056257629513,7000912,NC
-0.2594193486014334,7000913,NC
-0.2444281265841312,7000914,NC
-0.23943689652309127,7000915,NC
-0.23944565841701754,7000916,NC
-0.2594544122646151,7000917,NC
-0.2644631580645902,7000918,NC
-0.2544718958156505,7000919,NC
-0.21448062551650443,7000920,NC
-0.18448934716586207,7000921,NC
-0.16949806076243437,7000922,NC
-0.1745067663049336,7000923,NC
-0.16951546379207322,7000924,NC
-0.17952415322256784,7000925,NC
-0.1995328345951333,7000926,NC
-0.18454150790848659,7000927,NC
-0.18455017316134592,7000928,NC
-0.17955883035243067,7000929,NC
-0.16456747948046146,7000930,NC
-0.12957612054416004,7000931,NC
-0.0845847535422494,7000932,NC
-0.05459337847345364,7000933,NC
-0.06460199533649819,7000934,NC
-0.09461060413010955,7000935,NC
-0.14461920485301547,7000936,NC
-0.16962779750394485,7000937,NC
-0.20463638208162788,7000938,NC
-0.22964495858479583,7000939,NC
-0.2546535270121812,7000940,NC
-0.2546620873625177,7000941,NC
-0.2546706396345403,7000942,NC
-0.23967918382698492,7000943,NC
-0.229687719938589,7000944,NC
-0.20469624796809097,7000945,NC
-0.1997047679142305,7000946,NC
-0.21471327977574847,7000947,NC
-0.23972178355138693,7000948,NC
-0.23473027923988912,7000949,NC
-0.21973876683999954,7000950,NC
-0.19974724635046376,7000951,NC
-0.18475571777002875,7000952,NC
-0.2047641810974424,7000953,NC
-0.22477263633145408,7000954,NC
-0.2597810834708141,7000955,NC
-0.2797895225142742,7000956,NC
-0.29479795346058707,7000957,NC
-0.3098063763085069,7000958,NC
-0.3198147910567888,7000959,NC
-0.33482319770418917,7000960,NC
-0.32483159624946567,7000961,NC
-0.3048399866913771,7000962,NC
-0.27984836902868343,7000963,NC
-0.2798567432601459,7000964,NC
-0.28486510938452697,7000965,NC
-0.2948734674005901,7000966,NC
-0.30488181730710023,7000967,NC
-0.29989015910282324,7000968,NC
-0.27489849278652645,7000969,NC
-0.2749068183569781,7000970,NC
-0.2699151358129479,7000971,NC
-0.28492344515320667,7000972,NC
-0.29993174637652625,7000973,NC
-0.29494003948167996,7000974,NC
-0.28494832446744217,7000975,NC
-0.28995660133258844,7000976,NC
-0.3099648700758956,7000977,NC
-0.3449731306961416,7000978,NC
-0.3599813831921057,7000979,NC
-0.31998962756256827,7000980,NC
-0.28999786380631076,7000981,NC
-0.2700060919221162,7000982,NC
-0.27501431190876846,7000983,NC
-0.2900225237650527,7000984,NC
-0.3050307274897554,7000985,NC
-0.31003892308166414,7000986,NC
-0.30004711053956773,7000987,NC
-0.3000552898622561,7000988,NC
-0.29006346104852054,7000989,NC
-0.2950716240971535,7000990,NC
-0.2900797790069484,7000991,NC
-0.2750879257767003,7000992,NC
-0.2550960644052051,7000993,NC
-0.24510419489125995,7000994,NC
-0.23511231723366338,7000995,NC
-0.215120431431215,7000996,NC
-0.19012853748271563,7000997,NC
-0.16513663538696727,7000998,NC
-0.12514472514277325,7000999,NC
-0.0901528067489379,7001000,NC
-0.06516088020426695,7001001,NC
-0.07016894550756722,7001002,NC
-0.0801770026576468,7001003,NC
-0.12018505165331492,7001004,NC
-0.16019309249338204,7001005,NC
-0.23020112517665986,7001006,NC
-0.33520914970196125,7001007,NC
-0.4302171660681003,7001008,NC
-0.5302251742738923,7001009,NC
-0.5952331743181537,7001010,NC
-0.5652411661997022,7001011,NC
-0.5002491499173568,7001012,NC
-0.4202571254699376,7001013,NC
-0.3402650928562658,7001014,NC
-0.21527305207516415,7001015,NC
-0.09028100312545616,7001016,NC
0.029711053994033128,7001017,NC
0.10970311928447758,7001018,NC
0.1596951927470498,7001019,NC
0.1596872743829213,7001020,NC
0.10967936419326223,7001021,L
0.024671462179241647,7001022,NC
-0.04533643165797266,7001023,NC
-0.12034431731721407,7001024,NC
-0.20035219479731717,7001025,NC
-0.27536006409711783,7001026,NC
-0.31536792521545304,7001027,NC
-0.33037577815116104,7001028,NC
-0.35538362290308123,7001029,NC
-0.38039145947005437,7001030,NC
-0.4203992878509222,7001031,NC
-0.47040710804452784,7001032,NC
-0.5204149200497157,7001033,NC
-0.545422723865331,7001034,NC
-0.5404305194902206,7001035,NC
-0.5054383069232325,7001036,NC
-0.4604460861632157,7001037,NC
-0.4104538572090205,7001038,NC
-0.36046162005949856,7001039,NC
-0.3154693747135026,7001040,NC
-0.27047712116988654,7001041,NC
-0.2454848594275056,7001042,NC
-0.23049258948521614,7001043,NC
-0.2405003113418758,7001044,NC
-0.2555080249963434,7001045,NC
-0.2455157304474789,7001046,NC
-0.2355234276941436,7001047,NC
-0.21553111673519995,7001048,NC
-0.2055387975695116,7001049,NC
-0.1955464701959434,7001050,NC
-0.19555413461336152,7001051,NC
-0.17056179082063314,7001052,NC
-0.16056943881662686,7001053,NC
-0.1505770786002124,7001054,NC
-0.16558471017026072,7001055,NC
-0.19559233352564395,7001056,NC
-0.23059994866523545,7001057,NC
-0.24060755558790983,7001058,NC
-0.2356151542925429,7001059,NC
-0.21062274477801166,7001060,NC
-0.20563032704319434,7001061,NC
-0.20063790108697035,7001062,NC
-0.18564546690822042,7001063,NC
-0.17065302450582637,7001064,NC
-0.1456605738786713,7001065,NC
-0.13066811502563955,7001066,NC
-0.1306756479456166,7001067,NC
-0.1356831726374892,7001068,NC
-0.12569068910014528,7001069,NC
-0.10569819733247404,7001070,NC
-0.06070569733336585,7001071,NC
-0.035713189101712325,7001072,NC
-0.02572067263640629,7001073,NC
-0.04572814793634175,7001074,NC
-0.055735615000413984,7001075,NC
-0.06074307382751944,7001076,NC
-0.05075052441655584,7001077,NC
-0.020757966766422026,7001078,NC
-0.015765400876018167,7001079,NC
-0.0007728267442456138,7001080,NC
0.01921975562999311,7001081,NC
0.0542123462477942,7001082,NC
0.11420494511025273,7001083,NC
0.14419755221846237,7001084,NC
0.14419016757351577,7001085,NC
0.11918279117650427,7001086,NC
0.099175423028518,7001087,NC
0.08416806313064587,7001088,NC
0.11416071148397557,7001089,NC
0.13915336808959355,7001090,NC
0.16414603294858512,7001091,NC
0.15913870606203426,7001092,NC
0.14413138743102383,7001093,NC
0.13412407705663537,7001094,NC
0.1541167749399493,7001095,NC
0.1641094810820448,7001096,NC
0.16410219548399974,7001097,NC
0.1640949181468908,7001098,NC
0.17908764907179356,7001099,NC
0.22908038825978225,7001100,NC
0.25907313571192997,7001101,NC
0.2690658914293085,7001102,NC
0.2790586554129884,7001103,NC
0.2740514276640391,7001104,NC
0.2790442081835288,7001105,NC
0.2940369969725244,7001106,NC
0.31402979403209164,7001107,NC
0.31402259936329496,7001108,NC
0.28901541296719774,7001109,NC
0.25900823484486196,7001110,NC
0.2340010649973484,7001111,NC
0.2339939034257168,7001112,NC
0.23398675013102543,7001113,NC
0.2289796051143315,7001114,NC
0.19897246837669097,7001115,NC
0.15396533991915848,7001116,NC
0.12395821974278756,7001117,NC
0.08895110784863047,7001118,NC
0.06894400423773828,7001119,NC
0.06893690891116075,7001120,NC
0.033929821869946516,7001121,NC
-0.01107725688485707,7001122,NC
-0.031084327352203844,7001123,NC
-0.031091389531048924,7001124,NC
-0.04609844342034857,7001125,NC
-0.06110548901906036,7001126,NC
-0.09611252632614302,7001127,NC
-0.12111955534055655,7001128,NC
-0.12112657606126212,7001129,NC
-0.12113358848722221,7001130,NC
-0.11614059261740045,7001131,NC
-0.13114758845076174,7001132,NC
-0.17115457598627218,7001133,NC
-0.20116155522289908,7001134,NC
-0.21116852615961107,7001135,NC
-0.18617548879537793,7001136,NC
-0.16118244312917057,7001137,NC
-0.1361893891599614,7001138,NC
-0.14619632688672374,7001139,NC
-0.1662032563084324,7001140,NC
-0.19121017742406327,7001141,NC
-0.19621709023259346,7001142,NC
-0.18622399473300139,7001143,NC
-0.18623089092426667,7001144,NC
-0.19123777880537013,7001145,NC
-0.20124465837529382,7001146,NC
-0.21125152963302105,7001147,NC
-0.20125839257753633,7001148,NC
-0.19626524720782546,7001149,NC
-0.19127209352287533,7001150,NC
-0.19127893152167424,7001151,NC
-0.19128576120321156,7001152,NC
-0.19129258256647796,7001153,NC
-0.1962993956104654,7001154,NC
-0.1713062003341669,7001155,NC
-0.1763129967365769,7001156,NC
-0.18631978481669095,7001157,NC
-0.20132656457350587,7001158,NC
-0.1963333360060197,7001159,NC
-0.18634009911323174,7001160,NC
-0.16634685389414244,7001161,NC
-0.1763536003477536,7001162,NC
-0.19136033847306816,7001163,NC
-0.2013670682690903,7001164,NC
-0.20637378973482542,7001165,NC
-0.18638050286928023,7001166,NC
-0.17138720767146265,7001167,NC
-0.1513939041403817,7001168,NC
-0.16640059227504783,7001169,NC
-0.17640727207447257,7001170,NC
-0.17641394353766876,7001171,NC
-0.17142060666365044,7001172,NC
-0.15642726145143288,7001173,NC
-0.15643390790003264,7001174,NC
-0.18144054600846737,7001175,NC
-0.19644717577575616,7001176,NC
-0.2064537972009191,7001177,NC
-0.20146041028297776,7001178,NC
-0.19646701502095476,7001179,NC
-0.18647361141387397,7001180,NC
-0.19648019946076056,7001181,NC
-0.21648677916064096,7001182,NC
-0.2264933505125427,7001183,NC
-0.22149991351549464,7001184,NC
-0.22650646816852693,7001185,NC
-0.24151301447067078,7001186,NC
-0.2515195524209588,7001187,NC
-0.26652608201842476,7001188,NC
-0.27153260326210366,7001189,NC
-0.25153911615103175,7001190,NC
-0.2115456206842465,7001191,NC
-0.20155211686078667,7001192,NC
-0.20155860467969217,7001193,NC
-0.21656508414000425,7001194,NC
-0.21157155524076526,7001195,NC
-0.2065780179810189,7001196,NC
-0.20658447235981003,7001197,NC
-0.18659091837618486,7001198,NC
-0.19659735602919068,7001199,NC
-0.20160378531787607,7001200,NC
-0.196610206241291,7001201,NC
-0.18161661879848637,7001202,NC
-0.16162302298851464,7001203,NC
-0.14662941881042926,7001204,NC
-0.14663580626328507,7001205,NC
-0.15664218534613808,7001206,NC
-0.1616485560580455,7001207,NC
-0.13665491839806593,7001208,NC
-0.121661272365259,7001209,NC
-0.10166761795868573,7001210,NC
-0.10667395517740833,7001211,NC
-0.11668028402049019,7001212,NC
-0.12668660448699606,7001213,NC
-0.13669291657599184,7001214,NC
-0.12669922028654468,7001215,NC
-0.15170551561772297,7001216,NC
-0.17671180256859637,7001217,NC
-0.21171808113823573,7001218,NC
-0.2167243513257132,7001219,NC
-0.20673061313010208,7001220,NC
-0.196736866550477,7001221,NC
-0.20174311158591374,7001222,NC
-0.21174934823548947,7001223,NC
-0.22175557649828237,7001224,NC
-0.2167617963733721,7001225,NC
-0.22676800785983936,7001226,NC
-0.22677421095676623,7001227,NC
-0.24178040566323594,7001228,NC
-0.26678659197833304,7001229,NC
-0.2817927699011432,7001230,NC
-0.2667989394307535,7001231,NC
-0.26180510056625217,7001232,NC
-0.2518112533067286,7001233,NC
-0.2468173976512735,7001234,NC
-0.24182353359897887,7001235,NC
-0.2418296611489379,7001236,NC
-0.231835780300245,7001237,NC
-0.22684189105199584,7001238,NC
-0.23184799340328732,7001239,NC
-0.24685408735321765,7001240,NC
-0.2918601729008862,7001241,NC
-0.3168662500453936,7001242,NC
-0.2968723187858417,7001243,NC
-0.2818783791213337,7001244,NC
-0.2618844310509738,7001245,NC
-0.2618904745738678,7001246,NC
-0.27689650968912255,7001247,NC
-0.301902536395846,7001248,NC
-0.3019085546931476,7001249,NC
-0.2969145645801378,7001250,NC
-0.27192056605592857,7001251,NC
-0.25692655911963286,7001252,NC
-0.25693254377036506,7001253,NC
-0.2719385200072406,7001254,NC
-0.2869444878293764,7001255,NC
-0.2969504472358905,7001256,NC
-0.2719563982259021,7001257,NC
-0.27196234079853177,7001258,NC
-0.31196827495290125,7001259,NC
-0.3569742006881335,7001260,NC
-0.38198011800335296,7001261,NC
-0.35698602689768494,7001262,NC
-0.3319919273702563,7001263,NC
-0.30199781942019494,7001264,NC
-0.2920037030466302,7001265,NC
-0.29200957824869245,7001266,NC
-0.28201544502551357,7001267,NC
-0.28202130337622633,7001268,NC
-0.26702715329996507,7001269,NC
-0.26703299479586523,7001270,NC
-0.24703882786306353,7001271,NC
-0.2470446525006979,7001272,NC
-0.22205046870790754,7001273,NC
-0.17705627648383288,7001274,NC
-0.10706207582761565,7001275,NC
-0.05706786673839876,7001276,NC
-0.03707364921532638,7001277,NC
-0.04707942325754396,7001278,NC
-0.08208518886419816,7001279,NC
-0.12709094603443694,7001280,NC
-0.1670966947674094,7001281,NC
-0.242102435062266,7001282,NC
-0.3471081669181584,7001283,NC
-0.4671138903342395,7001284,NC
-0.5371196053096635,7001285,NC
-0.5471253118435857,7001286,NC
-0.47713100993516283,7001287,NC
-0.37213669958355283,7001288,NC
-0.26714238078791475,7001289,NC
-0.16214805354740908,7001290,NC
-0.07715371786119736,7001291,NC
0.022840626271557453,7001292,NC
0.12283497885169123,7001293,NC
0.18782933988003858,7001294,NC
0.19282370935743287,7001295,NC
0.11781808728470622,7001296,L
0.01781247366268951,7001297,NC
-0.08219313150778768,7001298,NC
-0.15719872822589698,7001299,NC
-0.1872043164908112,7001300,NC
-0.24720989630170456,7001301,NC
-0.2972154676577524,7001302,NC
-0.34722103055813136,7001303,NC
-0.38722658500201934,7001304,NC
-0.42223213098859536,7001305,NC
-0.4672376685170399,7001306,NC
-0.5372431975865346,7001307,NC
-0.5872487181962623,7001308,NC
-0.5822542303454072,7001309,NC
-0.5222597340331545,7001310,NC
-0.457265229258691,7001311,NC
-0.39227071602120456,7001312,NC
-0.36227619431988417,7001313,NC
-0.3672816641539204,7001314,NC
-0.3822871255225048,7001315,NC
-0.3672925784248302,7001316,NC
-0.3472980228600908,7001317,NC
-0.3323034588274821,7001318,NC
-0.3273088863262005,7001319,NC
-0.332314305355444,7001320,NC
-0.3223197159144118,7001321,NC
-0.3023251180023041,7001322,NC
-0.2823305116183228,7001323,NC
-0.2723358967616707,7001324,NC
-0.27234127343155184,7001325,NC
-0.28234664162717177,7001326,NC
-0.27235200134773707,7001327,NC
-0.26735735259245563,7001328,NC
-0.2623626953605367,7001329,NC
-0.2573680296511906,7001330,NC
-0.27237335546362895,7001331,NC
-0.2923786727970648,7001332,NC
-0.28738398165071233,7001333,NC
-0.2423892820237868,7001334,NC
-0.22739457391550502,7001335,NC
-0.20739985732508484,7001336,NC
-0.21740513225174551,7001337,NC
-0.23241039869470745,7001338,NC
-0.26241565665319233,7001339,NC
-0.25742090612642315,7001340,NC
-0.25242614711362404,7001341,NC
-0.23743137961402044,7001342,NC
-0.23743660362683916,7001343,NC
-0.24244181915130808,7001344,NC
-0.22744702618665646,7001345,NC
-0.20745222473211472,7001346,NC
-0.17245741478691462,7001347,NC
-0.16746259635028912,7001348,NC
-0.1424677694214725,7001349,NC
-0.13247293399970017,7001350,NC
-0.12247809008420897,7001351,NC
-0.10248323767423684,7001352,NC
-0.09748837676902306,7001353,NC
-0.10249350736780813,7001354,NC
-0.11249862946983381,7001355,NC
-0.13250374307434315,7001356,NC
-0.12250884818058042,7001357,NC
-0.09251394478779111,7001358,NC
-0.06251903289522208,7001359,NC
-0.042524112502121326,7001360,NC
-0.02252918360773818,7001361,NC
-0.05253424621132319,7001362,NC
-0.06253930031212818,7001363,NC
-0.05754434590940621,7001364,NC
-0.012549383002411617,7001365,NC
0.02744558840960002,7001366,NC
0.03244056832737185,7001367,NC
0.01743555675164577,7001368,NC
0.012430553683162447,7001369,NC
0.02742555912266123,7001370,NC
0.057420573070880276,7001371,NC
0.06741559552855642,7001372,NC
0.07741062649642534,7001373,NC
0.07240566597522133,7001374,NC
0.0624007139656775,7001375,NC
0.08239577046852573,7001376,NC
0.11239083548449655,7001377,NC
0.12238590901431928,7001378,NC
0.12738099105872203,7001379,NC
0.11237608161843163,7001380,NC
0.11737118069417352,7001381,NC
0.1623662882866721,7001382,NC
0.16236140439665034,7001383,NC
0.16735652902483003,7001384,NC
0.11735166217193166,7001385,NC
0.05734680383867455,7001386,NC
0.007341954025776622,7001387,NC
-0.01266288726604535,7001388,NC
-0.007667720036075881,7001389,NC
-0.012672544283600769,7001390,NC
-0.022677360007907064,7001391,NC
-0.05268216720828306,7001392,NC
-0.0676869658840183,7001393,NC
-0.07769175603440363,7001394,NC
-0.08269653765873114,7001395,NC
-0.11270131075629411,7001396,NC
-0.1627060753263872,7001397,NC
-0.23271083136830625,7001398,NC
-0.2677155788813484,7001399,NC
-0.297720317864812,7001400,NC
-0.29772504831799673,7001401,NC
-0.2727297702402035,7001402,NC
-0.2927344836307344,7001403,NC
-0.2927391884888929,7001404,NC
-0.29774388481398373,7001405,NC
-0.2927485726053128,7001406,NC
-0.29275325186218726,7001407,NC
-0.30275792258391565,7001408,NC
-0.3427625847698077,7001409,NC
-0.38276723841917437,7001410,NC
-0.41277188353132793,7001411,NC
-0.4177765201055819,7001412,NC
-0.40278114814125104,7001413,NC
-0.3877857676376515,7001414,NC
-0.38279037859410037,7001415,NC
-0.3777949810099164,7001416,NC
-0.3877995748844193,7001417,NC
-0.37280416021693014,7001418,NC
-0.3628087370067714,7001419,NC
-0.3628133052532666,7001420,NC
-0.37281786495574065,7001421,NC
-0.3978224161135197,7001422,NC
-0.3928269587259311,7001423,NC
-0.37283149279230354,7001424,NC
-0.35783601831196693,7001425,NC
-0.3578405352842525,7001426,NC
-0.3578450437084927,7001427,NC
-0.36784954358402117,7001428,NC
-0.367854034910173,7001429,NC
-0.36785851768628436,7001430,NC
-0.35786299191169274,7001431,NC
-0.37286745758573697,7001432,NC
-0.38787191470775706,7001433,NC
-0.4128763632770943,7001434,NC
-0.4278808032930913,7001435,NC
-0.41288523475509176,7001436,NC
-0.4178896576624409,7001437,NC
-0.402894072014485,7001438,NC
-0.40789847781057176,7001439,NC
-0.43290287505005004,7001440,NC
-0.4479072637322699,7001441,NC
-0.4229116438565828,7001442,NC
-0.40291601542234146,7001443,NC
-0.3829203784288998,7001444,NC
-0.37292473287561295,7001445,NC
-0.39792907876183753,7001446,NC
-0.42793341608693114,7001447,NC
-0.4329377448502528,7001448,NC
-0.42294206505116294,7001449,NC
-0.4229463766890229,7001450,NC
-0.42795067976319556,7001451,NC
-0.4329549742730449,7001452,NC
-0.4379592602179364,7001453,NC
-0.4279635375972366,7001454,NC
-0.4179678064103133,7001455,NC
-0.41297206665653563,7001456,NC
-0.43797631833527406,7001457,NC
-0.4429805614459002,7001458,NC
-0.45798479598778696,7001459,NC
-0.4429890219603086,7001460,NC
-0.4479932393628405,7001461,NC
-0.43299744819475944,7001462,NC
-0.43800164845544337,7001463,NC
-0.43300584014427157,7001464,NC
-0.4330100232606246,7001465,NC
-0.4180141978038842,7001466,NC
-0.41801836377343343,7001467,NC
-0.4130225211686567,7001468,NC
-0.43802666998893947,7001469,NC
-0.46803081023366866,7001470,NC
-0.47803494190223245,7001471,NC
-0.48803906499402017,7001472,NC
-0.46304317950842255,7001473,NC
-0.44804728544483147,7001474,NC
-0.47305138280264003,7001475,NC
-0.4980554715812429,7001476,NC
-0.4880595517800357,7001477,NC
-0.4780636233984154,7001478,NC
-0.4430676864357804,7001479,NC
-0.42307174089153005,7001480,NC
-0.41307578676506534,7001481,NC
-0.43307982405578827,7001482,NC
-0.4280838527631021,7001483,NC
-0.4230878728864116,7001484,NC
-0.39809188442512256,7001485,NC
-0.3830958873786421,7001486,NC
-0.3930998817463787,7001487,NC
-0.40310386752774197,7001488,NC
-0.408107844722143,7001489,NC
-0.398111813328994,7001490,NC
-0.38811577334770825,7001491,NC
-0.39811972477770075,7001492,NC
-0.4181236676183874,7001493,NC
-0.43312760186918553,7001494,NC
-0.4581315275295138,7001495,NC
-0.43813544459879195,7001496,NC
-0.4431393530764411,7001497,NC
-0.4281432529618836,7001498,NC
-0.4281471442545432,7001499,NC
-0.4531510269538448,7001500,NC
-0.4681549010592145,7001501,NC
-0.48815876657007984,7001502,NC
-0.4581626234858696,7001503,NC
-0.47316647180601357,7001504,NC
-0.46817031152994326,7001505,NC
-0.4931741426570911,7001506,NC
-0.5231779651868909,7001507,NC
-0.5381817791187777,7001508,NC
-0.523185584452188,7001509,NC
-0.5031893811865593,7001510,NC
-0.5231931693213305,7001511,NC
-0.5481969488559417,7001512,NC
-0.5532007197898345,7001513,NC
-0.5532044821224517,7001514,NC
-0.5382082358532368,7001515,NC
-0.5232119809816357,7001516,NC
-0.5282157175070943,7001517,NC
-0.5482194454290608,7001518,NC
-0.5632231647469841,7001519,NC
-0.5482268754603146,7001520,NC
-0.5482305775685038,7001521,NC
-0.5382342710710047,7001522,NC
-0.5482379559672715,7001523,NC
-0.5682416322567595,7001524,NC
-0.5732452999389254,7001525,NC
-0.5682489590132271,7001526,NC
-0.568252609479124,7001527,NC
-0.5582562513360766,7001528,NC
-0.5632598845835466,7001529,NC
-0.568263509220997,7001530,NC
-0.5782671252478923,7001531,NC
-0.5732707326636979,7001532,NC
-0.5582743314678809,7001533,NC
-0.5532779216599092,7001534,NC
-0.5532815032392524,7001535,NC
-0.5732850762053812,7001536,NC
-0.5882886405577674,7001537,NC
-0.5832921962958845,7001538,NC
-0.5682957434192066,7001539,NC
-0.5482992819272099,7001540,NC
-0.5633028118193713,7001541,NC
-0.5783063330951691,7001542,NC
-0.5783098457540828,7001543,NC
-0.5483133497955935,7001544,NC
-0.5183168452191833,7001545,NC
-0.49332033202433545,7001546,NC
-0.4433238102105348,7001547,NC
-0.4083272797772673,7001548,NC
-0.3433307407240202,7001549,NC
-0.268334193050282,7001550,NC
-0.17333763675554253,7001551,NC
-0.11834107183929277,7001552,NC
-0.10834449830102515,7001553,NC
-0.13334791614023322,7001554,NC
-0.16835132535641192,7001555,NC
-0.2333547259490574,7001556,NC
-0.3183581179176671,7001557,NC
-0.4183615012617397,7001558,NC
-0.4883648759807752,7001559,NC
-0.49836824207427494,7001560,NC
-0.4633715995417414,7001561,NC
-0.3583749483826783,7001562,NC
-0.22837828859659087,7001563,NC
-0.1133816201829854,7001564,NC
-0.013384943141369537,7001565,NC
0.0766117425287478,7001566,NC
0.13160843682785642,7001567,NC
0.17660513975644485,7001568,NC
0.1916018513150004,7001569,L
0.13159857150400903,7001570,NC
0.026595300323955434,7001571,NC
-0.08840796222467695,7001572,NC
-0.19341121614140594,7001573,NC
-0.26841446142575065,7001574,NC
-0.31841769807723147,7001575,NC
-0.3634209260953701,7001576,NC
-0.4134241454796894,7001577,NC
-0.4884273562297138,7001578,NC
-0.5584305583449686,7001579,NC
-0.6134337518249805,7001580,NC
-0.6784369366692777,7001581,NC
-0.7534401128773895,7001582,NC
-0.7684432804488465,7001583,NC
-0.7934464393831806,7001584,NC
-0.7834495896799248,7001585,NC
-0.7384527313386139,7001586,NC
-0.708455864358783,7001587,NC
-0.6784589887399697,7001588,NC
-0.6584621044817118,7001589,NC
-0.6634652115835492,7001590,NC
-0.6584683100450224,7001591,NC
-0.6334713998656737,7001592,NC
-0.6084744810450464,7001593,NC
-0.5934775535826852,7001594,NC
-0.6034806174781359,7001595,NC
-0.6134836727309456,7001596,NC
-0.623486719340663,7001597,NC
-0.6334897573068379,7001598,NC
-0.6184927866290212,7001599,NC
-0.623495807306765,7001600,NC
-0.6384988193396234,7001601,NC
-0.6535018227271508,7001602,NC
-0.6485048174689035,7001603,NC
-0.648507803564439,7001604,NC
-0.608510781013316,7001605,NC
-0.6035137498150943,7001606,NC
-0.5985167099693353,7001607,NC
-0.6085196614756014,7001608,NC
-0.6185226043334565,7001609,NC
-0.6085255385424657,7001610,NC
-0.5785284641021953,7001611,NC
-0.5485313810122129,7001612,NC
-0.5485342892720876,7001613,NC
-0.5535371888813895,7001614,NC
-0.57354007983969,7001615,NC
-0.563542962146562,7001616,NC
-0.5335458358015793,7001617,NC
-0.5185487008043176,7001618,NC
-0.5135515571543532,7001619,NC
-0.5185544048512639,7001620,NC
-0.5135572438946291,7001621,NC
-0.5035600742840292,7001622,NC
-0.4935628960190456,7001623,NC
-0.4535657090992617,7001624,NC
-0.46856851352426143,7001625,NC
-0.46357130929363055,7001626,NC
-0.45357409640695584,7001627,NC
-0.4385768748638253,7001628,NC
-0.41357964466382835,7001629,NC
-0.3985824058065558,7001630,NC
-0.3935851582915994,7001631,NC
-0.3785879021185524,7001632,NC
-0.3685906372870094,7001633,NC
-0.34359336379656613,7001634,NC
-0.3185960816468197,7001635,NC
-0.3035987908373683,7001636,NC
-0.27360149136781164,7001637,NC
-0.28360418323775066,7001638,NC
-0.27360686644678744,7001639,NC
-0.24360954099452553,7001640,NC
-0.21861220688056965,7001641,NC
-0.18861486410452577,7001642,NC
-0.19361751266600125,7001643,NC
-0.1736201525646046,7001644,NC
-0.16862278379994572,7001645,NC
-0.15362540637163577,7001646,NC
-0.12862802027928713,7001647,NC
-0.11363062552251349,7001648,NC
-0.11363322210092988,7001649,NC
-0.11363581001415254,7001650,NC
-0.103638389261799,7001651,NC
-0.07864095984348808,7001652,NC
-0.0636435217588399,7001653,NC
-0.04864607500747584,7001654,NC
-0.04864861958901856,7001655,NC
-0.038651155503092005,7001656,NC
-0.043653682749321396,7001657,NC
-0.04865620132733326,7001658,NC
-0.008658711236755358,7001659,NC
0.006338787522783218,7001660,NC
0.001336294951652127,7001661,NC
-0.003666188949780262,7001662,NC
-0.02366866418114686,7001663,NC
-0.023671130742081874,7001664,NC
-0.02367358863222077,7001665,NC
-0.028676037851200306,7001666,NC
-0.06367847839865852,7001667,NC
-0.10368091027423473,7001668,NC
-0.13368333347756955,7001669,NC
-0.15368574800830484,7001670,NC
-0.15868815386608381,7001671,NC
-0.18869055105055085,7001672,NC
-0.21869293956135172,7001673,NC
-0.23369531939813343,7001674,NC
-0.25369769056054425,7001675,NC
-0.2787000530482338,7001676,NC
-0.2687024068608529,7001677,NC
-0.2637047519980537,7001678,NC
-0.2937070884594896,7001679,NC
-0.31870941624481536,7001680,NC
-0.3337117353536869,7001681,NC
-0.3587140457857615,7001682,NC
-0.34371634754069774,7001683,NC
-0.34371864061815544,7001684,NC
-0.34872092501779567,7001685,NC
-0.36372320073928094,7001686,NC
-0.36872546778227483,7001687,NC
-0.3687277261464423,7001688,NC
-0.3737299758314496,7001689,NC
-0.36873221683696433,7001690,NC
-0.36873444916265524,7001691,NC
-0.37873667280819245,7001692,NC
-0.3987388877732473,7001693,NC
-0.3987410940574924,7001694,NC
-0.37374329166060183,7001695,NC
-0.3837454805822507,7001696,NC
-0.3937476608221156,7001697,NC
-0.4137498323798742,7001698,NC
-0.43375199525520575,7001699,NC
-0.41875414944779044,7001700,NC
-0.40375629495730997,7001701,NC
-0.3887584317834473,7001702,NC
-0.38876055992588665,7001703,NC
-0.3987626793843134,7001704,NC
-0.3937647901584144,7001705,NC
-0.3987668922478777,7001706,NC
-0.37376898565239264,7001707,NC
-0.3687710703716498,7001708,NC
-0.38377314640534116,7001709,NC
-0.3937752137531599,7001710,NC
-0.3937772724148004,7001711,NC
-0.38877932238995855,7001712,NC
-0.35878136367833124,7001713,NC
-0.338783396279617,7001714,NC
-0.3487854201935152,7001715,NC
-0.3687874354197269,7001716,NC
-0.3837894419579543,7001717,NC
-0.38879143980790076,7001718,NC
-0.38379342896927104,7001719,NC
-0.3537954094417711,7001720,NC
-0.36379738122510846,7001721,NC
-0.3787993443189916,7001722,NC
-0.4038012987231303,7001723,NC
-0.39380324443723597,7001724,NC
-0.38380518146102083,7001725,NC
-0.3688071097941987,7001726,NC
-0.3688090294364846,7001727,NC
-0.3938109403875948,7001728,NC
-0.40381284264724693,7001729,NC
-0.40881473621515985,7001730,NC
-0.39381662109105375,7001731,NC
-0.37881849727465,7001732,NC
-0.3838203647656714,7001733,NC
-0.40382222356384184,7001734,NC
-0.41382407366888674,7001735,NC
-0.4238259150805327,7001736,NC
-0.41882774779850745,7001737,NC
-0.4188295718225402,7001738,NC
-0.40383138715236144,7001739,NC
-0.41383319378770284,7001740,NC
-0.4138349917282974,7001741,NC
-0.4088367809738794,7001742,NC
-0.39383856152418445,7001743,NC
-0.3888403333789494,7001744,NC
-0.38884209653791235,7001745,NC
-0.41884385100081273,7001746,NC
-0.41384559676739135,7001747,NC
-0.4088473338373901,7001748,NC
-0.40384906221055233,7001749,NC
-0.39885078188662265,7001750,NC
-0.40885249286534675,7001751,NC
-0.4088541951464719,7001752,NC
-0.43385588872974656,7001753,NC
-0.4138575736149203,7001754,NC
-0.3988592498017443,7001755,NC
-0.3988609172899707,7001756,NC
-0.39886257607935305,7001757,NC
-0.4038642261696463,7001758,NC
-0.40386586756060655,7001759,NC
-0.39386750025199124,7001760,NC
-0.36886912424355905,7001761,NC
-0.37387073953507005,7001762,NC
-0.3738723461262854,7001763,NC
-0.3888739440169678,7001764,NC
-0.39887553320688096,7001765,NC
-0.39387711369579015,7001766,NC
-0.3738786854834617,7001767,NC
-0.3688802485696634,7001768,NC
-0.3838818029541642,7001769,NC
-0.37388334863673434,7001770,NC
-0.3788848856171455,7001771,NC
-0.36388641389517046,7001772,NC
-0.35888793347058334,7001773,NC
-0.34388944434315966,7001774,NC
-0.34389094651267604,7001775,NC
-0.35389243997891057,7001776,NC
-0.35389392474164244,7001777,NC
-0.3588954008006523,7001778,NC
-0.35389686815572197,7001779,NC
-0.3538983268066346,7001780,NC
-0.3688997767531746,7001781,NC
-0.39890121799512773,7001782,NC
-0.39890265053228097,7001783,NC
-0.3989040743644226,7001784,NC
-0.3939054894913422,7001785,NC
-0.3889068959128307,7001786,NC
-0.39890829362868013,7001787,NC
-0.408909682638684,7001788,NC
-0.413911062942637,7001789,NC
-0.4239124345403352,7001790,NC
-0.41391379743157586,7001791,NC
-0.40391515161615754,7001792,NC
-0.40891649709388017,7001793,NC
-0.4239178338645449,7001794,NC
-0.4389191619279541,7001795,NC
-0.44392048128391154,7001796,NC
-0.42892179193222224,7001797,NC
-0.4189230938726925,7001798,NC
-0.4239243871051299,7001799,NC
-0.4389256716293434,7001800,NC
-0.45392694744514306,7001801,NC
-0.45392821455234034,7001802,NC
-0.46392947295074805,7001803,NC
-0.4389307226401801,7001804,NC
-0.448931963620452,7001805,NC
-0.45393319589138015,7001806,NC
-0.44393441945278256,7001807,NC
-0.4539356343044783,7001808,NC
-0.4439368404462879,7001809,NC
-0.4489380378780331,7001810,NC
-0.453939226599537,7001811,NC
-0.47394040661062375,7001812,NC
-0.47894157791111913,7001813,NC
-0.47394274050084995,7001814,NC
-0.4489438943796445,7001815,NC
-0.4539450395473321,7001816,NC
-0.4639461760037436,7001817,NC
-0.493947303748711,7001818,NC
-0.5089484227820678,7001819,NC
-0.5139495331036483,7001820,NC
-0.49895063471328865,7001821,NC
-0.493951727610826,7001822,NC
-0.5039528117960989,7001823,NC
-0.518953887268947,7001824,NC
-0.5089549540292113,7001825,NC
-0.5039560120767345,7001826,NC
-0.47895706141135974,7001827,NC
-0.4689581020329323,7001828,NC
-0.4789591339412983,7001829,NC
-0.48896015713630525,7001830,NC
-0.48396117161780183,7001831,NC
-0.4739621773856383,7001832,NC
-0.46396317443966584,7001833,NC
-0.44896416277973716,7001834,NC
-0.4689651424057062,7001835,NC
-0.4739661133174282,7001836,NC
-0.48396707551475976,7001837,NC
-0.4639680289975585,7001838,NC
-0.4439689737656836,7001839,NC
-0.42396990981899546,7001840,NC
-0.40897083715735566,7001841,NC
-0.4089717557806273,7001842,NC
-0.39397266568867445,7001843,NC
-0.3439735668813627,7001844,NC
-0.26897445935855896,7001845,NC
-0.2089753431201312,7001846,NC
-0.14397621816594888,7001847,NC
-0.08897708449588265,7001848,NC
-0.043977942109804505,7001849,NC
0.0010212089924123008,7001850,NC
0.026020368810893243,7001851,NC
0.011019537345762477,7001852,NC
-0.028981285402857132,7001853,NC
-0.10398209943484396,7001854,NC
-0.17398290475007774,7001855,NC
-0.21898370134843942,7001856,NC
-0.22898448922981132,7001857,NC
-0.198985268394077,7001858,NC
-0.1389860388411212,7001859,NC
-0.0789868005708302,7001860,NC
0.03101244641690864,7001861,NC
0.14601170212220657,7001862,NC
0.27101096654517365,7001863,NC
0.3610102396859185,7001864,NC
0.4210095215445486,7001865,NC
0.44100881212117016,7001866,NC
0.4010081114158879,7001867,L
0.33100741942880535,7001868,NC
0.25100673616002483,7001869,NC
0.17100606160964738,7001870,NC
0.08600539577777255,7001871,NC
0.006004738664498896,7001872,NC
-0.07399590973007657,7001873,NC
-0.13899654940585798,7001874,NC
-0.19399718036275085,7001875,NC
-0.29399780260066183,7001876,NC
-0.38399841611949914,7001877,NC
-0.4839990209191719,7001878,NC
-0.5889996169995909,7001879,NC
-0.6490002043606679,7001880,NC
-0.6890007830023163,7001881,NC
-0.6940013529244503,7001882,NC
-0.6990019141269859,7001883,NC
-0.6890024666098401,7001884,NC
-0.6740030103729312,7001885,NC
-0.6340035454161789,7001886,NC
-0.5890040717395042,7001887,NC
-0.5640045893428292,7001888,NC
-0.5390050982260773,7001889,NC
-0.5390055983891735,7001890,NC
-0.5390060898320439,7001891,NC
-0.5390065725546157,7001892,NC
-0.5290070465568176,7001893,NC
-0.5140075118385796,7001894,NC
-0.5240079683998331,7001895,NC
-0.5340084162405102,7001896,NC
-0.5490088553605451,7001897,NC
-0.5290092857598727,7001898,NC
-0.5140097074384297,7001899,NC
-0.5040101203961532,7001900,NC
-0.5040105246329828,7001901,NC
-0.5090109201488583,7001902,NC
-0.5290113069437214,7001903,NC
-0.5090116850175151,7001904,NC
-0.49901205437018337,7001905,NC
-0.48401241500167164,7001906,NC
-0.5040127669119265,7001907,NC
-0.5040131101008962,7001908,NC
-0.5190134445685298,7001909,NC
-0.504013770314778,7001910,NC
-0.4890140873395926,7001911,NC
-0.4740143956429267,7001912,NC
-0.48401469522473484,7001913,NC
-0.49901498608497274,7001914,NC
-0.4940152682235973,7001915,NC
-0.4840155416405669,7001916,NC
-0.4640158063358412,7001917,NC
-0.44901606230938096,7001918,NC
-0.4490163095611484,7001919,NC
-0.474016548091107,7001920,NC
-0.4640167778992215,7001921,NC
-0.44401699898545793,7001922,NC
-0.4140172113497836,7001923,NC
-0.39901741499216714,7001924,NC
-0.4040176099125784,7001925,NC
-0.4040177961109887,7001926,NC
-0.4240179735873705,7001927,NC
-0.42901814234169744,7001928,NC
-0.42401830237394467,7001929,NC
-0.41401845368408857,7001930,NC
-0.39901859627210673,7001931,NC
-0.414018730137978,7001932,NC
-0.38901885528168284,7001933,NC
-0.37401897170320253,7001934,NC
-0.3390190794025199,7001935,NC
-0.32401917837961913,7001936,NC
-0.3240192686344855,7001937,NC
-0.30901935016710563,7001938,NC
-0.31401942297746765,7001939,NC
-0.28901948706556063,7001940,NC
-0.26401954243137515,7001941,NC
-0.2540195890749031,7001942,NC
-0.2440196269961375,7001943,NC
-0.23401965619507276,7001944,NC
-0.23901967667170457,7001945,NC
-0.21401968842602992,7001946,NC
-0.18401969145804709,7001947,NC
-0.17401968576775556,7001948,NC
-0.16401967135515624,7001949,NC
-0.16901964822025123,7001950,NC
-0.17401961636304397,7001951,NC
-0.14401957578353913,7001952,NC
-0.13401952648174273,7001953,NC
-0.10901946845766207,7001954,NC
-0.0840194017113057,7001955,NC
-0.0940193262426835,7001956,NC
-0.09401924205180662,7001957,NC
-0.0690191491386875,7001958,NC
-0.049019047503339866,7001959,NC
-0.02401893714577874,7001960,NC
-0.03401881806602045,7001961,NC
-0.029018690264082575,7001962,NC
-0.04401855373998401,7001963,NC
-0.04401840849374492,7001964,NC
-0.04401825452538679,7001965,NC
-0.05401809183493236,7001966,NC
-0.06901792042240566,7001967,NC
-0.10401774028783206,7001968,NC
-0.12901755143123816,7001969,NC
-0.15401735385265186,7001970,NC
-0.1590171475521024,7001971,NC
-0.1690169325296202,7001972,NC
-0.2090167087852371,7001973,NC
-0.23901647631898612,7001974,NC
-0.26901623513090167,7001975,NC
-0.28401598522101934,7001976,NC
-0.2940157265893761,7001977,NC
-0.29901545923601014,7001978,NC
-0.314015183160961,7001979,NC
-0.3340148983642695,7001980,NC
-0.3490146048459776,7001981,NC
-0.35401430260612887,7001982,NC
-0.3590139916447679,7001983,NC
-0.36401367196194057,7001984,NC
-0.38901334355769424,7001985,NC
-0.3940130064320774,7001986,NC
-0.40401266058513974,7001987,NC
-0.3990123060169326,7001988,NC
-0.39901194272750823,7001989,NC
-0.3890115707169204,7001990,NC
-0.40401118998522395,7001991,NC
-0.4190108005324753,7001992,NC
-0.434010402358732,7001993,NC
-0.43400999546405283,7001994,NC
-0.4190095798484979,7001995,NC
-0.4090091555121287,7001996,NC
-0.4040087224550079,7001997,NC
-0.41900828067719953,7001998,NC
-0.41900783017876886,7001999,NC
-0.41400737095978246,7002000,NC
-0.40400690302030823,7002001,NC
-0.3890064263604153,7002002,NC
-0.38900594098017416,7002003,NC
-0.4190054468796564,7002004,NC
-0.4490049440589352,7002005,NC
-0.4290044325180848,7002006,NC
-0.42400391225718076,7002007,NC
-0.41900338327630005,7002008,NC
-0.4290028455755209,7002009,NC
-0.43900229915492256,7002010,NC
-0.449001744014586,7002011,NC
-0.4390011801545931,7002012,NC
-0.4290006075750273,7002013,NC
-0.40900002627597315,7002014,NC
-0.4189994362575166,7002015,NC
-0.4289988375197449,7002016,NC
-0.4239982300627464,7002017,NC
-0.418997613886611,7002018,NC
-0.3989969889914297,7002019,NC
-0.40899635537729484,7002020,NC
-0.40399571304430004,7002021,NC
-0.42899506199254034,7002022,NC
-0.4339944022221119,7002023,NC
-0.42399373373311217,7002024,NC
-0.41399305652563995,7002025,NC
-0.41899237059979544,7002026,NC
-0.4239916759556799,7002027,NC
-0.438990972593396,7002028,NC
-0.4439902605130477,7002029,NC
-0.4389895397147402,7002030,NC
-0.4139888101985801,7002031,NC
-0.41398807196467513,7002032,NC
-0.4239873250131345,7002033,NC
-0.43898656934406854,7002034,NC
-0.4539858049575889,7002035,NC
-0.44398503185380855,7002036,NC
-0.41898425003284173,7002037,NC
-0.4239834594948041,7002038,NC
-0.42898266023981235,7002039,NC
-0.4339818522679847,7002040,NC
-0.44398103557944046,7002041,NC
-0.43898021017430044,7002042,NC
-0.43397937605268655,7002043,NC
-0.418978533214722,7002044,NC
-0.4339776816605315,7002045,NC
-0.4389768213902408,7002046,NC
-0.4539759524039771,7002047,NC
-0.4539750747018687,7002048,NC
-0.43397418828404544,7002049,NC
-0.42897329315063826,7002050,NC
-0.4289723893017795,7002051,NC
-0.4489714767376027,7002052,NC
-0.44897055545824266,7002053,NC
-0.43396962546383566,7002054,NC
-0.41396868675451903,7002055,NC
-0.3989677393304316,7002056,NC
-0.3939667831917133,7002057,NC
-0.38896581833850546,7002058,NC
-0.4089648447709507,7002059,NC
-0.4039638624891928,7002060,NC
-0.37896287149337715,7002061,NC
-0.37896187178365,7002062,NC
-0.37896086336015916,7002063,NC
-0.3839598462230537,7002064,NC
-0.3889588203724838,7002065,NC
-0.3789577858086012,7002066,NC
-0.34895674253155873,7002067,NC
-0.3339556905415107,7002068,NC
-0.34895462983861236,7002069,NC
-0.3589535604230207,7002070,NC
-0.3689524822948936,7002071,NC
-0.36895139545439043,7002072,NC
-0.36895029990167183,7002073,NC
-0.35894919563689975,7002074,NC
-0.3739480826602373,7002075,NC
-0.398946960971849,7002076,NC
-0.4089458305719006,7002077,NC
-0.40894469146055923,7002078,NC
-0.4039435436379932,7002079,NC
-0.39894238710437213,7002080,NC
-0.40894122185986687,7002081,NC
-0.42894004790464973,7002082,NC
-0.4389388652388942,7002083,NC
-0.433937673862775,7002084,NC
-0.4339364737764682,7002085,NC
-0.4189352649801512,7002086,NC
-0.44393404747400267,7002087,NC
-0.4539328212582025,7002088,NC
-0.47393158633293186,7002089,NC
-0.4589303426983734,7002090,NC
-0.4389290903547107,7002091,NC
-0.43392782930212903,7002092,NC
-0.4639265595408147,7002093,NC
-0.4789252810709552,7002094,NC
-0.4989239938927398,7002095,NC
-0.5039226980063585,7002096,NC
-0.4989213934120028,7002097,NC
-0.4789200801098656,7002098,NC
-0.47391875810014095,7002099,NC
-0.4789174273830242,7002100,NC
-0.48891608795871205,7002101,NC
-0.5039147398274024,7002102,NC
-0.5039133829892946,7002103,NC
-0.48391201744458906,7002104,NC
-0.5039106431934876,7002105,NC
-0.5139092602361933,7002106,NC
-0.5189078685729107,7002107,NC
-0.5189064682038452,7002108,NC
-0.518905059129204,7002109,NC
-0.5139036413491953,7002110,NC
-0.5089022148640284,7002111,NC
-0.5189007796739145,7002112,NC
-0.5138993357790653,7002113,NC
-0.5138978831796944,7002114,NC
-0.49389642187601657,7002115,NC
-0.49389495186824756,7002116,NC
-0.48889347315660475,7002117,NC
-0.49889198574130666,7002118,NC
-0.508890489622573,7002119,NC
-0.508888984800625,7002120,NC
-0.49888747127568506,7002121,NC
-0.5138859490479768,7002122,NC
-0.5188844181177252,7002123,NC
-0.5288828784851565,7002124,NC
-0.5238813301504982,7002125,NC
-0.5188797731139791,7002126,NC
-0.5138782073758296,7002127,NC
-0.5038766329362807,7002128,NC
-0.49887504979556524,7002129,NC
-0.5038734579539172,7002130,NC
-0.4988718574115719,7002131,NC
-0.4788702481687658,7002132,NC
-0.44886863022573675,7002133,NC
-0.4288670035827238,7002134,NC
-0.4188653682399674,7002135,NC
-0.3988637241977092,7002136,NC
-0.3688620714561922,7002137,NC
-0.29386041001566066,7002138,NC
-0.19385873987636007,7002139,NC
-0.13385706103853728,7002140,NC
-0.08385537350244042,7002141,NC
-0.07385367726831886,7002142,NC
-0.05885197233642329,7002143,NC
-0.06385025870700567,7002144,NC
-0.09884853638031925,7002145,NC
-0.16384680535661855,7002146,NC
-0.26884506563615945,7002147,NC
-0.373843317219199,7002148,NC
-0.4088415601059956,7002149,NC
-0.37383979429680897,7002150,NC
-0.28883801979190005,7002151,NC
-0.17383623659153102,7002152,NC
-0.06883444469596552,7002153,NC
0.006167355894531698,7002154,NC
0.11116916517969452,7002155,NC
0.19617098315925555,7002156,NC
0.2761728098329461,7002157,NC
0.32117464520049627,7002158,NC
0.2861764892616347,7002159,L
0.196178342016089,7002160,NC
0.0961802034635853,7002161,NC
-0.008817926396151518,7002162,NC
-0.07381604756339782,7002163,NC
-0.13881416003843125,7002164,NC
-0.2188122638215308,7002165,NC
-0.2838103589129767,7002166,NC
-0.3438084453130503,7002167,NC
-0.3938065230220348,7002168,NC
-0.4338045920402139,7002169,NC
-0.4938026523678731,7002170,NC
-0.5788007040052991,7002171,NC
-0.6537987469527798,7002172,NC
-0.7237967812106045,7002173,NC
-0.7537948067790635,7002174,NC
-0.733792823658449,7002175,NC
-0.7237908318490537,7002176,NC
-0.713788831351172,7002177,NC
-0.6987868221650997,7002178,NC
-0.6687848042911336,7002179,NC
-0.643782777729572,7002180,NC
-0.6187807424807146,7002181,NC
-0.6087786985448618,7002182,NC
-0.5987766459223157,7002183,NC
-0.6237745846133798,7002184,NC
-0.6237725146183588,7002185,NC
-0.6137704359375586,7002186,NC
-0.5987683485712862,7002187,NC
-0.5937662525198503,7002188,NC
-0.5887641477835605,7002189,NC
-0.5987620343627279,7002190,NC
-0.5987599122576649,7002191,NC
-0.5987577814686851,7002192,NC
-0.5887556419961033,7002193,NC
-0.5637534938402359,7002194,NC
-0.5737513370014001,7002195,NC
-0.5887491714799149,7002196,NC
-0.5987469972761001,7002197,NC
-0.5887448143902773,7002198,NC
-0.5637426228227689,7002199,NC
-0.5487404225738987,7002200,NC
-0.5537382136439921,7002201,NC
-0.5687359960333754,7002202,NC
-0.5737337697423764,7002203,NC
-0.5587315347713241,7002204,NC
-0.5537292911205488,7002205,NC
-0.548727038790382,7002206,NC
-0.5387247777811567,7002207,NC
-0.5537225080932069,7002208,NC
-0.5537202297268682,7002209,NC
-0.5387179426824772,7002210,NC
-0.5387156469603719,7002211,NC
-0.5137133425608916,7002212,NC
-0.5187110294843769,7002213,NC
-0.5087087077311695,7002214,NC
-0.5037063773016126,7002215,NC
-0.4887040381960507,7002216,NC
-0.46870169041482934,7002217,NC
-0.45369933395829565,7002218,NC
-0.4586969688267977,7002219,NC
-0.46369459502068516,7002220,NC
-0.4636922125403088,7002221,NC
-0.4636898213860207,7002222,NC
-0.44868742155817426,7002223,NC
-0.43868501305712415,7002224,NC
-0.43368259588322633,7002225,NC
-0.43868017003683796,7002226,NC
-0.4136777355183176,7002227,NC
-0.39867529232802507,7002228,NC
-0.3786728404663214,7002229,NC
-0.34867037993356886,7002230,NC
-0.3486679107301312,7002231,NC
-0.3436654328563733,7002232,NC
-0.3286629463126614,7002233,NC
-0.30866045109936285,7002234,NC
-0.28365794721684656,7002235,NC
-0.2686554346654825,7002236,NC
-0.2636529134456419,7002237,NC
-0.27865038355769756,7002238,NC
-0.26364784500202315,7002239,NC
-0.253645297778994,7002240,NC
-0.22364274188898653,7002241,NC
-0.20364017733237838,7002242,NC
-0.19863760410954862,7002243,NC
-0.20863502222087751,7002244,NC
-0.20363243166674666,7002245,NC
-0.19362983244753887,7002246,NC
-0.1636272245636383,7002247,NC
-0.13862460801543033,7002248,NC
-0.1336219828033017,7002249,NC
-0.13861934892764033,7002250,NC
-0.1386167063888355,7002251,NC
-0.12361405518727775,7002252,NC
-0.11861139532335885,7002253,NC
-0.10360872679747193,7002254,NC
-0.11860604961001134,7002255,NC
-0.11860336376137275,7002256,NC
-0.14360066925195308,7002257,NC
-0.13859796608215053,7002258,NC
-0.1485952542523646,7002259,NC
-0.1635925337629961,7002260,NC
-0.17858980461444704,7002261,NC
-0.21858706680712076,7002262,NC
-0.24358432034142186,7002263,NC
-0.27858156521775623,7002264,NC
-0.3135788014365311,7002265,NC
-0.32357602899815485,7002266,NC
-0.3785732479030372,7002267,NC
-0.4135704581515892,7002268,NC
-0.4385676597442231,7002269,NC
-0.4385648526813526,7002270,NC
-0.43856203696339235,7002271,NC
-0.4235592125907585,7002272,NC
-0.4285563795638686,7002273,NC
-0.46855353788314125,7002274,NC
-0.5085506875489965,7002275,NC
-0.4935478285618553,7002276,NC
-0.4735449609221405,7002277,NC
-0.4685420846302757,7002278,NC
-0.47353919968668606,7002279,NC
-0.493536306091798,7002280,NC
-0.533533403846039,7002281,NC
-0.5185304929498381,7002282,NC
-0.5135275734036254,7002283,NC
-0.5085246452078324,7002284,NC
-0.5085217083628919,7002285,NC
-0.5235187628692378,7002286,NC
-0.5235158087273055,7002287,NC
-0.49351284593753164,7002288,NC
-0.473509874500354,7002289,NC
-0.48850689441621165,7002290,NC
-0.5135039056855452,7002291,NC
-0.538500908308796,7002292,NC
-0.5634979022864075,7002293,NC
-0.5484948876188236,7002294,NC
-0.51849186430649,7002295,NC
-0.49848883234985325,7002296,NC
-0.4934857917493617,7002297,NC
-0.5034827425054647,7002298,NC
-0.5284796846186126,7002299,NC
-0.5284766180892577,7002300,NC
-0.518473542917853,7002301,NC
-0.5034704591048529,7002302,NC
-0.5134673666507132,7002303,NC
-0.5234642655558911,7002304,NC
-0.5284611558208446,7002305,NC
-0.5184580374460336,7002306,NC
-0.5034549104319186,7002307,NC
-0.48845177477896196,7002308,NC
-0.49344863048762705,7002309,NC
-0.5184454775583786,7002310,NC
-0.5234423159916824,7002311,NC
-0.5334391457880058,7002312,NC
-0.5084359669478173,7002313,NC
-0.4884327794715868,7002314,NC
-0.4834295833597852,7002315,NC
-0.518426378612885,7002316,NC
-0.5184231652313596,7002317,NC
-0.5084199432156841,7002318,NC
-0.5034167125663345,7002319,NC
-0.4834134732837883,7002320,NC
-0.49341022536852436,7002321,NC
-0.5034069688210225,7002322,NC
-0.5184037036417641,7002323,NC
-0.5134004298312318,7002324,NC
-0.48839714738990914,7002325,NC
-0.4883938563182814,7002326,NC
-0.488390556616835,7002327,NC
-0.5083872482860575,7002328,NC
-0.4983839313264378,7002329,NC
-0.4933806057384662,7002330,NC
-0.47337727152263415,7002331,NC
-0.4683739286794344,7002332,NC
-0.4783705772093609,7002333,NC
-0.49336721711290904,7002334,NC
-0.4983638483905754,7002335,NC
-0.48336047104285773,7002336,NC
-0.4683570850702553,7002337,NC
-0.45835369047326846,7002338,NC
-0.47835028725239875,7002339,NC
-0.5033468754081494,7002340,NC
-0.5033434549410243,7002341,NC
-0.5233400258515292,7002342,NC
-0.49833658814017073,7002343,NC
-0.46333314180745705,7002344,NC
-0.4633296868538974,7002345,NC
-0.4633262232800024,7002346,NC
-0.45832275108628395,7002347,NC
-0.4533192702732551,7002348,NC
-0.44331578084143036,7002349,NC
-0.4183122827913254,7002350,NC
-0.4183087761234572,7002351,NC
-0.4233052608383439,7002352,NC
-0.4183017369365052,7002353,NC
-0.42829820441846167,7002354,NC
-0.39829466328473556,7002355,NC
-0.37829111353585004,7002356,NC
-0.3782875551723298,7002357,NC
-0.3882839881947007,7002358,NC
-0.3932804126034899,7002359,NC
-0.39327682839922584,7002360,NC
-0.37827323558243814,7002361,NC
-0.3682696341536578,7002362,NC
-0.3682660241134172,7002363,NC
-0.38326240546224966,7002364,NC
-0.39325877820069005,7002365,NC
-0.38825514232927444,7002366,NC
-0.3782514978485402,7002367,NC
-0.3732478447590258,7002368,NC
-0.38824418306127123,7002369,NC
-0.4182405127558176,7002370,NC
-0.4282368338432073,7002371,NC
-0.4332331463239842,7002372,NC
-0.413229450198693,7002373,NC
-0.3982257454678802,7002374,NC
-0.408222032132093,7002375,NC
-0.4082183101918805,7002376,NC
-0.4382145796477926,7002377,NC
-0.4282108405003806,7002378,NC
-0.4332070927501971,7002379,NC
-0.423203336397796,7002380,NC
-0.4381995714437325,7002381,NC
-0.4631957978885629,7002382,NC
-0.47819201573284487,7002383,NC
-0.4881882249771375,7002384,NC
-0.4581844256220009,7002385,NC
-0.43818061766799654,7002386,NC
-0.4431768011156873,7002387,NC
-0.4381729759656371,7002388,NC
-0.4481691422184113,7002389,NC
-0.4381652998745765,7002390,NC
-0.4231614489347005,7002391,NC
-0.4231575893993524,7002392,NC
-0.4381537212691026,7002393,NC
-0.4481498445445229,7002394,NC
-0.453145959226186,7002395,NC
-0.4381420653146662,7002396,NC
-0.42813816281053896,7002397,NC
-0.418134251714381,7002398,NC
-0.4331303320267704,7002399,NC
-0.44312640374828643,7002400,NC
-0.44312246687950957,7002401,NC
-0.4431185214210216,7002402,NC
-0.4231145673734057,7002403,NC
-0.4131106047372462,7002404,NC
-0.4231066335131287,7002405,NC
-0.43310265370164014,7002406,NC
-0.4430986653033686,7002407,NC
-0.4380946683189036,7002408,NC
-0.4280906627488357,7002409,NC
-0.4130866485937571,7002410,NC
-0.4180826258542608,7002411,NC
-0.4330785945309415,7002412,NC
-0.4280745546243948,7002413,NC
-0.4280705061352179,7002414,NC
-0.41806644906400897,7002415,NC
-0.4080623834113677,7002416,NC
-0.398058309177895,7002417,NC
-0.4030542263641927,7002418,NC
-0.3980501349708645,7002419,NC
-0.38304603499851486,7002420,NC
-0.3580419264477498,7002421,NC
-0.31303780931917646,7002422,NC
-0.2930336836134033,7002423,NC
-0.26802954933104006,7002424,NC
-0.22302540647269772,7002425,NC
-0.15302125503898853,7002426,NC
-0.06801709503052601,7002427,NC
0.011987073552075019,7002428,NC
0.05699125070819851,7002429,NC
0.08699543643722711,7002430,NC
0.0919996307385423,7002431,NC
0.07200383361152415,7002432,NC
0.05200804505555156,7002433,NC
0.007012265070002126,7002434,NC
-0.07798350634574781,7002435,NC
-0.13797926919232317,7002436,NC
-0.15297502347035016,7002437,NC
-0.11797076918045624,7002438,NC
-0.042966506323270114,7002439,NC
0.03703776510057821,7002440,NC
0.11704204509045746,7002441,NC
0.17704633364573513,7002442,NC
0.24205063076577746,7002443,NC
0.3120549364499493,7002444,NC
0.36205925069761447,7002445,NC
0.36706357350813523,7002446,NC
0.31706790488087283,7002447,L
0.2320722448151871,7002448,NC
0.14207659331043673,7002449,NC
0.06208095036597897,7002450,NC
0.012085315981169985,7002451,NC
-0.04791030984463546,7002452,NC
-0.10790592711208377,7002453,NC
-0.17290153582182266,7002454,NC
-0.2178971359745011,7002455,NC
-0.26289272757076937,7002456,NC
-0.3028883106112789,7002457,NC
-0.3728838850966825,7002458,NC
-0.4628794510276343,7002459,NC
-0.5378750084047893,7002460,NC
-0.5928705572288044,7002461,NC
-0.6078660975003373,7002462,NC
-0.5878616292200469,7002463,NC
-0.5478571523885938,7002464,NC
-0.5128526670066396,7002465,NC
-0.502848173074847,7002466,NC
-0.49784367059388024,7002467,NC
-0.47783915956440476,7002468,NC
-0.4728346399870872,7002469,NC
-0.45283011186259553,7002470,NC
-0.4528255751915989,7002471,NC
-0.46282102997476776,7002472,NC
-0.46281647621277383,7002473,NC
-0.45281191390629016,7002474,NC
-0.4478073430559909,7002475,NC
-0.4328027636625516,7002476,NC
-0.4377981757266491,7002477,NC
-0.43779357924896134,7002478,NC
-0.44278897423016766,7002479,NC
-0.4327843606709486,7002480,NC
-0.42277973857198603,7002481,NC
-0.40777510793396293,7002482,NC
-0.4127704687575638,7002483,NC
-0.4227658210434741,7002484,NC
-0.4177611647923808,7002485,NC
-0.41775650000497194,7002486,NC
-0.407751826681937,7002487,NC
-0.40274714482396656,7002488,NC
-0.4027424544317526,7002489,NC
-0.4027377555059882,7002490,NC
-0.417733048047368,7002491,NC
-0.4027283320565875,7002492,NC
-0.3877236075343437,7002493,NC
-0.37771887448133484,7002494,NC
-0.36771413289826044,7002495,NC
-0.3877093827858212,7002496,NC
-0.402704624144719,7002497,NC
-0.3876998569756574,7002498,NC
-0.3626950812793407,7002499,NC
-0.33269029705647474,7002500,NC
-0.33768550430776656,7002501,NC
-0.3426807030339244,7002502,NC
-0.3526758932356579,7002503,NC
-0.3376710749136779,7002504,NC
-0.3176662480686965,7002505,NC
-0.3026614127014269,7002506,NC
-0.3076565688125838,7002507,NC
-0.3076517164028831,7002508,NC
-0.31264685547304183,7002509,NC
-0.28764198602377844,7002510,NC
-0.26763710805581253,7002511,NC
-0.24263222156986505,7002512,NC
-0.24762732656665812,7002513,NC
-0.24762242304691512,7002514,NC
-0.24261751101136075,7002515,NC
-0.22261259046072096,7002516,NC
-0.2026076613957229,7002517,NC
-0.18260272381709508,7002518,NC
-0.17759777772556712,7002519,NC
-0.1675928231218701,7002520,NC
-0.17258786000673615,7002521,NC
-0.1675828883808988,7002522,NC
-0.13757790824509275,7002523,NC
-0.11257291960005406,7002524,NC
-0.11256792244651989,7002525,NC
-0.11256291678522884,7002526,NC
-0.10755790261692062,7002527,NC
-0.0925528799423363,7002528,NC
-0.06254784876221813,7002529,NC
-0.06754280907730964,7002530,NC
-0.05253776088835568,7002531,NC
-0.04253270419610225,7002532,NC
-0.022527639001296694,7002533,NC
-0.007522565304687555,7002534,NC
0.032482516892975315,7002535,NC
0.037487607590940865,7002536,NC
0.03749270678845674,7002537,NC
0.04249781448476937,7002538,NC
0.037502930679123865,7002539,NC
0.04750805537076416,7002540,NC
0.0625131885589329,7002541,NC
0.05751833024287143,7002542,NC
0.03752348042181991,7002543,NC
-0.002471360904982803,7002544,NC
-0.022466193738299084,7002545,NC
-0.04746101807889256,7002546,NC
-0.052455833927528145,7002547,NC
-0.06245064128497196,7002548,NC
-0.10744544015199142,7002549,NC
-0.14744023052935518,7002550,NC
-0.16243501241783317,7002551,NC
-0.18742978581819653,7002552,NC
-0.19242455073121773,7002553,NC
-0.19741930715767037,7002554,NC
-0.2224140550983294,7002555,NC
-0.252408794553971,7002556,NC
-0.26740352552537267,7002557,NC
-0.272398248013313,7002558,NC
-0.26239296201857204,7002559,NC
-0.27738766754193095,7002560,NC
-0.28238236458417215,7002561,NC
-0.3023770531460793,7002562,NC
-0.31737173322843754,7002563,NC
-0.31236640483203293,7002564,NC
-0.3023610679576529,7002565,NC
-0.3023557226060863,7002566,NC
-0.307350368778123,7002567,NC
-0.32234500647455433,7002568,NC
-0.33733963569617265,7002569,NC
-0.3373342564437717,7002570,NC
-0.32232886871814653,7002571,NC
-0.3073234725200933,7002572,NC
-0.32231806785040956,7002573,NC
-0.337312654709894,7002574,NC
-0.34230723309934663,7002575,NC
-0.33730180301956875,7002576,NC
-0.3222963644713628,7002577,NC
-0.3022909174555324,7002578,NC
-0.3172854619728827,7002579,NC
-0.32727999802422,7002580,NC
-0.3322745256103516,7002581,NC
-0.32226904473208634,7002582,NC
-0.29726355539023425,7002583,NC
-0.2972580575856065,7002584,NC
-0.3122525513190158,7002585,NC
-0.3022470365912756,7002586,NC
-0.31224151340320117,7002587,NC
-0.3072359817556086,7002588,NC
-0.2722304416493154,7002589,NC
-0.2672248930851404,7002590,NC
-0.2722193360639036,7002591,NC
-0.2972137705864262,7002592,NC
-0.31220819665353067,7002593,NC
-0.32220261426604085,7002594,NC
-0.30219702342478166,7002595,NC
-0.3021914241305794,7002596,NC
-0.30218581638426156,7002597,NC
-0.3021802001866569,7002598,NC
-0.32217457553859546,7002599,NC
-0.3221689424409084,7002600,NC
-0.30716330089442817,7002601,NC
-0.3021576508999887,7002602,NC
-0.3121519924584248,7002603,NC
-0.3221463255705728,7002604,NC
-0.34214065023727014,7002605,NC
-0.3221349664593557,7002606,NC
-0.3021292742376693,7002607,NC
-0.3171235735730522,7002608,NC
-0.33211786446634695,7002609,NC
-0.3321121469183972,7002610,NC
-0.34210642093004795,7002611,NC
-0.3321006865021455,7002612,NC
-0.31209494363553725,7002613,NC
-0.3070891923310719,7002614,NC
-0.3170834325895995,7002615,NC
-0.3370776644119711,7002616,NC
-0.3520718877990393,7002617,NC
-0.3370661027516578,7002618,NC
-0.33706030927068154,7002619,NC
-0.3220545073569666,7002620,NC
-0.3320486970113706,7002621,NC
-0.3270428782347521,7002622,NC
-0.3270370510279711,7002623,NC
-0.30703121539188877,7002624,NC
-0.28702537132736755,7002625,NC
-0.27201951883527103,7002626,NC
-0.26701365791646425,7002627,NC
-0.27700778857181335,7002628,NC
-0.3020019108021857,7002629,NC
-0.28699602460845,7002630,NC
-0.266990129991476,7002631,NC
-0.26698422695213503,7002632,NC
-0.2569783154912994,7002633,NC
-0.2569723956098428,7002634,NC
-0.25696646730864,7002635,NC
-0.2569605305885672,7002636,NC
-0.2569545854505017,7002637,NC
-0.25194863189532224,7002638,NC
-0.2619426699239085,7002639,NC
-0.2819366995371418,7002640,NC
-0.29693072073590426,7002641,NC
-0.29692473352107956,7002642,NC
-0.30191873789355256,7002643,NC
-0.2969127338542093,7002644,NC
-0.3169067214039371,7002645,NC
-0.3419007005436245,7002646,NC
-0.3668946712741613,7002647,NC
-0.3518886335964386,7002648,NC
-0.3318825875113487,7002649,NC
-0.326876533019785,7002650,NC
-0.34187047012264227,7002651,NC
-0.3468643988208167,7002652,NC
-0.3518583191152055,7002653,NC
-0.34185223100670703,7002654,NC
-0.34184613449622114,7002655,NC
-0.3318400295846488,7002656,NC
-0.3518339162728922,7002657,NC
-0.37182779456185483,7002658,NC
-0.3868216644524414,7002659,NC
-0.37181552594555783,7002660,NC
-0.3718093790421113,7002661,NC
-0.3568032237430103,7002662,NC
-0.3517970600491645,7002663,NC
-0.37179088796148474,7002664,NC
-0.3667847074808832,7002665,NC
-0.3817785186082733,7002666,NC
-0.3817723213445696,7002667,NC
-0.36676611569068807,7002668,NC
-0.3717599016475457,7002669,NC
-0.38175367921606096,7002670,NC
-0.3867474483971534,7002671,NC
-0.3817412091917438,7002672,NC
-0.3817349616007543,7002673,NC
-0.3767287056251082,7002674,NC
-0.37172244126573,7002675,NC
-0.39171616852354557,7002676,NC
-0.40170988739948177,7002677,NC
-0.38670359789446707,7002678,NC
-0.37669730000943086,7002679,NC
-0.3716909937453039,7002680,NC
-0.36668467910301816,7002681,NC
-0.37667835608350686,7002682,NC
-0.39167202468770457,7002683,NC
-0.37666568491654673,7002684,NC
-0.3566593367709705,7002685,NC
-0.34165298025191393,7002686,NC
-0.35664661536031655,7002687,NC
-0.3716402420971189,7002688,NC
-0.38163386046326286,7002689,NC
-0.3866274704596916,7002690,NC
-0.3666210720873494,7002691,NC
-0.34661466534718194,7002692,NC
-0.35660825024013604,7002693,NC
-0.3716018267671597,7002694,NC
-0.3715953949292023,7002695,NC
-0.3515889547272143,7002696,NC
-0.30658250616214755,7002697,NC
-0.286576049234955,7002698,NC
-0.26156958394659086,7002699,NC
-0.2265631102980108,7002700,NC
-0.17655662829017132,7002701,NC
-0.08655013792403046,7002702,NC
-0.001543639200547453,7002703,NC
0.09346286787931735,7002704,NC
0.15346938331460225,7002705,NC
0.17347590710434438,7002706,NC
0.16848243924757958,7002707,NC
0.15348897974334252,7002708,NC
0.12349552859066656,7002709,NC
0.05850208578858396,7002710,NC
0.023508651336125563,7002711,NC
-0.0014847747676789147,7002712,NC
0.018521807476199033,7002713,NC
0.0885283980667866,7002714,NC
0.18853499700310983,7002715,NC
0.2885416042841934,7002716,NC
0.388548219909061,7002717,NC
0.46855484387673485,7002718,NC
0.5385614761862358,7002719,NC
0.5985681168365842,7002720,NC
0.6285747658267982,7002721,NC
0.6285814231558953,7002722,L
0.5585880888228916,7002723,NC
0.4635947628268021,7002724,NC
0.3636014451666404,7002725,NC
0.2736081358414191,7002726,NC
0.2436148348501491,7002727,NC
0.17862154219184065,7002728,NC
0.1036282578655024,7002729,NC
0.04363498187014185,7002730,NC
-0.026358285795234714,7002731,NC
-0.11135154513162221,7002732,NC
-0.19634479614001682,7002733,NC
-0.30133803882141597,7002734,NC
-0.40133127317681827,7002735,NC
-0.4863244992072237,7002736,NC
-0.5363177169136332,7002737,NC
-0.5313109262970492,7002738,NC
-0.5063041273584753,7002739,NC
-0.4712973200989161,7002740,NC
-0.4462905045193779,7002741,NC
-0.4462836806208677,7002742,NC
-0.4312768484043941,7002743,NC
-0.4262700078709668,7002744,NC
-0.4112631590215967,7002745,NC
-0.416256301857296,7002746,NC
-0.40124943637907806,7002747,NC
-0.4112425625879576,7002748,NC
-0.4262356804849504,7002749,NC
-0.4112287900710735,7002750,NC
-0.4012218913473453,7002751,NC
-0.3862149843147853,7002752,NC
-0.3712080689744142,7002753,NC
-0.3762011453272541,7002754,NC
-0.3861942133743282,7002755,NC
-0.40118727311666086,7002756,NC
-0.3761803245552779,7002757,NC
-0.40117336769120604,7002758,NC
-0.41616640252547354,7002759,NC
-0.42615942905910975,7002760,NC
-0.4261524472931453,7002761,NC
-0.4111454572286118,7002762,NC
-0.3711384588665425,7002763,NC
-0.34613145220797154,7002764,NC
-0.3411244372539345,7002765,NC
-0.37111741400546805,7002766,NC
-0.3661103824636101,7002767,NC
-0.3611033426293998,7002768,NC
-0.35609629450387764,7002769,NC
-0.34608923808808517,7002770,NC
-0.34608217338306524,7002771,NC
-0.35107510038986195,7002772,NC
-0.3610680191095205,7002773,NC
-0.35106092954308754,7002774,NC
-0.33605383169161074,7002775,NC
-0.32104672555613906,7002776,NC
-0.32103961113772267,7002777,NC
-0.326032488437413,7002778,NC
-0.32602535745626277,7002779,NC
-0.3010182181953257,7002780,NC
-0.286011070655657,7002781,NC
-0.26600391483831287,7002782,NC
-0.25599675074435096,7002783,NC
-0.27098957837482995,7002784,NC
-0.26598239773080984,7002785,NC
-0.24097520881335183,7002786,NC
-0.22596801162351834,7002787,NC
-0.210960806162373,7002788,NC
-0.21095359243098072,7002789,NC
-0.20094637043040756,7002790,NC
-0.19093914016172087,7002791,NC
-0.18093190162598913,7002792,NC
-0.17092465482428212,7002793,NC
-0.13091739975767086,7002794,NC
-0.13591013642722746,7002795,NC
-0.13590286483402542,7002796,NC
-0.1308955849791394,7002797,NC
-0.11088829686364518,7002798,NC
-0.0758810004886199,7002799,NC
-0.060873695855141845,7002800,NC
-0.04586638296429056,7002801,NC
-0.05085906181714677,7002802,NC
-0.055851732414792465,7002803,NC
-0.03584439475831082,7002804,NC
-0.020837048848786212,7002805,NC
-0.010829694687304318,7002806,NC
-0.0008223322749519382,7002807,NC
0.014185038387182838,7002808,NC
0.029192417298010746,7002809,NC
0.04419980445644124,7002810,NC
0.07920719986138267,7002811,NC
0.109214603511742,7002812,NC
0.10922201540642516,7002813,NC
0.08422943554433673,7002814,NC
0.06923686392438011,7002815,NC
0.0842443005454575,7002816,NC
0.08925174540646988,7002817,NC
0.08925919850631699,7002818,NC
0.07926665984389736,7002819,NC
0.04927412941810829,7002820,NC
0.019281607227845894,7002821,NC
-0.005710906727994937,7002822,NC
-0.015703412450520544,7002823,NC
-0.030695909940838498,7002824,NC
-0.06568839920005753,7002825,NC
-0.09568088022928767,7002826,NC
-0.1106733530296401,7002827,NC
-0.13066581760222723,7002828,NC
-0.1406582739481627,7002829,NC
-0.14565072206856136,7002830,NC
-0.16064316196453926,7002831,NC
-0.19563559363721372,7002832,NC
-0.21562801708770318,7002833,NC
-0.23562043231712743,7002834,NC
-0.2206128393266073,7002835,NC
-0.21560523811726504,7002836,NC
-0.23059762869022388,7002837,NC
-0.23559001104660848,7002838,NC
-0.2555823851875446,7002839,NC
-0.26057475111415923,7002840,NC
-0.2605671088275806,7002841,NC
-0.24555945832893816,7002842,NC
-0.24555179961936247,7002843,NC
-0.26554413269998545,7002844,NC
-0.29053645757194013,7002845,NC
-0.2955287742363608,7002846,NC
-0.28052108269438303,7002847,NC
-0.2705133829471434,7002848,NC
-0.28050567499577983,7002849,NC
-0.2854979588414316,7002850,NC
-0.3054902344852389,7002851,NC
-0.28548250192834335,7002852,NC
-0.2654747611718877,7002853,NC
-0.2654670122170159,7002854,NC
-0.2654592550648732,7002855,NC
-0.275451489716606,7002856,NC
-0.3004437161733619,7002857,NC
-0.2954359344362897,7002858,NC
-0.28542814450653947,7002859,NC
-0.27542034638526236,7002860,NC
-0.29041254007361095,7002861,NC
-0.2804047255727389,7002862,NC
-0.285396902883801,7002863,NC
-0.2803890720079534,7002864,NC
-0.2653812329463533,7002865,NC
-0.2603733857001594,7002866,NC
-0.2603655302705312,7002867,NC
-0.2653576666586298,7002868,NC
-0.2753497948656173,7002869,NC
-0.27534191489265697,7002870,NC
-0.27033402674091334,7002871,NC
-0.25532613041155233,7002872,NC
-0.2703182259057407,7002873,NC
-0.28531031322464684,7002874,NC
-0.29530239236944,7002875,NC
-0.30529446334129084,7002876,NC
-0.2802865261413711,7002877,NC
-0.2652785807708538,7002878,NC
-0.26027062723091327,7002879,NC
-0.2902626655227248,7002880,NC
-0.2852546956474651,7002881,NC
-0.28524671760631193,7002882,NC
-0.2802387314004444,7002883,NC
-0.2752307370310427,7002884,NC
-0.27022273449928846,7002885,NC
-0.28021472380636414,7002886,NC
-0.2952067049534537,7002887,NC
-0.29019867794174226,7002888,NC
-0.290190642772416,7002889,NC
-0.2751825994466625,7002890,NC
-0.28517454796567043,7002891,NC
-0.30016648833062964,7002892,NC
-0.3101584205427313,7002893,NC
-0.3001503446031677,7002894,NC
-0.27014226051313234,7002895,NC
-0.2701341682738199,7002896,NC
-0.2801260678864264,7002897,NC
-0.2951179593521489,7002898,NC
-0.30510984267218577,7002899,NC
-0.3151017178477365,7002900,NC
-0.3000935848800019,7002901,NC
-0.30008544377018376,7002902,NC
-0.3000772945194854,7002903,NC
-0.3150691371291111,7002904,NC
-0.3400609716002663,7002905,NC
-0.345052797934158,7002906,NC
-0.305044616131994,7002907,NC
-0.2900364261949835,7002908,NC
-0.29002822812433676,7002909,NC
-0.2950200219212655,7002910,NC
-0.3000118075869823,7002911,NC
-0.28000358512270135,7002912,NC
-0.2549953545296377,7002913,NC
-0.24498711580900764,7002914,NC
-0.23997886896202889,7002915,NC
-0.25497061398992016,7002916,NC
-0.26496235089390135,7002917,NC
-0.24495407967519378,7002918,NC
-0.24494580033501973,7002919,NC
-0.21993751287460275,7002920,NC
-0.2199292172951677,7002921,NC
-0.2199209135979405,7002922,NC
-0.22491260178414835,7002923,NC
-0.23490428185501955,7002924,NC
-0.22989595381178377,7002925,NC
-0.22488761765567175,7002926,NC
-0.21987927338791544,7002927,NC
-0.239870921009748,7002928,NC
-0.26486256052240387,7002929,NC
-0.2648541919271185,7002930,NC
-0.25984581522512873,7002931,NC
-0.24983743041767256,7002932,NC
-0.2698290375059891,7002933,NC
-0.28482063649131867,7002934,NC
-0.3098122273749029,7002935,NC
-0.30480381015798447,7002936,NC
-0.28479538484180744,7002937,NC
-0.28478695142761684,7002938,NC
-0.28977850991665904,7002939,NC
-0.3047700603101816,7002940,NC
-0.3197616026094333,7002941,NC
-0.3097531368156641,7002942,NC
-0.2997446629301249,7002943,NC
-0.3147361809540683,7002944,NC
-0.3247276908887477,7002945,NC
-0.34471919273541773,7002946,NC
-0.36471068649533456,7002947,NC
-0.35970217216975503,7002948,NC
-0.3346936497599376,7002949,NC
-0.3396851192671416,7002950,NC
-0.3546765806926279,7002951,NC
-0.37466803403765836,7002952,NC
-0.36465947930349596,7002953,NC
-0.359650916491405,7002954,NC
-0.33964234560265105,7002955,NC
-0.32963376663850075,7002956,NC
-0.34962517960022177,7002957,NC
-0.3796165844890834,7002958,NC
-0.4096079813063557,7002959,NC
-0.40459937005331015,7002960,NC
-0.3945907507312195,7002961,NC
-0.37958212334135744,7002962,NC
-0.38457348788499895,7002963,NC
-0.38956484436342037,7002964,NC
-0.394556192777899,7002965,NC
-0.3895475331297134,7002966,NC
-0.38453886542014337,7002967,NC
-0.37453018965046997,7002968,NC
-0.3745215058219753,7002969,NC
-0.38951281393594267,7002970,NC
-0.3895041139936567,7002971,NC
-0.38449540599640303,7002972,NC
-0.3694866899454687,7002973,NC
-0.3494779658421417,7002974,NC
-0.36946923368771145,7002975,NC
-0.39446049348346834,7002976,NC
-0.3994517452307041,7002977,NC
-0.3994429889307116,7002978,NC
-0.389434224584785,7002979,NC
-0.36442545219421935,7002980,NC
-0.37441667176031124,7002981,NC
-0.38940788328435827,7002982,NC
-0.3943990867676592,7002983,NC
-0.37939028221151416,7002984,NC
-0.34438146961722416,7002985,NC
-0.31937264898609175,7002986,NC
-0.30936382031942045,7002987,NC
-0.31435498361851494,7002988,NC
-0.29434613888468125,7002989,NC
-0.25933728611922646,7002990,NC
-0.20932842532345902,7002991,NC
-0.12931955649868826,7002992,NC
-0.04931067964622495,7002993,NC
0.0006982052326190286,7002994,NC
0.04570709813653064,7002995,NC
0.0757159990641956,7002996,NC
0.09572490801429849,7002997,NC
0.0757338249855227,7002998,NC
0.010742749976550399,7002999,NC
-0.06924831701393741,7003000,NC
-0.14423937598726086,7003001,NC
-0.1842304269447414,7003002,NC
-0.18422146988770147,7003003,NC
-0.12421250481746487,7003004,NC
-0.059203531735356474,7003005,NC
0.04080544935729756,7003006,NC
0.13581443845917002,7003007,NC
0.26582343556893234,7003008,NC
0.375832440685255,7003009,NC
0.44584145380680706,7003010,NC
0.46585047493225656,7003011,NC
0.46085950406027026,7003012,NC
0.4008685411895138,7003013,L
0.31587758631865165,7003014,NC
0.23088663944634696,7003015,NC
0.15589570057126192,7003016,NC
0.08090476969205737,7003017,NC
-0.00908615319260702,7003018,NC
-0.06907706808407266,7003019,NC
-0.13406797498368228,7003020,NC
-0.17905887389277964,7003021,NC
-0.2440497648127098,7003022,NC
-0.31904064774481894,7003023,NC
-0.41403152269045446,7003024,NC
-0.4990223896509649,7003025,NC
-0.5540132486277001,7003026,NC
-0.5890040996220107,7003027,NC
-0.5839949426352491,7003028,NC
-0.5889857776687685,7003029,NC
-0.5739766047239232,7003030,NC
-0.538967423802069,7003031,NC
-0.5039582349045627,7003032,NC
-0.4539490380327623,7003033,NC
-0.42393983318802686,7003034,NC
-0.39893062037171684,7003035,NC
-0.40392139958519374,7003036,NC
-0.4039121708298203,7003037,NC
-0.37890293410696035,7003038,NC
-0.37389368941797896,7003039,NC
-0.38888443676424245,7003040,NC
-0.3938751761471181,7003041,NC
-0.4088659075679746,7003042,NC
-0.42385663102818166,7003043,NC
-0.3938473465291103,7003044,NC
-0.38383805407213256,7003045,NC
-0.3688287536586218,7003046,NC
-0.3688194452899525,7003047,NC
-0.3938101289675003,7003048,NC
-0.37380080469264193,7003049,NC
-0.36879147246675553,7003050,NC
-0.3487821322912202,7003051,NC
-0.32877278416741634,7003052,NC
-0.32876342809672543,7003053,NC
-0.3437540640805301,7003054,NC
-0.33374469212021446,7003055,NC
-0.32873531221716334,7003056,NC
-0.303725924372763,7003057,NC
-0.30871652858840093,7003058,NC
-0.3137071248654656,7003059,NC
-0.31869771320534684,7003060,NC
-0.33368829360943547,7003061,NC
-0.3086788660791236,7003062,NC
-0.29866943061580453,7003063,NC
-0.2886599872208727,7003064,NC
-0.2636505358957237,7003065,NC
-0.28864107664175426,7003066,NC
-0.2836316094603624,7003067,NC
-0.2636221343529472,7003068,NC
-0.23361265132090897,7003069,NC
-0.22360316036564917,7003070,NC
-0.22359366148857043,7003071,NC
-0.2285841546910765,7003072,NC
-0.2135746399745725,7003073,NC
-0.20856511734046443,7003074,NC
-0.16355558679015966,7003075,NC
-0.15354604832506671,7003076,NC
-0.15353650194659518,7003077,NC
-0.15352694765615593,7003078,NC
-0.15851738545516095,7003079,NC
-0.14350781534502338,7003080,NC
-0.1234982373271576,7003081,NC
-0.08348865140297904,7003082,NC
-0.06347905757390443,7003083,NC
-0.043469455841351576,7003084,NC
-0.033459846206739516,7003085,NC
-0.038450228671488375,7003086,NC
-0.023440603237019547,7003087,NC
-0.00843096990475549,7003088,NC
-0.008421328676119923,7003089,NC
-0.0034116795525376414,7003090,NC
0.006597977464565273,7003091,NC
0.02660764237376173,7003092,NC
0.06161731517362332,7003093,NC
0.06662699586272057,7003094,NC
0.07663668443962282,7003095,NC
0.07664638090289816,7003096,NC
0.08665608525111365,7003097,NC
0.10166579748283511,7003098,NC
0.11667551759662717,7003099,NC
0.12668524559105337,7003100,NC
0.121694981464676,7003101,NC
0.11670472521605631,7003102,NC
0.1217144768437542,7003103,NC
0.12172423634632859,7003104,NC
0.14673400372233714,7003105,NC
0.14174377897033635,7003106,NC
0.14175356208888157,7003107,NC
0.10176335307652701,7003108,NC
0.07677315193182568,7003109,NC
0.04678295865332945,7003110,NC
0.021792773239588982,7003111,NC
0.011802595689153893,7003112,NC
-0.00818757399942753,7003113,NC
-0.03817773582760803,7003114,NC
-0.05316788979684153,7003115,NC
-0.07315803590858318,7003116,NC
-0.09814817416428924,7003117,NC
-0.11813830456541713,7003118,NC
-0.15812842711342545,7003119,NC
-0.193118541809774,7003120,NC
-0.2081086486559236,7003121,NC
-0.20309874765333638,7003122,NC
-0.2080888388034756,7003123,NC
-0.19307892210780558,7003124,NC
-0.21306899756779196,7003125,NC
-0.21805906518490137,7003126,NC
-0.2330491249606017,7003127,NC
-0.238039176896362,7003128,NC
-0.2330292209936525,7003129,NC
-0.23301925725394446,7003130,NC
-0.27300928567871047,7003131,NC
-0.2879993062694241,7003132,NC
-0.29298931902756026,7003133,NC
-0.2779793239545949,7003134,NC
-0.2629693210520051,7003135,NC
-0.2579593103212693,7003136,NC
-0.2579492917638667,7003137,NC
-0.26293926538127815,7003138,NC
-0.27792923117498536,7003139,NC
-0.2629191891464711,7003140,NC
-0.24290913929721963,7003141,NC
-0.2428990816287161,7003142,NC
-0.2428890161424469,7003143,NC
-0.26287894283989954,7003144,NC
-0.2778688617225628,7003145,NC
-0.27285877279192644,7003146,NC
-0.26784867604948154,7003147,NC
-0.25783857149672024,7003148,NC
-0.2728284591351358,7003149,NC
-0.2828183389662228,7003150,NC
-0.2778082109914768,7003151,NC
-0.26779807521239457,7003152,NC
-0.24778793163047402,7003153,NC
-0.24777778024721428,7003154,NC
-0.24276762106411556,7003155,NC
-0.27275745408267926,7003156,NC
-0.2677472793044079,7003157,NC
-0.26273709673080525,7003158,NC
-0.26272690636337603,7003159,NC
-0.24771670820362637,7003160,NC
-0.25270650225306335,7003161,NC
-0.2826962885131953,7003162,NC
-0.2826860669855316,7003163,NC
-0.2776758376715829,7003164,NC
-0.257665600572861,7003165,NC
-0.2576553556908787,7003166,NC
-0.24264510302715017,7003167,NC
-0.26263484258319053,7003168,NC
-0.2876245743605162,7003169,NC
-0.27761429836064466,7003170,NC
-0.26260401458509447,7003171,NC
-0.2475937230353856,7003172,NC
-0.2525834237130389,7003173,NC
-0.2675731166195764,7003174,NC
-0.27756280175652154,7003175,NC
-0.28255247912539855,7003176,NC
-0.28254214872773303,7003177,NC
-0.2625318105650517,7003178,NC
-0.2775214646388824,7003179,NC
-0.27251111095075403,7003180,NC
-0.28250074950219684,7003181,NC
-0.28749038029474205,7003182,NC
-0.2674800033299221,7003183,NC
-0.25746961860927053,7003184,NC
-0.26245922613432215,7003185,NC
-0.28244882590661274,7003186,NC
-0.2874384179276793,7003187,NC
-0.2924280021990601,7003188,NC
-0.2774175787222944,7003189,NC
-0.2724071474989226,7003190,NC
-0.26739670853048625,7003191,NC
-0.2723862618185282,7003192,NC
-0.2823758073645922,7003193,NC
-0.2623653451702235,7003194,NC
-0.25235487523696803,7003195,NC
-0.24234439756637327,7003196,NC
-0.22733391215998755,7003197,NC
-0.23732341901936058,7003198,NC
-0.24731291814604306,7003199,NC
-0.24230240954158683,7003200,NC
-0.237291893207545,7003201,NC
-0.2172813691454717,7003202,NC
-0.20727083735692223,7003203,NC
-0.21226029784345307,7003204,NC
-0.2222497506066218,7003205,NC
-0.22723919564798717,7003206,NC
-0.19222863296910908,7003207,NC
-0.19221806257154853,7003208,NC
-0.19720748445686762,7003209,NC
-0.20719689862662977,7003210,NC
-0.22218630508239934,7003211,NC
-0.22217570382574195,7003212,NC
-0.21216509485822427,7003213,NC
-0.21215447818141422,7003214,NC
-0.22714385379688076,7003215,NC
-0.24213322170619409,7003216,NC
-0.2621225819109254,7003217,NC
-0.2521119344126472,7003218,NC
-0.25210127921293296,7003219,NC
-0.25209061631335744,7003220,NC
-0.2620799457154964,7003221,NC
-0.27706926742092686,7003222,NC
-0.2920585814312269,7003223,NC
-0.2770478877479759,7003224,NC
-0.26703718637275403,7003225,NC
-0.25202647730714295,7003226,NC
-0.2770157605527252,7003227,NC
-0.2920050361110847,7003228,NC
-0.3169943039838063,7003229,NC
-0.29698356417247607,7003230,NC
-0.3069728166786812,7003231,NC
-0.3119620615040101,7003232,NC
-0.3219512986500521,7003233,NC
-0.3369405281183979,7003234,NC
-0.32692974991063933,7003235,NC
-0.31691896402836905,7003236,NC
-0.3069081704731812,7003237,NC
-0.29189736924667087,7003238,NC
-0.3118865603504344,7003239,NC
-0.3268757437860691,7003240,NC
-0.3318649195551736,7003241,NC
-0.3268540876593475,7003242,NC
-0.31184324810019165,7003243,NC
-0.30683240087930796,7003244,NC
-0.3218215459982996,7003245,NC
-0.3318106834587707,7003246,NC
-0.3467998132623265,7003247,NC
-0.3317889354105737,7003248,NC
-0.31677804990511965,7003249,NC
-0.31176715674757327,7003250,NC
-0.3117562559395443,7003251,NC
-0.33174534748264384,7003252,NC
-0.3317344313784839,7003253,NC
-0.33172350762867775,7003254,NC
-0.31171257623483983,7003255,NC
-0.2967016371985856,7003256,NC
-0.30669069052153175,7003257,NC
-0.311679736205296,7003258,NC
-0.3216687742514973,7003259,NC
-0.31665780466175564,7003260,NC
-0.3066468274376922,7003261,NC
-0.30663584258092924,7003262,NC
-0.28662485009309013,7003263,NC
-0.30161384997579954,7003264,NC
-0.29660284223068306,7003265,NC
-0.28159182685936746,7003266,NC
-0.26158080386348065,7003267,NC
-0.22156977324465182,7003268,NC
-0.196558735004511,7003269,NC
-0.1815476891446895,7003270,NC
-0.15153663566681982,7003271,NC
-0.07152557457253546,7003272,NC
0.00848549413652886,7003273,NC
0.0784965704587374,7003274,NC
0.12350765439245312,7003275,NC
0.1285187459360381,7003276,NC
0.10852984508785304,7003277,NC
0.06354095184625774,7003278,NC
-0.011447933790389324,7003279,NC
-0.09143681182373062,7003280,NC
-0.1564256822554099,7003281,NC
-0.1864145450870719,7003282,NC
-0.1564034003203626,7003283,NC
-0.046392247956928964,7003284,NC
0.07861891200158076,7003285,NC
0.22363007955351732,7003286,NC
0.35364125469723035,7003287,NC
0.4386524374310682,7003288,NC
0.4986636277533783,7003289,NC
0.5286748256625068,7003290,NC
0.4986860311567989,7003291,L
0.4036972442345985,7003292,NC
0.29370846489424846,7003293,NC
0.18371969313409062,7003294,NC
0.1037309289524655,7003295,NC
0.023742172347712635,7003296,NC
-0.03624657668182963,7003297,NC
-0.09123531813782398,7003298,NC
-0.18122405202193434,7003299,NC
-0.27121277833582563,7003300,NC
-0.381201497081164,7003301,NC
-0.46119020825961654,7003302,NC
-0.5061789118728518,7003303,NC
-0.5161676079225391,7003304,NC
-0.501156296410349,7003305,NC
-0.49614497733795326,7003306,NC
-0.4661336507070245,7003307,NC
-0.4111223165192369,7003308,NC
-0.3761109747762654,7003309,NC
-0.35109962547978607,7003310,NC
-0.33608826863147623,7003311,NC
-0.33607690423301434,7003312,NC
-0.34606553228607984,7003313,NC
-0.3210541527923534,7003314,NC
-0.32104276575351665,7003315,NC
-0.3110313711712525,7003316,NC
-0.31601996904724494,7003317,NC
-0.321008559383179,7003318,NC
-0.32599714218074094,7003319,NC
-0.320985717441618,7003320,NC
-0.29597428516749863,7003321,NC
-0.2959628453600724,7003322,NC
-0.3009513980210299,7003323,NC
-0.3009399431520629,7003324,NC
-0.3059284807548643,7003325,NC
-0.30591701083112804,7003326,NC
-0.29090553338254926,7003327,NC
-0.2758940484108242,7003328,NC
-0.2808825559176501,7003329,NC
-0.29587105590472546,7003330,NC
-0.29585954837374984,7003331,NC
-0.2908480333264238,7003332,NC
-0.2708365107644492,7003333,NC
-0.26082498068952886,7003334,NC
-0.25081344310336684,7003335,NC
-0.2658018980076682,7003336,NC
-0.2707903454041391,7003337,NC
-0.24577878529448696,7003338,NC
-0.2507672176804201,7003339,NC
-0.21575564256364813,7003340,NC
-0.21574405994588164,7003341,NC
-0.23073246982883244,7003342,NC
-0.22072087221421335,7003343,NC
-0.2157092671037384,7003344,NC
-0.19569765449912252,7003345,NC
-0.18068603440208209,7003346,NC
-0.18567440681433428,7003347,NC
-0.17566277173759753,7003348,NC
-0.1856511291735913,7003349,NC
-0.1656394791240363,7003350,NC
-0.14562782159065413,7003351,NC
-0.1506161565751677,7003352,NC
-0.13060448407930092,7003353,NC
-0.1305928041047788,7003354,NC
-0.1255811166533275,7003355,NC
-0.11556942172667431,7003356,NC
-0.0955577193265475,7003357,NC
-0.0705460094546766,7003358,NC
-0.06553429211279209,7003359,NC
-0.0655225673026257,7003360,NC
-0.05551083502591018,7003361,NC
-0.04549909528437942,7003362,NC
-0.015487348079768322,7003363,NC
0.009524406586186931,7003364,NC
0.009536168711749254,7003365,NC
0.004547938295180305,7003366,NC
0.004559715334740741,7003367,NC
0.024571499828690023,7003368,NC
0.03458329177528663,7003369,NC
0.0695950911727878,7003370,NC
0.0696068980194498,7003371,NC
0.07461871231352771,7003372,NC
0.06963053405327554,7003373,NC
0.08464236323694621,7003374,NC
0.11965419986279155,7003375,NC
0.13466604392906217,7003376,NC
0.1396778954340078,7003377,NC
0.12968975437587685,7003378,NC
0.11470162075291682,7003379,NC
0.11971349456337395,7003380,NC
0.11472537580549348,7003381,NC
0.1147372644775195,7003382,NC
0.09474916057769506,7003383,NC
0.06976106410426205,7003384,NC
0.03977297505546134,7003385,NC
0.014784893429532583,7003386,NC
-0.005203180775285532,7003387,NC
-0.010191247560755533,7003388,NC
-0.05517930692864096,7003389,NC
-0.08016735888070645,7003390,NC
-0.1101554034187178,7003391,NC
-0.14014344054444183,7003392,NC
-0.12513147025964655,7003393,NC
-0.13511949256610095,7003394,NC
-0.15510750746557517,7003395,NC
-0.1750955149598405,7003396,NC
-0.19508351505066918,7003397,NC
-0.20507150773983474,7003398,NC
-0.20505949302911158,7003399,NC
-0.22004747092027543,7003400,NC
-0.2250354414151029,7003401,NC
-0.24002340451537188,7003402,NC
-0.26001136022286114,7003403,NC
-0.25999930853935077,7003404,NC
-0.25498724946662177,7003405,NC
-0.24997518300645644,7003406,NC
-0.25996310916063786,7003407,NC
-0.27495102793095044,7003408,NC
-0.2799389393191797,7003409,NC
-0.28492684332711204,7003410,NC
-0.27491473995653526,7003411,NC
-0.2599026292092379,7003412,NC
-0.25989051108700983,7003413,NC
-0.27987838559164196,7003414,NC
-0.2898662527249263,7003415,NC
-0.2798541124886559,7003416,NC
-0.2748419648846248,7003417,NC
-0.26482980991462846,7003418,NC
-0.25981764758046305,7003419,NC
-0.29480547788392614,7003420,NC
-0.2847933008268161,7003421,NC
-0.2797811164109327,7003422,NC
-0.27976892463807645,7003423,NC
-0.26975672551004926,7003424,NC
-0.26974451902865393,7003425,NC
-0.2797323051956944,7003426,NC
-0.2997200840129758,7003427,NC
-0.28970785548230416,7003428,NC
-0.2846956196054867,7003429,NC
-0.2646833763843318,7003430,NC
-0.2646711258206488,7003431,NC
-0.2746588679162481,7003432,NC
-0.28964660267294134,7003433,NC
-0.27963433009254113,7003434,NC
-0.26962205017686114,7003435,NC
-0.2646097629277162,7003436,NC
-0.2745974683469222,7003437,NC
-0.2845851664362962,7003438,NC
-0.30457285719765614,7003439,NC
-0.2945605406328212,7003440,NC
-0.2795482167436117,7003441,NC
-0.2745358855318487,7003442,NC
-0.2895235469993548,7003443,NC
-0.29451120114795337,7003444,NC
-0.304498847979469,7003445,NC
-0.2994864874957273,7003446,NC
-0.29947411969855503,7003447,NC
-0.28946174458977986,7003448,NC
-0.2994493621712308,7003449,NC
-0.3044369724447377,7003450,NC
-0.30942457541213175,7003451,NC
-0.31441217107524483,7003452,NC
-0.3093997594359103,7003453,NC
-0.3043873404959624,7003454,NC
-0.30937491425723646,7003455,NC
-0.3043624807215689,7003456,NC
-0.3193500398907973,7003457,NC
-0.3093375917667601,7003458,NC
-0.2993251363512971,7003459,NC
-0.29931267364624903,7003460,NC
-0.3093002036534577,7003461,NC
-0.30928772637476587,7003462,NC
-0.32427524181201767,7003463,NC
-0.3142627499670581,7003464,NC
-0.3142502508417333,7003465,NC
-0.31423774443789043,7003466,NC
-0.30422523075737784,7003467,NC
-0.32921270980204476,7003468,NC
-0.32920018157374176,7003469,NC
-0.30418764607432025,7003470,NC
-0.2991751033056328,7003471,NC
-0.26916255326953314,7003472,NC
-0.2741499959678759,7003473,NC
-0.29413743140251697,7003474,NC
-0.2941248595753132,7003475,NC
-0.2841122804881224,7003476,NC
-0.27409969414280383,7003477,NC
-0.2640871005412174,7003478,NC
-0.24907449968522433,7003479,NC
-0.2540618915766868,7003480,NC
-0.2590492762174682,7003481,NC
-0.24903665360943292,7003482,NC
-0.2390240237544463,7003483,NC
-0.23901138665437496,7003484,NC
-0.24899874231108649,7003485,NC
-0.27398609072644947,7003486,NC
-0.3039734319023337,7003487,NC
-0.29396076584060993,7003488,NC
-0.2689480925431501,7003489,NC
-0.2589354120118271,7003490,NC
-0.27392272424851505,7003491,NC
-0.2939100292550888,7003492,NC
-0.31389732703342477,7003493,NC
-0.3138846175854,7003494,NC
-0.30387190091289273,7003495,NC
-0.29385917701778247,7003496,NC
-0.32384644590194955,7003497,NC
-0.34383370756727544,7003498,NC
-0.3438209620156427,7003499,NC
-0.33880820924893507,7003500,NC
-0.32879544926903714,7003501,NC
-0.3387826820778346,7003502,NC
-0.36376990767721434,7003503,NC
-0.38375712606906426,7003504,NC
-0.3687443372552732,7003505,NC
-0.3587315412377313,7003506,NC
-0.36871873801832966,7003507,NC
-0.37870592759896027,7003508,NC
-0.38369310998151646,7003509,NC
-0.3936802851678924,7003510,NC
-0.3986674531599835,7003511,NC
-0.3786546139596862,7003512,NC
-0.3686417675688978,7003513,NC
-0.37862891398951704,7003514,NC
-0.3836160532234433,7003515,NC
-0.40360318527257727,7003516,NC
-0.41359031013882075,7003517,NC
-0.4185774278240765,7003518,NC
-0.3935645383302482,7003519,NC
-0.3985516416592409,7003520,NC
-0.4035387378129605,7003521,NC
-0.4235258267933141,7003522,NC
-0.4235129086022096,7003523,NC
-0.4234999832415562,7003524,NC
-0.3984870507132642,7003525,NC
-0.4034741110192447,7003526,NC
-0.38846116416141013,7003527,NC
-0.41344821014167377,7003528,NC
-0.4234352489619501,7003529,NC
-0.41342228062415465,7003530,NC
-0.3984093051302038,7003531,NC
-0.3933963224820153,7003532,NC
-0.3983833326815078,7003533,NC
-0.403370335730601,7003534,NC
-0.4183573316312156,7003535,NC
-0.4183443203852735,7003536,NC
-0.3883313019946976,7003537,NC
-0.3833182764614118,7003538,NC
-0.3883052437873411,7003539,NC
-0.3982922039744115,7003540,NC
-0.3832791570245503,7003541,NC
-0.3682661029396854,7003542,NC
-0.3382530417217462,7003543,NC
-0.30823997337266296,7003544,NC
-0.27822689789436694,7003545,NC
-0.24321381528879055,7003546,NC
-0.18820072555786718,7003547,NC
-0.10318762870353138,7003548,NC
-0.02317452472771861,7003549,NC
0.05183858636763446,7003550,NC
0.09185170458059026,7003551,NC
0.09686482990921,7003552,NC
0.06687796235155406,7003553,NC
0.021891101905681547,7003554,NC
-0.03309575143034933,7003555,NC
-0.10808259765848152,7003556,NC
-0.16306943678065894,7003557,NC
-0.1780562687988266,7003558,NC
-0.12304309371493051,7003559,NC
-0.03302991153091784,7003560,NC
0.08198327775126331,7003561,NC
0.19699647412966376,7003562,NC
0.29700967760233316,7003563,NC
0.3820228881673204,7003564,NC
0.437036105822673,7003565,NC
0.4820493305664376,7003566,NC
0.45706256239665977,7003567,L
0.402075801311384,7003568,NC
0.2820890473086538,7003569,NC
0.16710230038651153,7003570,NC
0.06211556054299864,7003571,NC
-0.022871172223844598,7003572,NC
-0.10285789791597885,7003573,NC
-0.16284461653536594,7003574,NC
-0.23783132808396862,7003575,NC
-0.3078180325637508,7003576,NC
-0.3878047299766773,7003577,NC
-0.4577914203247141,7003578,NC
-0.5327781036098282,7003579,NC
-0.5827647798339877,7003580,NC
-0.6127514489991615,7003581,NC
-0.6227381111073197,7003582,NC
-0.6027247661604338,7003583,NC
-0.5677114141604757,7003584,NC
-0.5326980551094186,7003585,NC
-0.502684689009237,7003586,NC
-0.48767131586190604,7003587,NC
-0.4876579356694023,7003588,NC
-0.47264454843370296,7003589,NC
-0.46763115415678663,7003590,NC
-0.4676177528406328,7003591,NC
-0.4426043444872219,7003592,NC
-0.4575909290985355,7003593,NC
-0.4625775066765564,7003594,NC
-0.46756407722326804,7003595,NC
-0.4675506407406552,7003596,NC
-0.45753719723070363,7003597,NC
-0.44752374669540007,7003598,NC
-0.4425102891367323,7003599,NC
-0.4774968245566892,7003600,NC
-0.4674833529572606,7003601,NC
-0.4624698743404375,7003602,NC
-0.45245638870821187,7003603,NC
-0.4374428960625766,7003604,NC
-0.43242939640552575,7003605,NC
-0.4574158897390544,7003606,NC
-0.45740237606515866,7003607,NC
-0.4323888553858357,7003608,NC
-0.42237532770308367,7003609,NC
-0.41236179301890175,7003610,NC
-0.4173482513352902,7003611,NC
-0.41733470265425027,7003612,NC
-0.4073211469777843,7003613,NC
-0.40230758430789565,7003614,NC
-0.37229401464658873,7003615,NC
-0.36228043799586884,7003616,NC
-0.36226685435774253,7003617,NC
-0.3622532637342172,7003618,NC
-0.3522396661273014,7003619,NC
-0.35722606153900466,7003620,NC
-0.33721244997133754,7003621,NC
-0.31219883142631166,7003622,NC
-0.31718520590593974,7003623,NC
-0.3171715734122353,7003624,NC
-0.31715793394721314,7003625,NC
-0.28714428751288884,7003626,NC
-0.2621306341112794,7003627,NC
-0.24211697374440241,7003628,NC
-0.23210330641427673,7003629,NC
-0.2320896321229223,7003630,NC
-0.21707595087235992,7003631,NC
-0.19206226266461143,7003632,NC
-0.1720485675016999,7003633,NC
-0.14203486538564913,7003634,NC
-0.14202115631848428,7003635,NC
-0.14200744030223122,7003636,NC
-0.12199371733891706,7003637,NC
-0.10697998743056986,7003638,NC
-0.09196625057921873,7003639,NC
-0.06695250678689373,7003640,NC
-0.05193875605562607,7003641,NC
-0.051924998387447865,7003642,NC
-0.041911233784392384,7003643,NC
-0.026897462248493768,7003644,NC
-0.011883683781787335,7003645,NC
0.018130101613690712,7003646,NC
0.023143893935903014,7003647,NC
0.02315769318281128,7003648,NC
0.008171499352376203,7003649,NC
0.02818531244255739,7003650,NC
0.048199132451313416,7003651,NC
0.04821295937660195,7003652,NC
0.01822679321637949,7003653,NC
-0.006759366031398373,7003654,NC
-0.03674551836877715,7003655,NC
-0.061731663797803295,7003656,NC
-0.07171780232052438,7003657,NC
-0.09670393393898888,7003658,NC
-0.1316900586552464,7003659,NC
-0.16667617647134747,7003660,NC
-0.19666228738934377,7003661,NC
-0.21164839141128786,7003662,NC
-0.22163448853923337,7003663,NC
-0.23162057877523495,7003664,NC
-0.24660666212134835,7003665,NC
-0.2715927385796302,7003666,NC
-0.30157880815213817,7003667,NC
-0.3015648708409311,7003668,NC
-0.2915509266480686,7003669,NC
-0.3015369755756116,7003670,NC
-0.3115230176256217,7003671,NC
-0.33650905280016175,7003672,NC
-0.34149508110129567,7003673,NC
-0.33648110253108815,7003674,NC
-0.3264671170916052,7003675,NC
-0.32145312478491345,7003676,NC
-0.33143912561308086,7003677,NC
-0.35142511957817646,7003678,NC
-0.36641110668227,7003679,NC
-0.36139708692743244,7003680,NC
-0.3463830603157357,7003681,NC
-0.3513690268492527,7003682,NC
-0.3463549865300575,7003683,NC
-0.35634093936022493,7003684,NC
-0.366326885341831,7003685,NC
-0.3563128244769528,7003686,NC
-0.3312987567676682,7003687,NC
-0.3262846822160564,7003688,NC
-0.3362706008241972,7003689,NC
-0.3512565125941718,7003690,NC
-0.3612424175280622,7003691,NC
-0.3512283156279514,7003692,NC
-0.34121420689592363,7003693,NC
-0.3412000913340638,7003694,NC
-0.3361859689444581,7003695,NC
-0.34617183972919363,7003696,NC
-0.3511577036903584,7003697,NC
-0.3461435608300416,7003698,NC
-0.3261294111503334,7003699,NC
-0.3261152546533248,7003700,NC
-0.331101091341108,7003701,NC
-0.34608692121577617,7003702,NC
-0.34607274427942347,7003703,NC
-0.36605856053414504,7003704,NC
-0.351044369982037,7003705,NC
-0.3360301726251965,7003706,NC
-0.33101596846572184,7003707,NC
-0.34600175750571216,7003708,NC
-0.3509875397472676,7003709,NC
-0.35097331519248937,7003710,NC
-0.33095908384347966,7003711,NC
-0.3259448457023417,7003712,NC
-0.33093060077117964,7003713,NC
-0.35591634905209873,7003714,NC
-0.35590209054720523,7003715,NC
-0.3308878252586062,7003716,NC
-0.3158735531884101,7003717,NC
-0.3258592743387259,7003718,NC
-0.3258449887116639,7003719,NC
-0.33083069630933537,7003720,NC
-0.3458163971338525,7003721,NC
-0.3408020911873285,7003722,NC
-0.32078777847187767,7003723,NC
-0.3257734589896152,7003724,NC
-0.31575913274265716,7003725,NC
-0.325744799733121,7003726,NC
-0.3307304599631248,7003727,NC
-0.33071611343478785,7003728,NC
-0.3107017601502304,7003729,NC
-0.29068740011157357,7003730,NC
-0.3006730333209397,7003731,NC
-0.3056586597804519,7003732,NC
-0.30064427949223443,7003733,NC
-0.2906298924584125,7003734,NC
-0.2806154986811123,7003735,NC
-0.28060109816246104,7003736,NC
-0.280586690904587,7003737,NC
-0.30057227690961924,7003738,NC
-0.30555785617968806,7003739,NC
-0.28554342871692456,7003740,NC
-0.260528994523461,7003741,NC
-0.2355145536014306,7003742,NC
-0.23550010595296736,7003743,NC
-0.2554856515802066,7003744,NC
-0.2654711904852844,7003745,NC
-0.2604567226703379,7003746,NC
-0.2604422481375054,7003747,NC
-0.24542776688892587,7003748,NC
-0.2604132789267395,7003749,NC
-0.2753987842530874,7003750,NC
-0.29538428287011176,7003751,NC
-0.2953697747799555,7003752,NC
-0.28035525998476296,7003753,NC
-0.27534073848667906,7003754,NC
-0.29032621028785,7003755,NC
-0.3153116753904227,7003756,NC
-0.30529713379654533,7003757,NC
-0.31028258550836696,7003758,NC
-0.3052680305280375,7003759,NC
-0.30025346885770815,7003760,NC
-0.3002389004995308,7003761,NC
-0.30022432545565847,7003762,NC
-0.3352097437282452,7003763,NC
-0.315195155319446,7003764,NC
-0.3101805602314167,7003765,NC
-0.32016595846631446,7003766,NC
-0.32015135002629697,7003767,NC
-0.34513673491352337,7003768,NC
-0.37012211313015353,7003769,NC
-0.3751074846783483,7003770,NC
-0.35509284956026954,7003771,NC
-0.3400782077780802,7003772,NC
-0.3300635593339441,7003773,NC
-0.3400489042300261,7003774,NC
-0.34503424246849207,7003775,NC
-0.3400195740515087,7003776,NC
-0.33000489898124385,7003777,NC
-0.3249902172598663,7003778,NC
-0.32997552888954573,7003779,NC
-0.339960833872453,7003780,NC
-0.3449461322107598,7003781,NC
-0.3449314239066389,7003782,NC
-0.3099167089622638,7003783,NC
-0.3299019873798093,7003784,NC
-0.329887259161451,7003785,NC
-0.35487252430936567,7003786,NC
-0.35485778282573077,7003787,NC
-0.3698430347127249,7003788,NC
-0.34982827997252763,7003789,NC
-0.32981351860731956,7003790,NC
-0.3347987506192822,7003791,NC
-0.3497839760105981,7003792,NC
-0.3547691947834507,7003793,NC
-0.3397544069400244,7003794,NC
-0.3297396124825048,7003795,NC
-0.3197248114130782,7003796,NC
-0.334710003733932,7003797,NC
-0.3446951894472546,7003798,NC
-0.3496803685552353,7003799,NC
-0.33966554106006464,7003800,NC
-0.31465070696393366,7003801,NC
-0.30463586626903477,7003802,NC
-0.3096210189775612,7003803,NC
-0.31960616509170714,7003804,NC
-0.32459130461366786,7003805,NC
-0.30957643754563946,7003806,NC
-0.2795615638898191,7003807,NC
-0.249546683648405,7003808,NC
-0.24453179682359621,7003809,NC
-0.2345169034175927,7003810,NC
-0.20450200343259567,7003811,NC
-0.14448709687080702,7003812,NC
-0.07447218373442982,7003813,NC
-0.014457264025667944,7003814,NC
0.040557662253273605,7003815,NC
0.09057259510018897,7003816,NC
0.13058753451287122,7003817,NC
0.16060248048911263,7003818,NC
0.16561743302670426,7003819,NC
0.14063239212343642,7003820,NC
0.08564735777709828,7003821,NC
-0.014337670014521804,7003822,NC
-0.0743226912536366,7003823,NC
-0.08930770594245967,7003824,NC
-0.06429271408320573,7003825,NC
-0.0042777156780903075,7003826,NC
0.06573728927066999,7003827,NC
0.14075230076085765,7003828,NC
0.2307673187902542,7003829,NC
0.32578234335664014,7003830,NC
0.41579737445779513,7003831,NC
0.48081241209149767,7003832,NC
0.5108274562555254,7003833,NC
0.4658425069476551,7003834,L
0.38585756416566236,7003835,NC
0.2858726279073221,7003836,NC
0.2208876981704079,7003837,NC
0.14590277495269266,7003838,NC
0.07091785825194832,7003839,NC
-0.009067051934054327,7003840,NC
-0.06905195560754529,7003841,NC
-0.12403685277075563,7003842,NC
-0.1540217434259174,7003843,NC
-0.2190066275752634,7003844,NC
-0.30399150522102775,7003845,NC
-0.39897637636544514,7003846,NC
-0.47396124101075154,7003847,NC
-0.5089460991591838,7003848,NC
-0.4889309508129794,7003849,NC
-0.46891579597437727,7003850,NC
-0.4389006346456171,7003851,NC
-0.4338854668289395,7003852,NC
-0.4138702925265861,7003853,NC
-0.3938551117407993,7003854,NC
-0.3638399244738228,7003855,NC
-0.353824730727901,7003856,NC
-0.3488095305052793,7003857,NC
-0.35879432380820414,7003858,NC
-0.37377911063892283,7003859,NC
-0.3587638909996837,7003860,NC
-0.3487486648927359,7003861,NC
-0.3287334323203298,7003862,NC
-0.3387181932847165,7003863,NC
-0.343702947788148,7003864,NC
-0.3536876958328776,7003865,NC
-0.3486724374211592,7003866,NC
-0.3336571725552478,7003867,NC
-0.32864190123739934,7003868,NC
-0.32862662346987076,7003869,NC
-0.3386113392549198,7003870,NC
-0.3435960485948054,7003871,NC
-0.3385807514917873,7003872,NC
-0.32856544794812603,7003873,NC
-0.32355013796608345,7003874,NC
-0.323534821547922,7003875,NC
-0.3335194986959053,7003876,NC
-0.3385041694122979,7003877,NC
-0.3334888336993652,7003878,NC
-0.30847349155937376,7003879,NC
-0.28845814299459077,7003880,NC
-0.31344278800728453,7003881,NC
-0.30342742659972444,7003882,NC
-0.3034120587741806,7003883,NC
-0.2933966845329242,7003884,NC
-0.27338130387822734,7003885,NC
-0.25836591681236304,7003886,NC
-0.2633505233376054,7003887,NC
-0.27333512345622923,7003888,NC
-0.2733197171705105,7003889,NC
-0.2583043044827261,7003890,NC
-0.23328888539515372,7003891,NC
-0.22327345991007214,7003892,NC
-0.218258028029761,7003893,NC
-0.21324258975650098,7003894,NC
-0.22822714509257358,7003895,NC
-0.20821169404026138,7003896,NC
-0.18319623660184778,7003897,NC
-0.17318077277961721,7003898,NC
-0.173165302575855,7003899,NC
-0.17814982599284745,7003900,NC
-0.15813434303288174,7003901,NC
-0.14311885369824612,7003902,NC
-0.11810335799122965,7003903,NC
-0.10308785591412241,7003904,NC
-0.09307234746921536,7003905,NC
-0.10305683265880046,7003906,NC
-0.09304131148517064,7003907,NC
-0.06802578395061964,7003908,NC
-0.05801025005744224,7003909,NC
-0.037994709807934166,7003910,NC
-0.027979163204392005,7003911,NC
-0.022963610249113395,7003912,NC
-0.022948050944396798,7003913,NC
-0.007932485292541716,7003914,NC
0.007083086704151517,7003915,NC
0.0420986650433815,7003916,NC
0.052114249722846034,7003917,NC
0.04712984074024185,7003918,NC
0.0521454380932649,7003919,NC
0.06216104177960999,7003920,NC
0.09217665179697122,7003921,NC
0.11719226814304154,7003922,NC
0.12720789081551315,7003923,NC
0.11722351981207718,7003924,NC
0.1272391551304239,7003925,NC
0.1322547967682426,7003926,NC
0.1772704447232217,7003927,NC
0.16728609899304858,7003928,NC
0.15230175957540984,7003929,NC
0.12731742646799096,7003930,NC
0.09733309966847668,7003931,NC
0.11234877917455062,7003932,NC
0.11236446498389566,7003933,NC
0.09738015709419356,7003934,NC
0.0623958555031253,7003935,NC
0.02741156020837083,7003936,NC
0.002427271207609258,7003937,NC
-0.017557011501481354,7003938,NC
-0.017541287921223746,7003939,NC
-0.02752555805394171,7003940,NC
-0.05250982190195987,7003941,NC
-0.08749407946760378,7003942,NC
-0.11247833075320005,7003943,NC
-0.11746257576107601,7003944,NC
-0.13244681449356016,7003945,NC
-0.12743104695298169,7003946,NC
-0.15741527314167092,7003947,NC
-0.1573994930619589,7003948,NC
-0.1773837067161778,7003949,NC
-0.17236791410666064,7003950,NC
-0.1773521152357413,7003951,NC
-0.17233631010575462,7003952,NC
-0.19232049871903642,7003953,NC
-0.20730468107792346,7003954,NC
-0.21228885718475327,7003955,NC
-0.21227302704186446,7003956,NC
-0.19225719065159647,7003957,NC
-0.2022413480162898,7003958,NC
-0.2022254991382857,7003959,NC
-0.22720964401992638,7003960,NC
-0.22719378266355514,7003961,NC
-0.22717791507151594,7003962,NC
-0.2071620412461539,7003963,NC
-0.20714616118981483,7003964,NC
-0.21213027490484573,7003965,NC
-0.21711438239359424,7003966,NC
-0.2320984836584092,7003967,NC
-0.2220825787016401,7003968,NC
-0.21706666752563758,7003969,NC
-0.19705075013275303,7003970,NC
-0.2020348265253388,7003971,NC
-0.22201889670574826,7003972,NC
-0.22200296067633557,7003973,NC
-0.2169870184394559,7003974,NC
-0.19697106999746525,7003975,NC
-0.1869551153527206,7003976,NC
-0.19693915450757987,7003977,NC
-0.2019231874644018,7003978,NC
-0.2169072142255461,7003979,NC
-0.20189123479337343,7003980,NC
-0.19687524917024535,7003981,NC
-0.17185925735852423,7003982,NC
-0.18184325936057355,7003983,NC
-0.1968272551787575,7003984,NC
-0.20181124481544138,7003985,NC
-0.1917952282729912,7003986,NC
-0.1817792055537741,7003987,NC
-0.17176317666015792,7003988,NC
-0.18174714159451158,7003989,NC
-0.20173110035920477,7003990,NC
-0.21171505295660825,7003991,NC
-0.19669899938909358,7003992,NC
-0.19168293965903327,7003993,NC
-0.1816668737688007,7003994,NC
-0.20165080172077018,7003995,NC
-0.19663472351731695,7003996,NC
-0.2166186391608172,7003997,NC
-0.20660254865364794,7003998,NC
-0.19158645199818714,7003999,NC
-0.1865703491968136,7004000,NC
-0.1965542402519072,7004001,NC
-0.20153812516584857,7004002,NC
-0.2165220039410193,7004003,NC
-0.20150587657980193,7004004,NC
-0.1914897430845798,7004005,NC
-0.17647360345773727,7004006,NC
-0.1864574577016595,7004007,NC
-0.19644130581873268,7004008,NC
-0.22142514781134381,7004009,NC
-0.20640898368188088,7004010,NC
-0.19639281343273257,7004011,NC
-0.2013766370662888,7004012,NC
-0.20636045458494012,7004013,NC
-0.21634426599107806,7004014,NC
-0.2213280712870952,7004015,NC
-0.21631187047538475,7004016,NC
-0.21129566355834112,7004017,NC
-0.19127945053835932,7004018,NC
-0.19626323141783553,7004019,NC
-0.19124700619916665,7004020,NC
-0.20123077488475055,7004021,NC
-0.19121453747698602,7004022,NC
-0.1661982939782727,7004023,NC
-0.16118204439101125,7004024,NC
-0.166165788717603,7004025,NC
-0.17114952696045044,7004026,NC
-0.18613325912195672,7004027,NC
-0.18111698520452615,7004028,NC
-0.15110070521056362,7004029,NC
-0.13108441914247526,7004030,NC
-0.1460681270026678,7004031,NC
-0.1460518287935491,7004032,NC
-0.15103552451752772,7004033,NC
-0.14601921417701327,7004034,NC
-0.1310028977744162,7004035,NC
-0.10598657531214786,7004036,NC
-0.12097024679262042,7004037,NC
-0.13595391221824707,7004038,NC
-0.1609375715914418,7004039,NC
-0.15092122491461962,7004040,NC
-0.15090487219019622,7004041,NC
-0.1358885134205884,7004042,NC
-0.13587214860821373,7004043,NC
-0.16585577775549074,7004044,NC
-0.18083940086483877,7004045,NC
-0.17582301793867816,7004046,NC
-0.17580662897943,7004047,NC
-0.16579023398951645,7004048,NC
-0.1757738329713604,7004049,NC
-0.19575742592738574,7004050,NC
-0.21074101286001717,7004051,NC
-0.20572459377168037,7004052,NC
-0.2007081686648018,7004053,NC
-0.19069173754180888,7004054,NC
-0.21067530040512994,7004055,NC
-0.22565885725719415,7004056,NC
-0.22564240810043154,7004057,NC
-0.23062595293727317,7004058,NC
-0.2206094917701508,7004059,NC
-0.20559302460149723,7004060,NC
-0.230576551433746,7004061,NC
-0.2605600722693317,7004062,NC
-0.2655435871106897,7004063,NC
-0.2505270959602563,7004064,NC
-0.2455105988204686,7004065,NC
-0.2404940956937648,7004066,NC
-0.23547758658258364,7004067,NC
-0.2554610714893651,7004068,NC
-0.2654445504165498,7004069,NC
-0.2654280233665794,7004070,NC
-0.2404114903418963,7004071,NC
-0.24039495134494387,7004072,NC
-0.23537840637816643,7004073,NC
-0.26036185544400897,7004074,NC
-0.2503452985449176,7004075,NC
-0.26032873568333914,7004076,NC
-0.2403121668617214,7004077,NC
-0.24529559208251303,7004078,NC
-0.2502790113481635,7004079,NC
-0.2602624246611233,7004080,NC
-0.2802458320238436,7004081,NC
-0.26022923343877674,7004082,NC
-0.24021262890837564,7004083,NC
-0.24019601843509425,7004084,NC
-0.2501794020213873,7004085,NC
-0.2551627796697106,7004086,NC
-0.2651461513825207,7004087,NC
-0.2601295171622749,7004088,NC
-0.2501128770114316,7004089,NC
-0.23509623093245,7004090,NC
-0.23507957892779016,7004091,NC
-0.25506292099991296,7004092,NC
-0.2550462571512803,7004093,NC
-0.2500295873843548,7004094,NC
-0.24001291170160016,7004095,NC
-0.22499623010548064,7004096,NC
-0.22997954259846165,7004097,NC
-0.2449628491830093,7004098,NC
-0.2399461498615908,7004099,NC
-0.21492944463667393,7004100,NC
-0.18991273351072757,7004101,NC
-0.16489601648622143,7004102,NC
-0.15487929356562594,7004103,NC
-0.14486256475141263,7004104,NC
-0.12484583004605379,7004105,NC
-0.0848290894520225,7004106,NC
-0.01981234297179287,7004107,NC
0.05020440939216026,7004108,NC
0.10522116763736106,7004109,NC
0.15523793176133294,7004110,NC
0.19025470176159834,7004111,NC
0.21527147763567894,7004112,NC
0.23028825938109543,7004113,NC
0.20530504699536772,7004114,NC
0.15032184047601485,7004115,NC
0.075338639820555,7004116,NC
-0.004644554973494662,7004117,NC
-0.02462774390861759,7004118,NC
0.010389073012701713,7004119,NC
0.0754058957879779,7004120,NC
0.15542272441472488,7004121,NC
0.24043955889045554,7004122,NC
0.33545639921268194,7004123,NC
0.4504732453789154,7004124,NC
0.5604900973866662,7004125,NC
0.645506955233444,7004126,NC
0.7005238189167573,7004127,NC
0.6955406884341139,7004128,NC
0.6405575637830208,7004129,L
0.5455744449609837,7004130,NC
0.4505913319655083,7004131,NC
0.3856082247940987,7004132,NC
0.2956251234442583,7004133,NC
0.2056420279134898,7004134,NC
0.10065893819929489,7004135,NC
0.03067585429917452,7004136,NC
-0.054307223789371334,7004137,NC
-0.11929029606884343,7004138,NC
-0.23427336254174355,7004139,NC
-0.33425642321057414,7004140,NC
-0.4192394780778387,7004141,NC
-0.4692225271460414,7004142,NC
-0.4642055704176874,7004143,NC
-0.46418860789528266,7004144,NC
-0.4491716395813341,7004145,NC
-0.4191546654783493,7004146,NC
-0.4041376855888368,7004147,NC
-0.36912069991530605,7004148,NC
-0.3341037084602672,7004149,NC
-0.30908671122623155,7004150,NC
-0.29906970821571094,7004151,NC
-0.3040526994312181,7004152,NC
-0.3040356848752669,7004153,NC
-0.30401866455037163,7004154,NC
-0.27900163845904785,7004155,NC
-0.26898460660381174,7004156,NC
-0.2889675689871803,7004157,NC
-0.29895052561167157,7004158,NC
-0.30393347647980423,7004159,NC
-0.28891642159409797,7004160,NC
-0.2738993609570732,7004161,NC
-0.26888229457125135,7004162,NC
-0.26386522243915456,7004163,NC
-0.29384814456330577,7004164,NC
-0.293831060946229,7004165,NC
-0.2938139715904489,7004166,NC
-0.26879687649849116,7004167,NC
-0.25877977567288196,7004168,NC
-0.26876266911614877,7004169,NC
-0.28374555683081965,7004170,NC
-0.28872843881942356,7004171,NC
-0.2787113150844903,7004172,NC
-0.25869418562855057,7004173,NC
-0.23867705045413584,7004174,NC
-0.2536599095637784,7004175,NC
-0.26864276296001155,7004176,NC
-0.2686256106453693,7004177,NC
-0.2586084526223864,7004178,NC
-0.2335912888935987,7004179,NC
-0.22357411946154276,7004180,NC
-0.22855694432875595,7004181,NC
-0.23853976349777659,7004182,NC
-0.24352257697114363,7004183,NC
-0.22350538475139714,7004184,NC
-0.2034881868410779,7004185,NC
-0.1984709832427274,7004186,NC
-0.18845377395888824,7004187,NC
-0.21343655899210362,7004188,NC
-0.19841933834491776,7004189,NC
-0.18840211201987553,7004190,NC
-0.15838488001952286,7004191,NC
-0.15336764234640637,7004192,NC
-0.15335039900307348,7004193,NC
-0.16833314999207263,7004194,NC
-0.16331589531595292,7004195,NC
-0.15829863497726437,7004196,NC
-0.11828136897855784,7004197,NC
-0.10326409732238502,7004198,NC
-0.10324682001129837,7004199,NC
-0.10822953704785132,7004200,NC
-0.11321224843459796,7004201,NC
-0.07819495417409343,7004202,NC
-0.053177654268893475,7004203,NC
-0.04316034872155488,7004204,NC
-0.038143037534635084,7004205,NC
-0.023125720710692493,7004206,NC
-0.018108398252286332,7004207,NC
0.006908929838023423,7004208,NC
0.006926263557675942,7004209,NC
0.03194360290410947,7004210,NC
0.031960947874761544,7004211,NC
0.026978298467068756,7004212,NC
0.046995654678466996,7004213,NC
0.05201301650639115,7004214,NC
0.07203038394827552,7004215,NC
0.11704775700155327,7004216,NC
0.11206513566365703,7004217,NC
0.1170825199320184,7004218,NC
0.11709990980406827,7004219,NC
0.13711730527723656,7004220,NC
0.1571347063489526,7004221,NC
0.18715211301664464,7004222,NC
0.18216952527774022,7004223,NC
0.15718694312966608,7004224,NC
0.14220436656984803,7004225,NC
0.14722179559571125,7004226,NC
0.14223923020467985,7004227,NC
0.13225667039417727,7004228,NC
0.11227411616162611,7004229,NC
0.05729156750444807,7004230,NC
0.042309024420064144,7004231,NC
0.02732648690589437,7004232,NC
0.017343954959358095,7004233,NC
0.012361428577873708,7004234,NC
-0.02262109224114108,7004235,NC
-0.057603607500269535,7004236,NC
-0.09758611720209556,7004237,NC
-0.10756862134920411,7004238,NC
-0.10255111994418072,7004239,NC
-0.10753361298961195,7004240,NC
-0.12751610048808498,7004241,NC
-0.15249858244218806,7004242,NC
-0.16248105885451006,7004243,NC
-0.17246352972764065,7004244,NC
-0.17244599506417052,7004245,NC
-0.17242845486669095,7004246,NC
-0.18241090913779415,7004247,NC
-0.19239335788007328,7004248,NC
-0.20237580109612202,7004249,NC
-0.2173582387885351,7004250,NC
-0.20734067095990796,7004251,NC
-0.20732309761283696,7004252,NC
-0.20230551874991906,7004253,NC
-0.2272879343737523,7004254,NC
-0.21727034448693533,7004255,NC
-0.2122527490920678,7004256,NC
-0.21223514819174993,7004257,NC
-0.20721754178858307,7004258,NC
-0.19719992988516905,7004259,NC
-0.22218231248411072,7004260,NC
-0.22716468958801175,7004261,NC
-0.21214706119947643,7004262,NC
-0.2021294273211102,7004263,NC
-0.19711178795551887,7004264,NC
-0.1820941431053095,7004265,NC
-0.19707649277308964,7004266,NC
-0.21705883696146783,7004267,NC
-0.2120411756730533,7004268,NC
-0.1920235089104562,7004269,NC
-0.19700583667628743,7004270,NC
-0.19198815897315868,7004271,NC
-0.20197047580368255,7004272,NC
-0.20695278717047225,7004273,NC
-0.191935093076142,7004274,NC
-0.19191739352330672,7004275,NC
-0.16689968851458223,7004276,NC
-0.191881978052585,7004277,NC
-0.19186426213993243,7004278,NC
-0.20184654077924272,7004279,NC
-0.20682881397313477,7004280,NC
-0.18181108172422844,7004281,NC
-0.17679334403514427,7004282,NC
-0.18177560090850364,7004283,NC
-0.1967578523469288,7004284,NC
-0.20674009835304274,7004285,NC
-0.19672233892946916,7004286,NC
-0.1767045740788328,7004287,NC
-0.16668680380375894,7004288,NC
-0.1666690281068739,7004289,NC
-0.18165124699080457,7004290,NC
-0.18663346045817883,7004291,NC
-0.1866156685116253,7004292,NC
-0.16659787115377336,7004293,NC
-0.16158006838725322,7004294,NC
-0.1615622602146959,7004295,NC
-0.1665444466387332,7004296,NC
-0.18152662766199767,7004297,NC
-0.1715088032871228,7004298,NC
-0.16149097351674274,7004299,NC
-0.16147313835349247,7004300,NC
-0.15145529780000788,7004301,NC
-0.17143745185892545,7004302,NC
-0.17641960053288264,7004303,NC
-0.16640174382451756,7004304,NC
-0.16138388173646928,7004305,NC
-0.14136601427137746,7004306,NC
-0.14634814143188282,7004307,NC
-0.1663302632206266,7004308,NC
-0.17131237964025103,7004309,NC
-0.15629449069339899,7004310,NC
-0.14627659638271426,7004311,NC
-0.1262586967108414,7004312,NC
-0.11624079168042573,7004313,NC
-0.13622288129411333,7004314,NC
-0.12620496555455116,7004315,NC
-0.11618704446438687,7004316,NC
-0.10616911802626902,7004317,NC
-0.07615118624284681,7004318,NC
-0.0811332491167704,7004319,NC
-0.08111530665069058,7004320,NC
-0.09609735884725909,7004321,NC
-0.08607940570912828,7004322,NC
-0.061061447238951454,7004323,NC
-0.05604348343938256,7004324,NC
-0.05602551431307648,7004325,NC
-0.06100753986268872,7004326,NC
-0.06098956009087574,7004327,NC
-0.050971575000294686,7004328,NC
-0.030953584593603454,7004329,NC
-0.005935588873460858,7004330,NC
-0.020917587842526356,7004331,NC
-0.04589958150346032,7004332,NC
-0.05588156985892377,7004333,NC
-0.055863552911578615,7004334,NC
-0.05584553066408757,7004335,NC
-0.04582750311911399,7004336,NC
-0.05080947027932217,7004337,NC
-0.08079143214737707,7004338,NC
-0.09077338872594452,7004339,NC
-0.07575534001769105,7004340,NC
-0.07073728602528406,7004341,NC
-0.06571922675139164,7004342,NC
-0.07070116219868275,7004343,NC
-0.09068309236982704,7004344,NC
-0.10066501726749502,7004345,NC
-0.10064693689435797,7004346,NC
-0.09562885125308782,7004347,NC
-0.0856107603463575,7004348,NC
-0.09559266417684051,7004349,NC
-0.10557456274721129,7004350,NC
-0.11055645606014491,7004351,NC
-0.11553834411831737,7004352,NC
-0.1105202269244053,7004353,NC
-0.10050210448108622,7004354,NC
-0.1204839767910384,7004355,NC
-0.14546584385694078,7004356,NC
-0.15544770568147329,7004357,NC
-0.14042956226731637,7004358,NC
-0.11541141361715149,7004359,NC
-0.10039325973366066,7004360,NC
-0.10537510061952687,7004361,NC
-0.12035693627743374,7004362,NC
-0.14533876671006574,7004363,NC
-0.1353205919201081,7004364,NC
-0.1253024119102467,7004365,NC
-0.11528422668316846,7004366,NC
-0.11526603624156077,7004367,NC
-0.12024784058811205,7004368,NC
-0.14022963972551122,7004369,NC
-0.14021143365644828,7004370,NC
-0.14019322238361373,7004371,NC
-0.11517500590969904,7004372,NC
-0.13015678423739624,7004373,NC
-0.1301385573693984,7004374,NC
-0.14012032530839902,7004375,NC
-0.13510208805709265,7004376,NC
-0.13008384561817454,7004377,NC
-0.10506559799434063,7004378,NC
-0.12004734518828769,7004379,NC
-0.1350290872027132,7004380,NC
-0.1450108240403155,7004381,NC
-0.1449925557037936,7004382,NC
-0.12997428219584728,7004383,NC
-0.1099560035191772,7004384,NC
-0.12993771967648463,7004385,NC
-0.1349194306704717,7004386,NC
-0.12990113650384127,7004387,NC
-0.134882837179297,7004388,NC
-0.1048645326995432,7004389,NC
-0.09984622306728513,7004390,NC
-0.0848279082852286,7004391,NC
-0.08480958835608038,7004392,NC
-0.06979126328254784,7004393,NC
-0.04977293306733923,7004394,NC
-0.009754597713163442,7004395,NC
0.015263742777269731,7004396,NC
0.06028208840124989,7004397,NC
0.12030043915606572,7004398,NC
0.18031879503900533,7004399,NC
0.26033715604735586,7004400,NC
0.32535552217840386,7004401,NC
0.3653738934294351,7004402,NC
0.37039226979773454,7004403,NC
0.3354106512805863,7004404,NC
0.28542903787527396,7004405,NC
0.2204474295790802,7004406,NC
0.17046582638928698,7004407,NC
0.14548422830317548,7004408,NC
0.1505026353180262,7004409,NC
0.19552104743111878,7004410,NC
0.26053946463973215,7004411,NC
0.38555788694114457,7004412,NC
0.49057631433263343,7004413,NC
0.6055947468114754,7004414,NC
0.7156131843749464,7004415,NC
0.8006316270203215,7004416,NC
0.8406500747448754,7004417,NC
0.8506685275458817,7004418,NC
0.7956869854206131,7004419,L
0.7107054483663421,7004420,NC
0.60072391638034,7004421,NC
0.4907423894598772,7004422,NC
0.405760867602224,7004423,NC
0.34077935080464944,7004424,NC
0.255797839064422,7004425,NC
0.17581633237880928,7004426,NC
0.09083483074507831,7004427,NC
-0.019146665839504785,7004428,NC
-0.1291281573776745,7004429,NC
-0.22910964387216617,7004430,NC
-0.2990911253257158,7004431,NC
-0.3190726017410603,7004432,NC
-0.33405407312093705,7004433,NC
-0.3340355394680844,7004434,NC
-0.3290170007852414,7004435,NC
-0.2889984570751477,7004436,NC
-0.23897990834054395,7004437,NC
-0.19396135458417135,7004438,NC
-0.18894279580877182,7004439,NC
-0.19892423201708825,7004440,NC
-0.17890566321186394,7004441,NC
-0.17888708939584325,7004442,NC
-0.16386851057177104,7004443,NC
-0.16884992674239313,7004444,NC
-0.15883133791045578,7004445,NC
-0.1788127440787063,7004446,NC
-0.17379414524989256,7004447,NC
-0.15877554142676326,7004448,NC
-0.15875693261206775,7004449,NC
-0.1437383188085561,7004450,NC
-0.1537197000189793,7004451,NC
-0.16370107624608887,7004452,NC
-0.15868244749263719,7004453,NC
-0.1586638137613773,7004454,NC
-0.13364517505506307,7004455,NC
-0.13862653137644898,7004456,NC
-0.1486078827282904,7004457,NC
-0.15858922911334322,7004458,NC
-0.16357057053436433,7004459,NC
-0.1585519069941111,7004460,NC
-0.14853323849534178,7004461,NC
-0.12351456504081537,7004462,NC
-0.13849588663329152,7004463,NC
-0.13347720327553067,7004464,NC
-0.1484585149702939,7004465,NC
-0.13343982172034316,7004466,NC
-0.128421123528441,7004467,NC
-0.10340242039735079,7004468,NC
-0.11338371232983663,7004469,NC
-0.12336499932866321,7004470,NC
-0.1233462813965962,7004471,NC
-0.11332755853640174,7004472,NC
-0.1033088307508469,7004473,NC
-0.0882900980426993,7004474,NC
-0.08327136041472749,7004475,NC
-0.09825261786970053,7004476,NC
-0.08823387041038841,7004477,NC
-0.08321511803956166,7004478,NC
-0.0631963607599917,7004479,NC
-0.04817759857445053,7004480,NC
-0.04815883148571103,7004481,NC
-0.05314005949654664,7004482,NC
-0.058121282609731637,7004483,NC
-0.03810250082804104,7004484,NC
-0.023083714154250493,7004485,NC
-0.008064922591136371,7004486,NC
0.0019538738585241078,7004487,NC
-0.013027324808046841,7004488,NC
-0.008008518593627882,7004489,NC
0.01201029249900177,7004490,NC
0.03702910846706201,7004491,NC
0.05204792930777218,7004492,NC
0.05706675501835071,7004493,NC
0.04708558559601552,7004494,NC
0.05210442103798362,7004495,NC
0.06212326134147147,7004496,NC
0.08714210650369464,7004497,NC
0.10216095652186817,7004498,NC
0.10717981139320618,7004499,NC
0.10719867111492226,7004500,NC
0.10721753568422915,7004501,NC
0.1272364050983389,7004502,NC
0.13725527935446297,7004503,NC
0.17227415844981192,7004504,NC
0.17729304238159566,7004505,NC
0.17731193114702348,7004506,NC
0.19233082474330382,7004507,NC
0.20734972316764447,7004508,NC
0.23236862641725248,7004509,NC
0.2473875344893343,7004510,NC
0.26240644738109536,7004511,NC
0.2574253650897409,7004512,NC
0.26244428761247485,7004513,NC
0.25746321494650093,7004514,NC
0.2724821470890218,7004515,NC
0.28250108403723967,7004516,NC
0.26252002578835576,7004517,NC
0.24753897233957087,7004518,NC
0.21755792368808488,7004519,NC
0.20757687983109704,7004520,NC
0.20259584076580597,7004521,NC
0.19261480648940943,7004522,NC
0.17263377699910457,7004523,NC
0.13265275229208778,7004524,NC
0.11267173236555478,7004525,NC
0.09269071721670064,7004526,NC
0.09270970684271951,7004527,NC
0.07272870124080513,7004528,NC
0.05774770040815027,7004529,NC
0.02276670434194722,7004530,NC
-0.01721428696061266,7004531,NC
-0.01719527350233848,7004532,NC
-0.027176255286040275,7004533,NC
-0.012157232314528584,7004534,NC
