channel_0,sample #,type
-0.053598495400236326,6756289,NC
-0.05363944688683993,6756290,NC
-0.06868032368022,6756291,NC
-0.09372112574387205,6756292,NC
-0.08376185304135823,6756293,NC
-0.06380250553630755,6756294,NC
-0.03384308319241576,6756295,NC
-0.028883585973445446,6756296,NC
-0.02392401384322608,6756297,NC
-0.02896436676565404,6756298,NC
-0.04400464470469264,6756299,NC
-0.009044847624372104,6756300,NC
0.0009150245112102967,6756301,NC
0.010874971737890274,6756302,NC
0.005834994091436466,6756303,NC
-0.004204908392449511,6756304,NC
0.01575526432186676,6756305,NC
0.010715512269952557,6756306,NC
0.025675835487307994,6756307,NC
0.01563623400936595,6756308,NC
0.0005967078714920748,6756309,NC
-0.014442742891015312,6756310,NC
-0.029482118242925147,6756311,NC
-0.024521418149073743,6756312,NC
-0.02956064257436477,6756313,NC
-0.03459979148376932,6756314,NC
-0.03963886484232594,6756315,NC
-0.06467786261514061,6756316,NC
-0.05971678476738682,6756317,NC
-0.04475563126430563,6756318,NC
-0.03979440207120563,6756319,NC
-0.04983309715346297,6756320,NC
-0.05987171647652149,6756321,NC
-0.07491026000589265,6756322,NC
-0.06994872770715559,6756323,NC
-0.0649871195459572,6756324,NC
-0.07002543548801211,6756325,NC
-0.07006367549910271,6756326,NC
-0.09010183954507921,6756327,NC
-0.09013992759185965,6756328,NC
-0.11517793960542995,6756329,NC
-0.09521587555184392,6756330,NC
-0.08025373539722334,6756331,NC
-0.0802915191077579,6756332,NC
-0.1053292266497053,6756333,NC
-0.10036685798939127,6756334,NC
-0.12040441309320958,6756335,NC
-0.10044189192762208,6756336,NC
-0.09047929445915877,6756337,NC
-0.09051662065441772,6756338,NC
-0.09555387048006522,6756339,NC
-0.11559104390283578,6756340,NC
-0.1256281408895321,6756341,NC
-0.1256651614070251,6756342,NC
-0.09070210542225413,6756343,NC
-0.0907389729022267,6756344,NC
-0.09577576381401877,6756345,NC
-0.11581247812477467,6756346,NC
-0.11584911580170709,6756347,NC
-0.10088567681209717,6756348,NC
-0.09092216112329458,6756349,NC
-0.0909585687027174,6756350,NC
-0.10599489951785226,6756351,NC
-0.11103115353625437,6756352,NC
-0.11606733072554752,6756353,NC
-0.11610343105342406,6756354,NC
-0.09113945448764506,6756355,NC
-0.08617540099604018,6756356,NC
-0.09621127054650783,6756357,NC
-0.11124706310701513,6756358,NC
-0.12628277864559795,6756359,NC
-0.08631841713036095,6756360,NC
-0.08135397852947761,6756361,NC
-0.09638946281119022,6756362,NC
-0.11142486994380998,6756363,NC
-0.10146019989571697,6756364,NC
-0.11149545263536018,6756365,NC
-0.09653062813125757,6756366,NC
-0.07156572635199608,6756367,NC
-0.051600747266231636,6756368,NC
-0.04163569084268927,6756369,NC
-0.04167055705016297,6756370,NC
-0.016705345857515916,6756371,NC
0.02325994276631961,6756372,NC
0.12822530885234223,6756373,NC
0.21319075243148133,6756374,NC
0.31315627353459713,6756375,NC
0.4181218721924806,6756376,NC
0.5230875484358534,6756377,NC
0.603053302295368,6756378,NC
0.6430191338016076,6756379,NC
0.6179850429850858,6756380,NC
0.5629510298762472,6756381,NC
0.4829170945054666,6756382,NC
0.4578832369030498,6756383,NC
0.46284945709923275,6756384,NC
0.5128157551241821,6756385,NC
0.5777821310079951,6756386,NC
0.6577485847806994,6756387,NC
0.752715116472253,6756388,NC
0.8826817261125444,6756389,NC
0.9976484137313923,6756390,NC
1.0676151793585464,6756391,NC
1.0775820230236857,6756392,NC
1.0075489447564203,6756393,L
0.8975159445862906,6756394,NC
0.7874830225427667,6756395,NC
0.7124501786552493,6756396,NC
0.6674174129530692,6756397,NC
0.5673847254654877,6756398,NC
0.4923521162216956,6756399,NC
0.3823195852508145,6756400,NC
0.2672871325818957,6756401,NC
0.1522547582439206,6756402,NC
0.037222462265800824,6756403,NC
-0.07780975532362215,6756404,NC
-0.18784189449557676,6756405,NC
-0.2628739552213614,6756406,NC
-0.30790593747234485,6756407,NC
-0.30293784121996553,6756408,NC
-0.28296966643573224,6756409,NC
-0.2830014130912239,6756410,NC
-0.27303308115808944,6756411,NC
-0.26806467060804806,6756412,NC
-0.2530961814128893,6756413,NC
-0.2281276135444727,6756414,NC
-0.21315896697472816,6756415,NC
-0.22819024167565594,6756416,NC
-0.22322143761932647,6756417,NC
-0.2432525547778806,6756418,NC
-0.25828359312352955,6756419,NC
-0.23831455262855483,6756420,NC
-0.2283454332653085,6756421,NC
-0.21837623500621292,6756422,NC
-0.24340695782376093,6756423,NC
-0.23843760169051592,6756424,NC
-0.22846816657911176,6756425,NC
-0.21849865246225278,6756426,NC
-0.20352905931271398,6756427,NC
-0.20855938710334082,6756428,NC
-0.21358963580704948,6756429,NC
-0.2236198053968267,6756430,NC
-0.21864989584572986,6756431,NC
-0.22367990712688704,6756432,NC
-0.20370983921349703,6756433,NC
-0.19373969207882935,6756434,NC
-0.2087694656962242,6756435,NC
-0.21879916003909267,6756436,NC
-0.21882877508091653,6756437,NC
-0.2038583107952484,6756438,NC
-0.1838877671557118,6756439,NC
-0.18891714413600108,6756440,NC
-0.18894644170988142,6756441,NC
-0.183975659851189,6756442,NC
-0.1840047985338309,6756443,NC
-0.17403385773178517,6756444,NC
-0.1490628374191008,6756445,NC
-0.14909173756989788,6756446,NC
-0.14412055815836744,6756447,NC
-0.15414929915877157,6756448,NC
-0.14917796054544352,6756449,NC
-0.14420654229278748,6756450,NC
-0.10923504437527896,6756451,NC
-0.11926346676746444,6756452,NC
-0.10429180944396167,6756453,NC
-0.10932007237945955,6756454,NC
-0.09934825554871818,6756455,NC
-0.06937635892656895,6756456,NC
-0.05940438248791442,6756457,NC
-0.05443232620772852,6756458,NC
-0.05446019006105643,6756459,NC
-0.054487974023014654,6756460,NC
-0.02951567806879106,6756461,NC
-0.00954330217364488,6756462,NC
0.0004291536870932866,6756463,NC
0.0054016895380213925,6756464,NC
0.01037430540366599,6756465,NC
0.010347001308482123,6756466,NC
0.020319777276853426,6756467,NC
0.055292633333091964,6756468,NC
0.06026556950143838,6756469,NC
0.08523858580606164,6756470,NC
0.08021168227105929,6756471,NC
0.07518485892045713,6756472,NC
0.0901581157782095,6756473,NC
0.120131452868199,6756474,NC
0.14510487021423668,6756475,NC
0.15507836784006185,6756476,NC
0.16505194576934212,6756477,NC
0.17502560402567346,6756478,NC
0.17499934263258,6756479,NC
0.1949731616135141,6756480,NC
0.22994706099185663,6756481,NC
0.23992104079091625,6756482,NC
0.23489510103393002,6756483,NC
0.24986924174406325,6756484,NC
0.2698434629444091,6756485,NC
0.2898177646579892,6756486,NC
0.29979214690775297,6756487,NC
0.2897666097165781,6756488,NC
0.26974115310727026,6756489,NC
0.23471577710256325,6756490,NC
0.20469048172511864,6756491,NC
0.17466526699752638,6756492,NC
0.17464013294230402,6756493,NC
0.13961507958189728,6756494,NC
0.11459010693867978,6756495,NC
0.06956521503495305,6756496,NC
0.044540403892946556,6756497,NC
0.04451567353481749,6756498,NC
0.01949102398265108,6756499,NC
-0.0005335447415396877,6756500,NC
-0.03055803261581401,6756501,NC
-0.07558243961830328,6756502,NC
-0.08560676572721111,6756503,NC
-0.08063101092081337,6756504,NC
-0.07565517517745815,6756505,NC
-0.09567925847556587,6756506,NC
-0.10070326079362918,6756507,NC
-0.14072718211021318,6756508,NC
-0.1557510224039551,6756509,NC
-0.15077478165356475,6756510,NC
-0.13579845983782418,6756511,NC
-0.13582205693558783,6756512,NC
-0.14584557292578262,6756513,NC
-0.17086900778740788,6756514,NC
-0.1658923614995354,6756515,NC
-0.17591563404130936,6756516,NC
-0.16093882539194654,6756517,NC
-0.18096193553073614,6756518,NC
-0.19598496443703994,6756519,NC
-0.19100791209029228,6756520,NC
-0.18603077847,6756521,NC
-0.17105356355574253,6756522,NC
-0.15107626732717194,6756523,NC
-0.1960988897640129,6756524,NC
-0.2111214308460627,6756525,NC
-0.22614389055319128,6756526,NC
-0.2111662688653413,6756527,NC
-0.20618856576252803,6756528,NC
-0.18621078122483947,6756529,NC
-0.1962329152324364,6756530,NC
-0.21625496776555236,6756531,NC
-0.2212769388044935,6756532,NC
-0.21629882832963887,6756533,NC
-0.21132063632144032,6756534,NC
-0.19134236276042244,6756535,NC
-0.1963640076271827,6756536,NC
-0.20638557090239146,6756537,NC
-0.2314070525667918,6756538,NC
-0.24142845260119983,6756539,NC
-0.2314497709865045,6756540,NC
-0.22147100770366762,6756541,NC
-0.20649216273372406,6756542,NC
-0.22651323605778154,6756543,NC
-0.23653422765702076,6756544,NC
-0.24155513751269547,6756545,NC
-0.24657596560613232,6756546,NC
-0.22159671191873104,6756547,NC
-0.2266173764319644,6756548,NC
-0.23163795912737817,6756549,NC
-0.24665845998659125,6756550,NC
-0.24167887899129553,6756551,NC
-0.26169921612325614,6756552,NC
-0.24671947136431116,6756553,NC
-0.251739644696372,6756554,NC
-0.26175973610142295,6756555,NC
-0.2567797455615217,6756556,NC
-0.2567996730587991,6756557,NC
-0.266819518575459,6756558,NC
-0.2568392820937787,6756559,NC
-0.26685896359610856,6756560,NC
-0.2768785630648723,6756561,NC
-0.2918980804825668,6756562,NC
-0.2869175158317623,6756563,NC
-0.2769368690951022,6756564,NC
-0.26695614025530334,6756565,NC
-0.28197532929515595,6756566,NC
-0.2819944361975234,6756567,NC
-0.2920134609453424,6756568,NC
-0.30203240352162325,6756569,NC
-0.2870512639094495,6756570,NC
-0.28207004209197806,6756571,NC
-0.29708873805243924,6756572,NC
-0.31210735177413695,6756573,NC
-0.3321258832404484,6756574,NC
-0.3321443324348242,6756575,NC
-0.29216269934078865,6756576,NC
-0.2871809839419392,6756577,NC
-0.2871991862219472,6756578,NC
-0.2922173061645572,6756579,NC
-0.30723534375358746,6756580,NC
-0.2972532989729297,6756581,NC
-0.3122711718065492,6756582,NC
-0.2822889622384849,6756583,NC
-0.2973066702528492,6756584,NC
-0.3123242958338282,6756585,NC
-0.3123418389656816,6756586,NC
-0.3123592996327426,6756587,NC
-0.3073766778194183,6756588,NC
-0.30239397351018926,6756589,NC
-0.3224111866896098,6756590,NC
-0.3174283173423078,6756591,NC
-0.32744536545298497,6756592,NC
-0.31746233100641674,6756593,NC
-0.3074792139874522,6756594,NC
-0.28749601438101424,6756595,NC
-0.2975127321720994,6756596,NC
-0.3175293673457781,6756597,NC
-0.3325459198871944,6756598,NC
-0.3325623897815663,6756599,NC
-0.3225787770141857,6756600,NC
-0.29259508157041797,6756601,NC
-0.2876113034357026,6756602,NC
-0.30262744259555285,6756603,NC
-0.3226434990355559,6756604,NC
-0.3226594727413726,6756605,NC
-0.32267536369873784,6756606,NC
-0.30269117189346045,6756607,NC
-0.3027068973114231,6756608,NC
-0.3077225399385824,6756609,NC
-0.31773809976096884,6756610,NC
-0.30275357676468695,6756611,NC
-0.2977689709359151,6756612,NC
-0.2727842822609058,6756613,NC
-0.2777995107259854,6756614,NC
-0.2828146563175543,6756615,NC
-0.31782971902208695,6756616,NC
-0.32784469882613165,6756617,NC
-0.32285959571631107,6756618,NC
-0.29787440967932155,6756619,NC
-0.31788914070193375,6756620,NC
-0.3429037887709922,6756621,NC
-0.3579183538734157,6756622,NC
-0.3679328359961971,6756623,NC
-0.35794723512640314,6756624,NC
-0.33796155125117494,6756625,NC
-0.3229757843577277,6756626,NC
-0.34298993443335074,6756627,NC
-0.3580040014654074,6756628,NC
-0.3530179854413353,6756629,NC
-0.36303188634864625,6756630,NC
-0.34804570417492614,6756631,NC
-0.34805943890783525,6756632,NC
-0.36307309053510783,6756633,NC
-0.3880866590445525,6756634,NC
-0.408100144424052,6756635,NC
-0.40311354666156346,6756636,NC
-0.40312686574511813,6756637,NC
-0.43314010166282163,6756638,NC
-0.4581532544028536,6756639,NC
-0.4581663239534683,6756640,NC
-0.4531793103029941,6756641,NC
-0.43319221343983366,6756642,NC
-0.40320503335246394,6756643,NC
-0.4132177700294364,6756644,NC
-0.4282304234593765,6756645,NC
-0.4482429936309844,6756646,NC
-0.44825548053303443,6756647,NC
-0.44326788415437535,6756648,NC
-0.4232802044839302,6756649,NC
-0.42329244151069645,6756650,NC
-0.4383045952237459,6756651,NC
-0.44331666561222494,6756652,NC
-0.4383286526653542,6756653,NC
-0.4533405563724288,6756654,NC
-0.4233523767228183,6756655,NC
-0.41336411370596654,6756656,NC
-0.42337576731139215,6756657,NC
-0.44338733752868775,6756658,NC
-0.468398824347521,6756659,NC
-0.4434102277576335,6756660,NC
-0.4284215477488417,6756661,NC
-0.44843278431103634,6756662,NC
-0.4634439374341828,6756663,NC
-0.48345500710832084,6756664,NC
-0.4834659933235649,6756665,NC
-0.44847689607010377,6756666,NC
-0.413487715338201,6756667,NC
-0.4084984511181945,6756668,NC
-0.3985091034004967,6756669,NC
-0.413519672175595,6756670,NC
-0.4135301574340508,6756671,NC
-0.3935405591665005,6756672,NC
-0.3835508773636549,6756673,NC
-0.37856111201629944,6756674,NC
-0.41357126311529435,6756675,NC
-0.41358133065157404,6756676,NC
-0.39359131461614805,6756677,NC
-0.3586012150001002,6756678,NC
-0.33861103179458907,6756679,NC
-0.3436207649908479,6756680,NC
-0.3336304145801846,6756681,NC
-0.3136399805539817,6756682,NC
-0.2736494629036964,6756683,NC
-0.19365886162086068,6756684,NC
-0.103668176697081,6756685,NC
-0.018677408124038758,6756686,NC
0.05631344410651014,6756687,NC
0.10130438000273499,6756688,NC
0.13629539957273035,6756689,NC
0.1362865028245161,6756690,NC
0.09627768976603739,6756691,NC
-0.01373103959483539,6756692,NC
-0.15873968525030657,6756693,NC
-0.3137482471926553,6756694,NC
-0.41875672541423536,6756695,NC
-0.4537651199074755,6756696,NC
-0.3787734306648789,6756697,NC
-0.288781657679024,6756698,NC
-0.16378980094256357,6756699,NC
-0.07379786044822542,6756700,NC
0.03619416381118788,6756701,NC
0.13118627184279896,6756702,NC
0.19617846365365568,6756703,NC
0.20117073925073106,6756704,NC
0.16116309864092326,6756705,L
0.08615554183105564,6756706,NC
-0.003851931172123249,6756707,NC
-0.06885932036193979,6756708,NC
-0.11386662573179508,6756709,NC
-0.1838738472751652,6756710,NC
-0.243880984985601,6756711,NC
-0.3238880388567283,6756712,NC
-0.3838950088822476,6756713,NC
-0.44890189505593453,6756714,NC
-0.4589086973716394,6756715,NC
-0.47391541582328756,6756716,NC
-0.518922050404879,6756717,NC
-0.528928601110489,6756718,NC
-0.5289350679342674,6756719,NC
-0.4889414508704391,6756720,NC
-0.4489477499133039,6756721,NC
-0.4089539650572365,6756722,NC
-0.4089600962966866,6756723,NC
-0.3989661436261787,6756724,NC
-0.3789721070403123,6756725,NC
-0.34897798653376194,6756726,NC
-0.3289837821012769,6756727,NC
-0.32898949373768155,6756728,NC
-0.3339951214378752,6756729,NC
-0.3340006651968321,6756730,NC
-0.3340061250096014,6756731,NC
-0.31901150087130736,6756732,NC
-0.3190167927771491,6756733,NC
-0.32902200072240073,6756734,NC
-0.33902712470241136,6756735,NC
-0.3490321647126051,6756736,NC
-0.329037120748481,6756737,NC
-0.32404199280561313,6756738,NC
-0.3190467808796506,6756739,NC
-0.29405148496631744,6756740,NC
-0.30905610506141273,6756741,NC
-0.30906064116081056,6756742,NC
-0.29906509326045994,6756743,NC
-0.2940694613563851,6756744,NC
-0.2690737454446851,6756745,NC
-0.2540779455215341,6756746,NC
-0.26908206158318126,6756747,NC
-0.2590860936259508,6756748,NC
-0.2690900416462419,6756749,NC
-0.25409390564052886,6756750,NC
-0.254097685605361,6756751,NC
-0.2591013815373627,6756752,NC
-0.26410499343323324,6756753,NC
-0.2641085212897471,6756754,NC
-0.2541119651037538,6756755,NC
-0.23411532487217793,6756756,NC
-0.21411860059201898,6756757,NC
-0.20412179226035168,6756758,NC
-0.19912489987432574,6756759,NC
-0.19412792343116592,6756760,NC
-0.18413086292817205,6756761,NC
-0.16913371836271912,6756762,NC
-0.13413648973225706,6756763,NC
-0.13913917703431095,6756764,NC
-0.1241417802664809,6756765,NC
-0.12914429942644218,6756766,NC
-0.114146734511945,6756767,NC
-0.08914908552081478,6756768,NC
-0.07915135245095202,6756769,NC
-0.05415353530033221,6756770,NC
-0.039155634067006014,6756771,NC
-0.039157648749099126,6756772,NC
-0.03415957934481238,6756773,NC
-0.009161425852421662,6756774,NC
0.02583681172972202,6756775,NC
0.03583513340319258,6756776,NC
0.03083353916948879,6756777,NC
0.025832029030034426,6756778,NC
0.02583060298617805,6756779,NC
0.035829261039193205,6756780,NC
0.06082800319027827,6756781,NC
0.08582682944055657,6756782,NC
0.06582573979107632,6756783,NC
0.06582473424281061,6756784,NC
0.09082381279665742,6756785,NC
0.12082297545343965,6756786,NC
0.15082222221390507,6756787,NC
0.16082155307872636,6756788,NC
0.15082096804850106,6756789,NC
0.15082046712375166,6756790,NC
0.16582005030492553,6756791,NC
0.19581971759239478,6756792,NC
0.21081946898645668,6756793,NC
0.22581930448733317,6756794,NC
0.20081922409517117,6756795,NC
0.19081922781004246,6756796,NC
0.18081931563194378,6756797,NC
0.19081948756079659,6756798,NC
0.19081974359644743,6756799,NC
0.1708200837386677,6756800,NC
0.1308205079871535,6756801,NC
0.09582101634152608,6756802,NC
0.06082160880133139,6756803,NC
0.0458222853660404,6756804,NC
0.030823046035048846,6756805,NC
0.01082389080767747,6756806,NC
-0.01917518031682816,6756807,NC
-0.05917416733929755,6756808,NC
-0.08417307026063536,6756809,NC
-0.07417188908182129,6756810,NC
-0.0791706238039102,6756811,NC
-0.09416927442803201,6756812,NC
-0.09916784095539179,6756813,NC
-0.13916632338726964,6756814,NC
-0.1741647217250209,6756815,NC
-0.1841630359700758,6756816,NC
-0.20416126612393987,6756817,NC
-0.2141594121881936,6756818,NC
-0.21915747416449266,6756819,NC
-0.21415545205456776,6756820,NC
-0.21915334586022472,6756821,NC
-0.20415115558334446,6756822,NC
-0.19414888122588297,6756823,NC
-0.19414652278987135,6756824,NC
-0.20914408027741577,6756825,NC
-0.2191415536906975,6756826,NC
-0.21913894303197284,6756827,NC
-0.21913624830357326,6756828,NC
-0.19413346950790522,6756829,NC
-0.1941306066474503,6756830,NC
-0.1991276597247651,6756831,NC
-0.22412462874248143,6756832,NC
-0.21912151370330601,6756833,NC
-0.1891183146100207,6756834,NC
-0.18411503146548241,6756835,NC
-0.1741116642726231,6756836,NC
-0.19910821303444984,6756837,NC
-0.20410467775404467,6756838,NC
-0.19410105843456482,6756839,NC
-0.17909735507924235,6756840,NC
-0.17409356769138457,6756841,NC
-0.1640896962743738,6756842,NC
-0.17408574083166728,6756843,NC
-0.19408170136679742,6756844,NC
-0.18407757788337162,6756845,NC
-0.1840733703850723,6756846,NC
-0.16406907887565692,6756847,NC
-0.15906470335895795,6756848,NC
-0.17406024383888286,6756849,NC
-0.18905570031941427,6756850,NC
-0.1940510728046096,6756851,NC
-0.16904636129860148,6756852,NC
-0.14904156580559746,6756853,NC
-0.14403668632988004,6756854,NC
-0.15903172287580686,6756855,NC
-0.16902667544781041,6756856,NC
-0.18402154405039828,6756857,NC
-0.15901632868815296,6756858,NC
-0.15401102936573197,6756859,NC
-0.14400564608786787,6756860,NC
-0.14900017885936806,6756861,NC
-0.15899462768511502,6756862,NC
-0.16398899257006616,6756863,NC
-0.14898327351925383,6756864,NC
-0.13397747053778541,6756865,NC
-0.13397158363084313,6756866,NC
-0.13896561280368425,6756867,NC
-0.14395955806164096,6756868,NC
-0.15895341941012037,6756869,NC
-0.1389471968546045,6756870,NC
-0.12894089040065032,6756871,NC
-0.1239345000538898,6756872,NC
-0.12392802582002972,6756873,NC
-0.1389214677048518,6756874,NC
-0.14391482571421277,6756875,NC
-0.1439080998540441,6756876,NC
-0.13390129013035226,6756877,NC
-0.1388943965492186,6756878,NC
-0.14388741911679936,6756879,NC
-0.16388035783932564,6756880,NC
-0.15887321272310342,6756881,NC
-0.1438659837745136,6756882,NC
-0.13385867100001186,6756883,NC
-0.14885127440612883,6756884,NC
-0.14884379399946993,6756885,NC
-0.17383622978671548,6756886,NC
-0.16382858177462056,6756887,NC
-0.14882084997001516,6756888,NC
-0.13381303437980405,6756889,NC
-0.1288051350109669,6756890,NC
-0.12879715187055815,6756891,NC
-0.158789084965707,6756892,NC
-0.15878093430361756,6756893,NC
-0.1437726998915686,6756894,NC
-0.12876438173691387,6756895,NC
-0.12875597984708176,6756896,NC
-0.12374749422957541,6756897,NC
-0.1637389248919729,6756898,NC
-0.1537302718419269,6756899,NC
-0.128721535087165,6756900,NC
-0.11371271463548936,6756901,NC
-0.11370381049477704,6756902,NC
-0.12369482267297975,6756903,NC
-0.133685751178124,6756904,NC
-0.14367659601831095,6756905,NC
-0.14366735720171647,6756906,NC
-0.11365803473659128,6756907,NC
-0.1136486286312606,6756908,NC
-0.11863913889412447,6756909,NC
-0.12862956553365762,6756910,NC
-0.11861990855840937,6756911,NC
-0.09361016797700383,6756912,NC
-0.06860034379813967,6756913,NC
-0.053590436030590265,6756914,NC
-0.04858044468320363,6756915,NC
-0.06857036976490244,6756916,NC
-0.06856021128468395,6756917,NC
-0.0635499692516201,6756918,NC
-0.033539643674857414,6756919,NC
-0.038529234563617,6756920,NC
-0.04351874192719461,6756921,NC
-0.04850816577496059,6756922,NC
-0.038497506116359805,6756923,NC
-0.013486762960911766,6756924,NC
0.011524063681789487,6756925,NC
0.016534973802075345,6756926,NC
-0.003454032609797361,6756927,NC
-0.018442955563646307,6756928,NC
-0.028431795069363705,6756929,NC
-0.023420551136916323,6756930,NC
-0.023409223776345425,6756931,NC
-0.033397812997766785,6756932,NC
-0.05338631881137063,6756933,NC
-0.07337474122742176,6756934,NC
-0.06836308025625934,6756935,NC
-0.0783513359082971,6756936,NC
-0.06333950819402319,6756937,NC
-0.06832759712400019,6756938,NC
-0.08331560270886518,6756939,NC
-0.08830352495932958,6756940,NC
-0.09329136388617933,6756941,NC
-0.0882791195002747,6756942,NC
-0.07826679181255042,6756943,NC
-0.07825438083401556,6756944,NC
-0.1032418865757536,6756945,NC
-0.10322930904892243,6756946,NC
-0.11321664826475422,6756947,NC
-0.11820390423455557,6756948,NC
-0.09819107696970733,6756949,NC
-0.11317816648166479,6756950,NC
-0.11316517278195748,6756951,NC
-0.1431520958821893,6756952,NC
-0.1331389357940384,6756953,NC
-0.09812569252925724,6756954,NC
-0.10311236609967256,6756955,NC
-0.0980989565171854,6756956,NC
-0.12308546379377099,6756957,NC
-0.13807188794147887,6756958,NC
-0.1480582289724328,6756959,NC
-0.13804448689883075,6756960,NC
-0.11803066173294491,6756961,NC
-0.1180167534871217,6756962,NC
-0.1280027621737817,6756963,NC
-0.14298868780541968,6756964,NC
-0.13797453039460467,6756965,NC
-0.14296028995397964,6756966,NC
-0.11294596649626194,6756967,NC
-0.12293156003424296,6756968,NC
-0.1229170705807882,6756969,NC
-0.14290249814883726,6756970,NC
-0.152887842751404,6756971,NC
-0.13287310440157613,6756972,NC
-0.12285828311251559,6756973,NC
-0.11784337889745838,6756974,NC
-0.13282839176971456,6756975,NC
-0.13781332174266814,6756976,NC
-0.14279816882977725,6756977,NC
-0.13278293304457403,6756978,NC
-0.10776761440066464,6756979,NC
-0.12275221291172919,6756980,NC
-0.1327367285915218,6756981,NC
-0.1377211614538706,6756982,NC
-0.14770551151267752,6756983,NC
-0.1326897787819187,6756984,NC
-0.112673963275644,6756985,NC
-0.10765806500797727,6756986,NC
-0.11764208399311629,6756987,NC
-0.1126260202453327,6756988,NC
-0.10260987377897206,6756989,NC
-0.07259364460845377,6756990,NC
-0.03757733274827108,6756991,NC
0.0024390617870088532,6756992,NC
0.04745553898274513,6756993,NC
0.10747209882422294,6756994,NC
0.22248874129665372,6756995,NC
0.3275054663851751,6756996,NC
0.427522274074851,6756997,NC
0.5025391643506714,6756998,NC
0.5175561371975528,6756999,NC
0.4875731926003376,6757000,NC
0.4275903305437949,6757001,NC
0.3926075510126196,6757002,NC
0.3376248539914334,6757003,NC
0.312642239464784,6757004,NC
0.35265970741714536,6757005,NC
0.4076772578329181,6757006,NC
0.5276948906964289,6757007,NC
0.6577126059919313,6757008,NC
0.7877304037036044,6757009,NC
0.8727482838155542,6757010,NC
0.9227662463118134,6757011,NC
0.9127842911763406,6757012,NC
0.8628024183930212,6757013,L
0.7828206279456666,6757014,NC
0.6978389198180153,6757015,NC
0.6128572939937317,6757016,NC
0.5378757504564071,6757017,NC
0.44289428918955914,6757018,NC
0.352912910176632,6757019,NC
0.26293161340099647,6757020,NC
0.15295039884594985,6757021,NC
0.04296926649471601,6757022,NC
-0.1020117836695546,6757023,NC
-0.2019927516637849,6757024,NC
-0.2819736375049712,6757025,NC
-0.32195444121018313,6757026,NC
-0.33693516279656377,6757027,NC
-0.33691580228132945,6757028,NC
-0.33689635968176984,6757029,NC
-0.326876835015248,6757030,NC
-0.3118572282992001,6757031,NC
-0.2818375395511358,6757032,NC
-0.24681776878863776,6757033,NC
-0.23679791602936218,6757034,NC
-0.25177798129103823,6757035,NC
-0.25175796459146843,6757036,NC
-0.27173786594852845,6757037,NC
-0.2667176853801671,6757038,NC
-0.24669742290440652,6757039,NC
-0.2516770785393418,6757040,NC
-0.2416566523031412,6757041,NC
-0.2516361442140462,6757042,NC
-0.26661555429037126,6757043,NC
-0.251594882550504,6757044,NC
-0.24657412901290504,6757045,NC
-0.24155329369610812,6757046,NC
-0.25653237661871997,6757047,NC
-0.27651137779942025,6757048,NC
-0.27149029725696183,6757049,NC
-0.25146913501017043,6757050,NC
-0.23644789107794467,6757051,NC
-0.23642656547925628,6757052,NC
-0.23640515823314973,6757053,NC
-0.24638366935874262,6757054,NC
-0.25136209887522526,6757055,NC
-0.24634044680186093,6757056,NC
-0.23631871315798578,6757057,NC
-0.21629689796300877,6757058,NC
-0.22627500123641173,6757059,NC
-0.2562530229977492,6757060,NC
-0.2462309632666487,6757061,NC
-0.2412088220628103,6757062,NC
-0.21618659940600704,6757063,NC
-0.20616429531608454,6757064,NC
-0.21614190981296122,6757065,NC
-0.21611944291662816,6757066,NC
-0.22609689464714924,6757067,NC
-0.21607426502466084,6757068,NC
-0.18605155406937213,6757069,NC
-0.17602876180156485,6757070,NC
-0.1810058882415933,6757071,NC
-0.17598293340988458,6757072,NC
-0.17595989732693812,6757073,NC
-0.15093678001332606,6757074,NC
-0.13591358148969304,6757075,NC
-0.12089030177675625,6757076,NC
-0.12086694089530535,6757077,NC
-0.14084349886620245,6757078,NC
-0.13081997571038229,6757079,NC
-0.10079637144885184,6757080,NC
-0.07577268610269067,6757081,NC
-0.05574891969305065,6757082,NC
-0.05572507224115614,6757083,NC
-0.05070114376830379,6757084,NC
-0.040677134295862685,6757085,NC
-0.020653043845274166,6757086,NC
0.009371127561948064,6757087,NC
0.029395379904218033,6757088,NC
0.019419713159877422,6757089,NC
0.024444127307195765,6757090,NC
0.01946862232437023,6757091,NC
0.0544931981895259,6757092,NC
0.07951785488071557,6757093,NC
0.10454259237591981,6757094,NC
0.11456741065304712,6757095,NC
0.1145923096899339,6757096,NC
0.1296172894643443,6757097,NC
0.15464234995397041,6757098,NC
0.1896674911364323,6757099,NC
0.20469271298927785,6757100,NC
0.2197180154899831,6757101,NC
0.21474339861595187,6757102,NC
0.2147688623445161,6757103,NC
0.23479440665293566,6757104,NC
0.2548200315183985,6757105,NC
0.2548457369180207,6757106,NC
0.24987152282884637,6757107,NC
0.22989738922784758,6757108,NC
0.20992333609192473,6757109,NC
0.18994936339790636,6757110,NC
0.1699754711225489,6757111,NC
0.15500165924253728,6757112,NC
0.10002792773448453,6757113,NC
0.0850542765749318,6757114,NC
0.06508070574034863,6757115,NC
0.04010721520713273,6757116,NC
0.025133804951610147,6757117,NC
0.005160474950035215,6757118,NC
-0.02481277482140938,6757119,NC
-0.06478594438661264,6757120,NC
-0.07975903376953515,6757121,NC
-0.07473204299420912,6757122,NC
-0.07970497208473835,6757123,NC
-0.09967782106529818,6757124,NC
-0.11465058996013555,6757125,NC
-0.12462327879356884,6757126,NC
-0.12459588758998796,6757127,NC
-0.12456841637385434,6757128,NC
-0.1245408651697008,6757129,NC
-0.12451323400213161,6757130,NC
-0.13948552289582247,6757131,NC
-0.14945773187552047,6757132,NC
-0.14942986096604405,6757133,NC
-0.144401910192283,6757134,NC
-0.12937387957919838,6757135,NC
-0.13434576915182267,6757136,NC
-0.13931757893525953,6757137,NC
-0.14928930895468387,6757138,NC
-0.1642609592353419,6757139,NC
-0.14923252980255103,6757140,NC
-0.13920402068169974,6757141,NC
-0.13417543189824782,6757142,NC
-0.14414676347772618,6757143,NC
-0.15911801544573678,6757144,NC
-0.15908918782795267,6757145,NC
-0.17406028065011808,6757146,NC
-0.1590312939380482,6757147,NC
-0.15400222771762928,6757148,NC
-0.14397308201481854,6757149,NC
-0.15894385685564427,6757150,NC
-0.15891455226620557,6757151,NC
-0.15888516827267263,6757152,NC
-0.1438557049012864,6757153,NC
-0.14882616217835887,6757154,NC
-0.15879654013027283,6757155,NC
-0.15876683878348186,6757156,NC
-0.17373705816451035,6757157,NC
-0.15870719829995367,6757158,NC
-0.15367725921647768,6757159,NC
-0.1386472409408192,6757160,NC
-0.16361714349978568,6757161,NC
-0.18358696692025528,6757162,NC
-0.18855671122917683,6757163,NC
-0.17352637645356989,6757164,NC
-0.17349596262052447,6757165,NC
-0.15346546975720138,6757166,NC
-0.16843489789083183,6757167,NC
-0.1784042470487177,6757168,NC
-0.18337351725823137,6757169,NC
-0.17834270854681572,6757170,NC
-0.1683118209419841,6757171,NC
-0.17328085447132036,6757172,NC
-0.18824980916247866,6757173,NC
-0.20321868504318372,6757174,NC
-0.19818748214123053,6757175,NC
-0.1831562004844845,6757176,NC
-0.1731248401008813,6757177,NC
-0.168093401018427,6757178,NC
-0.19306188326519788,6757179,NC
-0.2080302868693405,6757180,NC
-0.20799861185907167,6757181,NC
-0.18796685826267837,6757182,NC
-0.16793502610851777,6757183,NC
-0.17290311542501718,6757184,NC
-0.1828711262406741,6757185,NC
-0.1978390585840561,6757186,NC
-0.2078069124838008,6757187,NC
-0.18777468796861585,6757188,NC
-0.18274238506727908,6757189,NC
-0.1827100038086381,6757190,NC
-0.1926775442216107,6757191,NC
-0.19264500633518453,6757192,NC
-0.20261239017841712,6757193,NC
-0.20257969578043594,6757194,NC
-0.19754692317043837,6757195,NC
-0.18751407237769163,6757196,NC
-0.19748114343153267,6757197,NC
-0.20744813636136833,6757198,NC
-0.20741505119667517,6757199,NC
-0.19238188796699954,6757200,NC
-0.19234864670195745,6757201,NC
-0.19231532743123458,6757202,NC
-0.1972819301845864,6757203,NC
-0.22224845499183785,6757204,NC
-0.22221490188288362,6757205,NC
-0.21718127088768788,6757206,NC
-0.20214756203628437,6757207,NC
-0.19211377535877638,6757208,NC
-0.20207991088533686,6757209,NC
-0.21204596864620784,6757210,NC
-0.20701194867170125,6757211,NC
-0.21197785099219807,6757212,NC
-0.21694367563814893,6757213,NC
-0.19190942264007366,6757214,NC
-0.2018750920285616,6757215,NC
-0.20684068383427112,6757216,NC
-0.19680619808793023,6757217,NC
-0.17177163482033594,6757218,NC
-0.14673699406235458,6757219,NC
-0.14670227584492165,6757220,NC
-0.15166748019904192,6757221,NC
-0.15663260715578914,6757222,NC
-0.17159765674630628,6757223,NC
-0.16156262900180546,6757224,NC
-0.13152752395356776,6757225,NC
-0.1164923416329433,6757226,NC
-0.12145708207135128,6757227,NC
-0.1364217453002798,6757228,NC
-0.15138633135128599,6757229,NC
-0.14135084025599584,6757230,NC
-0.13131527204610421,6757231,NC
-0.13127962675337496,6757232,NC
-0.13124390440964062,6757233,NC
-0.16120810504680266,6757234,NC
-0.1711722286968313,6757235,NC
-0.1661362753917654,6757236,NC
-0.1661002451637127,6757237,NC
-0.18106413804484955,6757238,NC
-0.176027954067421,6757239,NC
-0.20099169326374072,6757240,NC
-0.220955355666191,6757241,NC
-0.23091894130722268,6757242,NC
-0.22588245021935527,6757243,NC
-0.23584588243517654,6757244,NC
-0.23080923798734304,6757245,NC
-0.24577251690857965,6757246,NC
-0.2557357192316797,6757247,NC
-0.24569884498950484,6757248,NC
-0.23066189421498529,6757249,NC
-0.2506248669411194,6757250,NC
-0.2555877632009741,6757251,NC
-0.2655505830276842,6757252,NC
-0.26551332645445325,6757253,NC
-0.2754759935145527,6757254,NC
-0.2754385842413223,6757255,NC
-0.2754010986681699,6757256,NC
-0.2903635368285717,6757257,NC
-0.2803258987560717,6757258,NC
-0.2702881844842822,6757259,NC
-0.2752503940468835,6757260,NC
-0.2702125274776239,6757261,NC
-0.28017458481031976,6757262,NC
-0.30513656607885514,6757263,NC
-0.30509847131718243,6757264,NC
-0.2900603005593215,6757265,NC
-0.2900220538393606,6757266,NC
-0.26998373119145525,6757267,NC
-0.26994533264982906,6757268,NC
-0.2699068582487735,6757269,NC
-0.2898683080226476,6757270,NC
-0.2898296820058783,6757271,NC
-0.29479098023295996,6757272,NC
-0.27475220273845485,6757273,NC
-0.28471334955699273,6757274,NC
-0.2846744207232709,6757275,NC
-0.3046354162720545,6757276,NC
-0.2845963362381757,6757277,NC
-0.27955718065653473,6757278,NC
-0.28451794956209886,6757279,NC
-0.27947864298990305,6757280,NC
-0.2744392609750495,6757281,NC
-0.2943998035527079,6757282,NC
-0.2943602707581152,6757283,NC
-0.27932066262657573,6757284,NC
-0.26428097919346105,6757285,NC
-0.26424122049421006,6757286,NC
-0.2642013865643287,6757287,NC
-0.2791614774393902,6757288,NC
-0.2891214931550349,6757289,NC
-0.2590814337469704,6757290,NC
-0.25404129925097124,6757291,NC
-0.22900108970287902,6757292,NC
-0.20396080513860246,6757293,NC
-0.1839204455941172,6757294,NC
-0.1488800111054658,6757295,NC
-0.06883950170875788,6757296,NC
0.04120108255983014,6757297,NC
0.16124174166405497,6757298,NC
0.2712824755676065,6757299,NC
0.34632328423410774,6757300,NC
0.406364167627115,6757301,NC
0.3964051257101179,6757302,NC
0.3964461584465393,6757303,NC
0.3464872657997353,6757304,NC
0.3115284477329956,6757305,NC
0.2965697042095431,6757306,NC
0.3416110351925341,6757307,NC
0.4516524406450586,6757308,NC
0.5916939205301399,6757309,NC
0.7317354748107348,6757310,NC
0.8517771034497338,6757311,NC
0.9218188064099608,6757312,NC
0.9468605836541739,6757313,NC
0.901902435145064,6757314,L
0.7969443608452561,6757315,NC
0.6769863607173092,6757316,NC
0.5820284347237157,6757317,NC
0.5120705828269018,6757318,NC
0.4171128049892278,6757319,NC
0.3071551011729876,6757320,NC
0.2021974713404091,6757321,NC
0.05723991545365424,6757322,NC
-0.10771756652518139,6757323,NC
-0.22767497463406788,6757324,NC
-0.3276323089110415,6757325,NC
-0.4075895693942043,6757326,NC
-0.43254675612172433,6757327,NC
-0.4425038691318355,6757328,NC
-0.44746090846283754,6757329,NC
-0.42741787415309584,6757330,NC
-0.40737476624104185,6757331,NC
-0.38733158476517254,6757332,NC
-0.35728832976405056,6757333,NC
-0.3522450012763043,6757334,NC
-0.36220159934062784,6757335,NC
-0.37215812399578063,6757336,NC
-0.3871145752805879,6757337,NC
-0.38207095323394036,6757338,NC
-0.3770272578947941,6757339,NC
-0.3619834893021707,6757340,NC
-0.3719396474951572,6757341,NC
-0.38689573251290604,6757342,NC
-0.381851744394635,6757343,NC
-0.3718076831796271,6757344,NC
-0.3517635489072307,6757345,NC
-0.34171934161685946,6757346,NC
-0.3516750613479921,6757347,NC
-0.3666307081401725,6757348,NC
-0.37658628203301003,6757349,NC
-0.3815417830661787,6757350,NC
-0.3814972112794179,6757351,NC
-0.3514525667125319,6757352,NC
-0.35140784940538994,6757353,NC
-0.3563630593979263,6757354,NC
-0.35631819673014026,6757355,NC
-0.3462732614420958,6757356,NC
-0.34622825357392195,6757357,NC
-0.3211831731658123,6757358,NC
-0.3311380202580256,6757359,NC
-0.3360927948908849,6757360,NC
-0.3260474971047783,6757361,NC
-0.3310021269401585,6757362,NC
-0.32095668443754266,6757363,NC
-0.2959111696375128,6757364,NC
-0.29586558258071527,6757365,NC
-0.3008199233078611,6757366,NC
-0.2907741918597258,6757367,NC
-0.29072838827714925,6757368,NC
-0.2606825126010358,6757369,NC
-0.2506365648723543,6757370,NC
-0.24559054513213763,6757371,NC
-0.2455444534214833,6757372,NC
-0.22549828978155292,6757373,NC
-0.21045205425357244,6757374,NC
-0.19540574687883194,6757375,NC
-0.16535936769868564,6757376,NC
-0.1753129167545519,6757377,NC
-0.16526639408791333,6757378,NC
-0.1502197997403163,6757379,NC
-0.12017313375337138,6757380,NC
-0.09512639616875307,6757381,NC
-0.07007958702819994,6757382,NC
-0.055032706373514144,6757383,NC
-0.05498575424656208,6757384,NC
-0.04493873068927365,6757385,NC
-0.024891635743642844,6757386,NC
0.00515553054827296,6757387,NC
0.025202768144352225,6757388,NC
0.030250077002410197,6757389,NC
0.03029745708019807,6757390,NC
0.03534490833540378,6757391,NC
0.050392430725651374,6757392,NC
0.08544002420850172,6757393,NC
0.10548768874145188,6757394,NC
0.12053542428193569,6757395,NC
0.12558323078732336,6757396,NC
0.12563110821492204,6757397,NC
0.14567905652197527,6757398,NC
0.1707270756656633,6757399,NC
0.1707751656031033,6757400,NC
0.1658233262913491,6757401,NC
0.15087155768739136,6757402,NC
0.13091985974815756,6757403,NC
0.11096823243051217,6757404,NC
0.11101667569125648,6757405,NC
0.09106518948712887,6757406,NC
0.056113773774804615,6757407,NC
0.03116242851089608,6757408,NC
-0.008788846348047219,6757409,NC
-0.03874005084553873,6757410,NC
-0.058691185025154705,6757411,NC
-0.05864224893053417,6757412,NC
-0.09359324260537895,6757413,NC
-0.11854416609345356,6757414,NC
-0.1484950194385852,6757415,NC
-0.1484458026846637,6757416,NC
-0.15339651587564151,6757417,NC
-0.15834715905553365,6757418,NC
-0.18829773226841764,6757419,NC
-0.20324823555843347,6757420,NC
-0.23819866896978364,6757421,NC
-0.22314903254673293,6757422,NC
-0.21309932633360867,6757423,NC
-0.2380495503748003,6757424,NC
-0.23799970471475973,6757425,NC
-0.252949789398001,6757426,NC
-0.25789980446910044,6757427,NC
-0.24784974997269643,6757428,NC
-0.2577996259534896,6757429,NC
-0.24274943245624264,6757430,NC
-0.2526991695257802,6757431,NC
-0.282648837206989,6757432,NC
-0.2675984355448178,6757433,NC
-0.28254796458427717,6757434,NC
-0.25249742437043954,6757435,NC
-0.26744681494843936,6757436,NC
-0.26739613636347276,6757437,NC
-0.2873453886607975,6757438,NC
-0.2722945718857335,6757439,NC
-0.2772436860836619,6757440,NC
-0.2571927313000256,6757441,NC
-0.2571417075803293,6757442,NC
-0.2570906149701392,6757443,NC
-0.28203945351508264,6757444,NC
-0.29198822326084917,6757445,NC
-0.29193692425318907,6757446,NC
-0.2868855565379144,6757447,NC
-0.2718341201608985,6757448,NC
-0.2717826151680761,6757449,NC
-0.2917310416054429,6757450,NC
-0.2966793995190563,6757451,NC
-0.27662768895503453,6757452,NC
-0.27657590995955716,6757453,NC
-0.26652406257886485,6757454,NC
-0.27647214685925914,6757455,NC
-0.28142016284710286,6757456,NC
-0.2813681105888197,6757457,NC
-0.2863159901308944,6757458,NC
-0.2662638015198724,6757459,NC
-0.29121154480236017,6757460,NC
-0.286159220025025,6757461,NC
-0.3061068272345948,6757462,NC
-0.32105436647785845,6757463,NC
-0.3110018378016653,6757464,NC
-0.2809492412529256,6757465,NC
-0.28089657687860997,6757466,NC
-0.2858438447257498,6757467,NC
-0.3057910448414369,6757468,NC
-0.31573817727282344,6757469,NC
-0.3056852420671224,6757470,NC
-0.28063223927160674,6757471,NC
-0.29057916893361013,6757472,NC
-0.3005260311005264,6757473,NC
-0.3104728258198096,6757474,NC
-0.31041955313897407,6757475,NC
-0.30036621310559447,6757476,NC
-0.28531280576730533,6757477,NC
-0.2852593311718016,6757478,NC
-0.30520578936683795,6757479,NC
-0.3201521804002294,6757480,NC
-0.3200985043198508,6757481,NC
-0.31004476117363694,6757482,NC
-0.28999095100958244,6757483,NC
-0.2849370738757419,6757484,NC
-0.29988312982022963,6757485,NC
-0.32482911889121974,6757486,NC
-0.31977504113694605,6757487,NC
-0.314720896605702,6757488,NC
-0.2896666853458409,6757489,NC
-0.2896124074057753,6757490,NC
-0.3145580628339776,6757491,NC
-0.31950365167897943,6757492,NC
-0.32944917398937223,6757493,NC
-0.3293946298138065,6757494,NC
-0.3043400192009923,6757495,NC
-0.2992853421996991,6757496,NC
-0.31423059885875537,6757497,NC
-0.3241757892270492,6757498,NC
-0.3341209133535276,6757499,NC
-0.3290659712871968,6757500,NC
-0.2990109630771221,6757501,NC
-0.3039558887724282,6757502,NC
-0.3189007484222982,6757503,NC
-0.33384554207597483,6757504,NC
-0.32379026978275927,6757505,NC
-0.31873493159201205,6757506,NC
-0.303679527553152,6757507,NC
-0.29362405771565714,6757508,NC
-0.31856852212906417,6757509,NC
-0.3085129208429686,6757510,NC
-0.33345725390702435,6757511,NC
-0.3184015213709442,6757512,NC
-0.29334572328449937,6757513,NC
-0.2732898596975198,6757514,NC
-0.26323393065989364,6757515,NC
-0.2681779362215679,6757516,NC
-0.28812187643254744,6757517,NC
-0.26306575134289606,6757518,NC
-0.24800956100273547,6757519,NC
-0.24795330546224587,6757520,NC
-0.26289698477166557,6757521,NC
-0.2528405989812911,6757522,NC
-0.2727841481414771,6757523,NC
-0.2577276323026364,6757524,NC
-0.23267105151523976,6757525,NC
-0.23261440582981602,6757526,NC
-0.22755769529695186,6757527,NC
-0.242500919967292,6757528,NC
-0.23244407989153903,6757529,NC
-0.23738717512045324,6757530,NC
-0.2273302057048528,6757531,NC
-0.24727317169561353,6757532,NC
-0.23721607314366908,6757533,NC
-0.2671589101000105,6757534,NC
-0.2621016826156867,6757535,NC
-0.292044390741804,6757536,NC
-0.27698703452952617,6757537,NC
-0.26692961403007454,6757538,NC
-0.2768721292947277,6757539,NC
-0.29181458037482194,6757540,NC
-0.31175696732175046,6757541,NC
-0.301699290186964,6757542,NC
-0.2916415490219704,6757543,NC
-0.2865837438783348,6757544,NC
-0.29652587480767933,6757545,NC
-0.30646794186168325,6757546,NC
-0.31140994509208303,6757547,NC
-0.31635188455067187,6757548,NC
-0.31129376028930017,6757549,NC
-0.291235572359875,6757550,NC
-0.3211773208143605,6757551,NC
-0.3261190057047775,6757552,NC
-0.3410606270832036,6757553,NC
-0.34100218500177315,6757554,NC
-0.3309436795126771,6757555,NC
-0.32588511066816317,6757556,NC
-0.3308264785205357,6757557,NC
-0.3407677831221551,6757558,NC
-0.330709024525439,6757559,NC
-0.34565020278286074,6757560,NC
-0.33059131794695057,6757561,NC
-0.3255323700702948,6757562,NC
-0.3404733592055363,6757563,NC
-0.33541428540537377,6757564,NC
-0.35535514872256263,6757565,NC
-0.345295949209914,6757566,NC
-0.3152366869202955,6757567,NC
-0.3151773619066304,6757568,NC
-0.32011797422189847,6757569,NC
-0.33505852391913493,6757570,NC
-0.3449990110514313,6757571,NC
-0.3399394356719348,6757572,NC
-0.31987979783384857,6757573,NC
-0.30982009759043144,6757574,NC
-0.319760334994998,6757575,NC
-0.3297005101009186,6757576,NC
-0.3396406229616191,6757577,NC
-0.329580673630581,6757578,NC
-0.3195206621613414,6757579,NC
-0.2994605886074928,6757580,NC
-0.29940045302268314,6757581,NC
-0.32434025546061584,6757582,NC
-0.31927999597504964,6757583,NC
-0.3092196746197985,6757584,NC
-0.28915929144873176,6757585,NC
-0.2940988465157739,6757586,NC
-0.2990383398749045,6757587,NC
-0.3089777715801584,6757588,NC
-0.3289171416856253,6757589,NC
-0.30385645024545005,6757590,NC
-0.27879569731383247,6757591,NC
-0.26373488294502717,6757592,NC
-0.2686740071933438,6757593,NC
-0.2686130701131466,6757594,NC
-0.2435520717588548,6757595,NC
-0.2134910121849423,6757596,NC
-0.19342989144593759,6757597,NC
-0.1283687095964238,6757598,NC
-0.0833074666910387,6757599,NC
-0.008246162784474542,6757600,NC
0.07681520206852196,6757601,NC
0.18187662781314964,6757602,NC
0.29193811439455297,6757603,NC
0.36699966175782206,6757604,NC
0.40706126984799273,6757605,NC
0.38712293861004676,6757606,NC
0.35218466798891135,6757607,NC
0.31724645792946,6757608,NC
0.27730830837651177,6757609,NC
0.25237021927483205,6757610,NC
0.2674321905691318,6757611,NC
0.28749422220406845,6757612,NC
0.3725563141242454,6757613,NC
0.517618466274212,6757614,NC
0.6726806785984643,6757615,NC
0.8027429510414441,6757616,NC
0.8928052835475397,6757617,NC
0.9278676760610859,6757618,NC
0.8829301285263638,6757619,L
0.7979926408876009,6757620,NC
0.7030552130889713,6757621,NC
0.6031178450745956,6757622,NC
0.5081805367885411,6757623,NC
0.40324328817482163,6757624,NC
0.293306099177398,6757625,NC
0.15836896974017728,6757626,NC
0.033431899807013915,6757627,NC
-0.09650511067829129,6757628,NC
-0.2264420617719901,6757629,NC
-0.3213789535303879,6757630,NC
-0.4163157860098424,6757631,NC
-0.466252559266765,6757632,NC
-0.48618927335761936,6757633,NC
-0.4811259283389223,6757634,NC
-0.47606252426724327,6757635,NC
-0.46599906119920464,6757636,NC
-0.4509355391914813,6757637,NC
-0.42087195830080076,6757638,NC
-0.39080831858394327,6757639,NC
-0.3907446200977416,6757640,NC
-0.3956808628990807,6757641,NC
-0.4056170470448984,6757642,NC
-0.4105531725921846,6757643,NC
-0.4054892395979818,6757644,NC
-0.3904252481193843,6757645,NC
-0.3803611982135391,6757646,NC
-0.3902970899376453,6757647,NC
-0.4102329233489539,6757648,NC
-0.4051686985047682,6757649,NC
-0.4001044154624434,6757650,NC
-0.4000400742793867,6757651,NC
-0.3799756750130573,6757652,NC
-0.37991121772096614,6757653,NC
-0.38484670246067615,6757654,NC
-0.39478212928980183,6757655,NC
-0.3797174982660094,6757656,NC
-0.35965280944701705,6757657,NC
-0.35958806289059425,6757658,NC
-0.36952325865456215,6757659,NC
-0.3894583967967935,6757660,NC
-0.3743934773752122,6757661,NC
-0.359328500447794,6757662,NC
-0.34426346607256575,6757663,NC
-0.3391983743076055,6757664,NC
-0.33913322521104283,6757665,NC
-0.33906801884105825,6757666,NC
-0.34400275525588364,6757667,NC
-0.3289374345138018,6757668,NC
-0.31887205667314666,6757669,NC
-0.2988066217923032,6757670,NC
-0.29874112992970725,6757671,NC
-0.28867558114384545,6757672,NC
-0.3036099754932556,6757673,NC
-0.29354431303652573,6757674,NC
-0.2584785938322952,6757675,NC
-0.2584128179392537,6757676,NC
-0.2483469854161415,6757677,NC
-0.24828109632174966,6757678,NC
-0.2532151507149197,6757679,NC
-0.22314914865454338,6757680,NC
-0.20308309019956333,6757681,NC
-0.18801697540897203,6757682,NC
-0.18795080434181274,6757683,NC
-0.18288457705717853,6757684,NC
-0.17781829361421314,6757685,NC
-0.1527519540721099,6757686,NC
-0.12268555849011287,6757687,NC
-0.1126191069275157,6757688,NC
-0.10755259944366218,6757689,NC
-0.10748603609794605,6757690,NC
-0.0924194169498109,6757691,NC
-0.06235274205875021,6757692,NC
-0.027286011484307246,6757693,NC
-0.012219225286074796,6757694,NC
-0.0021523835236957195,6757695,NC
-0.012085486256862003,6757696,NC
0.022981466454684317,6757697,NC
0.038048474551151984,6757698,NC
0.0631155379727002,6757699,NC
0.07818265665943881,6757700,NC
0.07824983055142821,6757701,NC
0.08831705958867954,6757702,NC
0.08838434371115475,6757703,NC
0.09845168285876651,6757704,NC
0.1335190769713784,6757705,NC
0.14858652598880487,6757706,NC
0.14865402985081144,6757707,NC
0.1487215884971145,6757708,NC
0.14878920186738165,6757709,NC
0.18385686990123157,6757710,NC
0.19392459253823408,6757711,NC
0.20399236971791027,6757712,NC
0.19906020137973257,6757713,NC
0.18912808746312468,6757714,NC
0.16419602790746177,6757715,NC
0.16926402265207038,6757716,NC
0.16433207163622862,6757717,NC
0.14940017479916617,6757718,NC
0.11446833208006427,6757719,NC
0.08453654341805589,6757720,NC
0.06460480875222568,6757721,NC
0.029673128021610082,6757722,NC
0.024741501165197397,6757723,NC
-0.0001900718780722399,6757724,NC
-0.02512159116930667,6757725,NC
-0.06505305676966183,6757726,NC
-0.09498446874034153,6757727,NC
-0.1049158271425975,6757728,NC
-0.10984713203772933,6757729,NC
-0.12477838348708437,6757730,NC
-0.1397095815520577,6757731,NC
-0.15464072629409206,6757732,NC
-0.16457181777467786,6757733,NC
-0.16950285605535304,6757734,NC
-0.16943384119770302,6757735,NC
-0.16436477326336074,6757736,NC
-0.1842956523140064,6757737,NC
-0.19422647841136792,6757738,NC
-0.21415725161721988,6757739,NC
-0.2040879719933848,6757740,NC
-0.19901863960173172,6757741,NC
-0.1939492545041774,6757742,NC
-0.2038798167626851,6757743,NC
-0.2338103264392656,6757744,NC
-0.23874078359597636,6757745,NC
-0.23367118829492184,6757746,NC
-0.2236015405982531,6757747,NC
-0.2235318405681685,6757748,NC
-0.2184620882669125,6757749,NC
-0.2283922837567769,6757750,NC
-0.23832242710009946,6757751,NC
-0.23325251835926514,6757752,NC
-0.20318255759670498,6757753,NC
-0.19811254487489666,6757754,NC
-0.20304248025636415,6757755,NC
-0.2279723638036779,6757756,NC
-0.23290219557945455,6757757,NC
-0.22283197564635704,6757758,NC
-0.19776170406709442,6757759,NC
-0.1926913809044219,6757760,NC
-0.18762100622114075,6757761,NC
-0.21755058008009828,6757762,NC
-0.2324801025441877,6757763,NC
-0.24740957367634817,6757764,NC
-0.22233899353956463,6757765,NC
-0.20726836219686784,6757766,NC
-0.21219767971133435,6757767,NC
-0.23712694614608626,6757768,NC
-0.24205616156429136,6757769,NC
-0.231985326029163,6757770,NC
-0.23191443960396002,6757771,NC
-0.2218435023519867,6757772,NC
-0.2167725143365927,6757773,NC
-0.2217014756211731,6757774,NC
-0.23163038626916807,6757775,NC
-0.21655924634406326,6757776,NC
-0.20148805590938923,6757777,NC
-0.2014168150287218,6757778,NC
-0.20134552376568182,6757779,NC
-0.2212741821839351,6757780,NC
-0.23120279034719238,6757781,NC
-0.21613134831920933,6757782,NC
-0.20605985616378636,6757783,NC
-0.1959883139447688,6757784,NC
-0.20091672172604647,6757785,NC
-0.22584507957155403,6757786,NC
-0.2357733875452706,6757787,NC
-0.23070164571121998,6757788,NC
-0.21562985413347036,6757789,NC
-0.2105580128761343,6757790,NC
-0.20548612200336883,6757791,NC
-0.21541418157937517,6757792,NC
-0.22034219166839908,6757793,NC
-0.21527015233473,6757794,NC
-0.20019806364270215,6757795,NC
-0.19512592565669326,6757796,NC
-0.21505373844112532,6757797,NC
-0.2299815020604643,6757798,NC
-0.24490921657922013,6757799,NC
-0.21983688206194632,6757800,NC
-0.20976449857324064,6757801,NC
-0.199692066177744,6757802,NC
-0.2146195849401416,6757803,NC
-0.21454705492516166,6757804,NC
-0.22447447619757654,6757805,NC
-0.20440184882220153,6757806,NC
-0.19432917286389592,6757807,NC
-0.17925644838756197,6757808,NC
-0.19418367545814547,6757809,NC
-0.21411085414063535,6757810,NC
-0.21903798450006395,6757811,NC
-0.22396506660150656,6757812,NC
-0.21889210051008176,6757813,NC
-0.2038190862909508,6757814,NC
-0.20874602400931852,6757815,NC
-0.22367291373043202,6757816,NC
-0.23359975551958173,6757817,NC
-0.23352654944210074,6757818,NC
-0.21345329556336484,6757819,NC
-0.20837999394879256,6757820,NC
-0.20830664466384502,6757821,NC
-0.22323324777402592,6757822,NC
-0.21815980334488155,6757823,NC
-0.21308631144200052,6757824,NC
-0.208012772131014,6757825,NC
-0.1929391854775953,6757826,NC
-0.1878655515474602,6757827,NC
-0.21779187040636655,6757828,NC
-0.22771814212011446,6757829,NC
-0.22264436675454616,6757830,NC
-0.20757054437554576,6757831,NC
-0.18749667504903955,6757832,NC
-0.1974227588409956,6757833,NC
-0.182348795817424,6757834,NC
-0.18227478604437647,6757835,NC
-0.1672007295879466,6757836,NC
-0.14212662651426963,6757837,NC
-0.12705247688952245,6757838,NC
-0.13697828077992352,6757839,NC
-0.1519040382517328,6757840,NC
-0.16682974937125164,6757841,NC
-0.14175541420482293,6757842,NC
-0.13168103281883078,6757843,NC
-0.13160660527970064,6757844,NC
-0.1315321316538991,6757845,NC
-0.136457612007934,6757846,NC
-0.13138304640835413,6757847,NC
-0.11630843492174966,6757848,NC
-0.09623377761475127,6757849,NC
-0.11115907455403085,6757850,NC
-0.13608432580630112,6757851,NC
-0.14100953143831554,6757852,NC
-0.14593469151686836,6757853,NC
-0.1558598061087945,6757854,NC
-0.1407848752809694,6757855,NC
-0.14070989910030934,6757856,NC
-0.15563487763377065,6757857,NC
-0.1555598109483507,6757858,NC
-0.18548469911108662,6757859,NC
-0.20040954218905635,6757860,NC
-0.17033434024937769,6757861,NC
-0.16525909335920902,6757862,NC
-0.18518380158574865,6757863,NC
-0.205108464996235,6757864,NC
-0.2000330836579465,6757865,NC
-0.20995765763820168,6757866,NC
-0.1948821870043586,6757867,NC
-0.19480667182381578,6757868,NC
-0.2097311121640108,6757869,NC
-0.21965550809242165,6757870,NC
-0.22957985967656536,6757871,NC
-0.23950416698399907,6757872,NC
-0.23442843008231914,6757873,NC
-0.2393526490391616,6757874,NC
-0.22927682392220175,6757875,NC
-0.24420095479915438,6757876,NC
-0.23412504173777343,6757877,NC
-0.21904908480585228,6757878,NC
-0.20897308407122325,6757879,NC
-0.22389703960175797,6757880,NC
-0.23882095146536708,6757881,NC
-0.23874481973000017,6757882,NC
-0.24866864446364578,6757883,NC
-0.24859242573433132,6757884,NC
-0.23351616361012303,6757885,NC
-0.21343985815912597,6757886,NC
-0.22836350944948372,6757887,NC
-0.2282871175493787,6757888,NC
-0.24321068252703174,6757889,NC
-0.23313420445070224,6757890,NC
-0.23805768338868805,6757891,NC
-0.22298111940932538,6757892,NC
-0.22290451258098887,6757893,NC
-0.23282786297209127,6757894,NC
-0.24775117065108365,6757895,NC
-0.23267443568645513,6757896,NC
-0.24759765814673304,6757897,NC
-0.2225208381004826,6757898,NC
-0.2374439756163071,6757899,NC
-0.2573670707628476,6757900,NC
-0.25729012360878317,6757901,NC
-0.24221313422283047,6757902,NC
-0.23713610267374405,6757903,NC
-0.21205902903031598,6757904,NC
-0.22698191336137594,6757905,NC
-0.22690475573579122,6757906,NC
-0.23182755622246654,6757907,NC
-0.23175031489034398,6757908,NC
-0.21667303180840303,6757909,NC
-0.20659570704566038,6757910,NC
-0.21651834067117007,6757911,NC
-0.21644093275402312,6757912,NC
-0.20636348336334798,6757913,NC
-0.1912859925683096,6757914,NC
-0.1662084604381106,6757915,NC
-0.13613088704198975,6757916,NC
-0.11605327244922342,6757917,NC
-0.09597561672912414,6757918,NC
-0.04589791995104153,6757919,NC
0.04917981781563829,6757920,NC
0.15425759650149232,6757921,NC
0.25933541603706145,6757922,NC
0.3394132763528497,6757923,NC
0.3894911773793249,6757924,NC
0.4245691190469184,6757925,NC
0.41964710128602556,6757926,NC
0.38472512402700487,6757927,NC
0.3348031872001793,6757928,NC
0.2748812907358354,6757929,NC
0.21495943456422364,6757930,NC
0.2250376186155587,6757931,NC
0.27011584282001916,6757932,NC
0.36519410710774786,6757933,NC
0.49527241140885186,6757934,NC
0.6303507556534023,6757935,NC
0.7504291397714348,6757936,NC
0.8255075636929494,6757937,NC
0.8755860273479106,6757938,NC
0.8806645306662472,6757939,L
0.8107430735778527,6757940,NC
0.6808216560125854,6757941,NC
0.5609002779002683,6757942,NC
0.4559789391706888,6757943,NC
0.3810576397535996,6757944,NC
0.30113637957871786,6757945,NC
0.2012151585757261,6757946,NC
0.05629397667427155,6757947,NC
-0.07862716619603335,6757948,NC
-0.19854827010561105,6757949,NC
-0.27846933512491867,6757950,NC
-0.3333903613244483,6757951,NC
-0.37831134877472655,6757952,NC
-0.43323229754631454,6757953,NC
-0.43815320770980815,6757954,NC
-0.4330740793358375,6757955,NC
-0.39799491249506735,6757956,NC
-0.35291570725819676,6757957,NC
-0.322836463695959,6757958,NC
-0.3177571818791215,6757959,NC
-0.322677861878486,6757960,NC
-0.32759850376488836,6757961,NC
-0.3225191076091984,6757962,NC
-0.3124396734823198,6757963,NC
-0.29736020145519043,6757964,NC
-0.3072806915987818,6757965,NC
-0.3022011439840992,6757966,NC
-0.31712155868218167,6757967,NC
-0.3120419357641021,6757968,NC
-0.3019622753009666,6757969,NC
-0.2968825773639151,6757970,NC
-0.2918028420241209,6757971,NC
-0.3067230693527907,6757972,NC
-0.32164325942116456,6757973,NC
-0.2965634123005157,6757974,NC
-0.2864835280621507,6757975,NC
-0.2714036067774095,6757976,NC
-0.27132364851766444,6757977,NC
-0.27124365335432166,6757978,NC
-0.28616362135881956,6757979,NC
-0.2860835526026301,6757980,NC
-0.2710034471572575,6757981,NC
-0.27092330509423906,6757982,NC
-0.2608431264851448,6757983,NC
-0.26576291140157715,6757984,NC
-0.2556826599151713,6757985,NC
-0.265602372097595,6757986,NC
-0.23552204802054813,6757987,NC
-0.23544168775576335,6757988,NC
-0.24036129137500525,6757989,NC
-0.23528085895007114,6757990,NC
-0.23020039055278993,6757991,NC
-0.22511988625502322,6757992,NC
-0.21003934612866437,6757993,NC
-0.18995877024563873,6757994,NC
-0.1998781586779037,6757995,NC
-0.1897975114974485,6757996,NC
-0.1897168287762941,6757997,NC
-0.1796361105864933,6757998,NC
-0.16455535700013046,6757999,NC
-0.1444745680893217,6758000,NC
-0.13439374392621456,6758001,NC
-0.13931288458298813,6758002,NC
-0.12923199013185288,6758003,NC
-0.13415106064505064,6758004,NC
-0.09907009619485455,6758005,NC
-0.08898909685356896,6758006,NC
-0.06890806269352936,6758007,NC
-0.05882699378710238,6758008,NC
-0.053745890206685625,6758009,NC
-0.043664752024707716,6758010,NC
-0.018583579313628144,6758011,NC
0.0014976278540627663,6758012,NC
0.0215788694058439,6758013,NC
0.016660145269163443,6758014,NC
0.026741455371438953,6758015,NC
0.0468227996400574,6758016,NC
0.07690417800237523,6758017,NC
0.09198559038571846,6758018,NC
0.11206703671738272,6758019,NC
0.10214851692463334,6758020,NC
0.09723003093470535,6758021,NC
0.11731157867480363,6758022,NC
0.14739316007210293,6758023,NC
0.15747477505374796,6758024,NC
0.16255642354685343,6758025,NC
0.1576381054785041,6758026,NC
0.16271982077575486,6758027,NC
0.17280156936563082,6758028,NC
0.19288335117512742,6758029,NC
0.2029651661312104,6758030,NC
0.22304701416081568,6758031,NC
0.21812889519085016,6758032,NC
0.21321080914819057,6758033,NC
0.228292755959685,6758034,NC
0.2383747355521515,6758035,NC
0.23345674785237944,6758036,NC
0.23853879278712836,6758037,NC
0.1936208702831293,6758038,NC
0.19370298026708377,6758039,NC
0.17878512266566454,6758040,NC
0.16386729740551512,6758041,NC
0.15894950441325054,6758042,NC
0.12403174361545652,6758043,NC
0.08411401493869064,6758044,NC
0.05419631830948115,6758045,NC
0.0392786536543283,6758046,NC
0.00936102089970324,6758047,NC
0.004443419972048952,6758048,NC
-0.030474149202220083,6758049,NC
-0.05539168669671775,6758050,NC
-0.09030919258508621,6758051,NC
-0.10022666694099588,6758052,NC
-0.10014410983814528,6758053,NC
-0.09506152135026108,6758054,NC
-0.11997890155109797,6758055,NC
-0.14489625051443855,6758056,NC
-0.15481356831409337,6758057,NC
-0.15973085502390086,6758058,NC
-0.15464811071772705,6758059,NC
-0.15456533546946583,6758060,NC
-0.15948252935303864,6758061,NC
-0.18439969244239449,6758062,NC
-0.18931682481150996,6758063,NC
-0.19423392653438898,6758064,NC
-0.18415099768506285,6758065,NC
-0.17906803833759025,6758066,NC
-0.17398504856605707,6758067,NC
-0.19890202844457627,6758068,NC
-0.20381897804728807,6758069,NC
-0.21373589744835958,6758070,NC
-0.188652786721985,6758071,NC
-0.18356964594238537,6758072,NC
-0.1934864751838086,6758073,NC
-0.20340327452052934,6758074,NC
-0.20832004402684892,6758075,NC
-0.20823678377709542,6758076,NC
-0.19315349384562344,6758077,NC
-0.18807017430681403,6758078,NC
-0.2129868252350747,6758079,NC
-0.2179034467048394,6758080,NC
-0.23782003879056834,6758081,NC
-0.222736601566748,6758082,NC
-0.22265313510789095,6758083,NC
-0.19256963948853595,6758084,NC
-0.1924861147832477,6758085,NC
-0.2074025610666172,6758086,NC
-0.21231897841326083,6758087,NC
-0.21223536689782135,6758088,NC
-0.21715172659496687,6758089,NC
-0.2070680575793914,6758090,NC
-0.20698435992581457,6758091,NC
-0.22690063370898164,6758092,NC
-0.22181687900366326,6758093,NC
-0.21673309588465559,6758094,NC
-0.2116492844267801,6758095,NC
-0.2065654447048839,6758096,NC
-0.21148157679383867,6758097,NC
-0.22139768076854205,6758098,NC
-0.23131375670391605,6758099,NC
-0.22622980467490836,6758100,NC
-0.21114582475649107,6758101,NC
-0.21106181702366167,6758102,NC
-0.22597778155144224,6758103,NC
-0.2508937184148796,6758104,NC
-0.2558096276890454,6758105,NC
-0.24072550944903598,6758106,NC
-0.24064136376997183,6758107,NC
-0.2405571907269986,6758108,NC
-0.24047299039528575,6758109,NC
-0.2603887628500277,6758110,NC
-0.2553045081664425,6758111,NC
-0.2502202264197731,6758112,NC
-0.24513591768528623,6758113,NC
-0.2250515820382728,6758114,NC
-0.23496721955404776,6758115,NC
-0.2598828303079501,6758116,NC
-0.2647984143753425,6758117,NC
-0.2747139718316118,6758118,NC
-0.2546295027521683,6758119,NC
-0.2345450072124461,6758120,NC
-0.244460485287903,6758121,NC
-0.2693759370540203,6758122,NC
-0.2692913625863028,6758123,NC
-0.2792067619602788,6758124,NC
-0.26412213525149975,6758125,NC
-0.2490374825355407,6758126,NC
-0.2539528038879996,6758127,NC
-0.27386809938449785,6758128,NC
-0.2737833691006797,6758129,NC
-0.2736986131122126,6758130,NC
-0.25861383149478695,6758131,NC
-0.24352902432411583,6758132,NC
-0.26844419167593536,6758133,NC
-0.28335933362600435,6758134,NC
-0.2932744502501043,6758135,NC
-0.29318954162403926,6758136,NC
-0.2731046078236359,6758137,NC
-0.2680196489247433,6758138,NC
-0.2679346650032331,6758139,NC
-0.28284965613499913,6758140,NC
-0.28776462239595757,6758141,NC
-0.2826795638620468,6758142,NC
-0.2875944806092274,6758143,NC
-0.2725093727134818,6758144,NC
-0.2924242402508148,6758145,NC
-0.2723390832972528,6758146,NC
-0.28725390192884437,6758147,NC
-0.26716869622165956,6758148,NC
-0.2520834662517904,6758149,NC
-0.25699821209535045,6758150,NC
-0.25691293382847513,6758151,NC
-0.2768276315273209,6758152,NC
-0.2867423052680663,6758153,NC
-0.2616569551269106,6758154,NC
-0.2265715811800751,6758155,NC
-0.2164861835038016,6758156,NC
-0.21640076217435378,6758157,NC
-0.23631531726801616,6758158,NC
-0.23622984886109413,6758159,NC
-0.22614435702991428,6758160,NC
-0.21105884185082427,6758161,NC
-0.20097330340019212,6758162,NC
-0.20588774175440727,6758163,NC
-0.20580215698987925,6758164,NC
-0.20571654918303878,6758165,NC
-0.19063091841033664,6758166,NC
-0.17554526474824456,6758167,NC
-0.1554595882732545,6758168,NC
-0.17537388906187884,6758169,NC
-0.19028816719065025,6758170,NC
-0.2052024227361216,6758171,NC
-0.20511665577486599,6758172,NC
-0.2000308663834766,6758173,NC
-0.18494505463856664,6758174,NC
-0.18985922061676927,6758175,NC
-0.21977336439473752,6758176,NC
-0.23468748604914433,6758177,NC
-0.24960158565668233,6758178,NC
-0.24451566329406382,6758179,NC
-0.2394297190380208,6758180,NC
-0.26434375296530477,6758181,NC
-0.2742577651526867,6758182,NC
-0.29917175567695703,6758183,NC
-0.28408572461492543,6758184,NC
-0.273999672043421,6758185,NC
-0.263913598039292,6758186,NC
-0.2788275026794057,6758187,NC
-0.3037413860406487,6758188,NC
-0.32365524819992625,6758189,NC
-0.3135690892341629,6758190,NC
-0.28848290922030184,6758191,NC
-0.3033967082353052,6758192,NC
-0.30831048635615355,6758193,NC
-0.3232242436598465,6758194,NC
-0.328137980223402,6758195,NC
-0.33805169612385666,6758196,NC
-0.31296539143826546,6758197,NC
-0.29287906624370175,6758198,NC
-0.29279272061725725,6758199,NC
-0.32770635463604186,6758200,NC
-0.3326199683771838,6758201,NC
-0.3475335619178292,6758202,NC
-0.33244713533514236,6758203,NC
-0.31236068870630557,6758204,NC
-0.32727422210851886,6758205,NC
-0.3371877356190005,6758206,NC
-0.35710122931498584,6758207,NC
-0.3420147032737286,6758208,NC
-0.3269281575724997,6758209,NC
-0.3218415922885878,6758210,NC
-0.321755007499299,6758211,NC
-0.34166840328195686,6758212,NC
-0.3515817797139022,6758213,NC
-0.3464951368724932,6758214,NC
-0.33640847483510516,6758215,NC
-0.3163217936791309,6758216,NC
-0.31623509348197953,6758217,NC
-0.33614837432107814,6758218,NC
-0.33606163627386976,6758219,NC
-0.33597487941781523,6758220,NC
-0.32588810383039135,6758221,NC
-0.3108013095890923,6758222,NC
-0.3257144967714286,6758223,NC
-0.3256276654549274,6758224,NC
-0.34054081571713235,6758225,NC
-0.33045394763560365,6758226,NC
-0.32536706128791776,6758227,NC
-0.3102801567516676,6758228,NC
-0.31519323410446204,6758229,NC
-0.3301062934239265,6758230,NC
-0.33501933478770235,6758231,NC
-0.31493235827344684,6758232,NC
-0.3048453639588335,6758233,NC
-0.2847583519215514,6758234,NC
-0.27967132223930574,6758235,NC
-0.2845842749898173,6758236,NC
-0.27949721025082264,6758237,NC
-0.24941012810007382,6758238,NC
-0.20932302861533858,6758239,NC
-0.15423591187440014,6758240,NC
-0.09914877795505699,6758241,NC
-0.024061626935123093,6758242,NC
0.05602554110757235,6758243,NC
0.15111272609518497,6758244,NC
0.2411999279498552,6758245,NC
0.2612871465937085,6758246,NC
0.25137438194885525,6758247,NC
0.18146163393739095,6758248,NC
0.08654890248139624,6758249,NC
0.011636187502936986,6758250,NC
-0.018276511075935684,6758251,NC
-0.01818919333318527,6758252,NC
0.006898140653210139,6758253,NC
0.06698549080525797,6758254,NC
0.18707285704495114,6758255,NC
0.34216023929426836,6758256,NC
0.48724763747517386,6758257,NC
0.5823350515096177,6758258,NC
0.6424224813195359,6758259,NC
0.6325099268268504,6758260,L
0.5575973879534686,6758261,NC
0.4626848646212847,6758262,NC
0.3577723567521787,6758263,NC
0.2528598642680167,6758264,NC
0.13294738709065115,6758265,NC
0.03803492514192084,6758266,NC
-0.07687752165634908,6758267,NC
-0.19678995338234695,6758268,NC
-0.3067023701142746,6758269,NC
-0.4016147719303471,6758270,NC
-0.4865271589087933,6758271,NC
-0.5514395311278547,6758272,NC
-0.6013518886657864,6758273,NC
-0.6212642316008562,6758274,NC
-0.6161765600113457,6758275,NC
-0.5910888739755484,6758276,NC
-0.5760011735717718,6758277,NC
-0.5659134588783356,6758278,NC
-0.535825729973572,6758279,NC
-0.5057379869358266,6758280,NC
-0.4806502298434574,6758281,NC
-0.46556245877483443,6758282,NC
-0.460474673808341,6758283,NC
-0.4603868750223722,6758284,NC
-0.47529906249533577,6758285,NC
-0.4702112363056517,6758286,NC
-0.4601233965317521,6758287,NC
-0.4450355432520812,6758288,NC
-0.4399476765450955,6758289,NC
-0.4548597964892631,6758290,NC
-0.45477190316306443,6758291,NC
-0.44468399664499153,6758292,NC
-0.43459607701354824,6758293,NC
-0.4195081443472502,6758294,NC
-0.4244201987246246,6758295,NC
-0.4393322402242103,6758296,NC
-0.4392442689245576,6758297,NC
-0.4191562849042282,6758298,NC
-0.40906828824179514,6758299,NC
-0.39898027901584293,6758300,NC
-0.4038922573049671,6758301,NC
-0.4088042231877744,6758302,NC
-0.4137161767428827,6758303,NC
-0.40362811804892074,6758304,NC
-0.39354004718452845,6758305,NC
-0.37345196422835636,6758306,NC
-0.37336386925906595,6758307,NC
-0.37327576235532944,6758308,NC
-0.3781876435958296,6758309,NC
-0.3630995130592599,6758310,NC
-0.3480113708243244,6758311,NC
-0.32792321696973714,6758312,NC
-0.33783505157422317,6758313,NC
-0.3277468747165175,6758314,NC
-0.33265868647536534,6758315,NC
-0.3175704869295223,6758316,NC
-0.3074822761577538,6758317,NC
-0.27739405423883556,6758318,NC
-0.2673058212515531,6758319,NC
-0.2822175772747018,6758320,NC
-0.2721293223870869,6758321,NC
-0.2670410566675234,6758322,NC
-0.23695278019483607,6758323,NC
-0.22686449304785905,6758324,NC
-0.22177619530543607,6758325,NC
-0.22168788704642067,6758326,NC
-0.21659956834967514,6758327,NC
-0.19651123929407183,6758328,NC
-0.1614228999584916,6758329,NC
-0.15633455042182517,6758330,NC
-0.13124619076297184,6758331,NC
-0.13615782106084023,6758332,NC
-0.13606944139434785,6758333,NC
-0.11098105184242116,6758334,NC
-0.09089265248399526,6758335,NC
-0.05580424339801447,6758336,NC
-0.04071582466343112,6758337,NC
-0.050627396359206864,6758338,NC
-0.04053895856431121,6758339,NC
-0.02545051135772284,6758340,NC
0.024637945181571853,6758341,NC
0.02972641097457754,6758342,NC
0.029814885942290974,6758343,NC
0.03490337000570063,6758344,NC
0.024991863085786853,6758345,NC
0.050080365103521936,6758346,NC
0.06016887597987021,6758347,NC
0.09025739563578797,6758348,NC
0.08534592399222404,6758349,NC
0.08543446097011896,6758350,NC
0.09052300649040593,6758351,NC
0.08561156047401039,6758352,NC
0.10570012284185026,6758353,NC
0.12078869351483595,6758354,NC
0.12087727241387047,6758355,NC
0.09596585945984946,6758356,NC
0.06605445457366134,6758357,NC
0.056143057676187255,6758358,NC
0.05623166868830126,6758359,NC
0.05132028753087032,6758360,NC
0.01640891412475444,6758361,NC
-0.03350245160919334,6758362,NC
-0.058413809750126784,6758363,NC
-0.08332516037720647,6758364,NC
-0.09823650356959968,6758365,NC
-0.10814783940648034,6758366,NC
-0.1380591679670289,6758367,NC
-0.1829704893304324,6758368,NC
-0.20788180357588423,6758369,NC
-0.22779311078258413,6758370,NC
-0.2327044110297382,6758371,NC
-0.23261570439655868,6758372,NC
-0.252526990962264,6758373,NC
-0.27243827080607863,6758374,NC
-0.29734954400723307,6758375,NC
-0.3122608106449638,6758376,NC
-0.312172070798513,6758377,NC
-0.32208332454712885,6758378,NC
-0.301994571970065,6758379,NC
-0.32690581314658096,6758380,NC
-0.346817048155942,6758381,NC
-0.34172827707741826,6758382,NC
-0.3316394999902859,6758383,NC
-0.3265507169738262,6758384,NC
-0.35146192810732585,6758385,NC
-0.36137313347007666,6758386,NC
-0.35628433314137564,6758387,NC
-0.36119552720052495,6758388,NC
-0.3361067157268316,6758389,NC
-0.33601789879960753,6758390,NC
-0.3659290764981699,6758391,NC
-0.3708402489018402,6758392,NC
-0.3657514160899451,6758393,NC
-0.3706625781418154,6758394,NC
-0.3555737351367871,6758395,NC
-0.35048488715420006,6758396,NC
-0.35039603427339927,6758397,NC
-0.3653071765737335,6758398,NC
-0.36521831413455635,6758399,NC
-0.3601294470352249,6758400,NC
-0.3500405753551014,6758401,NC
-0.32995169917355127,6758402,NC
-0.34486281856994466,6758403,NC
-0.3497739336236549,6758404,NC
-0.34968504441406006,6758405,NC
-0.35959615102054143,6758406,NC
-0.3545072535224843,6758407,NC
-0.3444183519992774,6758408,NC
-0.3393294465303133,6758409,NC
-0.3492405371949878,6758410,NC
-0.3591516240727006,6758411,NC
-0.3640627072428544,6758412,NC
-0.3489737867848553,6758413,NC
-0.3338848627781127,6758414,NC
-0.3437959353020391,6758415,NC
-0.36370700443605014,6758416,NC
-0.3636180702595646,6758417,NC
-0.3685291328520039,6758418,NC
-0.3634401922927927,6758419,NC
-0.34335124866135824,6758420,NC
-0.34326230203713065,6758421,NC
-0.3631733524995425,6758422,NC
-0.3730844001280294,6758423,NC
-0.38799544500202904,6758424,NC
-0.36290648720098173,6758425,NC
-0.33281752680433035,6758426,NC
-0.34272856389151973,6758427,NC
-0.35763959854199723,6758428,NC
-0.3825506308352124,6758429,NC
-0.37746166085061666,6758430,NC
-0.3573726886676637,6758431,NC
-0.352283714365809,6758432,NC
-0.3521947380245102,6758433,NC
-0.36710575972322634,6758434,NC
-0.39201677954141856,6758435,NC
-0.38692779755854956,6758436,NC
-0.3718388138540836,6758437,NC
-0.35174982850748665,6758438,NC
-0.3616608415982259,6758439,NC
-0.37157185320577013,6758440,NC
-0.3864828634095893,6758441,NC
-0.3863938722891549,6758442,NC
-0.36130487992393906,6758443,NC
-0.3512158863934157,6758444,NC
-0.37112689177705926,6758445,NC
-0.38603789615434553,6758446,NC
-0.40594889960475067,6758447,NC
-0.3908599022077523,6758448,NC
-0.37077090404282825,6758449,NC
-0.3556819051894575,6758450,NC
-0.3555929057271193,6758451,NC
-0.3605039057352938,6758452,NC
-0.385414905293461,6758453,NC
-0.4053259044811021,6758454,NC
-0.38023690337769783,6758455,NC
-0.37014790206272996,6758456,NC
-0.36005890061567974,6758457,NC
-0.3749698991160292,6758458,NC
-0.4098808976432597,6758459,NC
-0.3747918962768534,6758460,NC
-0.36970289509629145,6758461,NC
-0.3646138941810557,6758462,NC
-0.35952489361062706,6758463,NC
-0.3744358934644867,6758464,NC
-0.384346893822115,6758465,NC
-0.3642578947629921,6758466,NC
-0.3391688963665975,6758467,NC
-0.3190798987124103,6758468,NC
-0.31899090187990864,6758469,NC
-0.33890190594857034,6758470,NC
-0.3388129109978718,6758471,NC
-0.3387239171072893,6758472,NC
-0.30363492435629735,6758473,NC
-0.3035459328243703,6758474,NC
-0.2984569425909808,6758475,NC
-0.2983679537356006,6758476,NC
-0.3132789663377001,6758477,NC
-0.29318998047674844,6758478,NC
-0.2731009962322134,6758479,NC
-0.2780120136835614,6758480,NC
-0.292923032910257,6758481,NC
-0.32783405399176374,6758482,NC
-0.3377450770075431,6758483,NC
-0.3226561020370548,6758484,NC
-0.307567129159757,6758485,NC
-0.3124781584551059,6758486,NC
-0.3223891900025557,6758487,NC
-0.3423002238815586,6758488,NC
-0.35221126017156484,6758489,NC
-0.3571222989520223,6758490,NC
-0.34203334030237686,6758491,NC
-0.33194438430207196,6758492,NC
-0.3468554310305486,6758493,NC
-0.3717664805672456,6758494,NC
-0.3916775329915991,6758495,NC
-0.3815885883830425,6758496,NC
-0.3864996468210071,6758497,NC
-0.3614107083849207,6758498,NC
-0.3613217731542091,6758499,NC
-0.3662328412082945,6758500,NC
-0.37114391262659696,6758501,NC
-0.38605498748853273,6758502,NC
-0.3709660658735155,6758503,NC
-0.38087714786095567,6758504,NC
-0.40578823353026033,6758505,NC
-0.3956993229608335,6758506,NC
-0.4056104162320757,6758507,NC
-0.395521513423384,6758508,NC
-0.36543261461415205,6758509,NC
-0.36534371988376974,6758510,NC
-0.3752548293116238,6758511,NC
-0.4051659429770964,6758512,NC
-0.400077060959567,6758513,NC
-0.41498818333841014,6758514,NC
-0.3998993101929974,6758515,NC
-0.3848104416026954,6758516,NC
-0.3897215776468676,6758517,NC
-0.4046327184048726,6758518,NC
-0.4045438639560654,6758519,NC
-0.40945501437979615,6758520,NC
-0.4093661697554112,6758521,NC
-0.37927733016225185,6758522,NC
-0.40918849567965554,6758523,NC
-0.40909966638695466,6758524,NC
-0.4140108423634774,6758525,NC
-0.40392202368854674,6758526,NC
-0.39883321044148146,6758527,NC
-0.38874440270159477,6758528,NC
-0.39365560054819576,6758529,NC
-0.4085668040605879,6758530,NC
-0.41347801331807,6758531,NC
-0.4083892283999356,6758532,NC
-0.39330044938547293,6758533,NC
-0.383211676353965,6758534,NC
-0.3881229093846897,6758535,NC
-0.39803414855691915,6758536,NC
-0.4029453939499202,6758537,NC
-0.4028566456429542,6758538,NC
-0.37776790371527674,6758539,NC
-0.3726791682461377,6758540,NC
-0.3725904393147813,6758541,NC
-0.38750171700044583,6758542,NC
-0.3924130013823638,6758543,NC
-0.38232429253976147,6758544,NC
-0.3572355905518594,6758545,NC
-0.33714689549787175,6758546,NC
-0.3320582074570067,6758547,NC
-0.33196952650846595,6758548,NC
-0.30188085273144505,6758549,NC
-0.26679218620513306,6758550,NC
-0.22170352700871243,6758551,NC
-0.15161487522135952,6758552,NC
-0.09152623092224343,6758553,NC
-0.04643759419052724,6758554,NC
-0.021348965105366685,6758555,NC
-0.0012603437459110124,6758556,NC
0.01882826980869752,6758557,NC
-0.021083124520676382,6758558,NC
-0.09099452681316098,6758559,NC
-0.1859059371478774,6758560,NC
-0.3158173556039395,6758561,NC
-0.43072878226045425,6758562,NC
-0.5056402171965207,6758563,NC
-0.5205516604912312,6758564,NC
-0.4754631122236699,6758565,NC
-0.41537457247291415,6758566,NC
-0.30528604131803294,6758567,NC
-0.1651975188380884,6758568,NC
-0.0451090051121341,6758569,NC
0.044979499780783486,6758570,NC
0.08506799576162642,6758571,NC
0.0701564827513641,6758572,NC
0.01524496067097458,6758573,NC
-0.07966657055855664,6758574,NC
-0.17457811101623522,6758575,NC
-0.2544896607810593,6758576,NC
-0.35940121993201785,6758577,NC
-0.43431278854809235,6758578,NC
-0.5142243667082551,6758579,NC
-0.5791359544914705,6758580,NC
-0.6390475519766937,6758581,NC
-0.6939591592428718,6758582,NC
-0.7338707763689426,6758583,NC
-0.7487824034338357,6758584,L
-0.7536940405164714,6758585,NC
-0.7386056876957611,6758586,NC
-0.6935173450506071,6758587,NC
-0.6384290126599033,6758588,NC
-0.5883406906025332,6758589,NC
-0.5532523789573723,6758590,NC
-0.513164077803286,6758591,NC
-0.4680757872191308,6758592,NC
-0.41298750728375333,6758593,NC
-0.38289923807599113,6758594,NC
-0.39281097967467193,6758595,NC
-0.39272273215861386,6758596,NC
-0.3976344956066253,6758597,NC
-0.3925462700975049,6758598,NC
-0.3674580557100414,6758599,NC
-0.3623698525230136,6758600,NC
-0.35728166061519034,6758601,NC
-0.35719348006533036,6758602,NC
-0.3771053109521823,6758603,NC
-0.38201715335448444,6758604,NC
-0.35692900735096494,6758605,NC
-0.3368408730203416,6758606,NC
-0.34175275044132175,6758607,NC
-0.34666463969260214,6758608,NC
-0.34657654085286904,6758609,NC
-0.3364884540007982,6758610,NC
-0.32140037921505443,6758611,NC
-0.31631231657429193,6758612,NC
-0.301224266157154,6758613,NC
-0.306136228042273,6758614,NC
-0.31104820230827035,6758615,NC
-0.2909601890337563,6758616,NC
-0.29087218829733036,6758617,NC
-0.26578420017758025,6758618,NC
-0.27069622475308286,6758619,NC
-0.2706082621024035,6758620,NC
-0.2655203123040965,6758621,NC
-0.2604323754367039,6758622,NC
-0.2303444515787571,6758623,NC
-0.23025654080877525,6758624,NC
-0.21516864320526607,6758625,NC
-0.2250807588467254,6758626,NC
-0.2249928878116376,6758627,NC
-0.20490503017847453,6758628,NC
-0.16481718602569673,6758629,NC
-0.14472935543175208,6758630,NC
-0.12964153847507695,6758631,NC
-0.12955373523409494,6758632,NC
-0.13446594578721804,6758633,NC
-0.09937817021284523,6758634,NC
-0.07929040858936377,6758635,NC
-0.04920266099514785,6758636,NC
-0.044114927508559734,6758637,NC
-0.04402720820794845,6758638,NC
-0.03393950317165095,6758639,NC
-0.018851812477991087,6758640,NC
-0.003764136205280086,6758641,NC
0.026323525568184028,6758642,NC
0.03141117276411562,6758643,NC
0.04149880530424272,6758644,NC
0.021586423110305786,6758645,NC
0.051674026104059106,6758646,NC
0.09176161420726951,6758647,NC
0.11184918734171782,6758648,NC
0.12693674542919764,6758649,NC
0.1120242883915163,6758650,NC
0.11711181615049462,6758651,NC
0.14219932862796694,6758652,NC
0.1372868257457813,6758653,NC
0.16737430742579942,6758654,NC
0.1774617735898968,6758655,NC
0.17754922415996283,6758656,NC
0.1576366590579008,6758657,NC
0.18772407820562798,6758658,NC
0.22781148152507574,6758659,NC
0.23789886893818962,6758660,NC
0.2479862403669293,6758661,NC
0.21307359573326873,6758662,NC
0.21816093495919622,6758663,NC
0.21324825796671454,6758664,NC
0.22833556467784083,6758665,NC
0.24342285501460698,6758666,NC
0.23351012889905928,6758667,NC
0.20859738625325888,6758668,NC
0.17868462699928161,6758669,NC
0.1437718510592181,6758670,NC
0.1538590583551741,6758671,NC
0.14394624880926982,6758672,NC
0.10403342234364124,6758673,NC
0.059120578880438715,6758674,NC
0.01920771834182838,6758675,NC
0.009294840649991276,6758676,NC
-0.030618054272876147,6758677,NC
-0.03053096650456205,6758678,NC
-0.07044389612283913,6758679,NC
-0.09535684320546461,6758680,NC
-0.12526980783017994,6758681,NC
-0.14518279007471133,6758682,NC
-0.14009579001676856,6758683,NC
-0.14000880773404642,6758684,NC
-0.14992184330422303,6758685,NC
-0.1848348968049613,6758686,NC
-0.19974796831390745,6758687,NC
-0.19966105790869226,6758688,NC
-0.20457416566692976,6758689,NC
-0.1844872916662183,6758690,NC
-0.19440043598413942,6758691,NC
-0.21931359869825884,6758692,NC
-0.2392267798861253,6758693,NC
-0.24913997962527165,6758694,NC
-0.23905319799321342,6758695,NC
-0.21896643506745034,6758696,NC
-0.22887969092546467,6758697,NC
-0.2487929656447226,6758698,NC
-0.24870625930267273,6758699,NC
-0.24861957197674753,6758700,NC
-0.2385329037443617,6758701,NC
-0.2334462546829137,6758702,NC
-0.23335962486978404,6758703,NC
-0.24327301438233676,6758704,NC
-0.25818642329791824,6758705,NC
-0.24309985169385756,6758706,NC
-0.2430132996474666,6758707,NC
-0.22792676723603955,6758708,NC
-0.2328402545368532,6758709,NC
-0.23775376162716677,6758710,NC
-0.2476672885842215,6758711,NC
-0.25258083548524135,6758712,NC
-0.24249440240743217,6758713,NC
-0.232407989427982,6758714,NC
-0.23232159662406093,6758715,NC
-0.23223522407282104,6758716,NC
-0.24714887185139636,6758717,NC
-0.24206254003690264,6758718,NC
-0.22197622870643757,6758719,NC
-0.21688993793708042,6758720,NC
-0.22180366780589217,6758721,NC
-0.23671741838991534,6758722,NC
-0.22663118976617394,6758723,NC
-0.22654498201167345,6758724,NC
-0.22145879520340067,6758725,NC
-0.20637262941832377,6758726,NC
-0.221286484733392,6758727,NC
-0.2162003612255359,6758728,NC
-0.2311142589716671,6758729,NC
-0.2210281780486781,6758730,NC
-0.20594211853344258,6758731,NC
-0.2058560805028149,6758732,NC
-0.21077006403363027,6758733,NC
-0.2306840692027048,6758734,NC
-0.23059809608683507,6758735,NC
-0.23051214476279833,6758736,NC
-0.2154262153073526,6758737,NC
-0.21034030779723586,6758738,NC
-0.21525442230916714,6758739,NC
-0.23516855891984517,6758740,NC
-0.2450827177059495,6758741,NC
-0.24499689874413927,6758742,NC
-0.2299111021110545,6758743,NC
-0.20982532788331448,6758744,NC
-0.21973957613751924,6758745,NC
-0.23465384695024802,6758746,NC
-0.2445681403980606,6758747,NC
-0.23948245655749584,6758748,NC
-0.23439679550507306,6758749,NC
-0.22931115731729051,6758750,NC
-0.22422554207062667,6758751,NC
-0.24413994984153897,6758752,NC
-0.2540543807064648,6758753,NC
-0.2539688347418204,6758754,NC
-0.23888331202400181,6758755,NC
-0.23879781262938388,6758756,NC
-0.2337123366343211,6758757,NC
-0.2436268841151465,6758758,NC
-0.2585414551481726,6758759,NC
-0.25845604980969084,6758760,NC
-0.2483706681759714,6758761,NC
-0.21828531032326307,6758762,NC
-0.2281999763277941,6758763,NC
-0.25311466626577067,6758764,NC
-0.26802938021337813,6758765,NC
-0.25794411824678,6758766,NC
-0.25285888044211874,6758767,NC
-0.2327736668755147,6758768,NC
-0.23268847762306702,6758769,NC
-0.24760331276085293,6758770,NC
-0.2675181723649278,6758771,NC
-0.2574330565113254,6758772,NC
-0.24234796527605748,6758773,NC
-0.21726289873511356,6758774,NC
-0.22717785696446147,6758775,NC
-0.24209284004004672,6758776,NC
-0.24200784803779266,6758777,NC
-0.2319228810336004,6758778,NC
-0.22183793910334873,6758779,NC
-0.20175302232289408,6758780,NC
-0.1916681307680703,6758781,NC
-0.21658326451468884,6758782,NC
-0.20649842363853851,6758783,NC
-0.20641360821538546,6758784,NC
-0.18632881832097312,6758785,NC
-0.16624405403102205,6758786,NC
-0.17615931542123003,6758787,NC
-0.18107460256727193,6758788,NC
-0.17598991554479948,6758789,NC
-0.1709052544294415,6758790,NC
-0.16582061929680347,6758791,NC
-0.14073601022246807,6758792,NC
-0.1456514272819941,6758793,NC
-0.1605668705509177,6758794,NC
-0.18548234010475098,6758795,NC
-0.180397836018983,6758796,NC
-0.17031335836907913,6758797,NC
-0.1652289072304811,6758798,NC
-0.185144482678607,6758799,NC
-0.19006008478885122,6758800,NC
-0.2049757136365842,6758801,NC
-0.21989136929715292,6758802,NC
-0.22480705184587965,6758803,NC
-0.19972276135806352,6758804,NC
-0.20963849790897876,6758805,NC
-0.22455426157387626,6758806,NC
-0.2344700524279819,6758807,NC
-0.23938587054649801,6758808,NC
-0.22930171600460186,6758809,NC
-0.21921758887744708,6758810,NC
-0.21913348924016202,6758811,NC
-0.24404941716785125,6758812,NC
-0.25896537273559395,6758813,NC
-0.2638813560184454,6758814,NC
-0.24379736709143543,6758815,NC
-0.2287134060295696,6758816,NC
-0.2486294729078281,6758817,NC
-0.25854556780116666,6758818,NC
-0.29846169078451557,6758819,NC
-0.28337784193278037,6758820,NC
-0.283294021320841,6758821,NC
-0.24321022902355297,6758822,NC
-0.24312646511574545,6758823,NC
-0.26304272967222314,6758824,NC
-0.28795902276776497,6758825,NC
-0.2728753444771243,6758826,NC
-0.28279169487502914,6758827,NC
-0.26270807403618174,6758828,NC
-0.2676244820352587,6758829,NC
-0.27754091894691096,6758830,NC
-0.30245738484576334,6758831,NC
-0.28737387980641516,6758832,NC
-0.28229040390343957,6758833,NC
-0.27220695721138377,6758834,NC
-0.26212353980476877,6758835,NC
-0.2820401517580896,6758836,NC
-0.31695679314581493,6758837,NC
-0.2968734640423872,6758838,NC
-0.2867901645222224,6758839,NC
-0.2667068946597103,6758840,NC
-0.271623654529214,6758841,NC
-0.2865404442050702,6758842,NC
-0.29145726376158876,6758843,NC
-0.2863741132730531,6758844,NC
-0.2762909928137198,6758845,NC
-0.26620790245781845,6758846,NC
-0.26612484227955224,6758847,NC
-0.2810418123530968,6758848,NC
-0.3009588127526011,6758849,NC
-0.285875843552187,6758850,NC
-0.27579290482594904,6758851,NC
-0.2657099966479548,6758852,NC
-0.26562711909224446,6758853,NC
-0.2755442722328308,6758854,NC
-0.2754614561436992,6758855,NC
-0.2803786708988076,6758856,NC
-0.2552959165720865,6758857,NC
-0.2502131932374385,6758858,NC
-0.23513050096873897,6758859,NC
-0.22004783983983492,6758860,NC
-0.22496520992454622,6758861,NC
-0.19488261129666423,6758862,NC
-0.144800044029953,6758863,NC
-0.10971750819814796,6758864,NC
-0.05463500387495707,6758865,NC
0.0004474688659404785,6758866,NC
0.04052990995089307,6758867,NC
0.08061231930627796,6758868,NC
0.11069469685850013,6758869,NC
0.11077704253399359,6758870,NC
0.07585935625922022,6758871,NC
-0.004058362039329001,6758872,NC
-0.11397611243513509,6758873,NC
-0.22889389500164978,6758874,NC
-0.33881170981229664,6758875,NC
-0.38872955694046996,6758876,NC
-0.37864743645953564,6758877,NC
-0.3135653484428301,6758878,NC
-0.2134832929636614,6758879,NC
-0.06840127009530803,6758880,NC
0.061680720088980324,6758881,NC
0.18676267751598352,6758882,NC
0.22684460211251017,6758883,NC
0.23692649380539876,6758884,NC
0.19200835252151657,6758885,NC
0.09209017818776094,6758886,NC
0.0021719707310582093,6758887,NC
-0.10774626992163541,6758888,NC
-0.19766454384333418,6758889,NC
-0.2825828511070226,6758890,NC
-0.38250119178565534,6758891,NC
-0.46241956595215744,6758892,NC
-0.5323379736794237,6758893,NC
-0.5772564150403193,6758894,NC
-0.6271748901076792,6758895,NC
-0.6470933989543082,6758896,L
-0.647011941652981,6758897,NC
-0.6219305182764422,6758898,NC
-0.5868491288974059,6758899,NC
-0.531767773588556,6758900,NC
-0.4816864524225458,6758901,NC
-0.4416051654719983,6758902,NC
-0.3915239128095058,6758903,NC
-0.3514426945076301,6758904,NC
-0.2963615106389022,6758905,NC
-0.2812803612758224,6758906,NC
-0.28619924649086015,6758907,NC
-0.28111816635645415,6758908,NC
-0.29603712094501194,6758909,NC
-0.2859561103289103,6758910,NC
-0.27087513458049456,6758911,NC
-0.24079419377207958,6758912,NC
-0.2457132879759481,6758913,NC
-0.24563241726435256,6758914,NC
-0.2655515817095133,6758915,NC
-0.2654707813836197,6758916,NC
-0.23539001635882942,6758917,NC
-0.22030928670726874,6758918,NC
-0.22022859250103233,6758919,NC
-0.22514793381218337,6758920,NC
-0.22506731071275285,6758921,NC
-0.23998672327474063,6758922,NC
-0.20990617157011396,6758923,NC
-0.18982565567080903,6758924,NC
-0.1747451756487292,6758925,NC
-0.18966473157574662,6758926,NC
-0.20458432352370054,6758927,NC
-0.20450395156439874,6758928,NC
-0.18442361576961616,6758929,NC
-0.15434331621109604,6758930,NC
-0.14926305296054865,6758931,NC
-0.15418282608965245,6758932,NC
-0.16410263567005276,6758933,NC
-0.16402248177336304,6758934,NC
-0.1439423644711635,6758935,NC
-0.10886228383500218,6758936,NC
-0.08878223993639392,6758937,NC
-0.09370223284682123,6758938,NC
-0.10362226263773322,6758939,NC
-0.08354232938054668,6758940,NC
-0.06846243314664469,6758941,NC
-0.028382574007377932,6758942,NC
-0.028302752034063565,6758943,NC
-0.03322296729798565,6758944,NC
-0.028143219870395052,6758945,NC
-0.023063509822509216,6758946,NC
-0.0029838372255123063,6758947,NC
0.04209579784944502,6758948,NC
0.05717539533124559,6758949,NC
0.05225495514880575,6758950,NC
0.057334477231075744,6758951,NC
0.06241396150703911,6758952,NC
0.0974934079057134,6758953,NC
0.10757281635614999,6758954,NC
0.12765218678743404,6758955,NC
0.11773151912868474,6758956,NC
0.1278108133090553,6758957,NC
0.14289006925773295,6758958,NC
0.17796928690393915,6758959,NC
0.20304846617692945,6758960,NC
0.20312760700599378,6758961,NC
0.1982067093204563,6758962,NC
0.1982857730496757,6758963,NC
0.20336479812304498,6758964,NC
0.21844378446999174,6758965,NC
0.24852273201997827,6758966,NC
0.24360164070250115,6758967,NC
0.24368051044709216,6758968,NC
0.23875934118331735,6758969,NC
0.2588381328407781,6758970,NC
0.2739168853491103,6758971,NC
0.298995598637985,6758972,NC
0.28407427263710816,6758973,NC
0.2891529072762211,6758974,NC
0.2742315024850998,6758975,NC
0.3043100581935559,6758976,NC
0.2993885743314361,6758977,NC
0.3044670508286225,6758978,NC
0.2845454876150326,6758979,NC
0.25462388462061936,6758980,NC
0.21970224177537118,6758981,NC
0.20978055900931225,6758982,NC
0.17985883625250218,6758983,NC
0.1799370734350365,6758984,NC
0.14001527048704623,6758985,NC
0.10009342733869868,6758986,NC
0.06517154392019649,6758987,NC
0.04524962016177887,6758988,NC
0.030327655993720545,6758989,NC
0.015405651346332587,6758990,NC
0.0004836061499621791,6758991,NC
-0.024438479665007312,6758992,NC
-0.05436060616815629,6758993,NC
-0.06428277342902855,6758994,NC
-0.08420498151713202,6758995,NC
-0.07912723050193751,6758996,NC
-0.08404952045288,6758997,NC
-0.11397185143935717,6758998,NC
-0.13389422353073077,6758999,NC
-0.1338166367963252,6759000,NC
-0.12373909130542865,6759001,NC
-0.11366158712729191,6759002,NC
-0.13358412433112946,6759003,NC
-0.15350670298611827,6759004,NC
-0.14842932316139884,6759005,NC
-0.143351984926074,6759006,NC
-0.14827468834921004,6759007,NC
-0.11819743349983561,6759008,NC
-0.11812022044694226,6759009,NC
-0.14804304925948422,6759010,NC
-0.15296592000637832,6759011,NC
-0.16288883275650387,6759012,NC
-0.1378117875787028,6759013,NC
-0.14273478454177937,6759014,NC
-0.13265782371450022,6759015,NC
-0.14758090516559436,6759016,NC
-0.1575040289637529,6759017,NC
-0.16242719517762935,6759018,NC
-0.14735040387583914,6759019,NC
-0.13727365512695985,6759020,NC
-0.142196948999531,6759021,NC
-0.13712028556205427,6759022,NC
-0.15204366488299279,6759023,NC
-0.156967087030772,6759024,NC
-0.13189055207377862,6759025,NC
-0.1268140600803615,6759026,NC
-0.1317376111188308,6759027,NC
-0.15166120525745838,6759028,NC
-0.1665848425644776,6759029,NC
-0.15650852310808322,6759030,NC
-0.1414322469564315,6759031,NC
-0.12635601417763992,6759032,NC
-0.13627982483978734,6759033,NC
-0.14620367901091363,6759034,NC
-0.17112757675902002,6759035,NC
-0.14605151815206868,6759036,NC
-0.1409755032579829,6759037,NC
-0.12089953214464685,6759038,NC
-0.13082360487990555,6759039,NC
-0.1607477215315652,6759040,NC
-0.16567188216739223,6759041,NC
-0.1755960868551144,6759042,NC
-0.1555203356624195,6759043,NC
-0.1404446286569565,6759044,NC
-0.13536896590633454,6759045,NC
-0.14529334747812342,6759046,NC
-0.16021777343985308,6759047,NC
-0.16514224385901433,6759048,NC
-0.15506675880305767,6759049,NC
-0.12999131833939442,6759050,NC
-0.15491592253539554,6759051,NC
-0.17484057145839266,6759052,NC
-0.1847652651756768,6759053,NC
-0.16969000375449972,6759054,NC
-0.16961478726207246,6759055,NC
-0.15453961576556643,6759056,NC
-0.16446448933211247,6759057,NC
-0.1743894080288016,6759058,NC
-0.18431437192268393,6759059,NC
-0.19923938108077,6759060,NC
-0.1691644355700291,6759061,NC
-0.1690895354573907,6759062,NC
-0.16901468080974338,6759063,NC
-0.1839398716939352,6759064,NC
-0.19386510817677355,6759065,NC
-0.19379039032502515,6759066,NC
-0.1737157182054159,6759067,NC
-0.16364109188463077,6759068,NC
-0.163566511429314,6759069,NC
-0.1684919769060688,6759070,NC
-0.18341748838145724,6759071,NC
-0.19334304592200055,6759072,NC
-0.1932686495941786,6759073,NC
-0.17319429946443024,6759074,NC
-0.1981199955991529,6759075,NC
-0.1880457380647027,6759076,NC
-0.20297152692739476,6759077,NC
-0.20289736225350208,6759078,NC
-0.20782324410925687,6759079,NC
-0.16774917256084926,6759080,NC
-0.17267514767442804,6759081,NC
-0.16760116951610027,6759082,NC
-0.18252723815193123,6759083,NC
-0.17745335364794454,6759084,NC
-0.1573795160701218,6759085,NC
-0.13730572548440287,6759086,NC
-0.12223198195668548,6759087,NC
-0.1321582855528255,6759088,NC
-0.14208463633863658,6759089,NC
-0.1370110343798903,6759090,NC
-0.131937479742316,6759091,NC
-0.10686397249160084,6759092,NC
-0.10179051269338954,6759093,NC
-0.1067171004132845,6759094,NC
-0.10664373571684586,6759095,NC
-0.11657041866959084,6759096,NC
-0.10149714933699462,6759097,NC
-0.07142392778448926,6759098,NC
-0.06635075407746469,6759099,NC
-0.09127762828126751,6759100,NC
-0.11120455046120217,6759101,NC
-0.11113152068252968,6759102,NC
-0.10605853901046866,6759103,NC
-0.09598560551019429,6759104,NC
-0.10591272024683926,6759105,NC
-0.1258398832854926,6759106,NC
-0.14076709469120077,6759107,NC
-0.1456943545289665,6759108,NC
-0.13562166286374983,6759109,NC
-0.13554901976046688,6759110,NC
-0.15047642528399102,6759111,NC
-0.16540387949915164,6759112,NC
-0.1603313824707351,6759113,NC
-0.17025893426348385,6759114,NC
-0.17018653494209712,6759115,NC
-0.16511418457122998,6759116,NC
-0.1700418832154943,6759117,NC
-0.17496963093945792,6759118,NC
-0.2048974278076448,6759119,NC
-0.1998252738845352,6759120,NC
-0.18475316923456528,6759121,NC
-0.20468111392212726,6759122,NC
-0.19960910801156925,6759123,NC
-0.21453715156719536,6759124,NC
-0.21446524465326539,6759125,NC
-0.19939338733399492,6759126,NC
-0.2143215796735554,6759127,NC
-0.1942498217360737,6759128,NC
-0.19417811358563247,6759129,NC
-0.20910645528626984,6759130,NC
-0.2290348469019794,6759131,NC
-0.22896328849671002,6759132,NC
-0.22389178013436645,6759133,NC
-0.20882032187880795,6759134,NC
-0.1987489137938498,6759135,NC
-0.20867755594326204,6759136,NC
-0.22360624839076998,6759137,NC
-0.2335349912000539,6759138,NC
-0.2284637844347493,6759139,NC
-0.19339262815844654,6759140,NC
-0.2233215224346909,6759141,NC
-0.21825046732698242,6759142,NC
-0.23817946289877606,6759143,NC
-0.22810850921348153,6759144,NC
-0.22803760633446318,6759145,NC
-0.20796675432504003,6759146,NC
-0.22289595324848555,6759147,NC
-0.2128252031680278,6759148,NC
-0.22775450414684933,6759149,NC
-0.22768385624808712,6759150,NC
-0.2126132595348324,6759151,NC
-0.2025427140701308,6759152,NC
-0.19747221991698194,6759153,NC
-0.20740177713834004,6759154,NC
-0.22233138579711295,6759155,NC
-0.21226104595616307,6759156,NC
-0.1921907576783063,6759157,NC
-0.177120521026313,6759158,NC
-0.16205033606290703,6759159,NC
-0.1569802028507664,6759160,NC
-0.1469101214525225,6759161,NC
-0.116840091930761,6759162,NC
-0.05677011434802068,6759163,NC
-0.0067001887667944154,6759164,NC
0.08336968475047174,6759165,NC
0.12843950614137803,6759166,NC
0.16350927534357132,6759167,NC
0.17357899229474485,6759168,NC
0.16864865693263897,6759169,NC
0.1537182691950403,6759170,NC
0.07878782901978261,6759171,NC
-0.05114266365525391,6759172,NC
-0.1910732088921417,6759173,NC
-0.2910038067529067,6759174,NC
-0.3159344572995277,6759175,NC
-0.23086516059393622,6759176,NC
-0.14579591669801706,6759177,NC
-0.015726725673607563,6759178,NC
0.119342412417502,6759179,NC
0.2444114975135687,6759180,NC
0.3444805295528969,6759181,NC
0.38454950847383823,6759182,NC
0.3596184342147921,6759183,NC
0.25468730671420503,6759184,NC
0.12975612591057137,6759185,NC
-0.010175108257567261,6759186,NC
-0.11010639585162113,6759187,NC
-0.1950377369329533,6759188,NC
-0.28996913156287846,6759189,NC
-0.3949005798026643,6759190,NC
-0.5198320817135297,6759191,NC
-0.5797636373566464,6759192,NC
-0.5996952467931377,6759193,NC
-0.6146269100840789,6759194,L
-0.5945586272904975,6759195,NC
-0.5944903984733724,6759196,NC
-0.5444222236936347,6759197,NC
-0.49935410301216715,6759198,NC
-0.41928603648980395,6759199,NC
-0.3592180241873312,6759200,NC
-0.32915006616548653,6759201,NC
-0.29908216248495895,6759202,NC
-0.29401431320638904,6759203,NC
-0.273946518390369,6759204,NC
-0.2738787780974419,6759205,NC
-0.2288110923881025,6759206,NC
-0.2237434613227969,6759207,NC
-0.228675884961922,6759208,NC
-0.24860836336582634,6759209,NC
-0.243540896594809,6759210,NC
-0.22847348470912054,6759211,NC
-0.1934061277689623,6759212,NC
-0.1983388258344867,6759213,NC
-0.20827157896579673,6759214,NC
-0.2132043872229467,6759215,NC
-0.2131372506659411,6759216,NC
-0.18307016935473572,6759217,NC
-0.16300314334923657,6759218,NC
-0.17293617270930045,6759219,NC
-0.18286925749473473,6759220,NC
-0.18280239776529725,6759221,NC
-0.18273559358069633,6759222,NC
-0.1726688450005906,6759223,NC
-0.1626021520845891,6759224,NC
-0.14753551489225128,6759225,NC
-0.1524689334830865,6759226,NC
-0.16240240791655475,6759227,NC
-0.1523359382520656,6759228,NC
-0.12226952454897924,6759229,NC
-0.11720316686660556,6759230,NC
-0.10713686526420456,6759231,NC
-0.117070619800986,6759232,NC
-0.11700443053610969,6759233,NC
-0.09693829752868519,6759234,NC
-0.08187222083777179,6759235,NC
-0.05680620052237838,6759236,NC
-0.05174023664146385,6759237,NC
-0.0566743292539362,6759238,NC
-0.04160847841865353,6759239,NC
-0.056542684194422904,6759240,NC
-0.021476946640001313,6759241,NC
0.008588734185905368,6759242,NC
0.013654358224641353,6759243,NC
0.018719925417602146,6759244,NC
0.02378543570623349,6759245,NC
0.033850889032032414,6759246,NC
0.058916285336546435,6759247,NC
0.09398162456137421,6759248,NC
0.1040469066481653,6759249,NC
0.10911213153862032,6759250,NC
0.10917729917449095,6759251,NC
0.10424240949757999,6759252,NC
0.11930746244974144,6759253,NC
0.15937245797288052,6759254,NC
0.1644373960089538,6759255,NC
0.154502276499969,6759256,NC
0.15456709938798546,6759257,NC
0.1646318646151139,6759258,NC
0.18469657212351637,6759259,NC
0.20476122185540674,6759260,NC
0.2148258137530502,6759261,NC
0.22489034775876374,6759262,NC
0.21995482381491613,6759263,NC
0.2300192418639276,6759264,NC
0.24508360184827058,6759265,NC
0.2651479037104689,6759266,NC
0.2602121473930989,6759267,NC
0.2652763328387881,6759268,NC
0.2603404599902167,6759269,NC
0.26040452879011666,6759270,NC
0.270468539181272,6759271,NC
0.2855324911065192,6759272,NC
0.29559638450874653,6759273,NC
0.2956602193308948,6759274,NC
0.26572399551595716,6759275,NC
0.23578771300697893,6759276,NC
0.210851371747058,6759277,NC
0.2209149716793447,6759278,NC
0.19597851274704192,6759279,NC
0.1560419948934048,6759280,NC
0.1161054180617417,6759281,NC
0.086168782195413,6759282,NC
0.061232087237832376,6759283,NC
0.05629533313246581,6759284,NC
0.02635851982283236,6759285,NC
-0.01357835274749615,6759286,NC
-0.04851528463489477,6759287,NC
-0.07845227589568593,6759288,NC
-0.09338932658613866,6759289,NC
-0.08332643676246931,6759290,NC
-0.09326360648084069,6759291,NC
-0.12320083579736281,6759292,NC
-0.15313812476809213,6759293,NC
-0.15307547344903216,6759294,NC
-0.14801288189613276,6759295,NC
-0.1479503501652908,6759296,NC
-0.1478878783123492,6759297,NC
-0.16282546639309803,6759298,NC
-0.17776311446327325,6759299,NC
-0.18770082257855775,6759300,NC
-0.17763859079458033,6759301,NC
-0.17257641916691657,6759302,NC
-0.19751430775108803,6759303,NC
-0.21245225660256256,6759304,NC
-0.23239026577675415,6759305,NC
-0.23232833532902306,6759306,NC
-0.21726646531467553,6759307,NC
-0.2022046557889639,6759308,NC
-0.20214290680708635,6759309,NC
-0.2270812184241871,6759310,NC
-0.23201959069535627,6759311,NC
-0.24695802367562975,6759312,NC
-0.22689651741998923,6759313,NC
-0.22183507198336222,6759314,NC
-0.23177368742062177,6759315,NC
-0.24171236378658661,6759316,NC
-0.23665110113602122,6759317,NC
-0.21158989952363538,6759318,NC
-0.21652875900408453,6759319,NC
-0.2064676796319695,6759320,NC
-0.21640666146183635,6759321,NC
-0.2213457045481768,6759322,NC
-0.22628480894542768,6759323,NC
-0.23122397470797107,6759324,NC
-0.21616320189013427,6759325,NC
-0.20110249054618978,6759326,NC
-0.21604184073035498,6759327,NC
-0.2309812524967927,6759328,NC
-0.2459207258996104,6759329,NC
-0.25086026099286074,6759330,NC
-0.22579985783054105,6759331,NC
-0.2207395164665938,6759332,NC
-0.2256792369549061,6759333,NC
-0.2306190193493098,6759334,NC
-0.2455588637035817,6759335,NC
-0.24049877007144282,6759336,NC
-0.23043873850655933,6759337,NC
-0.2203787690625415,6759338,NC
-0.23031886179294453,6759339,NC
-0.2502590167512677,6759340,NC
-0.2601992339909552,6759341,NC
-0.25513951356539494,6759342,NC
-0.2500798555279199,6759343,NC
-0.2350202599318067,6759344,NC
-0.23996072683027675,6759345,NC
-0.24990125627649518,6759346,NC
-0.2648418483235716,6759347,NC
-0.2697825030245595,6759348,NC
-0.24972322043245654,6759349,NC
-0.24466400060020427,6759350,NC
-0.2446048435806884,6759351,NC
-0.2595457494267383,6759352,NC
-0.2694867181911274,6759353,NC
-0.27442774992657265,6759354,NC
-0.2643688446857353,6759355,NC
-0.24931000252121965,6759356,NC
-0.2542512234855742,6759357,NC
-0.2891925076312908,6759358,NC
-0.29913385501080497,6759359,NC
-0.2890752656764958,6759360,NC
-0.27901673968068563,6759361,NC
-0.25395827707564067,6759362,NC
-0.27389987791357,6759363,NC
-0.2938415422466265,6759364,NC
-0.3037832701269061,6759365,NC
-0.3037250616064479,6759366,NC
-0.28866691673723455,6759367,NC
-0.26860883557119153,6759368,NC
-0.26855081816018744,6759369,NC
-0.2884928645560342,6759370,NC
-0.29843497481048653,6759371,NC
-0.30837714897524227,6759372,NC
-0.28331938710194204,6759373,NC
-0.2882616892421693,6759374,NC
-0.2782040554474505,6759375,NC
-0.29314648576925495,6759376,NC
-0.2830889802589945,6759377,NC
-0.2730315389680237,6759378,NC
-0.2629741619476399,6759379,NC
-0.24291684924908294,6759380,NC
-0.24785960092353523,6759381,NC
-0.26280241702212176,6759382,NC
-0.2627452975959099,6759383,NC
-0.2526882426959095,6759384,NC
-0.23763125237307275,6759385,NC
-0.20757432667829426,6759386,NC
-0.19251746566241074,6759387,NC
-0.19746066937620133,6759388,NC
-0.19740393787038718,6759389,NC
-0.21234727119563185,6759390,NC
-0.22229066940254072,6759391,NC
-0.2372341325416615,6759392,NC
-0.23217766066348355,6759393,NC
-0.23712125381843868,6759394,NC
-0.2620649120569001,6759395,NC
-0.24700863542918333,6759396,NC
-0.24195242398554545,6759397,NC
-0.22689627777618554,6759398,NC
-0.25184019685124415,6759399,NC
-0.26678418126080394,6759400,NC
-0.2817282310548886,6759401,NC
-0.28167234628346416,6759402,NC
-0.2766165269964377,6759403,NC
-0.271560773243658,6759404,NC
-0.2765050850749152,6759405,NC
-0.2764494625399412,6759406,NC
-0.3063939056884088,6759407,NC
-0.3113384145699326,6759408,NC
-0.30628298923406805,6759409,NC
-0.3062276297303123,6759410,NC
-0.30117233610810334,6759411,NC
-0.3211171084168207,6759412,NC
-0.32606194670578464,6759413,NC
-0.3360068510242567,6759414,NC
-0.34095182142143954,6759415,NC
-0.3308968579464766,6759416,NC
-0.33584196064845234,6759417,NC
-0.3307871295763923,6759418,NC
-0.33073236477926254,6759419,NC
-0.3306776663059702,6759420,NC
-0.33562303420536305,6759421,NC
-0.3255684685262298,6759422,NC
-0.3455139693172995,6759423,NC
-0.37045953662724224,6759424,NC
-0.3804051705046682,6759425,NC
-0.36535087099812874,6759426,NC
-0.35029663815611506,6759427,NC
-0.34024247202705943,6759428,NC
-0.32518837265933415,6759429,NC
-0.345134340101252,6759430,NC
-0.38008037440106623,6759431,NC
-0.38002647560697017,6759432,NC
-0.35497264376709753,6759433,NC
-0.3399188789295222,6759434,NC
-0.3448651811422583,6759435,NC
-0.3448115504532599,6759436,NC
-0.3597579869104214,6759437,NC
-0.36970449056157695,6759438,NC
-0.3596510614545009,6759439,NC
-0.3445976996369074,6759440,NC
-0.3495444051564507,6759441,NC
-0.34449117806072477,6759442,NC
-0.35443801839726347,6759443,NC
-0.36438492621354035,6759444,NC
-0.35933190155696887,6759445,NC
-0.33927894447490187,6759446,NC
-0.3442260550146323,6759447,NC
-0.34417323322339227,6759448,NC
-0.34912047914835387,6759449,NC
-0.3490677928366282,6759450,NC
-0.33401517433526645,6759451,NC
-0.3239626236912588,6759452,NC
-0.318910140951535,6759453,NC
-0.2838577261629641,6759454,NC
-0.2588053793723547,6759455,NC
-0.22375310062645415,6759456,NC
-0.14370088997194977,6759457,NC
-0.05864874745546739,6759458,NC
0.011403326876427672,6759459,NC
0.08145533297723102,6759460,NC
0.11150727080049921,6759461,NC
0.08155914029984986,6759462,NC
0.04661094142896134,6759463,NC
-0.05833732585842652,6759464,NC
-0.2132856616085132,6759465,NC
-0.3882340658674367,6759466,NC
-0.5081825386812739,6759467,NC
-0.5331310800960409,6759468,NC
-0.45807969015769207,6759469,NC
-0.3680283689121203,6759470,NC
-0.25297711640515774,6759471,NC
-0.1479259326825747,6759472,NC
-0.07287481779008019,6759473,NC
-0.002823771773321826,6759474,NC
0.04722720532211436,6759475,NC
0.08727811345070395,6759476,NC
0.0173289525669839,6759477,NC
-0.10762027737444688,6759478,NC
-0.2175695764189282,6759479,NC
-0.3125189446117378,6759480,NC
-0.3824683819980919,6759481,NC
-0.4124178886231447,6759482,NC
-0.45236746453198906,6759483,NC
-0.49731710976965515,6759484,NC
-0.5522668243811121,6759485,NC
-0.5822166084112664,6759486,NC
-0.5821664619049631,6759487,L
-0.5871163849069847,6759488,NC
-0.562066377462052,6759489,NC
-0.5370164396148235,6759490,NC
-0.5119665714098957,6759491,NC
-0.4669167728918028,6759492,NC
-0.42686704410501664,6759493,NC
-0.39681738509394704,6759494,NC
-0.3767677959029414,6759495,NC
-0.37171827657628476,6759496,NC
-0.3866688271581997,6759497,NC
-0.38661944769284656,6759498,NC
-0.36157013822432293,6759499,NC
-0.34152089879666425,6759500,NC
-0.33647172945384296,6759501,NC
-0.3464226302397695,6759502,NC
-0.35137360119829103,6759503,NC
-0.35132464237319255,6759504,NC
-0.34627575380819603,6759505,NC
-0.321226935546961,6759506,NC
-0.33117818763308376,6759507,NC
-0.32612951011009844,6759508,NC
-0.3310809030214755,6759509,NC
-0.3360323664106233,6759510,NC
-0.32598390032088675,6759511,NC
-0.30593550479554776,6759512,NC
-0.30588717987782565,6759513,NC
-0.31583892561087623,6759514,NC
-0.3207907420377925,6759515,NC
-0.3107426292016042,6759516,NC
-0.29069458714527785,6759517,NC
-0.27064661591171707,6759518,NC
-0.2605987155437618,6759519,NC
-0.275550886084189,6759520,NC
-0.2705031275757121,6759521,NC
-0.26545544006098143,6759522,NC
-0.2404078235825836,6759523,NC
-0.22036027818304207,6759524,NC
-0.20531280390481665,6759525,NC
-0.19526540079030374,6759526,NC
-0.20521806888183597,6759527,NC
-0.1701708082216828,6759528,NC
-0.15012361885204956,6759529,NC
-0.1250765008150783,6759530,NC
-0.1250294541528471,6759531,NC
-0.11498247890737068,6759532,NC
-0.11493557512059945,6759533,NC
-0.07988874283442048,6759534,NC
-0.04984198209065664,6759535,NC
-0.02979529293106721,6759536,NC
-0.019748675397347246,6759537,NC
-0.009702129531128145,6759538,NC
0.010344344626023003,6759539,NC
0.020390747032602866,6759540,NC
0.050437077647172465,6759541,NC
0.08048333642835667,6759542,NC
0.09052952333484465,6759543,NC
0.11557563832538977,6759544,NC
0.10062168135880954,6759545,NC
0.10066765239398578,6759546,NC
0.13571355138986463,6759547,NC
0.17075937830545646,6759548,NC
0.18080513309983617,6759549,NC
0.17085081573214292,6759550,NC
0.1608964261615804,6759551,NC
0.17594196434741677,6759552,NC
0.19598743024898463,6759553,NC
0.21603282382568123,6759554,NC
0.20607814503696836,6759555,NC
0.2061233938423725,6759556,NC
0.1911685702014846,6759557,NC
0.1762136740739606,6759558,NC
0.17625870541952088,6759559,NC
0.1613036641979509,6759560,NC
0.12134855036910056,6759561,NC
0.0713933638928849,6759562,NC
0.046438104729283725,6759563,NC
0.011482772838341745,6759564,NC
-0.0034726318198313733,6759565,NC
-0.0034281092850609596,6759566,NC
-0.038383659597107336,6759567,NC
-0.06333928279566581,6759568,NC
-0.10329497892036653,6759569,NC
-0.13825074801077458,6759570,NC
-0.1432065901063898,6759571,NC
-0.15316250524664693,6759572,NC
-0.16811849347091543,6759573,NC
-0.18807455481849947,6759574,NC
-0.208030689328638,6759575,NC
-0.2079868970405045,6759576,NC
-0.21294317799320728,6759577,NC
-0.21289953222578895,6759578,NC
-0.21785595977722705,6759579,NC
-0.24781246068643328,6759580,NC
-0.2577690349922541,6759581,NC
-0.2527256827334702,6759582,NC
-0.24768240394879693,6759583,NC
-0.23763919867688377,6759584,NC
-0.2425960669563148,6759585,NC
-0.25755300882560817,6759586,NC
-0.2775100243232166,6759587,NC
-0.2724671134875267,6759588,NC
-0.2724242763568597,6759589,NC
-0.27238151296947055,6759590,NC
-0.27233882336354887,6759591,NC
-0.26729620757721784,6759592,NC
-0.28225366564853527,6759593,NC
-0.2822111976154924,6759594,NC
-0.2871688035160151,6759595,NC
-0.2621264833879627,6759596,NC
-0.2520842372691289,6759597,NC
-0.2620420651972408,6759598,NC
-0.28199996720996,6759599,NC
-0.2869579433448815,6759600,NC
-0.2819159936395341,6759601,NC
-0.2518741181313807,6759602,NC
-0.24183231685781753,6759603,NC
-0.25679058985617487,6759604,NC
-0.27174893716371634,6759605,NC
-0.2667073588176396,6759606,NC
-0.25666585485507565,6759607,NC
-0.25162442531308904,6759608,NC
-0.23658307022867792,6759609,NC
-0.2515417896387741,6759610,NC
-0.26650058358024253,6759611,NC
-0.271459452089882,6759612,NC
-0.24641839520442443,6759613,NC
-0.2363774129605351,6759614,NC
-0.24133650539481283,6759615,NC
-0.2562956725437896,6759616,NC
-0.2712549144439306,6759617,NC
-0.26621423113163456,6759618,NC
-0.2561736226432332,6759619,NC
-0.23113308901499133,6759620,NC
-0.23609263028310712,6759621,NC
-0.24105224648371176,6759622,NC
-0.2510119376528695,6759623,NC
-0.24597170382657768,6759624,NC
-0.25593154504076665,6759625,NC
-0.2408914613312997,6759626,NC
-0.22085145273397316,6759627,NC
-0.23081151928451626,6759628,NC
-0.24077166101859102,6759629,NC
-0.2507318779717925,6759630,NC
-0.24569217017964837,6759631,NC
-0.2356525376776193,6759632,NC
-0.24561298050109853,6759633,NC
-0.24557349868541226,6759634,NC
-0.25553409226581913,6759635,NC
-0.2454947612775107,6759636,NC
-0.23545550575561086,6759637,NC
-0.22041632573517653,6759638,NC
-0.22037722125119674,6759639,NC
-0.23033819233859354,6759640,NC
-0.235299239032221,6759641,NC
-0.2352603613668661,6759642,NC
-0.23022155937724792,6759643,NC
-0.21018283309801822,6759644,NC
-0.215144182563761,6759645,NC
-0.22510560780899275,6759646,NC
-0.23506710886816207,6759647,NC
-0.2300286857756501,6759648,NC
-0.23499033856577003,6759649,NC
-0.2249520672727675,6759650,NC
-0.21491387193082012,6759651,NC
-0.21987575257403785,6759652,NC
-0.25483770923646276,6759653,NC
-0.244799741952069,6759654,NC
-0.23476185075476275,6759655,NC
-0.20972403567838227,6759656,NC
-0.204686296756698,6759657,NC
-0.21964863402341217,6759658,NC
-0.22961104751215902,6759659,NC
-0.22957353725650476,6759660,NC
-0.19953610328994745,6759661,NC
-0.17949874564591717,6759662,NC
-0.18446146435777558,6759663,NC
-0.1794242594588164,6759664,NC
-0.1843871309822649,6759665,NC
-0.19435007896127837,6759666,NC
-0.18931310342894558,6759667,NC
-0.16427620441828716,6759668,NC
-0.1592393819622553,6759669,NC
-0.15920263609373386,6759670,NC
-0.18416596684553838,6759671,NC
-0.1641293742504158,6759672,NC
-0.14909285834104472,6759673,NC
-0.12405641915003529,6759674,NC
-0.13402005670992911,6759675,NC
-0.15398377105319916,6759676,NC
-0.16394756221225,6759677,NC
-0.16891143021941743,6759678,NC
-0.15887537510696872,6759679,NC
-0.15383939690710252,6759680,NC
-0.14880349565194867,6759681,NC
-0.15876767137356843,6759682,NC
-0.19873192410395416,6759683,NC
-0.18369625387502964,6759684,NC
-0.1836606607186497,6759685,NC
-0.18362514466660035,6759686,NC
-0.18858970575059886,6759687,NC
-0.18855434400229343,6759688,NC
-0.22351905945326359,6759689,NC
-0.20848385213501963,6759690,NC
-0.20344872207900322,6759691,NC
-0.1934136693165867,6759692,NC
-0.19337869387907364,6759693,NC
-0.21834379579769825,6759694,NC
-0.2283089751036261,6759695,NC
-0.2182742318279532,6759696,NC
-0.22823956600170675,6759697,NC
-0.21820497765584454,6759698,NC
-0.22317046682125544,6759699,NC
-0.23813603352875884,6759700,NC
-0.253101677809105,6759701,NC
-0.2480673996929748,6759702,NC
-0.2480331992109801,6759703,NC
-0.20799907639366305,6759704,NC
-0.20796503127149685,6759705,NC
-0.21293106387488486,6759706,NC
-0.23289717423416145,6759707,NC
-0.24786336237959125,6759708,NC
-0.24282962834136956,6759709,NC
-0.22279597214962218,6759710,NC
-0.2177623938344054,6759711,NC
-0.2277288934257059,6759712,NC
-0.23269547095344087,6759713,NC
-0.24266212644745783,6759714,NC
-0.23762885993753463,6759715,NC
-0.22759567145337967,6759716,NC
-0.22756256102463146,6759717,NC
-0.23752952868085883,6759718,NC
-0.24749657445156104,6759719,NC
-0.24746369836616736,6759720,NC
-0.2374309004540375,6759721,NC
-0.23739818074446112,6759722,NC
-0.23736553926665835,6759723,NC
-0.2323329760497791,6759724,NC
-0.23730049112290363,6759725,NC
-0.23726808451504228,6759726,NC
-0.22723575625513534,6759727,NC
-0.21220350637205315,6759728,NC
-0.21717133489459617,6759729,NC
-0.2221392418514947,6759730,NC
-0.2321072272714091,6759731,NC
-0.23207529118292952,6759732,NC
-0.22204343361457624,6759733,NC
-0.21201165459479915,6759734,NC
-0.21197995415197823,6759735,NC
-0.21694833231442312,6759736,NC
-0.2269167891103734,6759737,NC
-0.24188532456799833,6759738,NC
-0.22185393871539688,6759739,NC
-0.19682263158059793,6759740,NC
-0.1917914031915599,6759741,NC
-0.18676025357617093,6759742,NC
-0.20172918276224872,6759743,NC
-0.17669819077754093,6759744,NC
-0.12666727764972435,6759745,NC
-0.08163644340640575,6759746,NC
-0.04660568807512115,6759747,NC
-0.006575011683336379,6759748,NC
0.06845558574155351,6759749,NC
0.12848610417222373,6759750,NC
0.18851654358142023,6759751,NC
0.2385469039419594,6759752,NC
0.25357718522672834,6759753,NC
0.23860738740868465,6759754,NC
0.17363751046085668,6759755,NC
0.09366755435634334,6759756,NC
-0.011302480931685663,6759757,NC
-0.11627259542999004,6759758,NC
-0.1862427891652586,6759759,NC
-0.21121306216410957,6759760,NC
-0.1511834144530902,6759761,NC
-0.08615384605867707,6759762,NC
0.008875642992724087,6759763,NC
0.11890505267477844,6759764,NC
0.20393438296122202,6759765,NC
0.27896363382586176,6759766,NC
0.3339928052425755,6759767,NC
0.3840218971853121,6759768,NC
0.3790509096280913,6759769,L
0.3190798425450039,6759770,NC
0.2241086959102117,6759771,NC
0.12413746969794752,6759772,NC
0.029166163882515306,6759773,NC
-0.04580522156171002,6759774,NC
-0.12577668666028224,6759775,NC
-0.16074823143868425,6759776,NC
-0.20571985592232747,6759777,NC
-0.2606915601365525,6759778,NC
-0.32066334410662845,6759779,NC
-0.3756352078577534,6759780,NC
-0.420607151415054,6759781,NC
-0.43057917480358576,6759782,NC
-0.45555127804833295,6759783,NC
-0.4505234611742083,6759784,NC
-0.4404957242060534,6759785,NC
-0.4254680671686384,6759786,NC
-0.3604404900866621,6759787,NC
-0.310412992984752,6759788,NC
-0.26538557588746386,6759789,NC
-0.2503582388192824,6759790,NC
-0.2553309818046205,6759791,NC
-0.24530380486781983,6759792,NC
-0.23527670803315037,6759793,NC
-0.22524969132481065,6759794,NC
-0.21522275476692765,6759795,NC
-0.21519589838355668,6759796,NC
-0.22516912219868163,6759797,NC
-0.2301424262362145,6759798,NC
-0.22011581051999596,6759799,NC
-0.1950892750737947,6759800,NC
-0.19506281992130803,6759801,NC
-0.19003644508616144,6759802,NC
-0.20501015059190847,6759803,NC
-0.2249839364620313,6759804,NC
-0.19995780271994001,6759805,NC
-0.18993174938897317,6759806,NC
-0.18490577649239728,6759807,NC
-0.1848798840534072,6759808,NC
-0.2098540720951258,6759809,NC
-0.18982834064060425,6759810,NC
-0.18480268971282163,6759811,NC
-0.1597771193346852,6759812,NC
-0.16475162952903036,6759813,NC
-0.16972622031862042,6759814,NC
-0.17470089172614683,6759815,NC
-0.1746756437742289,6759816,NC
-0.1646504764854141,6759817,NC
-0.15462538988217772,6759818,NC
-0.14460038398692315,6759819,NC
-0.13957545882198152,6759820,NC
-0.14455061440961198,6759821,NC
-0.13452585077200155,6759822,NC
-0.12450116793126512,6759823,NC
-0.09947656590944534,6759824,NC
-0.08945204472851286,6759825,NC
-0.08442760441036593,6759826,NC
-0.1094032449768308,6759827,NC
-0.09437896644966122,6759828,NC
-0.07435476885053902,6759829,NC
-0.054330652201073415,6759830,NC
-0.03930661652280165,6759831,NC
-0.029282661837188376,6759832,NC
-0.01925878816562615,6759833,NC
-0.024234995529434963,6759834,NC
-0.014211283949862624,6759835,NC
0.005812346551915523,6759836,NC
0.030835895954796563,6759837,NC
0.04085936423774997,6759838,NC
0.04588275137981766,6759839,NC
0.05590605736011403,6759840,NC
0.06092928215782595,6759841,NC
0.09595242575221279,6759842,NC
0.11597548812260641,6759843,NC
0.11599846924841128,6759844,NC
0.12102136910910433,6759845,NC
0.12604418768423514,6759846,NC
0.15106692495342583,6759847,NC
0.17108958089637116,6759848,NC
0.1811121554928385,6759849,NC
0.18113464872266788,6759850,NC
0.18615706056577197,6759851,NC
0.18617939100213615,6759852,NC
0.1962016400118185,6759853,NC
0.22622380757494978,6759854,NC
0.24124589367173352,6759855,NC
0.246267898282446,6759856,NC
0.2412898213874362,6759857,NC
0.2463116629671261,6759858,NC
0.27133342300201013,6759859,NC
0.2963551014726559,6759860,NC
0.3063766983597037,6759861,NC
0.2963982136438666,6759862,NC
0.27641964730593066,6759863,NC
0.2864409993267548,6759864,NC
0.2814622696872709,6759865,NC
0.29148345836848366,6759866,NC
0.28650456535147084,6759867,NC
0.27152559061738296,6759868,NC
0.23154653414744386,6759869,NC
0.20656739592294993,6759870,NC
0.191588175925271,6759871,NC
0.17660887413584964,6759872,NC
0.1416294905362016,6759873,NC
0.12165002510791557,6759874,NC
0.08667047783265351,6759875,NC
0.06669084869215025,6759876,NC
0.05671113766821392,6759877,NC
0.04173134474272561,6759878,NC
0.01675146989763969,6759879,NC
-0.018228486885016437,6759880,NC
-0.04320852562314205,6759881,NC
-0.05318864633456338,6759882,NC
-0.05316884903703335,6759883,NC
-0.043149133748231774,6759884,NC
-0.04812950048576507,6759885,NC
-0.04810994926716655,6759886,NC
-0.08809048010989613,6759887,NC
-0.08307109303134062,6759888,NC
-0.08305178804881333,6759889,NC
-0.07803256517955444,6759890,NC
-0.0780134244407306,6759891,NC
-0.08799436584943528,6759892,NC
-0.09797538942268852,6759893,NC
-0.102956495177437,6759894,NC
-0.097937683130554,6759895,NC
-0.08291895329883939,6759896,NC
-0.08290030569901964,6759897,NC
-0.09788174034774777,6759898,NC
-0.10786325726160334,6759899,NC
-0.12284485645709244,6759900,NC
-0.1228265379506477,6759901,NC
-0.10780830175862828,6759902,NC
-0.09779014789731974,6759903,NC
-0.09777207638293421,6759904,NC
-0.11275408723161022,6759905,NC
-0.1127361804594128,6759906,NC
-0.11271835608233335,6759907,NC
-0.09270061411628976,6759908,NC
-0.09268295457712623,6759909,NC
-0.09766537748061348,6759910,NC
-0.11764788284244843,6759911,NC
-0.12263047067825454,6759912,NC
-0.1076131410035815,6759913,NC
-0.09259589383390539,6759914,NC
-0.09257872918462857,6759915,NC
-0.10756164707107978,6759916,NC
-0.11254464750851392,6759917,NC
-0.10252773051211232,6759918,NC
-0.09251089609698246,6759919,NC
-0.08249414427815814,6759920,NC
-0.08247747507059937,6759921,NC
-0.0774608884891924,6759922,NC
-0.09244438454874963,6759923,NC
-0.08742796326400977,6759924,NC
-0.08241162464963764,6759925,NC
-0.07739536872022426,6759926,NC
-0.057379195490286736,6759927,NC
-0.07236310497426846,6759928,NC
-0.10234709718653882,6759929,NC
-0.10233117214139338,6759930,NC
-0.08731532985305386,6759931,NC
-0.06729957033566801,6759932,NC
-0.06728389360330969,6759933,NC
-0.08726829966997876,6759934,NC
-0.10725278854960131,6759935,NC
-0.10723736025602924,6759936,NC
-0.09222201480304071,6759937,NC
-0.07720675220433973,6759938,NC
-0.07219157247355641,6759939,NC
-0.08717647562424681,6759940,NC
-0.10216146166989305,6759941,NC
-0.1071465306239031,6759942,NC
-0.10213168249961099,6759943,NC
-0.09211691731027662,6759944,NC
-0.09210223506908594,6759945,NC
-0.08708763578915069,6759946,NC
-0.12707311948350863,6759947,NC
-0.11705868616512333,6759948,NC
-0.11204433584688432,6759949,NC
-0.10203006854160701,6759950,NC
-0.09701588426203261,6759951,NC
-0.11200178302082822,6759952,NC
-0.12698776483058682,6759953,NC
-0.12697382970382717,6759954,NC
-0.11195997765299387,6759955,NC
-0.09694620869045735,6759956,NC
-0.0919325228285138,6759957,NC
-0.10691892007938522,6759958,NC
-0.11690540045521937,6759959,NC
-0.11689196396808982,6759960,NC
-0.1268786106299959,6759961,NC
-0.10686534045286253,6759962,NC
-0.10685215344854061,6759963,NC
-0.11183904962880654,6759964,NC
-0.13182602900536264,6759965,NC
-0.13181309158983676,6759966,NC
-0.11680023739378247,6759967,NC
-0.10178746642867915,6759968,NC
-0.1017747787059317,6759969,NC
-0.12676217423687075,6759970,NC
-0.12174965303275258,6759971,NC
-0.1367372151047591,6759972,NC
-0.13172486046399787,6759973,NC
-0.12671258912150202,6759974,NC
-0.09670040108823036,6759975,NC
-0.11168829637506725,6759976,NC
-0.1316762749928227,6759977,NC
-0.13166433695223223,6759978,NC
-0.11165248226395692,6759979,NC
-0.10164071093858358,6759980,NC
-0.08662902298662434,6759981,NC
-0.09161741841851706,6759982,NC
-0.09160589724462502,6759983,NC
-0.0815944594752371,6759984,NC
-0.06658310512056764,6759985,NC
-0.07157183419075655,6759986,NC
-0.07156064669586915,6759987,NC
-0.05654954264589632,6759988,NC
-0.06153852205075441,6759989,NC
-0.06152758492028525,6759990,NC
-0.05151673126425606,6759991,NC
-0.04650596109235966,6759992,NC
-0.03149527441421411,6759993,NC
-0.03648467123936312,6759994,NC
-0.02647415157727566,6759995,NC
-0.021463715437346265,6759996,NC
-0.011453362828894725,6759997,NC
-0.0014430937611663724,6759998,NC
-0.01643290824333185,6759999,NC
-0.036422806284487255,6760000,NC
-0.04641278789365397,6760001,NC
-0.05640285307977881,6760002,NC
-0.041393001851733974,6760003,NC
-0.03138323421831696,6760004,NC
-0.036373550188250656,6760005,NC
-0.06136394977018325,6760006,NC
-0.0763544329726883,6760007,NC
-0.06634499980426467,6760008,NC
-0.06133565027333651,6760009,NC
-0.05132638438825335,6760010,NC
-0.056317202157289956,6760011,NC
-0.061308103588646426,6760012,NC
-0.0812990886904481,6760013,NC
-0.10129015747074568,6760014,NC
-0.08628130993751502,6760015,NC
-0.08627254609865737,6760016,NC
-0.08626386596199913,6760017,NC
-0.09625526953529201,6760018,NC
-0.11124675682621292,6760019,NC
-0.11623832784236407,6760020,NC
-0.11122998259127286,6760021,NC
-0.10622172108039193,6760022,NC
-0.11121354331709908,6760023,NC
-0.12120544930869741,6760024,NC
-0.14119743906241514,6760025,NC
-0.14118951258540574,6760026,NC
-0.1261816698847479,6760027,NC
-0.10617391096744543,6760028,NC
-0.09616623584042727,6760029,NC
-0.11115864451054766,6760030,NC
-0.131151136984586,6760031,NC
-0.14114371326924668,6760032,NC
-0.13613637337115947,6760033,NC
-0.12612911729687912,6760034,NC
-0.11612194505288558,6760035,NC
-0.13111485664558398,6760036,NC
-0.14110785208130447,6760037,NC
-0.15110093136630248,6760038,NC
-0.1560940945067584,6760039,NC
-0.13608734150877788,6760040,NC
-0.12108067237839151,6760041,NC
-0.13107408712155516,6760042,NC
-0.15106758574414966,6760043,NC
-0.16106116825198102,6760044,NC
-0.1410548346507803,6760045,NC
-0.1310485849462037,6760046,NC
-0.12604241914383232,6760047,NC
-0.13103633724917257,6760048,NC
-0.1360303392676558,6760049,NC
-0.14602442520463832,6760050,NC
-0.1260185950654018,6760051,NC
-0.12101284885515262,6760052,NC
-0.11100718657902246,6760053,NC
-0.12100160824206793,6760054,NC
-0.13599611384927068,6760055,NC
-0.12599070340553742,6760056,NC
-0.12098537691569984,6760057,NC
-0.11098013438451476,6760058,NC
-0.10097497581666398,6760059,NC
-0.12096990121675422,6760060,NC
-0.12596491058931736,6760061,NC
-0.12096000393881016,6760062,NC
-0.1159551812696145,6760063,NC
-0.08595044258603718,6760064,NC
-0.08594578789231005,6760065,NC
-0.08094121719258988,6760066,NC
-0.10093673049095857,6760067,NC
-0.08093232779142279,6760068,NC
-0.05092800909791442,6760069,NC
-0.025923774414290182,6760070,NC
0.004080376255668178,6760071,NC
0.01908444290825398,6760072,NC
0.0490884255398355,6760073,NC
0.13909232414685616,6760074,NC
0.2190961387258343,6760075,NC
0.31409986927336336,6760076,NC
0.39410351578611186,6760077,NC
0.42910707826082334,6760078,NC
0.4491105566943162,6760079,NC
0.4241139510834843,6760080,NC
0.3991172614252962,6760081,NC
0.3241204877167957,6760082,NC
0.23912362995510147,6760083,NC
0.1691266881374075,6760084,NC
0.14412966226098267,6760085,NC
0.184132552323171,6760086,NC
0.27413535832139146,6760087,NC
0.38913808025313834,6760088,NC
0.5041407181159807,6760089,NC
0.624143271907563,6760090,NC
0.6841457416256044,6760091,NC
0.7591481272678995,6760092,NC
0.8041504288323177,6760093,NC
0.7741526463168038,6760094,L
0.6991547797193773,6760095,NC
0.5691568290381331,6760096,NC
0.4641587942712411,6760097,NC
0.37916067541694626,6760098,NC
0.2991624724735686,6760099,NC
0.22916418543950334,6760100,NC
0.13916581431322064,6760101,NC
0.014167359093265941,6760102,NC
-0.10583118022174036,6760103,NC
-0.20582980363310266,6760104,NC
-0.2608285111420503,6760105,NC
-0.2858273027497376,6760106,NC
-0.31582617845724364,6760107,NC
-0.3358251382655725,6760108,NC
-0.3508241821756531,6760109,NC
-0.33082331018833916,6760110,NC
-0.2908225223044095,6760111,NC
-0.25582181852456776,6760112,NC
-0.2158211988494424,6760113,NC
-0.22082066327958677,6760114,NC
-0.18082021181547925,6760115,NC
-0.18081984445752292,6760116,NC
-0.16581956120604585,6760117,NC
-0.1508193620613011,6760118,NC
-0.1308192470234664,6760119,NC
-0.13081921609264452,6760120,NC
-0.15081926926886308,6760121,NC
-0.15081940655207465,6760122,NC
-0.13581962794215657,6760123,NC
-0.12081993343891109,6760124,NC
-0.12082032304206547,6760125,NC
-0.12082079675127176,6760126,NC
-0.13582135456610692,6760127,NC
-0.12582199648607276,6760128,NC
-0.12082272251059606,6760129,NC
-0.11582353263902843,6760130,NC
-0.10082442687064644,6760131,NC
-0.10582540520465146,6760132,NC
-0.1208264676401698,6760133,NC
-0.1258276141762527,6760134,NC
-0.12082884481187621,6760135,NC
-0.10083015954594139,6760136,NC
-0.09583155837727407,6760137,NC
-0.10583304130462509,6760138,NC
-0.10583460832667009,6760139,NC
-0.10083625944200969,6760140,NC
-0.10083799464916939,6760141,NC
-0.08083981394659953,6760142,NC
-0.09584171733267549,6760143,NC
-0.0858437048056974,6760144,NC
-0.08084577636389041,6760145,NC
-0.08084793200540455,6760146,NC
-0.08585017172831472,6760147,NC
-0.04585249553062078,6760148,NC
-0.030854903410247464,6760149,NC
-0.04085739536504446,6760150,NC
-0.050859971392786335,6760151,NC
-0.050862631491172636,6760152,NC
-0.030865375657827793,6760153,NC
-0.0008682038903011086,6760154,NC
0.014128883813933082,6760155,NC
0.009125887457475584,6760156,NC
-0.0008771929569977022,6760157,NC
0.014119642573264105,6760158,NC
0.029116394051087,6760159,NC
0.044113061479372065,6760160,NC
0.054109644861095395,6760161,NC
0.04410614419930817,6760162,NC
0.0491025594971366,6760163,NC
0.04909889075778198,6760164,NC
0.07409513798452061,6760165,NC
0.08909130118070388,6760166,NC
0.10908738034975822,6760167,NC
0.11908337549518505,6760168,NC
0.11407928662056085,6760169,NC
0.12907511372953717,6760170,NC
0.14407085682584056,6760171,NC
0.16906651591327257,6760172,NC
0.19406209099570984,6760173,NC
0.19905758207710395,6760174,NC
0.19405298916148156,6760175,NC
0.19404831225294433,6760176,NC
0.21404355135566888,6760177,NC
0.2440387064739069,6760178,NC
0.2540337776119851,6760179,NC
0.254028764774305,6760180,NC
0.25902366796534343,6760181,NC
0.27401848718965194,6760182,NC
0.27901322245185717,6760183,NC
0.3140078737566607,6760184,NC
0.3340024411088392,6760185,NC
0.34399692451324415,6760186,NC
0.33899132397480214,6760187,NC
0.3339856394985147,6760188,NC
0.34897987108945816,6760189,NC
0.363974018752784,6760190,NC
0.35896808249371864,6760191,NC
0.3589620623175633,6760192,NC
0.3289559582296942,6760193,NC
0.2889497702355626,6760194,NC
0.28894349834069466,6760195,NC
0.27893714255069124,6760196,NC
0.2589307028712285,6760197,NC
0.22392417930805722,6760198,NC
0.17891757186700322,6760199,NC
0.15891088055396715,6760200,NC
0.13890410537492467,6760201,NC
0.13389724633592623,6760202,NC
0.12889030344309726,6760203,NC
0.09388327670263799,6760204,NC
0.05887616612082357,6760205,NC
0.04386897170400403,6760206,NC
0.038861693458604275,6760207,NC
0.04385433139112403,6760208,NC
0.033846885508137914,6760209,NC
0.028839355816295403,6760210,NC
0.0038317423223207664,6760211,NC
-0.01117595496698684,6760212,NC
-0.006183736044753446,6760213,NC
-0.021191600904030244,6760214,NC
-0.006199549537793614,6760215,NC
-0.021207581938945133,6760216,NC
-0.046215698100311564,6760217,NC
-0.041223898014644836,6760218,NC
-0.036232181674622124,6760219,NC
-0.031240549072845805,6760220,NC
-0.0162490002018435,6760221,NC
-0.011257535054067958,6760222,NC
-0.03126615362189733,6760223,NC
-0.04627485589763483,6760224,NC
-0.031283641873509,6760225,NC
-0.02129251154167365,6760226,NC
-0.04130146489420783,6760227,NC
-0.02631050192311582,6760228,NC
-0.05131962262032724,6760229,NC
-0.046328826977696955,6760230,NC
-0.03133811498700512,6760231,NC
-0.02634748663995716,6760232,NC
-0.011356941928183872,6760233,NC
-0.0163664808432413,6760234,NC
-0.03137610337661084,6760235,NC
-0.05138580951969918,6760236,NC
-0.031395599263838406,6760237,NC
-0.01640547260028584,6760238,NC
-0.006415429520224281,6760239,NC
-0.026425470014761754,6760240,NC
-0.031435594074931766,6760241,NC
-0.04644580169169313,6760242,NC
-0.03645609285593003,6760243,NC
-0.026466467558452084,6760244,NC
-0.016476925789994296,6760245,NC
-0.031487467541217035,6760246,NC
-0.04149809280270615,6760247,NC
-0.036508801564972854,6760248,NC
-0.0315195938184538,6760249,NC
-0.026530469553511113,6760250,NC
-0.011541428760432362,6760251,NC
-0.021552471429430523,6760252,NC
-0.04156359755064412,6760253,NC
-0.051574807114137006,6760254,NC
-0.06158610010989872,6760255,NC
-0.031597476527844115,6760256,NC
-0.01660893635781366,6760257,NC
-0.031620479589573244,6760258,NC
-0.06663210621281435,6760259,NC
-0.046643816217153966,6760260,NC
-0.041655609592134574,6760261,NC
-0.03166748632722424,6760262,NC
-0.03667944641181664,6760263,NC
-0.036691489835230934,6760264,NC
-0.04670361658671186,6760265,NC
-0.05671582665542978,6760266,NC
-0.03672812003048065,6760267,NC
-0.036740496700886,6760268,NC
-0.041752956655593004,6760269,NC
-0.056765499883474416,6760270,NC
-0.0667781263733287,6760271,NC
-0.06679083611387988,6760272,NC
-0.06680362909377768,6760273,NC
-0.061816505301597505,6760274,NC
-0.05182946472584035,6760275,NC
-0.04684250735493306,6760276,NC
-0.07685563317722795,6760277,NC
-0.07686884218100322,6760278,NC
-0.07188213435446271,6760279,NC
-0.05689550968573602,6760280,NC
-0.05690896816287844,6760281,NC
-0.07192250977387107,6760282,NC
-0.0769361345066207,6760283,NC
-0.07694984234895992,6760284,NC
-0.061963633288647124,6760285,NC
-0.0669775073133665,6760286,NC
-0.06699146441072795,6760287,NC
-0.06200550456826728,6760288,NC
-0.07701962777344616,6760289,NC
-0.08203383401365191,6760290,NC
-0.07204812327619789,6760291,NC
-0.06206249554832324,6760292,NC
-0.05207695081719291,6760293,NC
-0.04709148906989789,6760294,NC
-0.07210611029345487,6760295,NC
-0.0721208144748066,6760296,NC
-0.08213560160082164,6760297,NC
-0.06715047165829459,6760298,NC
-0.04716542463394588,6760299,NC
-0.04718046051442189,6760300,NC
-0.05219557928629501,6760301,NC
-0.04221078093606369,6760302,NC
-0.017226065450152178,6760303,NC
-0.012241432814910871,6760304,NC
-0.007256883016616103,6760305,NC
-0.007272416041470289,6760306,NC
-0.032288031875601766,6760307,NC
-0.037303730505065094,6760308,NC
-0.02231951191584071,6760309,NC
-0.0073353760938352774,6760310,NC
0.007648676975118562,6760311,NC
-0.0023673526947379925,6760312,NC
-0.007383465089089797,6760313,NC
0.0076003398064520555,6760314,NC
-0.0024159379936495168,6760315,NC
0.007567701525142176,6760316,NC
0.01255125837743766,6760317,NC
-0.00246526742207874,6760318,NC
-0.022481875858648845,6760319,NC
-0.03749856691744061,6760320,NC
-0.01751534058354834,6760321,NC
-0.02753219684199254,6760322,NC
-0.0325491356777199,6760323,NC
-0.042566157075603364,6760324,NC
-0.04258326102044219,6760325,NC
-0.0576004474969619,6760326,NC
-0.06261771648981436,6760327,NC
-0.0526350679835776,6760328,NC
-0.0626525019627562,6760329,NC
-0.06267001841178081,6760330,NC
-0.057687617315008696,6760331,NC
-0.08770529865672329,6760332,NC
-0.08272306242113452,6760333,NC
-0.0627409085923786,6760334,NC
-0.06775883715451832,6760335,NC
-0.08777684809154268,6760336,NC
-0.10279494138736729,6760337,NC
-0.12281311702583414,6760338,NC
-0.10783137499071171,6760339,NC
-0.11784971526569485,6760340,NC
-0.12286813783440506,6760341,NC
-0.1328866426803903,6760342,NC
-0.12790522978712504,6760343,NC
-0.13292389913801017,6760344,NC
-0.10294265071637339,6760345,NC
-0.09796148450546875,6760346,NC
-0.102980400488477,6760347,NC
-0.12799939864850535,6760348,NC
-0.13301847896858784,6760349,NC
-0.14303764143168488,6760350,NC
-0.12805688602068382,6760351,NC
-0.1280762127183984,6760352,NC
-0.1180956215075691,6760353,NC
-0.1381151123708632,6760354,NC
-0.15313468529087465,6760355,NC
-0.163154340250124,6760356,NC
-0.1481740772310587,6760357,NC
-0.13819389621605277,6760358,NC
-0.1232137971874072,6760359,NC
-0.1332337801273496,6760360,NC
-0.12825384501803444,6760361,NC
-0.14827399184154305,6760362,NC
-0.13329422057988355,6760363,NC
-0.1233145312149908,6760364,NC
-0.11333492372872675,6760365,NC
-0.10835539810288006,6760366,NC
-0.1433759543191663,6760367,NC
-0.15339659235922803,6760368,NC
-0.15341731220463467,6760369,NC
-0.1534381138368826,6760370,NC
-0.1434589972373952,6760371,NC
-0.15347996238752276,6760372,NC
-0.1585010092685426,6760373,NC
-0.14852213786165902,6760374,NC
-0.1385433481480035,6760375,NC
-0.12356464010863434,6760376,NC
-0.133586013724537,6760377,NC
-0.14360746897662402,6760378,NC
-0.13862900584573518,6760379,NC
-0.13365062431263705,6760380,NC
-0.14367232435802357,6760381,NC
-0.11369410596251578,6760382,NC
-0.11871596910666193,6760383,NC
-0.10873791377093737,6760384,NC
-0.11875993993574456,6760385,NC
-0.10378204758141348,6760386,NC
-0.07880423668820101,6760387,NC
-0.0438265072362915,6760388,NC
0.011151140794203554,6760389,NC
0.04612870742324528,6760390,NC
0.10110619267086747,6760391,NC
0.16108359655717674,6760392,NC
0.24606091910235234,6760393,NC
0.35103816032664603,6760394,NC
0.4210153202503822,6760395,NC
0.4509923988939579,6760396,NC
0.455969396277843,6760397,NC
0.4259463124225796,6760398,NC
0.3909231473487823,6760399,NC
0.33089990107713857,6760400,NC
0.25087657362840826,6760401,NC
0.2158531650234235,6760402,NC
0.23582967528308924,6760403,NC
0.2858061044283826,6760404,NC
0.38578245248035337,6760405,NC
0.5157587194601234,6760406,NC
0.6457349053888877,6760407,NC
0.7457110102879124,6760408,NC
0.8156870341785374,6760409,NC
0.8456629770821739,6760410,NC
0.855638839020306,6760411,L
0.8156146200144897,6760412,NC
0.7055903200863538,6760413,NC
0.5855659392575988,6760414,NC
0.4705414775499979,6760415,NC
0.3755169349853962,6760416,NC
0.27549231158571125,6760417,NC
0.20046760737293257,6760418,NC
0.08044282236912212,6760419,NC
-0.0545820434035863,6760420,NC
-0.18460698992298652,6760421,NC
-0.2896320171668003,6760422,NC
-0.34965712511267744,6760423,NC
-0.3746823137381956,6760424,NC
-0.3847075830208603,6760425,NC
-0.4097329329381051,6760426,NC
-0.40475836346729155,6760427,NC
-0.3697838745857094,6760428,NC
-0.339809466270576,6760429,NC
-0.2898351384990371,6760430,NC
-0.25986089124816636,6760431,NC
-0.22988672449496578,6760432,NC
-0.2249126382163651,6760433,NC
-0.2199386323892224,6760434,NC
-0.20996470699032388,6760435,NC
-0.204990861996384,6760436,NC
-0.19501709738404532,6760437,NC
-0.20004341312987858,6760438,NC
-0.21006980921038285,6760439,NC
-0.22009628560198546,6760440,NC
-0.2251228422810419,6760441,NC
-0.20514947922383608,6760442,NC
-0.19517619640658018,6760443,NC
-0.19520299380541478,6760444,NC
-0.21522987139640876,6760445,NC
-0.2002568291555593,6760446,NC
-0.18028386705879226,6760447,NC
-0.1803109850819617,6760448,NC
-0.17033818320085012,6760449,NC
-0.1703654613911686,6760450,NC
-0.17539281962855663,6760451,NC
-0.1854202578885824,6760452,NC
-0.1854477761467424,6760453,NC
-0.1654753743784617,6760454,NC
-0.16050305255909408,6760455,NC
-0.160530810663922,6760456,NC
-0.18055864866815624,6760457,NC
-0.17558656654693644,6760458,NC
-0.1556145642753309,6760459,NC
-0.13564264182833655,6760460,NC
-0.1356707991808791,6760461,NC
-0.14069903630781289,6760462,NC
-0.13572735318392115,6760463,NC
-0.1407557497839158,6760464,NC
-0.13078422608243762,6760465,NC
-0.1008127820540561,6760466,NC
-0.09584141767326977,6760467,NC
-0.08587013291450585,6760468,NC
-0.09089892775212062,6760469,NC
-0.09592780216039908,6760470,NC
-0.09095675611355539,6760471,NC
-0.06598578958573244,6760472,NC
-0.05101490255100238,6760473,NC
-0.041044094983366045,6760474,NC
-0.05107336685675366,6760475,NC
-0.04110271814502414,6760476,NC
-0.016132148821965814,6760477,NC
-0.006161658861295868,6760478,NC
0.0038087517633392104,6760479,NC
0.008779083078363975,6760480,NC
0.028749335110273583,6760481,NC
0.028719507885634155,6760482,NC
0.04868960143108258,6760483,NC
0.07865961577332645,6760484,NC
0.08862955093914401,6760485,NC
0.10359940695538439,6760486,NC
0.10356918384896736,6760487,NC
0.10353888164688327,6760488,NC
0.13850850037619306,6760489,NC
0.15847804006402846,6760490,NC
0.18344750073759172,6760491,NC
0.1734168824241556,6760492,NC
0.1683861851510633,6760493,NC
0.18335540894572883,6760494,NC
0.1933245538356364,6760495,NC
0.22329361984834095,6760496,NC
0.2582626070114675,6760497,NC
0.23823151535271186,6760498,NC
0.24320034489984005,6760499,NC
0.24816909568068846,6760500,NC
0.2781377677231638,6760501,NC
0.2931063610552431,6760502,NC
0.3180748757049739,6760503,NC
0.33304331170047363,6760504,NC
0.3180116690699302,6760505,NC
0.30297994784160176,6760506,NC
0.30294814804381653,6760507,NC
0.31791626970497294,6760508,NC
0.32788431285353953,6760509,NC
0.312852277518055,6760510,NC
0.27782016372712826,6760511,NC
0.247787971509438,6760512,NC
0.23275570089373315,6760513,NC
0.22772335190883258,6760514,NC
0.19769092458362525,6760515,NC
0.17265841894706993,6760516,NC
0.13262583502819542,6760517,NC
0.10259317285610037,6760518,NC
0.08756043245995342,6760519,NC
0.06252761386899289,6760520,NC
0.06749471711252718,6760521,NC
0.05246174221993419,6760522,NC
0.012428689220661912,6760523,NC
-0.0026044418557721882,6760524,NC
-0.0026376509797806924,6760525,NC
-0.017670938121706684,6760526,NC
-0.01770430325182336,6760527,NC
-0.022737746340334444,6760528,NC
-0.042771267357374035,6760529,NC
-0.05780486627300653,6760530,NC
-0.06783854305722681,6760531,NC
-0.042872297679960106,6760532,NC
-0.042906130111062465,6760533,NC
-0.047940040320320135,6760534,NC
-0.07797402827745001,6760535,NC
-0.08300809395209939,6760536,NC
-0.08804223731384657,6760537,NC
-0.08807645833220015,6760538,NC
-0.06311075697659944,6760539,NC
-0.06814513321641434,6760540,NC
-0.08817958702094562,6760541,NC
-0.09321411835942482,6760542,NC
-0.09324872720101396,6760543,NC
-0.07828341351480621,6760544,NC
-0.07331817726982516,6760545,NC
-0.08835301843502562,6760546,NC
-0.08838793697929302,6760547,NC
-0.09342293287144374,6760548,NC
-0.09345800608022511,6760549,NC
-0.08849315657431553,6760550,NC
-0.0735283843223242,6760551,NC
-0.08356368929279129,6760552,NC
-0.08859907145418819,6760553,NC
-0.11363453077491738,6760554,NC
-0.10867006722331221,6760555,NC
-0.08370568076763725,6760556,NC
-0.07874137137608828,6760557,NC
-0.08877713901679228,6760558,NC
-0.11381298365780738,6760559,NC
-0.11884890526712279,6760560,NC
-0.12388490381265929,6760561,NC
-0.0889209792622688,6760562,NC
-0.09395713158373456,6760563,NC
-0.08899336074477103,6760564,NC
-0.11402966671302432,6760565,NC
-0.10406604945607183,6760566,NC
-0.11410250894142232,6760567,NC
-0.10913904513651602,6760568,NC
-0.09417565800872477,6760569,NC
-0.08921234752535195,6760570,NC
-0.10924911365363237,6760571,NC
-0.10928595636073236,6760572,NC
-0.11432287561375008,6760573,NC
-0.10435987137971527,6760574,NC
-0.09939694362558922,6760575,NC
-0.10443409231826498,6760576,NC
-0.12447131742456735,6760577,NC
-0.13450861891125301,6760578,NC
-0.14454599674501023,6760579,NC
-0.12458345089245905,6760580,NC
-0.10962098132015163,6760581,NC
-0.11965858799457187,6760582,NC
-0.12969627088213556,6760583,NC
-0.1297340299491904,6760584,NC
-0.12477186516201595,6760585,NC
-0.11980977648682424,6760586,NC
-0.10484776388975887,6760587,NC
-0.1148858273368956,6760588,NC
-0.13492396679424218,6760589,NC
-0.1349621822277389,6760590,NC
-0.1350004736032578,6760591,NC
-0.1250388408866032,6760592,NC
-0.10507728404351159,6760593,NC
-0.1251158030396518,6760594,NC
-0.125154397840625,6760595,NC
-0.13519306841196443,6760596,NC
-0.13023181471913586,6760597,NC
-0.12027063672753728,6760598,NC
-0.12030953440249928,6760599,NC
-0.1203485077092846,6760600,NC
-0.12538755661308873,6760601,NC
-0.14042668107903938,6760602,NC
-0.13046588107219703,6760603,NC
-0.11550515655755453,6760604,NC
-0.12054450750003724,6760605,NC
-0.12558393386450342,6760606,NC
-0.15562343561574388,6760607,NC
-0.14566301271848192,6760608,NC
-0.13570266513737364,6760609,NC
-0.12574239283700794,6760610,NC
-0.11078219578190665,6760611,NC
-0.12082207393652401,6760612,NC
-0.1258620272652473,6760613,NC
-0.12590205573239677,6760614,NC
-0.10094215930222551,6760615,NC
-0.07098233793891941,6760616,NC
-0.07602259160659736,6760617,NC
-0.06606292026931133,6760618,NC
-0.07610332389104642,6760619,NC
-0.10114380243572053,6760620,NC
-0.07618435586718472,6760621,NC
-0.06122498414922328,6760622,NC
-0.0462656872455537,6760623,NC
-0.04130646511982647,6760624,NC
-0.04134731773562532,6760625,NC
-0.056388245056467376,6760626,NC
-0.04142924704580303,6760627,NC
-0.036470323667015886,6760628,NC
-0.0415114748834229,6760629,NC
-0.05155270065827448,6760630,NC
-0.061594000954754535,6760631,NC
-0.07663537573598028,6760632,NC
-0.07167682496500231,6760633,NC
-0.07171834860480503,6760634,NC
-0.07675994661830626,6760635,NC
-0.09680161896835733,6760636,NC
-0.12184336561774314,6760637,NC
-0.12188518652918245,6760638,NC
-0.12192708166532765,6760639,NC
-0.11196905098876471,6760640,NC
-0.11701109446201341,6760641,NC
-0.12705321204752712,6760642,NC
-0.13709540370769363,6760643,NC
-0.13713766940483396,6760644,NC
-0.14718000910120327,6760645,NC
-0.1472224227589904,6760646,NC
-0.1372649103403186,6760647,NC
-0.14730747180724474,6760648,NC
-0.15735010712175973,6760649,NC
-0.14739281624578876,6760650,NC
-0.14243559914119075,6760651,NC
-0.14247845576975915,6760652,NC
-0.14252138609322115,6760653,NC
-0.15756439007323852,6760654,NC
-0.15760746767140688,6760655,NC
-0.16265061884925647,6760656,NC
-0.1576938435682515,6760657,NC
-0.15273714178979064,6760658,NC
-0.137780513475207,6760659,NC
-0.14282395858576805,6760660,NC
-0.15786747708267557,6760661,NC
-0.1729110689270658,6760662,NC
-0.1529547340800096,6760663,NC
-0.13799847250251251,6760664,NC
-0.14804228415551426,6760665,NC
-0.1530861689998893,6760666,NC
-0.1581301269964469,6760667,NC
-0.173174158105931,6760668,NC
-0.16821826228901998,6760669,NC
-0.14826243950632711,6760670,NC
-0.14830668971840044,6760671,NC
-0.13835101288572302,6760672,NC
-0.1633954089687124,6760673,NC
-0.15843987792772113,6760674,NC
-0.14848441972303686,6760675,NC
-0.13852903431488206,6760676,NC
-0.1285737216634142,6760677,NC
-0.1336184817287256,6760678,NC
-0.14866331447084394,6760679,NC
-0.14370821984973195,6760680,NC
-0.13875319782528733,6760681,NC
-0.12879824835734288,6760682,NC
-0.12884337140566698,6760683,NC
-0.12888856692996298,6760684,NC
-0.1439338348898695,6760685,NC
-0.13397917524496045,6760686,NC
-0.11902458795474524,6760687,NC
-0.10907007297866865,6760688,NC
-0.07411563027611075,6760689,NC
-0.05916125980638705,6760690,NC
-0.05420696152874871,6760691,NC
-0.02925273540238242,6760692,NC
0.030701418613589715,6760693,NC
0.10565550056010989,6760694,NC
0.19560951047818492,6760695,NC
0.27056344840888524,6760696,NC
0.32051731439334635,6760697,NC
0.36547110847276765,6760698,NC
0.3754248306884128,6760699,NC
0.38037848108160954,6760700,NC
0.3303320596937499,6760701,NC
0.23028556656629,6760702,NC
0.12023900174074992,6760703,NC
0.07519236525871387,6760704,NC
0.10514565716182991,6760705,NC
0.21509887749181034,6760706,NC
0.32505202629043095,6760707,NC
0.47500510359953196,6760708,NC
0.5949581094610168,6760709,NC
0.6749110439168533,6760710,NC
0.7498639070090726,6760711,NC
0.7998166987797698,6760712,NC
0.7747694192711038,6760713,L
0.6747220685252968,6760714,NC
0.5446746465846352,6760715,NC
0.414627153491468,6760716,NC
0.31957958928820873,6760717,NC
0.21953195401733405,6760718,NC
0.10448424772138418,6760719,NC
-0.035563529557037704,6760720,NC
-0.19561137777526444,6760721,NC
-0.30065929689056575,6760722,NC
-0.4007072868601479,6760723,NC
-0.4257553476411542,6760724,NC
-0.4258034791906646,6760725,NC
-0.43585168146569564,6760726,NC
-0.4358999544232008,6760727,NC
-0.4259482980200705,6760728,NC
-0.3859967122131323,6760729,NC
-0.31604519695915023,6760730,NC
-0.2710937522148255,6760731,NC
-0.23614237793679665,6760732,NC
-0.22119107408163896,6760733,NC
-0.21123984060586487,6760734,NC
-0.22128867746592396,6760735,NC
-0.18633758461820313,6760736,NC
-0.18638656201902648,6760737,NC
-0.16643560962465523,6760738,NC
-0.18148472739128793,6760739,NC
-0.19653391527506064,6760740,NC
-0.1865831732320467,6760741,NC
-0.16163250121825687,6760742,NC
-0.1516818991896393,6760743,NC
-0.1567313671020797,6760744,NC
-0.17178090491140152,6760745,NC
-0.17183051257336546,6760746,NC
-0.14688019004366992,6760747,NC
-0.15192993727795112,6760748,NC
-0.1269797542317829,6760749,NC
-0.13702964086067682,6760750,NC
-0.14207959712008206,6760751,NC
-0.16212962296538583,6760752,NC
-0.1571797183519133,6760753,NC
-0.1372298832349273,6760754,NC
-0.10728011756962848,6760755,NC
-0.11233042131115584,6760756,NC
-0.12238079441458628,6760757,NC
-0.12743123683493457,6760758,NC
-0.12748174852715366,6760759,NC
-0.11253232944613484,6760760,NC
-0.0975829795467072,6760761,NC
-0.1026336987836385,6760762,NC
-0.08268448711163433,6760763,NC
-0.0977353444853389,6760764,NC
-0.0727862708593345,6760765,NC
-0.04783726618814213,6760766,NC
-0.037888330426220876,6760767,NC
-0.032939463527968255,6760768,NC
-0.027990665447720817,6760769,NC
-0.038041936139753124,6760770,NC
-0.03809327555827846,6760771,NC
-0.018144683657448576,6760772,NC
0.01180383960864552,6760773,NC
0.01175229428597474,6760774,NC
0.011700680420571,6760775,NC
0.0016489980585275704,6760776,NC
0.03159724724599869,6760777,NC
0.05654542802919968,6760778,NC
0.0864935404544072,6760779,NC
0.09144158456795895,6760780,NC
0.0813895604162534,6760781,NC
0.08133746804575004,6760782,NC
0.10128530750296941,6760783,NC
0.14623307883449296,6760784,NC
0.17118078208696286,6760785,NC
0.1711284173070819,6760786,NC
0.16607598454161399,6760787,NC
0.16602348383738375,6760788,NC
0.1959709152412761,6760789,NC
0.2259182788002368,6760790,NC
0.24086557456127225,6760791,NC
0.25081280257144944,6760792,NC
0.23575996287789575,6760793,NC
0.24070705552779886,6760794,NC
0.2606540805684072,6760795,NC
0.2856010380470295,6760796,NC
0.3055479280110348,6760797,NC
0.31549475050785203,6760798,NC
0.3104415055849711,6760799,NC
0.31038819328994166,6760800,NC
0.31533481367037364,6760801,NC
0.345281366773937,6760802,NC
0.35022785264836187,6760803,NC
0.3551742713414386,6760804,NC
0.33512062290101713,6760805,NC
0.31506690737500753,6760806,NC
0.31001312481138,6760807,NC
0.3049592752581644,6760808,NC
0.30490535876345043,6760809,NC
0.2698513753753874,6760810,NC
0.24479732514218472,6760811,NC
0.21474320811211134,6760812,NC
0.19468902433349566,6760813,NC
0.17963477385472612,6760814,NC
0.1595804567242502,6760815,NC
0.13952607299057543,6760816,NC
0.09947162270226831,6760817,NC
0.06941710590795529,6760818,NC
0.0793625226563217,6760819,NC
0.059307872996112676,6760820,NC
0.05925315697613237,6760821,NC
0.044198374645244176,6760822,NC
0.019143526052370914,6760823,NC
0.004088611246494456,6760824,NC
-0.000966369723343935,6760825,NC
-0.01102141680804461,6760826,NC
-0.0010765299584481747,6760827,NC
-0.026131709125336508,6760828,NC
-0.031186954259432256,6760829,NC
-0.06124226531139987,6760830,NC
-0.051297642231844215,6760831,NC
-0.036353084971311594,6760832,NC
-0.021408593480289437,6760833,NC
-0.041464167709206606,6760834,NC
-0.051519807608433305,6760835,NC
-0.07657551312828076,6760836,NC
-0.06663128421900205,6760837,NC
-0.05668712083079119,6760838,NC
-0.04674302291378421,6760839,NC
-0.06179899041805831,6760840,NC
-0.08685502329363223,6760841,NC
-0.0769111214904666,6760842,NC
-0.07196728495846368,6760843,NC
-0.06702351364746727,6760844,NC
-0.062079807507262844,6760845,NC
-0.07213616648757797,6760846,NC
-0.07219259053808201,6760847,NC
-0.08224907960838607,6760848,NC
-0.08230563364804311,6760849,NC
-0.05236225260654831,6760850,NC
-0.062418936433338915,6760851,NC
-0.06747568507779396,6760852,NC
-0.08753249848923461,6760853,NC
-0.0875893766169245,6760854,NC
-0.0776463194100693,6760855,NC
-0.06270332681781692,6760856,NC
-0.05776039878925736,6760857,NC
-0.06781753527342334,6760858,NC
-0.06287473621928986,6760859,NC
-0.0829320015757742,6760860,NC
-0.06798933129173611,6760861,NC
-0.06304672531597805,6760862,NC
-0.05310418359724507,6760863,NC
-0.06816170608422466,6760864,NC
-0.07821929272554685,6760865,NC
-0.08327694346978476,6760866,NC
-0.08333465826545414,6760867,NC
-0.07839243706101336,6760868,NC
-0.06345027980486367,6760869,NC
-0.07350818644534936,6760870,NC
-0.09356615693075772,6760871,NC
-0.08862419120931876,6760872,NC
-0.09368228922920556,6760873,NC
-0.08374045093853445,6760874,NC
-0.07879867628536495,6760875,NC
-0.08385696521769948,6760876,NC
-0.09391531768348366,6760877,NC
-0.09397373363060663,6760878,NC
-0.09903221300690082,6760879,NC
-0.09409075576014182,6760880,NC
-0.07914936183804867,6760881,NC
-0.08920803118828376,6760882,NC
-0.09926676375845349,6760883,NC
-0.11432555949610722,6760884,NC
-0.10938441834873813,6760885,NC
-0.09444334026378279,6760886,NC
-0.0845023251886221,6760887,NC
-0.08956137307058007,6760888,NC
-0.10962048385692454,6760889,NC
-0.1196796574948676,6760890,NC
-0.09973889393156465,6760891,NC
-0.09979819311411553,6760892,NC
-0.08985755498956356,6760893,NC
-0.09491697950489658,6760894,NC
-0.10497646660704595,6760895,NC
-0.12003601624288769,6760896,NC
-0.11509562835924156,6760897,NC
-0.09515530290287157,6760898,NC
-0.08521503982048616,6760899,NC
-0.0902748390587381,6760900,NC
-0.10033470056422426,6760901,NC
-0.1253946242834859,6760902,NC
-0.10545461016300901,6760903,NC
-0.105514658149224,6760904,NC
-0.08557476818850562,6760905,NC
-0.09063494022717315,6760906,NC
-0.1056951742114908,6760907,NC
-0.11075547008766745,6760908,NC
-0.12581582780185646,6760909,NC
-0.10087624730015594,6760910,NC
-0.09093672852860908,6760911,NC
-0.09099727143320399,6760912,NC
-0.10605787595987339,6760913,NC
-0.12111854205449503,6760914,NC
-0.11117926966289185,6760915,NC
-0.10124005873083194,6760916,NC
-0.08630090920402816,6760917,NC
-0.09136182102813867,6760918,NC
-0.09642279414876694,6760919,NC
-0.09148382851146175,6760920,NC
-0.07154492406171703,6760921,NC
-0.051606080744971916,6760922,NC
-0.04666729850661136,6760923,NC
-0.05672857729196561,6760924,NC
-0.06678991704631028,6760925,NC
-0.06185131771486649,6760926,NC
-0.05691277924280122,6760927,NC
-0.026974301575227108,6760928,NC
-0.01203588465720222,6760929,NC
-0.017097528433730427,6760930,NC
-0.017159232849761563,6760931,NC
-0.02722099785019133,6760932,NC
-0.027282823379861154,6760933,NC
-0.01234470938355843,6760934,NC
-0.017406655806016386,6760935,NC
-0.02746866259191494,6760936,NC
-0.03753072968587945,6760937,NC
-0.05259285703248162,6760938,NC
-0.05765504457623913,6760939,NC
-0.057717292261616565,6760940,NC
-0.07777960003302416,6760941,NC
-0.07284196783481858,6760942,NC
-0.10790439561130316,6760943,NC
-0.09796688330672738,6760944,NC
-0.10802943086528749,6760945,NC
-0.10309203823112596,6760946,NC
-0.10315470534833218,6760947,NC
-0.11321743216094182,6760948,NC
-0.10328021861293772,6760949,NC
-0.12334306464824885,6760950,NC
-0.12840597021075162,6760951,NC
-0.12846893524426867,6760952,NC
-0.10853195969257003,6760953,NC
-0.13359504349937246,6760954,NC
-0.14365818660833943,6760955,NC
-0.16872138896308195,6760956,NC
-0.17378465050715802,6760957,NC
-0.1588479711840725,6760958,NC
-0.1339113509372774,6760959,NC
-0.13397478971017263,6760960,NC
-0.1440382874461047,6760961,NC
-0.16410184408836775,6760962,NC
-0.16916545958020307,6760963,NC
-0.1492291338647998,6760964,NC
-0.13929286688529446,6760965,NC
-0.14935665858477087,6760966,NC
-0.15942050890626053,6760967,NC
-0.18448441779274277,6760968,NC
-0.16954838518714457,6760969,NC
-0.15961241103234058,6760970,NC
-0.14967649527115312,6760971,NC
-0.1547406378463526,6760972,NC
-0.17480483870065738,6760973,NC
-0.17486909777673354,6760974,NC
-0.16993341501719517,6760975,NC
-0.1599977903646046,6760976,NC
-0.15006222376147227,6760977,NC
-0.15512671515025664,6760978,NC
-0.1701912644733643,6760979,NC
-0.18525587167315033,6760980,NC
-0.17032053669191816,6760981,NC
-0.15538525947191936,6760982,NC
-0.1554500399553539,6760983,NC
-0.15051487808437036,6760984,NC
-0.17057977380106604,6760985,NC
-0.1806447270474864,6760986,NC
-0.17570973776562565,6760987,NC
-0.15577480589742682,6760988,NC
-0.13583993138478168,6760989,NC
-0.14090511416953055,6760990,NC
-0.15597035419346264,6760991,NC
-0.16603565139831622,6760992,NC
-0.14610100572577847,6760993,NC
-0.1411664171174854,6760994,NC
-0.12123188551502204,6760995,NC
-0.11629741085992266,6760996,NC
-0.11136299309367079,6760997,NC
-0.10642863215769888,6760998,NC
-0.07149432799338855,6760999,NC
-0.02156008054207119,6761000,NC
0.04837411025497297,6761001,NC
0.12330824445651384,6761002,NC
0.18324232212137234,6761003,NC
0.23817634330841936,6761004,NC
0.2831103080765768,6761005,NC
0.31304421648481634,6761006,NC
0.3129780685921605,6761007,NC
0.25791186445768205,6761008,NC
0.17784560414050338,6761009,NC
0.06277928769979764,6761010,NC
-0.022287084805211965,6761011,NC
-0.04735351331525202,6761012,NC
0.017580002229000163,6761013,NC
0.142513461886918,6761014,NC
0.2624468657179245,6761015,NC
0.39238021378149285,6761016,NC
0.5273135061371456,6761017,NC
0.612246742844455,6761018,NC
0.6671799239630434,6761019,NC
0.6721130495525828,6761020,L
0.6070461196727945,6761021,NC
0.48697913438344914,6761022,NC
0.35691209374436744,6761023,NC
0.25684499781541936,6761024,NC
0.1767778466565239,6761025,NC
0.06171064032764962,6761026,NC
-0.06335662111118562,6761027,NC
-0.21842393759991466,6761028,NC
-0.3184913090784213,6761029,NC
-0.40855873548654054,6761030,NC
-0.45362621676405784,6761031,NC
-0.4786937528507097,6761032,NC
-0.5037613436861839,6761033,NC
-0.4888289892101194,6761034,NC
-0.468896689362106,6761035,NC
-0.41396444408168476,6761036,NC
-0.3590322533083483,6761037,NC
-0.3191001169815405,6761038,NC
-0.29916803504065637,6761039,NC
-0.2742360074250424,6761040,NC
-0.2393040340739966,6761041,NC
-0.22437211492676892,6761042,NC
-0.2144402499225604,6761043,NC
-0.21450843900052363,6761044,NC
-0.22957668209976329,6761045,NC
-0.22964497915933596,6761046,NC
-0.21971333011824956,6761047,NC
-0.19478173491546386,6761048,NC
-0.18485019348989096,6761049,NC
-0.18491870578039488,6761050,NC
-0.19498727172579136,6761051,NC
-0.2150558912648483,6761052,NC
-0.18512456433628605,6761053,NC
-0.19519329087877668,6761054,NC
-0.185262070830945,6761055,NC
-0.1703309041313677,6761056,NC
-0.17539979071857414,6761057,NC
-0.19046873053104585,6761058,NC
-0.18553772350721712,6761059,NC
-0.15060676958547434,6761060,NC
-0.13067586870415687,6761061,NC
-0.13574502080155665,6761062,NC
-0.1708142258159181,6761063,NC
-0.14588348368543846,6761064,NC
-0.16095279434826765,6761065,NC
-0.131022157742509,6761066,NC
-0.11609157380621815,6761067,NC
-0.11116104247740392,6761068,NC
-0.10623056369402784,6761069,NC
-0.11630013739400527,6761070,NC
-0.10636976351520408,6761071,NC
-0.08143944199544545,6761072,NC
-0.05150917277250363,6761073,NC
-0.051578955784106595,6761074,NC
-0.06664879096793554,6761075,NC
-0.04171867826162471,6761076,NC
-0.03678861760276235,6761077,NC
-0.021858608928889703,6761078,NC
-0.0019286521775020715,6761079,NC
0.003001252713951942,6761080,NC
-0.007068894191929902,6761081,NC
-0.0021390928325038527,6761082,NC
0.01779065685491999,6761083,NC
0.037720354933078,6761084,NC
0.05765000146475261,6761085,NC
0.06757959651277201,6761086,NC
0.08250914014001041,6761087,NC
0.08743863240938815,6761088,NC
0.10236807338387147,6761089,NC
0.12729746312647214,6761090,NC
0.15222680170024772,6761091,NC
0.16215608916830163,6761092,NC
0.16208532559378305,6761093,NC
0.15701451103988642,6761094,NC
0.1769436455698517,6761095,NC
0.1968727292469646,6761096,NC
0.22680176213455625,6761097,NC
0.2117307442960028,6761098,NC
0.23665967579472585,6761099,NC
0.24158855669419238,6761100,NC
0.2615173870579146,6761101,NC
0.2764461669494496,6761102,NC
0.2913748964323995,6761103,NC
0.29630357557041176,6761104,NC
0.3012322044271787,6761105,NC
0.28116078306643744,6761106,NC
0.29608931155196977,6761107,NC
0.3010177899476027,6761108,NC
0.3209462183172079,6761109,NC
0.32087459672470114,6761110,NC
0.3008029252340436,6761111,NC
0.2757312039092405,6761112,NC
0.2706594328143419,6761113,NC
0.260587612013442,6761114,NC
0.24551574157067937,6761115,NC
0.24044382155023722,6761116,NC
0.18537185201634288,6761117,NC
0.15029983303326816,6761118,NC
0.1252277646653282,6761119,NC
0.12015564697688313,6761120,NC
0.12008348003233676,6761121,NC
0.09001126389613723,6761122,NC
0.03993899863277575,6761123,NC
0.024866684306788234,6761124,NC
-0.0002056790172458578,6761125,NC
0.009721908725296838,6761126,NC
-0.005350552400916912,6761127,NC
-0.010423062331176701,6761128,NC
-0.040495621000728094,6761129,NC
-0.0505682283447737,6761130,NC
-0.06564088429847212,6761131,NC
-0.060713588796939104,6761132,NC
-0.06578634177524643,6761133,NC
-0.07085914316842323,6761134,NC
-0.0859319929114548,6761135,NC
-0.09600489093928374,6761136,NC
-0.1010778371868093,6761137,NC
-0.10115083158888746,6761138,NC
-0.0812238740803316,6761139,NC
-0.10629696459591213,6761140,NC
-0.10137010307035627,6761141,NC
-0.12644328943834843,6761142,NC
-0.11651652363453058,6761143,NC
-0.11158980559350182,6761144,NC
-0.09166313524981848,6761145,NC
-0.10673651253799424,6761146,NC
-0.12180993739250048,6761147,NC
-0.12188340974776618,6761148,NC
-0.13195692953817756,6761149,NC
-0.1320304966980785,6761150,NC
-0.11210411116177085,6761151,NC
-0.10217777286351422,6761152,NC
-0.11725148173752575,6761153,NC
-0.12732523771798043,6761154,NC
-0.12739904073901157,6761155,NC
-0.11747289073471033,6761156,NC
-0.09754678763912569,6761157,NC
-0.10262073138626479,6761158,NC
-0.11269472191009317,6761159,NC
-0.12776875914453456,6761160,NC
-0.12284284302347077,6761161,NC
-0.11291697348074198,6761162,NC
-0.10299115045014688,6761163,NC
-0.11806537386544286,6761164,NC
-0.13313964366034534,6761165,NC
-0.13821395976852843,6761166,NC
-0.1332883221236252,6761167,NC
-0.11836273065922734,6761168,NC
-0.10843718530888502,6761169,NC
-0.10851168600610725,6761170,NC
-0.1435862326843622,6761171,NC
-0.14866082527707702,6761172,NC
-0.1587354637176375,6761173,NC
-0.13881014793938867,6761174,NC
-0.11388487787563437,6761175,NC
-0.12895965345963845,6761176,NC
-0.12903447462462322,6761177,NC
-0.1441093413037705,6761178,NC
-0.14418425343022123,6761179,NC
-0.1292592109370765,6761180,NC
-0.11933421375739624,6761181,NC
-0.14940926182419978,6761182,NC
-0.1594843550704667,6761183,NC
-0.14955949342913555,6761184,NC
-0.1446346768331052,6761185,NC
-0.12970990521523368,6761186,NC
-0.1347851785083395,6761187,NC
-0.1398604966452004,6761188,NC
-0.14493585955855473,6761189,NC
-0.16001126718110034,6761190,NC
-0.15508671944549524,6761191,NC
-0.14516221628435783,6761192,NC
-0.12523775763026662,6761193,NC
-0.1353133434157602,6761194,NC
-0.16538897357333743,6761195,NC
-0.17546464803545786,6761196,NC
-0.17054036673454137,6761197,NC
-0.1556161296029682,6761198,NC
-0.13569193657307901,6761199,NC
-0.15576778757717546,6761200,NC
-0.17084368254751986,6761201,NC
-0.17591962141633494,6761202,NC
-0.1759956041158042,6761203,NC
-0.15607163057807236,6761204,NC
-0.15114770073524506,6761205,NC
-0.16122381451938853,6761206,NC
-0.1812999718625302,6761207,NC
-0.1913761726966587,6761208,NC
-0.17645241695372396,6761209,NC
-0.1665287045656368,6761210,NC
-0.1566050354642693,6761211,NC
-0.16168140958145524,6761212,NC
-0.18175782684898975,6761213,NC
-0.19183428719862908,6761214,NC
-0.18691079056209112,6761215,NC
-0.1719873368710556,6761216,NC
-0.16206392605716385,6761217,NC
-0.15714055805201868,6761218,NC
-0.17221723278718465,6761219,NC
-0.19729395019418838,6761220,NC
-0.18737071020451848,6761221,NC
-0.1924475127496252,6761222,NC
-0.16752435776092078,6761223,NC
-0.1526012451697798,6761224,NC
-0.177678174907539,6761225,NC
-0.16775514690549712,6761226,NC
-0.14783216109491498,6761227,NC
-0.11790921740701617,6761228,NC
-0.11298631577298657,6761229,NC
-0.12806345612397427,6761230,NC
-0.13814063839108984,6761231,NC
-0.1432178625054067,6761232,NC
-0.1332951283979609,6761233,NC
-0.10337243599975092,6761234,NC
-0.09844978524173796,6761235,NC
-0.09852717605484648,6761236,NC
-0.09360460836996329,6761237,NC
-0.10368208211793854,6761238,NC
-0.09875959722958501,6761239,NC
-0.08383715363567903,6761240,NC
-0.08891475126695947,6761241,NC
-0.08899239005412894,6761242,NC
-0.12407006992785277,6761243,NC
-0.1291477908187601,6761244,NC
-0.12422555265744303,6761245,NC
-0.12930335537445742,6761246,NC
-0.12938119890032243,6761247,NC
-0.12445908316552065,6761248,NC
-0.15453700810049856,6761249,NC
-0.16461497363566635,6761250,NC
-0.17969297970139772,6761251,NC
-0.17477102622802995,6761252,NC
-0.1548491131458651,6761253,NC
-0.15992724038516826,6761254,NC
-0.18000540787616887,6761255,NC
-0.20008361554906015,6761256,NC
-0.20516186333399988,6761257,NC
-0.20024015116110988,6761258,NC
-0.18031847896047604,6761259,NC
-0.18039684666214845,6761260,NC
-0.2004752541961419,6761261,NC
-0.22055370149243564,6761262,NC
-0.24063218848097306,6761263,NC
-0.22071071509166218,6761264,NC
-0.21078928125437585,6761265,NC
-0.19586788689895157,6761266,NC
-0.22094653195519148,6761267,NC
-0.2210252163528623,6761268,NC
-0.231103940021696,6761269,NC
-0.2261827028913895,6761270,NC
-0.2312615048916044,6761271,NC
-0.24134034595196735,6761272,NC
-0.24641922600207045,6761273,NC
-0.24649814497147088,6761274,NC
-0.2415771027896909,6761275,NC
-0.23165609938621803,6761276,NC
-0.21673513469050534,6761277,NC
-0.2268142086319715,6761278,NC
-0.25689332114000024,6761279,NC
-0.27197247214394105,6761280,NC
-0.2570516615731091,6761281,NC
-0.24213088935678534,6761282,NC
-0.2222101554242163,6761283,NC
-0.22228945970461406,6761284,NC
-0.2373688021271571,6761285,NC
-0.25244818262098967,6761286,NC
-0.26252760111522194,6761287,NC
-0.24260705753892986,6761288,NC
-0.23768655182115614,6761289,NC
-0.24276608389090926,6761290,NC
-0.24784565367716407,6761291,NC
-0.26792526110886156,6761292,NC
-0.25300490611490944,6761293,NC
-0.24308458862418142,6761294,NC
-0.22816430856551834,6761295,NC
-0.25324406586772685,6761296,NC
-0.25832386045958095,6761297,NC
-0.2584036922698208,6761298,NC
-0.23848356122715375,6761299,NC
-0.23856346726025351,6761300,NC
-0.22864341029776103,6761301,NC
-0.20872339026828435,6761302,NC
-0.2138034071003981,6761303,NC
-0.1988834607226442,6761304,NC
-0.16396355106353144,6761305,NC
-0.10404367805153665,6761306,NC
-0.03912384161510307,6761307,NC
0.04079595831735843,6761308,NC
0.10571572181746988,6761309,NC
0.16563544895688492,6761310,NC
0.1955551398072906,6761311,NC
0.20547479444040606,6761312,NC
0.18039441292798294,6761313,NC
0.10031399534180482,6761314,NC
-0.029766458246312417,6761315,NC
-0.11484694776452053,6761316,NC
-0.11492747314093914,6761317,NC
-0.015008034303656166,6761318,NC
0.12491136881927245,6761319,NC
0.2898307362998229,6761320,NC
0.4197500682100034,6761321,NC
0.49966936462185335,6761322,NC
0.544588625607444,6761323,NC
0.5445078512388786,6761324,L
0.4994270415882918,6761325,NC
0.35434619672784967,6761326,NC
0.2042653167297495,6761327,NC
0.05918440166622045,6761328,NC
-0.0658965483904771,6761329,NC
-0.18097753336805183,6761330,NC
-0.28105855319418116,6761331,NC
-0.40613960779651126,6761332,NC
-0.5412206971026569,6761333,NC
-0.6113018210402027,6761334,NC
-0.6263829795367017,6761335,NC
-0.6214641725196763,6761336,NC
-0.5965453999166178,6761337,NC
-0.5766266616549873,6761338,NC
-0.541707957662215,6761339,NC
-0.5167892878657006,6761340,NC
-0.4618706521928125,6761341,NC
-0.4069520505708897,6761342,NC
-0.37203348292724037,6761343,NC
-0.3521149491891423,6761344,NC
-0.3671964492838427,6761345,NC
-0.3672779831385591,6761346,NC
-0.3723595506804787,6761347,NC
-0.34744115183675855,6761348,NC
-0.3325227865345255,6761349,NC
-0.3476044547008769,6761350,NC
-0.34768615626287974,6761351,NC
-0.3577678911475716,6761352,NC
-0.3528496592819599,6761353,NC
-0.3279314605930226,6761354,NC
-0.31301329500770825,6761355,NC
-0.32809516245293546,6761356,NC
-0.3581770628555934,6761357,NC
-0.34825899614254163,6761358,NC
-0.34334096224061117,6761359,NC
-0.3184229610766028,6761360,NC
-0.31850499257728854,6761361,NC
-0.30358705666941077,6761362,NC
-0.31866915327968365,6761363,NC
-0.3337512823347916,6761364,NC
-0.3288334437613902,6761365,NC
-0.30391563748610595,6761366,NC
-0.29899786343553686,6761367,NC
-0.2940801215362522,6761368,NC
-0.289162411714792,6761369,NC
-0.3042447338976684,6761370,NC
-0.2893270880113641,6761371,NC
-0.28440947398233407,6761372,NC
-0.2544918917370042,6761373,NC
-0.2595743412017727,6761374,NC
-0.28465682230300854,6761375,NC
-0.2747393349670534,6761376,NC
-0.26982187912022004,6761377,NC
-0.24490445468879335,6761378,NC
-0.21498706159903025,6761379,NC
-0.2300696997771598,6761380,NC
-0.2251523691493828,6761381,NC
-0.23523506964187219,6761382,NC
-0.2103178011807734,6761383,NC
-0.18040056369220417,6761384,NC
-0.16048335710225425,6761385,NC
-0.15056618133698582,6761386,NC
-0.15064903632243382,6761387,NC
-0.15573192198460573,6761388,NC
-0.15581483824948134,6761389,NC
-0.1208977850430131,6761390,NC
-0.0909807622911265,6761391,NC
-0.09606376991971985,6761392,NC
-0.07614680785466399,6761393,NC
-0.10122987602180275,6761394,NC
-0.0813129743469532,6761395,NC
-0.04639610275590552,6761396,NC
-0.016479261174422728,6761397,NC
-0.0065624495282410045,6761398,NC
0.0033543322569298747,6761399,NC
0.0032710842554067934,6761400,NC
-0.001812193458466449,6761401,NC
0.028104499189680502,6761402,NC
0.04802116227424397,6761403,NC
0.05293779586964732,6761404,NC
0.05285440005033963,6761405,NC
0.042770974890796884,6761406,NC
0.06268752046552074,6761407,NC
0.08760403684903909,6761408,NC
0.09752052411590609,6761409,NC
0.09743698234070201,6761410,NC
0.08235341159803267,6761411,NC
0.06226981196252977,6761412,NC
0.057186183508851164,6761413,NC
0.05210252631168025,6761414,NC
0.04701884044572639,6761415,NC
0.02693512598572367,6761416,NC
-0.0181486169935674,6761417,NC
-0.05323238841736114,6761418,NC
-0.06831618821084613,6761419,NC
-0.0784000162991866,6761420,NC
-0.09848387260752056,6761421,NC
-0.13856775706096094,6761422,NC
-0.18365166958459603,6761423,NC
-0.21373561010348843,6761424,NC
-0.21881957854267636,6761425,NC
-0.2139035748271725,6761426,NC
-0.2339875988819653,6761427,NC
-0.2590716506320176,6761428,NC
-0.2841557300022685,6761429,NC
-0.3192398369176316,6761430,NC
-0.32932397130299607,6761431,NC
-0.3194081330832269,6761432,NC
-0.3194923221831646,6761433,NC
-0.3395765385276248,6761434,NC
-0.344660782041399,6761435,NC
-0.36474505264925466,6761436,NC
-0.3948293502759351,6761437,NC
-0.38491367484615907,6761438,NC
-0.38499802628462143,6761439,NC
-0.36508240451599333,6761440,NC
-0.38016680946492176,6761441,NC
-0.40025124105602994,6761442,NC
-0.39533569921391687,6761443,NC
-0.4054201838631585,6761444,NC
-0.3855046949283068,6761445,NC
-0.3855892323338902,6761446,NC
-0.4006737960044133,6761447,NC
-0.4107583858643576,6761448,NC
-0.4058430018381814,6761449,NC
-0.4009276438503192,6761450,NC
-0.39101231182518226,6761451,NC
-0.40109700568715906,6761452,NC
-0.43618172536061484,6761453,NC
-0.45126647076989157,6761454,NC
-0.44635124183930813,6761455,NC
-0.4264360384931611,6761456,NC
-0.4115208606557237,6761457,NC
-0.42160570825124644,6761458,NC
-0.4366905812039571,6761459,NC
-0.43177547943806094,6761460,NC
-0.4268604028777408,6761461,NC
-0.4219453514471566,6761462,NC
-0.4220303250704459,6761463,NC
-0.4321153236717242,6761464,NC
-0.44720034717508456,6761465,NC
-0.4622853955045977,6761466,NC
-0.4523704685843121,6761467,NC
-0.44745556633825406,6761468,NC
-0.42254068869042855,6761469,NC
-0.43762583556481777,6761470,NC
-0.4477110068853823,6761471,NC
-0.4777962025760606,6761472,NC
-0.47788142256077026,6761473,NC
-0.4679666667634063,6761474,NC
-0.45305193510784225,6761475,NC
-0.45313722751793045,6761476,NC
-0.4582225439175013,6761477,NC
-0.46330788423036423,6761478,NC
-0.4833932483803068,6761479,NC
-0.4784786362910959,6761480,NC
-0.4635640478864764,6761481,NC
-0.468649483090173,6761482,NC
-0.46373494182588837,6761483,NC
-0.47882042401730496,6761484,NC
-0.48390592958808354,6761485,NC
-0.4789914584618647,6761486,NC
-0.4740770105622677,6761487,NC
-0.47416258581289117,6761488,NC
-0.4792481841373132,6761489,NC
-0.49433380545909145,6761490,NC
-0.4944194497017626,6761491,NC
-0.4795051167888427,6761492,NC
-0.4745908066438285,6761493,NC
-0.4796765191901954,6761494,NC
-0.4947622543513987,6761495,NC
-0.5098480120508735,6761496,NC
-0.509933792212035,6761497,NC
-0.5000195947582786,6761498,NC
-0.49510541961297905,6761499,NC
-0.5101912666994912,6761500,NC
-0.5102771359411508,6761501,NC
-0.510363027261273,6761502,NC
-0.5204489405831539,6761503,NC
-0.5005348758300692,6761504,NC
-0.49062083292527564,6761505,NC
-0.4907068117920105,6761506,NC
-0.510792812353491,6761507,NC
-0.5258788345329154,6761508,NC
-0.5359648782534627,6761509,NC
-0.5310509434382927,6761510,NC
-0.49613703001054577,6761511,NC
-0.5062231378933431,6761512,NC
-0.5163092670097873,6761513,NC
-0.5563954172829617,6761514,NC
-0.5314815886359311,6761515,NC
-0.5215677809917406,6761516,NC
-0.5116539942734175,6761517,NC
-0.5267402284039703,6761518,NC
-0.5318264833063882,6761519,NC
-0.5319127589036422,6761520,NC
-0.5269990551186852,6761521,NC
-0.5020853718744513,6761522,NC
-0.49217170909385644,6761523,NC
-0.48225806669979787,6761524,NC
-0.49734444461515515,6761525,NC
-0.5024308427627896,6761526,NC
-0.5075172610655443,6761527,NC
-0.48260369944624415,6761528,NC
-0.4676901578276966,6761529,NC
-0.4727766361326911,6761530,NC
-0.4728631342839992,6761531,NC
-0.4929496522043744,6761532,NC
-0.46803618981655337,6761533,NC
-0.4581227470432543,6761534,NC
-0.44320932380717865,6761535,NC
-0.4482959200310096,6761536,NC
-0.46838253563741394,6761537,NC
-0.4884691705490402,6761538,NC
-0.48855582468852043,6761539,NC
-0.488642497978469,6761540,NC
-0.478729190341483,6761541,NC
-0.4738159017001435,6761542,NC
-0.4989026319770136,6761543,NC
-0.50898938109464,6761544,NC
-0.5090761489755518,6761545,NC
-0.5141629355422629,6761546,NC
-0.49424974071726907,6761547,NC
-0.5043365644230501,6761548,NC
-0.5244234065820688,6761549,NC
-0.5395102671167721,6761550,NC
-0.5445971459495902,6761551,NC
-0.544684043002937,6761552,NC
-0.54477095819921,6761553,NC
-0.5448578914607906,6761554,NC
-0.5549448427100443,6761555,NC
-0.56503181186932,6761556,NC
-0.5601187988609512,6761557,NC
-0.5602058036072548,6761558,NC
-0.5602928260305328,6761559,NC
-0.5653798660530704,6761560,NC
-0.5854669235971376,6761561,NC
-0.6055539985849888,6761562,NC
-0.5956410909388627,6761563,NC
-0.5807282005809825,6761564,NC
-0.5558153274335558,6761565,NC
-0.545902471418775,6761566,NC
-0.5609896324588176,6761567,NC
-0.5860768104758451,6761568,NC
-0.6011640053920041,6761569,NC
-0.5912512171294264,6761570,NC
-0.5813384456102286,6761571,NC
-0.5764256907565124,6761572,NC
-0.5865129524903642,6761573,NC
-0.6116002307338562,6761574,NC
-0.6266875254090457,6761575,NC
-0.601774836437975,6761576,NC
-0.5868621637426721,6761577,NC
-0.5719495072451501,6761578,NC
-0.6070368668674087,6761579,NC
-0.6021242425314316,6761580,NC
-0.6022116341591892,6761581,NC
-0.5822990416726376,6761582,NC
-0.5673864649937185,6761583,NC
-0.5874739040443596,6761584,NC
-0.5875613587464742,6761585,NC
-0.6026488290219623,6761586,NC
-0.6027363147927092,6761587,NC
-0.5778238159805872,6761588,NC
-0.5679113325074538,6761589,NC
-0.5629988642951541,6761590,NC
-0.5880864112655183,6761591,NC
-0.5981739733403639,6761592,NC
-0.6032615504414945,6761593,NC
-0.5883491424907005,6761594,NC
-0.5584367494097587,6761595,NC
-0.5585243711204331,6761596,NC
-0.5686120075444739,6761597,NC
-0.5836996586036182,6761598,NC
-0.5687873242195907,6761599,NC
-0.5488750043141024,6761600,NC
-0.5339626988088519,6761601,NC
-0.544050407625524,6761602,NC
-0.5391381306857922,6761603,NC
-0.539225867911316,6761604,NC
-0.5043136192237428,6761605,NC
-0.46440138454470714,6761606,NC
-0.41448916379583145,6761607,NC
-0.3745769568987256,6761608,NC
-0.31466476377498687,6761609,NC
-0.24475258434620012,6761610,NC
-0.15984041853393843,6761611,NC
-0.0899282662597627,6761612,NC
-0.050016127445221395,6761613,NC
-0.06510400201185093,6761614,NC
-0.14019188988117612,6761615,NC
-0.2502797909747099,6761616,NC
-0.3803677052139531,6761617,NC
-0.4754556325203947,6761618,NC
-0.4805435728155125,6761619,NC
-0.4106315260207726,6761620,NC
-0.33571949205762924,6761621,NC
-0.23080747084752526,6761622,NC
-0.12089546231189238,6761623,NC
-0.0009834663721509877,6761624,NC
0.07392851705029002,6761625,NC
0.098840488034033,6761626,NC
