channel_0,sample #,type
0.13450687342128945,6733459,NC
0.11948686853756418,6733460,NC
0.1294668073491564,6733461,NC
0.1044466898750541,6733462,NC
0.09942651613429862,6733463,NC
0.10940628614598452,6733464,NC
0.11938599992925962,6733465,NC
0.11936565750332494,6733466,NC
0.0793452588874347,6733467,NC
0.08932480410089633,6733468,NC
0.0793042931630704,6733469,NC
0.08928372609337062,6733470,NC
0.1092631029112639,6733471,NC
0.11424242363627016,6733472,NC
0.09422168828796246,6733473,NC
0.07920089688596696,6733474,NC
0.08418004944996282,6733475,NC
0.0991591459996823,6733476,NC
0.0941381865549106,6733477,NC
0.10411717113548599,6733478,NC
0.09409609976129969,6733479,NC
0.09407497245229587,6733480,NC
0.08905378922847168,6733481,NC
0.10403255010987714,6733482,NC
0.11901125511661523,6733483,NC
0.12398990426884177,6733484,NC
0.11896849758676549,6733485,NC
0.09394703509064793,6733486,NC
0.08392551680080348,6733487,NC
0.07890394273759932,6733488,NC
0.07888231292145544,6733489,NC
0.08886062737284459,6733490,NC
0.08883888611229226,6733491,NC
0.07381708916037674,6733492,NC
0.09879523653772891,6733493,NC
0.10877332826503244,6733494,NC
0.11375136436302366,6733495,NC
0.1037293448524915,6733496,NC
0.09870726975427759,6733497,NC
0.09368513908927613,6733498,NC
0.09366295287843393,6733499,NC
0.11364071114275037,6733500,NC
0.1236184139032774,6733501,NC
0.12359606118111949,6733502,NC
0.1035736529974336,6733503,NC
0.09355118937342927,6733504,NC
0.09352867033036841,6733505,NC
0.08850609588956543,6733506,NC
0.11848346607238719,6733507,NC
0.11346078090025297,6733508,NC
0.10343804039463439,6733509,NC
0.08841524457705548,6733510,NC
0.08839239346909263,6733511,NC
0.08336948709237456,6733512,NC
0.10834652546858228,6733513,NC
0.10332350861944911,6733514,NC
0.09330043656676065,6733515,NC
0.08327730933235472,6733516,NC
0.053254126938121385,6733517,NC
0.058230889406002934,6733518,NC
0.07820759675799384,6733519,NC
0.07318424901614073,6733520,NC
0.07816084620254238,6733521,NC
0.05313738833934969,6733522,NC
0.043113875448765666,6733523,NC
0.07309030755304542,6733524,NC
0.0780666846744961,6733525,NC
0.08304300683547691,6733526,NC
0.05801927405839905,6733527,NC
0.06299548636572576,6733528,NC
0.05797164377997222,6733529,NC
0.0729477463237056,6733530,NC
0.07792379401954495,6733531,NC
0.06289978689016132,6733532,NC
0.07287572495827757,6733533,NC
0.057851608246668476,6733534,NC
0.05282743677816065,6733535,NC
0.06280321057563255,6733536,NC
0.08277892966201439,6733537,NC
0.07275459406028822,6733538,NC
0.06273020379348786,6733539,NC
0.0777057588846988,6733540,NC
0.08268125935705833,6733541,NC
0.10265670523375539,6733542,NC
0.1376320965380306,6733543,NC
0.13760743329317626,6733544,NC
0.12758271552253625,6733545,NC
0.11255794324950609,6733546,NC
0.09253311649753293,6733547,NC
0.0925082352901154,6733548,NC
0.10248329965080374,6733549,NC
0.10745830960319967,6733550,NC
0.11743326517095642,6733551,NC
0.09740816637777872,6733552,NC
0.1073830132474227,6733553,NC
0.10235780580369597,6733554,NC
0.12233254407045752,6733555,NC
0.11230722807161772,6733556,NC
0.09728185783113835,6733557,NC
0.08225643337303248,6733558,NC
0.07223095472136452,6733559,NC
0.07720542190025015,6733560,NC
0.08217983493385636,6733561,NC
0.08215419384640137,6733562,NC
0.0671284986621546,6733563,NC
0.052102749405436716,6733564,NC
0.04207694610061956,6733565,NC
0.05205108877212609,6733566,NC
0.04702517744443043,6733567,NC
0.05199921214205784,6733568,NC
0.026973192889584587,6733569,NC
0.04194711971163808,6733570,NC
0.01692099263289675,6733571,NC
0.04189481167809002,6733572,NC
0.031868576871998316,6733573,NC
0.03184228823945306,6733574,NC
0.03681594580533658,6733575,NC
0.006789549594582174,6733576,NC
0.0017630996321740117,6733577,NC
0.006736595943147121,6733578,NC
0.006710038552587429,6733579,NC
0.001683427485631668,6733580,NC
-0.0033432372325326518,6733581,NC
-0.02336995557666719,6733582,NC
-0.02339672752148287,6733583,NC
-0.0034235530416398957,6733584,NC
-0.003450432111747753,6733585,NC
-0.003477364706365213,6733586,NC
-0.008504350800000442,6733587,NC
-0.02853139036711093,6733588,NC
-0.05355848338210353,6733589,NC
-0.03858562981933459,6733590,NC
-0.0336128296531098,6733591,NC
-0.03864008285768439,6733592,NC
-0.04366738940726301,6733593,NC
-0.04869474927599983,6733594,NC
-0.06372216243799861,6733595,NC
-0.038749628867312605,6733596,NC
-0.04377714853794466,6733597,NC
-0.028804721423847275,6733598,NC
-0.0388323474989225,6733599,NC
-0.04886002673702211,6733600,NC
-0.048887759111947544,6733601,NC
-0.03891554459744995,6733602,NC
-0.033943383167230154,6733603,NC
-0.043971274794938835,6733604,NC
-0.04899921945417635,6733605,NC
-0.05902721711849294,6733606,NC
-0.06405526776138863,6733607,NC
-0.06408337135631333,6733608,NC
-0.0341115278766668,6733609,NC
-0.04413973729579875,6733610,NC
-0.039167999587008756,6733611,NC
-0.04419631472354641,6733612,NC
-0.044224682678611266,6733613,NC
-0.02425310342535287,6733614,NC
-0.014281576936870814,6733615,NC
0.0006898968137852499,6733616,NC
0.00566131785361558,6733617,NC
0.010632686209670367,6733618,NC
0.035604001909049596,6733619,NC
0.10057526497890315,6733620,NC
0.1755464754464307,6733621,NC
0.27051763333888174,6733622,NC
0.34048873868355545,6733623,NC
0.4104597915078009,6733624,NC
0.4654307918390166,6733625,NC
0.49540173970465107,6733626,NC
0.4853726351322023,6733627,NC
0.42534347814921786,6733628,NC
0.3453142687832951,6733629,NC
0.29028500706208077,6733630,NC
0.29025569301327137,6733631,NC
0.3602263266646128,6733632,NC
0.46019690804390045,6733633,NC
0.5651674371789792,6733634,NC
0.6701379140977435,6733635,NC
0.7601083388281371,6733636,NC
0.8700787113981531,6733637,NC
0.9400490318358341,6733638,NC
1.015019300169272,6733639,NC
0.9949895164266078,6733640,L
0.9099596806360324,6733641,NC
0.7999297928257851,6733642,NC
0.6998998530241554,6733643,NC
0.6148698612594811,6733644,NC
0.5548398175601496,6733645,NC
0.4798097219545976,6733646,NC
0.38477957447131084,6733647,NC
0.27974937513882386,6733648,NC
0.1647191239857207,6733649,NC
0.06968882104063417,6733650,NC
-0.01534153366775378,6733651,NC
-0.09537194011071222,6733652,NC
-0.18040239825946128,6733653,NC
-0.25043290808517216,6733654,NC
-0.2854634695589671,6733655,NC
-0.2804940826519195,6733656,NC
-0.2555247473350538,6733657,NC
-0.24055546357934582,6733658,NC
-0.22558623135572237,6733659,NC
-0.23061705063506155,6733660,NC
-0.19064792138819278,6733661,NC
-0.15567884358589668,6733662,NC
-0.13570981719890518,6733663,NC
-0.1357408421979016,6733664,NC
-0.15577191855352057,6733665,NC
-0.18080304623634813,6733666,NC
-0.17583422521692177,6733667,NC
-0.18086545546573032,6733668,NC
-0.16589673695321427,6733669,NC
-0.1559280696497654,6733670,NC
-0.1759594535257272,6733671,NC
-0.1759908885513946,6733672,NC
-0.17602237469701415,6733673,NC
-0.161053911932784,6733674,NC
-0.14608550022885408,6733675,NC
-0.14611713955532574,6733676,NC
-0.1561488298822522,6733677,NC
-0.17118057117963845,6733678,NC
-0.17121236341744106,6733679,NC
-0.15624420656556853,6733680,NC
-0.14127610059388115,6733681,NC
-0.13630804547219097,6733682,NC
-0.12134004117026201,6733683,NC
-0.13137208765781017,6733684,NC
-0.13640418490450318,6733685,NC
-0.14143633287996088,6733686,NC
-0.14146853155375497,6733687,NC
-0.14150078089540918,6733688,NC
-0.1715330808743994,6733689,NC
-0.17156543146015343,6733690,NC
-0.16159783262205124,6733691,NC
-0.14663028432942501,6733692,NC
-0.12666278655155894,6733693,NC
-0.1116953392576895,6733694,NC
-0.12672794241700533,6733695,NC
-0.13676059599864737,6733696,NC
-0.1317932999717088,6733697,NC
-0.12682605430523508,6733698,NC
-0.10685885896822411,6733699,NC
-0.091891713929626,6733700,NC
-0.10692461915834336,6733701,NC
-0.10195757462323121,6733702,NC
-0.08699058029309698,6733703,NC
-0.06702363613670057,6733704,NC
-0.04705674212275449,6733705,NC
-0.04208989821992366,6733706,NC
-0.047123104396825696,6733707,NC
-0.032156360622030714,6733708,NC
-0.022189666864061465,6733709,NC
0.0027769769086065377,6733710,NC
0.02774357072754522,6733711,NC
0.04271011462437374,6733712,NC
0.03767660863075846,6733713,NC
0.032643052778413034,6733714,NC
0.05760944709909829,6733715,NC
0.07757579162462219,6733716,NC
0.12254208638683985,6733717,NC
0.1275083314176535,6733718,NC
0.13247452674901236,6733719,NC
0.13744067241291286,6733720,NC
0.1574067684413982,6733721,NC
0.18237281486655882,6733722,NC
0.20733881172053192,6733723,NC
0.20730475903550172,6733724,NC
0.21727065684369926,6733725,NC
0.21723650517740248,6733726,NC
0.21720230406893615,6733727,NC
0.2671680535506718,6733728,NC
0.2971337536550278,6733729,NC
0.30709940441446915,6733730,NC
0.3020650058615077,6733731,NC
0.2970305580287018,6733732,NC
0.3069960609486566,6733733,NC
0.3119615146540237,6733734,NC
0.31692691917750154,6733735,NC
0.3068922745518348,6733736,NC
0.2918575808098149,6733737,NC
0.2518228379842797,6733738,NC
0.24178804610811336,6733739,NC
0.23175320521424672,6733740,NC
0.21171831533565694,6733741,NC
0.19168337650536738,6733742,NC
0.15664838875644793,6733743,NC
0.1216133521220147,6733744,NC
0.10157826663523005,6733745,NC
0.08654313232930264,6733746,NC
0.07650794923748727,6733747,NC
0.06147271739308498,6733748,NC
0.026437436829442898,6733749,NC
-0.0035978924200456633,6733750,NC
-0.003633270321941405,6733751,NC
-0.008668696842758915,6733752,NC
-0.008704171948966749,6733753,NC
-0.018739695606987544,6733754,NC
-0.0387752677831979,6733755,NC
-0.06881088844392856,6733756,NC
-0.06884655755546436,6733757,NC
-0.06388227508404426,6733758,NC
-0.0639180409958614,6733759,NC
-0.05895385525706312,6733760,NC
-0.078989717833751,6733761,NC
-0.10902562869198093,6733762,NC
-0.09906158779776303,6733763,NC
-0.10909759511706181,6733764,NC
-0.07913365061579608,6733765,NC
-0.07916975425983916,6733766,NC
-0.10920590601501867,6733767,NC
-0.10924210584711679,6733768,NC
-0.10427835372187014,6733769,NC
-0.09931464960496988,6733770,NC
-0.09435099346206174,6733771,NC
-0.0843873852587461,6733772,NC
-0.10942382496057781,6733773,NC
-0.12446031253306652,6733774,NC
-0.11949684794167655,6733775,NC
-0.10953343115182682,6733776,NC
-0.09457006212889117,6733777,NC
-0.09460674083819816,6733778,NC
-0.10964346724503113,6733779,NC
-0.12968024131462835,6733780,NC
-0.12471706301218294,6733781,NC
-0.10975393230284292,6733782,NC
-0.08979084915171127,6733783,NC
-0.10482781352384599,6733784,NC
-0.10986482538426007,6733785,NC
-0.13490188469792155,6733786,NC
-0.1299389914297536,6733787,NC
-0.09997614554463442,6733788,NC
-0.10501334700739748,6733789,NC
-0.12005059578283134,6733790,NC
-0.13008789183567973,6733791,NC
-0.13512523513064184,6733792,NC
-0.14016262563237195,6733793,NC
-0.13020006330547967,6733794,NC
-0.11523754811453014,6733795,NC
-0.10527508002404365,6733796,NC
-0.1053126589984961,6733797,NC
-0.1503502850023187,6733798,NC
-0.13538795799989822,6733799,NC
-0.12542567795557696,6733800,NC
-0.10046344483365277,6733801,NC
-0.10050125859837902,6733802,NC
-0.1105391192139648,6733803,NC
-0.12557702664457476,6733804,NC
-0.12561498085432932,6733805,NC
-0.12565298180730458,6733806,NC
-0.11069102946753243,6733807,NC
-0.10572912379900046,6733808,NC
-0.1257672647656522,6733809,NC
-0.13580545233138705,6733810,NC
-0.14584368646006018,6733811,NC
-0.13088196711548272,6733812,NC
-0.12092029426142188,6733813,NC
-0.1009586678616007,6733814,NC
-0.11599708787969842,6733815,NC
-0.1310355542793502,6733816,NC
-0.1360740670241474,6733817,NC
-0.15111262607763745,6733818,NC
-0.12115123140332396,6733819,NC
-0.13118988296466674,6733820,NC
-0.13622858072508193,6733821,NC
-0.1462673246479418,6733822,NC
-0.15130611469657498,6733823,NC
-0.14134495083426651,6733824,NC
-0.1263838330242577,6733825,NC
-0.12642276122974633,6733826,NC
-0.13646173541388668,6733827,NC
-0.15150075553978937,6733828,NC
-0.1715398215705216,6733829,NC
-0.15157893346910722,6733830,NC
-0.1366180911985265,6733831,NC
-0.15165729472171646,6733832,NC
-0.15169654400157073,6733833,NC
-0.15673583900093957,6733834,NC
-0.1717751796826301,6733835,NC
-0.15681456600940605,6733836,NC
-0.14185399794398812,6733837,NC
-0.13689347544905364,6733838,NC
-0.15693299848723696,6733839,NC
-0.1719725670211293,6733840,NC
-0.17701218101327879,6733841,NC
-0.16205184042619053,6733842,NC
-0.15209154522232668,6733843,NC
-0.14213129536410632,6733844,NC
-0.15217109081390584,6733845,NC
-0.16221093153405847,6733846,NC
-0.1622508174868548,6733847,NC
-0.15229074863454253,6733848,NC
-0.13233072493932654,6733849,NC
-0.1273707463633691,6733850,NC
-0.13741081286878962,6733851,NC
-0.14245092441766494,6733852,NC
-0.13249108097202916,6733853,NC
-0.11253128249387398,6733854,NC
-0.09257152894514833,6733855,NC
-0.09261182028775874,6733856,NC
-0.11265215648356919,6733857,NC
-0.11769253749440123,6733858,NC
-0.10773296328203397,6733859,NC
-0.09777343380820418,6733860,NC
-0.07281394903460625,6733861,NC
-0.0678545089228923,6733862,NC
-0.08789511343467213,6733863,NC
-0.07293576253151327,6733864,NC
-0.07797645617494117,6733865,NC
-0.05801719432643906,6733866,NC
-0.04805797694744797,6733867,NC
-0.04809880399936696,6733868,NC
-0.07313967544355293,6733869,NC
-0.09818059124132084,6733870,NC
-0.09322155135394364,6733871,NC
-0.08326255574265232,6733872,NC
-0.06830360436863596,6733873,NC
-0.08334469719304183,6733874,NC
-0.1083858341769753,6733875,NC
-0.12342701528149995,6733876,NC
-0.1334682404676376,6733877,NC
-0.12350950969636848,6733878,NC
-0.11855082292863084,6733879,NC
-0.13359218012532156,6733880,NC
-0.12363358124729582,6733881,NC
-0.1486750262553671,6733882,NC
-0.15871651511030754,6733883,NC
-0.14375804777284767,6733884,NC
-0.13379962420367655,6733885,NC
-0.13384124436344189,6733886,NC
-0.1438829082127499,6733887,NC
-0.16892461571216547,6733888,NC
-0.15896636682221227,6733889,NC
-0.15900816150337255,6733890,NC
-0.1540499997160875,6733891,NC
-0.14909188142075688,6733892,NC
-0.18413380657773948,6733893,NC
-0.1941757751473528,6733894,NC
-0.1892177870898734,6733895,NC
-0.1592598423655367,6733896,NC
-0.1543019409345372,6733897,NC
-0.15934408275702822,6733898,NC
-0.17438626779312233,6733899,NC
-0.19942849600289114,6733900,NC
-0.2044707673463654,6733901,NC
-0.17951308178353503,6733902,NC
-0.17455543927434913,6733903,NC
-0.18959783977871608,6733904,NC
-0.19964028325650357,6733905,NC
-0.2096827696675386,6733906,NC
-0.2047252989716075,6733907,NC
-0.19476787112845598,6733908,NC
-0.18481048609778933,6733909,NC
-0.17985314383927214,6733910,NC
-0.19489584431252865,6733911,NC
-0.2049385874771426,6733912,NC
-0.21498137329265732,6733913,NC
-0.1850242017185757,6733914,NC
-0.18506707271436051,6733915,NC
-0.18010998623943397,6733916,NC
-0.18515294225317824,6733917,NC
-0.19019594071493517,6733918,NC
-0.2052389815840065,6733919,NC
-0.19028206481965365,6733920,NC
-0.17032519038109825,6733921,NC
-0.1703683582275216,6733922,NC
-0.18541156831806507,6733923,NC
-0.20045482061183006,6733924,NC
-0.200498115067878,6733925,NC
-0.18054145164523047,6733926,NC
-0.1555848303028691,6733927,NC
-0.16562825099973572,6733928,NC
-0.18567171369473237,6733929,NC
-0.21571521834672136,6733930,NC
-0.19075876491452526,6733931,NC
-0.17580235335692704,6733932,NC
-0.1758459836326699,6733933,NC
-0.16588965570045752,6733934,NC
-0.1709333695189541,6733935,NC
-0.16097712504678416,6733936,NC
-0.15102092224253288,6733937,NC
-0.1310647610647459,6733938,NC
-0.10110864147192956,6733939,NC
-0.07615256342255078,6733940,NC
-0.05619652687503712,6733941,NC
-0.011240531787776946,6733942,NC
0.03871542188088068,6733943,NC
0.10867133417262585,6733944,NC
0.16862720512918786,6733945,NC
0.19858303479233513,6733946,NC
0.20853882320387515,6733947,NC
0.17849457040565445,6733948,NC
0.15845027643955858,6733949,NC
0.11340594134751203,6733950,NC
0.04336156517147823,6733951,NC
-0.03668285204654045,6733952,NC
-0.0867273102645029,6733953,NC
-0.08177180944032911,6733954,NC
-0.0068163495319003495,6733955,NC
0.11813906950294083,6733956,NC
0.2380944477063906,6733957,NC
0.36804978512068376,6733958,NC
0.48300508178809376,6733959,NC
0.5629603377509325,6733960,NC
0.6179155530515504,6733961,NC
0.6278707277323368,6733962,L
0.6028258618357188,6733963,NC
0.49778095540416234,6733964,NC
0.3627360084801716,6733965,NC
0.2326910211062892,6733966,NC
0.13764599332509592,6733967,NC
0.0576009251792108,6733968,NC
-0.047444183288708835,6733969,NC
-0.17248933203596756,6733970,NC
-0.29253452101983185,6733971,NC
-0.40257975019753,6733972,NC
-0.47762501952625236,6733973,NC
-0.5076703289631512,6733974,NC
-0.512715678465341,6733975,NC
-0.517761067989898,6733976,NC
-0.5178064974938608,6733977,NC
-0.50285196693423,6733978,NC
-0.45289747626796867,6733979,NC
-0.3979430254520019,6733980,NC
-0.3579886144432171,6733981,NC
-0.31303424319846396,6733982,NC
-0.2830799116745547,6733983,NC
-0.27812561982826367,6733984,NC
-0.258171367616328,6733985,NC
-0.23821715499544704,6733986,NC
-0.23826298192228273,6733987,NC
-0.24330884835345956,6733988,NC
-0.24335475424556485,6733989,NC
-0.2484006995551483,6733990,NC
-0.25844668423872236,6733991,NC
-0.2434927082527623,6733992,NC
-0.2185387715537061,6733993,NC
-0.22358487409795455,6733994,NC
-0.2186310158418713,6733995,NC
-0.23367719674178294,6733996,NC
-0.22372341675397894,6733997,NC
-0.20376967583471178,6733998,NC
-0.188815973940197,6733999,NC
-0.17386231102661312,6734000,NC
-0.18890868705010183,6734001,NC
-0.18395510196676793,6734002,NC
-0.1840015557326794,6734003,NC
-0.19404804830386752,6734004,NC
-0.16409457963632673,6734005,NC
-0.1541411496860149,6734006,NC
-0.17918775840885312,6734007,NC
-0.18423440576072603,6734008,NC
-0.17428109169748157,6734009,NC
-0.16432781617493125,6734010,NC
-0.14437457914885005,6734011,NC
-0.13442138057497655,6734012,NC
-0.1494682204090129,6734013,NC
-0.14451509860662493,6734014,NC
-0.1345620151234421,6734015,NC
-0.1146089699150577,6734016,NC
-0.10465596293702867,6734017,NC
-0.10470299414487588,6734018,NC
-0.09975006349408402,6734019,NC
-0.10479717094010159,6734020,NC
-0.08484431643834117,6734021,NC
-0.06989149994417926,6734022,NC
-0.04493872141295633,6734023,NC
-0.04498598079997703,6734024,NC
-0.05003327806051,6734025,NC
-0.04508061314978819,6734026,NC
-0.03512798602300857,6734027,NC
-0.01017539663533247,6734028,NC
-0.00022284494188540976,6734029,NC
0.009729669102242655,6734030,NC
0.009682145541997533,6734031,NC
0.014634584422360514,6734032,NC
0.019586985788348502,6734033,NC
0.06453934968501393,6734034,NC
0.0894916761574446,6734035,NC
0.10444396525076383,6734036,NC
0.10439621701013027,6734037,NC
0.10934843148073793,6734038,NC
0.13430060870781607,6734039,NC
0.16425274873662932,6734040,NC
0.19420485161247736,6734041,NC
0.2091569173806951,6734042,NC
0.21410894608665265,6734043,NC
0.19906093777575506,6734044,NC
0.22401289249344253,6734045,NC
0.2589648102851902,6734046,NC
0.28391669119650814,6734047,NC
0.2838685352729415,6734048,NC
0.27382034256006993,6734049,NC
0.27377211310350824,6734050,NC
0.29872384694890597,6734051,NC
0.31367554414194726,6734052,NC
0.35362720472835096,6734053,NC
0.33857882875387074,6734054,NC
0.35353041626429466,6734055,NC
0.34848196730544545,6734056,NC
0.35343348192318036,6734057,NC
0.36338496016339117,6734058,NC
0.3983364020720038,6734059,NC
0.388287807694979,6734060,NC
0.3682391770783116,6734061,NC
0.3431905102680307,6734062,NC
0.3181418073101998,6734063,NC
0.30809306825091654,6734064,NC
0.30304429313631265,6734065,NC
0.27299548201255414,6734066,NC
0.22794663492584108,6734067,NC
0.19289775192240746,6734068,NC
0.17784883304852137,6734069,NC
0.14779987835048483,6734070,NC
0.13775088787463374,6734071,NC
0.10770186166733789,6734072,NC
0.08265279977500087,6734073,NC
0.06260370224406007,6734074,NC
0.032554569120986615,6734075,NC
0.017505400452285307,6734076,NC
0.012456196284494556,6734077,NC
0.022406956664186455,6734078,NC
-0.007642318362033454,6734079,NC
-0.03269162874752604,6734080,NC
-0.042740974445618696,6734081,NC
-0.04779035540960543,6734082,NC
-0.04783977159274689,6734083,NC
-0.06288922294827029,6734084,NC
-0.08793870942936971,6734085,NC
-0.09298823098920585,6734086,NC
-0.08803778758090622,6734087,NC
-0.07808737915756528,6734088,NC
-0.07813700567224421,6734089,NC
-0.07818666707797131,6734090,NC
-0.0882363633277417,6734091,NC
-0.0982860943745176,6734092,NC
-0.10333586017122823,6734093,NC
-0.08838566067076999,6734094,NC
-0.06843549582600642,6734095,NC
-0.08848536558976822,6734096,NC
-0.0985352699148534,6734097,NC
-0.12358520875402713,6734098,NC
-0.13363518206002206,6734099,NC
-0.10368518978553815,6734100,NC
-0.08373523188324272,6734101,NC
-0.08878530830577071,6734102,NC
-0.09383541900572445,6734103,NC
-0.10388556393567383,6734104,NC
-0.11393574304815637,6734105,NC
-0.10398595629567729,6734106,NC
-0.08903620363070937,6734107,NC
-0.09408648500569328,6734108,NC
-0.11413680037303732,6734109,NC
-0.13418714968511777,6734110,NC
-0.12423753289427861,6734111,NC
-0.09428794995283188,6734112,NC
-0.0943384008130575,6734113,NC
-0.08938888542720347,6734114,NC
-0.08943940374748577,6734115,NC
-0.10448995572608852,6734116,NC
-0.11954054131516387,6734117,NC
-0.11459116046683238,6734118,NC
-0.08464181313318264,6734119,NC
-0.08469249926627165,6734120,NC
-0.08474321881812463,6734121,NC
-0.09979397174073526,6734122,NC
-0.10484475798606552,6734123,NC
-0.09489557750604594,6734124,NC
-0.0999464302525756,6734125,NC
-0.09999731617752203,6734126,NC
-0.11004823523272134,6734127,NC
-0.1100991873699784,6734128,NC
-0.11515017254106669,6734129,NC
-0.10520119069772846,6734130,NC
-0.11025224179167462,6734131,NC
-0.1003033257745851,6734132,NC
-0.11535444259810856,6734133,NC
-0.1204055922138626,6734134,NC
-0.11545677457343384,6734135,NC
-0.11050798962837782,6734136,NC
-0.08555923733021921,6734137,NC
-0.08561051763045174,6734138,NC
-0.09066183048053833,6734139,NC
-0.11571317583191096,6734140,NC
-0.12076455363597105,6734141,NC
-0.10581596384408912,6734142,NC
-0.09586740640760513,6734143,NC
-0.0959188812778284,6734144,NC
-0.1109703884060376,6734145,NC
-0.12602192774348095,6734146,NC
-0.11607349924137617,6734147,NC
-0.11112510285091046,6734148,NC
-0.11117673852324078,6734149,NC
-0.10622840620949364,6734150,NC
-0.12628010586076518,6734151,NC
-0.12133183742812141,6734152,NC
-0.13138360086259812,6734153,NC
-0.11143539611520084,6734154,NC
-0.11148722313690512,6734155,NC
-0.09653908187865635,6734156,NC
-0.1065909722913699,6734157,NC
-0.12664289432593112,6734158,NC
-0.1416948479331956,6734159,NC
-0.11674683306398886,6734160,NC
-0.10679884966910672,6734161,NC
-0.1068508976993151,6734162,NC
-0.1119029771053502,6734163,NC
-0.1269550878379186,6734164,NC
-0.12700722984769713,6734165,NC
-0.11705940308533308,6734166,NC
-0.1171116075014442,6734167,NC
-0.12716384304661868,6734168,NC
-0.12721610967141517,6734169,NC
-0.13726840732636314,6734170,NC
-0.13232073596196242,6734171,NC
-0.11737309552868365,6734172,NC
-0.12242548597696826,6734173,NC
-0.10747790725722833,6734174,NC
-0.11753035931984676,6734175,NC
-0.13258284211517743,6734176,NC
-0.132635355593545,6734177,NC
-0.11768789970524512,6734178,NC
-0.08274047440054455,6734179,NC
-0.07779307962968099,6734180,NC
-0.07784571534286322,6734181,NC
-0.08289838149027129,6734182,NC
-0.08295107802205631,6734183,NC
-0.07800380488834074,6734184,NC
-0.06305656203921828,6734185,NC
-0.043109349424753925,6734186,NC
-0.04816216699498411,6734187,NC
-0.06321501469991671,6734188,NC
-0.05326789248953101,6734189,NC
-0.03332080031377791,6734190,NC
-0.018373738122579794,6734191,NC
0.0015732941341692758,6734192,NC
-0.008479703493396384,6734193,NC
-0.018532730955114235,6734194,NC
-0.033585788200793415,6734195,NC
-0.01363887518021497,6734196,NC
-0.013691991843131725,6734197,NC
-0.023745138139268443,6734198,NC
-0.0487983140183218,6734199,NC
-0.03885151942996056,6734200,NC
-0.04890475432382542,6734201,NC
-0.053958018649529274,6734202,NC
-0.04901131235665711,6734203,NC
-0.05406463539476607,6734204,NC
-0.06411798771338562,6734205,NC
-0.08917136926201744,6734206,NC
-0.09422477999013557,6734207,NC
-0.08427821984718646,6734208,NC
-0.07933168878258894,6734209,NC
-0.08438518674573434,6734210,NC
-0.07943871368598648,6734211,NC
-0.09949226955268185,6734212,NC
-0.09454585429512943,6734213,NC
-0.099599467862611,6734214,NC
-0.11465311020438093,6734215,NC
-0.10970678126966651,6734216,NC
-0.12976048100766763,6734217,NC
-0.12981420936755722,6734218,NC
-0.12986796629848107,6734219,NC
-0.11992175174955794,6734220,NC
-0.12997556566987953,6734221,NC
-0.12502940800851065,6734222,NC
-0.1300832787144892,6734223,NC
-0.12513717773682623,6734224,NC
-0.140191105024506,6734225,NC
-0.13524506052648597,6734226,NC
-0.13029904419169697,6734227,NC
-0.1353530559690431,6734228,NC
-0.14540709580740188,6734229,NC
-0.16046116365562432,6734230,NC
-0.16551525946253487,6734231,NC
-0.15556938317693147,6734232,NC
-0.13062353474758573,6734233,NC
-0.13067771412324283,6734234,NC
-0.14573192125262172,6734235,NC
-0.16078615608441496,6734236,NC
-0.16084041856728898,6734237,NC
-0.13589470864988404,6734238,NC
-0.12594902628081417,6734239,NC
-0.12100337140866749,6734240,NC
-0.13105774398200595,6734241,NC
-0.1411121439493656,6734242,NC
-0.13616657125925652,6734243,NC
-0.13622102586016296,6734244,NC
-0.1112755077005433,6734245,NC
-0.11633001672883009,6734246,NC
-0.1213845528934303,6734247,NC
-0.13643911614272505,6734248,NC
-0.12649370642506994,6734249,NC
-0.11654832368879489,6734250,NC
-0.12660296788220438,6734251,NC
-0.10665763895357729,6734252,NC
-0.11671233685116711,6734253,NC
-0.12176706152320205,6734254,NC
-0.1218218129178848,6734255,NC
-0.10687659098339286,6734256,NC
-0.0969313956678784,6734257,NC
-0.0919862269194685,6734258,NC
-0.11204108468626509,6734259,NC
-0.12209596891634483,6734260,NC
-0.11215087955775961,6734261,NC
-0.09720581655853608,6734262,NC
-0.08226077986667608,6734263,NC
-0.08731576943015647,6734264,NC
-0.08737078519692931,6734265,NC
-0.09742582711492186,6734266,NC
-0.0874808951320366,6734267,NC
-0.047535989196151304,6734268,NC
-0.022591109255119105,6734269,NC
0.0073537447432314405,6734270,NC
0.047298572851096406,6734271,NC
0.08224337512069627,6734272,NC
0.13218815160427602,6734273,NC
0.1971329023541051,6734274,NC
0.24707762742247724,6734275,NC
0.27202232686171046,6734276,NC
0.27196700072414715,6734277,NC
0.2419116490621538,6734278,NC
0.19185627192812105,6734279,NC
0.12680086937446375,6734280,NC
0.06674544145362074,6734281,NC
0.01668998821805486,6734282,NC
-0.013365490279747008,6734283,NC
0.0215790060127258,6734284,NC
0.08652347714800791,6734285,NC
0.20646792317865775,6734286,NC
0.35141234415725753,6734287,NC
0.486356740136413,6734288,NC
0.6013011111687537,6734289,NC
0.6762454573069331,6734290,NC
0.7311897786036274,6734291,NC
0.7211340751115373,6734292,L
0.6710783468833863,6734293,NC
0.5860225939719216,6734294,NC
0.4659668164299134,6734295,NC
0.3409110143101557,6734296,NC
0.25585518766546556,6734297,NC
0.17079933654868312,6734298,NC
0.08574346101267197,6734299,NC
-0.039312438889681486,6734300,NC
-0.17436836310546763,6734301,NC
-0.29442431158175386,6734302,NC
-0.3594802842655846,6734303,NC
-0.39953628110398126,6734304,NC
-0.40959230204394265,6734305,NC
-0.4096483470324445,6734306,NC
-0.40470441601643997,6734307,NC
-0.38976050894285935,6734308,NC
-0.34981662575861044,6734309,NC
-0.3048727664105782,6734310,NC
-0.23992893084562528,6734311,NC
-0.2099851190105916,6734312,NC
-0.19504133085229483,6734313,NC
-0.19009756631753005,6734314,NC
-0.17015382535307008,6734315,NC
-0.15521010790566533,6734316,NC
-0.12526641392204413,6734317,NC
-0.1253227433489124,6734318,NC
-0.1303790961329541,6734319,NC
-0.14043547222083091,6734320,NC
-0.1404918715591825,6734321,NC
-0.13554829409462654,6734322,NC
-0.11560473977375886,6734323,NC
-0.10066120854315316,6734324,NC
-0.12071770034936148,6734325,NC
-0.13077421513891402,6734326,NC
-0.12583075285831907,6734327,NC
-0.12588731345406343,6734328,NC
-0.10094389687261213,6734329,NC
-0.09600050306040857,6734330,NC
-0.11105713196387473,6734331,NC
-0.11111378352941098,6734332,NC
-0.12117045770339623,6734333,NC
-0.10122715443218806,6734334,NC
-0.09128387366212269,6734335,NC
-0.09634061533951498,6734336,NC
-0.09139737941065865,6734337,NC
-0.1014541658218261,6734338,NC
-0.09151097451926866,6734339,NC
-0.08156780544921659,6734340,NC
-0.06662465855787905,6734341,NC
-0.056681533791444194,6734342,NC
-0.07673843109607931,6734343,NC
-0.07679535041793076,6734344,NC
-0.06685229170312401,6734345,NC
-0.036909254897763796,6734346,NC
-0.026966239947934165,6734347,NC
-0.012023246799698357,6734348,NC
-0.032080275399099085,6734349,NC
-0.022137325692158417,6734350,NC
-0.017194397624877882,6734351,NC
0.012748508856761405,6734352,NC
0.02269139380679886,6734353,NC
0.027634257279294177,6734354,NC
0.022577099328327438,6734355,NC
0.012519920007999,6734356,NC
0.027462719372429466,6734357,NC
0.052405497475759524,6734358,NC
0.06734825437215008,6734359,NC
0.0722909901157821,6734360,NC
0.08223370476085651,6734361,NC
0.09217639836159428,6734362,NC
0.09711907097223624,6734363,NC
0.1320617226470431,6734364,NC
0.16700435344029546,6734365,NC
0.18194696340629357,6734366,NC
0.19688955259935745,6734367,NC
0.20183212107382678,6734368,NC
0.2217746688840609,6734369,NC
0.24171719608443856,6734370,NC
0.2616597027293582,6734371,NC
0.27160218887323756,6734372,NC
0.2515446545705139,6734373,NC
0.2664870998756438,6734374,NC
0.27142952484310306,6734375,NC
0.3013719295273869,6734376,NC
0.34131431398300954,6734377,NC
0.3562566782645045,6734378,NC
0.3511990224264243,6734379,NC
0.3611413465233406,6734380,NC
0.3660836506098439,6734381,NC
0.3860259347405438,6734382,NC
0.4009681989700688,6734383,NC
0.410910443353066,6734384,NC
0.39585266794420143,6734385,NC
0.39079487279816005,6734386,NC
0.3757370579696451,6734387,NC
0.3856792235133789,6734388,NC
0.38062136948410197,6734389,NC
0.38056349593657346,6734390,NC
0.36050560292557116,6734391,NC
0.31544769050589105,6734392,NC
0.29538975873234763,6734393,NC
0.27533180765977366,6734394,NC
0.26527383734302024,6734395,NC
0.23521584783695657,6734396,NC
0.19515783919647006,6734397,NC
0.1600998114764663,6734398,NC
0.13504176473186885,6734399,NC
0.12498369901761927,6734400,NC
0.11992561438867716,6734401,NC
0.09486751090001994,6734402,NC
0.05480938860664293,6734403,NC
0.03475124756355927,6734404,NC
0.014693087825799738,6734405,NC
0.029634909448412954,6734406,NC
0.02457671248646504,6734407,NC
0.0095184969950398,6734408,NC
0.004460263029238579,6734409,NC
-0.025597989355819865,6734410,NC
-0.04065626010499928,6734411,NC
-0.020714549163146023,6734412,NC
-0.03077285647508919,6734413,NC
-0.040831181985640536,6734414,NC
-0.0408895256395946,6734415,NC
-0.07094788738172875,6734416,NC
-0.06100626715680329,6734417,NC
-0.05606466490956134,6734418,NC
-0.056123080584729146,6734419,NC
-0.06618151412701588,6734420,NC
-0.07623996548111384,6734421,NC
-0.08629843459169842,6734422,NC
-0.08635692140342834,6734423,NC
-0.08141542586094541,6734424,NC
-0.08147394790887486,6734425,NC
-0.07653248749182516,6734426,NC
-0.08159104455438825,6734427,NC
-0.10164961904113955,6734428,NC
-0.09170821089663794,6734429,NC
-0.10676682006542582,6734430,NC
-0.06182544649202934,6734431,NC
-0.0668840901209582,6734432,NC
-0.09194275089670581,6734433,NC
-0.1070014287637494,6734434,NC
-0.11206012366655005,6734435,NC
-0.10711883554955266,6734436,NC
-0.0821775643571861,6734437,NC
-0.07723631003386315,6734438,NC
-0.09229507252398067,6734439,NC
-0.08735385177191965,6734440,NC
-0.09741264772204514,6734441,NC
-0.09747146031870643,6734442,NC
-0.10253028950623705,6734443,NC
-0.09758913522895481,6734444,NC
-0.11264799743116183,6734445,NC
-0.11270687605714476,6734446,NC
-0.11776577105117454,6734447,NC
-0.09282468235750677,6734448,NC
-0.08288360992038152,6734449,NC
-0.10294255368402347,6734450,NC
-0.09800151359264199,6734451,NC
-0.11806048959043121,6734452,NC
-0.12311948162156994,6734453,NC
-0.10817848963022189,6734454,NC
-0.10823751356053563,6734455,NC
-0.10829655335664465,6734456,NC
-0.11335560896266739,6734457,NC
-0.13341468032270737,6734458,NC
-0.1384737673808532,6734459,NC
-0.12853287008117867,6734460,NC
-0.10359198836774265,6734461,NC
-0.11865112218458936,6734462,NC
-0.1287102714757482,6734463,NC
-0.12876943618523412,6734464,NC
-0.1388286162570473,6734465,NC
-0.12388781163517347,6734466,NC
-0.11894702226358381,6734467,NC
-0.12400624808623514,6734468,NC
-0.12406548904706981,6734469,NC
-0.1341247450900159,6734470,NC
-0.14918401615898727,6734471,NC
-0.12924330219788344,6734472,NC
-0.11930260315058985,6734473,NC
-0.12436191896097772,6734474,NC
-0.12942124957290432,6734475,NC
-0.1444805949302129,6734476,NC
-0.1445399549767326,6734477,NC
-0.1345993296562789,6734478,NC
-0.1346587189126533,6734479,NC
-0.1297181226896434,6734480,NC
-0.13477754093102326,6734481,NC
-0.15483697358055318,6734482,NC
-0.15489642058197967,6734483,NC
-0.14995588187903586,6734484,NC
-0.13001535741544126,6734485,NC
-0.14007484713490193,6734486,NC
-0.1401343509811105,6734487,NC
-0.17519386889774616,6734488,NC
-0.1752534008284749,6734489,NC
-0.15031294671694936,6734490,NC
-0.140372506506809,6734491,NC
-0.14043208014168007,6734492,NC
-0.15549166756517585,6734493,NC
-0.1705512687208964,6734494,NC
-0.17061088355242893,6734495,NC
-0.17567051200334763,6734496,NC
-0.15073015401721376,6734497,NC
-0.1457898095375758,6734498,NC
-0.1558494785079695,6734499,NC
-0.17090916087191774,6734500,NC
-0.16096885657293084,6734501,NC
-0.16102856555450648,6734502,NC
-0.1360882877601297,6734503,NC
-0.1461480231332731,6734504,NC
-0.14620777161739673,6734505,NC
-0.18126753315594837,6734506,NC
-0.17632730769236332,6734507,NC
-0.1613870951700646,6734508,NC
-0.13644689553246306,6734509,NC
-0.1315067087229572,6734510,NC
-0.13156653468493354,6734511,NC
-0.14662637336176643,6734512,NC
-0.14668622469681822,6734513,NC
-0.1417460886334392,6734514,NC
-0.11180596511496785,6734515,NC
-0.12186585408473066,6734516,NC
-0.1269257554860424,6734517,NC
-0.15698566926220603,6734518,NC
-0.13204559535651275,6734519,NC
-0.11710553371224221,6734520,NC
-0.11716548427266237,6734521,NC
-0.1022254469810296,6734522,NC
-0.0922854217805889,6734523,NC
-0.09734540861457378,6734524,NC
-0.08740540742620628,6734525,NC
-0.08246541815869719,6734526,NC
-0.08752544075524596,6734527,NC
-0.10258547515904086,6734528,NC
-0.10764552131325894,6734529,NC
-0.13770557916106618,6734530,NC
-0.13776564864561747,6734531,NC
-0.14282572971005666,6734532,NC
-0.13788582229751664,6734533,NC
-0.1329459263511194,6734534,NC
-0.15300604181397612,6734535,NC
-0.16806616862918716,6734536,NC
-0.17812630673984212,6734537,NC
-0.15818645608901988,6734538,NC
-0.1432466166197887,6734539,NC
-0.1583067882752064,6734540,NC
-0.18336697099831994,6734541,NC
-0.20342716473216618,6734542,NC
-0.21848736941977132,6734543,NC
-0.20854758500415124,6734544,NC
-0.18360781142831153,6734545,NC
-0.19866804863524756,6734546,NC
-0.2087282965679444,6734547,NC
-0.223788555169377,6734548,NC
-0.2338488243825103,6734549,NC
-0.23390910415029909,6734550,NC
-0.21396939441568816,6734551,NC
-0.2090296951216124,6734552,NC
-0.21909000621099695,6734553,NC
-0.23415032762675686,6734554,NC
-0.23421065931179763,6734555,NC
-0.24427100120901493,6734556,NC
-0.22933135326129472,6734557,NC
-0.21939171541151353,6734558,NC
-0.2394520876025381,6734559,NC
-0.24451246977722593,6734560,NC
-0.2395728618784248,6734561,NC
-0.23463326384897323,6734562,NC
-0.22969367563170046,6734563,NC
-0.21975409716942632,6734564,NC
-0.23481452840496148,6734565,NC
-0.2498749692811074,6734566,NC
-0.2599354197406564,6734567,NC
-0.24499587972639175,6734568,NC
-0.23505634918108773,6734569,NC
-0.23011682804750963,6734570,NC
-0.22517731626841386,6734571,NC
-0.23523781378654793,6734572,NC
-0.24029832054465058,6734573,NC
-0.23035883648545175,6734574,NC
-0.2204193615516728,6734575,NC
-0.22047989568602633,6734576,NC
-0.23554043883121645,6734577,NC
-0.2406009909299387,6734578,NC
-0.25066155192488015,6734579,NC
-0.22572212175871942,6734580,NC
-0.21578270037412686,6734581,NC
-0.23084328771376436,6734582,NC
-0.2309038837202857,6734583,NC
-0.2509644883363364,6734584,NC
-0.25602510150455376,6734585,NC
-0.2460857231675671,6734586,NC
-0.23614635326799757,6734587,NC
-0.23120699174845852,6734588,NC
-0.23126763855155522,6734589,NC
-0.22632829361988507,6734590,NC
-0.22638895689603772,6734591,NC
-0.20144962832259494,6734592,NC
-0.17651030784213095,6734593,NC
-0.14657099539721216,6734594,NC
-0.15163169093039747,6734595,NC
-0.12669239438423816,6734596,NC
-0.07675310570127802,6734597,NC
-0.011813824824053439,6734598,NC
0.038125448304906606,6734599,NC
0.07306471374308042,6734600,NC
0.07800397154795369,6734601,NC
0.047943221777019235,6734602,NC
0.017882464487777108,6734603,NC
-0.04717830026226552,6734604,NC
-0.11223907241559448,6734605,NC
-0.20229985191468858,6734606,NC
-0.2873606387020196,6734607,NC
-0.30742143272005257,6734608,NC
-0.2574822339112455,6734609,NC
-0.1525430422180497,6734610,NC
-0.027603857582909723,6734611,NC
0.10233532005173648,6734612,NC
0.2072744907434577,6734613,NC
0.2722136545498292,6734614,NC
0.3021528115284329,6734615,NC
0.2920919617368569,6734616,L
0.2520311052326962,6734617,NC
0.16697024207355154,6734618,NC
0.04690937231703043,6734619,NC
-0.04815150397925356,6734620,NC
-0.15321238675768065,6734621,NC
-0.24327327596062487,6734622,NC
-0.3283341715304543,6734623,NC
-0.42839507340953087,6734624,NC
-0.5334559815402107,6734625,NC
-0.5935168958648436,6734626,NC
-0.608577816325774,6734627,NC
-0.6186387428653403,6734628,NC
-0.6136996754258751,6734629,NC
-0.5687606139497055,6734630,NC
-0.5438215583791526,6734631,NC
-0.49388250865653227,6734632,NC
-0.44894346472415464,6734633,NC
-0.3790044265243245,6734634,NC
-0.32406539399934103,6734635,NC
-0.2941263670914982,6734636,NC
-0.2891873457430847,6734637,NC
-0.29424832989638366,6734638,NC
-0.2993093194936734,6734639,NC
-0.2743703144772268,6734640,NC
-0.25943131478931175,6734641,NC
-0.25449232037219105,6734642,NC
-0.2545533311681227,6734643,NC
-0.2596143471193594,6734644,NC
-0.26467536816814924,6734645,NC
-0.24473639425673552,6734646,NC
-0.2347974253273566,6734647,NC
-0.21985846132224623,6734648,NC
-0.23491950218363347,6734649,NC
-0.2449805478537428,6734650,NC
-0.245041598274794,6734651,NC
-0.2201026533890026,6734652,NC
-0.20016371313857953,6734653,NC
-0.1952247774657314,6734654,NC
-0.20028584631266033,6734655,NC
-0.20534691962156446,6734656,NC
-0.20040799733463735,6734657,NC
-0.20546907939406872,6734658,NC
-0.17053016574204397,6734659,NC
-0.16559125632074453,6734660,NC
-0.16565235107234774,6734661,NC
-0.17071344993902704,6734662,NC
-0.1707745528629521,6734663,NC
-0.14583565978628849,6734664,NC
-0.12089677065119822,6734665,NC
-0.11095788539983947,6734666,NC
-0.10601900397436675,6734667,NC
-0.10108012631693096,6734668,NC
-0.09114125236967938,6734669,NC
-0.0862023820747559,6734670,NC
-0.056263515374300896,6734671,NC
-0.041324652210451285,6734672,NC
-0.036385792525340695,6734673,NC
-0.051446936261099405,6734674,NC
-0.04650808335985457,6734675,NC
-0.041569233763730014,6734676,NC
-0.0066303874148465804,6734677,NC
0.013308455744678066,6734678,NC
0.02824729577272925,6734679,NC
0.03818613272719528,6734680,NC
0.043124966665967296,6734681,NC
0.0780637976469394,6734682,NC
0.09800262572800839,6734683,NC
0.11294145096707388,6734684,NC
0.13288027342203815,6734685,NC
0.12281909315080616,6734686,NC
0.14775791021128537,6734687,NC
0.17769672466138578,6734688,NC
0.19763553655901994,6734689,NC
0.20757434596210267,6734690,NC
0.21251315292855136,6734691,NC
0.22745195751628555,6734692,NC
0.237390759783227,6734693,NC
0.2523295597872998,6734694,NC
0.2772683575864302,6734695,NC
0.2872071532385462,6734696,NC
0.2821459468015784,6734697,NC
0.2620847383334588,6734698,NC
0.2670235278921218,6734699,NC
0.28196231553550327,6734700,NC
0.31190110132154114,6734701,NC
0.2918398853081751,6734702,NC
0.27177866755334645,6734703,NC
0.21671744811499816,6734704,NC
0.1666562270510748,6734705,NC
0.13659500441952244,6734706,NC
0.1215337802782887,6734707,NC
0.09147255468532262,6734708,NC
0.0514113276985746,6734709,NC
0.006350099375996314,6734710,NC
-0.02371113022445921,6734711,NC
-0.02877236104483783,6734712,NC
-0.03383359302718419,6734713,NC
-0.04389482611354183,6734714,NC
-0.08895606024595323,6734715,NC
-0.11401729536646,6734716,NC
-0.12907853141710265,6734717,NC
-0.13413976833992095,6734718,NC
-0.1342010060769537,6734719,NC
-0.14426224457023906,6734720,NC
-0.16932348376181444,6734721,NC
-0.2093847235937165,6734722,NC
-0.20444596400798146,6734723,NC
-0.19950720494664487,6734724,NC
-0.17456844635174176,6734725,NC
-0.1746296881653068,6734726,NC
-0.19969093032937427,6734727,NC
-0.20975217278597802,6734728,NC
-0.20481341547715173,6734729,NC
-0.20987465834492885,6734730,NC
-0.19493590133134264,6734731,NC
-0.1999971443784262,6734732,NC
-0.20005838742821258,6734733,NC
-0.22011963042273489,6734734,NC
-0.23018087330402634,6734735,NC
-0.21024211601412007,6734736,NC
-0.21030335849504955,6734737,NC
-0.20536460068884835,6734738,NC
-0.21042584253755037,6734739,NC
-0.21548708398318986,6734740,NC
-0.23054832496780142,6734741,NC
-0.21560956543342003,6734742,NC
-0.22567080532208128,6734743,NC
-0.21073204457582118,6734744,NC
-0.20579328313667647,6734745,NC
-0.22585452094668443,6734746,NC
-0.22091575794788315,6734747,NC
-0.22097699408231142,6734748,NC
-0.21103822929200883,6734749,NC
-0.20609946351901587,6734750,NC
-0.21616069670537405,6734751,NC
-0.23122192879312575,6734752,NC
-0.2362831597243144,6734753,NC
-0.22634438944098462,6734754,NC
-0.22140561788518204,6734755,NC
-0.20646684499895354,6734756,NC
-0.21652807072434738,6734757,NC
-0.231589295003413,6734758,NC
-0.25165051777820124,6734759,NC
-0.2317117389907644,6734760,NC
-0.22177295858315615,6734761,NC
-0.22683417649743184,6734762,NC
-0.24189539267564833,6734763,NC
-0.24695660705986414,6734764,NC
-0.2420178195921395,6734765,NC
-0.21707903021453634,6734766,NC
-0.22214023886911846,6734767,NC
-0.21720144549795145,6734768,NC
-0.2122626500431029,6734769,NC
-0.22732385244664238,6734770,NC
-0.2373850526506414,6734771,NC
-0.24244625059717356,6734772,NC
-0.2225074462283147,6734773,NC
-0.2375686394861427,6734774,NC
-0.23262983031273785,6734775,NC
-0.26769101865018263,6734776,NC
-0.2577522044405619,6734777,NC
-0.24781338762596294,6734778,NC
-0.2528745681484755,6734779,NC
-0.22293574595019186,6734780,NC
-0.23799692097320677,6734781,NC
-0.24805809315961785,6734782,NC
-0.24811926245152516,6734783,NC
-0.24818042879103158,6734784,NC
-0.24324159212024285,6734785,NC
-0.23830275238126744,6734786,NC
-0.26336390951621685,6734787,NC
-0.2684250634672055,6734788,NC
-0.2584862141763507,6734789,NC
-0.2685473615857731,6734790,NC
-0.26360850563759614,6734791,NC
-0.2586696462739466,6734792,NC
-0.27373078343695467,6734793,NC
-0.2737919170687535,6734794,NC
-0.2788530471114798,6734795,NC
-0.2589141735072736,6734796,NC
-0.24397529619827832,6734797,NC
-0.2540364151266411,6734798,NC
-0.26409753023451243,6734799,NC
-0.29415864146404647,6734800,NC
-0.2742197487574012,6734801,NC
-0.264280852056738,6734802,NC
-0.25934195130422233,6734803,NC
-0.2594030464420233,6734804,NC
-0.2744641374123141,6734805,NC
-0.2645252241572718,6734806,NC
-0.2695863066190773,6734807,NC
-0.25964738473991567,6734808,NC
-0.25470845846197615,6734809,NC
-0.2497695277274521,6734810,NC
-0.25983059247854107,6734811,NC
-0.2998916526574449,6734812,NC
-0.29995270820636977,6734813,NC
-0.29001375906752624,6734814,NC
-0.2550748051831293,6734815,NC
-0.2551358464953984,6734816,NC
-0.2651968829465576,6734817,NC
-0.2702579144788355,6734818,NC
-0.2653189410344654,6734819,NC
-0.24037996255568528,6734820,NC
-0.23044097898473792,6734821,NC
-0.22050199026387085,6734822,NC
-0.22056299633533663,6734823,NC
-0.23562399714139257,6734824,NC
-0.23568499262430104,6734825,NC
-0.22074598272632942,6734826,NC
-0.19580696738975023,6734827,NC
-0.1908679465568411,6734828,NC
-0.19092892016988494,6734829,NC
-0.20598988817116984,6734830,NC
-0.21105085050298913,6734831,NC
-0.19611180710764167,6734832,NC
-0.19117275792743166,6734833,NC
-0.19623370290466877,6734834,NC
-0.2012946419816682,6734835,NC
-0.22635557510075072,6734836,NC
-0.24141650220424282,6734837,NC
-0.2314774232344766,6734838,NC
-0.20153833813378985,6734839,NC
-0.2265992468445264,6734840,NC
-0.22666014930903572,6734841,NC
-0.24672104546967322,6734842,NC
-0.2667819352688004,6734843,NC
-0.25684281864878455,6734844,NC
-0.2569036955519993,6734845,NC
-0.2569645659208243,6734846,NC
-0.2820254296976453,6734847,NC
-0.2920862868248544,6734848,NC
-0.29214713724485,6734849,NC
-0.3022079809000367,6734850,NC
-0.2972688177328257,6734851,NC
-0.3023296476856346,6734852,NC
-0.30239047070088737,6734853,NC
-0.3274512867210148,6734854,NC
-0.322512095688454,6734855,NC
-0.322572897545649,6734856,NC
-0.33763369223505046,6734857,NC
-0.3476944796991158,6734858,NC
-0.3427552598803094,6734859,NC
-0.3528160327211024,6734860,NC
-0.35287679816397294,6734861,NC
-0.34293755615140614,6734862,NC
-0.3279983066258942,6734863,NC
-0.34805904952993644,6734864,NC
-0.3581197848060393,6734865,NC
-0.35818051239671655,6734866,NC
-0.3632412322444891,6734867,NC
-0.3583019442918852,6734868,NC
-0.3483626484814407,6734869,NC
-0.3484233447556986,6734870,NC
-0.3634840330572094,6734871,NC
-0.3635447133285314,6734872,NC
-0.3686053855122303,6734873,NC
-0.3686660495508795,6734874,NC
-0.3587267053870602,6734875,NC
-0.3587873529633612,6734876,NC
-0.36884799222237924,6734877,NC
-0.37390862310671885,6734878,NC
-0.3789692455589926,6734879,NC
-0.3640298595218209,6734880,NC
-0.35409046493783225,6734881,NC
-0.3491510617496634,6734882,NC
-0.3542116498999589,6734883,NC
-0.3642722293313719,6734884,NC
-0.37433279998656344,6734885,NC
-0.36939336180820304,6734886,NC
-0.35945391473896865,6734887,NC
-0.3595144587215465,6734888,NC
-0.35457499369863144,6734889,NC
-0.3696355196129266,6734890,NC
-0.3846960364071439,6734891,NC
-0.39475654402400384,6734892,NC
-0.3648170424062355,6734893,NC
-0.3598775314965769,6734894,NC
-0.3599380112377748,6734895,NC
-0.3549984815725846,6734896,NC
-0.3750589424437709,6734897,NC
-0.35011939379410706,6734898,NC
-0.3251798355663754,6734899,NC
-0.3302402677033676,6734900,NC
-0.3303006901478842,6734901,NC
-0.33036110284273495,6734902,NC
-0.30542150573073895,6734903,NC
-0.2554818987547244,6734904,NC
-0.205542281857529,6734905,NC
-0.1356026549819998,6734906,NC
-0.1006630180709932,6734907,NC
-0.055723371067375196,6734908,NC
-0.040783713914021344,6734909,NC
-0.025844046553816717,6734910,NC
-0.015904368929656167,6734911,NC
-0.07096468098444415,6734912,NC
-0.151024982661095,6734913,NC
-0.28108527390253274,6734914,NC
-0.40614555465169133,6734915,NC
-0.5112058248515147,6734916,NC
-0.5412660844449568,6734917,NC
-0.49632633337498155,6734918,NC
-0.416386571584563,6734919,NC
-0.2964467990166851,6734920,NC
-0.20150701561434245,6734921,NC
-0.07656722132053961,6734922,NC
0.013372583921708531,6734923,NC
0.05831240016937662,6734924,NC
0.043252227479428945,6734925,NC
-0.026807934091180614,6734926,NC
-0.10686808448550882,6734927,NC
-0.20192822364662294,6734928,NC
-0.28698835151760094,6734929,NC
-0.35704846804153134,6734930,NC
-0.4621085731615136,6734931,NC
-0.5421686668206577,6734932,NC
-0.6372287489620847,6734933,NC
-0.6972888195289266,6734934,NC
-0.717348878464326,6734935,NC
-0.717408925711437,6734936,NC
-0.7174689612134244,6734937,L
-0.7175289849134643,6734938,NC
-0.7025889967547437,6734939,NC
-0.6626489966804614,6734940,NC
-0.6227089846338267,6734941,NC
-0.5527689605580609,6734942,NC
-0.5278289243963964,6734943,NC
-0.4978888760920768,6734944,NC
-0.4629488155883579,6734945,NC
-0.43300874282850615,6734946,NC
-0.41806865775580043,6734947,NC
-0.40312856031353067,6734948,NC
-0.4181884504449988,6734949,NC
-0.4482483280935185,6734950,NC
-0.45830819320241506,6734951,NC
-0.4433680457150259,6734952,NC
-0.4284278855747003,6734953,NC
-0.40848771272479945,6734954,NC
-0.41854752710869647,6734955,NC
-0.44860732866977676,6734956,NC
-0.4386671173514378,6734957,NC
-0.4237268930970892,6734958,NC
-0.403786655850153,6734959,NC
-0.40884640555406315,6734960,NC
-0.3939061421522663,6734961,NC
-0.41896586558822146,6734962,NC
-0.41402557580539995,6734963,NC
-0.41908527274728574,6734964,NC
-0.41414495635737525,6734965,NC
-0.40420462657917766,6734966,NC
-0.40426428335621467,6734967,NC
-0.40432392663202077,6734968,NC
-0.41438355635014334,6734969,NC
-0.3944431724541424,6734970,NC
-0.3645027748875909,6734971,NC
-0.354562363594075,6734972,NC
-0.3646219385171934,6734973,NC
-0.3846814996005581,6734974,NC
-0.3747410467877943,6734975,NC
-0.36480058002254007,6734976,NC
-0.33986009924844696,6734977,NC
-0.3199196044091796,6734978,NC
-0.304979095448416,6734979,NC
-0.32003857230984756,6734980,NC
-0.31509803493717903,6734981,NC
-0.29015748327412877,6734982,NC
-0.28021691726442843,6734983,NC
-0.2552763368518234,6734984,NC
-0.24033574198007274,6734985,NC
-0.2553951325929491,6734986,NC
-0.23545450863423895,6734987,NC
-0.20051387004774246,6734988,NC
-0.1755732167772737,6734989,NC
-0.15563254876666066,6734990,NC
-0.16069186595974513,6734991,NC
-0.14575116830038323,6734992,NC
-0.13581045573244474,6734993,NC
-0.11086972819981389,6734994,NC
-0.06592898564638885,6734995,NC
-0.05098822801608209,6734996,NC
-0.04104745525282036,6734997,NC
-0.041106667300544776,6734998,NC
-0.026165864103210666,6734999,NC
0.003774954395212013,6735000,NC
0.01871578825073895,6735001,NC
0.048656637519371285,6735002,NC
0.04859750225709548,6735003,NC
0.06853838251988349,6735004,NC
0.07347927836369243,6735005,NC
0.09842018984446481,6735006,NC
0.12336111701812824,6735007,NC
0.13330205994059552,6735008,NC
0.14824301866776451,6735009,NC
0.1431839932555182,6735010,NC
0.1581249837597244,6735011,NC
0.15806599023623602,6735012,NC
0.17300701274089078,6735013,NC
0.18294805132951125,6735014,NC
0.18288910605790476,6735015,NC
0.15283017698186335,6735016,NC
0.11777126415716373,6735017,NC
0.12271236763956728,6735018,NC
0.12765348748481992,6735019,NC
0.11259462374865202,6735020,NC
0.07253577648677857,6735021,NC
0.05247694575489876,6735022,NC
0.022418131608696247,6735023,NC
0.012359334103839006,6735024,NC
0.002300553295979231,6735025,NC
-0.022758210759246666,6735026,NC
-0.04781695800621817,6735027,NC
-0.0828756883893307,6735028,NC
-0.11293440185299554,6735029,NC
-0.11799309834164005,6735030,NC
-0.12805177779970764,6735031,NC
-0.12811044017165785,6735032,NC
-0.16316908540196637,6735033,NC
-0.16822771343512521,6735034,NC
-0.1832863242156425,6735035,NC
-0.18334491768804284,6735036,NC
-0.18340349379686707,6735037,NC
-0.1834620524866726,6735038,NC
-0.1885205937020333,6735039,NC
-0.22857911738753947,6735040,NC
-0.2586376234877982,6735041,NC
-0.26869611194743304,6735042,NC
-0.27875458271108433,6735043,NC
-0.29381303572340906,6735044,NC
-0.3138714709290812,6735045,NC
-0.3339298882727914,6735046,NC
-0.3389882876992474,6735047,NC
-0.3390466691531737,6735048,NC
-0.33410503257931184,6735049,NC
-0.3291633779224206,6735050,NC
-0.3342217051272757,6735051,NC
-0.34928001413867016,6735052,NC
-0.36933830490141406,6735053,NC
-0.3693965773603348,6735054,NC
-0.34945483146027734,6735055,NC
-0.3445130671461036,6735056,NC
-0.33957128436269324,6735057,NC
-0.3646294830549433,6735058,NC
-0.3696876631677684,6735059,NC
-0.3597458246461007,6735060,NC
-0.35980396743488996,6735061,NC
-0.34986209147910374,6735062,NC
-0.3599201967237272,6735063,NC
-0.3799782831137634,6735064,NC
-0.3700363505942333,6735065,NC
-0.36509439911017555,6735066,NC
-0.350152428606647,6735067,NC
-0.35521043902872235,6735068,NC
-0.3602684303214943,6735069,NC
-0.37032640243007375,6735070,NC
-0.39038435529958987,6735071,NC
-0.37044228887518976,6735072,NC
-0.3555002031020391,6735073,NC
-0.3505580979253216,6735074,NC
-0.3656159732902395,6735075,NC
-0.39067382914201343,6735076,NC
-0.37073166542588243,6735077,NC
-0.37578948208710417,6735078,NC
-0.36084727907095476,6735079,NC
-0.340905056322729,6735080,NC
-0.34596281378774046,6735081,NC
-0.35102055141132127,6735082,NC
-0.35107826913882245,6735083,NC
-0.3311359669156138,6735084,NC
-0.33119364468708407,6735085,NC
-0.3212513023986408,6735086,NC
-0.3163089399957107,6735087,NC
-0.33636655742373944,6735088,NC
-0.33642415462819175,6735089,NC
-0.34648173155455153,6735090,NC
-0.33653928814832185,6735091,NC
-0.34159682435502503,6735092,NC
-0.35665434012020275,6735093,NC
-0.356711835389416,6735094,NC
-0.3467693101082451,6735095,NC
-0.35682676422228987,6735096,NC
-0.3268841976771697,6735097,NC
-0.32694161041852343,6735098,NC
-0.33699900239200964,6735099,NC
-0.35205637354330643,6735100,NC
-0.34211372381811156,6735101,NC
-0.34217105316214275,6735102,NC
-0.32222836152113743,6735103,NC
-0.3222856488408528,6735104,NC
-0.3423429150670662,6735105,NC
-0.35240016014557474,6735106,NC
-0.3424573840221955,6735107,NC
-0.33251458664276584,6735108,NC
-0.30757176795314317,6735109,NC
-0.30762892789920493,6735110,NC
-0.327686066426849,6735111,NC
-0.3277431834819933,6735112,NC
-0.3278002790105763,6735113,NC
-0.32285735295855655,6735114,NC
-0.32791440527191346,6735115,NC
-0.32797143589664646,6735116,NC
-0.31302844477877584,6735117,NC
-0.3330854318643423,6735118,NC
-0.34814239709940725,6735119,NC
-0.3181993404300527,6735120,NC
-0.2982562618023815,6735121,NC
-0.30331316116251716,6735122,NC
-0.3183700384566041,6735123,NC
-0.3184268936308077,6735124,NC
-0.29848372663131406,6735125,NC
-0.2585405374043305,6735126,NC
-0.22859732589608522,6735127,NC
-0.19365409205282766,6735128,NC
-0.1587108358208282,6735129,NC
-0.11376755714637858,6735130,NC
-0.0838242559757917,6735131,NC
-0.03888093225540174,6735132,NC
-0.0289375859315643,6735133,NC
-0.05399421695065634,6735134,NC
-0.12405082525907625,6735135,NC
-0.2541074108032439,6735136,NC
-0.40416397352960076,6735137,NC
-0.5092205133846098,6735138,NC
-0.5892770303147558,6735139,NC
-0.594333524266545,6735140,NC
-0.5293899951865058,6735141,NC
-0.4344464430211878,6735142,NC
-0.364502867717163,6735143,NC
-0.29455926922102493,6735144,NC
-0.24961564747938944,6735145,NC
-0.24467200243889395,6735146,NC
-0.2847283340461983,6735147,NC
-0.34978464224798417,6735148,NC
-0.4398409269909555,6735149,NC
-0.5198971882218386,6735150,NC
-0.5999534258873817,6735151,NC
-0.6700096399343557,6735152,NC
-0.7400658303095533,6735153,NC
-0.7551219969597904,6735154,NC
-0.7401781398319046,6735155,NC
-0.6752342588727566,6735156,NC
-0.6202903540292292,6735157,L
-0.6053464252482279,6735158,NC
-0.6054024724766812,6735159,NC
-0.64545849566154,6735160,NC
-0.6505144947497778,6735161,NC
-0.6355704696883915,6735162,NC
-0.6056264204244001,6735163,NC
-0.5456823469048462,6735164,NC
-0.49573824907679476,6735165,NC
-0.45579412688733423,6735166,NC
-0.44084998028357586,6735167,NC
-0.40590580921265407,6735168,NC
-0.3609616136217265,6735169,NC
-0.34601739345797383,6735170,NC
-0.35107314866860023,6735171,NC
-0.3561288792008329,6735172,NC
-0.3511845850019227,6735173,NC
-0.3412402660191436,6735174,NC
-0.32129592219979336,6735175,NC
-0.306351553491193,6735176,NC
-0.316407159840687,6735177,NC
-0.3264627411956439,6735178,NC
-0.3215182975034554,6735179,NC
-0.30157382871153715,6735180,NC
-0.2816293347673286,6735181,NC
-0.2716848156182929,6735182,NC
-0.281740271211917,6735183,NC
-0.276795701495712,6735184,NC
-0.2868511064172127,6735185,NC
-0.28190648592397793,6735186,NC
-0.2619618399635908,6735187,NC
-0.2720171684836583,6735188,NC
-0.2670724714318117,6735189,NC
-0.2771277487557064,6735190,NC
-0.272183000403022,6735191,NC
-0.2572382263214626,6735192,NC
-0.23229342645875645,6735193,NC
-0.21734860076265636,6735194,NC
-0.21240374918093943,6735195,NC
-0.22245887166140738,6735196,NC
-0.20751396815188644,6735197,NC
-0.1975690386002275,6735198,NC
-0.167624082954306,6735199,NC
-0.16267910116202214,6735200,NC
-0.16773409317130084,6735201,NC
-0.17278905893009178,6735202,NC
-0.15784399838636962,6735203,NC
-0.12289891148813381,6735204,NC
-0.10795379818340875,6735205,NC
-0.09300865842024386,6735206,NC
-0.08806349214671358,6735207,NC
-0.08811829931091744,6735208,NC
-0.06817307986098017,6735209,NC
-0.0332278337450516,6735210,NC
-0.008282560911306896,6735211,NC
0.011662738692053566,6735212,NC
0.006608065116804045,6735213,NC
0.026553418414693455,6735214,NC
0.026498798637445115,6735215,NC
0.0514442058367571,6735216,NC
0.08138964006430174,6735217,NC
0.0913351013717259,6735218,NC
0.09628058981065084,6735219,NC
0.09622610543267199,6735220,NC
0.10617164828935922,6735221,NC
0.12111721843225648,6735222,NC
0.15106281591288198,6735223,NC
0.17600844078272807,6735224,NC
0.17595409309326115,6735225,NC
0.18089977289592157,6735226,NC
0.18084548024212382,6735227,NC
0.19079121518325615,6735228,NC
0.21573697777068074,6735229,NC
0.23068276805573373,6735230,NC
0.2306285860897249,6735231,NC
0.21057443192393777,6735232,NC
0.20552030560962967,6735233,NC
0.2154662071980314,6735234,NC
0.2354121367403475,6735235,NC
0.23535809428775595,6735236,NC
0.21530407989140823,6735237,NC
0.1952500936024294,6735238,NC
0.17519613547191773,6735239,NC
0.1551422055509449,6735240,NC
0.16008830389055598,6735241,NC
0.12003443054176917,6735242,NC
0.09998058555557593,6735243,NC
0.05492676898294088,6735244,NC
0.0198729808748017,6735245,NC
0.009819221282069183,6735246,NC
-0.005234509744372888,6735247,NC
-0.02528821215366777,6735248,NC
-0.08034188589498578,6735249,NC
-0.10039553091752444,6735250,NC
-0.1404491471705084,6735251,NC
-0.14050273460318954,6735252,NC
-0.15555629316484706,6735253,NC
-0.16560982280478742,6735254,NC
-0.20066332347234447,6735255,NC
-0.23071679511687954,6735256,NC
-0.2307702376877814,6735257,NC
-0.2258236511344663,6735258,NC
-0.21087703540637812,6735259,NC
-0.22093039045298835,6735260,NC
-0.23598371622379596,6735261,NC
-0.246037012668328,6735262,NC
-0.25109027973613895,6735263,NC
-0.24614351737681117,6735264,NC
-0.241196725539955,6735265,NC
-0.22624990417520852,6735266,NC
-0.25630305323223784,6735267,NC
-0.2763561726607371,6735268,NC
-0.2814092624104284,6735269,NC
-0.26646232243106194,6735270,NC
-0.2565153526724162,6735271,NC
-0.2465683530842976,6735272,NC
-0.256621323616541,6735273,NC
-0.2716742642190094,6735274,NC
-0.2817271748415943,6735275,NC
-0.27678005543421547,6735276,NC
-0.271832905946821,6735277,NC
-0.25688572632938766,6735278,NC
-0.26693851653192063,6735279,NC
-0.28699127650445355,6735280,NC
-0.29204400619704896,6735281,NC
-0.28209670555979777,6735282,NC
-0.26714937454281973,6735283,NC
-0.2772020130962633,6735284,NC
-0.26725462117030585,6735285,NC
-0.30730719871515344,6735286,NC
-0.3073597456810412,6735287,NC
-0.29741226201823295,6735288,NC
-0.2824647476770218,6735289,NC
-0.2875172026077297,6735290,NC
-0.29756962676070775,6735291,NC
-0.3176220200863361,6735292,NC
-0.3126743825350244,6735293,NC
-0.29772671405721096,6735294,NC
-0.2977790146033638,6735295,NC
-0.2878312841239802,6735296,NC
-0.2878835225695866,6735297,NC
-0.31293572989073914,6735298,NC
-0.3179879060380232,6735299,NC
-0.3130400509620538,6735300,NC
-0.2880921646134753,6735301,NC
-0.2831442469429619,6735302,NC
-0.3081962979012175,6735303,NC
-0.31324831743897535,6735304,NC
-0.33330030550699874,6735305,NC
-0.3183522620560806,6735306,NC
-0.31840418703704376,6735307,NC
-0.31345608040074097,6735308,NC
-0.32850794209805473,6735309,NC
-0.3535597720798977,6735310,NC
-0.3636115702972125,6735311,NC
-0.33866333670097176,6735312,NC
-0.3237150712421783,6735313,NC
-0.323766773871865,6735314,NC
-0.3338184445410951,6735315,NC
-0.34887008320096197,6735316,NC
-0.34392168980258925,6735317,NC
-0.33897326429713104,6735318,NC
-0.32402480663577166,6735319,NC
-0.3240763167697261,6735320,NC
-0.32912779465023967,6735321,NC
-0.35417924022858827,6735322,NC
-0.3542306534560783,6735323,NC
-0.3492820342840468,6735324,NC
-0.3243333826638615,6735325,NC
-0.329384698546921,6735326,NC
-0.3394359818846543,6735327,NC
-0.36448723262852156,6735328,NC
-0.35953845073001356,6735329,NC
-0.3395896361406521,6735330,NC
-0.32964078881198977,6735331,NC
-0.3296919086956104,6735332,NC
-0.3347429957431286,6735333,NC
-0.36979404990619036,6735334,NC
-0.36484507113647235,6735335,NC
-0.3598960593856828,6735336,NC
-0.349947014605561,6735337,NC
-0.3499979367478775,6735338,NC
-0.35504882576443425,6735339,NC
-0.36509968160706446,6735340,NC
-0.37015050422763274,6735341,NC
-0.36520129357803516,6735342,NC
-0.3552520496101993,6735343,NC
-0.3503027722760843,6735344,NC
-0.3553534615276808,6735345,NC
-0.3654041173170112,6735346,NC
-0.37545473959612946,6735347,NC
-0.36550532831712124,6735348,NC
-0.360555883432104,6735349,NC
-0.38560640489322695,6735350,NC
-0.37565689265267144,6735351,NC
-0.3807073466626503,6735352,NC
-0.39575776687540865,6735353,NC
-0.37080815324322336,6735354,NC
-0.3758585057184034,6735355,NC
-0.3659088242532899,6735356,NC
-0.37595910880025607,6735357,NC
-0.3910093593117072,6735358,NC
-0.386059575740081,6735359,NC
-0.38110975803784725,6735360,NC
-0.3611599061575081,6735361,NC
-0.3612100200515981,6735362,NC
-0.37626009967268403,6735363,NC
-0.39131014497336525,6735364,NC
-0.3963601559062737,6735365,NC
-0.3964101324240736,6735366,NC
-0.37146007447946194,6735367,NC
-0.3765099820251683,6735368,NC
-0.38155985501395473,6735369,NC
-0.4116096933986163,6735370,NC
-0.4066594971319806,6735371,NC
-0.39670926616690805,6735372,NC
-0.3717590004562921,6735373,NC
-0.3718086999530589,6735374,NC
-0.38685836461016737,6735375,NC
-0.3969079943806099,6735376,NC
-0.4169575892174115,6735377,NC
-0.4020071490736303,6735378,NC
-0.3920566739023576,6735379,NC
-0.3771061636567179,6735380,NC
-0.38715561828986883,6735381,NC
-0.39220503775500126,6735382,NC
-0.40225442200533945,6735383,NC
-0.38730377099414076,6735384,NC
-0.3773530846746963,6735385,NC
-0.3724023630003301,6735386,NC
-0.3774516059244001,6735387,NC
-0.39250081340029747,6735388,NC
-0.4025499853814471,6735389,NC
-0.4025991218213074,6735390,NC
-0.38264822267337045,6735391,NC
-0.382697287891162,6735392,NC
-0.3927463174282415,6735393,NC
-0.39279531123820216,6735394,NC
-0.3928442692746711,6735395,NC
-0.4078931914913092,6735396,NC
-0.3729420778418113,6735397,NC
-0.37299092827990626,6735398,NC
-0.39303974275935666,6735399,NC
-0.39808852123395944,6735400,NC
-0.41813726365754544,6735401,NC
-0.3981859699839796,6735402,NC
-0.39323464016716114,6735403,NC
-0.3832832741610235,6735404,NC
-0.38833187191953417,6735405,NC
-0.3933804333966952,6735406,NC
-0.3834289585465428,6735407,NC
-0.3884774473231476,6735408,NC
-0.35852589968061477,6735409,NC
-0.3535743155730838,6735410,NC
-0.3586226949547287,6735411,NC
-0.3686710377797582,6735412,NC
-0.3737193440024154,6735413,NC
-0.3487676135769782,6735414,NC
-0.33881584645775925,6735415,NC
-0.32386404259910573,6735416,NC
-0.33391220195539983,6735417,NC
-0.3339603244810583,6735418,NC
-0.32400841013053283,6735419,NC
-0.31405645885831024,6735420,NC
-0.30410447061891194,6735421,NC
-0.29915244536689467,6735422,NC
-0.31920038305684995,6735423,NC
-0.33424828364340436,6735424,NC
-0.3492961470812199,6735425,NC
-0.33934397332499344,6735426,NC
-0.33439176232945717,6735427,NC
-0.3294395140493785,6735428,NC
-0.35448722843956015,6735429,NC
-0.36953490545484013,6735430,NC
-0.3595825450500918,6735431,NC
-0.3596301471802242,6735432,NC
-0.34967771180018137,6735433,NC
-0.3747252388649433,6735434,NC
-0.36977272832952524,6735435,NC
-0.3898201801489781,6735436,NC
-0.3948675942783885,6735437,NC
-0.39991497067287873,6735438,NC
-0.3999623092876067,6735439,NC
-0.38000961007776607,6735440,NC
-0.3900568729985863,6735441,NC
-0.4051040980053329,6735442,NC
-0.4051512850533071,6735443,NC
-0.40019843409784595,6735444,NC
-0.39024554509432274,6735445,NC
-0.3902926179981465,6735446,NC
-0.4053396527647625,6735447,NC
-0.4203866493496521,6735448,NC
-0.42043360770833266,6735449,NC
-0.4104805277963578,6735450,NC
-0.41552740956931744,6735451,NC
-0.4205742529828376,6735452,NC
-0.4356210579925809,6735453,NC
-0.4606678245542459,6735454,NC
-0.4557145526235678,6735455,NC
-0.4557612421563183,6735456,NC
-0.42580789310830547,6735457,NC
-0.4358545054353738,6735458,NC
-0.4359010790934045,6735459,NC
-0.4359476140383153,6735460,NC
-0.45099411022606056,6735461,NC
-0.4410405676126315,6735462,NC
-0.4310869861540557,6735463,NC
-0.42613336580639793,6735464,NC
-0.4411797065257595,6735465,NC
-0.4562260082682785,6735466,NC
-0.4612722709901303,6735467,NC
-0.45131849464752677,6735468,NC
-0.44136467919671707,6735469,NC
-0.43641082459398706,6735470,NC
-0.43145693079566,6735471,NC
-0.476502997758096,6735472,NC
-0.46654902543769244,6735473,NC
-0.45659501379088385,6735474,NC
-0.42164096277414204,6735475,NC
-0.41168687234397583,6735476,NC
-0.4117327424569317,6735477,NC
-0.4267785730695932,6735478,NC
-0.4368243641385815,6735479,NC
-0.421870115620555,6735480,NC
-0.41691582747220957,6735481,NC
-0.4119614996502788,6735482,NC
-0.4070071321115336,6735483,NC
-0.40205272481278265,6735484,NC
-0.41209827771087215,6735485,NC
-0.40214379076268597,6735486,NC
-0.3721892639251458,6735487,NC
-0.3522346971552109,6735488,NC
-0.3372800904098785,6735489,NC
-0.3123254436461837,6735490,NC
-0.26237075682119926,6735491,NC
-0.202416029892036,6735492,NC
-0.12746126281584277,6735493,NC
-0.10250645554980625,6735494,NC
-0.08755160805115125,6735495,NC
-0.12259672027714072,6735496,NC
-0.16264179218507557,6735497,NC
-0.21768682373229503,6735498,NC
-0.30273181487617645,6735499,NC
-0.3777767655741355,6735500,NC
-0.4178216757836259,6735501,NC
-0.41786654546214,6735502,NC
-0.3079113745672084,6735503,NC
-0.14795616305639997,6735504,NC
0.016999089112677758,6735505,NC
0.156954381982379,6735506,NC
0.25690971559501913,6735507,NC
0.3168650899928754,6735508,NC
0.3368205052181861,6735509,NC
0.3217759613131509,6735510,L
0.27673145831993096,6735511,NC
0.1816869962806487,6735512,NC
0.051642575237387585,6735513,NC
-0.08840180476780751,6735514,NC
-0.2134461436929307,6735515,NC
-0.3434904414960148,6735516,NC
-0.45853469813513187,6735517,NC
-0.5835789135683926,6735518,NC
-0.6786230877539468,6735519,NC
-0.7386672206499834,6735520,NC
-0.7537113122147303,6735521,NC
-0.7587553624064546,6735522,NC
-0.7537993711834625,6735523,NC
-0.7388433385040994,6735524,NC
-0.74888726432675,6735525,NC
-0.7239311486098384,6735526,NC
-0.6889749913118276,6735527,NC
-0.6340187923912203,6735528,NC
-0.5940625518065585,6735529,NC
-0.5491062695164237,6735530,NC
-0.5291499454794367,6735531,NC
-0.5141935796542582,6735532,NC
-0.5042371719995881,6735533,NC
-0.5042807224741657,6735534,NC
-0.4893242310367705,6735535,NC
-0.4743676976462212,6735536,NC
-0.48941112226137656,6735537,NC
-0.4994545048411349,6735538,NC
-0.4944978453444342,6735539,NC
-0.48454114373025253,6735540,NC
-0.4545843999576077,6735541,NC
-0.45462761398555734,6735542,NC
-0.45967078577319925,6735543,NC
-0.4597139152796709,6735544,NC
-0.4647570024641501,6735545,NC
-0.4648000472858545,6735546,NC
-0.439843049704042,6735547,NC
-0.44488600967801034,6735548,NC
-0.43492892716709786,6735549,NC
-0.4499718021306828,6735550,NC
-0.44501463452818374,6735551,NC
-0.4500574243190596,6735552,NC
-0.4001001714628095,6735553,NC
-0.40014287591897313,6735554,NC
-0.41018553764713034,6735555,NC
-0.41522815660690165,6735556,NC
-0.41027073275794795,6735557,NC
-0.40531326605997053,6735558,NC
-0.39035575647271153,6735559,NC
-0.3753982039559534,6735560,NC
-0.39044060846951933,6735561,NC
-0.3804829699732733,6735562,NC
-0.3755252884271198,6735563,NC
-0.36056756379100413,6735564,NC
-0.34560979602491243,6735565,NC
-0.3406519850888718,6735566,NC
-0.33569413094294975,6735567,NC
-0.3357362335472551,6735568,NC
-0.3357782928619376,6735569,NC
-0.3158203088471877,6735570,NC
-0.29586228146323706,6735571,NC
-0.2759042106703583,6735572,NC
-0.27094609642886525,6735573,NC
-0.2809879386991127,6735574,NC
-0.25102973744149676,6735575,NC
-0.23607149261645466,6735576,NC
-0.21611320418446486,6735577,NC
-0.19115487210604704,6735578,NC
-0.18619649634176239,6735579,NC
-0.18123807685221321,6735580,NC
-0.17127961359804333,6735581,NC
-0.136321106539938,6735582,NC
-0.11636255563862385,6735583,NC
-0.08640396085486904,6735584,NC
-0.08144532214948336,6735585,NC
-0.07648663948331803,6735586,NC
-0.07152791281726598,6735587,NC
-0.03656914211226172,6735588,NC
-0.0016103273292814926,6735589,NC
0.01834853157065682,6735590,NC
-0.0066925653735065704,6735591,NC
0.023266381877126888,6735592,NC
0.038225373361413864,6735593,NC
0.06818440911816917,6735594,NC
0.09314348918616576,6735595,NC
0.10810261360413448,6735596,NC
0.10806178241076442,6735597,NC
0.11302099564470251,6735598,NC
0.1179802533445537,6735599,NC
0.13293955554888076,6735600,NC
0.1578989022962045,6735601,NC
0.15785829362500342,6735602,NC
0.14781772957371386,6735603,NC
0.1327772101807299,6735604,NC
0.12273673548440353,6735605,NC
0.11769630552304415,6735606,NC
0.12765592033491902,6735607,NC
0.12261557995825306,6735608,NC
0.08257528443122851,6735609,NC
0.047535033791985426,6735610,NC
0.007494828078621271,6735611,NC
-0.017545332670808975,6735612,NC
-0.03258544841829301,6735613,NC
-0.0726255191258609,6735614,NC
-0.10766554475558558,6735615,NC
-0.13770552526958252,6735616,NC
-0.16774546063000995,6735617,NC
-0.18278535079906874,6735618,NC
-0.2178251957390026,6735619,NC
-0.24786499541209817,6735620,NC
-0.2679047497806847,6735621,NC
-0.2929444588071345,6735622,NC
-0.3179841224538627,6735623,NC
-0.29802374068332743,6735624,NC
-0.2980633134580297,6735625,NC
-0.3131028407405139,6735626,NC
-0.323142322493367,6735627,NC
-0.35318175867921925,6735628,NC
-0.3632211492607442,6735629,NC
-0.3582604942006584,6735630,NC
-0.3482997934617215,6735631,NC
-0.3583390470067367,6735632,NC
-0.3583782547985502,6735633,NC
-0.3934174168000515,6735634,NC
-0.3984565329741736,6735635,NC
-0.37349560328389286,6735636,NC
-0.3785346276922289,6735637,NC
-0.3685736061622449,6735638,NC
-0.3786125386570475,6735639,NC
-0.3986514251397869,6735640,NC
-0.40869026557365684,6735641,NC
-0.3837290599218945,6735642,NC
-0.3787678081477809,6735643,NC
-0.3738065102146405,6735644,NC
-0.38884516608584163,6735645,NC
-0.4038837757247962,6735646,NC
-0.4039223390949601,6735647,NC
-0.3889608561598328,6735648,NC
-0.3739993268829576,6735649,NC
-0.37903775122792177,6735650,NC
-0.3890761291583565,6735651,NC
-0.39911446063793665,6735652,NC
-0.39915274563038144,6735653,NC
-0.3941909840994538,6735654,NC
-0.3742291760089609,6735655,NC
-0.37926732132275365,6735656,NC
-0.3793054200047275,6735657,NC
-0.40434347201882165,6735658,NC
-0.40438147732901975,6735659,NC
-0.39441943589934947,6735660,NC
-0.37945734769388284,6735661,NC
-0.37449521267673613,6735662,NC
-0.37953303081206985,6735663,NC
-0.3895708020640889,6735664,NC
-0.4046085263970426,6735665,NC
-0.3946462037752246,6735666,NC
-0.37468383416297313,6735667,NC
-0.3647214175246707,6735668,NC
-0.38475895382474445,6735669,NC
-0.39479644302766603,6735670,NC
-0.39983388509795176,6735671,NC
-0.39487128000016236,6735672,NC
-0.37990862769890354,6735673,NC
-0.3749459281588252,6735674,NC
-0.3899831813446225,6735675,NC
-0.40502038722103484,6735676,NC
-0.41005754575284675,6735677,NC
-0.39509465690488743,6735678,NC
-0.36513172064203103,6735679,NC
-0.3701687369291964,6735680,NC
-0.38520570573134744,6735681,NC
-0.40024262701349284,6735682,NC
-0.4002795007406866,6735683,NC
-0.3903163268780273,6735684,NC
-0.3753531053906589,6735685,NC
-0.3803898362437703,6735686,NC
-0.38542651940259554,6735687,NC
-0.3904631548324138,6735688,NC
-0.4104997424985492,6735689,NC
-0.3905362823663716,6735690,NC
-0.38057277440129567,6735691,NC
-0.38060921856878144,6735692,NC
-0.38064561483433434,6735693,NC
-0.395681963163505,6735694,NC
-0.4007182635218896,6735695,NC
-0.39075451587512966,6735696,NC
-0.38579072018891203,6735697,NC
-0.36582687642896905,6735698,NC
-0.3958629845610787,6735699,NC
-0.3908990445510645,6735700,NC
-0.4059350563647952,6735701,NC
-0.38597101996818567,6735702,NC
-0.371006935327196,6735703,NC
-0.36604280240783205,6735704,NC
-0.3960786211761455,6735705,NC
-0.3861143915982337,6735706,NC
-0.39615011364023955,6735707,NC
-0.3911857872683522,6735708,NC
-0.38122141244880603,6735709,NC
-0.3762569891478818,6735710,NC
-0.3912925173319059,6735711,NC
-0.4013279969672506,6735712,NC
-0.40636342802033437,6735713,NC
-0.41139881045762133,6735714,NC
-0.376434144245622,6735715,NC
-0.3764694293508925,6735716,NC
-0.37150466574003543,6735717,NC
-0.38653985337969926,6735718,NC
-0.3765749922365787,6735719,NC
-0.3616100822774146,6735720,NC
-0.341645123468994,6735721,NC
-0.3266801157781503,6735722,NC
-0.3417150591717629,6735723,NC
-0.3417499536167578,6735724,NC
-0.35678479908010713,6735725,NC
-0.3368195955288295,6735726,NC
-0.3218543429299898,6735727,NC
-0.3068890412506995,6735728,NC
-0.3019236904581163,6735729,NC
-0.3069582905194446,6735730,NC
-0.30199284140193516,6735731,NC
-0.2970273430728855,6735732,NC
-0.2870617954996394,6735733,NC
-0.3020961986495876,6735734,NC
-0.30713055249016713,6735735,NC
-0.31716485698886204,6735736,NC
-0.3271991121132028,6735737,NC
-0.32223331783076675,6735738,NC
-0.327267474109178,6735739,NC
-0.32230158091610744,6735740,NC
-0.33233563821927276,6735741,NC
-0.3473696459864384,6735742,NC
-0.36240360418541595,6735743,NC
-0.35743751278406377,6735744,NC
-0.35247137175028703,6735745,NC
-0.34750518105203815,6735746,NC
-0.3625389406573164,6735747,NC
-0.357572650534168,6735748,NC
-0.37260631065068645,6735749,NC
-0.3726399209750122,6735750,NC
-0.3676734814753329,6735751,NC
-0.38270699211988335,6735752,NC
-0.37274045287694546,6735753,NC
-0.4027738637148484,6735754,NC
-0.4128072246019688,6735755,NC
-0.40784053550673016,6735756,NC
-0.40287379639760357,6735757,NC
-0.39790700724310746,6735758,NC
-0.40794016801180744,6735759,NC
-0.4129732786723168,6735760,NC
-0.423006339193296,6735761,NC
-0.41803934954345306,6735762,NC
-0.41307230969154346,6735763,NC
-0.39810521960637024,6735764,NC
-0.41313807925678403,6735765,NC
-0.42817088861168295,6735766,NC
-0.4332036476400126,6735767,NC
-0.4282363563107666,6735768,NC
-0.4132690145929858,6735769,NC
-0.408301622455759,6735770,NC
-0.4333341798682227,6735771,NC
-0.4333666867995611,6735772,NC
-0.4233991432190061,6735773,NC
-0.4234315490958377,6735774,NC
-0.4034639043993833,6735775,NC
-0.4084962090990185,6735776,NC
-0.4285284631641668,6735777,NC
-0.4385606665642995,6735778,NC
-0.44859281926893574,6735779,NC
-0.42862492124764295,6735780,NC
-0.41365697247003635,6735781,NC
-0.3986889729057792,6735782,NC
-0.4237209225245831,6735783,NC
-0.4187528212962073,6735784,NC
-0.42378466919045954,6735785,NC
-0.4088164661771956,6735786,NC
-0.4088482122263194,6735787,NC
-0.39887990730778317,6735788,NC
-0.40391155139158724,6735789,NC
-0.40894314444778035,6735790,NC
-0.41397468644645946,6735791,NC
-0.38900617735776993,6735792,NC
-0.3640376171519053,6735793,NC
-0.3390690057991077,6735794,NC
-0.3191003432696676,6735795,NC
-0.2991316295339238,6735796,NC
-0.2391628645622638,6735797,NC
-0.18919404832512335,6735798,NC
-0.12922518079298684,6735799,NC
-0.08925626193638728,6735800,NC
-0.09928729172590603,6735801,NC
-0.11931827013217336,6735802,NC
-0.15934919712586793,6735803,NC
-0.2093800726777172,6735804,NC
-0.28941089675849724,6735805,NC
-0.3744416693390329,6735806,NC
-0.42947239039019763,6735807,NC
-0.394503059882914,6735808,NC
-0.3145336777881529,6735809,NC
-0.17956424407693447,6735810,NC
-0.03459475872032747,6735811,NC
0.10037477831055044,6735812,NC
0.20534436704453257,6735813,NC
0.23531400751040338,6735814,NC
0.24528369973689837,6735815,NC
0.2252534437527041,6735816,L
0.15522323958645787,6735817,NC
0.04019308726674829,6735818,NC
-0.08483701317788539,6735819,NC
-0.2148670617189529,6735820,NC
-0.30489705832801306,6735821,NC
-0.404927002976674,6735822,NC
-0.47995689563659283,6735823,NC
-0.5799867362794761,6735824,NC
-0.6850165248770792,6735825,NC
-0.7500462614012072,6735826,NC
-0.8050759458237144,6735827,NC
-0.7901055781165043,6735828,NC
-0.7751351582515296,6735829,NC
-0.7551646862007925,6735830,NC
-0.7201941619363449,6735831,NC
-0.6902235854302875,6735832,NC
-0.6452529566547709,6735833,NC
-0.5802822755819952,6735834,NC
-0.5203115421842097,6735835,NC
-0.48534075643371344,6735836,NC
-0.48036991830285497,6735837,NC
-0.46539902776403236,6735838,NC
-0.46542808478969333,6735839,NC
-0.4454570893523353,6735840,NC
-0.4404860414245052,6735841,NC
-0.44051494097879973,6735842,NC
-0.4405437879878653,6735843,NC
-0.4605725824243981,6735844,NC
-0.45060132426114385,6735845,NC
-0.44063001347089836,6735846,NC
-0.40065865002650713,6735847,NC
-0.39568723390086546,6735848,NC
-0.39571576506691847,6735849,NC
-0.4157442434976613,6735850,NC
-0.41077266916613897,6735851,NC
-0.39080104204544647,6735852,NC
-0.3708293621087285,6735853,NC
-0.36585762932918003,6735854,NC
-0.3758858436800461,6735855,NC
-0.3859140051346215,6735856,NC
-0.4009421136662512,6735857,NC
-0.3859701692483305,6735858,NC
-0.36599817185430444,6735859,NC
-0.36102612145766855,6735860,NC
-0.3610540180319682,6735861,NC
-0.3710818615507992,6735862,NC
-0.3761096519878075,6735863,NC
-0.33613738931668924,6735864,NC
-0.31616507351119083,6735865,NC
-0.31119270454510906,6735866,NC
-0.31622028239229105,6735867,NC
-0.3012478070266341,6735868,NC
-0.3162752784220861,6735869,NC
-0.29130269655264507,6735870,NC
-0.2663300613923596,6735871,NC
-0.2713573729153288,6735872,NC
-0.2613846310957021,6735873,NC
-0.2614118359076794,6735874,NC
-0.2664389873255113,6735875,NC
-0.24646608532349873,6735876,NC
-0.23649312987599327,6735877,NC
-0.22652012095739713,6735878,NC
-0.20654705854216307,6735879,NC
-0.2115739426047945,6735880,NC
-0.2166007731198455,6735881,NC
-0.1966275500619208,6735882,NC
-0.15665427340567592,6735883,NC
-0.14168094312581697,6735884,NC
-0.12670755919710094,6735885,NC
-0.13673412159433557,6735886,NC
-0.12176063029237938,6735887,NC
-0.09178708526614174,6735888,NC
-0.07181348649058279,6735889,NC
-0.05683983394071369,6735890,NC
-0.041866127591596386,6735891,NC
-0.03189236741834378,6735892,NC
-0.026918553396119725,6735893,NC
-0.001944685500139022,6735894,NC
0.023029236294332553,6735895,NC
0.03300321201197811,6735896,NC
0.04297724167742985,6735897,NC
0.03295132531526881,6735898,NC
0.052925462950025016,6735899,NC
0.07789965460617734,6735900,NC
0.10787390030815358,6735901,NC
0.12284820008033023,6735902,NC
0.1228225539470328,6735903,NC
0.1077969619325355,6735904,NC
0.11777142406106128,6735905,NC
0.132745940356782,6735906,NC
0.147720510843818,6735907,NC
0.14269513554623858,6735908,NC
0.12766981448806153,6735909,NC
0.11764454769325342,6735910,NC
0.11261933518572945,6735911,NC
0.10759417698935339,6735912,NC
0.12756907312793764,6735913,NC
0.10754402362524311,6735914,NC
0.07751902850497935,6735915,NC
0.04249408779080438,6735916,NC
0.007469201506324734,6735917,NC
-0.00255563032490453,6735918,NC
-0.01758040767937999,6735919,NC
-0.03760513053364971,6735920,NC
-0.06262979886431334,6735921,NC
-0.10265441264802216,6735922,NC
-0.12267897186147911,6735923,NC
-0.14770347648143867,6735924,NC
-0.15272792648470715,6735925,NC
-0.17275232184814243,6735926,NC
-0.1977766625486542,6735927,NC
-0.21280094856320375,6735928,NC
-0.23282517986880424,6735929,NC
-0.2478493564425207,6735930,NC
-0.2328734782614697,6735931,NC
-0.2378975453028199,6735932,NC
-0.2479215575437917,6735933,NC
-0.2879455149616573,6735934,NC
-0.2779694175337409,6735935,NC
-0.2729932652374185,6735936,NC
-0.2730170580501183,6735937,NC
-0.26804079594932,6735938,NC
-0.2880644789125557,6735939,NC
-0.30808810691740934,6735940,NC
-0.3031116799415168,6735941,NC
-0.30313519796256605,6735942,NC
-0.3031586609582972,6735943,NC
-0.2881820689065024,6735944,NC
-0.3032054217850258,6735945,NC
-0.3182287195717638,6735946,NC
-0.32325196224466496,6735947,NC
-0.3032751497817298,6735948,NC
-0.29329828216101134,6735949,NC
-0.2883213593606146,6735950,NC
-0.2933443813586968,6735951,NC
-0.31336734813346756,6735952,NC
-0.3283902596631887,6735953,NC
-0.31841311592617416,6735954,NC
-0.30343591690079047,6735955,NC
-0.28345866256545643,6735956,NC
-0.298481352898643,6735957,NC
-0.30850398787887373,6735958,NC
-0.3085265674847244,6735959,NC
-0.31854909169482337,6735960,NC
-0.2985715604878513,6735961,NC
-0.29359397384254127,6735962,NC
-0.29361633173767904,6735963,NC
-0.29863863415210257,6735964,NC
-0.30866088106470263,6735965,NC
-0.3086830724544223,6735966,NC
-0.29370520830025726,6735967,NC
-0.3037272885812559,6735968,NC
-0.3087493132765191,6735969,NC
-0.30377128236520023,6735970,NC
-0.3087931958265055,6735971,NC
-0.3038150536396937,6735972,NC
-0.2938368557840762,6735973,NC
-0.2938586022390173,6735974,NC
-0.28888029298393364,6735975,NC
-0.3039019279982949,6735976,NC
-0.31892350726162344,6735977,NC
-0.3089450307534943,6735978,NC
-0.2839664984535354,6735979,NC
-0.28398791034142734,6735980,NC
-0.28900926639690383,6735981,NC
-0.299030566599751,6735982,NC
-0.30905181092980827,6735983,NC
-0.32407299936696765,6735984,NC
-0.3190941318911742,6735985,NC
-0.2991152084824258,6735986,NC
-0.2941362291207734,6735987,NC
-0.3091571937863208,6735988,NC
-0.31917810245922484,6735989,NC
-0.2991989551196953,6735990,NC
-0.30421975174799504,6735991,NC
-0.3042404923244399,6735992,NC
-0.3142611768293988,6735993,NC
-0.3242818052432938,6735994,NC
-0.32430237754659985,6735995,NC
-0.31932289371984524,6735996,NC
-0.3143433537436113,6735997,NC
-0.3043637575985324,6735998,NC
-0.3343841052652962,6735999,NC
-0.3394043967246436,6736000,NC
-0.3344246319573685,6736001,NC
-0.31944481094431815,6736002,NC
-0.30446493366639305,6736003,NC
-0.3194850001045469,6736004,NC
-0.3195050102397867,6736005,NC
-0.3295249640531728,6736006,NC
-0.33454486152581864,6736007,NC
-0.3395647026388913,6736008,NC
-0.31958448737361095,6736009,NC
-0.32460421571125125,6736010,NC
-0.3246238876331392,6736011,NC
-0.3396435031206552,6736012,NC
-0.3496630621552331,6736013,NC
-0.3546825647183601,6736014,NC
-0.339702010791577,6736015,NC
-0.3397214003564779,6736016,NC
-0.34974073339471046,6736017,NC
-0.35976000988797585,6736018,NC
-0.3497792298180288,6736019,NC
-0.34979839316667743,6736020,NC
-0.3298174999157837,6736021,NC
-0.3298365500472627,6736022,NC
-0.32485554354308355,6736023,NC
-0.32987448038526873,6736024,NC
-0.3398933605558944,6736025,NC
-0.3349121840370904,6736026,NC
-0.33493095081104013,6736027,NC
-0.3149496608599807,6736028,NC
-0.3399683141662031,6736029,NC
-0.3549869107120517,6736030,NC
-0.34500545047992476,6736031,NC
-0.34002393345227444,6736032,NC
-0.3150423596116063,6736033,NC
-0.32506072894048005,6736034,NC
-0.3200790414215088,6736035,NC
-0.32009729703735984,6736036,NC
-0.30511549577075403,6736037,NC
-0.3001336376044662,6736038,NC
-0.270151722521325,6736039,NC
-0.270169750504213,6736040,NC
-0.2651877215360664,6736041,NC
-0.28020563559987577,6736042,NC
-0.28522349267868513,6736043,NC
-0.26024129275559277,6736044,NC
-0.24025903581375077,6736045,NC
-0.23527672183636522,6736046,NC
-0.2352943508066962,6736047,NC
-0.25531192270805775,6736048,NC
-0.255329437523818,6736049,NC
-0.24034689523739902,6736050,NC
-0.23036429583227705,6736051,NC
-0.24038163929198225,6736052,NC
-0.25039892560009896,6736053,NC
-0.28041615474026566,6736054,NC
-0.2854333266961747,6736055,NC
-0.2754504414515728,6736056,NC
-0.26546749899026084,6736057,NC
-0.27048449929609364,6736058,NC
-0.2805014423529803,6736059,NC
-0.30551832814488417,6736060,NC
-0.3205351566558227,6736061,NC
-0.3055519278698676,6736062,NC
-0.3105686417711449,6736063,NC
-0.32058529834383476,6736064,NC
-0.3256018975721715,6736065,NC
-0.34561843944044396,6736066,NC
-0.33063492393299526,6736067,NC
-0.33565135103422256,6736068,NC
-0.3156677207285775,6736069,NC
-0.32068403300056625,6736070,NC
-0.32070028783474896,6736071,NC
-0.3457164852157404,6736072,NC
-0.35073262512820963,6736073,NC
-0.3457487075568802,6736074,NC
-0.3507647324865299,6736075,NC
-0.3407806999019911,6736076,NC
-0.35079660978815047,6736077,NC
-0.37081246212994934,6736078,NC
-0.3458282569123832,6736079,NC
-0.3608439941205024,6736080,NC
-0.3408596737394114,6736081,NC
-0.35087529575426935,6736082,NC
-0.36089086015029,6736083,NC
-0.36590636691274153,6736084,NC
-0.3759218160269467,6736085,NC
-0.3609372074782828,6736086,NC
-0.3609525412521818,6736087,NC
-0.34596781733413,6736088,NC
-0.3609830357096688,6736089,NC
-0.3859981963643937,6736090,NC
-0.38101329928395505,6736091,NC
-0.3760283444540579,6736092,NC
-0.37604333186046196,6736093,NC
-0.3560582614889814,6736094,NC
-0.3710731333254854,6736095,NC
-0.38108794735589757,6736096,NC
-0.3811027035661964,6736097,NC
-0.36111740194241504,6736098,NC
-0.35113204247064134,6736099,NC
-0.356146625137018,6736100,NC
-0.3461611499277424,6736101,NC
-0.3611756168290668,6736102,NC
-0.3811900258272981,6736103,NC
-0.3612043769087982,6736104,NC
-0.3612186700599836,6736105,NC
-0.34123290526732586,6736106,NC
-0.35624708251735115,6736107,NC
-0.36626120179664073,6736108,NC
-0.36127526309183056,6736109,NC
-0.3462892663896115,6736110,NC
-0.3413032116767295,6736111,NC
-0.346317098939985,6736112,NC
-0.3413309281662339,6736113,NC
-0.36634469934238656,6736114,NC
-0.37135841245540857,6736115,NC
-0.3563720674923203,6736116,NC
-0.3363856644401973,6736117,NC
-0.3163992032861699,6736118,NC
-0.33641268401742347,6736119,NC
-0.3314261066211985,6736120,NC
-0.3114394710847903,6736121,NC
-0.28145277739554947,6736122,NC
-0.2314660255408814,6736123,NC
-0.2064792155082466,6736124,NC
-0.15649234728516084,6736125,NC
-0.11650542085919471,6736126,NC
-0.071518436217974,6736127,NC
-0.036531393349179604,6736128,NC
-0.03654429224054752,6736129,NC
-0.026557132879868862,6736130,NC
-0.08156991525498991,6736131,NC
-0.15658263935381203,6736132,NC
-0.25659530516429185,6736133,NC
-0.331607912674441,6736134,NC
-0.37162046187232645,6736135,NC
-0.3516329527460703,6736136,NC
-0.29164538528385,6736137,NC
-0.21165775947389784,6736138,NC
-0.10667007530450172,6736139,NC
0.02331766723599541,6736140,NC
0.1433054681591953,6736141,NC
0.25329332747664446,6736142,NC
0.2932812451998341,6736143,NC
0.2782692213402002,6736144,L
0.23325725590912338,6736145,NC
0.15324534891792901,6736146,NC
0.04823350037788715,6736147,NC
-0.06677828969978751,6736148,NC
-0.18179002130393557,6736149,NC
-0.31180169442345307,6736150,NC
-0.4068133090472912,6736151,NC
-0.5068248651644568,6736152,NC
-0.6018363627640118,6736153,NC
-0.6618478018350736,6736154,NC
-0.7218591823668153,6736155,NC
-0.741870504348465,6736156,NC
-0.7468817677693065,6736157,NC
-0.7218929726186786,6736158,NC
-0.676904118885976,6736159,NC
-0.6269152065606488,6736160,NC
-0.5819262356322025,6736161,NC
-0.5519372060901977,6736162,NC
-0.5069481179242511,6736163,NC
-0.4669589711240345,6736164,NC
-0.42696976567927514,6736165,NC
-0.40198050157975607,6736166,NC
-0.38199117881531564,6736167,NC
-0.3920017973758478,6736168,NC
-0.40201235725130197,6736169,NC
-0.3770228584316832,6736170,NC
-0.35203330090705204,6736171,NC
-0.3470436846675246,6736172,NC
-0.36205400970327273,6736173,NC
-0.36206427600452357,6736174,NC
-0.34707448356156,6736175,NC
-0.34208463236472064,6736176,NC
-0.32709472240439946,6736177,NC
-0.31710475367104624,6736178,NC
-0.3171147261551663,6736179,NC
-0.3271246398473206,6736180,NC
-0.3321344947381258,6736181,NC
-0.33214429081825414,6736182,NC
-0.33215402807843364,6736183,NC
-0.3171637065094479,6736184,NC
-0.3271733261021363,6736185,NC
-0.33218288684739367,6736186,NC
-0.3171923887361708,6736187,NC
-0.30220183175947407,6736188,NC
-0.2872112159083657,6736189,NC
-0.2772205411739634,6736190,NC
-0.2672298075474408,6736191,NC
-0.27223901502002723,6736192,NC
-0.2722481635830078,6736193,NC
-0.2472572532277233,6736194,NC
-0.2422662839455703,6736195,NC
-0.2272752557280012,6736196,NC
-0.21728416856652413,6736197,NC
-0.22229302245270308,6736198,NC
-0.23730181737815773,6736199,NC
-0.2223105533345637,6736200,NC
-0.19231923031365233,6736201,NC
-0.19732784830721078,6736202,NC
-0.17733640730708208,6736203,NC
-0.16734490730516507,6736204,NC
-0.16735334829341447,6736205,NC
-0.14236173026384086,6736206,NC
-0.11237005320851062,6736207,NC
-0.09737831711954603,6736208,NC
-0.08738652198912526,6736209,NC
-0.09239466780948236,6736210,NC
-0.10240275457290722,6736211,NC
-0.07741078227174569,6736212,NC
-0.027418750898399548,6736213,NC
-0.03242666044532639,6736214,NC
-0.02243451090503979,6736215,NC
-0.0024423022701092548,6736216,NC
0.007549965466839809,6736217,NC
0.03254229231312602,6736218,NC
0.05753467827601206,6736219,NC
0.09252712336270469,6736220,NC
0.08751962758035464,6736221,NC
0.09251219093605675,6736222,NC
0.08750481343684985,6736223,NC
0.10749749508971676,6736224,NC
0.14249023590158433,6736225,NC
0.1474830358793235,6736226,NC
0.157475895029749,6736227,NC
0.16246881335961985,6736228,NC
0.16746179087563878,6736229,NC
0.19245482758445265,6736230,NC
0.2074479234926523,6736231,NC
0.21744107860677242,6736232,NC
0.21743429293329175,6736233,NC
0.22742756647863294,6736234,NC
0.2174208992491628,6736235,NC
0.2224142912511916,6736236,NC
0.23740774249097416,6736237,NC
0.24740125297470875,6736238,NC
0.23739482270853773,6736239,NC
0.2173884516985475,6736240,NC
0.19738213995076814,6736241,NC
0.17237588747117377,6736242,NC
0.1723696942656825,6736243,NC
0.15236356034015613,6736244,NC
0.1323574857004005,6736245,NC
0.08735147035216528,6736246,NC
0.05234551430114408,6736247,NC
0.02233961755297427,6736248,NC
0.007333780113237209,6736249,NC
-0.0026719980125419623,6736250,NC
-0.0476777168188942,6736251,NC
-0.0826833763004066,6736252,NC
-0.11268897645172246,6736253,NC
-0.11769451726754118,6736254,NC
-0.11769999874261838,6736255,NC
-0.13770542087176577,6736256,NC
-0.1477107836498513,6736257,NC
-0.17271608707179903,6736258,NC
-0.17772133113258926,6736259,NC
-0.19772651582725848,6736260,NC
-0.1977316411508993,6736261,NC
-0.17273670709866062,6736262,NC
-0.19274171366574747,6736263,NC
-0.20774666084742105,6736264,NC
-0.2227515486389989,6736265,NC
-0.22275637703585466,6736266,NC
-0.22276114603341823,6736267,NC
-0.2127658556271757,6736268,NC
-0.2027705058126695,6736269,NC
-0.22277509658549807,6736270,NC
-0.2327796279413163,6736271,NC
-0.23278409987583523,6736272,NC
-0.2127885123848221,6736273,NC
-0.20779286546410047,6736274,NC
-0.21779715910955016,6736275,NC
-0.2328013933171072,6736276,NC
-0.2428055680827638,6736277,NC
-0.2428096834025686,6736278,NC
-0.24281373927262642,6736279,NC
-0.21781773568909835,6736280,NC
-0.23782167264820173,6736281,NC
-0.23782555014621024,6736282,NC
-0.24782936817945378,6736283,NC
-0.2328331267443186,6736284,NC
-0.22283682583724712,6736285,NC
-0.21784046545473817,6736286,NC
-0.22784404559334687,6736287,NC
-0.23784756624968448,6736288,NC
-0.2478510274204188,6736289,NC
-0.24285442910227376,6736290,NC
-0.22285777129202966,6736291,NC
-0.2278610539865231,6736292,NC
-0.22786427718264696,6736293,NC
-0.24286744087735046,6736294,NC
-0.2578705450676392,6736295,NC
-0.237873589750575,6736296,NC
-0.21787657492327606,6736297,NC
-0.21287950058291688,6736298,NC
-0.22288236672672834,6736299,NC
-0.2428851733519976,6736300,NC
-0.24788792045606817,6736301,NC
-0.23289060803633993,6736302,NC
-0.24289323609026897,6736303,NC
-0.22289580461536795,6736304,NC
-0.22289831360920567,6736305,NC
-0.23790076306940736,6736306,NC
-0.24290315299365461,6736307,NC
-0.23290548337968536,6736308,NC
-0.2229077542252938,6736309,NC
-0.22290996552833064,6736310,NC
-0.23791211728670283,6736311,NC
-0.2529142094983738,6736312,NC
-0.2529162421613631,6736313,NC
-0.24291821527374696,6736314,NC
-0.23292012883365776,6736315,NC
-0.23792198283928423,6736316,NC
-0.24792377728887166,6736317,NC
-0.2629255121807216,6736318,NC
-0.25292718751319176,6736319,NC
-0.23792880328469665,6736320,NC
-0.23293035949370688,6736321,NC
-0.2379318561387494,6736322,NC
-0.23293329321840778,6736323,NC
-0.26293467073132165,6736324,NC
-0.2679359886761873,6736325,NC
-0.25293724705175724,6736326,NC
-0.24293844585684038,6736327,NC
-0.23293958509030213,6736328,NC
-0.23294066475106412,6736329,NC
-0.2679416848381045,6736330,NC
-0.2679426453504577,6736331,NC
-0.26294354628721467,6736332,NC
-0.24794438764752258,6736333,NC
-0.2529451694305851,6736334,NC
-0.24794589163566227,6736335,NC
-0.2629465542620706,6736336,NC
-0.2579471573091827,6736337,NC
-0.26794770077642804,6736338,NC
-0.23794818466329204,6736339,NC
-0.23294860896931685,6736340,NC
-0.2529489736941007,6736341,NC
-0.25294927883729845,6736342,NC
-0.2579495243986213,6736343,NC
-0.2479497103778368,6736344,NC
-0.24294983677476892,6736345,NC
-0.23294990358929804,6736346,NC
-0.2429499108213609,6736347,NC
-0.25794985847095064,6736348,NC
-0.2679497465381169,6736349,NC
-0.2829495750229655,6736350,NC
-0.2529493439256589,6736351,NC
-0.2479490532464157,6736352,NC
-0.25794870298551115,6736353,NC
-0.2629482931432767,6736354,NC
-0.25294782372010033,6736355,NC
-0.2579472947164263,6736356,NC
-0.23794670613275531,6736357,NC
-0.2229460579696445,6736358,NC
-0.24294535022770736,6736359,NC
-0.24794458290761373,6736360,NC
-0.2529437560100899,6736361,NC
-0.23294286953591858,6736362,NC
-0.21794192348593874,6736363,NC
-0.20794091786104585,6736364,NC
-0.20793985266219178,6736365,NC
-0.22293872789038477,6736366,NC
-0.21793754354668932,6736367,NC
-0.1979362996322265,6736368,NC
-0.18293499614817366,6736369,NC
-0.17293363309576454,6736370,NC
-0.17793221047628927,6736371,NC
-0.19293072829109442,6736372,NC
-0.1929291865415828,6736373,NC
-0.18292758522921382,6736374,NC
-0.177925924355503,6736375,NC
-0.17792420392202243,6736376,NC
-0.2079224239304005,6736377,NC
-0.20792058438232197,6736378,NC
-0.21791868527952804,6736379,NC
-0.21791672662381614,6736380,NC
-0.20791470841704018,6736381,NC
-0.20791263066111046,6736382,NC
-0.22791049335799352,6736383,NC
-0.24790829650971236,6736384,NC
-0.24290604011834627,6736385,NC
-0.24790372418603102,6736386,NC
-0.23790134871495855,6736387,NC
-0.24789891370737735,6736388,NC
-0.24289641916559213,6736389,NC
-0.257893865091964,6736390,NC
-0.27289125148891036,6736391,NC
-0.26288857835890506,6736392,NC
-0.2578858457044782,6736393,NC
-0.2528830535282163,6736394,NC
-0.26288020183276206,6736395,NC
-0.2778772906208148,6736396,NC
-0.28287431989512984,6736397,NC
-0.2778712896585191,6736398,NC
-0.27786819991385064,6736399,NC
-0.28286505066404893,6736400,NC
-0.28786184191209485,6736401,NC
-0.29785857366102536,6736402,NC
-0.307855245913934,6736403,NC
-0.28285185867397045,6736404,NC
-0.29284841194434075,6736405,NC
-0.28784490572830723,6736406,NC
-0.3028413400291886,6736407,NC
-0.30783771485035977,6736408,NC
-0.32783403019525204,6736409,NC
-0.3028302860673529,6736410,NC
-0.29282648247020626,6736411,NC
-0.28782261940741216,6736412,NC
-0.29281869688262707,6736413,NC
-0.3128147148995637,6736414,NC
-0.322810673461991,6736415,NC
-0.30780657257373417,6736416,NC
-0.2928024122386748,6736417,NC
-0.28279819246075066,6736418,NC
-0.2977939132439557,6736419,NC
-0.30778957459234035,6736420,NC
-0.31278517651001114,6736421,NC
-0.3027807190011308,6736422,NC
-0.3027762020699185,6736423,NC
-0.29277162572064946,6736424,NC
-0.29776698995765527,6736425,NC
-0.3077622947853237,6736426,NC
-0.31275754020809876,6736427,NC
-0.3127527262304806,6736428,NC
-0.29274785285702587,6736429,NC
-0.28774292009234703,6736430,NC
-0.31273792794111316,6736431,NC
-0.31773287640804926,6736432,NC
-0.32772776549793664,6736433,NC
-0.3077225952156128,6736434,NC
-0.2927173655659715,6736435,NC
-0.2877120765539626,6736436,NC
-0.30270672818459216,6736437,NC
-0.3027013204629225,6736438,NC
-0.302695853394072,6736439,NC
-0.3026903269832153,6736440,NC
-0.2726847412355832,6736441,NC
-0.2626790961564626,6736442,NC
-0.2526733917511967,6736443,NC
-0.2476676280251846,6736444,NC
-0.22266180498388183,6736445,NC
-0.1776559226327999,6736446,NC
-0.12764998097750643,6736447,NC
-0.07764398002362531,6736448,NC
-0.027637919776836453,6736449,NC
0.012368199757124068,6736450,NC
0.0323743785724641,6736451,NC
0.03738061666333535,6736452,NC
0.037386914023833415,6736453,NC
-0.017606729352002193,6736454,NC
-0.11260031347018803,6736455,NC
-0.2175938383367968,6736456,NC
-0.30258730395795724,6736457,NC
-0.3325807103398542,6736458,NC
-0.29757405748872856,6736459,NC
-0.20256734541087726,6736460,NC
-0.10256057411265335,6736461,NC
-0.002553743600465924,6736462,NC
0.11745314611921992,6736463,NC
0.22746009503988301,6736464,NC
0.3074671031549462,6736465,NC
0.3474741704577762,6736466,NC
0.31748129694168375,6736467,L
0.25748848259992363,6736468,NC
0.13749572742569463,6736469,NC
0.017503031412139373,6736470,NC
-0.06748960544765537,6736471,NC
-0.1824821831606588,6736472,NC
-0.27747470173389627,6736473,NC
-0.3774671611744489,6736474,NC
-0.46745956148945395,6736475,NC
-0.5624519026861045,6736476,NC
-0.6124441847716496,6736477,NC
-0.6524364077533944,6736478,NC
-0.6874285716387,6736479,NC
-0.7024206764349831,6736480,NC
-0.6824127221497167,6736481,NC
-0.6474047087904296,6736482,NC
-0.5923966363647064,6736483,NC
-0.5673885048801877,6736484,NC
-0.5073803143445701,6736485,NC
-0.4573720647656058,6736486,NC
-0.4173637561511033,6736487,NC
-0.3873553885089267,6736488,NC
-0.34734696184699587,6736489,NC
-0.33733847617328694,6736490,NC
-0.32732993149583145,6736491,NC
-0.3373213278227171,6736492,NC
-0.3323126651620873,6736493,NC
-0.3223039435221412,6736494,NC
-0.30229516291113406,6736495,NC
-0.30228632333737665,6736496,NC
-0.31227742480923576,6736497,NC
-0.32226846733513387,6736498,NC
-0.3222594509235493,6736499,NC
-0.30725037558301604,6736500,NC
-0.28224124132212414,6736501,NC
-0.27223204814951907,6736502,NC
-0.2722227960739023,6736503,NC
-0.282213485104031,6736504,NC
-0.28220411524871797,6736505,NC
-0.2721946865168319,6736506,NC
-0.2621851989172971,6736507,NC
-0.24717565245909368,6736508,NC
-0.24716604715125742,6736509,NC
-0.2721563830028798,6736510,NC
-0.262146660023108,6736511,NC
-0.26213687822114484,6736512,NC
-0.23212703760624886,6736513,NC
-0.2271171381877343,6736514,NC
-0.227107179974971,6736515,NC
-0.22709716297738447,6736516,NC
-0.24708708720445588,6736517,NC
-0.21707695266572197,6736518,NC
-0.20206675937077517,6736519,NC
-0.18705650732926346,6736520,NC
-0.1720461965508905,6736521,NC
-0.18703582704541552,6736522,NC
-0.1620253988226533,6736523,NC
-0.15701491189247416,6736524,NC
-0.12200436626480413,6736525,NC
-0.10699376194962465,6736526,NC
-0.10698309895697279,6736527,NC
-0.10697237729694115,6736528,NC
-0.09696159697967784,6736529,NC
-0.07695075801538648,6736530,NC
-0.06693986041432622,6736531,NC
-0.03192890418681172,6736532,NC
-0.0419178893432131,6736533,NC
-0.05190681589395598,6736534,NC
-0.03689568384952147,6736535,NC
-0.011884493220446081,6736536,NC
0.028126755982678157,6736537,NC
0.03813806374920383,6736538,NC
0.05814943006842804,6736539,NC
0.04816085492959254,6736540,NC
0.05317233832188361,6736541,NC
0.07818388023443212,6736542,NC
0.09819548065631362,6736543,NC
0.12320713957654819,6736544,NC
0.12821885698410063,6736545,NC
0.12323063286788036,6736546,NC
0.1282424672167414,6736547,NC
0.15325436001948248,6736548,NC
0.17326631126484698,6736549,NC
0.18827832094152303,6736550,NC
0.19329038903814327,6736551,NC
0.1833025155432853,6736552,NC
0.16831470044547125,6736553,NC
0.19832694373316806,6736554,NC
0.20833924539478738,6736555,NC
0.21835160541868562,6736556,NC
0.21336402379316388,6736557,NC
0.19837650050646813,6736558,NC
0.19338903554678913,6736559,NC
0.19340162890226234,6736560,NC
0.1984142805609681,6736561,NC
0.1884269905109315,6736562,NC
0.1534397587401225,6736563,NC
0.11345258523645596,6736564,NC
0.07846546998779147,6736565,NC
0.06347841298193352,6736566,NC
0.06349141420663151,6736567,NC
0.033504473649579716,6736568,NC
-0.001482408701582734,6736569,NC
-0.046469232859271764,6736570,NC
-0.09645599883595837,6736571,NC
-0.09144270664416866,6736572,NC
-0.10642935629648377,6736573,NC
-0.11141594780553987,6736574,NC
-0.1314024811840282,6736575,NC
-0.156388956444695,6736576,NC
-0.18637537360034148,6736577,NC
-0.19636173266382395,6736578,NC
-0.18634803364805355,6736579,NC
-0.20133427656599656,6736580,NC
-0.2163204614306741,6736581,NC
-0.2413065882551623,6736582,NC
-0.2512926570525922,6736583,NC
-0.2612786678361498,6736584,NC
-0.2612646206190759,6736585,NC
-0.2512505154146663,6736586,NC
-0.2562363522362717,6736587,NC
-0.28122213109729766,6736588,NC
-0.28120785201120446,6736589,NC
-0.28619351499150747,6736590,NC
-0.2761791200517767,6736591,NC
-0.27616466720563704,6736592,NC
-0.2811501564667682,6736593,NC
-0.3011355878489047,6736594,NC
-0.3011209613658359,6736595,NC
-0.2911062770314057,6736596,NC
-0.286091534859513,6736597,NC
-0.27607673486411133,6736598,NC
-0.296061877059209,6736599,NC
-0.311046961458869,6736600,NC
-0.2960319880772091,6736601,NC
-0.3160169569284016,6736602,NC
-0.30100186802667356,6736603,NC
-0.2909867213863068,6736604,NC
-0.30097151702163766,6736605,NC
-0.3209562549470572,6736606,NC
-0.33094093517701106,6736607,NC
-0.3159255577259994,6736608,NC
-0.3009101226085772,6736609,NC
-0.31089462983935384,6736610,NC
-0.3208790794329933,6736611,NC
-0.32086347140421423,6736612,NC
-0.3208478057677896,6736613,NC
-0.30583208253854705,6736614,NC
-0.30081630173136875,6736615,NC
-0.3008004633611913,6736616,NC
-0.3107845674430059,6736617,NC
-0.31076861399185807,6736618,NC
-0.3157526030228478,6736619,NC
-0.31573653455112966,6736620,NC
-0.29572040859191245,6736621,NC
-0.29070422516045963,6736622,NC
-0.2906879842720888,6736623,NC
-0.3106716859421721,6736624,NC
-0.315655330186136,6736625,NC
-0.3106389170194613,6736626,NC
-0.30562244645768316,6736627,NC
-0.30560591851639113,6736628,NC
-0.31058933321122895,6736629,NC
-0.3205726905578947,6736630,NC
-0.33055599057214086,6736631,NC
-0.3255392332697739,6736632,NC
-0.3005224186666548,6736633,NC
-0.3055055467786987,6736634,NC
-0.3104886176218749,6736635,NC
-0.310471631212207,6736636,NC
-0.3254545875657727,6736637,NC
-0.320437486698704,6736638,NC
-0.3004203286271868,6736639,NC
-0.30040311336746145,6736640,NC
-0.3253858409358223,6736641,NC
-0.3303685113486178,6736642,NC
-0.3303511246222504,6736643,NC
-0.32033368077317687,6736644,NC
-0.3203161798179079,6736645,NC
-0.3302986217730082,6736646,NC
-0.3152810066550966,6736647,NC
-0.340263334480846,6736648,NC
-0.34024560526698305,6736649,NC
-0.33022781903028864,6736650,NC
-0.3302099757875976,6736651,NC
-0.3201920755557986,6736652,NC
-0.33017411835183436,6736653,NC
-0.3501561041927014,6736654,NC
-0.3451380330954503,6736655,NC
-0.34011990507718554,6736656,NC
-0.3351017201550653,6736657,NC
-0.3150834783463017,6736658,NC
-0.3450651796681607,6736659,NC
-0.36504682413796224,6736660,NC
-0.36002841177307987,6736661,NC
-0.355009942590941,6736662,NC
-0.3449914166090268,6736663,NC
-0.3399728338448723,6736664,NC
-0.3449541943160661,6736665,NC
-0.3649354980402507,6736666,NC
-0.3699167450351223,6736667,NC
-0.3498979353184305,6736668,NC
-0.34987906890797904,6736669,NC
-0.34486014582162505,6736670,NC
-0.34484116607727927,6736671,NC
-0.36482212969290617,6736672,NC
-0.36480303668652386,6736673,NC
-0.3547838870762039,6736674,NC
-0.3397646808800716,6736675,NC
-0.3297454181163057,6736676,NC
-0.33472609880313847,6736677,NC
-0.33970672295885584,6736678,NC
-0.3546872906017971,6736679,NC
-0.32966780175035515,6736680,NC
-0.3196482564229763,6736681,NC
-0.30462865463816025,6736682,NC
-0.3146089964144603,6736683,NC
-0.334589281770483,6736684,NC
-0.3295695107248885,6736685,NC
-0.3095496832963901,6736686,NC
-0.2895297995037546,6736687,NC
-0.27450985936580213,6736688,NC
-0.2794898629014062,6736689,NC
-0.28446981012949357,6736690,NC
-0.28444970106904427,6736691,NC
-0.2944295357390917,6736692,NC
-0.2844093141587224,6736693,NC
-0.2743890363470763,6736694,NC
-0.27436870232334637,6736695,NC
-0.304348312106779,6736696,NC
-0.3043278657166736,6736697,NC
-0.3143073631723828,6736698,NC
-0.29428680449331235,6736699,NC
-0.3042661896989212,6736700,NC
-0.31924551880872143,6736701,NC
-0.3392247918422781,6736702,NC
-0.3592040088192094,6736703,NC
-0.3491831697591866,6736704,NC
-0.34416227468193406,6736705,NC
-0.33914132360722904,6736706,NC
-0.3491203165549018,6736707,NC
-0.36909925354483575,6736708,NC
-0.37407813459696715,6736709,NC
-0.3690569597312851,6736710,NC
-0.35903572896783187,6736711,NC
-0.35901444232670243,6736712,NC
-0.36399309982804473,6736713,NC
-0.3789717014920596,6736714,NC
-0.3939502473390007,6736715,NC
-0.39892873738917445,6736716,NC
-0.3939071716629402,6736717,NC
-0.39388555018071003,6736718,NC
-0.4038638729629488,6736719,NC
-0.4138421400301741,6736720,NC
-0.40382035140295636,6736721,NC
-0.4037985071019186,6736722,NC
-0.39377660714773666,6736723,NC
-0.39375465156113887,6736724,NC
-0.4137326403629063,6736725,NC
-0.4237105735738728,6736726,NC
-0.42868845121492466,6736727,NC
-0.4286662733070008,6736728,NC
-0.39864403987109287,6736729,NC
-0.41362175092824477,6736730,NC
-0.4135994064995533,6736731,NC
-0.42857700660616743,6736732,NC
-0.44355455126928894,6736733,NC
-0.4335320405101718,6736734,NC
-0.4135094743501227,6736735,NC
-0.4184868528105006,6736736,NC
-0.42846417591271696,6736737,NC
-0.44344144367823557,6736738,NC
-0.43341865612857255,6736739,NC
-0.4233958132852966,6736740,NC
-0.4133729151700285,6736741,NC
-0.41334996180444156,6736742,NC
-0.41332695321026114,6736743,NC
-0.4233038894092652,6736744,NC
-0.4232807704232836,6736745,NC
-0.4232575962741987,6736746,NC
-0.40823436698394483,6736747,NC
-0.3982110825745089,6736748,NC
-0.4081877430679295,6736749,NC
-0.41316434848629774,6736750,NC
-0.4231408988517567,6736751,NC
-0.4181173941865017,6736752,NC
-0.41309383451277987,6736753,NC
-0.40307021985289065,6736754,NC
-0.3980465502291856,6736755,NC
-0.41302282566406795,6736756,NC
-0.41799904617999334,6736757,NC
-0.422975211799469,6736758,NC
-0.3879513225450545,6736759,NC
-0.38292737843936103,6736760,NC
-0.37790337950505193,6736761,NC
-0.37287932576484223,6736762,NC
-0.352855217241499,6736763,NC
-0.30783105395784116,6736764,NC
-0.2478068359367393,6736765,NC
-0.17278256320111599,6736766,NC
-0.11275823577394549,6736767,NC
-0.07773385367825389,6736768,NC
-0.03270941693711898,6736769,NC
-0.02268492557367026,6736770,NC
-0.03266037961108898,6736771,NC
-0.06763577907260802,6736772,NC
-0.172611123981512,6736773,NC
-0.287586414361137,6736774,NC
-0.4225616502348709,6736775,NC
-0.4975368316261532,6736776,NC
-0.5025119585584746,6736777,NC
-0.4574870310553779,6736778,NC
-0.36246204914045693,6736779,NC
-0.3024370128373573,6736780,NC
-0.21741192216977598,6736781,NC
-0.12738677716146152,6736782,NC
-0.03236157783621375,6736783,NC
0.0026636757821159873,6736784,NC
-0.002311016330375032,6736785,NC
-0.06728565419764083,6736786,NC
-0.15726023784368687,6736787,NC
-0.25723476729256983,6736788,NC
-0.3272092425683978,6736789,NC
-0.40218366369533,6736790,NC
-0.48715803069757707,6736791,NC
-0.5421323435994008,6736792,NC
-0.6121066024251142,6736793,NC
-0.6220808071990812,6736794,NC
-0.6370549579457175,6736795,NC
-0.6470290546894895,6736796,NC
-0.6820030974549146,6736797,L
-0.6919770862665617,6736798,NC
-0.6919510211490504,6736799,NC
-0.6669249021270514,6736800,NC
-0.6068987292252868,6736801,NC
-0.5618725024685292,6736802,NC
-0.5368462218816024,6736803,NC
-0.5118198874893811,6736804,NC
-0.49179349931679117,6736805,NC
-0.476767057388809,6736806,NC
-0.4617405617304621,6736807,NC
-0.46171401236682874,6736808,NC
-0.471687409323038,6736809,NC
-0.47666075262426993,6736810,NC
-0.4716340422957552,6736811,NC
-0.45160727836277537,6736812,NC
-0.43158046085066254,6736813,NC
-0.41155358978479967,6736814,NC
-0.41652666519062054,6736815,NC
-0.4464996870936093,6736816,NC
-0.4264726555193009,6736817,NC
-0.4314455704932809,6736818,NC
-0.41641843204118545,6736819,NC
-0.4013912401887012,6736820,NC
-0.41136399496156556,6736821,NC
-0.4163366963855662,6736822,NC
-0.43130934448654135,6736823,NC
-0.4262819392903798,6736824,NC
-0.4012544808230207,6736825,NC
-0.38122696911045373,6736826,NC
-0.38619940417871884,6736827,NC
-0.39117178605390635,6736828,NC
-0.3911441147621571,6736829,NC
-0.36611639032966203,6736830,NC
-0.3460886127826625,6736831,NC
-0.3410607821474502,6736832,NC
-0.346032898450367,6736833,NC
-0.35100496171780493,6736834,NC
-0.34597697197620625,6736835,NC
-0.32594892925206354,6736836,NC
-0.30092083357191923,6736837,NC
-0.2858926849623662,6736838,NC
-0.2758644834500472,6736839,NC
-0.2658362290616552,6736840,NC
-0.2608079218239331,6736841,NC
-0.2507795617636739,6736842,NC
-0.21075114890772054,6736843,NC
-0.200722683282966,6736844,NC
-0.19069416491635313,6736845,NC
-0.18566559383487474,6736846,NC
-0.19563697006557357,6736847,NC
-0.1656082936355421,6736848,NC
-0.13057956457192285,6736849,NC
-0.09555078290190802,6736850,NC
-0.07552194865273965,6736851,NC
-0.055493061851709484,6736852,NC
-0.05546412252615908,6736853,NC
-0.02543513070347969,6736854,NC
-0.0004060864111122414,6736855,NC
0.03962301032345266,6736856,NC
0.05965215947267475,6736857,NC
0.059681361008964234,6736858,NC
0.06971061490468165,6736859,NC
0.08473992113213805,6736860,NC
0.11976927966359482,6736861,NC
0.13479869047126403,6736862,NC
0.1398281535273081,6736863,NC
0.1248576688038401,6736864,NC
0.12488723627292364,6736865,NC
0.12491685590657295,6736866,NC
0.12994652767675285,6736867,NC
0.10997625155537882,6736868,NC
0.08500602751431702,6736869,NC
0.05003585552538434,6736870,NC
0.015065735560348403,6736871,NC
-0.004904332409072475,6736872,NC
-0.014874348411209083,6736873,NC
-0.04484431247444146,6736874,NC
-0.06981422462719886,6736875,NC
-0.0997840848979596,6736876,NC
-0.1397538933152511,6736877,NC
-0.14472364990764983,6736878,NC
-0.13969335470378147,6736879,NC
-0.16466300773232048,6736880,NC
-0.17963260902199055,6736881,NC
-0.20960215860156423,6736882,NC
-0.22957165649986297,6736883,NC
-0.24454110274575727,6736884,NC
-0.21951049736816644,6736885,NC
-0.20947984039605858,6736886,NC
-0.22944913185845073,6736887,NC
-0.2544183717844088,6736888,NC
-0.24938756020304725,6736889,NC
-0.2643566971435295,6736890,NC
-0.2643257826350677,6736891,NC
-0.2642948167069224,6736892,NC
-0.2592637993884032,6736893,NC
-0.2792327307088682,6736894,NC
-0.2842016106977241,6736895,NC
-0.27917043938442604,6736896,NC
-0.26913921679847796,6736897,NC
-0.27410794296943225,6736898,NC
-0.2840766179268897,6736899,NC
-0.2890452417004997,6736900,NC
-0.31401381431996006,6736901,NC
-0.30398233581501694,6736902,NC
-0.278950806215465,6736903,NC
-0.2789192255511471,6736904,NC
-0.2788875938519546,6736905,NC
-0.2888559111478271,6736906,NC
-0.30382417746875245,6736907,NC
-0.29379239284476677,6736908,NC
-0.28876055730595435,6736909,NC
-0.2637286708824479,6736910,NC
-0.27869673360442787,6736911,NC
-0.2786647455021232,6736912,NC
-0.29863270660581087,6736913,NC
-0.2786006169458159,6736914,NC
-0.2685684765525112,6736915,NC
-0.258536285456318,6736916,NC
-0.2585040436877053,6736917,NC
-0.28347175127719015,6736918,NC
-0.28843940825533754,6736919,NC
-0.2884070146527602,6736920,NC
-0.24837457050011905,6736921,NC
-0.2483420758281226,6736922,NC
-0.24330953066752722,6736923,NC
-0.26827693504913713,6736924,NC
-0.25824428900380436,6736925,NC
-0.26321159256242843,6736926,NC
-0.23817884575595688,6736927,NC
-0.2331460486153846,6736928,NC
-0.23811320117175447,6736929,NC
-0.2580803034561566,6736930,NC
-0.2630473554997291,6736931,NC
-0.25301435733365724,6736932,NC
-0.247981308989174,6736933,NC
-0.2229482104975599,6736934,NC
-0.2429150618901428,6736935,NC
-0.2528818631982981,6736936,NC
-0.24784861445344858,6736937,NC
-0.24281531568706435,6736938,NC
-0.2427819669306629,6736939,NC
-0.232748568215809,6736940,NC
-0.2427151195741148,6736941,NC
-0.25768162103723957,6736942,NC
-0.26264807263688994,6736943,NC
-0.2526144744048197,6736944,NC
-0.2525808263728297,6736945,NC
-0.252547128572768,6736946,NC
-0.2475133810365298,6736947,NC
-0.2574795837960574,6736948,NC
-0.26244573688334005,6736949,NC
-0.25241184033041414,6736950,NC
-0.2523778941693628,6736951,NC
-0.24234389843231635,6736952,NC
-0.25230985315145205,6736953,NC
-0.2572757583589938,6736954,NC
-0.27224161408721265,6736955,NC
-0.2672074203684264,6736956,NC
-0.2521731772349995,6736957,NC
-0.25713888471934326,6736958,NC
-0.2621045428539159,6736959,NC
-0.27207015167122206,6736960,NC
-0.2770357112038133,6736961,NC
-0.2570012214842877,6736962,NC
-0.25696668254529004,6736963,NC
-0.25193209441951153,6736964,NC
-0.2618974571396901,6736965,NC
-0.2668627707386102,6736966,NC
-0.27682803524910254,6736967,NC
-0.27179325070404464,6736968,NC
-0.2817584171363603,6736969,NC
-0.2567235345790196,6736970,NC
-0.2566886030650391,6736971,NC
-0.2666536226274818,6736972,NC
-0.28161859329945677,6736973,NC
-0.2715835151141195,6736974,NC
-0.2565483881046718,6736975,NC
-0.2465132123043615,6736976,NC
-0.28147798774648275,6736977,NC
-0.28144271446437574,6736978,NC
-0.276407392491427,6736979,NC
-0.2713720218610689,6736980,NC
-0.2463366026067799,6736981,NC
-0.23630113476208459,6736982,NC
-0.2312656183605535,6736983,NC
-0.24623005343580318,6736984,NC
-0.23619444002149598,6736985,NC
-0.2311587781513402,6736986,NC
-0.21612306785909008,6736987,NC
-0.22108730917854555,6736988,NC
-0.22605150214355246,6736989,NC
-0.2260156467880024,6736990,NC
-0.2209797431458327,6736991,NC
-0.2059437912510263,6736992,NC
-0.18590779113761194,6736993,NC
-0.2008717428396639,6736994,NC
-0.18583564639130223,6736995,NC
-0.2007995018266923,6736996,NC
-0.19076330918004528,6736997,NC
-0.19572706848561758,6736998,NC
-0.18069077977771136,6736999,NC
-0.18565444309067408,6737000,NC
-0.2006180584588986,6737001,NC
-0.21058162591682322,6737002,NC
-0.22554514549893157,6737003,NC
-0.22050861723975262,6737004,NC
-0.2204720411738605,6737005,NC
-0.2154354173358747,6737006,NC
-0.24039874576045994,6737007,NC
-0.2553620264823261,6737008,NC
-0.25532525953622814,6737009,NC
-0.25528844495696634,6737010,NC
-0.24025158277938574,6737011,NC
-0.24521467303837668,6737012,NC
-0.2601777157688745,6737013,NC
-0.27014071100585946,6737014,NC
-0.2801036587843567,6737015,NC
-0.27006655913943656,6737016,NC
-0.25502941210621394,6737017,NC
-0.24499221771984878,6737018,NC
-0.24995497601554578,6737019,NC
-0.2649176870285544,6737020,NC
-0.2748803507941689,6737021,NC
-0.2748429673477284,6737022,NC
-0.27980553672461633,6737023,NC
-0.28476805896026114,6737024,NC
-0.2797305340901358,6737025,NC
-0.2896929621497577,6737026,NC
-0.27965534317468904,6737027,NC
-0.28961767720053627,6737028,NC
-0.2895799642629506,6737029,NC
-0.27954220439762745,6737030,NC
-0.28450439764030677,6737031,NC
-0.30446654402677303,6737032,NC
-0.3094286435928547,6737033,NC
-0.3043906963744249,6737034,NC
-0.28935270240740085,6737035,NC
-0.2743146617277441,6737036,NC
-0.2942765743714604,6737037,NC
-0.3042384403745996,6737038,NC
-0.31420025977325583,6737039,NC
-0.30916203260356717,6737040,NC
-0.29912375890171594,6737041,NC
-0.28908543870392844,6737042,NC
-0.28404707204647495,6737043,NC
-0.29900865896566975,6737044,NC
-0.303970199497871,6737045,NC
-0.2989316936794809,6737046,NC
-0.2838931415469454,6737047,NC
-0.28385454313675434,6737048,NC
-0.28381589848544136,6737049,NC
-0.2987772076295839,6737050,NC
-0.29873847060580294,6737051,NC
-0.2886996874507634,6737052,NC
-0.2836608582011738,6737053,NC
-0.26862198289378625,6737054,NC
-0.2735830615653964,6737055,NC
-0.2885440942528436,6737056,NC
-0.28850508099301064,6737057,NC
-0.28846602182282377,6737058,NC
-0.27342691677925274,6737059,NC
-0.26338776589931073,6737060,NC
-0.2683485692200543,6737061,NC
-0.2783093267785833,6737062,NC
-0.2832700386120409,6737063,NC
-0.2532307047576138,6737064,NC
-0.22819132525253144,6737065,NC
-0.20315190013406698,6737066,NC
-0.1831124294395364,6737067,NC
-0.16807291320629902,6737068,NC
-0.14303335147175725,6737069,NC
-0.07299374427335639,6737070,NC
0.002045908351415049,6737071,NC
0.062085606365025574,6737072,NC
0.09712534972990086,6737073,NC
0.09216513840842355,6737074,NC
0.07720497236293336,6737075,NC
0.08224485155572726,6737076,NC
0.03228477594905934,6737077,NC
-0.012675254494859123,6737078,NC
-0.11763523981385948,6737079,NC
-0.1775951800458159,6737080,NC
-0.21255507522864522,6737081,NC
-0.16251492540030685,6737082,NC
-0.06247473059880289,6737083,NC
0.03756550913782207,6737084,NC
0.1426057937714808,6737085,NC
0.23264612326404377,6737086,NC
0.2876864975773388,6737087,NC
0.3577269166731514,6737088,NC
0.3877673805132245,6737089,NC
0.372807889059259,6737090,L
0.29784844227291324,6737091,NC
0.16788904011580344,6737092,NC
0.027929682549503405,6737093,NC
-0.057029630464455146,6737094,NC
-0.1369888989645827,6737095,NC
-0.20694812298943185,6737096,NC
-0.2969073025775974,6737097,NC
-0.4018664377677159,6737098,NC
-0.4768255285984664,6737099,NC
-0.5317845751085695,6737100,NC
-0.551743577336788,6737101,NC
-0.5617025353219265,6737102,NC
-0.5616614491028316,6737103,NC
-0.5716203187183915,6737104,NC
-0.5665791442075365,6737105,NC
-0.5315379256092384,6737106,NC
-0.461496662962511,6737107,NC
-0.4214553563064096,6737108,NC
-0.3814140056800312,6737109,NC
-0.35137261112251433,6737110,NC
-0.35133117267303926,6737111,NC
-0.3362896903708278,6737112,NC
-0.3112481642551431,6737113,NC
-0.31120659436528986,6737114,NC
-0.3011649807406143,6737115,NC
-0.3061233234205041,6737116,NC
-0.32108162244438787,6737117,NC
-0.29603987785173597,6737118,NC
-0.28099808968206,6737119,NC
-0.2709562579749127,6737120,NC
-0.2709143827698879,6737121,NC
-0.2858724641066208,6737122,NC
-0.2958305020247877,6737123,NC
-0.275788496564106,6737124,NC
-0.2557464477643341,6737125,NC
-0.24070435566527135,6737126,NC
-0.24566222030675827,6737127,NC
-0.2556200417286762,6737128,NC
-0.2655778199709474,6737129,NC
-0.2605355550735351,6737130,NC
-0.24049324707644326,6737131,NC
-0.2204508960197166,6737132,NC
-0.23540850194344068,6737133,NC
-0.24036606488774176,6737134,NC
-0.24032358489278677,6737135,NC
-0.24028106199878324,6737136,NC
-0.23023849624597942,6737137,NC
-0.21519588767466405,6737138,NC
-0.22515323632516632,6737139,NC
-0.23011054223785604,6737140,NC
-0.21506780545314347,6737141,NC
-0.21002502601147915,6737142,NC
-0.17998220395335413,6737143,NC
-0.16993933931929978,6737144,NC
-0.16989643214988764,6737145,NC
-0.17985348248572972,6737146,NC
-0.17481049036747803,6737147,NC
-0.14476745583582495,6737148,NC
-0.1297243789315029,6737149,NC
-0.10468125969528447,6737150,NC
-0.1046380981679822,6737151,NC
-0.10459489439044878,6737152,NC
-0.11955164840357685,6737153,NC
-0.09450836024829898,6737154,NC
-0.0644650299655877,6737155,NC
-0.059421657596455416,6737156,NC
-0.05437824318195426,6737157,NC
-0.03933478676317626,6737158,NC
-0.05429128838125321,6737159,NC
-0.03424774807735657,6737160,NC
-0.004204165892697509,6737161,NC
0.02583945813147316,6737162,NC
0.035883123953865004,6737163,NC
0.030926831533148125,6737164,NC
0.030970580827953016,6737165,NC
0.06601437179687064,6737166,NC
0.08105820439845268,6737167,NC
0.09610207859121131,6737168,NC
0.0911459943336192,6737169,NC
0.10618995158410995,6737170,NC
0.08623395030107775,6737171,NC
0.13127799044287747,6737172,NC
0.16132207196782494,6737173,NC
0.18136619483419672,6737174,NC
0.18641035900023023,6737175,NC
0.17645456442412377,6737176,NC
0.19149881106403668,6737177,NC
0.20154309887808922,6737178,NC
0.20158742782436279,6737179,NC
0.2216317978608997,6737180,NC
0.20667620894570343,6737181,NC
0.21172066103673867,6737182,NC
0.19176515409193118,6737183,NC
0.1818096880691681,6737184,NC
0.17685426292629766,6737185,NC
0.17689887862112955,6737186,NC
0.11694353511143471,6737187,NC
0.08698823235494553,6737188,NC
0.05203297030935576,6737189,NC
0.04707774893232069,6737190,NC
0.03212256818145702,6737191,NC
0.017167428014343143,6737192,NC
-0.012787671611481082,6737193,NC
-0.04274273073851414,6737194,NC
-0.07769774940929283,6737195,NC
-0.07765272766639228,6737196,NC
-0.09260766555242583,6737197,NC
-0.09756256311004502,6737198,NC
-0.1125174203819396,6737199,NC
-0.11747223741083741,6737200,NC
-0.13742701423950446,6737201,NC
-0.13238175091074472,6737202,NC
-0.13733644746740029,6737203,NC
-0.142291103952351,6737204,NC
-0.14224572040851488,6737205,NC
-0.1622002968788477,6737206,NC
-0.1821548334063431,6737207,NC
-0.16210933003403247,6737208,NC
-0.15206378680498514,6737209,NC
-0.14201820376230806,6737210,NC
-0.16697258094914574,6737211,NC
-0.17692691840868052,6737212,NC
-0.2018812161841323,6737213,NC
-0.1768354743187584,6737214,NC
-0.1717896928558539,6737215,NC
-0.16174387183875122,6737216,NC
-0.17169801131082016,6737217,NC
-0.17165211131546804,6737218,NC
-0.19160617189613946,6737219,NC
-0.19656019309631637,6737220,NC
-0.17151417495951796,6737221,NC
-0.1564681175293007,6737222,NC
-0.16642202084925822,6737223,NC
-0.18137588496302134,6737224,NC
-0.19632970991425794,6737225,NC
-0.19628349574667295,6737226,NC
-0.16123724250400837,6737227,NC
-0.1661909502300432,6737228,NC
-0.16614461896859334,6737229,NC
-0.1860982487635116,6737230,NC
-0.19605183965868778,6737231,NC
-0.17600539169804819,6737232,NC
-0.1509589049255562,6737233,NC
-0.15591237938521185,6737234,NC
-0.1558658151210518,6737235,NC
-0.1758192121771494,6737236,NC
-0.17577257059761464,6737237,NC
-0.16572589042659414,6737238,NC
-0.16567917170827082,6737239,NC
-0.15063241448686432,6737240,NC
-0.16558561880663059,6737241,NC
-0.17553878471186207,6737242,NC
-0.18549191224688744,6737243,NC
-0.18044500145607195,6737244,NC
-0.16539805238381672,6737245,NC
-0.15035106507455948,6737246,NC
-0.16530403957277393,6737247,NC
-0.17025697592297004,6737248,NC
-0.1802098741696938,6737249,NC
-0.1751627343575274,6737250,NC
-0.16511555653108884,6737251,NC
-0.16006834073503226,6737252,NC
-0.16502108701404772,6737253,NC
-0.19497379541286114,6737254,NC
-0.2049264659762343,6737255,NC
-0.17987909874896485,6737256,NC
-0.15983169377588607,6737257,NC
-0.17478425110186713,6737258,NC
-0.18473677077181275,6737259,NC
-0.17968925283066342,6737260,NC
-0.20464169732339504,6737261,NC
-0.20959410429501932,6737262,NC
-0.19454647379058332,6737263,NC
-0.18449880585516953,6737264,NC
-0.19945110053389603,6737265,NC
-0.21940335787191617,6737266,NC
-0.21435557791441864,6737267,NC
-0.19930776070662748,6737268,NC
-0.19925990629380197,6737269,NC
-0.18921201472123655,6737270,NC
-0.18916408603426096,6737271,NC
-0.20411612027824003,6737272,NC
-0.2040681174985735,6737273,NC
-0.19402007774069635,6737274,NC
-0.18397200105007855,6737275,NC
-0.18392388747222493,6737276,NC
-0.18387573705267535,6737277,NC
-0.20882754983700444,6737278,NC
-0.2137793258708216,6737279,NC
-0.20373106519977124,6737280,NC
-0.1936827678695323,6737281,NC
-0.17363443392581857,6737282,NC
-0.18358606341437833,6737283,NC
-0.20853765638099467,6737284,NC
-0.20848921287148503,6737285,NC
-0.2084407329317015,6737286,NC
-0.2133922166075307,6737287,NC
-0.1933436639448936,6737288,NC
-0.19829507498974558,6737289,NC
-0.2032464497880764,6737290,NC
-0.20819778838591013,6737291,NC
-0.193149090829305,6737292,NC
-0.1831003571643536,6737293,NC
-0.16305158743718265,6737294,NC
-0.18800278169395296,6737295,NC
-0.1879539399808595,6737296,NC
-0.17790506234413128,6737297,NC
-0.17785614883003115,6737298,NC
-0.14780719948485613,6737299,NC
-0.14775821435493708,6737300,NC
-0.1477091934866387,6737301,NC
-0.14766013692635957,6737302,NC
-0.15261104472053202,6737303,NC
-0.1475619169156221,6737304,NC
-0.12751275355812955,6737305,NC
-0.11746355469458789,6737306,NC
-0.10741432037156395,6737307,NC
-0.1173650506356585,6737308,NC
-0.1273157455335056,6737309,NC
-0.12226640511177281,6737310,NC
-0.09721702941716112,6737311,NC
-0.10216761849640493,6737312,NC
-0.10711817239627205,6737313,NC
-0.12206869116356342,6737314,NC
-0.1470191748451133,6737315,NC
-0.15696962348778934,6737316,NC
-0.14192003713849205,6737317,NC
-0.13687041584415532,6737318,NC
-0.15182075965174596,6737319,NC
-0.17677106860826383,6737320,NC
-0.1667213427607418,6737321,NC
-0.17167158215624576,6737322,NC
-0.17162178684187435,6737323,NC
-0.17157195686475918,6737324,NC
-0.18152209227206462,6737325,NC
-0.2014721931109878,6737326,NC
-0.19142225942875857,6737327,NC
-0.1963722912726395,6737328,NC
-0.1913222886899257,6737329,NC
-0.16627225172794496,6737330,NC
-0.1812221804340576,6737331,NC
-0.18617207485565634,6737332,NC
-0.19612193504016642,6737333,NC
-0.2110717610350455,6737334,NC
-0.21102155288778357,6737335,NC
-0.20597131064590296,6737336,NC
-0.21092103435695828,6737337,NC
-0.2158707240685363,6737338,NC
-0.220820379828256,6737339,NC
-0.22577000168376854,6737340,NC
-0.2107195896827571,6737341,NC
-0.19566914387293707,6737342,NC
-0.21561866430205556,6737343,NC
-0.23556815101789194,6737344,NC
-0.2505176040682572,6737345,NC
-0.24546702350099436,6737346,NC
-0.2254164093639783,6737347,NC
-0.22036576170511557,6737348,NC
-0.2203150805723445,6737349,NC
-0.2402643660136351,6737350,NC
-0.24521361807698897,6737351,NC
-0.24016283681043935,6737352,NC
-0.2201120222620511,6737353,NC
-0.2250611744799203,6737354,NC
-0.2300102935121749,6737355,NC
-0.23495937940697398,6737356,NC
-0.24990843221250794,6737357,NC
-0.23985745197699873,6737358,NC
-0.2348064387486995,6737359,NC
-0.2197553925758944,6737360,NC
-0.214704313506899,6737361,NC
-0.23465320159006015,6737362,NC
-0.2396020568737553,6737363,NC
-0.2195508794063934,6737364,NC
-0.2094996692364142,6737365,NC
-0.1994484264122885,6737366,NC
-0.2093971509825178,6737367,NC
-0.2343458429956347,6737368,NC
-0.2392945025002025,6737369,NC
-0.24924312954481534,6737370,NC
-0.21919172417809796,6737371,NC
-0.20914028644870591,6737372,NC
-0.2140888164053253,6737373,NC
-0.2190373140966728,6737374,NC
-0.22898577957149568,6737375,NC
-0.2339342128785717,6737376,NC
-0.19888261406670904,6737377,NC
-0.16383098318474631,6737378,NC
-0.16377932028155237,6737379,NC
-0.15872762540602656,6737380,NC
-0.14367589860709834,6737381,NC
-0.11362413993372747,6737382,NC
-0.05857234943490385,6737383,NC
0.006479472840352461,6737384,NC
0.06653132684299147,6737385,NC
0.11158321252393297,6737386,NC
0.1366351298340669,6737387,NC
0.15668707872425314,6737388,NC
0.1467390591453218,6737389,NC
0.11679107104807307,6737390,NC
0.03184311438327736,6737391,NC
-0.0631048108983246,6737392,NC
-0.1280527048460219,6737393,NC
-0.14300056750913323,6737394,NC
-0.05794839893700687,6737395,NC
0.052103800820979276,6737396,NC
0.17215603171541777,6737397,NC
0.2972082936968719,6737398,NC
0.4022605867158753,6737399,NC
0.48731291072293226,6737400,NC
0.5323652656685178,6737401,NC
0.5374176515030777,6737402,L
0.4874700681770286,6737403,NC
0.3625225156407575,6737404,NC
0.23257499384462268,6737405,NC
0.10762750273895322,6737406,NC
0.017680042274049117,6737407,NC
-0.07226738759981854,6737408,NC
-0.18721478693240787,6737409,NC
-0.3121621557735056,6737410,NC
-0.4221094941729274,6737411,NC
-0.5020568021805178,6737412,NC
-0.5370040798461504,6737413,NC
-0.5419513272197267,6737414,NC
-0.5718985443511778,6737415,NC
-0.5668457312904628,6737416,NC
-0.5567928880875697,6737417,NC
-0.5117400147925146,6737418,NC
-0.46168711145534286,6737419,NC
-0.4016341781261275,6737420,NC
-0.37158121485497037,6737421,NC
-0.3215282216920014,6737422,NC
-0.30647519868737916,6737423,NC
-0.28642214589129,6737424,NC
-0.27636906335394884,6737425,NC
-0.2513159511255986,6737426,NC
-0.24626280925651037,6737427,NC
-0.2612096377969832,6737428,NC
-0.26115643679734424,6737429,NC
-0.24110320630794846,6737430,NC
-0.251049946379179,6737431,NC
-0.2259966570614466,6737432,NC
-0.22594333840518993,6737433,NC
-0.22588999046087543,6737434,NC
-0.25083661327899726,6737435,NC
-0.22578320691007725,6737436,NC
-0.2107297714046649,6737437,NC
-0.19567630681333714,6737438,NC
-0.2106228131866986,6737439,NC
-0.2155692905753813,6737440,NC
-0.2205157390300447,6737441,NC
-0.2154621586013757,6737442,NC
-0.1904085493400885,6737443,NC
-0.1903549112969246,6737444,NC
-0.18030124452265267,6737445,NC
-0.19524754906806868,6737446,NC
-0.2001938249839957,6737447,NC
-0.1801400723212839,6737448,NC
-0.16008629113081052,6737449,NC
-0.15003248146347983,6737450,NC
-0.15997864337022288,6737451,NC
-0.15492477690199782,6737452,NC
-0.15987088210978967,6737453,NC
-0.14981695904460995,6737454,NC
-0.13476300775749742,6737455,NC
-0.1097090282995172,6737456,NC
-0.10965502072176114,6737457,NC
-0.10960098507534778,6737458,NC
-0.10454692141142223,6737459,NC
-0.10449282978115597,6737460,NC
-0.08443871023574712,6737461,NC
-0.04938456282642015,6737462,NC
-0.05433038760442592,6737463,NC
-0.04427618462104159,6737464,NC
-0.039221953927570684,6737465,NC
-0.03416769557534278,6737466,NC
-0.009113409615713768,6737467,NC
0.010940903899934344,6737468,NC
0.025995244920193485,6737469,NC
0.03104961339362955,6737470,NC
0.04110400926878246,6737471,NC
0.04615843249416611,6737472,NC
0.08121288301826872,6737473,NC
0.09626736078955246,6737474,NC
0.09132186575645382,6737475,NC
0.09637639786738347,6737476,NC
0.11643095707072648,6737477,NC
0.1314855433148422,6737478,NC
0.14654015654806443,6737479,NC
0.18159479671870143,6737480,NC
0.17664946377503596,6737481,NC
0.1617041576653253,6737482,NC
0.16175887833780134,6737483,NC
0.19181362574067057,6737484,NC
0.20686839982211433,6737485,NC
0.22192320053028863,6737486,NC
0.23697802781332425,6737487,NC
0.22203288161932677,6737488,NC
0.2270877618963768,6737489,NC
0.24214266859252975,6737490,NC
0.25219760165581623,6737491,NC
0.27725256103424156,6737492,NC
0.2573075466757866,6737493,NC
0.23236255852840693,6737494,NC
0.20741759654003353,6737495,NC
0.21247266065857262,6737496,NC
0.18252775083190562,6737497,NC
0.18258286700788945,6737498,NC
0.1526380091343562,6737499,NC
0.1026931771591136,6737500,NC
0.07774837102994478,6737501,NC
0.05280359069460834,6737502,NC
0.0528588361008385,6737503,NC
0.042914107196345266,6737504,NC
0.007969403928814157,6737505,NC
-0.031975273754093585,6737506,NC
-0.06691992590474075,6737507,NC
-0.06186455257551443,6737508,NC
-0.056809153818825946,6737509,NC
-0.06175372968711043,6737510,NC
-0.0716982802328272,6737511,NC
-0.10164280550845955,6737512,NC
-0.11658730556651455,6737513,NC
-0.11653178045952328,6737514,NC
-0.11647623024004058,6737515,NC
-0.11642065496064509,6737516,NC
-0.12636505467393913,6737517,NC
-0.15630942943254872,6737518,NC
-0.17625377928912356,6737519,NC
-0.16119810429633671,6737520,NC
-0.14114240450688495,6737521,NC
-0.13608667997348847,6737522,NC
-0.1460309307488909,6737523,NC
-0.1609751568858592,6737524,NC
-0.1709193584371837,6737525,NC
-0.1808635354556779,6737526,NC
-0.1608076879941787,6737527,NC
-0.14075181610554593,6737528,NC
-0.16069591984266277,6737529,NC
-0.1706399992584353,6737530,NC
-0.2005840544057928,6737531,NC
-0.17052808533768732,6737532,NC
-0.15547209210709395,6737533,NC
-0.14541607476701063,6737534,NC
-0.17036003337045807,6737535,NC
-0.1653039679704799,6737536,NC
-0.17024787862014226,6737537,NC
-0.1651917653725341,6737538,NC
-0.1701356282807669,6737539,NC
-0.1450794673979748,6737540,NC
-0.15002328277731447,6737541,NC
-0.16996707447196488,6737542,NC
-0.17991084253512768,6737543,NC
-0.1698545870200266,6737544,NC
-0.1547983079799079,6737545,NC
-0.14474200546803997,6737546,NC
-0.14468567953771355,6737547,NC
-0.15962933024224146,6737548,NC
-0.1695729576349586,6737549,NC
-0.15451656176922213,6737550,NC
-0.1644601426984109,6737551,NC
-0.15440370047592597,6737552,NC
-0.1593472351551903,6737553,NC
-0.16929074678964856,6737554,NC
-0.17423423543276734,6737555,NC
-0.16917770113803515,6737556,NC
-0.15412114395896187,6737557,NC
-0.14406456394907924,6737558,NC
-0.14900796116194068,6737559,NC
-0.17895133565112092,6737560,NC
-0.18389468747021645,6737561,NC
-0.1738380166728451,6737562,NC
-0.15378132331264613,6737563,NC
-0.15872460744328015,6737564,NC
-0.1586678691184291,6737565,NC
-0.16361110839179605,6737566,NC
-0.17855432531710544,6737567,NC
-0.1734975199481028,6737568,NC
-0.1584406923385548,6737569,NC
-0.153383842542249,6737570,NC
-0.15832697061299417,6737571,NC
-0.1732700766046199,6737572,NC
-0.17321316057097674,6737573,NC
-0.17315622256593605,6737574,NC
-0.17309926264339004,6737575,NC
-0.16304228085725156,6737576,NC
-0.15798527726145423,6737577,NC
-0.18292825190995232,6737578,NC
-0.18287120485672062,6737579,NC
-0.1878141361557545,6737580,NC
-0.16275704586107,6737581,NC
-0.16269993402670327,6737582,NC
-0.167642800706711,6737583,NC
-0.1925856459551704,6737584,NC
-0.19752846982617855,6737585,NC
-0.19247127237385317,6737586,NC
-0.1824140536523319,6737587,NC
-0.16235681371577268,6737588,NC
-0.17229955261835342,6737589,NC
-0.18724227041427216,6737590,NC
-0.18718496715774677,6737591,NC
-0.19712764290301513,6737592,NC
-0.17707029770433505,6737593,NC
-0.16701293161598407,6737594,NC
-0.1619555446922596,6737595,NC
-0.18189813698747861,6737596,NC
-0.19684070855597796,6737597,NC
-0.19178325945211394,6737598,NC
-0.16172578973026247,6737599,NC
-0.15666829944481903,6737600,NC
-0.15661078865019845,6737601,NC
-0.15155325740083514,6737602,NC
-0.16149570575118277,6737603,NC
-0.15143813375571424,6737604,NC
-0.13638054146892184,6737605,NC
-0.12132292894531703,6737606,NC
-0.1412652962394304,6737607,NC
-0.13120764340581167,6737608,NC
-0.14114997049902966,6737609,NC
-0.131092277573672,6737610,NC
-0.11103456468434544,6737611,NC
-0.09097683188567561,6737612,NC
-0.09091907923230694,6737613,NC
-0.10086130677890265,6737614,NC
-0.11580351458014479,6737615,NC
-0.12074570269073391,6737616,NC
-0.11068787116538939,6737617,NC
-0.11063002005884914,6737618,NC
-0.11557214942586946,6737619,NC
-0.1355142593212254,6737620,NC
-0.14545634979971026,6737621,NC
-0.15039842091613576,6737622,NC
-0.14534047272533185,6737623,NC
-0.14028250528214692,6737624,NC
-0.1452245186414476,6737625,NC
-0.17016651285811837,6737626,NC
-0.18010848798706217,6737627,NC
-0.1800504440832,6737628,NC
-0.16999238120147062,6737629,NC
-0.16493429939683094,6737630,NC
-0.16987619872425583,6737631,NC
-0.19481807923873778,6737632,NC
-0.19475994099528732,6737633,NC
-0.18970178404893265,6737634,NC
-0.18964360845471967,6737635,NC
-0.1795854142677119,6737636,NC
-0.18952720154299058,6737637,NC
-0.2144689703356543,6737638,NC
-0.23441072070081928,6737639,NC
-0.2193524526936192,6737640,NC
-0.214294166369205,6737641,NC
-0.20423586178274514,6737642,NC
-0.19417753898942525,6737643,NC
-0.20911919804444815,6737644,NC
-0.23406083900303393,6737645,NC
-0.21900246192041975,6737646,NC
-0.2089440668518599,6737647,NC
-0.22388565385262565,6737648,NC
-0.2288272229780053,6737649,NC
-0.24376877428330407,6737650,NC
-0.24871030782384385,6737651,NC
-0.2486518236549636,6737652,NC
-0.21859332183201893,6737653,NC
-0.21853480241038215,6737654,NC
-0.21847626544544227,6737655,NC
-0.23341771099260492,6737656,NC
-0.23835913910729217,6737657,NC
-0.2233005498449427,6737658,NC
-0.2182419432610116,6737659,NC
-0.20818331941097035,6737660,NC
-0.2131246783503068,6737661,NC
-0.2380660201345251,6737662,NC
-0.24300734481914552,6737663,NC
-0.22794865245970464,6737664,NC
-0.21288994311175516,6737665,NC
-0.20283121683086583,6737666,NC
-0.22777247367262138,6737667,NC
-0.2277137136926227,6737668,NC
-0.2326549369464863,6737669,NC
-0.23759614348984484,6737670,NC
-0.22253733337834666,6737671,NC
-0.20247850666765585,6737672,NC
-0.2274196634134522,6737673,NC
-0.21736080367143135,6737674,NC
-0.22230192749730437,6737675,NC
-0.20724303494679785,6737676,NC
-0.20218412607565397,6737677,NC
-0.1871252009396304,6737678,NC
-0.1620662595945,6737679,NC
-0.18200730209605123,6737680,NC
-0.16694832850008767,6737681,NC
-0.11688933886242821,6737682,NC
-0.07683033323890688,6737683,NC
-0.01677131168537293,6737684,NC
0.04328772574230949,6737685,NC
0.09334677898826105,6737686,NC
0.12340584799658749,6737687,NC
0.1584649327113796,6737688,NC
0.1685240330767134,6737689,NC
0.13858314903664995,6737690,NC
0.08864228053523575,6737691,NC
-0.011298572483497586,6737692,NC
-0.10123941007553304,6737693,NC
-0.15118023229686817,6737694,NC
-0.12112103920351511,6737695,NC
-0.02606183085150056,6737696,NC
0.09399739270313456,6737697,NC
0.20905663140433473,6737698,NC
0.3191158851960301,6737699,NC
0.4441751540221367,6737700,NC
0.5192344378265562,6737701,NC
0.5542937365531759,6737702,NC
0.5193530501458696,6737703,L
0.42441237854849634,6737704,NC
0.30947172170490156,6737705,NC
0.16453107955891647,6737706,NC
0.06959045205435861,6737707,NC
-0.035350160864968505,6737708,NC
-0.14529075925527513,6737709,NC
-0.2652313431727852,6737710,NC
-0.37517191267373634,6737711,NC
-0.46511246781438,6737712,NC
-0.530053008650981,6737713,NC
-0.5599935352398179,6737714,NC
-0.5649340476371826,6737715,NC
-0.5648745458993804,6737716,NC
-0.5648150300827302,6737717,NC
-0.5247555002435639,6737718,NC
-0.44969595643822696,6737719,NC
-0.399636398723078,6737720,NC
-0.3495768271544888,6737721,NC
-0.314517241788844,6737722,NC
-0.2844576426825417,6737723,NC
-0.2743980298919928,6737724,NC
-0.23933840347362104,6737725,NC
-0.22927876348386325,6737726,NC
-0.22421910997916902,6737727,NC
-0.22415944301600094,6737728,NC
-0.22909976265083393,6737729,NC
-0.2390400689401559,6737730,NC
-0.19898036194046734,6737731,NC
-0.20392064170828123,6737732,NC
-0.20886090830012313,6737733,NC
-0.2038011617725311,6737734,NC
-0.2037414021820556,6737735,NC
-0.21368162958525946,6737736,NC
-0.19362184403871782,6737737,NC
-0.17356204559901797,6737738,NC
-0.17850223432275955,6737739,NC
-0.17844241026655433,6737740,NC
-0.19338257348702606,6737741,NC
-0.18832272404081069,6737742,NC
-0.16826286198455614,6737743,NC
-0.14820298737492207,6737744,NC
-0.1481431002685802,6737745,NC
-0.16308320072221408,6737746,NC
-0.16302328879251896,6737747,NC
-0.1629633645362019,6737748,NC
-0.14290342800998157,6737749,NC
-0.11284347927058816,6737750,NC
-0.12278351837476359,6737751,NC
-0.1227235453792612,6737752,NC
-0.1276635603408458,6737753,NC
-0.11760356331629358,6737754,NC
-0.09254355436239212,6737755,NC
-0.07248353353594027,6737756,NC
-0.07742350089374803,6737757,NC
-0.0623634564926367,6737758,NC
-0.06730340038943868,6737759,NC
-0.06224333264099742,6737760,NC
-0.047183253304167436,6737761,NC
-0.02712316243581421,6737762,NC
-0.007063060092814031,6737763,NC
-0.012002946332054173,6737764,NC
-0.01694282121043273,6737765,NC
-0.0018826847848583354,6737766,NC
0.03317746288774935,6737767,NC
0.05323762175046021,6737768,NC
0.0482977917463336,6737769,NC
0.05335797281841821,6737770,NC
0.06841816490975224,6737771,NC
0.09347836796336359,6737772,NC
0.11353858192226969,6737773,NC
0.13859880672947764,6737774,NC
0.1436590423279843,6737775,NC
0.13371928866077631,6737776,NC
0.14877954567083015,6737777,NC
0.14383981330111212,6737778,NC
0.1889000914945787,6737779,NC
0.2089603801941761,6737780,NC
0.21402067934284075,6737781,NC
0.21408098888349908,6737782,NC
0.2141413087590678,6737783,NC
0.2192016389124537,6737784,NC
0.23926197928655404,6737785,NC
0.26432232982425624,6737786,NC
0.26438269046843815,6737787,NC
0.26444306116196803,6737788,NC
0.2545034418477047,6737789,NC
0.26956383246849736,6737790,NC
0.27962423296718597,6737791,NC
0.28968464328660126,6737792,NC
0.2747450633695643,6737793,NC
0.2648054931588872,6737794,NC
0.24486593259737274,6737795,NC
0.2249263816278146,6737796,NC
0.21998684019299752,6737797,NC
0.20504730823569703,6737798,NC
0.1851077856986798,6737799,NC
0.14016827252470349,6737800,NC
0.10522876865651701,6737801,NC
0.08028927403686033,6737802,NC
0.06534978860846474,6737803,NC
0.05041031231405292,6737804,NC
0.025470845096338776,6737805,NC
-0.009468613101972355,6737806,NC
-0.029408062338183653,6737807,NC
-0.03934750266960678,6737808,NC
-0.05428693415356188,6737809,NC
-0.06422635684737733,6737810,NC
-0.054165770808389954,6737811,NC
-0.09910517609394481,6737812,NC
-0.11404457276139518,6737813,NC
-0.13398396086810246,6737814,NC
-0.10392334047143627,6737815,NC
-0.10886271162877402,6737816,NC
-0.12380207439750138,6737817,NC
-0.14874142883501187,6737818,NC
-0.14868077499870683,6737819,NC
-0.14862011294599542,6737820,NC
-0.11855944273429485,6737821,NC
-0.12849876442102964,6737822,NC
-0.1384380780636323,6737823,NC
-0.14837738371954287,6737824,NC
-0.15831668144620875,6737825,NC
-0.16325597130108513,6737826,NC
-0.1431952533416345,6737827,NC
-0.1431345276253268,6737828,NC
-0.14807379420963926,6737829,NC
-0.16801305315205642,6737830,NC
-0.16295230451007017,6737831,NC
-0.1728915483411793,6737832,NC
-0.15783078470289,6737833,NC
-0.14277001365271538,6737834,NC
-0.15770923524817562,6737835,NC
-0.16764844954679786,6737836,NC
-0.1825876566061162,6737837,NC
-0.1725268564836714,6737838,NC
-0.1674660492370112,6737839,NC
-0.15740523492369,6737840,NC
-0.15234441360126896,6737841,NC
-0.16228358532731585,6737842,NC
-0.162222750159405,6737843,NC
-0.1671619081551172,6737844,NC
-0.16210105937203978,6737845,NC
-0.14704020386776656,6737846,NC
-0.14697934169989757,6737847,NC
-0.16191847292603925,6737848,NC
-0.17185759760380434,6737849,NC
-0.16179671579081156,6737850,NC
-0.15673582754468598,6737851,NC
-0.1516749329230587,6737852,NC
-0.14661403198356687,6737853,NC
-0.15655312478385355,6737854,NC
-0.17149221138156784,6737855,NC
-0.16643129183436464,6737856,NC
-0.1563703661999046,6737857,NC
-0.15630943453585422,6737858,NC
-0.15124849689988573,6737859,NC
-0.18118755334967696,6737860,NC
-0.17612660394291135,6737861,NC
-0.17606564873727792,6737862,NC
-0.17600468779047107,6737863,NC
-0.1509437211601907,6737864,NC
-0.16088274890414223,6737865,NC
-0.17082177108003604,6737866,NC
-0.1807607877455882,6737867,NC
-0.18569979895851982,6737868,NC
-0.17563880477655708,6737869,NC
-0.15557780525743128,6737870,NC
-0.155516800458879,6737871,NC
-0.17045579043864154,6737872,NC
-0.18539477525446524,6737873,NC
-0.1853337549641014,6737874,NC
-0.16527272962530606,6737875,NC
-0.15021169929584008,6737876,NC
-0.15515066403346914,6737877,NC
-0.1800896238959633,6737878,NC
-0.18502857894109756,6737879,NC
-0.17996752922665127,6737880,NC
-0.1699064748104084,6737881,NC
-0.14984541575015728,6737882,NC
-0.15478435210369074,6737883,NC
-0.1797232839288059,6737884,NC
-0.18966221128330407,6737885,NC
-0.18960113422499095,6737886,NC
-0.1845400528116763,6737887,NC
-0.1744789671011741,6737888,NC
-0.17441787715130233,6737889,NC
-0.19435678301988302,6737890,NC
-0.20429568476474205,6737891,NC
-0.19423458244370936,6737892,NC
-0.18917347611461865,6737893,NC
-0.17411236583530745,6737894,NC
-0.174051251663617,6737895,NC
-0.18399013365739228,6737896,NC
-0.20392901187448176,6737897,NC
-0.1938678863727376,6737898,NC
-0.17880675721001552,6737899,NC
-0.1587456244441746,6737900,NC
-0.17368448813307738,6737901,NC
-0.1636233483345898,6737902,NC
-0.16856220510658096,6737903,NC
-0.16350105850692334,6737904,NC
-0.1434399085934926,6737905,NC
-0.13837875542416744,6737906,NC
-0.1283175990568297,6737907,NC
-0.14325643954936437,6737908,NC
-0.14319527695965925,6737909,NC
-0.128134111345605,6737910,NC
-0.10307294276509534,6737911,NC
-0.10301177127602672,6737912,NC
-0.10295059693629818,6737913,NC
-0.10788941980381175,6737914,NC
-0.127828239936472,6737915,NC
-0.1127670573921859,6737916,NC
-0.10270587222886317,6737917,NC
-0.10764468450441597,6737918,NC
-0.1175834942767588,6737919,NC
-0.12752230160380856,6737920,NC
-0.14246110654348454,6737921,NC
-0.1523999091537082,6737922,NC
-0.14233870949240332,6737923,NC
-0.14227750761749572,6737924,NC
-0.17221630358691326,6737925,NC
-0.19215509745858597,6737926,NC
-0.18709388929044585,6737927,NC
-0.20203267914042683,6737928,NC
-0.1819714670664646,6737929,NC
-0.1869102531264969,6737930,NC
-0.18684903737846295,6737931,NC
-0.1967878198803039,6737932,NC
-0.19172660068996245,6737933,NC
-0.20666537986538294,6737934,NC
-0.1966041574645113,6737935,NC
-0.20154293354529484,6737936,NC
-0.2214817081656825,6737937,NC
-0.23142048138362428,6737938,NC
-0.23135925325707182,6737939,NC
-0.2262980238439779,6737940,NC
-0.2162367932022965,6737941,NC
-0.22117556138998284,6737942,NC
-0.22611432846499324,6737943,NC
-0.2410530944852849,6737944,NC
-0.24099185950881624,6737945,NC
-0.23593062359354652,6737946,NC
-0.23086938679743596,6737947,NC
-0.2308081491784455,6737948,NC
-0.22574691079453696,6737949,NC
-0.24568567170367275,6737950,NC
-0.24562443196381611,6737951,NC
-0.23556319163293082,6737952,NC
-0.22550195076898127,6737953,NC
-0.21544070942993224,6737954,NC
-0.23037946767374912,6737955,NC
-0.23531822555839746,6737956,NC
-0.24025698314184338,6737957,NC
-0.23519574048205322,6737958,NC
-0.2301344976369935,6737959,NC
-0.22007325466463093,6737960,NC
-0.2300120116229324,6737961,NC
-0.24495076856986484,6737962,NC
-0.24488952556339505,6737963,NC
-0.23482828266149,6737964,NC
-0.21976703992211652,6737965,NC
-0.2147057974032411,6737966,NC
-0.2246445551628302,6737967,NC
-0.23458331325885007,6737968,NC
-0.22952207174926645,6737969,NC
-0.22946083069204481,6737970,NC
-0.20939959014515022,6737971,NC
-0.2093383501665472,6737972,NC
-0.21427711081419973,6737973,NC
-0.2292158721460713,6737974,NC
-0.2341546342201246,6737975,NC
-0.22409339709432183,6737976,NC
-0.2040321608266242,6737977,NC
-0.1639709254749922,6737978,NC
-0.1689096910973855,6737979,NC
-0.14384845775176278,6737980,NC
-0.1187872254960818,6737981,NC
-0.07372599438829926,6737982,NC
0.01133523551362922,6737983,NC
0.06639646415174913,6737984,NC
0.11145769146810727,6737985,NC
0.1365189174047516,6737986,NC
0.12658014190373137,6737987,NC
0.12164136490709722,6737988,NC
0.08670258635690123,6737989,NC
0.011763806195196827,6737990,NC
-0.07817497563596079,6737991,NC
-0.16311375919451507,6737992,NC
-0.1630525445384077,6737993,NC
-0.08299133172557879,6737994,NC
0.027069879186033412,6737995,NC
0.17213108813849234,6737996,NC
0.2871922950738634,6737997,NC
0.39225349993421393,6737998,NC
0.457314702661613,6737999,NC
0.48237590319813195,6738000,NC
0.4824371014858441,6738001,L
0.4424982974668249,6738002,NC
0.32255949108315196,6738003,NC
0.17762068227690514,6738004,NC
0.04768187099016658,6738005,NC
-0.052256942834979045,6738006,NC
-0.15219575925644502,6738007,NC
-0.25213457833214187,6738008,NC
-0.3620734001199778,6738009,NC
-0.47201222467785825,6738010,NC
-0.5469510520636862,6738011,NC
-0.586889882335362,6738012,NC
-0.5918287155507829,6738013,NC
-0.5717675517678438,6738014,NC
-0.5467063910444369,6738015,NC
-0.5216452334384506,6738016,NC
-0.5015840790077712,6738017,NC
-0.43652292781028196,6738018,NC
-0.36646177990386253,6738019,NC
-0.31640063534639,6738020,NC
-0.29633949419573796,6738021,NC
-0.2762783565097769,6738022,NC
-0.276217222346374,6738023,NC
-0.2661560917633932,6738024,NC
-0.2660949648186949,6738025,NC
-0.24103384157013605,6738026,NC
-0.23097272207557026,6738027,NC
-0.25091160639284754,6738028,NC
-0.2458504945798142,6738029,NC
-0.23578938669431299,6738030,NC
-0.22072828279418283,6738031,NC
-0.20066718293725894,6738032,NC
-0.21560608718137275,6738033,NC
-0.21054499558435172,6738034,NC
-0.22048390820401945,6738035,NC
-0.2104228250981955,6738036,NC
-0.20036174632469544,6738037,NC
-0.18030067194133068,6738038,NC
-0.18523960200590842,6738039,NC
-0.1801785365762318,6738040,NC
-0.19511747571009963,6738041,NC
-0.20505641946530634,6738042,NC
-0.16999536789964212,6738043,NC
-0.17493432107089257,6738044,NC
-0.1648732790368389,6738045,NC
-0.16481224185525775,6738046,NC
-0.1697512095839212,6738047,NC
-0.16969018228059668,6738048,NC
-0.13462916000304698,6738049,NC
-0.11956814280902989,6738050,NC
-0.10950713075629864,6738051,NC
-0.11944612390260151,6738052,NC
-0.11938512230568185,6738053,NC
-0.09432412602327805,6738054,NC
-0.07926313511312352,6738055,NC
-0.05920214963294639,6738056,NC
-0.04914116964046987,6738057,NC
-0.04408019519341195,6738058,NC
-0.059019226349485185,6738059,NC
-0.04895826316639697,6738060,NC
-0.04889730570184943,6738061,NC
-0.01383635401353918,6738062,NC
0.0012245918408427432,6738063,NC
-0.003714468196389333,6738064,NC
0.01134646581708449,6738065,NC
0.01640739382358991,6738066,NC
0.05146831576545814,6738067,NC
0.07652923158502621,6738068,NC
0.08159014122463688,6738069,NC
0.08165104462663886,6738070,NC
0.07671194173338663,6738071,NC
0.10677283248724083,6738072,NC
0.1268337168305679,6738073,NC
0.16189459470574047,6738074,NC
0.15695546605513727,6738075,NC
0.1570163308211432,6738076,NC
0.15207718894614927,6738077,NC
0.1821380403725531,6738078,NC
0.20219888504275835,6738079,NC
0.23725972289917516,6738080,NC
0.2323205538842201,6738081,NC
0.2123813779403163,6738082,NC
0.2274421950098934,6738083,NC
0.22750300503538778,6738084,NC
0.2625638079592423,6738085,NC
0.27762460372390657,6738086,NC
0.28268539227183714,6738087,NC
0.2727461735454972,6738088,NC
0.26780694748735695,6738089,NC
0.2728677140398934,6738090,NC
0.2829284731455908,6738091,NC
0.2879892247469401,6738092,NC
0.26304996878643966,6738093,NC
0.23811070520659489,6738094,NC
0.22817143394991832,6738095,NC
0.21823215495892984,6738096,NC
0.20329286817615672,6738097,NC
0.19335357354413346,6738098,NC
0.1534142710054021,6738099,NC
0.1234749605025121,6738100,NC
0.07853564197802049,6738101,NC
0.05359631537449182,6738102,NC
0.04365698063449848,6738103,NC
0.03871763770062036,6738104,NC
0.013778286515445135,6738105,NC
-0.03116107297843151,6738106,NC
-0.06110044083840635,6738107,NC
-0.07103981712186805,6738108,NC
-0.06097920188619725,6738109,NC
-0.06591859518876667,6738110,NC
-0.08085799708694093,6738111,NC
-0.10079740763807654,6738112,NC
-0.1257368268995217,6738113,NC
-0.13067625492861645,6738114,NC
-0.12561569178269263,6738115,NC
-0.13055513751907352,6738116,NC
-0.14049459219507412,6738117,NC
-0.16543405586800106,6738118,NC
-0.17537352859515218,6738119,NC
-0.17531301043381697,6738120,NC
-0.16025250144127626,6738121,NC
-0.16019200167480213,6738122,NC
-0.17013151119165804,6738123,NC
-0.19007103004909862,6738124,NC
-0.19001055830436955,6738125,NC
-0.2049500960147077,6738126,NC
-0.19488964323734106,6738127,NC
-0.17482920002948854,6738128,NC
-0.17976876644836,6738129,NC
-0.18970834255115623,6738130,NC
-0.1946479283950687,6738131,NC
-0.20458752403727987,6738132,NC
-0.2095271295349628,6738133,NC
-0.20446674494528128,6738134,NC
-0.19440637032538963,6738135,NC
-0.21434600573243295,6738136,NC
-0.21428565122354648,6738137,NC
-0.19922530685585624,6738138,NC
-0.18916497268647856,6738139,NC
-0.18410464877252003,6738140,NC
-0.18904433517107766,6738141,NC
-0.2189840319392386,6738142,NC
-0.21392373913408033,6738143,NC
-0.20886345681267018,6738144,NC
-0.20380318503206585,6738145,NC
-0.18874292384931496,6738146,NC
-0.19868267332145498,6738147,NC
-0.20862243350551352,6738148,NC
-0.2135622044585079,6738149,NC
-0.22350198623744522,6738150,NC
-0.21844177889932245,6738151,NC
-0.21838158250112621,6738152,NC
-0.20832139709983263,6738153,NC
-0.2282612227524077,6738154,NC
-0.23320105951580683,6738155,NC
-0.2281409074469748,6738156,NC
-0.2180807666028459,6738157,NC
-0.20302063704034387,6738158,NC
-0.20796051881638164,6738159,NC
-0.21790041198786148,6738160,NC
-0.22284031661167494,6738161,NC
-0.21778023274470262,6738162,NC
-0.1977201604438142,6738163,NC
-0.19266009976586856,6738164,NC
-0.20760005076771357,6738165,NC
-0.22254001350618574,6738166,NC
-0.2424799880381109,6738167,NC
-0.21741997442030345,6738168,NC
-0.21735997270956664,6738169,NC
-0.22229998296269246,6738170,NC
-0.21224000523646164,6738171,NC
-0.23218003958764333,6738172,NC
-0.24212008607299546,6738173,NC
-0.23706014474926437,6738174,NC
-0.2320002156731849,6738175,NC
-0.21694029890148034,6738176,NC
-0.22188039449086222,6738177,NC
-0.2368205024980304,6738178,NC
-0.24176062297967305,6738179,NC
-0.2417007559924665,6738180,NC
-0.2416409015930752,6738181,NC
-0.22658105983815172,6738182,NC
-0.23652123078433668,6738183,NC
-0.2614614144882586,6738184,NC
-0.2664016110065339,6738185,NC
-0.2513418203957671,6738186,NC
-0.2512820427125502,6738187,NC
-0.24122227801346327,6738188,NC
-0.2461625263550739,6738189,NC
-0.26110278779393753,6738190,NC
-0.2610430623865968,6738191,NC
-0.2609833501895824,6738192,NC
-0.2509236512594122,6738193,NC
-0.2358639656525916,6738194,NC
-0.2408042934256134,6738195,NC
-0.25574463463495783,6738196,NC
-0.2806849893370921,6738197,NC
-0.24562535758847098,6738198,NC
-0.25556573944553623,6738199,NC
-0.2405061349647168,6738200,NC
-0.24544654420242867,6738201,NC
-0.27038696721507494,6738202,NC
-0.2803274040590455,6738203,NC
-0.26526785479071735,6738204,NC
-0.2602083194664541,6738205,NC
-0.2501487981426064,6738206,NC
-0.24508929087551135,6738207,NC
-0.2500297977214932,6738208,NC
-0.2599703187368625,6738209,NC
-0.25491085397791635,6738210,NC
-0.23485140350093867,6738211,NC
-0.22479196736219959,6738212,NC
-0.2247325456179558,6738213,NC
-0.22967313832445033,6738214,NC
-0.23961374553791265,6738215,NC
-0.23955436731455826,6738216,NC
-0.22949500371058904,6738217,NC
-0.1944356547821931,6738218,NC
-0.1943763205855444,6738219,NC
-0.21931700117680322,6738220,NC
-0.21425769661211574,6738221,NC
-0.20419840694761407,6738222,NC
-0.1991391322394162,6738223,NC
-0.17407987254362614,6738224,NC
-0.17402062791633338,6738225,NC
-0.20396139841361338,6738226,NC
-0.22890218409152724,6738227,NC
-0.21884298500612168,6738228,NC
-0.21378380121342902,6738229,NC
-0.20372463276946706,6738230,NC
-0.21366547973023903,6738231,NC
-0.2336063421517337,6738232,NC
-0.24354722008992513,6738233,NC
-0.25848811360077273,6738234,NC
-0.2484290227402211,6738235,NC
-0.25836994756420023,6738236,NC
-0.24831088812862498,6738237,NC
-0.2732518444893955,6738238,NC
-0.283192816702397,6738239,NC
-0.2681338048234996,6738240,NC
-0.2680748089085584,6738241,NC
-0.25301582901341346,6738242,NC
-0.2629568651938896,6738243,NC
-0.28789791750579635,6738244,NC
-0.2978389860049281,6738245,NC
-0.2977800707470638,6738246,NC
-0.28772117178796724,6738247,NC
-0.27766228918338653,6738248,NC
-0.29760342298905457,6738249,NC
-0.3175445732606884,6738250,NC
-0.3324857400539897,6738251,NC
-0.3374269234246445,6738252,NC
-0.3073681234283229,6738253,NC
-0.2973093401206797,6738254,NC
-0.28225057355735367,6738255,NC
-0.2921918237939675,6738256,NC
-0.3121330908861284,6738257,NC
-0.31707437488942736,6738258,NC
-0.3120156758594393,6738259,NC
-0.30195699385172337,6738260,NC
-0.3068983289218224,6738261,NC
-0.31183968112526306,6738262,NC
-0.3167810505175559,6738263,NC
-0.3167224371541952,6738264,NC
-0.3016638410906587,6738265,NC
-0.29660526238240803,6738266,NC
-0.3065467010848883,6738267,NC
-0.31648815725352814,6738268,NC
-0.32642963094373956,6738269,NC
-0.3413711222109182,6738270,NC
-0.30131263111044293,6738271,NC
-0.29125415769767576,6738272,NC
-0.30619570202796226,6738273,NC
-0.3211372641566311,6738274,NC
-0.3310788441389939,6738275,NC
-0.32602044203034575,6738276,NC
-0.31596205788596465,6738277,NC
-0.3059036917611114,6738278,NC
-0.2958453437110299,6738279,NC
-0.3057870137909469,6738280,NC
-0.31072870205607217,6738281,NC
-0.305670408561598,6738282,NC
-0.30061213336269965,6738283,NC
-0.28555387651453484,6738284,NC
-0.30549563807224406,6738285,NC
-0.32543741809095034,6738286,NC
-0.3203792166257593,6738287,NC
-0.31032103373175896,6738288,NC
-0.29026286946401975,6738289,NC
-0.2952047238775945,6738290,NC
-0.2901465970275184,6738291,NC
-0.31008848896880886,6738292,NC
-0.3000303997564655,6738293,NC
-0.3099723294454701,6738294,NC
-0.2949142780907865,6738295,NC
-0.2698562457473609,6738296,NC
-0.259798232470121,6738297,NC
-0.25974023831397686,6738298,NC
-0.26968226333382017,6738299,NC
-0.24962430758452475,6738300,NC
-0.21456637112094598,6738301,NC
-0.1795084539979212,6738302,NC
-0.13945055627026914,6738303,NC
-0.10439267799279045,6738304,NC
-0.03933481922026731,6738305,NC
0.0357230199925367,6738306,NC
0.12578083959087644,6738307,NC
0.18083863952002513,6738308,NC
0.19089641972527494,6738309,NC
0.17595418015193648,6738310,NC
0.13101192074533916,6738311,NC
0.046069641450831214,6738312,NC
-0.023872657786220382,6738313,NC
-0.11881497702042979,6738314,NC
-0.19875731630639212,6738315,NC
-0.22369967569868365,6738316,NC
-0.2086420552518616,6738317,NC
-0.11858445502046407,6738318,NC
-0.008526875059009918,6738319,NC
0.09653068457800099,6738320,NC
0.1865882238360881,6738321,NC
0.2466457426607902,6738322,NC
0.2967032409976654,6738323,NC
0.3317607187922909,6738324,NC
0.316818175990264,6738325,L
0.28687561253720095,6738326,NC
0.1969330283787377,6738327,NC
0.09199042346052984,6738328,NC
-0.007952202271747477,6738329,NC
-0.08289484887239935,6738330,NC
-0.14283751639571104,6738331,NC
-0.21278020489594812,6738332,NC
-0.2827229144273563,6738333,NC
-0.3626656450441613,6738334,NC
-0.41760839680056905,6738335,NC
-0.4425511697507653,6738336,NC
-0.45249396394891567,6738337,NC
-0.44743677944916593,6738338,NC
-0.4523796163056416,6738339,NC
-0.4673224745724479,6738340,NC
-0.44726535430366976,6738341,NC
-0.42720825555337205,6738342,NC
-0.39215117837559876,6738343,NC
-0.34209412282437407,6738344,NC
-0.33203708895370126,6738345,NC
-0.3169800768175634,6738346,NC
-0.2919230864699226,6738347,NC
-0.28186611796472066,6738348,NC
-0.2568091713558788,6738349,NC
-0.231752246697297,6738350,NC
-0.231695344042855,6738351,NC
-0.23663846344641154,6738352,NC
-0.2515816049618043,6738353,NC
-0.23152476864285024,6738354,NC
-0.2264679545433454,6738355,NC
-0.21641116271706448,6738356,NC
-0.20635439321776144,6738357,NC
-0.20629764609916892,6738358,NC
-0.21624092141499832,6738359,NC
-0.21618421921894,6738360,NC
-0.1961275395646629,6738361,NC
-0.18607088250581463,6738362,NC
-0.1860142480960215,6738363,NC
-0.19595763638888836,6738364,NC
-0.19590104743799838,6738365,NC
-0.19084448129691342,6738366,NC
-0.1807879380191737,6738367,NC
-0.1707314176582978,6738368,NC
-0.16567492026778252,6738369,NC
-0.16061844590110302,6738370,NC
-0.1705619946117127,6738371,NC
-0.15550556645304286,6738372,NC
-0.15044916147850326,6738373,NC
-0.1253927797414815,6738374,NC
-0.12033642129534321,6738375,NC
-0.12028008619343204,6738376,NC
-0.12022377448906954,6738377,NC
-0.125167486235555,6738378,NC
-0.07511122148616563,6738379,NC
-0.06505498029415632,6738380,NC
-0.05999876271275978,6738381,NC
-0.06494256879518621,6738382,NC
-0.0498863985946236,6738383,NC
-0.03983025216423727,6738384,NC
-0.019774129557170204,6738385,NC
0.00028196917345720343,6738386,NC
0.015338043974547176,6738387,NC
0.005394094793024561,6738388,NC
0.0054501215758368665,6738389,NC
0.030506124269954516,6738390,NC
0.06556210282237056,6738391,NC
0.10061805718010089,6738392,NC
0.09567398729018457,6738393,NC
0.0907298930996832,6738394,NC
0.10578577455568168,6738395,NC
0.11084163160528782,6738396,NC
0.14589746419563263,6738397,NC
0.18095327227387026,6738398,NC
0.1810090557871779,6738399,NC
0.19106481468275635,6738400,NC
0.2011205489078292,6738401,NC
0.22617625840964384,6738402,NC
0.2462319431354708,6738403,NC
0.27128760303260424,6738404,NC
0.26134323804836157,6738405,NC
0.27639884813008414,6738406,NC
0.2714544332251365,6738407,NC
0.2965099932809071,6738408,NC
0.32156552824480794,6738409,NC
0.3366210380642749,6738410,NC
0.3416765226867675,6738411,NC
0.3317319820597694,6738412,NC
0.32678741613078777,6738413,NC
0.346842824847354,6738414,NC
0.3568982081570235,6738415,NC
0.3869535660073754,6738416,NC
0.37700889834601337,6738417,NC
0.37206420512056493,6738418,NC
0.3571194862786819,6738419,NC
0.3571747417680403,6738420,NC
0.3722299715363405,6738421,NC
0.3672851755313073,6738422,NC
0.3523403537006895,6738423,NC
0.3223955059922608,6738424,NC
0.3024506323538193,6738425,NC
0.27250573273318746,6738426,NC
0.27256080707821245,6738427,NC
0.24761585533676606,6738428,NC
0.2226708774567448,6738429,NC
0.18272587338606983,6738430,NC
0.1527808430726873,6738431,NC
0.127835786464568,6738432,NC
0.11789070350970764,6738433,NC
0.10794559415612696,6738434,NC
0.08800045835187159,6738435,NC
0.06805529604501222,6738436,NC
0.0381101071836447,6738437,NC
0.023164891715889934,6738438,NC
0.03321964958989402,6738439,NC
0.0332743807538283,6738440,NC
0.033329085155889386,6738441,NC
0.023383762744299187,6738442,NC
-0.0015615865326948641,6738443,NC
-0.006506962726820071,6738444,NC
-0.0014523658897782309,6738445,NC
0.0036022039267545047,6738446,NC
-0.03134325332887252,6738447,NC
-0.04128873770828446,6738448,NC
-0.046234249263080646,6738449,NC
-0.04617978804483465,6738450,NC
-0.026125354105094402,6738451,NC
-0.016070947495381984,6738452,NC
-0.0260165682671935,6738453,NC
-0.035962216471999216,6738454,NC
-0.04590789216124357,6738455,NC
-0.06585359538634473,6738456,NC
-0.04579932619869495,6738457,NC
-0.030745084649660418,6738458,NC
-0.04569087079058097,6738459,NC
-0.04063668467277043,6738460,NC
-0.055582526347516245,6738461,NC
-0.05052839586607962,6738462,NC
-0.04547429327969539,6738463,NC
-0.025420218639572032,6738464,NC
-0.03536617199689142,6738465,NC
-0.04531215340280907,6738466,NC
-0.05025816290845393,6738467,NC
-0.055204200564928314,6738468,NC
-0.0301502664233079,6738469,NC
-0.025096360534641753,6738470,NC
-0.03004248294995201,6738471,NC
-0.0349886337202342,6738472,NC
-0.03993481289645692,6738473,NC
-0.039881020529561925,6738474,NC
-0.019827256670464,6738475,NC
-0.01477352137005098,6738476,NC
-0.009719814679183703,6738477,NC
-0.02966613664869577,6738478,NC
-0.039612487329393826,6738479,NC
-0.03955886677205726,6738480,NC
0.000494724972561731,6738481,NC
0.005548287853738242,6738482,NC
-0.009398178179225374,6738483,NC
-0.019344673176999238,6738484,NC
-0.03429119719022621,6738485,NC
-0.019237750269521646,6738486,NC
-0.004184332465473367,6738487,NC
0.0008690561713583511,6738488,NC
-0.014077584409559227,6738489,NC
-0.03902425425873101,6738490,NC
-0.03397095342663435,6738491,NC
-0.038917681963718864,6738492,NC
-0.00886443992040616,6738493,NC
0.011188772652909684,6738494,NC
-0.013758044294137347,6738495,NC
-0.01870489081188525,6738496,NC
-0.028651766950644142,6738497,NC
-0.03359867276069611,6738498,NC
-0.013545608292295161,6738499,NC
-0.0034925735956670423,6738500,NC
-0.003439568721009416,6738501,NC
-0.018386593718491863,6738502,NC
-0.038333648638255405,6738503,NC
-0.03828073353041292,6738504,NC
-0.023227848445048924,6738505,NC
-0.008174993432219398,6738506,NC
-0.018122168541951963,6738507,NC
-0.0280693738242457,6738508,NC
-0.028016609329071136,6738509,NC
-0.027963875106370183,6738510,NC
-0.02291117120605616,6738511,NC
-0.007858497678013512,6738512,NC
-0.017805854572098122,6738513,NC
-0.012753241938136997,6738514,NC
-0.01770065982592832,6738515,NC
-0.03264810828524138,6738516,NC
-0.017595587365816574,6738517,NC
-0.022543097117365185,6738518,NC
-0.03749063758956959,6738519,NC
-0.04743820883208305,6738520,NC
-0.06238581089452971,6738521,NC
-0.042333443826504516,6738522,NC
-0.03228110767757326,6738523,NC
-0.027228802497272428,6738524,NC
-0.04717652833510912,6738525,NC
-0.052124285240561195,6738526,NC
-0.06707207326307704,6738527,NC
-0.052019892452075625,6738528,NC
-0.03696774285694641,6738529,NC
-0.031915624527049324,6738530,NC
-0.041863537511714614,6738531,NC
-0.071811481860243,6738532,NC
-0.08175945762190548,6738533,NC
-0.09670746484594331,6738534,NC
-0.06165550358156793,6738535,NC
-0.051603573877961086,6738536,NC
-0.03655167578427445,6738537,NC
-0.036499809349629916,6738538,NC
-0.061447974623119433,6738539,NC
-0.03639617165380476,6738540,NC
-0.006344400490717841,6738541,NC
-0.006292661182860412,6738542,NC
-0.0012409537792039474,6738543,NC
-0.01618927832868986,6738544,NC
-0.021137634880229322,6738545,NC
-0.016086023482703084,6738546,NC
-0.00603444418496165,6738547,NC
0.01401710296417474,6738548,NC
0.00906861791591651,6738549,NC
0.00912010062150441,6738550,NC
-0.005828448967790244,6738551,NC
-0.0007770309006656442,6738552,NC
0.009274354774210805,6738553,NC
0.029325708008202205,6738554,NC
0.024377028752702395,6738555,NC
0.014428316959135979,6738556,NC
-0.000520427421041636,6738557,NC
-0.010469204436344241,6738558,NC
-0.0004180141352546282,6738559,NC
0.004633143433775237,6738560,NC
-0.0003157317776756041,6738561,NC
-0.020264639817997067,6738562,NC
-0.030213580735548008,6738563,NC
-0.025162554578656203,6738564,NC
-0.02011156139561813,6738565,NC
-0.03506060123469919,6738566,NC
-0.055009674144133464,6738567,NC
-0.0799587801721238,6738568,NC
-0.08490791936684161,6738569,NC
-0.07485709177642702,6738570,NC
-0.06980629744898856,6738571,NC
-0.049755536432603414,6738572,NC
-0.059704808775317184,6738573,NC
-0.08965411452514391,6738574,NC
-0.10960345373006601,6738575,NC
-0.10955282643803424,6738576,NC
-0.08450223269696769,6738577,NC
-0.06945167255475354,6738578,NC
-0.08440114605924731,6738579,NC
-0.10935065325827265,6738580,NC
-0.1143001941996213,6738581,NC
-0.10924976893105307,6738582,NC
-0.09419937750029582,6738583,NC
-0.07914901995504525,6738584,NC
-0.06409869634296514,6738585,NC
-0.09904840671168708,6738586,NC
-0.1089981511088105,6738587,NC
-0.10894792958190269,6738588,NC
-0.10389774217849865,6738589,NC
-0.08384758894610092,6738590,NC
-0.09379746993217997,6738591,NC
-0.11374738518417371,6738592,NC
-0.12369733474948763,6738593,NC
-0.12364731867549475,6738594,NC
-0.11859733700953573,6738595,NC
-0.11354738979891837,6738596,NC
-0.11349747709091806,6738597,NC
-0.11844759893277755,6738598,NC
-0.12839775537170672,6738599,NC
-0.12834794645488282,6738600,NC
-0.11329817222945024,6738601,NC
-0.08324843274252075,6738602,NC
-0.08819872804117297,6738603,NC
-0.1231490581724527,6738604,NC
-0.12309942318337284,6738605,NC
-0.11804982312091311,6738606,NC
-0.10800025803202029,6738607,NC
-0.0929507279636081,6738608,NC
-0.117901232962557,6738609,NC
-0.12285177307571434,6738610,NC
-0.12780234834989423,6738611,NC
-0.10275295883187738,6738612,NC
-0.09770360456841132,6738613,NC
-0.08265428560621015,6738614,NC
-0.08260500199195459,6738615,NC
-0.09755575377229186,6738616,NC
-0.10750654099383575,6738617,NC
-0.10745736370316639,6738618,NC
-0.07740822194683039,6738619,NC
-0.06735911577134074,6738620,NC
-0.07231004522317673,6738621,NC
-0.10226101034878395,6738622,NC
-0.11221201119457419,6738623,NC
-0.09216304780692544,6738624,NC
-0.07211412023218183,6738625,NC
-0.05206522851665364,6738626,NC
-0.03701637270661716,6738627,NC
-0.03196755284831472,6738628,NC
-0.016918768987954587,6738629,NC
0.028129978828288937,6738630,NC
0.10317869055427586,6738631,NC
0.16322736614390018,6738632,NC
0.2382760055510902,6738633,NC
0.28332460872980836,6738634,NC
0.3183731756340515,6738635,NC
0.3334217062178506,6738636,NC
0.35347020043527144,6738637,NC
0.34351865824041383,6738638,NC
0.278567079587412,6738639,NC
0.2036154644304352,6738640,NC
0.12866381272368657,6738641,NC
0.09371212442140422,6738642,NC
0.09876039947786092,6738643,NC
0.168808637847364,6738644,NC
0.26385683948425553,6738645,NC
0.3789050043429124,6738646,NC
0.4739531323777462,6738647,NC
0.5990012235432036,6738648,NC
0.6990492777937659,6738649,NC
0.7690972950839495,6738650,NC
0.8041452753683057,6738651,NC
0.7641932186014209,6738652,L
0.6892411247379167,6738653,NC
0.5992889937324494,6738654,NC
0.49433682553971064,6738655,NC
0.4093846201144276,6738656,NC
0.3144323774113624,6738657,NC
0.21448009738531218,6738658,NC
0.09452777999111002,6738659,NC
-0.010424574816376098,6738660,NC
-0.11537696708224263,6738661,NC
-0.20532939685155055,6738662,NC
-0.28528186416932544,6738663,NC
-0.3502343690805573,6738664,NC
-0.3801869116302003,6738665,NC
-0.3951394918631735,6738666,NC
-0.38009210982435976,6738667,NC
-0.33004476555860657,6738668,NC
-0.3149974591107256,6738669,NC
-0.2949501905254927,6738670,NC
-0.2649029598476477,6738671,NC
-0.21985576712189495,6738672,NC
-0.16980861239290249,6738673,NC
-0.15476149570530262,6738674,NC
-0.12971441710369158,6738675,NC
-0.13966737663262957,6738676,NC
-0.1546203743366406,6738677,NC
-0.1445734102602127,6738678,NC
-0.13952648444779764,6738679,NC
-0.12947959694381098,6738680,NC
-0.114432747792632,6738681,NC
-0.13938593703860375,6738682,NC
-0.13933916472603292,6738683,NC
-0.1192924308991897,6738684,NC
-0.119245735602308,6738685,NC
-0.11919907887958522,6738686,NC
-0.1091524607751821,6738687,NC
-0.10910588133322312,6738688,NC
-0.129059340597796,6738689,NC
-0.10901283861295169,6738690,NC
-0.09396637542270472,6738691,NC
-0.08891995107103277,6738692,NC
-0.09387356560187671,6738693,NC
-0.10882721905914065,6738694,NC
-0.09878091148669205,6738695,NC
-0.09873464292836112,6738696,NC
-0.0886884134279414,6738697,NC
-0.08864222302918943,6738698,NC
-0.09859607177582463,6738699,NC
-0.09354995971152949,6738700,NC
-0.09850388687994933,6738701,NC
-0.07345785332469239,6738702,NC
-0.07341185908932969,6738703,NC
-0.04836590421739507,6738704,NC
-0.05331998875238514,6738705,NC
-0.06827411273775907,6738706,NC
-0.058228276216938844,6738707,NC
-0.03818247923330898,6738708,NC
-0.033136721830216626,6738709,NC
-0.008091004050971441,6738710,NC
-0.013045325938845609,6738711,NC
-0.032999687537073656,6738712,NC
-0.027954088888852674,6738713,NC
0.002091469962657966,6738714,NC
0.02713698897433653,6738715,NC
0.04718246810309898,6738716,NC
0.052227907305899025,6738717,NC
0.04227330653972825,6738718,NC
0.047318665761615974,6738719,NC
0.06236398492862941,6738720,NC
0.07240926399787369,6738721,NC
0.11245450292649192,6738722,NC
0.1174997016716651,6738723,NC
0.11254486019061247,6738724,NC
0.12758997844059114,6738725,NC
0.1526350563788964,6738726,NC
0.16268009396286176,6738727,NC
0.19772509114985884,6738728,NC
0.19777004789729752,6738729,NC
0.19781496416262598,6738730,NC
0.19785983990333073,6738731,NC
0.20290467507693657,6738732,NC
0.23794946964100677,6738733,NC
0.25299422355314294,6738734,NC
0.25303893677098527,6738735,NC
0.23808360925221245,6738736,NC
0.23312824095454165,6738737,NC
0.2431728318357288,6738738,NC
0.29321738185356816,6738739,NC
0.3082618909658931,6738740,NC
0.3183063591305754,6738741,NC
0.32335078630552555,6738742,NC
0.33339517244869304,6738743,NC
0.32843951751806616,6738744,NC
0.353483821471672,6738745,NC
0.3585280842675766,6738746,NC
0.35857230586388494,6738747,NC
0.32361648621874106,6738748,NC
0.3136606252903279,6738749,NC
0.30370472303686763,6738750,NC
0.29874877941662137,6738751,NC
0.29379279438788963,6738752,NC
0.2638367679090119,6738753,NC
0.24388069993836697,6738754,NC
0.20892459043437292,6738755,NC
0.1889684393554871,6738756,NC
0.1640122466602063,6738757,NC
0.15405601230706656,6738758,NC
0.12409973625464349,6738759,NC
0.0841434184615521,6738760,NC
0.049187058886446915,6738761,NC
0.019230657488022003,6738762,NC
0.019274214225011008,6738763,NC
0.034317729056187185,6738764,NC
0.029361201940363568,6738765,NC
0.01940463283639276,6738766,NC
-0.0005519782968328515,6738767,NC
0.01449136849961892,6738768,NC
-0.00546532681527994,6738769,NC
0.009577935717482382,6738770,NC
-0.0053788439430422705,6738771,NC
-0.025335665837762276,6738772,NC
-0.025292530007545964,6738773,NC
-0.025249436493221644,6738774,NC
-0.030206385335577603,6738775,NC
-0.015163376575362056,6738776,NC
-0.030120410253283,6738777,NC
-0.05007748641000834,6738778,NC
-0.06003460508616578,6738779,NC
-0.05499176632234267,6738780,NC
-0.04494897015908625,6738781,NC
-0.029906216636903314,6738782,NC
-0.03986350579626039,6738783,NC
-0.054820837677583445,6738784,NC
-0.07477821232125814,6738785,NC
-0.059735629767629736,6738786,NC
-0.04469309005700269,6738787,NC
-0.02965059322964126,6738788,NC
-0.03460813932576893,6738789,NC
-0.0595657283855685,6738790,NC
-0.08452336044918224,6738791,NC
-0.07948103555671167,6738792,NC
-0.04943875374821749,6738793,NC
-0.039396515063719745,6738794,NC
-0.049354319543197585,6738795,NC
-0.04931216722658934,6738796,NC
-0.06427005815379243,6738797,NC
-0.059227992364663376,6738798,NC
-0.04918596989901765,6738799,NC
-0.03414399079662979,6738800,NC
-0.049102055097233276,6738801,NC
-0.0490601628405205,6738802,NC
-0.06401831406614275,6738803,NC
-0.05397650881371016,6738804,NC
-0.033934747122791604,6738805,NC
-0.0188930290329148,6738806,NC
-0.02885135458356617,6738807,NC
-0.04380972381419085,6738808,NC
-0.04876813676419261,6738809,NC
-0.07372659347293384,6738810,NC
-0.04868509397973555,6738811,NC
-0.038643638323877204,6738812,NC
-0.04860222654459685,6738813,NC
-0.063560858681091,6738814,NC
-0.0885195347725146,6738815,NC
-0.06347825485798095,6738816,NC
-0.06343701897656182,6738817,NC
-0.038395827167287115,6738818,NC
-0.03835467946914516,6738819,NC
-0.048313575921082534,6738820,NC
-0.06327251656200397,6738821,NC
-0.06323150143077243,6738822,NC
-0.04819053056620899,6738823,NC
-0.043149604007092765,6738824,NC
-0.05810872179216102,6738825,NC
-0.06806788396010904,6738826,NC
-0.08802709054959006,6738827,NC
-0.07798634159921528,6738828,NC
-0.0479456371475539,6738829,NC
-0.042904977233132836,6738830,NC
-0.04286436189443698,6738831,NC
-0.06782379116990905,6738832,NC
-0.07278326509794938,6738833,NC
-0.0677427837169162,6738834,NC
-0.052702347065125395,6738835,NC
-0.03766195518085052,6738836,NC
-0.02762160810232267,6738837,NC
-0.04758130586773065,6738838,NC
-0.06754104851522079,6738839,NC
-0.08250083608289685,6738840,NC
-0.07746066860882012,6738841,NC
-0.042420546131009505,6738842,NC
-0.07738046868744106,6738843,NC
-0.06734043631604836,6738844,NC
-0.08230044905472228,6738845,NC
-0.08226050694131101,6738846,NC
-0.06722061001361998,6738847,NC
-0.0521807583094119,6738848,NC
-0.057140951866406636,6738849,NC
-0.06210119072228125,6738850,NC
-0.07206147491466992,6738851,NC
-0.07202180448116384,6738852,NC
-0.07198217945931135,6738853,NC
-0.05694259988661778,6738854,NC
-0.06690306580054543,6738855,NC
-0.08686357723851355,6738856,NC
-0.09682413423789833,6738857,NC
-0.09178473683603278,6738858,NC
-0.08174538507020676,6738859,NC
-0.05670607897766698,6738860,NC
-0.0666668185956169,6738861,NC
-0.06162760396121672,6738862,NC
-0.08158843511158331,6738863,NC
-0.08154931208379027,6738864,NC
-0.0815102349148677,6738865,NC
-0.06647120364180242,6738866,NC
-0.07643221830153778,6738867,NC
-0.07139327893097362,6738868,NC
-0.08635438556696633,6738869,NC
-0.06631553824632869,6738870,NC
-0.0512767370058299,6738871,NC
-0.026237981882195588,6738872,NC
-0.021199272912107728,6738873,NC
-0.026160610132204568,6738874,NC
-0.04612199357908069,6738875,NC
-0.031083423289286934,6738876,NC
-0.011044899299330217,6738877,NC
0.01899357835432621,6738878,NC
0.014032009635262993,6738879,NC
-0.0009296054928952177,6738880,NC
-0.015891267066480017,6738881,NC
0.00914702487822102,6738882,NC
0.019185270304964412,6738883,NC
0.0192234691775506,6738884,NC
0.009261621459824107,6738885,NC
-0.010700272884326463,6738886,NC
-0.025662213890968268,6738887,NC
-0.0206242015961244,6738888,NC
-0.01558623603577379,6738889,NC
-0.005548317245851003,6738890,NC
-0.01051044526224642,6738891,NC
-0.03547262012080616,6738892,NC
-0.03543484185733185,6738893,NC
-0.045397110507580905,6738894,NC
-0.04535942610726627,6738895,NC
-0.050321788692056446,6738896,NC
-0.06028419829757549,6738897,NC
-0.07524665495940297,6738898,NC
-0.09020915871307383,6738899,NC
-0.08517170959407849,6738900,NC
-0.08013430763786278,6738901,NC
-0.060096952879827914,6738902,NC
-0.06505964535533038,6738903,NC
-0.08002238509968199,6738904,NC
-0.08998517214814977,6738905,NC
-0.09994800653595598,6738906,NC
-0.08991088829827817,6738907,NC
-0.08487381747024893,6738908,NC
-0.10983679408695604,6738909,NC
-0.11479981818344234,6738910,NC
-0.11476288979470581,6738911,NC
-0.0997260089556993,6738912,NC
-0.0996891757013308,6738913,NC
-0.09465239006646321,6738914,NC
-0.08961565208591438,6738915,NC
-0.10457896179445694,6738916,NC
-0.11954231922681863,6738917,NC
-0.1195057244176817,6738918,NC
-0.11946917740168342,6738919,NC
-0.10943267821341579,6738920,NC
-0.12439622688742547,6738921,NC
-0.11435982345821391,6738922,NC
-0.1343234679602372,6738923,NC
-0.13928716042790593,6738924,NC
-0.12425090089558545,6738925,NC
-0.1042146893975957,6738926,NC
-0.09917852596821096,6738927,NC
-0.10414241064166023,6738928,NC
-0.13410634345212688,6738929,NC
-0.12407032443374866,6738930,NC
-0.10403435362061783,6738931,NC
-0.09899843104678102,6738932,NC
-0.10396255674623911,6738933,NC
-0.11392673075294732,6738934,NC
-0.12389095310081524,6738935,NC
-0.13385522382370663,6738936,NC
-0.10881954295543939,6738937,NC
-0.09378391052978574,6738938,NC
-0.10374832658047203,6738939,NC
-0.11871279114117862,6738940,NC
-0.11867730424554002,6738941,NC
-0.10864186592714477,6738942,NC
-0.0986064762195355,6738943,NC
-0.0885711351562088,6738944,NC
-0.08353584277061518,6738945,NC
-0.09850059909615906,6738946,NC
-0.10846540416619883,6738947,NC
-0.10843025801404671,6738948,NC
-0.08839516067296872,6738949,NC
-0.06336011217618472,6738950,NC
-0.07832511255686836,6738951,NC
-0.0682901618481469,6738952,NC
-0.06825526008310148,6738953,NC
-0.058220407294766824,6738954,NC
-0.008185603516131276,6738955,NC
0.06684915121986315,6738956,NC
0.12188385688032088,6738957,NC
0.18191851343239282,6738958,NC
0.23695312084327633,6738959,NC
0.28198767908021527,6738960,NC
0.3120221881105001,6738961,NC
0.30205664790146775,6738962,NC
0.25709105842050184,6738963,NC
0.16212541963503263,6738964,NC
0.092159731512537,6738965,NC
0.002193994020538541,6738966,NC
0.0022282071266076092,6738967,NC
0.05726237079836129,6738968,NC
0.15229648500346343,6738969,NC
0.2673305497096247,6738970,NC
0.40236456488460276,6738971,NC
0.5473985304962019,6738972,NC
0.6424324465122736,6738973,NC
0.7174663129007162,6738974,NC
0.7275001296294746,6738975,L
0.6825338966665414,6738976,NC
0.5725676139799558,6738977,NC
0.44760128153780415,6738978,NC
0.3326348993082199,6738979,NC
0.2376684672593836,6738980,NC
0.10270198535952306,6738981,NC
-0.03226454642308692,6738982,NC
-0.1622311281201241,6738983,NC
-0.2821977597632192,6738984,NC
-0.3671644413839555,6738985,NC
-0.42213117301386904,6738986,NC
-0.45209795468444863,6738987,NC
-0.4720647864271355,6738988,NC
-0.4770316682733237,6738989,NC
-0.4419986002543597,6738990,NC
-0.4019655824015427,6738991,NC
-0.35693261474612414,6738992,NC
-0.3118996973193082,6738993,NC
-0.28186683015225145,6738994,NC
-0.2568340132760627,6738995,NC
-0.23180124672180347,6738996,NC
-0.19176853052048753,6738997,NC
-0.16673586470308088,6738998,NC
-0.15670324930050195,6738999,NC
-0.17167068434362137,6739000,NC
-0.1866381698632621,6739001,NC
-0.1816057058901993,6739002,NC
-0.15657329245516036,6739003,NC
-0.15154092958882476,6739004,NC
-0.15650861732182408,6739005,NC
-0.16647635568474217,6739006,NC
-0.1714441447081148,6739007,NC
-0.1364119844224299,6739008,NC
-0.13137987485812738,6739009,NC
-0.12634781604559914,6739010,NC
-0.12131580801518896,6739011,NC
-0.13628385079719274,6739012,NC
-0.1512519444218581,6739013,NC
-0.1462200889193847,6739014,NC
-0.1411882843199239,6739015,NC
-0.11615653065357895,6739016,NC
-0.10112482795040495,6739017,NC
-0.1210931762404086,6739018,NC
-0.12106157555354854,6739019,NC
-0.10603002591973495,6739020,NC
-0.09099852736882977,6739021,NC
-0.06596707993064654,6739022,NC
-0.08093568363495054,6739023,NC
-0.07590433851145845,6739024,NC
-0.07587304458983865,6739025,NC
-0.05584180189971108,6739026,NC
-0.030810610470647044,6739027,NC
-0.010779470332169486,6739028,NC
0.009251618486247254,6739029,NC
0.004282655955177468,6739030,NC
0.019313642045243988,6739031,NC
0.024344576727118254,6739032,NC
0.03937545997152046,6739033,NC
0.054406291749219404,6739034,NC
0.06943707203103261,6739035,NC
0.07946780078782636,6739036,NC
0.07949847799051571,6739037,NC
0.09952910361006445,6739038,NC
0.13455967761748533,6739039,NC
0.16459019998383984,6739040,NC
0.1646206706802383,6739041,NC
0.17965108967784013,6739042,NC
0.18468145694785348,6739043,NC
0.20471177246153555,6739044,NC
0.2297420361901925,6739045,NC
0.23477224810517963,6739046,NC
0.2598024081779011,6739047,NC
0.24983251637981024,6739048,NC
0.24986257268240947,6739049,NC
0.24989257705725024,6739050,NC
0.26992252947593326,6739051,NC
0.29495242991010845,6739052,NC
0.30498227833147484,6739053,NC
0.31001207471178066,6739054,NC
0.2950418190228235,6739055,NC
0.3150715112364502,6739056,NC
0.3351011513245569,6739057,NC
0.345130739259089,6739058,NC
0.35516027501204145,6739059,NC
0.3501897585554584,6739060,NC
0.33021918986143356,6739061,NC
0.33024856890210996,6739062,NC
0.3252778956496802,6739063,NC
0.3603071700763863,6739064,NC
0.3353363921545199,6739065,NC
0.31036556185642206,6739066,NC
0.27539467915448346,6739067,NC
0.2354237440211445,6739068,NC
0.22545275642889506,6739069,NC
0.21548171635027466,6739070,NC
0.18551062375787264,6739071,NC
0.15553947862432793,6739072,NC
0.1105682809223292,6739073,NC
0.090597030624615,6739074,NC
0.07062572770397342,6739075,NC
0.08065437213324257,6739076,NC
