channel_0,sample #,type
0.15669300065408137,6817966,NC
0.15177611594400237,6817967,NC
0.13685931962751713,6817968,NC
0.12194261157830852,6817969,NC
0.11202599166992541,6817970,NC
0.10710945977578297,6817971,NC
0.11719301576916258,6817972,NC
0.07227665952321231,6817973,NC
0.037360390910946915,6817974,NC
-0.002555790194751842,6817975,NC
-0.022471883921135048,6817976,NC
-0.03238789039558654,6817977,NC
-0.04730380974562241,6817978,NC
-0.0772196420988912,6817979,NC
-0.10713538758317348,6817980,NC
-0.14705104632638172,6817981,NC
-0.15696661845656001,6817982,NC
-0.171882104101884,6817983,NC
-0.18179750339066067,6817984,NC
-0.19171281645132793,6817985,NC
-0.2266280434124548,6817986,NC
-0.24654318440274087,6817987,NC
-0.2464582395510164,6817988,NC
-0.2563732089862418,6817989,NC
-0.2362880928375077,6817990,NC
-0.24120289123403477,6817991,NC
-0.2711176043051731,6817992,NC
-0.28603223218040263,6817993,NC
-0.29094677498933247,6817994,NC
-0.28086123286170095,6817995,NC
-0.25577560592737536,6817996,NC
-0.2656898943163517,6817997,NC
-0.27560409815875453,6817998,NC
-0.2905182175848367,6817999,NC
-0.2954322527249793,6818000,NC
-0.28534620370969144,6818001,NC
-0.2802600706696099,6818002,NC
-0.27017385373549896,6818003,NC
-0.2950875530382504,6818004,NC
-0.29500116870888315,6818005,NC
-0.304914700878543,6818006,NC
-0.29982814967850263,6818007,NC
-0.28474151524016117,6818008,NC
-0.27465479769504425,6818009,NC
-0.3045679971748036,6818010,NC
-0.2944811138112169,6818011,NC
-0.2843941477361877,6818012,NC
-0.28430709908174495,6818013,NC
-0.27421996798004306,6818014,NC
-0.27913275456336173,6818015,NC
-0.2840454589641054,6818016,NC
-0.2839580813148034,6818017,NC
-0.2838706217481097,6818018,NC
-0.2737830803968025,6818019,NC
-0.2586954573937842,6818020,NC
-0.26360775287208116,6818021,NC
-0.25851996696484353,6818022,NC
-0.288432099805345,6818023,NC
-0.27834415152698266,6818024,NC
-0.2782561222632766,6818025,NC
-0.2631680121478701,6818026,NC
-0.25807982131452895,6818027,NC
-0.26799154989714163,6818028,NC
-0.28290319802971886,6818029,NC
-0.2828147658463936,6818030,NC
-0.26772625348142065,6818031,NC
-0.2526376610691767,6818032,NC
-0.2675489887441597,6818033,NC
-0.2774602366409892,6818034,NC
-0.2823714048944056,6818035,NC
-0.28728249363927044,6818036,NC
-0.2721935030105659,6818037,NC
-0.2621044331433945,6818038,NC
-0.2720152841729793,6818039,NC
-0.29192605623466344,6818040,NC
-0.2868367494639097,6818041,NC
-0.2867473639963007,6818042,NC
-0.2816578999675386,6818043,NC
-0.2665683575134447,6818044,NC
-0.2764787367699595,6818045,NC
-0.28138903787314223,6818046,NC
-0.2862992609591708,6818047,NC
-0.2962094061643416,6818048,NC
-0.2811194736250692,6818049,NC
-0.2760294634778863,6818050,NC
-0.2759393758594433,6818051,NC
-0.2858492109065083,6818052,NC
-0.3057589687559668,6818053,NC
-0.29566864954482147,6818054,NC
-0.28557825341019194,6818055,NC
-0.27548778048931466,6818056,NC
-0.28039723091954266,6818057,NC
-0.29530660483834537,6818058,NC
-0.3052159023833083,6818059,NC
-0.305125123692133,6818060,NC
-0.3000342689026367,6818061,NC
-0.27494333815275207,6818062,NC
-0.28485233158052725,6818063,NC
-0.28976124932412545,6818064,NC
-0.30467009152182484,6818065,NC
-0.299578858312018,6818066,NC
-0.28948754983321245,6818067,NC
-0.2743961662240296,6818068,NC
-0.2843047076232051,6818069,NC
-0.3092131741695883,6818070,NC
-0.3191215660021424,6818071,NC
-0.31402988325994385,6818072,NC
-0.28893812608218244,6818073,NC
-0.2988462946081609,6818074,NC
-0.2987543889772948,6818075,NC
-0.30866240932911215,6818076,NC
-0.3485703558032535,6818077,NC
-0.32847822853947156,6818078,NC
-0.30838602767763085,6818079,NC
-0.2832937533577076,6818080,NC
-0.27820140571978996,6818081,NC
-0.2881089849040768,6818082,NC
-0.2980164910508786,6818083,NC
-0.27792392430061624,6818084,NC
-0.2678312847938217,6818085,NC
-0.2577385726711372,6818086,NC
-0.2526457880733153,6818087,NC
-0.2575529311412185,6818088,NC
-0.26746000201581915,6818089,NC
-0.2573670008381992,6818090,NC
-0.24727392774954998,6818091,NC
-0.237180782891172,6818092,NC
-0.23208756640447478,6818093,NC
-0.24699427843097652,6818094,NC
-0.23690091911230393,6818095,NC
-0.23680748859019218,6818096,NC
-0.2117139870064843,6818097,NC
-0.20662041450313134,6818098,NC
-0.22652677122219206,6818099,NC
-0.25643305730583266,6818100,NC
-0.2663392728963264,6818101,NC
-0.25124541813605394,6818102,NC
-0.24115149316750226,6818103,NC
-0.2310574981332652,6818104,NC
-0.24596343317604308,6818105,NC
-0.26586929843864215,6818106,NC
-0.28577509406397467,6818107,NC
-0.28068082019505863,6818108,NC
-0.2805864769750176,6818109,NC
-0.2754920645470804,6818110,NC
-0.29039758305458074,6818111,NC
-0.3003030326409574,6818112,NC
-0.31520841344975375,6818113,NC
-0.31011372562461753,6818114,NC
-0.30001896930930066,6818115,NC
-0.29992414464765915,6818116,NC
-0.3048292517836526,6818117,NC
-0.3197342908613443,6818118,NC
-0.33463926202490074,6818119,NC
-0.3245441654185917,6818120,NC
-0.3194490011867897,6818121,NC
-0.32435376947396993,6818122,NC
-0.33925847042471,6818123,NC
-0.34416310418369006,6818124,NC
-0.3690676708956917,6818125,NC
-0.3639721707055988,6818126,NC
-0.33387660375839645,6818127,NC
-0.3187809701991715,6818128,NC
-0.32868527017311144,6818129,NC
-0.3635895038255052,6818130,NC
-0.35849367130174187,6818131,NC
-0.3833977727473113,6818132,NC
-0.35330180830780356,6818133,NC
-0.3532057781289087,6818134,NC
-0.34310968235641665,6818135,NC
-0.3580135211362168,6818136,NC
-0.377917294614298,6818137,NC
-0.38282100293674826,6818138,NC
-0.3627246462497543,6818139,NC
-0.3526282246996018,6818140,NC
-0.3575317384326748,6818141,NC
-0.3624351875954555,6818142,NC
-0.37733857233452434,6818143,NC
-0.38724189279655935,6818144,NC
-0.3521451491283363,6818145,NC
-0.3420483414767282,6818146,NC
-0.34195146998870524,6818147,NC
-0.36185453481133467,6818148,NC
-0.3767575360917802,6818149,NC
-0.3666604739773021,6818150,NC
-0.3565633486152569,6818151,NC
-0.3464661601530973,6818152,NC
-0.3513689087383714,6818153,NC
-0.3562715945187232,6818154,NC
-0.366174217641892,6818155,NC
-0.36107677825571216,6818156,NC
-0.35597927650811295,6818157,NC
-0.32088171254711845,6818158,NC
-0.3157840865208469,6818159,NC
-0.32068639857751097,6818160,NC
-0.3155886488654173,6818161,NC
-0.2854908375329664,6818162,NC
-0.25039296472865213,6818163,NC
-0.2052950306010618,6818164,NC
-0.14519703529887582,6818165,NC
-0.08009897897086748,6818166,NC
-8.617659025753066e-07,6818167,NC
0.10009731616706052,6818168,NC
0.20019555467897124,6818169,NC
0.28029385362068715,6818170,NC
0.31039221284297397,6818171,NC
0.30049063219650596,6818172,NC
0.26558911153186604,6818173,NC
0.20568765069954625,6818174,NC
0.16078624954994758,6818175,NC
0.1458849079333804,6818176,NC
0.1459836257000649,6818177,NC
0.17108240270013092,6818178,NC
0.23118123878361854,6818179,NC
0.3562801338004779,6818180,NC
0.49637908760057003,6818181,NC
0.6064781000336663,6818182,NC
0.6865771709494495,6818183,NC
0.7166763001975132,6818184,NC
0.6917754876273627,6818185,NC
0.621874733088415,6818186,L
0.5369740364299987,6818187,NC
0.45707339750135495,6818188,NC
0.3571728161516369,6818189,NC
0.2822722922299103,6818190,NC
0.17737182558515396,6818191,NC
0.09247141606625961,6818192,NC
0.0025710635220321312,6818193,NC
-0.10732923219880985,6818194,NC
-0.22722947124763415,6818195,NC
-0.35212965377589456,6818196,NC
-0.4470297799351307,6818197,NC
-0.5069298498769679,6818198,NC
-0.5468298637531165,6818199,NC
-0.5517298217153723,6818200,NC
-0.5616297239156158,6818201,NC
-0.5465295705058122,6818202,NC
-0.541429361638011,6818203,NC
-0.5163290974643462,6818204,NC
-0.49622877813703553,6818205,NC
-0.46612840380838044,6818206,NC
-0.4710279746307662,6818207,NC
-0.48592749075666075,6818208,NC
-0.4908269523386156,6818209,NC
-0.49572635952926486,6818210,NC
-0.4856257124813252,6818211,NC
-0.4655250113475957,6818212,NC
-0.4704242562809576,6818213,NC
-0.4853234474343739,6818214,NC
-0.49522258496088917,6818215,NC
-0.49512166901362964,6818216,NC
-0.48502069974580253,6818217,NC
-0.46991967731069606,6818218,NC
-0.45981860186167933,6818219,NC
-0.4747174735522016,6818220,NC
-0.47961629253579274,6818221,NC
-0.4745150589660623,6818222,NC
-0.4644137729966997,6818223,NC
-0.4543124347814742,6818224,NC
-0.44921104447423404,6818225,NC
-0.4641096022289067,6818226,NC
-0.47400810819949846,6818227,NC
-0.4789065625400942,6818228,NC
-0.4638049654048573,6818229,NC
-0.42870331694802905,6818230,NC
-0.43860161732392894,6818231,NC
-0.4434998666869539,6818232,NC
-0.44839806519157854,6818233,NC
-0.43829621299235455,6818234,NC
-0.4331943102439106,6818235,NC
-0.41809235710095194,6818236,NC
-0.4129903537182606,6818237,NC
-0.4178883002506948,6818238,NC
-0.41278619685318874,6818239,NC
-0.4126840436807525,6818240,NC
-0.38258184088847164,6818241,NC
-0.3674795886315072,6818242,NC
-0.36737728706509504,6818243,NC
-0.3672749363445461,6818244,NC
-0.37717253662524586,6818245,NC
-0.36707008806265434,6818246,NC
-0.3419675908123055,6818247,NC
-0.3218650450298073,6818248,NC
-0.3217624508708415,6818249,NC
-0.32165980849116305,6818250,NC
-0.35155711804660034,6818251,NC
-0.3264543796930545,6818252,NC
-0.29135159358649976,6818253,NC
-0.2762487598829824,6818254,NC
-0.2761458787386214,6818255,NC
-0.2710429503096074,6818256,NC
-0.255939974752203,6818257,NC
-0.25083695222274227,6818258,NC
-0.22573388287763066,6818259,NC
-0.21063076687334473,6818260,NC
-0.18052760436643178,6818261,NC
-0.19542439551350976,6818262,NC
-0.18032114047126702,6818263,NC
-0.17521783939646188,6818264,NC
-0.1551144924459227,6818265,NC
-0.12501109977654742,6818266,NC
-0.11990766154530344,6818267,NC
-0.11480417790922726,6818268,NC
-0.11470064902542437,6818269,NC
-0.12459707505106897,6818270,NC
-0.07949345614340357,6818271,NC
-0.05938979245973905,6818272,NC
-0.02928608415745423,6818273,NC
-0.024182331393995657,6818274,NC
-0.014078534326877373,6818275,NC
0.0010253068863193132,6818276,NC
0.03612919208794599,6818277,NC
0.04123312112028772,6818278,NC
0.036337093825562744,6818279,NC
0.03644111004592312,6818280,NC
0.016545169623454824,6818281,NC
0.021649272400178034,6818282,NC
0.0117534182180473,6818283,NC
0.01185760691895179,6818284,NC
-0.008038161655284221,6818285,NC
-0.04793388766290155,6818286,NC
-0.07282957126220554,6818287,NC
-0.09772521261156597,6818288,NC
-0.10762081186941669,6818289,NC
-0.11751636919425548,6818290,NC
-0.14241188474464392,6818291,NC
-0.16230735867920668,6818292,NC
-0.18220279115663188,6818293,NC
-0.2020981823356705,6818294,NC
-0.21199353237513632,6818295,NC
-0.21188884143390535,6818296,NC
-0.23178410967091603,6818297,NC
-0.2566793372451688,6818298,NC
-0.27657452431572543,6818299,NC
-0.2714696710417097,6818300,NC
-0.2813647775823064,6818301,NC
-0.2562598440967612,6818302,NC
-0.27615487074438083,6818303,NC
-0.2910498576845324,6818304,NC
-0.3059448050766433,6818305,NC
-0.31083971308020075,6818306,NC
-0.3157345818547522,6818307,NC
-0.2856294115599044,6818308,NC
-0.2855242023553234,6818309,NC
-0.3054189544007344,6818310,NC
-0.3253136678559213,6818311,NC
-0.3302083428807269,6818312,NC
-0.3151029796350519,6818313,NC
-0.2949975782788555,6818314,NC
-0.3048921389721544,6818315,NC
-0.3147866618750232,6818316,NC
-0.34968114714759385,6818317,NC
-0.32957559495005523,6818318,NC
-0.3094700054426534,6818319,NC
-0.3043643787856907,6818320,NC
-0.31425871513952613,6818321,NC
-0.3241530146645748,6818322,NC
-0.3290472775213077,6818323,NC
-0.32894150387025145,6818324,NC
-0.3038356938719882,6818325,NC
-0.3137298476871553,6818326,NC
-0.3036239654764448,6818327,NC
-0.3085180474006036,6818328,NC
-0.3234120936204332,6818329,NC
-0.32330610429678913,6818330,NC
-0.3382000795905808,6818331,NC
-0.29809401966277155,6818332,NC
-0.3029879246743781,6818333,NC
-0.3128817947864702,6818334,NC
-0.32777563016017097,6818335,NC
-0.317669430956656,6818336,NC
-0.31756319733715344,6818337,NC
-0.3024569294629438,6818338,NC
-0.3073506274953592,6818339,NC
-0.31224429159578415,6818340,NC
-0.33213792192565417,6818341,NC
-0.33703151864645614,6818342,NC
-0.31192508191972806,6818343,NC
-0.3068186119070588,6818344,NC
-0.3017121087700876,6818345,NC
-0.3166055726705039,6818346,NC
-0.33149900377004754,6818347,NC
-0.32639240223050775,6818348,NC
-0.32128576821372357,6818349,NC
-0.2861791018815833,6818350,NC
-0.31107240339602416,6818351,NC
-0.3209656729190324,6818352,NC
-0.34585891061264273,6818353,NC
-0.34075211663893823,6818354,NC
-0.32064529116004986,6818355,NC
-0.32053843433815665,6818356,NC
-0.3104315463354851,6818357,NC
-0.33032462731430917,6818358,NC
-0.3402176774369497,6818359,NC
-0.33511069686577455,6818360,NC
-0.33000368576319816,6818361,NC
-0.3098966442916812,6818362,NC
-0.31978957261373053,6818363,NC
-0.3396824708918989,6818364,NC
-0.3295753392887846,6818365,NC
-0.3444681779670314,6818366,NC
-0.334360987089328,6818367,NC
-0.32425376681840823,6818368,NC
-0.3191465173170502,6818369,NC
-0.33403923874807673,6818370,NC
-0.34893193127435457,6818371,NC
-0.3388245950587944,6818372,NC
-0.33371723026435063,6818373,NC
-0.31360983705402085,6818374,NC
-0.33350241559084615,6818375,NC
-0.33339496603790997,6818376,NC
-0.3382874885583389,6818377,NC
-0.34317998331530164,6818378,NC
-0.3380724504720091,6818379,NC
-0.32296489019171426,6818380,NC
-0.3278573026377116,6818381,NC
-0.3327496879733369,6818382,NC
-0.3426420463619673,6818383,NC
-0.3525343779670207,6818384,NC
-0.33742668295195577,6818385,NC
-0.3123189614802716,6818386,NC
-0.3122112137155073,6818387,NC
-0.3221034398212421,6818388,NC
-0.32199563996109487,6818389,NC
-0.3068878142987236,6818390,NC
-0.2917799629978258,6818391,NC
-0.2766720862221378,6818392,NC
-0.2865641841354345,6818393,NC
-0.29145625690152943,6818394,NC
-0.29634830468427414,6818395,NC
-0.2962403276475581,6818396,NC
-0.3011323259553085,6818397,NC
-0.2710242997714901,6818398,NC
-0.2859162492601046,6818399,NC
-0.27080817458519074,6818400,NC
-0.26570007591082406,6818401,NC
-0.2505919534011163,6818402,NC
-0.2504838072202157,6818403,NC
-0.24537563753230604,6818404,NC
-0.25526744450160704,6818405,NC
-0.26515922829237387,6818406,NC
-0.28505098906889687,6818407,NC
-0.28994272699550117,6818408,NC
-0.27983444223654685,6818409,NC
-0.26472613495642816,6818410,NC
-0.2796178053195737,6818411,NC
-0.289509453490446,6818412,NC
-0.2994010796335411,6818413,NC
-0.2992926839133889,6818414,NC
-0.30418426649455216,6818415,NC
-0.30407582754162654,6818416,NC
-0.29896736721924067,6818417,NC
-0.3188588856920553,6818418,NC
-0.3437503831247636,6818419,NC
-0.3386418596820906,6818420,NC
-0.343533315528793,6818421,NC
-0.32342475082965905,6818422,NC
-0.3383161657495082,6818423,NC
-0.34820756045319057,6818424,NC
-0.35809893510558716,6818425,NC
-0.3479902898716096,6818426,NC
-0.34788162491619945,6818427,NC
-0.3327729404043282,6818428,NC
-0.35266423650099726,6818429,NC
-0.36255551337123715,6818430,NC
-0.38744677118010795,6818431,NC
-0.36233801009269845,6818432,NC
-0.3422292302741261,6818433,NC
-0.3421204318895369,6818434,NC
-0.34701161510410494,6818435,NC
-0.35690278008303233,6818436,NC
-0.381793926991549,6818437,NC
-0.3816850559949119,6818438,NC
-0.36657616725840547,6818439,NC
-0.35146726094734115,6818440,NC
-0.35135833722705684,6818441,NC
-0.35624939626291685,6818442,NC
-0.381140438220312,6818443,NC
-0.37603146326465875,6818444,NC
-0.3809224715613993,6818445,NC
-0.37081346327600123,6818446,NC
-0.3657044385739574,6818447,NC
-0.3705953976207855,6818448,NC
-0.375486340582028,6818449,NC
-0.3953772676232517,6818450,NC
-0.3802681789100476,6818451,NC
-0.36015907460803054,6818452,NC
-0.37504995488283915,6818453,NC
-0.37994081990013545,6818454,NC
-0.38483166982560457,6818455,NC
-0.36972250482495456,6818456,NC
-0.36461332506391614,6818457,NC
-0.34950413070824254,6818458,NC
-0.354394921923709,6818459,NC
-0.3742856988761127,6818460,NC
-0.36917646173127244,6818461,NC
-0.36906721065502857,6818462,NC
-0.3589579458132425,6818463,NC
-0.32884866737179647,6818464,NC
-0.3187393754965935,6818465,NC
-0.32863007035355685,6818466,NC
-0.30852075210863,6818467,NC
-0.29341142092777645,6818468,NC
-0.25330207697697915,6818469,NC
-0.19319272042224045,6818470,NC
-0.11308335142958197,6818471,NC
-0.0479739701650441,6818472,NC
0.037135423205314017,6818473,NC
0.12724482851541513,6818474,NC
0.22235424559916359,6818475,NC
0.2824636742904459,6818476,NC
0.3075731144231311,6818477,NC
0.2776825658310707,6818478,NC
0.24279202834809918,6818479,NC
0.1929015018080342,6818480,NC
0.16301098604467665,6818481,NC
0.16812048089181117,6818482,NC
0.1882299861832063,6818483,NC
0.23833950175261462,6818484,NC
0.3134490274337733,6818485,NC
0.4185585630604039,6818486,NC
0.5536681084662131,6818487,NC
0.6587776634848926,6818488,NC
0.7438872279501196,6818489,NC
0.763996801695557,6818490,NC
0.7341063845548533,6818491,L
0.6542159763616437,6818492,NC
0.5593255769495491,6818493,NC
0.46443518615217794,6818494,NC
0.3745448038031249,6818495,NC
0.28465442973597194,6818496,NC
0.17976406378428875,6818497,NC
0.0798737057816324,6818498,NC
-0.030016644438451964,6818499,NC
-0.11990698704243105,6818500,NC
-0.24479732219678318,6818501,NC
-0.35968765006799785,6818502,NC
-0.4495779708225757,6818503,NC
-0.5194682846270282,6818504,NC
-0.5543585916478774,6818505,NC
-0.5542488920516554,6818506,NC
-0.5491391860049047,6818507,NC
-0.5540294736741774,6818508,NC
-0.5439197552260351,6818509,NC
-0.5288100308270488,6818510,NC
-0.5137003006437986,6818511,NC
-0.48359056484287294,6818512,NC
-0.4684808235908695,6818513,NC
-0.48337107705439364,6818514,NC
-0.4982613254000591,6818515,NC
-0.48815156879448707,6818516,NC
-0.4780418074043065,6818517,NC
-0.4729320413961536,6818518,NC
-0.4678222709366715,6818519,NC
-0.47271249619251005,6818520,NC
-0.47760271733032583,6818521,NC
-0.49249293451678133,6818522,NC
-0.4823831479185453,6818523,NC
-0.45227335770229216,6818524,NC
-0.4471635640347018,6818525,NC
-0.4570537670824594,6818526,NC
-0.47694396701225505,6818527,NC
-0.47683416399078365,6818528,NC
-0.4517243581847447,6818529,NC
-0.4366145497608415,6818530,NC
-0.4315047388857817,6818531,NC
-0.4463949257262767,6818532,NC
-0.45628511044904113,6818533,NC
-0.4511752932207929,6818534,NC
-0.43106547420825314,6818535,NC
-0.42095565357814524,6818536,NC
-0.41084583149719534,6818537,NC
-0.4307360081321318,6818538,NC
-0.42062618364968485,6818539,NC
-0.42551635821658634,6818540,NC
-0.40040653199956977,6818541,NC
-0.3902967051653696,6818542,NC
-0.38518687788072137,6818543,NC
-0.3850770503123613,6818544,NC
-0.3899672226270259,6818545,NC
-0.394857394991452,6818546,NC
-0.3647475675723764,6818547,NC
-0.3546377405365354,6818548,NC
-0.34452791405066496,6818549,NC
-0.3794180882814999,6818550,NC
-0.35930826339577415,6818551,NC
-0.36419843956022024,6818552,NC
-0.33908861694156917,6818553,NC
-0.31397879570654996,6818554,NC
-0.30386897602188967,6818555,NC
-0.2987591580543129,6818556,NC
-0.3136493419705419,6818557,NC
-0.29353952793729554,6818558,NC
-0.29342971612129004,6818559,NC
-0.2583199066892381,6818560,NC
-0.2582100998078488,6818561,NC
-0.26810029564382737,6818562,NC
-0.2579904943638749,6818563,NC
-0.23288069613468798,6818564,NC
-0.21277090112295882,6818565,NC
-0.17766110949537453,6818566,NC
-0.15755132141861725,6818567,NC
-0.15244153705936353,6818568,NC
-0.1623317565842845,6818569,NC
-0.1522219801600452,6818570,NC
-0.12711220795330472,6818571,NC
-0.08700244013071545,6818572,NC
-0.08189267685892342,6818573,NC
-0.08678291830456758,6818574,NC
-0.09167316463427981,6818575,NC
-0.07656341601468454,6818576,NC
-0.05145367261239858,6818577,NC
-0.03134393459403064,6818578,NC
-0.006234202126181442,6818579,NC
-0.011124475375443237,6818580,NC
-0.006014754508399584,6818581,NC
0.014094960308374895,6818582,NC
0.03420466890831476,6818583,NC
0.06431437112486399,6818584,NC
0.05942406679147623,6818585,NC
0.05453375574161524,6818586,NC
0.04964343780875477,6818587,NC
0.044753112826379116,6818588,NC
0.034862780627983245,6818589,NC
0.024972441047073093,6818590,NC
0.0050820939171657325,6818591,NC
-0.02480826092821008,6818592,NC
-0.049698623655514106,6818593,NC
-0.06958899443119405,6818594,NC
-0.07947937342168546,6818595,NC
-0.06936976079341128,6818596,NC
-0.08926015671278187,6818597,NC
-0.10915056134619455,6818598,NC
-0.15404097486003349,6818599,NC
-0.1889313974206691,6818600,NC
-0.1838218291944584,6818601,NC
-0.1937122703477443,6818602,NC
-0.19860272104685536,6818603,NC
-0.2284931814581059,6818604,NC
-0.25338365174779515,6818605,NC
-0.2832741320822076,6818606,NC
-0.28316462262761244,6818607,NC
-0.28805512355026336,6818608,NC
-0.2929456350163982,6818609,NC
-0.3028361571922389,6818610,NC
-0.31772669024399114,6818611,NC
-0.322617234337844,6818612,NC
-0.32250778963997,6818613,NC
-0.31239835631652424,6818614,NC
-0.33728893453364495,6818615,NC
-0.32717952445745274,6818616,NC
-0.3370701262540503,6818617,NC
-0.3419607400895225,6818618,NC
-0.3318513661299358,6818619,NC
-0.31674200454133816,6818620,NC
-0.32663265548975867,6818621,NC
-0.3265233191412076,6818622,NC
-0.3564139956616757,6818623,NC
-0.3413046852171344,6818624,NC
-0.3311953879735353,6818625,NC
-0.3210861040968097,6818626,NC
-0.315976833752869,6818627,NC
-0.3358675771076037,6818628,NC
-0.3507583343268837,6818629,NC
-0.3406491055765578,6818630,NC
-0.3305398910224536,6818631,NC
-0.3154306908303771,6818632,NC
-0.31532150516611224,6818633,NC
-0.3202123341954212,6818634,NC
-0.32010317808404387,6818635,NC
-0.3249940369976974,6818636,NC
-0.31988491110207623,6818637,NC
-0.3047758005628517,6818638,NC
-0.3096667055456719,6818639,NC
-0.3295576262161613,6818640,NC
-0.3394485627399206,6818641,NC
-0.34933951528252627,6818642,NC
-0.3342304840095307,6818643,NC
-0.33412146908646156,6818644,NC
-0.3190124706788218,6818645,NC
-0.31890348895208914,6818646,NC
-0.33379452407171617,6818647,NC
-0.3436855762031297,6818648,NC
-0.3235766455117308,6818649,NC
-0.3134677321628946,6818650,NC
-0.3033588363219697,6818651,NC
-0.32324995815427815,6818652,NC
-0.32814109782511536,6818653,NC
-0.32303225549974945,6818654,NC
-0.3179234313434212,6818655,NC
-0.2978146255213439,6818656,NC
-0.30770583819870306,6818657,NC
-0.332597069540656,6818658,NC
-0.34248831971233173,6818659,NC
-0.36237958887883076,6818660,NC
-0.3372708772052245,6818661,NC
-0.32216218485655557,6818662,NC
-0.3120535119978371,6818663,NC
-0.31694485879405265,6818664,NC
-0.341836225410156,6818665,NC
-0.3467276120110708,6818666,NC
-0.3216190187616903,6818667,NC
-0.32151044582687727,6818668,NC
-0.3164018933714636,6818669,NC
-0.33129336156024997,6818670,NC
-0.3411848505580059,6818671,NC
-0.3360763605294692,6818672,NC
-0.34596789163934594,6818673,NC
-0.32585944405231,6818674,NC
-0.34075101793300294,6818675,NC
-0.34064261344603375,6818676,NC
-0.35553423075597856,6818677,NC
-0.34042587002738045,6818678,NC
-0.31031753142474916,6818679,NC
-0.29020921511256065,6818680,NC
-0.3001009212552574,6818681,NC
-0.29999265001724756,6818682,NC
-0.30988440156290487,6818683,NC
-0.3097761760565686,6818684,NC
-0.31466797366254323,6818685,NC
-0.3095597945450981,6818686,NC
-0.3244516388684671,6818687,NC
-0.3393435067968488,6818688,NC
-0.33923539849440565,6818689,NC
-0.33412731412526414,6818690,NC
-0.3340192538535145,6818691,NC
-0.3339112178432102,6818692,NC
-0.343803206258368,6818693,NC
-0.3536952192629676,6818694,NC
-0.3385872570209512,6818695,NC
-0.3334793196962237,6818696,NC
-0.298371407452652,6818697,NC
-0.2932635204540648,6818698,NC
-0.2981556588642526,6818699,NC
-0.29804782284696746,6818700,NC
-0.30294001256592246,6818701,NC
-0.30783222818479156,6818702,NC
-0.2927244698672096,6818703,NC
-0.28261673777677165,6818704,NC
-0.272509032077033,6818705,NC
-0.292401352931509,6818706,NC
-0.2822937005036745,6818707,NC
-0.272186074956964,6818708,NC
-0.2620784764547711,6818709,NC
-0.21697090516044826,6818710,NC
-0.20686336123730664,6818711,NC
-0.21175584484861598,6818712,NC
-0.23664835615760407,6818713,NC
-0.23654089532745678,6818714,NC
-0.23643346252131764,6818715,NC
-0.22632605790228763,6818716,NC
-0.24121868163342483,6818717,NC
-0.2711113338777444,6818718,NC
-0.3110040147982182,6818719,NC
-0.3058967245577746,6818720,NC
-0.28578946331929805,6818721,NC
-0.2856822312456291,6818722,NC
-0.28557502849956395,6818723,NC
-0.2904678552438543,6818724,NC
-0.32036071164120716,6818725,NC
-0.3452535978542843,6818726,NC
-0.34014651404570234,6818727,NC
-0.33503946037803256,6818728,NC
-0.33993243701380027,6818729,NC
-0.3348254441154848,6818730,NC
-0.3547184818455194,6818731,NC
-0.3446115503662905,6818732,NC
-0.339504649840138,6818733,NC
-0.33439778042935486,6818734,NC
-0.32929094229618666,6818735,NC
-0.3291841356028316,6818736,NC
-0.3540773605114401,6818737,NC
-0.35897061718411466,6818738,NC
-0.35886390578290933,6818739,NC
-0.34875722646983,6818740,NC
-0.3586505794068336,6818741,NC
-0.35854396475582834,6818742,NC
-0.35343738267867303,6818743,NC
-0.3533308333371772,6818744,NC
-0.3482243168931003,6818745,NC
-0.3281178335081523,6818746,NC
-0.3280113833439928,6818747,NC
-0.3379049665622309,6818748,NC
-0.3377985833244251,6818749,NC
-0.33769223379208285,6818750,NC
-0.33258591812666066,6818751,NC
-0.3174796364895635,6818752,NC
-0.3273733890421446,6818753,NC
-0.34226717594570527,6818754,NC
-0.3521609973614949,6818755,NC
-0.3570548534507103,6818756,NC
-0.3269487443744956,6818757,NC
-0.29684267029394223,6818758,NC
-0.30673663137008844,6818759,NC
-0.33163062776391883,6818760,NC
-0.35652465963636476,6818761,NC
-0.36641872714830354,6818762,NC
-0.3513128304605584,6818763,NC
-0.3112069697338982,6818764,NC
-0.3011011451290373,6818765,NC
-0.32099535680663505,6818766,NC
-0.3308896049272959,6818767,NC
-0.33078388965156885,6818768,NC
-0.3106782111399474,6818769,NC
-0.30057256955286915,6818770,NC
-0.31046696505071575,6818771,NC
-0.32036139779381245,6818772,NC
-0.33525586794242807,6818773,NC
-0.3251503756567745,6818774,NC
-0.3000449210970067,6818775,NC
-0.2549395044232224,6818776,NC
-0.22983412579546153,6818777,NC
-0.1997287853737067,6818778,NC
-0.18462348331788217,6818779,NC
-0.11451821978785415,6818780,NC
-0.024412994943430275,6818781,NC
0.07569219105564065,6818782,NC
0.16579733804966862,6818783,NC
0.2559024458790229,6818784,NC
0.32600751438413217,6818785,NC
0.356112543405485,6818786,NC
0.36121753278362967,6818787,NC
0.3313224823591748,6818788,NC
0.2614273919727893,6818789,NC
0.20153226146520295,6818790,NC
0.18163709067720626,6818791,NC
0.1717418794496509,6818792,NC
0.2368466276234501,6818793,NC
0.32195133503957846,6818794,NC
0.44705600153907277,6818795,NC
0.5571606269630318,6818796,NC
0.6622652111526165,6818797,NC
0.7523697539490506,6818798,NC
0.8124742551936208,6818799,NC
0.8175787147276765,6818800,NC
0.7726831323926309,6818801,L
0.6827875080299604,6818802,NC
0.5728918414812053,6818803,NC
0.46799613258797,6818804,NC
0.3981003811919232,6818805,NC
0.34820458713479807,6818806,NC
0.22330875025839253,6818807,NC
0.09841287040456954,6818808,NC
-0.04648305258474275,6818809,NC
-0.17137901886755053,6818810,NC
-0.28127502860179443,6818811,NC
-0.3661710819453491,6818812,NC
-0.4360671790560229,6818813,NC
-0.49596332009155786,6818814,NC
-0.5258595052096292,6818815,NC
-0.5457557345678451,6818816,NC
-0.5206520083237471,6818817,NC
-0.47554832663480884,6818818,NC
-0.4604446896584364,6818819,NC
-0.44534109755196805,6818820,NC
-0.45023755047267405,6818821,NC
-0.4451340485777561,6818822,NC
-0.43503059202434746,6818823,NC
-0.4249271809695123,6818824,NC
-0.41982381557024606,6818825,NC
-0.44472049598347463,6818826,NC
-0.44961722236605445,6818827,NC
-0.43951399487477216,6818828,NC
-0.42441081366634437,6818829,NC
-0.4143076788974173,6818830,NC
-0.41920459072456695,6818831,NC
-0.43410154930429823,6818832,NC
-0.44399855479304534,6818833,NC
-0.44889560734717115,6818834,NC
-0.4287927071229672,6818835,NC
-0.4086898542766531,6818836,NC
-0.3985870489643768,6818837,NC
-0.4184842913422139,6818838,NC
-0.4233815815661675,6818839,NC
-0.44327891979216844,6818840,NC
-0.4331763061760745,6818841,NC
-0.41807374087367005,6818842,NC
-0.40797122404066655,6818843,NC
-0.42286875583270167,6818844,NC
-0.4177663364053392,6818845,NC
-0.4126639659140692,6818846,NC
-0.3925616445143069,6818847,NC
-0.37245937236139354,6818848,NC
-0.3723571496105952,6818849,NC
-0.3722549764171032,6818850,NC
-0.3671528529360335,6818851,NC
-0.36705077932242663,6818852,NC
-0.34194875573124733,6818853,NC
-0.31184678231738455,6818854,NC
-0.3167448592356511,6818855,NC
-0.32164298664078306,6818856,NC
-0.3315411646874402,6818857,NC
-0.3314393935302052,6818858,NC
-0.30133767332358374,6818859,NC
-0.276236004222004,6818860,NC
-0.26613438637981685,6818861,NC
-0.2660328199512951,6818862,NC
-0.2659313050906335,6818863,NC
-0.2558298419519488,6818864,NC
-0.2407284306892788,6818865,NC
-0.21062707145658277,6818866,NC
-0.19052576440774105,6818867,NC
-0.20042450969655465,6818868,NC
-0.1953233074767452,6818869,NC
-0.18022215790195462,6818870,NC
-0.14512106112574474,6818871,NC
-0.1150200173015975,6818872,NC
-0.1049190265829143,6818873,NC
-0.09481808912301588,6818874,NC
-0.08471720507514224,6818875,NC
-0.07461637459245227,6818876,NC
-0.054515597828023434,6818877,NC
-0.029414874934851835,6818878,NC
-0.014314206065851508,6818879,NC
0.005786408626145295,6818880,NC
0.005886968988388641,6818881,NC
0.025987474868211076,6818882,NC
0.04608792611302788,6818883,NC
0.06618832257033724,6818884,NC
0.0662886640877205,6818885,NC
0.08638895051284257,6818886,NC
0.09648918169345183,6818887,NC
0.11158935747738058,6818888,NC
0.13168947771254522,6818889,NC
0.1417895422469465,6818890,NC
0.1568895509286697,6818891,NC
0.13698950360588497,6818892,NC
0.13208940012684728,6818893,NC
0.1271892403398972,6818894,NC
0.1672890240934605,6818895,NC
0.17738875123604878,6818896,NC
0.15248842161625942,6818897,NC
0.1275880350827763,6818898,NC
0.10768759148436949,6818899,NC
0.08278709066989562,6818900,NC
0.08288653248829839,6818901,NC
0.06798591678860841,6818902,NC
0.05308524341994373,6818903,NC
0.01318451223150991,6818904,NC
-0.03671627692739972,6818905,NC
-0.06161712420740381,6818906,NC
-0.07651802975903282,6818907,NC
-0.0814189937327286,6818908,NC
-0.10632001627884441,6818909,NC
-0.13622109754764464,6818910,NC
-0.1661222376893045,6818911,NC
-0.17602343685390967,6818912,NC
-0.1709246951914564,6818913,NC
-0.17082601285185103,6818914,NC
-0.1807273899849099,6818915,NC
-0.19562882674035897,6818916,NC
-0.20053032326783377,6818917,NC
-0.20043187971687904,6818918,NC
-0.1953334962369485,6818919,NC
-0.19523517297740486,6818920,NC
-0.1951369100875191,6818921,NC
-0.20003870771647084,6818922,NC
-0.21494056601334766,6818923,NC
-0.20984248512714504,6818924,NC
-0.19974446520676625,6818925,NC
-0.19464650640102193,6818926,NC
-0.19454860885862985,6818927,NC
-0.20445077272821485,6818928,NC
-0.2193529981583086,6818929,NC
-0.20925528529734924,6818930,NC
-0.2041576342936812,6818931,NC
-0.20406004529555508,6818932,NC
-0.19896251845112725,6818933,NC
-0.20886505390845989,6818934,NC
-0.22876765181552033,6818935,NC
-0.22367031232018128,6818936,NC
-0.20357303557022036,6818937,NC
-0.20347582171332,6818938,NC
-0.18837867089706706,6818939,NC
-0.1832815832689528,6818940,NC
-0.20318455897637233,6818941,NC
-0.21808759816662485,6818942,NC
-0.21299070098691306,6818943,NC
-0.20289386758434308,6818944,NC
-0.18779709810592426,6818945,NC
-0.1977003926985688,6818946,NC
-0.20260375150909168,6818947,NC
-0.19750717468421042,6818948,NC
-0.19241066237054485,6818949,NC
-0.17731421471461667,6818950,NC
-0.18721783186284963,6818951,NC
-0.19712151396156896,6818952,NC
-0.20202526115700148,6818953,NC
-0.1969290735952749,6818954,NC
-0.20183295142241803,6818955,NC
-0.19173689478436048,6818956,NC
-0.1816409038269323,6818957,NC
-0.19654497869586374,6818958,NC
-0.20644911953678524,6818959,NC
-0.20635332649522703,6818960,NC
-0.19125759971661896,6818961,NC
-0.18616193934629033,6818962,NC
-0.18606634552946957,6818963,NC
-0.18597081841128402,6818964,NC
-0.19587535813675983,6818965,NC
-0.19077996485082171,6818966,NC
-0.1906846386982927,6818967,NC
-0.18058937982389367,6818968,NC
-0.1954941883722436,6818969,NC
-0.18539906448785906,6818970,NC
-0.19030400831515393,6818971,NC
-0.19520901999843948,6818972,NC
-0.19011409968192383,6818973,NC
-0.18001924750971188,6818974,NC
-0.17492446362580516,6818975,NC
-0.1948297481741013,6818976,NC
-0.19973510129839434,6818977,NC
-0.21464052314237403,6818978,NC
-0.18954601384962577,6818979,NC
-0.18945157356363054,6818980,NC
-0.1843572024277645,6818981,NC
-0.18426290058529882,6818982,NC
-0.19416866817939935,6818983,NC
-0.20407450535312674,6818984,NC
-0.20398041224943592,6818985,NC
-0.17388638901117592,6818986,NC
-0.16879243578108977,6818987,NC
-0.17869855270181417,6818988,NC
-0.1936047399158793,6818989,NC
-0.20351099756570878,6818990,NC
-0.18341732579361908,6818991,NC
-0.17832372474181957,6818992,NC
-0.15823019455241238,6818993,NC
-0.16313673536739196,6818994,NC
-0.16804334732864498,6818995,NC
-0.1529500305779502,6818996,NC
-0.12785678525697786,6818997,NC
-0.11276361150729006,6818998,NC
-0.11267050947034013,6818999,NC
-0.11757747928747253,6819000,NC
-0.14748452109992263,6819001,NC
-0.13739163504881652,6819002,NC
-0.12729882127517075,6819003,NC
-0.10220607991989217,6819004,NC
-0.08211341112377772,6819005,NC
-0.08702081502751399,6819006,NC
-0.09692829177167739,6819007,NC
-0.09683584149673374,6819008,NC
-0.08674346434303809,6819009,NC
-0.07165116045083422,6819010,NC
-0.08155892996025499,6819011,NC
-0.0914667730113217,6819012,NC
-0.11137468974394399,6819013,NC
-0.11628268029791969,6819014,NC
-0.11619074481293451,6819015,NC
-0.10609888342856189,6819016,NC
-0.11100709628426278,6819017,NC
-0.12091538351938544,6819018,NC
-0.1358237452731652,6819019,NC
-0.14573218168472415,6819020,NC
-0.1356406928930712,6819021,NC
-0.12054927903710164,6819022,NC
-0.14045794025559702,6819023,NC
-0.14536667668722478,6819024,NC
-0.15027548847053834,6819025,NC
-0.15518437574397664,6819026,NC
-0.15009333864586413,6819027,NC
-0.13000237731441025,6819028,NC
-0.14491149188770958,6819029,NC
-0.14982068250374134,6819030,NC
-0.15972994930036943,6819031,NC
-0.179639292415342,6819032,NC
-0.17454871198629127,6819033,NC
-0.1744582081507336,6819034,NC
-0.1643677810460689,6819035,NC
-0.17427743080958066,6819036,NC
-0.18918715757843563,6819037,NC
-0.18409696148968374,6819038,NC
-0.17900684268025766,6819039,NC
-0.1739168012869728,6819040,NC
-0.17882683744652708,6819041,NC
-0.17373695129550068,6819042,NC
-0.19364714297035576,6819043,NC
-0.20355741260743648,6819044,NC
-0.1834677603429684,6819045,NC
-0.17337818631305885,6819046,NC
-0.17828869065369596,6819047,NC
-0.1781992735007492,6819048,NC
-0.1881099349899688,6819049,NC
-0.19802067525698552,6819050,NC
-0.1979314944373106,6819051,NC
-0.18284239266633545,6819052,NC
-0.18275337007933137,6819053,NC
-0.17766442681144962,6819054,NC
-0.18757556299772088,6819055,NC
-0.19248677877305534,6819056,NC
-0.19239807427224231,6819057,NC
-0.16730944962995004,6819058,NC
-0.16722090498072556,6819059,NC
-0.1671324404589945,6819060,NC
-0.17704405619906072,6819061,NC
-0.17195575233510632,6819062,NC
-0.16686752900119137,6819063,NC
-0.15677938633125366,6819064,NC
-0.15169132445910843,6819065,NC
-0.1516033435184484,6819066,NC
-0.16151544364284334,6819067,NC
-0.15142762496573992,6819068,NC
-0.13133988762046162,6819069,NC
-0.1012522317402084,6819070,NC
-0.08116465745805657,6819071,NC
-0.06107716490695846,6819072,NC
-0.05598975421974246,6819073,NC
0.004097574470887391,6819074,NC
0.0741848210323515,6819075,NC
0.16927198533219512,6819076,NC
0.25435906723808815,6819077,NC
0.32444606661782577,6819078,NC
0.3695329833393282,6819079,NC
0.3946198172706416,6819080,NC
0.3897065682799374,6819081,NC
0.34479323623551295,6819082,NC
0.274879821005792,6819083,NC
0.19996632245932422,6819084,NC
0.13505274046478605,6819085,NC
0.13513907489098045,6819086,NC
0.21022532560683727,6819087,NC
0.3153114924814136,6819088,NC
0.4403975753838937,6819089,NC
0.5654835741835893,6819090,NC
0.6455694887499398,6819091,NC
0.7406553189525126,6819092,NC
0.790741064661003,6819093,NC
0.7908267257452347,6819094,L
0.72591230207516,6819095,NC
0.6109977935208595,6819096,NC
0.49108319995254296,6819097,NC
0.38616852124054923,6819098,NC
0.29625375725534625,6819099,NC
0.23133890786753147,6819100,NC
0.11142397294783205,6819101,NC
0.001508952367104903,6819102,NC
-0.12340615400366281,6819103,NC
-0.23332134629335388,6819104,NC
-0.3182366246307206,6819105,NC
-0.3481519891443847,6819106,NC
-0.39306743996283683,6819107,NC
-0.42298297721443695,6819108,NC
-0.42289860102741356,6819109,NC
-0.40281431152986386,6819110,NC
-0.3627301088497533,6819111,NC
-0.3126459931149158,6819112,NC
-0.28756196445305293,6819113,NC
-0.27247802299173446,6819114,NC
-0.2523941688583974,6819115,NC
-0.26231040218034646,6819116,NC
-0.25722672308475336,6819117,NC
-0.227143131698657,6819118,NC
-0.2270596281489631,6819119,NC
-0.23197621256244408,6819120,NC
-0.24689288506573864,6819121,NC
-0.2518096457853519,6819122,NC
-0.241726494847655,6819123,NC
-0.211643432378885,6819124,NC
-0.21656045850514458,6819125,NC
-0.22147757335240198,6819126,NC
-0.22139477704649071,6819127,NC
-0.2113120697131094,6819128,NC
-0.20622945147782165,6819129,NC
-0.19614692246605575,6819130,NC
-0.1910644828031046,6819131,NC
-0.19598213261412528,6819132,NC
-0.2158998720241392,6819133,NC
-0.2108177011580317,6819134,NC
-0.20573562014055194,6819135,NC
-0.1906536290963125,6819136,NC
-0.1805717281497896,6819137,NC
-0.1704899174253226,6819138,NC
-0.18540819704711378,6819139,NC
-0.18532656713922838,6819140,NC
-0.17524502782559426,6819141,NC
-0.14516357923000175,6819142,NC
-0.1400822214761035,6819143,NC
-0.15000095468741398,6819144,NC
-0.13991977898730995,6819145,NC
-0.1398386944990296,6819146,NC
-0.12975770134567283,6819147,NC
-0.10967679965020072,6819148,NC
-0.10459598953543567,6819149,NC
-0.09951527112406082,6819150,NC
-0.09943464453862028,6819151,NC
-0.0993541099015187,6819152,NC
-0.08927366733502112,6819153,NC
-0.05919331696125282,6819154,NC
-0.0541130589021991,6819155,NC
-0.0340328932797051,6819156,NC
-0.048952820215475666,6819157,NC
-0.04887283983107514,6819158,NC
-0.018792952247927014,6819159,NC
0.006286842412685928,6819160,NC
0.031366544029622065,6819161,NC
0.026446152481881,6819162,NC
0.01652566764860381,6819163,NC
0.031605089409073084,6819164,NC
0.05168441764271344,6819165,NC
0.0617636522290913,6819166,NC
0.09184279304791529,6819167,NC
0.08692183997903644,6819168,NC
0.09200079290244825,6819169,NC
0.10707965169828701,6819170,NC
0.11715841624683186,6819171,NC
0.157237086428505,6819172,NC
0.17231566212387206,6819173,NC
0.16739414321364188,6819174,NC
0.16747252957866712,6819175,NC
0.19255082109994404,6819176,NC
0.2026290176586132,6819177,NC
0.227707119135959,6819178,NC
0.23278512541341045,6819179,NC
0.24786303637254084,6819180,NC
0.2329408518950684,6819181,NC
0.23801857186285613,6819182,NC
0.26309619615791213,6819183,NC
0.29817372466238967,6819184,NC
0.29825115725858764,6819185,NC
0.3083284938289502,6819186,NC
0.2934057342560678,6819187,NC
0.29348287842267634,6819188,NC
0.2985599262116581,6819189,NC
0.3136368775060417,6819190,NC
0.3087137321890021,6819191,NC
0.2837904901438612,6819192,NC
0.2788671512540875,6819193,NC
0.22394371540329666,6819194,NC
0.2140201824752514,6819195,NC
0.20409655235386198,6819196,NC
0.19917282492318616,6819197,NC
0.16424900006742937,6819198,NC
0.12432507767094501,6819199,NC
0.10440105761823465,6819200,NC
0.08947693979394791,6819201,NC
0.07455272408288303,6819202,NC
0.06462841036998676,6819203,NC
0.04470399854035463,6819204,NC
0.00977948847923115,6819205,NC
-0.01014511992798997,6819206,NC
-0.015069826795765809,6819207,NC
-0.009994632238403939,6819208,NC
-0.034919536370062274,6819209,NC
-0.044844539304748895,6819210,NC
-0.059769641156321884,6819211,NC
-0.0746948420384892,6819212,NC
-0.07462014206480835,6819213,NC
-0.059545541348686476,6819214,NC
-0.054471040003379836,6819215,NC
-0.069396638141994,6819216,NC
-0.09432233587748338,6819217,NC
-0.0942481333226513,6819218,NC
-0.08417403059014962,6819219,NC
-0.08410002779247874,6819220,NC
-0.0740261250419872,6819221,NC
-0.08895232245087174,6819222,NC
-0.1038786201311771,6819223,NC
-0.11380501819479565,6819224,NC
-0.10873151675346748,6819225,NC
-0.0886581159187801,6819226,NC
-0.08858481580216822,6819227,NC
-0.09851161651491373,6819228,NC
-0.11843851816814528,6819229,NC
-0.11336552087283844,6819230,NC
-0.11829262473981535,6819231,NC
-0.09321982987974453,6819232,NC
-0.09814713640314068,6819233,NC
-0.10807454442036467,6819234,NC
-0.10800205404162333,6819235,NC
-0.12792966537696915,6819236,NC
-0.12785737853630025,6819237,NC
-0.11278519362936006,6819238,NC
-0.10271311076573746,6819239,NC
-0.11764113005486618,6819240,NC
-0.13756925160602507,6819241,NC
-0.13249747552833765,6819242,NC
-0.1174258019307719,6819243,NC
-0.10235423092214041,6819244,NC
-0.10728276261109988,6819245,NC
-0.12721139710615123,6819246,NC
-0.14214013451563923,6819247,NC
-0.14706897494775234,6819248,NC
-0.13199791851052275,6819249,NC
-0.11692696531182596,6819250,NC
-0.11685611545938085,6819251,NC
-0.13678536906074928,6819252,NC
-0.1567147262233362,6819253,NC
-0.1666441870543892,6819254,NC
-0.1465737516609986,6819255,NC
-0.13650342015009698,6819256,NC
-0.1364331926284594,6819257,NC
-0.13636306920270302,6819258,NC
-0.1562930499792869,6819259,NC
-0.1812231350645119,6819260,NC
-0.15615332456452066,6819261,NC
-0.15108361858529706,6819262,NC
-0.1560140172326665,6819263,NC
-0.16594452061229542,6819264,NC
-0.17587512882969142,6819265,NC
-0.18580584199020275,6819266,NC
-0.17073666019901843,6819267,NC
-0.165667583561168,6819268,NC
-0.15559861218152143,6819269,NC
-0.18052974616478865,6819270,NC
-0.19046098561551988,6819271,NC
-0.19039233063810512,6819272,NC
-0.18532378133677413,6819273,NC
-0.17025533781559615,6819274,NC
-0.16018700017848006,6819275,NC
-0.1851187685291736,6819276,NC
-0.21005064297126397,6819277,NC
-0.21998262360817705,6819278,NC
-0.19991471054317775,6819279,NC
-0.19484690387936934,6819280,NC
-0.20477920371969377,6819281,NC
-0.2047116101669311,6819282,NC
-0.2146441233236997,6819283,NC
-0.22457674329245597,6819284,NC
-0.21950947017549394,6819285,NC
-0.1994423040749455,6819286,NC
-0.20437524509278004,6819287,NC
-0.2143082933308043,6819288,NC
-0.23424144889066223,6819289,NC
-0.2491747118738349,6819290,NC
-0.23410808238164021,6819291,NC
-0.21904156051523294,6819292,NC
-0.2089751463756044,6819293,NC
-0.22390884006358228,6819294,NC
-0.22884264167983076,6819295,NC
-0.24377655132485,6819296,NC
-0.22871056909897622,6819297,NC
-0.20864469510238157,6819298,NC
-0.2035789294350736,6819299,NC
-0.2135132721968957,6819300,NC
-0.2284477234875265,6819301,NC
-0.22338228340648,6819302,NC
-0.21831695205310514,6819303,NC
-0.19825172952658585,6819304,NC
-0.18818661592594071,6819305,NC
-0.2031216113500232,6819306,NC
-0.2030567158975211,6819307,NC
-0.21799192966695652,6819308,NC
-0.21292725275668584,6819309,NC
-0.18286268526489943,6819310,NC
-0.17279822728962158,6819311,NC
-0.17273387892871012,6819312,NC
-0.18266964027985677,6819313,NC
-0.1776055114405865,6819314,NC
-0.18754149250825758,6819315,NC
-0.1724775835800615,6819316,NC
-0.19741378475302276,6819317,NC
-0.1973500961239985,6819318,NC
-0.20228651778967882,6819319,NC
-0.2222230498465862,6819320,NC
-0.2121596923910756,6819321,NC
-0.21209644551933432,6819322,NC
-0.2120333093273816,6819323,NC
-0.21697028391106876,6819324,NC
-0.22690736936607903,6819325,NC
-0.23684456578792704,6819326,NC
-0.24178187327195919,6819327,NC
-0.2417192919133532,6819328,NC
-0.23665682180711806,6819329,NC
-0.26159446304809386,6819330,NC
-0.27153221573095154,6819331,NC
-0.286470079950193,6819332,NC
-0.2814080558001508,6819333,NC
-0.28134614337498787,6819334,NC
-0.2912843427686977,6819335,NC
-0.3012226540751039,6819336,NC
-0.31616107738786026,6819337,NC
-0.3310996128004504,6819338,NC
-0.316038260406188,6819339,NC
-0.30097702029821616,6819340,NC
-0.29591589256950757,6819341,NC
-0.30585487731286437,6819342,NC
-0.32579397462091797,6819343,NC
-0.32073318458612887,6819344,NC
-0.32567250730078645,6819345,NC
-0.3106119428570089,6819346,NC
-0.3205514913467433,6819347,NC
-0.3354911528617651,6819348,NC
-0.3604309274936782,6819349,NC
-0.3603708153339149,6819350,NC
-0.33531081647373534,6819351,NC
-0.34525093100422793,6819352,NC
-0.3351911590163088,6819353,NC
-0.3201315006007219,6819354,NC
-0.35007195584803846,6819355,NC
-0.34001252484865757,6819356,NC
-0.34495320769280535,6819357,NC
-0.32989400447053535,6819358,NC
-0.3248349152717277,6819359,NC
-0.3397759401860897,6819360,NC
-0.33971707930315553,6819361,NC
-0.35465833271228586,6819362,NC
-0.34959970050266775,6819363,NC
-0.3495411827633147,6819364,NC
-0.3394827795830665,6819365,NC
-0.35442449105058893,6819366,NC
-0.35436631725437373,6819367,NC
-0.3593082582827384,6819368,NC
-0.3392503142238262,6819369,NC
-0.33919248516560585,6819370,NC
-0.3241347711958717,6819371,NC
-0.324077172402243,6819372,NC
-0.30901968887216447,6819373,NC
-0.2939623206929057,6819374,NC
-0.24890506795156117,6819375,NC
-0.19384793073505013,6819376,NC
-0.14379090913011638,6819377,NC
-0.05873400322332836,6819378,NC
0.016322786898921332,6819379,NC
0.07637946115041577,6819380,NC
0.1364360194451139,6819381,NC
0.1764924616971509,6819382,NC
0.16154878782083792,6819383,NC
0.11160499773066249,6819384,NC
0.0016610913412885425,6819385,NC
-0.12328293143244339,6819386,NC
-0.2182270706755161,6819387,NC
-0.2731713264727355,6819388,NC
-0.25811569890873076,6819389,NC
-0.20306018806795367,6819390,NC
-0.12800479403467901,6819391,NC
-0.03794951689300423,6819392,NC
0.06710564327315076,6819393,NC
0.13216068638004355,6819394,NC
0.20721561234410957,6819395,NC
0.20227042108196194,6819396,NC
0.1573251125103919,6819397,NC
0.06737968654636871,6819398,NC
-0.007565856892960174,6819399,NC
-0.10751151789026894,6819400,NC
-0.2074572965280532,6819401,NC
-0.27740319288863013,6819402,NC
-0.3523492070541381,6819403,NC
-0.42229533910653655,6819404,NC
-0.46724158912760616,6819405,NC
-0.5171879571989482,6819406,NC
-0.5521344434019851,6819407,NC
-0.5870810478179598,6819408,NC
-0.6120277705279354,6819409,L
-0.6269746116127961,6819410,NC
-0.6019215711532458,6819411,NC
-0.5568686492298089,6819412,NC
-0.5318158459228296,6819413,NC
-0.5267631613124724,6819414,NC
-0.5017105954787211,6819415,NC
-0.48665814850137945,6819416,NC
-0.4566058204600709,6819417,NC
-0.45655361143423806,6819418,NC
-0.4415015215031429,6819419,NC
-0.4514495507458668,6819420,NC
-0.4513976992413099,6819421,NC
-0.4513459670681916,6819422,NC
-0.46629435430504995,6819423,NC
-0.42624286103024167,6819424,NC
-0.42619148732194223,6819425,NC
-0.4311402332581455,6819426,NC
-0.44108909891666376,6819427,NC
-0.4410380843751275,6819428,NC
-0.4409871897109852,6819429,NC
-0.4309364150015036,6819430,NC
-0.41088576032376717,6819431,NC
-0.42083522575467813,6819432,NC
-0.43078481137095653,6819433,NC
-0.4307345172491397,6819434,NC
-0.4256843434655826,6819435,NC
-0.41063429009645736,6819436,NC
-0.40558435721775354,6819437,NC
-0.4105345449052774,6819438,NC
-0.41048485323465245,6819439,NC
-0.42043528228131893,6819440,NC
-0.4053858321205338,6819441,NC
-0.38033650282737086,6819442,NC
-0.37528729447672005,6819443,NC
-0.37023820714328787,6819444,NC
-0.3951892409015971,6819445,NC
-0.3801403958259869,6819446,NC
-0.355091671990612,6819447,NC
-0.3400430694694434,6819448,NC
-0.33499458833626794,6819449,NC
-0.33994622866468804,6819450,NC
-0.33989799052812175,6819451,NC
-0.33984987399980265,6819452,NC
-0.3198018791527797,6819453,NC
-0.289754006059917,6819454,NC
-0.27970625479389405,6819455,NC
-0.2796586254272052,6819456,NC
-0.3046111180321598,6819457,NC
-0.294563732680882,6819458,NC
-0.2645164694453106,6819459,NC
-0.2544693283971994,6819460,NC
-0.224422309608116,6819461,NC
-0.20937541314944302,6819462,NC
-0.20932863909237712,6819463,NC
-0.2092819875079291,6819464,NC
-0.19423545846692394,6819465,NC
-0.16418905204000034,6819466,NC
-0.13914276829761116,6819467,NC
-0.13909660731002282,6819468,NC
-0.1490505691473154,6819469,NC
-0.13400465387938257,6819470,NC
-0.09895886157593135,6819471,NC
-0.06891319230648213,6819472,NC
-0.04886764614036851,6819473,NC
-0.04382222314673716,6819474,NC
-0.05877692339454782,6819475,NC
-0.04873174695257304,6819476,NC
-0.02868669388939825,6819477,NC
0.016358235726578435,6819478,NC
0.03140304182714641,6819479,NC
0.041447724344282504,6819480,NC
0.03649228321015116,6819481,NC
0.041536718357104575,6819482,NC
0.051581029717682775,6819483,NC
0.07662521722461368,6819484,NC
0.09166928081081327,6819485,NC
0.09671322040938568,6819486,NC
0.09675703595362324,6819487,NC
0.07180072737700663,6819488,NC
0.07184429461320493,6819489,NC
0.08688773759607582,6819490,NC
0.07193105625966556,6819491,NC
0.03197425053820921,6819492,NC
-0.002982679633869445,6819493,NC
-0.03793973432195749,6819494,NC
-0.05289691359125319,6819495,NC
-0.0628542175067655,6819496,NC
-0.07281164613331428,6819497,NC
-0.10276919953552999,6819498,NC
-0.14272687777785364,6819499,NC
-0.1626846809245367,6819500,NC
-0.19264260903964114,6819501,NC
-0.18260066218703902,6819502,NC
-0.19255884043041277,6819503,NC
-0.22751714383325472,6819504,NC
-0.24747557245886737,6819505,NC
-0.2724341263703629,6819506,NC
-0.26739280563066353,6819507,NC
-0.27235161030250105,6819508,NC
-0.2673105404484168,6819509,NC
-0.2722695961307616,6819510,NC
-0.297228777411696,6819511,NC
-0.2971880843531895,6819512,NC
-0.2921475170170209,6819513,NC
-0.2821070754647783,6819514,NC
-0.3020667597578588,6819515,NC
-0.2870265699574682,6819516,NC
-0.3069865061246215,6819517,NC
-0.3169465683201423,6819518,NC
-0.3069067566046627,6819519,NC
-0.3068670710386237,6819520,NC
-0.2968275116822746,6819521,NC
-0.29678807859567313,6819522,NC
-0.3117487718386852,6819523,NC
-0.3067095914709852,6819524,NC
-0.30167053755205536,6819525,NC
-0.2866316101411861,6819526,NC
-0.28159280929747577,6819527,NC
-0.28655413507983046,6819528,NC
-0.2965155875469642,6819529,NC
-0.32147716675739857,6819530,NC
-0.2914388727694627,6819531,NC
-0.27640070564129327,6819532,NC
-0.2713626654308344,6819533,NC
-0.2713247521958375,6819534,NC
-0.2812869659938612,6819535,NC
-0.27624930688227123,6819536,NC
-0.2762117749182405,6819537,NC
-0.25117437015874877,6819538,NC
-0.24613709266058265,6819539,NC
-0.2560999424803357,6819540,NC
-0.26606291967440804,6819541,NC
-0.26102602429900656,6819542,NC
-0.2509892564101446,6819543,NC
-0.24095261606364188,6819544,NC
-0.24091610331512467,6819545,NC
-0.23587971822002538,6819546,NC
-0.25584346083358267,6819547,NC
-0.25080733121084137,6819548,NC
-0.23577132940665224,6819549,NC
-0.225735455475672,6819550,NC
-0.20569970947236332,6819551,NC
-0.2156640914509947,6819552,NC
-0.23062860146564013,6819553,NC
-0.23059323957017938,6819554,NC
-0.2155580058182977,6819555,NC
-0.20052290026348585,6819556,NC
-0.18548792295903999,6819557,NC
-0.19045307395806138,6819558,NC
-0.22041835331345672,6819559,NC
-0.21538376107793772,6819560,NC
-0.19534929730402129,6819561,NC
-0.18531496204402903,6819562,NC
-0.1802807553500877,6819563,NC
-0.1802466772741288,6819564,NC
-0.1852127278678885,6819565,NC
-0.20017890718290765,6819566,NC
-0.15514521527053188,6819567,NC
-0.15011165218191092,6819568,NC
-0.1350782179679993,6819569,NC
-0.15004491267955566,6819570,NC
-0.1700117363671431,6819571,NC
-0.16997868908112873,6819572,NC
-0.15994577087168382,6819573,NC
-0.14991298178878382,6819574,NC
-0.14488032188220804,6819575,NC
-0.1348477912015396,6819576,NC
-0.14481538979616557,6819577,NC
-0.15478311771527664,6819578,NC
-0.14475097500786732,6819579,NC
-0.12471896172273551,6819580,NC
-0.11968707790848282,6819581,NC
-0.11465532361351423,6819582,NC
-0.11462369888603796,6819583,NC
-0.11959220377406568,6819584,NC
-0.09956083832541228,6819585,NC
-0.07452960258769574,6819586,NC
-0.0594984966083371,6819587,NC
-0.06946752043456048,6819588,NC
-0.09443667411339286,6819589,NC
-0.07440595769166415,6819590,NC
-0.059375371216007,6819591,NC
-0.039344914732856784,6819592,NC
-0.04431458828845153,6819593,NC
-0.03428439192883187,6819594,NC
-0.04425432569984096,6819595,NC
-0.04422438964712429,6819596,NC
-0.024194583816129836,6819597,NC
-0.009164908252107834,6819598,NC
-0.009135363000110752,6819599,NC
-0.02910594810499323,6819600,NC
-0.04907666361141198,6819601,NC
-0.06904750956382577,6819602,NC
-0.049018486006495346,6819603,NC
-0.03898959298348327,6819604,NC
-0.02896083053865403,6819605,NC
-0.04393219871567383,6819606,NC
-0.06390369755801051,6819607,NC
-0.06387532710893364,6819608,NC
-0.05384708741151431,6819609,NC
-0.05381897850862509,6819610,NC
-0.05879100044293996,6819611,NC
-0.07376315325693436,6819612,NC
-0.08373543699288498,6819613,NC
-0.10370785169286968,6819614,NC
-0.1186803973987676,6819615,NC
-0.08865307415225895,6819616,NC
-0.098625881994825,6819617,NC
-0.07359882096774797,6819618,NC
-0.09857189111211104,6819619,NC
-0.12854509246879825,6819620,NC
-0.12851842507849437,6819621,NC
-0.12349188898168499,6819622,NC
-0.11346548421865636,6819623,NC
-0.1134392108294953,6819624,NC
-0.1234130688540892,6819625,NC
-0.12338705833212597,6819626,NC
-0.12336117930309394,6819627,NC
-0.1333354318062818,6819628,NC
-0.11330981588077856,6819629,NC
-0.12328433156547343,6819630,NC
-0.14325897889905595,6819631,NC
-0.1482337579200156,6819632,NC
-0.1282086686666422,6819633,NC
-0.11818371117702527,6819634,NC
-0.11815888548905452,6819635,NC
-0.11313419164041955,6819636,NC
-0.13310962966860967,6819637,NC
-0.1380851996109141,6819638,NC
-0.1280609015044217,6819639,NC
-0.11803673538602112,6819640,NC
-0.10301270129240059,6819641,NC
-0.11298879926004782,6819642,NC
-0.12296502932525011,6819643,NC
-0.13794139152409424,6819644,NC
-0.12291788589246627,6819645,NC
-0.11789451246605173,6819646,NC
-0.11787127128033542,6819647,NC
-0.1078481623706013,6819648,NC
-0.12282518577193254,6819649,NC
-0.1228023415192115,6819650,NC
-0.10277962964711958,6819651,NC
-0.09275705019013716,6819652,NC
-0.09273460318254367,6819653,NC
-0.09271228865841741,6819654,NC
-0.10769010665163556,6819655,NC
-0.09766805719587411,6819656,NC
-0.08764614032460781,6819657,NC
-0.037624356071110185,6819658,NC
-0.00760270446845332,6819659,NC
0.012418814450492005,6819660,NC
0.062440200653056464,6819661,NC
0.11746145410677224,6819662,NC
0.20248257477937304,6819663,NC
0.2925035626387941,6819664,NC
0.3825244176531724,6819665,NC
0.42754513979084663,6819666,NC
0.43256572902035684,6819667,NC
0.4425861853104454,6819668,NC
0.4026065086300562,6819669,NC
0.3376266989483349,6819670,NC
0.27264675623462936,6819671,NC
0.20766668045848918,6819672,NC
0.19268647158966612,6819673,NC
0.20770612959811388,6819674,NC
0.30272565445398836,6819675,NC
0.4127450461276475,6819676,NC
0.5177643045896516,6819677,NC
0.5977834298107629,6819678,NC
0.6528024217619464,6819679,NC
0.672821280414369,6819680,NC
0.6528400057393999,6819681,L
0.5728585977086114,6819682,NC
0.4978770562937773,6819683,NC
0.3928953814668747,6819684,NC
0.3079135732000828,6819685,NC
0.2279316314657835,6819686,NC
0.16294955623656132,6819687,NC
0.1229673474852035,6819688,NC
0.047985005184699926,6819689,NC
-0.06699747069175671,6819690,NC
-0.14698008017077097,6819691,NC
-0.23696282327874463,6819692,NC
-0.2919457000418764,6819693,NC
-0.30192871048616243,6819694,NC
-0.3019118546373955,6819695,NC
-0.29689513252116567,6819696,NC
-0.27187854416285995,6819697,NC
-0.24686208958766231,6819698,NC
-0.21184576882055334,6819699,NC
-0.1768295818863109,6819700,NC
-0.17681352880950935,6819701,NC
-0.17179760961451995,6819702,NC
-0.18678182432551077,6819703,NC
-0.20176617296644642,6819704,NC
-0.19675065556108837,6819705,NC
-0.17673527213299461,6819706,NC
-0.16672002270551972,6819707,NC
-0.17670490730181493,6819708,NC
-0.1966899259448279,6819709,NC
-0.19667507865730288,6819710,NC
-0.19166036546178056,6819711,NC
-0.17664578638059797,6819712,NC
-0.17163134143588857,6819713,NC
-0.17661703064958229,6819714,NC
-0.18660285404340526,6819715,NC
-0.19658881163887987,6819716,NC
-0.17657490345732496,6819717,NC
-0.17656112951985542,6819718,NC
-0.16654748984738238,6819719,NC
-0.16653398446061313,6819720,NC
-0.17652061338005115,6819721,NC
-0.18650737662599598,6819722,NC
-0.18149427421854314,6819723,NC
-0.14648130617758437,6819724,NC
-0.15146847252280726,6819725,NC
-0.15645577327369553,6819726,NC
-0.1664432084495287,6819727,NC
-0.16143077806938227,6819728,NC
-0.14641848215212763,6819729,NC
-0.1264063207164321,6819730,NC
-0.11139429378075874,6819731,NC
-0.11638240136336639,6819732,NC
-0.1313706434823098,6819733,NC
-0.1163590201554394,6819734,NC
-0.12134753140040135,6819735,NC
-0.07633617723463745,6819736,NC
-0.07632495767538526,6819737,NC
-0.07131387273967792,6819738,NC
-0.07630292244434424,6819739,NC
-0.07129210680600857,6819740,NC
-0.051281425841090925,6819741,NC
-0.026270879565806718,6819742,NC
-0.011260467996167006,6819743,NC
-0.01625019114797828,6819744,NC
-0.011240049036842531,6819745,NC
-0.006230041678157133,6819746,NC
0.013779830912885024,6819747,NC
0.018789568721295696,6819748,NC
0.058799171732291294,6819749,NC
0.048808639931292815,6819750,NC
0.05381797330392597,6819751,NC
0.058827171836021125,6819752,NC
0.08383623551361336,6819753,NC
0.11384516432294253,6819754,NC
0.13385395825045315,6819755,NC
0.12886261728279463,6819756,NC
0.1238711414068211,6819757,NC
0.13387953060959146,6819758,NC
0.15388778487836957,6819759,NC
0.178895904200624,6819760,NC
0.22390388856402832,6819761,NC
0.2239117379564609,6819762,NC
0.22391945236600508,6819763,NC
0.23892703178094904,6819764,NC
0.263934476189786,6819765,NC
0.2889417855812141,6819766,NC
0.30394895994413645,6819767,NC
0.2989559992676612,6819768,NC
0.28896290354110143,6819769,NC
0.27896967275397533,6819770,NC
0.2689763068960061,6819771,NC
0.263982805957122,6819772,NC
0.25398916992745635,6819773,NC
0.2239953987973476,6819774,NC
0.18400149255733927,6819775,NC
0.15900745119818005,6819776,NC
0.13901327471082367,6819777,NC
0.13401896308642908,6819778,NC
0.10902451631636043,6819779,NC
0.08402993439218691,6819780,NC
0.05403521730568303,6819781,NC
0.019040365048828417,6819782,NC
0.019045377613807937,6819783,NC
0.014050254993011699,6819784,NC
-0.0009450028209650047,6819785,NC
-0.02594039583532161,6819786,NC
-0.03593592405705223,6819787,NC
-0.04093158749294584,6819788,NC
-0.05092738614958606,6819789,NC
-0.03592332003335118,6819790,NC
-0.03591938915041429,6819791,NC
-0.040915593506743134,6819792,NC
-0.07091193310810011,6819793,NC
-0.10590840796004233,6819794,NC
-0.10090501806792154,6819795,NC
-0.06590176343688418,6819796,NC
-0.0658986440718713,6819797,NC
-0.08089565997761869,6819798,NC
-0.08589281115865659,6819799,NC
-0.10589009761931009,6819800,NC
-0.09588751936369873,6819801,NC
-0.08588507639573674,6819802,NC
-0.075882768719133,6819803,NC
-0.0858805963373909,6819804,NC
-0.09087855925380851,6819805,NC
-0.10587665747147845,6819806,NC
-0.09587489099328793,6819807,NC
-0.07087325982191879,6819808,NC
-0.06087176395984738,6819809,NC
-0.08087040340934472,6819810,NC
-0.0908691781724763,6819811,NC
-0.09086808825110226,6819812,NC
-0.0858671336468773,6819813,NC
-0.07586631436125067,6819814,NC
-0.07086563039546613,6819815,NC
-0.07586508175056211,6819816,NC
-0.0858646684273715,6819817,NC
-0.08086439042652187,6819818,NC
-0.06586424774843516,6819819,NC
-0.060864240393328065,6819820,NC
-0.060864368361211715,6819821,NC
-0.06086463165189185,6819822,NC
-0.07086503026496876,6819823,NC
-0.07586556419983727,6819824,NC
-0.08586623345568672,6819825,NC
-0.050867038031501194,6819826,NC
-0.060867977926059094,6819827,NC
-0.07086905313793358,6819828,NC
-0.08087026366549226,6819829,NC
-0.09587160950689734,6819830,NC
-0.09087309066010564,6819831,NC
-0.07587470712286852,6819832,NC
-0.0708764588927319,6819833,NC
-0.06087834596703631,6819834,NC
-0.08588036834291685,6819835,NC
-0.09088252601730322,6819836,NC
-0.08588481898691971,6819837,NC
-0.07088724724828524,6819838,NC
-0.05588981079771323,6819839,NC
-0.07089250963131186,6819840,NC
-0.1058953437449838,6819841,NC
-0.1058983131344264,6819842,NC
-0.10590141779513162,6819843,NC
-0.08090465772238611,6819844,NC
-0.07090803291127107,6819845,NC
-0.06591154335666242,6819846,NC
-0.10091518905323073,6819847,NC
-0.09591896999544118,6819848,NC
-0.10092288617755373,6819849,NC
-0.07592693759362293,6819850,NC
-0.07593112423749802,6819851,NC
-0.08093544610282302,6819852,NC
-0.09593990318303658,6819853,NC
-0.09594449547137214,6819854,NC
-0.10094922296085783,6819855,NC
-0.0859540856443165,6819856,NC
-0.07595908351436585,6819857,NC
-0.0909642165634182,6819858,NC
-0.11096948478368078,6819859,NC
-0.1159748881671555,6819860,NC
-0.10098042670563917,6819861,NC
-0.08098610039072335,6819862,NC
-0.07599190921379442,6819863,NC
-0.08099785316603363,6819864,NC
-0.08600393223841701,6819865,NC
-0.09601014642171563,6819866,NC
-0.09101649570649521,6819867,NC
-0.07602298008311655,6819868,NC
-0.07102959954173521,6819869,NC
-0.06603635407230181,6819870,NC
-0.07104324366456179,6819871,NC
-0.06105026830805563,6819872,NC
-0.041057427992118756,6819873,NC
-0.026064722705881532,6819874,NC
-0.02107215243826939,6819875,NC
-0.021079717178002735,6819876,NC
-0.04108741691359706,6819877,NC
-0.04609525163336285,6819878,NC
-0.031103221325405675,6819879,NC
-0.0061113259776262585,6819880,NC
0.003880434422279644,6819881,NC
-0.0011279401131788491,6819882,NC
-0.0011364495712878342,6819883,NC
-0.011145093939128534,6819884,NC
-0.011153873203577316,6819885,NC
-0.011162787351305811,6819886,NC
-0.011171836368780844,6819887,NC
-0.016181020242264504,6819888,NC
-0.031190338957814104,6819889,NC
-0.05119979250128234,6819890,NC
-0.04620938085831709,6819891,NC
-0.026219104014361644,6819892,NC
-0.03122896195465462,6819893,NC
-0.05123895466423005,6819894,NC
-0.06624908212791727,6819895,NC
-0.08625934433034113,6819896,NC
-0.08126974125592193,6819897,NC
-0.06628027288887531,6819898,NC
-0.05629093921321254,6819899,NC
-0.06630174021274038,6819900,NC
-0.07131267587106108,6819901,NC
-0.09632374617157244,6819902,NC
-0.081334951097468,6819903,NC
-0.07134629063173667,6819904,NC
-0.06635776475716325,6819905,NC
-0.08636937345632803,6819906,NC
-0.11138111671160714,6819907,NC
-0.12639299450517227,6819908,NC
-0.11640500681899099,6819909,NC
-0.11141715363482661,6819910,NC
-0.1014294349342382,6819911,NC
-0.0964418506985807,6819912,NC
-0.11145440090900491,6819913,NC
-0.1264670855464575,6819914,NC
-0.13147990459168107,6819915,NC
-0.12149285802521419,6819916,NC
-0.12150594582739137,6819917,NC
-0.11151916797834314,6819918,NC
-0.14153252445799608,6819919,NC
-0.13654601524607274,6819920,NC
-0.12655964032209194,6819921,NC
-0.11657339966536846,6819922,NC
-0.11158729325501342,6819923,NC
-0.1216013210699339,6819924,NC
-0.13161548308883342,6819925,NC
-0.14662977929021165,6819926,NC
-0.13664420965236454,6819927,NC
-0.1266587741533844,6819928,NC
-0.12167347277115988,6819929,NC
-0.11168830548337606,6819930,NC
-0.12670327226751432,6819931,NC
-0.13671837310085266,6819932,NC
-0.13673360796046544,6819933,NC
-0.11174897682322361,6819934,NC
-0.10676447966579468,6819935,NC
-0.10678011646464271,6819936,NC
-0.11679588719602842,6819937,NC
-0.12681179183600927,6819938,NC
-0.11182783036043929,6819939,NC
-0.10184400274496931,6819940,NC
-0.08186030896504701,6819941,NC
-0.07687674899591677,6819942,NC
-0.08189332281261989,6819943,NC
-0.05691003038999452,6819944,NC
-0.031926871702675816,6819945,NC
0.02305615327490418,6819946,NC
0.0830390445685164,6819947,NC
0.15802180220413473,6819948,NC
0.25800442620793596,6819949,NC
0.3629869166062997,6819950,NC
0.48296927342580853,6819951,NC
0.5779514966932476,6819952,NC
0.6179335864356053,6819953,NC
0.6079155426800721,6819954,NC
0.5428973654540414,6819955,NC
0.4728790547851095,6819956,NC
0.4628606107010749,6819957,NC
0.4828420332299389,6819958,NC
0.5378233223999052,6819959,NC
0.6328044782393798,6819960,NC
0.7177855007769715,6819961,NC
0.8427663900414911,6819962,NC
0.972747146061952,6819963,NC
1.0677277688675697,6819964,NC
1.0877082584877622,6819965,NC
1.0426886149521493,6819966,L
0.9326688382905532,6819967,NC
0.7926489285329983,6819968,NC
0.7026288857097109,6819969,NC
0.6276087098511194,6819970,NC
0.547588400987854,6819971,NC
0.442567959150747,6819972,NC
0.3175473843708326,6819973,NC
0.16752667667934662,6819974,NC
0.04750583610772694,6819975,NC
-0.05251513731238705,6819976,NC
-0.14253624354915415,6819977,NC
-0.22755748257053157,6819978,NC
-0.2725788543442749,6819979,NC
-0.2826003588379383,6819980,NC
-0.26762199601887426,6819981,NC
-0.23764376585423402,6819982,NC
-0.21766566831096718,6819983,NC
-0.21768770335582227,6819984,NC
-0.21770987095534639,6819985,NC
-0.22773217107588534,6819986,NC
-0.2177546036835839,6819987,NC
-0.20777716874438557,6819988,NC
-0.1927998662240329,6819989,NC
-0.20282269608806713,6819990,NC
-0.2178456583018289,6819991,NC
-0.22286875283045765,6819992,NC
-0.212891979638892,6819993,NC
-0.2129153386918698,6819994,NC
-0.18793882995392813,6819995,NC
-0.1929624533894033,6819996,NC
-0.21798620896243087,6819997,NC
-0.2130100966369461,6819998,NC
-0.2130341163766834,6819999,NC
-0.1930582681451769,6820000,NC
-0.19308255190575999,6820001,NC
-0.19310696762156598,6820002,NC
-0.20813151525552764,6820003,NC
-0.21315619477037767,6820004,NC
-0.1981810061286484,6820005,NC
-0.19320594929267204,6820006,NC
-0.1932310242245807,6820007,NC
-0.1982562308863063,6820008,NC
-0.20828156923958113,6820009,NC
-0.20830703924593724,6820010,NC
-0.19333264086670693,6820011,NC
-0.16835837406302254,6820012,NC
-0.17338423879581688,6820013,NC
-0.17341023502582292,6820014,NC
-0.16843636271357415,6820015,NC
-0.19346262181940418,6820016,NC
-0.1684890123034474,6820017,NC
-0.14851553412563862,6820018,NC
-0.12854218724571334,6820019,NC
-0.1535689716232076,6820020,NC
-0.13359588721745824,6820021,NC
-0.1436229339876029,6820022,NC
-0.12365011189258004,6820023,NC
-0.11867742089112909,6820024,NC
-0.10370486094179039,6820025,NC
-0.08373243200290538,6820026,NC
-0.07376013403261657,6820027,NC
-0.09378796698886761,6820028,NC
-0.07381593082940349,6820029,NC
-0.043844025511770385,6820030,NC
-0.013872250993315849,6820031,NC
-0.013900607231188897,6820032,NC
-0.008929094182340017,6820033,NC
-0.003957711803521238,6820034,NC
0.016013539948713726,6820035,NC
0.03598466111800959,6820036,NC
0.055955651748209184,6820037,NC
0.08092651188335363,6820038,NC
0.07589724156768211,6820039,NC
0.09586784084563184,6820040,NC
0.13083830976183808,6820041,NC
0.15580864836113384,6820042,NC
0.18577885668855026,6820043,NC
0.20574893478931594,6820044,NC
0.22571888270885737,6820045,NC
0.2306887004927986,6820046,NC
0.26065838818696135,6820047,NC
0.2806279458373648,6820048,NC
0.2855973734902254,6820049,NC
0.3005666711919571,6820050,NC
0.2755358389891713,6820051,NC
0.24550487692867629,6820052,NC
0.25047378505747764,6820053,NC
0.24044256342277806,6820054,NC
0.2304112120719772,6820055,NC
0.1903797310526717,6820056,NC
0.14534812041265494,6820057,NC
0.11031638019991719,6820058,NC
0.09028451046264542,6820059,NC
0.0902525112492232,6820060,NC
0.08022038260823068,6820061,NC
0.060188124588444546,6820062,NC
0.030155737238837833,6820063,NC
0.010123220608579953,6820064,NC
0.005090574747036614,6820065,NC
-0.004942200296230312,6820066,NC
0.005024895528537146,6820067,NC
-0.025008137728706942,6820068,NC
-0.04004130001781253,6820069,NC
-0.06007459128843384,6820070,NC
-0.050108011490029025,6820071,NC
-0.045141560571860695,6820072,NC
-0.030175238482995734,6820073,NC
-0.04020904517230542,6820074,NC
-0.06524298058846556,6820075,NC
-0.0702770446799565,6820076,NC
-0.06031123739506325,6820077,NC
-0.050345558681875596,6820078,NC
-0.045380008488288034,6820079,NC
-0.06041458676199994,6820080,NC
-0.07544929345051592,6820081,NC
-0.08048412850114516,6820082,NC
-0.07551909186100238,6820083,NC
-0.06555418347700732,6820084,NC
-0.05058940329588506,6820085,NC
-0.055624751264165995,6820086,NC
-0.06566022732818598,6820087,NC
-0.08569583143408648,6820088,NC
-0.08073156352781444,6820089,NC
-0.060767423555122574,6820090,NC
-0.050803411461569414,6820091,NC
-0.06083952719251924,6820092,NC
-0.06087577069314237,6820093,NC
-0.09091214190841511,6820094,NC
-0.07594864078311986,6820095,NC
-0.06098526726184515,6820096,NC
-0.06102202128898605,6820097,NC
-0.05605890280874361,6820098,NC
-0.07609591176512559,6820099,NC
-0.09613304810194621,6820100,NC
-0.08117031176282632,6820101,NC
-0.051207702691193416,6820102,NC
-0.0412452208302818,6820103,NC
-0.05628286612313271,6820104,NC
-0.07632063851259425,6820105,NC
-0.10135853794132164,6820106,NC
-0.07139656435177714,6820107,NC
-0.07143471768623048,6820108,NC
-0.04647299788675831,6820109,NC
-0.05651140489524502,6820110,NC
-0.06654993865338225,6820111,NC
-0.09158859910266941,6820112,NC
-0.09162738618441342,6820113,NC
-0.08666629983972902,6820114,NC
-0.06670534000953872,6820115,NC
-0.07174450663457309,6820116,NC
-0.09178379965537058,6820117,NC
-0.10182321901227785,6820118,NC
-0.08686276464544972,6820119,NC
-0.07690243649484929,6820120,NC
-0.06694223450024804,6820121,NC
-0.06698215860122599,6820122,NC
-0.08702220873717166,6820123,NC
-0.10206238484728221,6820124,NC
-0.09710268687056363,6820125,NC
-0.08214311474583065,6820126,NC
-0.06718366841170711,6820127,NC
-0.07722434780662563,6820128,NC
-0.09226515286882815,6820129,NC
-0.09230608353636577,6820130,NC
-0.09234713974709888,6820131,NC
-0.0823883214386973,6820132,NC
-0.07242962854864031,6820133,NC
-0.0674710610142168,6820134,NC
-0.08251261877252539,6820135,NC
-0.09755430176047442,6820136,NC
-0.0975961099147821,6820137,NC
-0.08263804317197679,6820138,NC
-0.0676801014683967,6820139,NC
-0.08272228474019033,6820140,NC
-0.08776459292331643,6820141,NC
-0.09780702595354404,6820142,NC
-0.1028495837664528,6820143,NC
-0.09289226629743277,6820144,NC
-0.0729350734816848,6820145,NC
-0.07297800525422037,6820146,NC
-0.08802106154986188,6820147,NC
-0.08806424230324265,6820148,NC
-0.08310754744880712,6820149,NC
-0.05315097692081082,6820150,NC
-0.03819453065332051,6820151,NC
-0.043238208580214404,6820152,NC
-0.038282010635181996,6820153,NC
-0.038325936751724576,6820154,NC
-0.028369986863154922,6820155,NC
-0.01841416090259755,6820156,NC
-0.003458458802988909,6820157,NC
-0.0035028804970773653,6820158,NC
-0.018547425917423352,6820159,NC
-0.02359209499639947,6820160,NC
-0.028636887666190616,6820161,NC
0.006318196141206073,6820162,NC
0.01627315649398066,6820163,NC
0.021227993460511158,6820164,NC
0.016182707109362385,6820165,NC
0.0011372975092866777,6820166,NC
0.001091764729223399,6820167,NC
0.006046108838298911,6820168,NC
0.02100032990582651,6820169,NC
0.010954428001306249,6820170,NC
-0.004091596805575068,6820171,NC
-0.029137744444944103,6820172,NC
-0.024184014846741042,6820173,NC
-0.009230407940719651,6820174,NC
-0.009276923656447472,6820175,NC
-0.024323561923305842,6820176,NC
-0.04437032267049011,6820177,NC
-0.0644172058270096,6820178,NC
-0.0594642113216879,6820179,NC
-0.054511339083162746,6820180,NC
-0.04955858903988625,6820181,NC
-0.049605961120125316,6820182,NC
-0.0646534552519609,6820183,NC
-0.0747010713632892,6820184,NC
-0.07474880938182091,6820185,NC
-0.054796669235081724,6820186,NC
-0.059844650850412406,6820187,NC
-0.0798927541549688,6820188,NC
-0.08994097907572209,6820189,NC
-0.09498932553945873,6820190,NC
-0.08503779347278077,6820191,NC
-0.09508638280210564,6820192,NC
-0.08513509345366689,6820193,NC
-0.09018392535351327,6820194,NC
-0.08523287842751001,6820195,NC
-0.10028195260133808,6820196,NC
-0.09033114780049474,6820197,NC
-0.08538046395029338,6820198,NC
-0.08042990097586385,6820199,NC
-0.11047945880215247,6820200,NC
-0.11552913735392221,6820201,NC
-0.13057893655575267,6820202,NC
-0.11062885633204039,6820203,NC
-0.10067889660699875,6820204,NC
-0.09572905730465826,6820205,NC
-0.11577933834886663,6820206,NC
-0.13082973966328876,6820207,NC
-0.13088026117140697,6820208,NC
-0.12593090279652142,6820209,NC
-0.12098166446174932,6820210,NC
-0.0910325460900262,6820211,NC
-0.09608354760410516,6820212,NC
-0.11613466892655742,6820213,NC
-0.1361859099797722,6820214,NC
-0.12123727068595705,6820215,NC
-0.10628875096713779,6820216,NC
-0.1063403507451588,6820217,NC
-0.10139206994168291,6820218,NC
-0.11644390847819175,6820219,NC
-0.12149586627598591,6820220,NC
-0.12154794325618447,6820221,NC
-0.1066001393397261,6820222,NC
-0.09165245444736835,6820223,NC
-0.09170488849968812,6820224,NC
-0.10175744141708173,6820225,NC
-0.10681011311976513,6820226,NC
-0.0968629035277738,6820227,NC
-0.061915812560963124,6820228,NC
-0.046968840139008275,6820229,NC
-0.03702198618140458,6820230,NC
-0.02707525060746742,6820231,NC
-0.007128633336332527,6820232,NC
0.04281786571304405,6820233,NC
0.12776424662188568,6820234,NC
0.24271050947159512,6820235,NC
0.35265665434375437,6820236,NC
0.45260268132012443,6820237,NC
0.5325485904826456,6820238,NC
0.6124943819134365,6820239,NC
0.652440055694795,6820240,NC
0.6773856119091973,6820241,NC
0.6423310506392983,6820242,NC
0.5872763719679311,6820243,NC
0.5472215759781069,6820244,NC
0.5521666627530154,6820245,NC
0.6171116323760241,6820246,NC
0.6820564849306779,6820247,NC
0.7920012205007002,6820248,NC
0.8919458391699917,6820249,NC
1.0018903410226303,6820250,NC
1.1018347261428716,6820251,NC
1.1867789946151484,6820252,NC
1.2167231465240698,6820253,NC
1.1766671819544237,6820254,L
1.0866111009911728,6820255,NC
0.9765549037194575,6820256,NC
0.8714985902245949,6820257,NC
0.7964421605920782,6820258,NC
0.721385614907577,6820259,NC
0.6263289532569372,6820260,NC
0.4912721757261803,6820261,NC
0.34121528240150467,6820262,NC
0.21115827336928344,6820263,NC
0.07110114871606607,6820264,NC
-0.01895609147142266,6820265,NC
-0.11901344710628271,6820266,NC
-0.20907091810143855,6820267,NC
-0.26912850436963964,6820268,NC
-0.29418620582346033,6820269,NC
-0.2792440223753002,6820270,NC
-0.26430195393738415,6820271,NC
-0.25936000042176216,6820272,NC
-0.2544181617403101,6820273,NC
-0.2544764378047293,6820274,NC
-0.2295348285265471,6820275,NC
-0.21459333381711637,6820276,NC
-0.20465195358761656,6820277,NC
-0.21471068774905283,6820278,NC
-0.23476953621225705,6820279,NC
-0.23982849888788735,6820280,NC
-0.23988757568642854,6820281,NC
-0.23494676651819213,6820282,NC
-0.21000607129331655,6820283,NC
-0.22006548992176728,6820284,NC
-0.22512502231333686,6820285,NC
-0.23018466837764515,6820286,NC
-0.23024442802413947,6820287,NC
-0.2203043011620947,6820288,NC
-0.21036428770061336,6820289,NC
-0.2304243875486259,6820290,NC
-0.23548460061489068,6820291,NC
-0.23054492680799415,6820292,NC
-0.23060536603635107,6820293,NC
-0.21566591820820474,6820294,NC
-0.20572658323162657,6820295,NC
-0.21578736101451707,6820296,NC
-0.21584825146460543,6820297,NC
-0.2209092544894497,6820298,NC
-0.2159703699964371,6820299,NC
-0.21103159789278408,6820300,NC
-0.20609293808553647,6820301,NC
-0.21115439048156948,6820302,NC
-0.21121595498758822,6820303,NC
-0.21127763151012732,6820304,NC
-0.19633941995555187,6820305,NC
-0.19640132023005621,6820306,NC
-0.18146333223966565,6820307,NC
-0.19652545589023557,6820308,NC
-0.18658769108745177,6820309,NC
-0.18165003773683092,6820310,NC
-0.17171249574372033,6820311,NC
-0.16177506501329827,6820312,NC
-0.1368377454505742,6820313,NC
-0.13690053696038867,6820314,NC
-0.13696343944741368,6820315,NC
-0.12702645281615277,6820316,NC
-0.12708957697094106,6820317,NC
-0.11715281181594553,6820318,NC
-0.10721615725516513,6820319,NC
-0.09727961319243082,6820320,NC
-0.10234317953140606,6820321,NC
-0.07740685617558626,6820322,NC
-0.057470643028299864,6820323,NC
-0.04253453999270762,6820324,NC
-0.03759854697180329,6820325,NC
-0.02766266386841358,6820326,NC
-0.022726890585198292,6820327,NC
-0.012791227024650562,6820328,NC
0.022144326910903123,6820329,NC
0.027079771319302642,6820330,NC
0.057015106298554274,6820331,NC
0.05695033194683015,6820332,NC
0.06188544836246868,6820333,NC
0.06182045564397396,6820334,NC
0.08675535389001586,6820335,NC
0.1066901431994297,6820336,NC
0.1366248236712162,6820337,NC
0.14155939540454132,6820338,NC
0.15149385849873617,6820339,NC
0.1614282130532967,6820340,NC
0.18636245916788366,6820341,NC
0.21129659694232245,6820342,NC
0.23123062647660297,6820343,NC
0.24616454787087938,6820344,NC
0.23109836122547012,6820345,NC
0.2160320666408575,6820346,NC
0.23596566421768786,6820347,NC
0.24589915405677112,6820348,NC
0.26583253625908093,6820349,NC
0.26076581092575424,6820350,NC
0.24569897815809105,6820351,NC
0.21563203805755493,6820352,NC
0.20556499072577203,6820353,NC
0.20549783626453144,6820354,NC
0.18543057477578484,6820355,NC
0.16036320636164644,6820356,NC
0.11029573112439278,6820357,NC
0.07022814916646254,6820358,NC
0.07016046059045651,6820359,NC
0.060092665499137006,6820360,NC
0.050024763995428684,6820361,NC
0.034956756182417115,6820362,NC
0.00488864216334961,6820363,NC
-0.02017957795836535,6820364,NC
-0.03524790407915822,6820365,NC
-0.04531633609529852,6820366,NC
-0.04038487390289498,6820367,NC
-0.055453517397895766,6820368,NC
-0.07052226647608859,6820369,NC
-0.0855911210331008,6820370,NC
-0.09566008096439974,6820371,NC
-0.06572914616529263,6820372,NC
-0.07579831653092696,6820373,NC
-0.09086759195629057,6820374,NC
-0.10093697233621178,6820375,NC
-0.10600645756535951,6820376,NC
-0.12107604753824357,6820377,NC
-0.10614574214921482,6820378,NC
-0.08621554129246518,6820379,NC
-0.09128544486202783,6820380,NC
-0.10635545275177746,6820381,NC
-0.11642556485543042,6820382,NC
-0.11649578106654476,6820383,NC
-0.10156610127852057,6820384,NC
-0.09663652538459999,6820385,NC
-0.10670705327786732,6820386,NC
-0.11177768485124978,6820387,NC
-0.1268484199975164,6820388,NC
-0.13191925860927972,6820389,NC
-0.11199020057899471,6820390,NC
-0.0970612457989597,6820391,NC
-0.10713239416131604,6820392,NC
-0.11720364555804873,6820393,NC
-0.12727499988098617,6820394,NC
-0.1173464570218006,6820395,NC
-0.10741801687200808,6820396,NC
-0.08748967932296886,6820397,NC
-0.09756144426588731,6820398,NC
-0.11263331159181221,6820399,NC
-0.12270528119163701,6820400,NC
-0.12277735295609978,6820401,NC
-0.10784952677578352,6820402,NC
-0.10792180254111633,6820403,NC
-0.09299418014237151,6820404,NC
-0.10806665946966762,6820405,NC
-0.11813924041296917,6820406,NC
-0.113211922862086,6820407,NC
-0.09328470670667405,6820408,NC
-0.0783575918362352,6820409,NC
-0.09843057814011771,6820410,NC
-0.11350366550751609,6820411,NC
-0.11357685382747156,6820412,NC
-0.11365014298887197,6820413,NC
-0.10872353288045211,6820414,NC
-0.07879702339079388,6820415,NC
-0.07887061440832627,6820416,NC
-0.07894430582132604,6820417,NC
-0.10901809751791716,6820418,NC
-0.11409198938607151,6820419,NC
-0.11916598131360889,6820420,NC
-0.1342400731881972,6820421,NC
-0.12431426489735248,6820422,NC
-0.11938855632843941,6820423,NC
-0.12946294736867114,6820424,NC
-0.12453743790510961,6820425,NC
-0.10961202782466574,6820426,NC
-0.0996867170140996,6820427,NC
-0.12976150536002046,6820428,NC
-0.13983639274888707,6820429,NC
-0.14991137906700794,6820430,NC
-0.13998646420054123,6820431,NC
-0.12006164803549507,6820432,NC
-0.11513693045772816,6820433,NC
-0.11521231135294871,6820434,NC
-0.12028779060671628,6820435,NC
-0.13536336810444066,6820436,NC
-0.12543904373138248,6820437,NC
-0.10051481737265353,6820438,NC
-0.11059068891321674,6820439,NC
-0.12566665823788647,6820440,NC
-0.13074272523132852,6820441,NC
-0.14581888977806048,6820442,NC
-0.13089515176245176,6820443,NC
-0.11597151106872411,6820444,NC
-0.09604796758095122,6820445,NC
-0.0961245211830593,6820446,NC
-0.1062011717588272,6820447,NC
-0.1162779191918865,6820448,NC
-0.1113547633657218,6820449,NC
-0.11643170416367078,6820450,NC
-0.10650874146892444,6820451,NC
-0.10658587516452726,6820452,NC
-0.12666310513337736,6820453,NC
-0.1317404312582268,6820454,NC
-0.14181785342168152,6820455,NC
-0.1318953715062018,6820456,NC
-0.12697298539410212,6820457,NC
-0.12205069496755173,6820458,NC
-0.13212850010857444,6820459,NC
-0.13720640069904905,6820460,NC
-0.1122843966207094,6820461,NC
-0.09236248775514456,6820462,NC
-0.08244067398379935,6820463,NC
-0.07251895518797391,6820464,NC
-0.08259733124882421,6820465,NC
-0.08267580204736233,6820466,NC
-0.06775436746445648,6820467,NC
-0.06283302738083121,6820468,NC
-0.04791178167706759,6820469,NC
-0.05799063023360343,6820470,NC
-0.06306957293073334,6820471,NC
-0.06814860964860946,6820472,NC
-0.05822774026724032,6820473,NC
-0.023306964666492798,6820474,NC
-0.008386282726090884,6820475,NC
-0.01846569432561647,6820476,NC
-0.023545199344509507,6820477,NC
-0.04362479766206803,6820478,NC
-0.04870448915744854,6820479,NC
-0.048784273709665975,6820480,NC
-0.03886415119759406,6820481,NC
-0.053944121499965386,6820482,NC
-0.07402418449537171,6820483,NC
-0.08410434006226393,6820484,NC
-0.09918458807895258,6820485,NC
-0.0892649284236077,6820486,NC
-0.07434536097425912,6820487,NC
-0.0744258856087971,6820488,NC
-0.0995065022049713,6820489,NC
-0.11958721064039263,6820490,NC
-0.09966801079253204,6820491,NC
-0.08474890253872142,6820492,NC
-0.05982988575615355,6820493,NC
-0.059910960321882346,6820494,NC
-0.0649921261128231,6820495,NC
-0.09007338300575252,6820496,NC
-0.10515473087730909,6820497,NC
-0.12523616960399298,6820498,NC
-0.13031769906216698,6820499,NC
-0.1453993191280552,6820500,NC
-0.17048102967774517,6820501,NC
-0.19056283058718643,6820502,NC
-0.18564472173219154,6820503,NC
-0.16572670298843606,6820504,NC
-0.15080877423145866,6820505,NC
-0.1558909353366616,6820506,NC
-0.17097318617931045,6820507,NC
-0.17605552663453472,6820508,NC
-0.18113795657732784,6820509,NC
-0.1662204758825474,6820510,NC
-0.16130308442491523,6820511,NC
-0.15638578207901777,6820512,NC
-0.16646856871930615,6820513,NC
-0.18655144422009645,6820514,NC
-0.18163440845556972,6820515,NC
-0.17171746129977244,6820516,NC
-0.15180060262661632,6820517,NC
-0.15188383230987923,6820518,NC
-0.16696715022320444,6820519,NC
-0.17705055624010138,6820520,NC
-0.17213405023394587,6820521,NC
-0.15721763207797995,6820522,NC
-0.16230130164531248,6820523,NC
-0.16738505880891902,6820524,NC
-0.17746890344164218,6820525,NC
-0.19255283541619186,6820526,NC
-0.1826368546051452,6820527,NC
-0.18272096088094694,6820528,NC
-0.16780515411590996,6820529,NC
-0.14788943418221462,6820530,NC
-0.1579738009519098,6820531,NC
-0.17805825429691255,6820532,NC
-0.16814279408900865,6820533,NC
-0.15822742019985248,6820534,NC
-0.12831213250096746,6820535,NC
-0.1483969308637462,6820536,NC
-0.14348181515945058,6820537,NC
-0.153566785259212,6820538,NC
-0.14865184103403167,6820539,NC
-0.12873698235478076,6820540,NC
-0.1038222090922004,6820541,NC
-0.09890752111690218,6820542,NC
-0.08399291829936824,6820543,NC
-0.06407840050995116,6820544,NC
-0.01416396761887509,6820545,NC
0.025750380503765685,6820546,NC
0.14066464398800466,6820547,NC
0.24057882296400432,6820548,NC
0.32549291756205534,6820549,NC
0.4304069279125765,6820550,NC
0.5103208541461145,6820551,NC
0.5602346963933436,6820552,NC
0.5851484547850657,6820553,NC
0.5600621294522101,6820554,NC
0.47997572052583315,6820555,NC
0.41488922813711776,6820556,NC
0.3748026524173741,6820557,NC
0.39471599349803843,6820558,NC
0.44462925151067356,6820559,NC
0.49954242658696835,6820560,NC
0.5894555188587376,6820561,NC
0.7093685284579216,6820562,NC
0.8342814555165865,6820563,NC
0.9191943001669234,6820564,NC
0.9941070625412489,6820565,NC
1.0090197427720042,6820566,NC
0.9639323409917555,6820567,L
0.873844857333193,6820568,NC
0.7587572919291318,6820569,NC
0.6836696449125106,6820570,NC
0.5985819164163925,6820571,NC
0.5034941065739639,6820572,NC
0.3884062155185346,6820573,NC
0.2833182433835382,6820574,NC
0.16323019030253105,6820575,NC
0.053142056409192416,6820576,NC
-0.04694615816267569,6820577,NC
-0.15703445327914875,6820578,NC
-0.22712282880618012,6820579,NC
-0.30221128460960084,6820580,NC
-0.3572998205551203,6820581,NC
-0.357388436508326,6820582,NC
-0.33747713233468424,6820583,NC
-0.3325659078995399,6820584,NC
-0.3176547630681168,6820585,NC
-0.30774369770551796,6820586,NC
-0.2928327116767257,6820587,NC
-0.28292180484660195,6820588,NC
-0.2580109770798883,6820589,NC
-0.24810022824120648,6820590,NC
-0.2581895581950583,6820591,NC
-0.27327896680582586,6820592,NC
-0.263368453937772,6820593,NC
-0.2634580194550402,6820594,NC
-0.2385476632216552,6820595,NC
-0.24363738510152264,6820596,NC
-0.2587271849584297,6820597,NC
-0.25881706265604526,6820598,NC
-0.2589070180579197,6820599,NC
-0.2489970510274862,6820600,NC
-0.22908716142805907,6820601,NC
-0.224177349122836,6820602,NC
-0.24426761397489682,6820603,NC
-0.2493579558472045,6820604,NC
-0.23444837460260493,6820605,NC
-0.2295388701038274,6820606,NC
-0.2146294422134844,6820607,NC
-0.21472009079407248,6820608,NC
-0.22981081570797188,6820609,NC
-0.23990161681744684,6820610,NC
-0.2249924939846466,6820611,NC
-0.21508344707160382,6820612,NC
-0.19017447594023684,6820613,NC
-0.1852655804523486,6820614,NC
-0.19535676046962713,6820615,NC
-0.19044801585364596,6820616,NC
-0.18553934646586412,6820617,NC
-0.1706307521676265,6820618,NC
-0.1557222328201639,6820619,NC
-0.1508137882845935,6820620,NC
-0.15590541842191863,6820621,NC
-0.16099712309302958,6820622,NC
-0.15608890215870322,6820623,NC
-0.13618075547960362,6820624,NC
-0.11127268291628206,6820625,NC
-0.08636468432917734,6820626,NC
-0.11645675957861588,6820627,NC
-0.10154890852481208,6820628,NC
-0.08164113102786832,6820629,NC
-0.07173342694777565,6820630,NC
-0.05182579614441331,6820631,NC
-0.0469182384775494,6820632,NC
-0.057010753806840994,6820633,NC
-0.05710334199183437,6820634,NC
-0.042196002891965165,6820635,NC
-0.032288736366558636,6820636,NC
-0.022381542274829865,6820637,NC
-0.017474420475883934,6820638,NC
-0.027567370828716235,6820639,NC
-0.03266039319221245,6820640,NC
0.002246512574850673,6820641,NC
0.037153346613805885,6820642,NC
0.06706010906609469,6820643,NC
0.07196680007326728,6820644,NC
0.0818734197769823,6820645,NC
0.07677996831900667,6820646,NC
0.07668644584121534,6820647,NC
0.10659285248559106,6820648,NC
0.1414991883942242,6820649,NC
0.1414054537093125,6820650,NC
0.16131164857316094,6820651,NC
0.16121777312818134,6820652,NC
0.17612382751689237,6820653,NC
0.18602981188191917,6820654,NC
0.21593572636599317,6820655,NC
0.22084157111195207,6820656,NC
0.23574734626273908,6820657,NC
0.23065305196140334,6820658,NC
0.2455586883510994,6820659,NC
0.285464255575087,6820660,NC
0.28036975377673085,6820661,NC
0.2952751830995005,6820662,NC
0.29518054368697016,6820663,NC
0.28508583568281815,6820664,NC
0.28499105923082724,6820665,NC
0.28989621447488356,6820666,NC
0.3098013015589779,6820667,NC
0.29470632062720337,6820668,NC
0.2746112718237571,6820669,NC
0.2145161552929392,6820670,NC
0.1994209711791523,6820671,NC
0.17932571962690197,6820672,NC
0.17923040078079586,6820673,NC
0.16413501478554396,6820674,NC
0.1340395617859582,6820675,NC
0.10394404192695214,6820676,NC
0.08384845535354096,6820677,NC
0.07375280221084105,6820678,NC
0.06865708264406985,6820679,NC
0.048561296798545685,6820680,NC
0.023465444819687497,6820681,NC
-0.011630473146985378,6820682,NC
-0.03172645695585344,6820683,NC
-0.05182250646119707,6820684,NC
-0.04691862151719731,6820685,NC
-0.05701480197793534,6820686,NC
-0.07211104769739309,6820687,NC
-0.07220735852945348,6820688,NC
-0.05730373432790054,6820689,NC
-0.05740017494641971,6820690,NC
-0.05749668023859801,6820691,NC
-0.04759325005792423,6820692,NC
-0.05768988425778928,6820693,NC
-0.07778658269148625,6820694,NC
-0.0628833452122106,6820695,NC
-0.06298017167306096,6820696,NC
-0.04807706192703839,6820697,NC
-0.058174015827047294,6820698,NC
-0.08827103322589544,6820699,NC
-0.09336811397629419,6820700,NC
-0.0834652579308587,6820701,NC
-0.05856246494210825,6820702,NC
-0.05365973486246629,6820703,NC
-0.06375706754426086,6820704,NC
-0.07885446283972462,6820705,NC
-0.08895192060099527,6820706,NC
-0.0790494406801156,6820707,NC
-0.08414702292903384,6820708,NC
-0.0642446671996038,6820709,NC
-0.06934237334358515,6820710,NC
-0.07944014121264348,6820711,NC
-0.09453797065835125,6820712,NC
-0.09463586153218641,6820713,NC
-0.07473381368553468,6820714,NC
-0.05483182696968816,6820715,NC
-0.07492990123584631,6820716,NC
-0.07002803633511598,6820717,NC
-0.07512623211851169,6820718,NC
-0.07022448843695578,6820719,NC
-0.07532280514127876,6820720,NC
-0.05542118208221942,6820721,NC
-0.06551961911042496,6820722,NC
-0.09061811607645197,6820723,NC
-0.08571667283076495,6820724,NC
-0.09081528922373876,6820725,NC
-0.07091396510565703,6820726,NC
-0.07101270032671328,6820727,NC
-0.06611149473701095,6820728,NC
-0.08621034818656356,6820729,NC
-0.10130926052529513,6820730,NC
-0.08640823160304006,6820731,NC
-0.056507261269543786,6820732,NC
-0.0516063493744627,6820733,NC
-0.05670549576736448,6820734,NC
-0.08680470029772833,6820735,NC
-0.07690396281494516,6820736,NC
-0.07700328316831787,6820737,NC
-0.06710266120706154,6820738,NC
-0.05720209678030375,6820739,NC
-0.06230158973708447,6820740,NC
-0.07740113992635705,6820741,NC
-0.0775007471969875,6820742,NC
-0.08760041139775535,6820743,NC
-0.07770013237735365,6820744,NC
-0.0477999099843893,6820745,NC
-0.05289974406738317,6820746,NC
-0.06299963447477047,6820747,NC
-0.08309958105490081,6820748,NC
-0.0731995836560386,6820749,NC
-0.058299642126362995,6820750,NC
-0.04339975631396895,6820751,NC
-0.048499926066865824,6820752,NC
-0.04860015123297958,6820753,NC
-0.06870043166015152,6820754,NC
-0.0638007671961392,6820755,NC
-0.058901157688616465,6820756,NC
-0.04400160298517379,6820757,NC
-0.05910210293331839,6820758,NC
-0.05920265738047456,6820759,NC
-0.06430326617398381,6820760,NC
-0.06440392916110518,6820761,NC
-0.044504646189015395,6820762,NC
-0.024605417104809194,6820763,NC
-0.05470624175549945,6820764,NC
-0.06480711998801751,6820765,NC
-0.0799080516492133,6820766,NC
-0.07500903658585573,6820767,NC
-0.07511007464463258,6820768,NC
-0.05021116567215151,6820769,NC
-0.04531230951493926,6820770,NC
-0.06541350601944258,6820771,NC
-0.07051475503202823,6820772,NC
-0.08561605639898331,6820773,NC
-0.08071740996651537,6820774,NC
-0.08081881558075277,6820775,NC
-0.07092027308774479,6820776,NC
-0.09102178233346185,6820777,NC
-0.08612334316379637,6820778,NC
-0.08122495542456144,6820779,NC
-0.0663266189614931,6820780,NC
-0.03142833362024892,6820781,NC
-0.02153009924640907,6820782,NC
-0.0266319156854763,6820783,NC
-0.02673378278287622,6820784,NC
-0.031835700383957555,6820785,NC
-0.0019376683339923234,6820786,NC
0.007960313521823865,6820787,NC
0.0028582453383716247,6820788,NC
-0.002243872729392478,6820789,NC
-0.022346040526436135,6820790,NC
-0.0024482578976515457,6820791,NC
0.032449475312144364,6820792,NC
0.047347159258209676,6820793,NC
0.03724479409587727,6820794,NC
0.01714237998055458,6820795,NC
0.0020399170677235304,6820796,NC
-0.013062594487060354,6820797,NC
-0.0031651545281672425,6820798,NC
0.0017322371001061779,6820799,NC
-0.008370419446463447,6820800,NC
-0.018473124012026297,6820801,NC
-0.023575876440659664,6820802,NC
-0.03867867657636818,6820803,NC
-0.043781524263084036,6820804,NC
-0.033884419344667266,6820805,NC
-0.0239873616649059,6820806,NC
-0.054090351067516154,6820807,NC
-0.06419338739614316,6820808,NC
-0.06429647049436042,6820809,NC
-0.04939960020567054,6820810,NC
-0.049502776373505364,6820811,NC
-0.054605998841226217,6820812,NC
-0.06470926745212412,6820813,NC
-0.07981258204942006,6820814,NC
-0.08491594247626522,6820815,NC
-0.055019348575741145,6820816,NC
-0.0501228001908601,6820817,NC
-0.07022629716456524,6820818,NC
-0.08532983933973085,6820819,NC
-0.09043342655916255,6820820,NC
-0.12553705866559767,6820821,NC
-0.11064073550170533,6820822,NC
-0.08074445691008657,6820823,NC
-0.09084822273327542,6820824,NC
-0.0809520328137374,6820825,NC
-0.10105588699387191,6820826,NC
-0.1111597851160108,6820827,NC
-0.09626372702241927,6820828,NC
-0.09136771255529619,6820829,NC
-0.08147174155677411,6820830,NC
-0.10157581386891962,6820831,NC
-0.11167992933373351,6820832,NC
-0.11678408779315111,6820833,NC
-0.10188828908904234,6820834,NC
-0.08699253306321246,6820835,NC
-0.08709681955740153,6820836,NC
-0.08720114841328527,6820837,NC
-0.09730551947247496,6820838,NC
-0.11240993257651792,6820839,NC
-0.10251438756689757,6820840,NC
-0.09261888428503377,6820841,NC
-0.11772342257228303,6820842,NC
-0.12782800226993876,6820843,NC
-0.13293262321923147,6820844,NC
-0.12803728526132907,6820845,NC
-0.12314198823733705,6820846,NC
-0.11324673198829883,6820847,NC
-0.13335151635519582,6820848,NC
-0.1334563411789479,6820849,NC
-0.14356120630041339,6820850,NC
-0.12366611156038951,6820851,NC
-0.1037710567996124,6820852,NC
-0.09887604185875792,6820853,NC
-0.08898106657844106,6820854,NC
-0.11408613079921671,6820855,NC
-0.11419123436157982,6820856,NC
-0.09929637710596559,6820857,NC
-0.07440155887274978,6820858,NC
-0.04950677950224884,6820859,NC
-0.029612038834720293,6820860,NC
-0.009717336710362852,6820861,NC
0.025177327030683434,6820862,NC
0.0900719525483363,6820863,NC
0.179966540002572,6820864,NC
0.3048610895534244,6820865,NC
0.40475560136098493,6820866,NC
0.4796500755854023,6820867,NC
0.5445445123868823,6820868,NC
0.5844389119256874,6820869,NC
0.5943332743621369,6820870,NC
0.5392275998566064,6820871,NC
0.4541218885695272,6820872,NC
0.38401614066138684,6820873,NC
0.34391035629272837,6820874,NC
0.3588045356241501,6820875,NC
0.44369867881630554,6820876,NC
0.543592786029903,6820877,NC
0.6634868574257055,6820878,NC
0.7933808931645302,6820879,NC
0.903274893407249,6820880,NC
0.9881688583147866,6820881,NC
1.0480627880481224,6820882,NC
1.052956682768289,6820883,NC
0.9928505426363715,6820884,L
0.8827443678135087,6820885,NC
0.7676381584608916,6820886,NC
0.6775319147397638,6820887,NC
0.5824256368114211,6820888,NC
0.5023193248372111,6820889,NC
0.397212978978533,6820890,NC
0.272106599396838,6820891,NC
0.12700018625362772,6820892,NC
0.0068937397104552565,6820893,NC
-0.08821274007107575,6820894,NC
-0.16331925292931118,6820895,NC
-0.21342579870254672,6820896,NC
-0.283532377229028,6820897,NC
-0.31363898834695114,6820898,NC
-0.3187456318944624,6820899,NC
-0.28885230770965925,6820900,NC
-0.2639590156305898,6820901,NC
-0.23406575549525377,6820902,NC
-0.22917252714160205,6820903,NC
-0.23427933040753746,6820904,NC
-0.23438616513091473,6820905,NC
-0.21449303114954096,6820906,NC
-0.19459992830117548,6820907,NC
-0.19970685642353084,6820908,NC
-0.20481381535427212,6820909,NC
-0.21992080493101773,6820910,NC
-0.22502782499133966,6820911,NC
-0.21513487537276355,6820912,NC
-0.205241955912769,6820913,NC
-0.21034906644878984,6820914,NC
-0.21045620681821436,6820915,NC
-0.22056337685838556,6820916,NC
-0.2256705764066014,6820917,NC
-0.22077780530011504,6820918,NC
-0.19588506337613495,6820919,NC
-0.18599235047182572,6820920,NC
-0.19109966642430742,6820921,NC
-0.20620701107065656,6820922,NC
-0.20631438424790594,6820923,NC
-0.19142178579304509,6820924,NC
-0.18152921554302062,6820925,NC
-0.1766366733347361,6820926,NC
-0.17674415900505266,6820927,NC
-0.1868516723907891,6820928,NC
-0.1919592133287221,6820929,NC
-0.17706678165558654,6820930,NC
-0.13717437720807568,6820931,NC
-0.1322819998228415,6820932,NC
-0.14738964933649487,6820933,NC
-0.15249732558560583,6820934,NC
-0.13760502840670366,6820935,NC
-0.13271275763627793,6820936,NC
-0.11782051311077704,6820937,NC
-0.1029282946666106,6820938,NC
-0.09803610214014806,6820939,NC
-0.11314393536771963,6820940,NC
-0.09825179418561643,6820941,NC
-0.09835967843009075,6820942,NC
-0.06346758793735624,6820943,NC
-0.05857552254358822,6820944,NC
-0.06868348208492396,6820945,NC
-0.0787914663974626,6820946,NC
-0.07889947531726624,6820947,NC
-0.04400750868035909,6820948,NC
-0.019115566322728476,6820949,NC
0.0007763519196752021,6820950,NC
-0.009331753789061883,6820951,NC
-0.014439883284817176,6820952,NC
0.00045196359656797525,6820953,NC
0.030343787019288096,6820954,NC
0.05523558714757332,6820955,NC
0.08512736414568915,6820956,NC
0.0900191181779362,6820957,NC
0.07991084940864997,6820958,NC
0.10980255800220054,6820959,NC
0.11969424412299237,6820960,NC
0.13958590793546405,6820961,NC
0.13447754960408806,6820962,NC
0.13436916929337045,6820963,NC
0.1392607671678508,6820964,NC
0.14415234339210137,6820965,NC
0.1790438981307277,6820966,NC
0.2189354315483679,6820967,NC
0.22882694380969237,6820968,NC
0.2337184350794036,6820969,NC
0.22360990552223603,6820970,NC
0.23850135530295566,6820971,NC
0.2583927845863599,6820972,NC
0.2832841935372772,6820973,NC
0.2931755823205672,6820974,NC
0.2830669511011194,6820975,NC
0.29795830004385443,6820976,NC
0.2928496293137229,6820977,NC
0.32774093907570484,6820978,NC
0.3376322294948105,6820979,NC
0.317523500736079,6820980,NC
0.2774147529645789,6820981,NC
0.2773059863454075,6820982,NC
0.24719720104369064,6820983,NC
0.2270883972245827,6820984,NC
0.21197957505326603,6820985,NC
0.18187073469495085,6820986,NC
0.14676187631487508,6820987,NC
0.11665300007830391,6820988,NC
0.10654410615052971,6820989,NC
0.09143519469687182,6820990,NC
0.09132626588267556,6820991,NC
0.06121731987331372,6820992,NC
0.03610835683418409,6820993,NC
0.0009993769307109542,6820994,NC
-0.014109619671655974,6820995,NC
-0.01921863280744162,6820996,NC
-0.00932766231114582,6820997,NC
-0.014436708017243541,6820998,NC
-0.04454576976018517,6820999,NC
-0.06965484737439674,6821000,NC
-0.07476394069428004,6821001,NC
-0.06987304955421361,6821002,NC
-0.05498217378855136,6821003,NC
-0.0650913132316249,6821004,NC
-0.07020046771774215,6821005,NC
-0.08030963708118834,6821006,NC
-0.10041882115622613,6821007,NC
-0.10052801977709583,6821008,NC
-0.08063723277801566,6821009,NC
-0.08574645999318202,6821010,NC
-0.09585570125676975,6821011,NC
-0.10096495640293232,6821012,NC
-0.09107422526580215,6821013,NC
-0.10618350767949084,6821014,NC
-0.0862928034780894,6821015,NC
-0.09140211249566853,6821016,NC
-0.08151143456627885,6821017,NC
-0.0966207695239512,6821018,NC
-0.11173011720269665,6821019,NC
-0.10183947743650747,6821020,NC
-0.08694885005935635,6821021,NC
-0.09205823490519736,6821022,NC
-0.10216763180796602,6821023,NC
-0.10227704060157955,6821024,NC
-0.11238646111993707,6821025,NC
-0.10249589319691996,6821026,NC
-0.08760533666639202,6821027,NC
-0.08271479136219974,6821028,NC
-0.11782425711817261,6821029,NC
-0.13293373376812315,6821030,NC
-0.12804322114584776,6821031,NC
-0.1031527190851262,6821032,NC
-0.08826222741972226,6821033,NC
-0.08837174598338395,6821034,NC
-0.10348127460984378,6821035,NC
-0.113590813132819,6821036,NC
-0.09870036138601182,6821037,NC
-0.09880991920310964,6821038,NC
-0.07891948641778539,6821039,NC
-0.08402906286369767,6821040,NC
-0.09913864837449117,6821041,NC
-0.10924824278379673,6821042,NC
-0.1143578459252317,6821043,NC
-0.09446745763240019,6821044,NC
-0.0795770777388933,6821045,NC
-0.08968670607828935,6821046,NC
-0.08979634248415407,6821047,NC
-0.09990598679004149,6821048,NC
-0.12501563882949263,6821049,NC
-0.12012529843603778,6821050,NC
-0.08523496544319518,6821051,NC
-0.080344639684472,6821052,NC
-0.09045432099336434,6821053,NC
-0.1105640092033577,6821054,NC
-0.10567370414792696,6821055,NC
-0.0957834056605369,6821056,NC
-0.09589311357464225,6821057,NC
-0.09600282772368791,6821058,NC
-0.09611254794110975,6821059,NC
-0.12122227406033398,6821060,NC
-0.11133200591477801,6821061,NC
-0.12644174333785052,6821062,NC
-0.10155148616295173,6821063,NC
-0.08166123422347372,6821064,NC
-0.10177098735280053,6821065,NC
-0.1168807453843086,6821066,NC
-0.10199050815136687,6821067,NC
-0.10210027548733708,6821068,NC
-0.07721004722557408,6821069,NC
-0.092319823199426,6821070,NC
-0.10742960324223455,6821071,NC
-0.12753938718733526,6821072,NC
-0.11264917486805777,6821073,NC
-0.11275896611772598,6821074,NC
-0.08786876076965829,6821075,NC
-0.09797855865716834,6821076,NC
-0.11308835961356443,6821077,NC
-0.12819816347215035,6821078,NC
-0.12330797006622544,6821079,NC
-0.12341777922908499,6821080,NC
-0.08352759079402028,6821081,NC
-0.093637404594319,6821082,NC
-0.09874722046326544,6821083,NC
-0.10885703823414074,6821084,NC
-0.09896685774022315,6821085,NC
-0.08907667881478813,6821086,NC
-0.07918650129110928,6821087,NC
-0.06929632500245751,6821088,NC
-0.06440614978210207,6821089,NC
-0.06451597546331059,6821090,NC
-0.0496258018793493,6821091,NC
-0.03973562886348334,6821092,NC
-0.039845456248976986,6821093,NC
-0.039955283869093895,6821094,NC
-0.04506511155709736,6821095,NC
-0.0401749391462506,6821096,NC
-0.040284766469816956,6821097,NC
-0.03039459336106018,6821098,NC
-0.005504419653244693,6821099,NC
0.004385754820364193,6821100,NC
-0.01072406977350001,6821101,NC
-0.015833893268105036,6821102,NC
-0.025943715496720938,6821103,NC
-0.02105353629261856,6821104,NC
-0.01616335548907205,6821105,NC
-0.03127317291935734,6821106,NC
-0.036382988416753206,6821107,NC
-0.07649280181454135,6821108,NC
-0.05160261294600668,6821109,NC
-0.051712421644437526,6821110,NC
-0.04182222774312591,6821111,NC
-0.056932031075367824,6821112,NC
-0.06204183147446327,6821113,NC
-0.07715162877371738,6821114,NC
-0.07726142280643884,6821115,NC
-0.08237121340594242,6821116,NC
-0.07248100040554747,6821117,NC
-0.07259078363857897,6821118,NC
-0.0827005629383676,6821119,NC
-0.09781033813825003,6821120,NC
-0.10292010907156915,6821121,NC
-0.09302987557167432,6821122,NC
-0.07313963747192163,6821123,NC
-0.08824939460567417,6821124,NC
-0.12335914680630224,6821125,NC
-0.13346889390718367,6821126,NC
-0.13857863574170395,6821127,NC
-0.12868837214325668,6821128,NC
-0.11879810294524364,6821129,NC
-0.1039078279810751,6821130,NC
-0.11401754708416995,6821131,NC
-0.12912726008795655,6821132,NC
-0.1392369668258721,6821133,NC
-0.14934666713136335,6821134,NC
-0.12445636083788696,6821135,NC
-0.1195660477789095,6821136,NC
-0.13967572778790785,6821137,NC
-0.1297854006983694,6821138,NC
-0.13489506634379236,6821139,NC
-0.13500472455768595,6821140,NC
-0.1101143751735706,6821141,NC
-0.10522401802497824,6821142,NC
-0.11533365294545296,6821143,NC
-0.13544327976855047,6821144,NC
-0.14055289832783896,6821145,NC
-0.14566250845689904,6821146,NC
-0.13077210998932426,6821147,NC
-0.11088170275872114,6821148,NC
-0.11099128659870953,6821149,NC
-0.12110086134292287,6821150,NC
-0.13121042682500833,6821151,NC
-0.12131998287862719,6821152,NC
-0.10142952933745504,6821153,NC
-0.11153906603518203,6821154,NC
-0.12164859280551317,6821155,NC
-0.14175810948216847,6821156,NC
-0.13686761589888327,6821157,NC
-0.12697711188940858,6821158,NC
-0.08208659728751096,6821159,NC
-0.06219607192697363,6821160,NC
-0.037305535641595576,6821161,NC
-0.0074149882651926005,6821162,NC
0.0374755703684027,6821163,NC
0.1273661404253406,6821164,NC
0.2272567220717541,6821165,NC
0.3271473154737585,6821166,NC
0.4020379207974514,6821167,NC
0.4569285382089123,6821168,NC
0.48681916787420176,6821169,NC
0.48670980995936297,6821170,NC
0.466600464630419,6821171,NC
0.4164911320533745,6821172,NC
0.3113818123942147,6821173,NC
0.251272505818905,6821174,NC
0.23616321249339106,6821175,NC
0.26105393258359855,6821176,NC
0.3409446662554325,6821177,NC
0.4358354136747776,6821178,NC
0.5307261750074975,6821179,NC
0.6556169504194348,6821180,NC
0.7605077400764106,6821181,NC
0.8603985441442245,6821182,NC
0.9052893627886542,6821183,NC
0.8801801961754553,6821184,L
0.7850710444703609,6821185,NC
0.6749619078390818,6821186,NC
0.5748527864473051,6821187,NC
0.46474368046069586,6821188,NC
0.41463459004489495,6821189,NC
0.3045255153655199,6821190,NC
0.17441645658816443,6821191,NC
0.044307413878397865,6821192,NC
-0.07580161259823466,6821193,NC
-0.18091062267621272,6821194,NC
-0.25601961619004077,6821195,NC
-0.3161285929742485,6821196,NC
-0.35623755286339065,6821197,NC
-0.3763464956920483,6821198,NC
-0.38145542129482785,6821199,NC
-0.38156432950636193,6821200,NC
-0.3416732201613098,6821201,NC
-0.3117820930943571,6821202,NC
-0.29689094814021655,6821203,NC
-0.301999785133628,6821204,NC
-0.2771086039093588,6821205,NC
-0.25221740430220363,6821206,NC
-0.23732618614698547,6821207,NC
-0.22243494927855517,6821208,NC
-0.2325436935317922,6821209,NC
-0.24265241874160454,6821210,NC
-0.23776112474292915,6821211,NC
-0.23786981137073213,6821212,NC
-0.20797847846000903,6821213,NC
-0.21308712584578504,6821214,NC
-0.21819575336311517,6821215,NC
-0.23830436084708465,6821216,NC
-0.24341294813280956,6821217,NC
-0.2285215150554356,6821218,NC
-0.21363006145014052,6821219,NC
-0.2137385871521326,6821220,NC
-0.2088470919966516,6821221,NC
-0.21895557581896907,6821222,NC
-0.22406403845438827,6821223,NC
-0.2241724797382451,6821224,NC
-0.1942808995059074,6821225,NC
-0.1993892975927758,6821226,NC
-0.1994976738342839,6821227,NC
-0.21460602806589843,6821228,NC
-0.2197143601231195,6821229,NC
-0.19982266984148103,6821230,NC
-0.18993095705655066,6821231,NC
-0.18003922160393035,6821232,NC
-0.19514746331925636,6821233,NC
-0.19525568203819968,6821234,NC
-0.20036387759646623,6821235,NC
-0.190472049829797,6821236,NC
-0.15558019857396854,6821237,NC
-0.15068832366479284,6821238,NC
-0.150796424938118,6821239,NC
-0.15590450222982824,6821240,NC
-0.13601255537584409,6821241,NC
-0.11612058421212283,6821242,NC
-0.10122858857465847,6821243,NC
-0.09133656829948278,6821244,NC
-0.09144452322266386,6821245,NC
-0.10655245318030855,6821246,NC
-0.09666035800856099,6821247,NC
-0.07676823754360354,6821248,NC
-0.056876091621657104,6821249,NC
-0.04198392007898109,6821250,NC
-0.04709172275187374,6821251,NC
-0.04219949947667303,6821252,NC
-0.027307250089755236,6821253,NC
-0.022414974427537388,6821254,NC
-0.002522672326475753,6821255,NC
0.017369656376933086,6821256,NC
0.01726201184615216,6821257,NC
0.02715439424460387,6821258,NC
0.02704680373566974,6821259,NC
0.041939240482690154,6821260,NC
0.08683170464896413,6821261,NC
0.11172419639774903,6821262,NC
0.11161671589226037,6821263,NC
0.09650926329567153,6821264,NC
0.09640183877111352,6821265,NC
0.13129444248167474,6821266,NC
0.16118707459040071,6821267,NC
0.15607973526029387,6821268,NC
0.16097242465431325,6821269,NC
0.17086514293537433,6821270,NC
0.17075789026634866,6821271,NC
0.19065066681006373,6821272,NC
0.20554347272930287,6821273,NC
0.1904363081868043,6821274,NC
0.17532917334526185,6821275,NC
0.16022206836732414,6821276,NC
0.18011499341559448,6821277,NC
0.19000794865263063,6821278,NC
0.18990093424094404,6821279,NC
0.1597939503430011,6821280,NC
0.1346869971212208,6821281,NC
0.0995800747379761,6821282,NC
0.06947318335559315,6821283,NC
0.054366323136350904,6821284,NC
0.039259494242481055,6821285,NC
0.01915269683616773,6821286,NC
-0.005954068920452749,6821287,NC
-0.0460608028652921,6821288,NC
-0.08116750483631036,6821289,NC
-0.10127417467151607,6821290,NC
-0.11138081220896659,6821291,NC
-0.13148741728676833,6821292,NC
-0.14159398974307688,6821293,NC
-0.1667005294160975,6821294,NC
-0.19180703614408515,6821295,NC
-0.17191350976534472,6821296,NC
-0.19201995011823156,6821297,NC
-0.2171263570411513,6821298,NC
-0.24723273037256052,6821299,NC
-0.24733906995096652,6821300,NC
-0.24744537561492835,6821301,NC
-0.23255164720305607,6821302,NC
-0.21765788455401167,6821303,NC
-0.227764087506509,6821304,NC
-0.24787025589931433,6821305,NC
-0.2579763895712462,6821306,NC
-0.268082488361176,6821307,NC
-0.26318855210802783,6821308,NC
-0.2632945806507795,6821309,NC
-0.2684005738284618,6821310,NC
-0.27850653148015936,6821311,NC
-0.28861245344501074,6821312,NC
-0.29371833956220866,6821313,NC
-0.2738241896710003,6821314,NC
-0.27393000361068753,6821315,NC
-0.28403578122062706,6821316,NC
-0.28914152234023077,6821317,NC
-0.29924722680896604,6821318,NC
-0.29935289446635566,6821319,NC
-0.27945852515197855,6821320,NC
-0.27956411870546966,6821321,NC
-0.28966967496652035,6821322,NC
-0.3047751937748785,6821323,NC
-0.3048806749703489,6821324,NC
-0.30498611839279344,6821325,NC
-0.3100915238821314,6821326,NC
-0.30019689127833976,6821327,NC
-0.2953022204214528,6821328,NC
-0.2854075111515639,6821329,NC
-0.28051276330882335,6821330,NC
-0.3006179767334414,6821331,NC
-0.3057231512656862,6821332,NC
-0.2908282867458853,6821333,NC
-0.2959333830144254,6821334,NC
-0.30103843991175266,6821335,NC
-0.3161434572783734,6821336,NC
-0.3162484349548536,6821337,NC
-0.3113533727818196,6821338,NC
-0.29145827059995827,6821339,NC
-0.306563128250017,6821340,NC
-0.30166794557280446,6821341,NC
-0.3267727224091904,6821342,NC
-0.31687745860010613,6821343,NC
-0.3169821539865445,6821344,NC
-0.2970868084095605,6821345,NC
-0.2971914217102711,6821346,NC
-0.3172959937298558,6821347,NC
-0.3224005243095569,6821348,NC
-0.33250501329067944,6821349,NC
-0.30760946051459176,6821350,NC
-0.29771386582272535,6821351,NC
-0.29781822905657557,6821352,NC
-0.31292255005770153,6821353,NC
-0.3230268286677266,6821354,NC
-0.3331310647283382,6821355,NC
-0.333235258081289,6821356,NC
-0.3183394085683955,6821357,NC
-0.3084435160315403,6821358,NC
-0.31354758031267055,6821359,NC
-0.3236516012537995,6821360,NC
-0.3387555786970058,6821361,NC
-0.3238595124844344,6821362,NC
-0.3239634024582962,6821363,NC
-0.3240672484608692,6821364,NC
-0.31917105033449766,6821365,NC
-0.3392748079215929,6821366,NC
-0.32437852106463366,6821367,NC
-0.3194821896061659,6821368,NC
-0.3045858133888036,6821369,NC
-0.31968939225522836,6821370,NC
-0.3397929260481903,6821371,NC
-0.3498964146105077,6821372,NC
-0.3449998577850676,6821373,NC
-0.31010325541482603,6821374,NC
-0.3002066073428081,6821375,NC
-0.3153099134121082,6821376,NC
-0.31041317346589054,6821377,NC
-0.320516387347389,6821378,NC
-0.31561955489990773,6821379,NC
-0.31572267596682113,6821380,NC
-0.30582575039157417,6821381,NC
-0.2909287780176825,6821382,NC
-0.30103175868873316,6821383,NC
-0.3161346922483841,6821384,NC
-0.3012375785403649,6821385,NC
-0.27634041740847726,6821386,NC
-0.2664432086965944,6821387,NC
-0.27654595224866196,6821388,NC
-0.2616486479086981,6821389,NC
-0.26175129552079335,6821390,NC
-0.266853894929112,6821391,NC
-0.2619564459778904,6821392,NC
-0.24705894851143934,6821393,NC
-0.2521614023741427,6821394,NC
-0.25226380741045834,6821395,NC
-0.2773661634649183,6821396,NC
-0.277468470382129,6821397,NC
-0.28757072800677147,6821398,NC
-0.25767293618360143,6821399,NC
-0.2627750947574498,6821400,NC
-0.28287720357322277,6821401,NC
-0.2979792624759022,6821402,NC
-0.30308127131054546,6821403,NC
-0.2831832299222861,6821404,NC
-0.278285138156334,6821405,NC
-0.2783869958579753,6821406,NC
-0.298488802872573,6821407,NC
-0.32859055904556705,6821408,NC
-0.3336922642224746,6821409,NC
-0.3387939182488901,6821410,NC
-0.3338955209704858,6821411,NC
-0.33899707223301156,6821412,NC
-0.344098571882296,6821413,NC
-0.38420001976424534,6821414,NC
-0.3843014157248449,6821415,NC
-0.37940275961015857,6821416,NC
-0.3645040512663294,6821417,NC
-0.35460529053957973,6821418,NC
-0.36470647727621136,6821419,NC
-0.3648076113226058,6821420,NC
-0.36990869252522496,6821421,NC
-0.3550097207306105,6821422,NC
-0.34011069578538466,6821423,NC
-0.3502116175362505,6821424,NC
-0.3553124858299919,6821425,NC
-0.3704133005134739,6821426,NC
-0.36551406143364296,6821427,NC
-0.35061476843752715,6821428,NC
-0.34071542137223637,6821429,NC
-0.34081602008496265,6821430,NC
-0.3659165644229804,6821431,NC
-0.3860170542336463,6821432,NC
-0.3861174893644002,6821433,NC
-0.3812178696627647,6821434,NC
-0.3563181949763458,6821435,NC
-0.3564184651528328,6821436,NC
-0.3615186800399988,6821437,NC
-0.36661883948570084,6821438,NC
-0.3717189433378802,6821439,NC
-0.3518189914445623,6821440,NC
-0.34691898365385776,6821441,NC
-0.3320189198139612,6821442,NC
-0.34211879977315324,6821443,NC
-0.3472186233797992,6821444,NC
-0.35731839048235015,6821445,NC
-0.327418100929343,6821446,NC
-0.3225177545694004,6821447,NC
-0.31761735125123186,6821448,NC
-0.31771689082363264,6821449,NC
-0.3278163731354851,6821450,NC
-0.32291579803575854,6821451,NC
-0.2980151653735093,6821452,NC
-0.2681144749978811,6821453,NC
-0.24321372675810526,6821454,NC
-0.21331292050350112,6821455,NC
-0.19341205608347595,6821456,NC
-0.14851113334752533,6821457,NC
-0.07861015214523343,6821458,NC
0.011290887673726865,6821459,NC
0.08619198625959362,6821460,NC
0.14109314376251578,6821461,NC
0.16599436033255272,6821462,NC
0.1808956361196743,6821463,NC
