channel_0,sample #,type
-0.031394565230890674,6510464,NC
-0.061416897235297356,6510465,NC
-0.08643921940769587,6510466,NC
-0.10146153174501302,6510467,NC
-0.10148383424417708,6510468,NC
-0.09650612690211771,6510469,NC
-0.10652840971576577,6510470,NC
-0.12155068268205362,6510471,NC
-0.15157294579791497,6510472,NC
-0.14659519906028476,6510473,NC
-0.14161744246609942,6510474,NC
-0.15163967601229666,6510475,NC
-0.14166189969581564,6510476,NC
-0.15668411351359668,6510477,NC
-0.15670631746258173,6510478,NC
-0.17672851153971392,6510479,NC
-0.1767506957419377,6510480,NC
-0.16677287006619904,6510481,NC
-0.1517950345094452,6510482,NC
-0.1718171890686247,6510483,NC
-0.16683933374068755,6510484,NC
-0.18186146852258514,6510485,NC
-0.1868835934112701,6510486,NC
-0.17190570840369643,6510487,NC
-0.16692781349681968,6510488,NC
-0.1619499086875965,6510489,NC
-0.18197199397298508,6510490,NC
-0.181994069349945,6510491,NC
-0.18201613481543702,6510492,NC
-0.17703819036642338,6510493,NC
-0.17206023599986775,6510494,NC
-0.1720822717127351,6510495,NC
-0.18210429750199164,6510496,NC
-0.18712631336460517,6510497,NC
-0.16714831929754476,6510498,NC
-0.17217031529778076,6510499,NC
-0.17719230136228503,6510500,NC
-0.16221427748803074,6510501,NC
-0.17223624367199236,6510502,NC
-0.18725819991114584,6510503,NC
-0.1972801462024685,6510504,NC
-0.19230208254293885,6510505,NC
-0.177324008929537,6510506,NC
-0.17234592535924437,6510507,NC
-0.19736783182904355,6510508,NC
-0.19738972833591878,6510509,NC
-0.1924116148768556,6510510,NC
-0.18243349144884075,6510511,NC
-0.17245535804886253,6510512,NC
-0.18747721467391054,6510513,NC
-0.19749906132097583,6510514,NC
-0.2025208979870507,6510515,NC
-0.19754272466912884,6510516,NC
-0.19256454136420545,6510517,NC
-0.19758634806927694,6510518,NC
-0.1876081447813412,6510519,NC
-0.2126299314973975,6510520,NC
-0.22265170821444635,6510521,NC
-0.20267347492948978,6510522,NC
-0.19269523163953123,6510523,NC
-0.19271697834157533,6510524,NC
-0.19273871503262824,6510525,NC
-0.19776044170969753,6510526,NC
-0.21278215836979197,6510527,NC
-0.1978038650099218,6510528,NC
-0.1878255616270988,6510529,NC
-0.1928472482183358,6510530,NC
-0.20286892478064728,6510531,NC
-0.22789059131104905,6510532,NC
-0.20791224780655826,6510533,NC
-0.20793389426419337,6510534,NC
-0.20295553068097433,6510535,NC
-0.19797715705392252,6510536,NC
-0.2029987733800605,6510537,NC
-0.22302037965641242,6510538,NC
-0.22804197588000374,6510539,NC
-0.2180635620478612,6510540,NC
-0.21308513815701316,6510541,NC
-0.21310670420448913,6510542,NC
-0.23312826018732008,6510543,NC
-0.2181498061025384,6510544,NC
-0.24317134194717796,6510545,NC
-0.23319286771827374,6510546,NC
-0.20821438341286236,6510547,NC
-0.2082358890279818,6510548,NC
-0.21825738456067117,6510549,NC
-0.22827887000797137,6510550,NC
-0.2333003453669244,6510551,NC
-0.2233218106345738,6510552,NC
-0.21834326580796432,6510553,NC
-0.21836471088414228,6510554,NC
-0.22338614586015537,6510555,NC
-0.24340757073305255,6510556,NC
-0.23342898549988422,6510557,NC
-0.2384503901577023,6510558,NC
-0.20847178470355993,6510559,NC
-0.20849316913451166,6510560,NC
-0.21351454344761361,6510561,NC
-0.21853590763992303,6510562,NC
-0.2235572617084988,6510563,NC
-0.2135786056504011,6510564,NC
-0.18359993946269137,6510565,NC
-0.18862126314243272,6510566,NC
-0.17864257668668942,6510567,NC
-0.19866388009252722,6510568,NC
-0.19368517335701327,6510569,NC
-0.17870645647721614,6510570,NC
-0.1637277294502058,6510571,NC
-0.14874899227305355,6510572,NC
-0.14377024494283208,6510573,NC
-0.1637914874566156,6510574,NC
-0.15881271981147957,6510575,NC
-0.14383394200450095,6510576,NC
-0.12385515403275812,6510577,NC
-0.13887635589333072,6510578,NC
-0.1538975475832999,6510579,NC
-0.16391872909974825,6510580,NC
-0.1739399004397596,6510581,NC
-0.16396106160041934,6510582,NC
-0.1639822125788142,6510583,NC
-0.16400335337203226,6510584,NC
-0.18902448397716315,6510585,NC
-0.2040456043912977,6510586,NC
-0.20906671461152831,6510587,NC
-0.19908781463494873,6510588,NC
-0.2041089044586541,6510589,NC
-0.21412998407974093,6510590,NC
-0.2091510534953072,6510591,NC
-0.23417211270245225,6510592,NC
-0.25419316169827694,6510593,NC
-0.22921420047988333,6510594,NC
-0.21423522904437503,6510595,NC
-0.22925624738885708,6510596,NC
-0.22927725551043582,6510597,NC
-0.259298253406219,6510598,NC
-0.25931924107331594,6510599,NC
-0.2493402185088372,6510600,NC
-0.25436118570989474,6510601,NC
-0.26438214267360216,6510602,NC
-0.27440308939707414,6510603,NC
-0.28942402587742694,6510604,NC
-0.28944495211177834,6510605,NC
-0.27446586809724727,6510606,NC
-0.2544867738309543,6510607,NC
-0.2745076693100214,6510608,NC
-0.2845285545315717,6510609,NC
-0.28954942949273,6510610,NC
-0.2945702941906225,6510611,NC
-0.28459114862237667,6510612,NC
-0.26961199278512143,6510613,NC
-0.2646328266759872,6510614,NC
-0.2746536502921058,6510615,NC
-0.2996744636306104,6510616,NC
-0.30469526668863556,6510617,NC
-0.3047160594633174,6510618,NC
-0.2797368419517933,6510619,NC
-0.2697576141512022,6510620,NC
-0.2797783760586843,6510621,NC
-0.3047991276713813,6510622,NC
-0.3098198689864363,6510623,NC
-0.294840600000994,6510624,NC
-0.2798613207122001,6510625,NC
-0.2698820311172021,6510626,NC
-0.2949027312131488,6510627,NC
-0.2949234209971903,6510628,NC
-0.29494410046647834,6510629,NC
-0.2949647696181659,6510630,NC
-0.26998542844940754,6510631,NC
-0.275006076957359,6510632,NC
-0.28502671513917766,6510633,NC
-0.3150473429920223,6510634,NC
-0.30506796051305296,6510635,NC
-0.28508856769943125,6510636,NC
-0.26510916454832034,6510637,NC
-0.27012975105688436,6510638,NC
-0.27015032722228927,6510639,NC
-0.28517089304170246,6510640,NC
-0.28019144851229244,6510641,NC
-0.2702119936312294,6510642,NC
-0.26023252839568495,6510643,NC
-0.24025305280283193,6510644,NC
-0.2352735668498448,6510645,NC
-0.22029407053389938,6510646,NC
-0.21031456385217295,6510647,NC
-0.17533504680184406,6510648,NC
-0.1253555193800929,6510649,NC
-0.08037598158410104,6510650,NC
-0.005396433411051324,6510651,NC
0.05958312514187179,6510652,NC
0.12956269407748244,6510653,NC
0.18454227339859355,6510654,NC
0.2095218631080163,6510655,NC
0.20950146320856058,6510656,NC
0.15448107370303502,6510657,NC
0.044460694594246494,6510658,NC
-0.03555967411499938,6510659,NC
-0.08558003242189834,6510660,NC
-0.0506003803236477,6510661,NC
0.03937928218255381,6510662,NC
0.15935895509950612,6510663,NC
0.29933863843000774,6510664,NC
0.42931833217685544,6510665,NC
0.5742980363428452,6510666,NC
0.6692777509307707,6510667,NC
0.7292574759434249,6510668,NC
0.709237211383599,6510669,L
0.6392169572540829,6510670,NC
0.524196713557665,6510671,NC
0.4191764802971321,6510672,NC
0.32915625747527,6510673,NC
0.23413604509486252,6510674,NC
0.10911584315869244,6510675,NC
-0.015904348330458992,6510676,NC
-0.14092452936981206,6510677,NC
-0.2509446999565884,6510678,NC
-0.3359648600880112,6510679,NC
-0.4159850097613049,6510680,NC
-0.4860051489736955,6510681,NC
-0.5160252777224105,6510682,NC
-0.5360453960046786,6510683,NC
-0.5210655038177303,6510684,NC
-0.4710856011587972,6510685,NC
-0.4261056880251125,6510686,NC
-0.4061257644139109,6510687,NC
-0.3911458303224285,6510688,NC
-0.37116588574790266,6510689,NC
-0.36618593068757244,6510690,NC
-0.34620596513867835,6510691,NC
-0.35122598909846203,6510692,NC
-0.37124600256416673,6510693,NC
-0.3662660055330375,6510694,NC
-0.3762859980023202,6510695,NC
-0.35630597996926267,6510696,NC
-0.3413259514311139,6510697,NC
-0.3363459123851243,6510698,NC
-0.36136586282854594,6510699,NC
-0.3763858027586323,6510700,NC
-0.3614057321726381,6510701,NC
-0.35642565106781976,6510702,NC
-0.33644555944143495,6510703,NC
-0.32646545729074283,6510704,NC
-0.33648534461300417,6510705,NC
-0.346505221405481,6510706,NC
-0.36152508766543695,6510707,NC
-0.34154494339013697,6510708,NC
-0.3265647885768474,6510709,NC
-0.3315846232228363,6510710,NC
-0.32160444732537297,6510711,NC
-0.3366242608817282,6510712,NC
-0.3266440638891742,6510713,NC
-0.3266638563449848,6510714,NC
-0.3116836382464351,6510715,NC
-0.29670340959080166,6510716,NC
-0.29672317037536255,6510717,NC
-0.3017429205973974,6510718,NC
-0.30176266025418713,6510719,NC
-0.3017823893430141,6510720,NC
-0.2868021078611622,6510721,NC
-0.26182181580591696,6510722,NC
-0.27184151317456495,6510723,NC
-0.2718611999643945,6510724,NC
-0.2768808761726953,6510725,NC
-0.2619005417967586,6510726,NC
-0.24192019683387694,6510727,NC
-0.23193984128134437,6510728,NC
-0.22195947513645653,6510729,NC
-0.22697909839651031,6510730,NC
-0.22699871105880426,6510731,NC
-0.19701831312063825,6510732,NC
-0.17203790457931362,6510733,NC
-0.15705748543213321,6510734,NC
-0.1520770556764014,6510735,NC
-0.16209661530942382,6510736,NC
-0.16211616432850773,6510737,NC
-0.12213570273096183,6510738,NC
-0.11215523051409622,6510739,NC
-0.08217474767522252,6510740,NC
-0.07219425421165382,6510741,NC
-0.07221375012070456,6510742,NC
-0.0672332353996908,6510743,NC
-0.027252710045929926,6510744,NC
-0.0072721740567409515,6510745,NC
0.007708372570555844,6510746,NC
0.002688929838638582,6510747,NC
0.002669497750183908,6510748,NC
0.007650076307867168,6510749,NC
0.02763066551436201,6510750,NC
0.06261126537234077,6510751,NC
0.0875918758844743,6510752,NC
0.07757249705343193,6510753,NC
0.07755312888188154,6510754,NC
0.09253377137248965,6510755,NC
0.09251442452792112,6510756,NC
0.09749508835083943,6510757,NC
0.11247576284390673,6510758,NC
0.09745644800978348,6510759,NC
0.05743714385112876,6510760,NC
0.04241785037060021,6510761,NC
0.027398567570854,6510762,NC
0.017379295454544766,6510763,NC
-0.007639965975674304,6510764,NC
-0.04265921671715142,6510765,NC
-0.07767845676723635,6510766,NC
-0.10269768612328037,6510767,NC
-0.10771690478263601,6510768,NC
-0.10273611274265754,6510769,NC
-0.1327553100007006,6510770,NC
-0.15777449655412218,6510771,NC
-0.18279367240028097,6510772,NC
-0.19281283753653702,6510773,NC
-0.19283199196025175,6510774,NC
-0.18285113566878822,6510775,NC
-0.17787026865951094,6510776,NC
-0.2078893909297858,6510777,NC
-0.21290850247698026,6510778,NC
-0.22292760329846323,6510779,NC
-0.227946693391605,6510780,NC
-0.21796577275377757,6510781,NC
-0.22798484138235414,6510782,NC
-0.23300389927470963,6510783,NC
-0.2580229464282202,6510784,NC
-0.24304198284026376,6510785,NC
-0.2480610085082195,6510786,NC
-0.24308002342946808,6510787,NC
-0.23309902760139173,6510788,NC
-0.24811802102137426,6510789,NC
-0.24813700368680064,6510790,NC
-0.27315597559505767,6510791,NC
-0.25317493674353336,6510792,NC
-0.22819388712961738,6510793,NC
-0.23321282675070082,6510794,NC
-0.24323175560417626,6510795,NC
-0.2532506736874377,6510796,NC
-0.26826958099788073,6510797,NC
-0.26828847753290236,6510798,NC
-0.23330736328990107,6510799,NC
-0.22332623826627684,6510800,NC
-0.23334510245943113,6510801,NC
-0.24836395586676702,6510802,NC
-0.24338279848568878,6510803,NC
-0.2334016303136024,6510804,NC
-0.21842045134791535,6510805,NC
-0.21843926158603644,6510806,NC
-0.22845806102537602,6510807,NC
-0.23847684966334615,6510808,NC
-0.24849562749735998,6510809,NC
-0.23851439452483247,6510810,NC
-0.21353315074317994,6510811,NC
-0.20855189614982017,6510812,NC
-0.22357063074217243,6510813,NC
-0.23858935451765767,6510814,NC
-0.238608067473698,6510815,NC
-0.21362676960771732,6510816,NC
-0.20864546091714087,6510817,NC
-0.22366414139939533,6510818,NC
-0.22368281105190901,6510819,NC
-0.24370146987211172,6510820,NC
-0.22872011785743454,6510821,NC
-0.22873875500531027,6510822,NC
-0.2037573813131731,6510823,NC
-0.21377599677845882,6510824,NC
-0.22879460139860447,6510825,NC
-0.23381319517104887,6510826,NC
-0.2438317780932322,6510827,NC
-0.223850350162596,6510828,NC
-0.2188689113765836,6510829,NC
-0.2088874617326396,6510830,NC
-0.22390600122821014,6510831,NC
-0.2339245298607429,6510832,NC
-0.22894304762768714,6510833,NC
-0.2239615545264933,6510834,NC
-0.22898005055461362,6510835,NC
-0.19899853570950182,6510836,NC
-0.2240170099886129,6510837,NC
-0.2190354733894036,6510838,NC
-0.23905392590933194,6510839,NC
-0.21407236754585773,6510840,NC
-0.2090907982964419,6510841,NC
-0.22410921815854717,6510842,NC
-0.2241276271296377,6510843,NC
-0.2391460252071791,6510844,NC
-0.2591644123886384,6510845,NC
-0.2391827886714844,6510846,NC
-0.21420115405318707,6510847,NC
-0.22421950853121803,6510848,NC
-0.22923785210305056,6510849,NC
-0.24425618476615918,6510850,NC
-0.23927450651802,6510851,NC
-0.23429281735611074,6510852,NC
-0.23431111727791049,6510853,NC
-0.21432940628089986,6510854,NC
-0.23434768436256104,6510855,NC
-0.2493659515203776,6510856,NC
-0.2593842077518348,6510857,NC
-0.22940245305441923,6510858,NC
-0.21942068742561904,6510859,NC
-0.20943891086292388,6510860,NC
-0.20945712336382497,6510861,NC
-0.22447532492581496,6510862,NC
-0.21949351554638807,6510863,NC
-0.19951169522303985,6510864,NC
-0.1895298639532677,6510865,NC
-0.19454802173457014,6510866,NC
-0.18456616856444744,6510867,NC
-0.19958430444040137,6510868,NC
-0.19460242935993505,6510869,NC
-0.17462054332055327,6510870,NC
-0.1696386463197623,6510871,NC
-0.15965673835506983,6510872,NC
-0.15967481942398512,6510873,NC
-0.159692889524019,6510874,NC
-0.1547109486526837,6510875,NC
-0.14972899680749296,6510876,NC
-0.13974703398596222,6510877,NC
-0.14476506018560814,6510878,NC
-0.15978307540394912,6510879,NC
-0.17480107963850497,6510880,NC
-0.18481907288679708,6510881,NC
-0.18483705514634824,6510882,NC
-0.18485502641468288,6510883,NC
-0.17487298668932688,6510884,NC
-0.1898909359678076,6510885,NC
-0.21990887424765398,6510886,NC
-0.21992680152639643,6510887,NC
-0.21994471780156688,6510888,NC
-0.2149626230706988,6510889,NC
-0.20498051733132722,6510890,NC
-0.2099984005809885,6510891,NC
-0.22501627281722075,6510892,NC
-0.24003413403756346,6510893,NC
-0.23505198423955762,6510894,NC
-0.23006982342074583,6510895,NC
-0.23008765157867217,6510896,NC
-0.24010546871088218,6510897,NC
-0.2651232748149229,6510898,NC
-0.2701410698883432,6510899,NC
-0.260158853928693,6510900,NC
-0.26017662693352395,6510901,NC
-0.2601943889003894,6510902,NC
-0.2552121398268439,6510903,NC
-0.26022987971044365,6510904,NC
-0.2702476085487465,6510905,NC
-0.26526532633931177,6510906,NC
-0.2602830330797,6510907,NC
-0.25530072876747373,6510908,NC
-0.2653184134001967,6510909,NC
-0.27533608697543416,6510910,NC
-0.29535374949075305,6510911,NC
-0.2653714009437218,6510912,NC
-0.2653890413319103,6510913,NC
-0.25540667065288997,6510914,NC
-0.26542428890423375,6510915,NC
-0.27044189608351626,6510916,NC
-0.2804594921883133,6510917,NC
-0.2754770772162025,6510918,NC
-0.260494651164763,6510919,NC
-0.27051221403157527,6510920,NC
-0.26552976581422144,6510921,NC
-0.28554730651028515,6510922,NC
-0.2855648361173516,6510923,NC
-0.27058235463300745,6510924,NC
-0.25059986205484097,6510925,NC
-0.25561735838044175,6510926,NC
-0.2756348436074012,6510927,NC
-0.27565231773331217,6510928,NC
-0.3006697807557688,6510929,NC
-0.280687232672367,6510930,NC
-0.26570467348070426,6510931,NC
-0.2657221031783794,6510932,NC
-0.2657395217629929,6510933,NC
-0.2757569292321468,6510934,NC
-0.2807743255834444,6510935,NC
-0.2657917108144909,6510936,NC
-0.2658090849228928,6510937,NC
-0.2408264479062583,6510938,NC
-0.2408437997621969,6510939,NC
-0.25586114048831976,6510940,NC
-0.2508784700822397,6510941,NC
-0.2408957885415708,6510942,NC
-0.22091309586392888,6510943,NC
-0.20093039204693125,6510944,NC
-0.19594767708819671,6510945,NC
-0.1909649509853456,6510946,NC
-0.1959822137359999,6510947,NC
-0.1509994653377829,6510948,NC
-0.09101670578831962,6510949,NC
-0.036033935085236626,6510950,NC
0.028948846773838147,6510951,NC
0.09393163979127508,6510952,NC
0.13891444396944314,6510953,NC
0.19389725931070956,6510954,NC
0.22888008581744024,6510955,NC
0.1988629234919995,6510956,NC
0.15384577233674995,6510957,NC
0.06882863235405297,6510958,NC
-0.0011884964537318549,6510959,NC
-0.0012056140842463953,6510960,NC
0.04377727946486598,6510961,NC
0.1337601841959603,6510962,NC
0.23874310011139005,6510963,NC
0.3537260272135073,6510964,NC
0.46870896550466246,6510965,NC
0.5986919149872043,6510966,NC
0.7036748756634803,6510967,NC
0.7786578475358362,6510968,NC
0.7936408306066164,6510969,NC
0.7336238248781635,6510970,L
0.6136068303528188,6510971,NC
0.5135898470329219,6510972,NC
0.4335728749208108,6510973,NC
0.3485559140188222,6510974,NC
0.24353896432929106,6510975,NC
0.11352202585455083,6510976,NC
0.008505098596933505,6510977,NC
-0.11151181744123055,6510978,NC
-0.22652872225761256,6510979,NC
-0.3315456158498851,6510980,NC
-0.39656249821572254,6510981,NC
-0.47657936935280065,6510982,NC
-0.5115962292587967,6510983,NC
-0.5016130779313897,6510984,NC
-0.46662991536825993,6510985,NC
-0.4316467415670894,6510986,NC
-0.39166355652556173,6510987,NC
-0.36668036024136197,6510988,NC
-0.33169715271217676,6510989,NC
-0.32171393393569414,6510990,NC
-0.301730703909604,6510991,NC
-0.29674746263159746,6510992,NC
-0.30676421009936744,6510993,NC
-0.3167809463106082,6510994,NC
-0.31679767126301583,6510995,NC
-0.31181438495428765,6510996,NC
-0.29683108738212266,6510997,NC
-0.28684777854422155,6510998,NC
-0.28686445843828634,6510999,NC
-0.3068811270620207,6511000,NC
-0.3068977844131299,6511001,NC
-0.2969144304893207,6511002,NC
-0.2969310652883014,6511003,NC
-0.276947688807782,6511004,NC
-0.28696430104547366,6511005,NC
-0.29198090199908955,6511006,NC
-0.30199749166634426,6511007,NC
-0.2970140700449537,6511008,NC
-0.2720306371326357,6511009,NC
-0.2620471929271094,6511010,NC
-0.2720637374260954,6511011,NC
-0.29708027062731623,6511012,NC
-0.30709679252849564,6511013,NC
-0.28711330312735905,6511014,NC
-0.2671298024216335,6511015,NC
-0.25214629040904746,6511016,NC
-0.257162767087331,6511017,NC
-0.2621792324542158,6511018,NC
-0.26219568650743513,6511019,NC
-0.25721212924472364,6511020,NC
-0.2372285606638177,6511021,NC
-0.2272449807624552,6511022,NC
-0.24226138953837556,6511023,NC
-0.23227778698931972,6511024,NC
-0.2472941731130303,6511025,NC
-0.22231054790725144,6511026,NC
-0.2023269113697287,6511027,NC
-0.19234326349820938,6511028,NC
-0.2023596042904423,6511029,NC
-0.2173759337441778,6511030,NC
-0.20739225185716773,6511031,NC
-0.1874085586271656,6511032,NC
-0.17242485405192653,6511033,NC
-0.147441138129207,6511034,NC
-0.1324574108567652,6511035,NC
-0.14747367223236096,6511036,NC
-0.1324899222537554,6511037,NC
-0.11750616091871147,6511038,NC
-0.09252238822499358,6511039,NC
-0.07253860417036766,6511040,NC
-0.07255480875260129,6511041,NC
-0.06757100196946357,6511042,NC
-0.06758718381872515,6511043,NC
-0.047603354298158276,6511044,NC
-0.02761951340553679,6511045,NC
-0.00763566113863598,6511046,NC
0.002348202504767194,6511047,NC
-0.00766792247310584,6511048,NC
0.0023159639299649842,6511049,NC
0.03729986171619795,6511050,NC
0.06228377088780984,6511051,NC
0.09226769144701596,6511052,NC
0.08725162339602997,6511053,NC
0.0922355667370639,6511054,NC
0.09721952147232832,6511055,NC
0.1222034876040322,6511056,NC
0.12718746513438295,6511057,NC
0.12717145406558633,6511058,NC
0.09715545439984666,6511059,NC
0.08713946613936661,6511060,NC
0.042123489286347224,6511061,NC
0.057107523842988145,6511062,NC
0.0370915698114873,6511063,NC
0.017075627194041057,6511064,NC
-0.007940304007155688,6511065,NC
-0.037956223789909704,6511066,NC
-0.08297213215202935,6511067,NC
-0.08298802909132444,6511068,NC
-0.08800391460560646,6511069,NC
-0.10301978869268844,6511070,NC
-0.11803565135038502,6511071,NC
-0.1480515025765123,6511072,NC
-0.1680673423688881,6511073,NC
-0.17308317072533178,6511074,NC
-0.1730989876436641,6511075,NC
-0.16811479312170768,6511076,NC
-0.18313058715728653,6511077,NC
-0.2081463697482262,6511078,NC
-0.21816214089235395,6511079,NC
-0.20317790058749857,6511080,NC
-0.19819364883149043,6511081,NC
-0.18320938562216138,6511082,NC
-0.21322511095734503,6511083,NC
-0.22324082483487634,6511084,NC
-0.23325652725259205,6511085,NC
-0.22327221820833043,6511086,NC
-0.21828789769993123,6511087,NC
-0.20330356572523584,6511088,NC
-0.22331922228208728,6511089,NC
-0.2333348673683301,6511090,NC
-0.23335050098181037,6511091,NC
-0.2233661231203759,6511092,NC
-0.2283817337818759,6511093,NC
-0.22339733296416125,6511094,NC
-0.22841292066508442,6511095,NC
-0.2334284968824995,6511096,NC
-0.24344406161426196,6511097,NC
-0.2334596148582291,6511098,NC
-0.2284751566122597,6511099,NC
-0.20849068687421407,6511100,NC
-0.22350620564195417,6511101,NC
-0.23852171291334354,6511102,NC
-0.24853720868624724,6511103,NC
-0.22355269295853197,6511104,NC
-0.22356816572806604,6511105,NC
-0.21358362699271924,6511106,NC
-0.22359907675036306,6511107,NC
-0.23861451499887049,6511108,NC
-0.24362994173611618,6511109,NC
-0.24364535695997627,6511110,NC
-0.21366076066832856,6511111,NC
-0.22367615285905246,6511112,NC
-0.2336915335300288,6511113,NC
-0.23870690267914024,6511114,NC
-0.24872226030427086,6511115,NC
-0.2537376064033063,6511116,NC
-0.2287529409741339,6511117,NC
-0.23876826401464257,6511118,NC
-0.24378357552272276,6511119,NC
-0.24879887549626648,6511120,NC
-0.25381416393316747,6511121,NC
-0.23882944083132082,6511122,NC
-0.23384470618862346,6511123,NC
-0.23385996000297382,6511124,NC
-0.2488752022722718,6511125,NC
-0.26389043299441906,6511126,NC
-0.26390565216731876,6511127,NC
-0.24892085978887563,6511128,NC
-0.238936055856996,6511129,NC
-0.23895124036958795,6511130,NC
-0.24396641332456098,6511131,NC
-0.2739815747198261,6511132,NC
-0.26899672455329615,6511133,NC
-0.2590118628228854,6511134,NC
-0.2490269895265098,6511135,NC
-0.23404210466208678,6511136,NC
-0.2540572082275355,6511137,NC
-0.25407230022077654,6511138,NC
-0.25908738063973225,6511139,NC
-0.24410244948232654,6511140,NC
-0.2491175067464848,6511141,NC
-0.22913255243013406,6511142,NC
-0.2541475865312031,6511143,NC
-0.264162609047622,6511144,NC
-0.26917761997732276,6511145,NC
-0.2791926193182387,6511146,NC
-0.24920760706830494,6511147,NC
-0.23922258322545803,6511148,NC
-0.25423754778763624,6511149,NC
-0.26925250075277934,6511150,NC
-0.2692674421188288,6511151,NC
-0.2742823718837276,6511152,NC
-0.24929729004542045,6511153,NC
-0.2493121966018534,6511154,NC
-0.24432709155097432,6511155,NC
-0.26934197489073264,6511156,NC
-0.2643568466190793,6511157,NC
-0.25437170673396703,6511158,NC
-0.23438655523334986,6511159,NC
-0.23440139211518368,6511160,NC
-0.2344162173774259,6511161,NC
-0.2294310310180355,6511162,NC
-0.22944583303497307,6511163,NC
-0.21446062342620076,6511164,NC
-0.20447540218968246,6511165,NC
-0.19449016932338353,6511166,NC
-0.2045049248252709,6511167,NC
-0.2145196686933133,6511168,NC
-0.20453440092548086,6511169,NC
-0.20954912151974536,6511170,NC
-0.17956383047408025,6511171,NC
-0.16457852778646054,6511172,NC
-0.1645932134548628,6511173,NC
-0.18460788747726528,6511174,NC
-0.20462254985164782,6511175,NC
-0.1796372005759918,6511176,NC
-0.16965183964828023,6511177,NC
-0.17966646706649783,6511178,NC
-0.20468108282863073,6511179,NC
-0.19969568693266682,6511180,NC
-0.20471027937659556,6511181,NC
-0.20472486015840793,6511182,NC
-0.19473942927609666,6511183,NC
-0.20475398672765596,6511184,NC
-0.21476853251108177,6511185,NC
-0.23978306662437146,6511186,NC
-0.24479758906552418,6511187,NC
-0.2398120998325406,6511188,NC
-0.22482659892342302,6511189,NC
-0.22984108633617528,6511190,NC
-0.23985556206880304,6511191,NC
-0.25487002611931325,6511192,NC
-0.2548844784857147,6511193,NC
-0.24489891916601775,6511194,NC
-0.2449133481582343,6511195,NC
-0.24992776546037793,6511196,NC
-0.24994217107046385,6511197,NC
-0.26995656498650866,6511198,NC
-0.28997094720653094,6511199,NC
-0.2849853177285506,6511200,NC
-0.2849996765505892,6511201,NC
-0.27501402367066996,6511202,NC
-0.2850283590868178,6511203,NC
-0.290042682797059,6511204,NC
-0.29505699479942177,6511205,NC
-0.28507129509193574,6511206,NC
-0.27508558367263203,6511207,NC
-0.2800998605395436,6511208,NC
-0.29011412569070505,6511209,NC
-0.3051283791241524,6511210,NC
-0.32014262083792333,6511211,NC
-0.2901568508300572,6511212,NC
-0.2901710690985951,6511213,NC
-0.28518527564157936,6511214,NC
-0.3051994704570543,6511215,NC
-0.31521365354306574,6511216,NC
-0.33522782489766095,6511217,NC
-0.315241984518889,6511218,NC
-0.30025613240480065,6511219,NC
-0.29527026855344796,6511220,NC
-0.3002843929628849,6511221,NC
-0.315298505631167,6511222,NC
-0.3303126065563513,6511223,NC
-0.3103266957364965,6511224,NC
-0.30034077316966296,6511225,NC
-0.2903548388539126,6511226,NC
-0.29536889278730905,6511227,NC
-0.29538293496791745,6511228,NC
-0.3053969653938047,6511229,NC
-0.290410984063039,6511230,NC
-0.27542499097369055,6511231,NC
-0.2754389861238311,6511232,NC
-0.28045296951153376,6511233,NC
-0.29546694113487343,6511234,NC
-0.31548090099192677,6511235,NC
-0.2954948490807718,6511236,NC
-0.2755087853994883,6511237,NC
-0.2755227099461577,6511238,NC
-0.2655366227188629,6511239,NC
-0.2805505237156886,6511240,NC
-0.28556441293472107,6511241,NC
-0.2805782903740481,6511242,NC
-0.28559215603175914,6511243,NC
-0.2656060099059454,6511244,NC
-0.27061985199469957,6511245,NC
-0.27563368229611596,6511246,NC
-0.2656475008082906,6511247,NC
-0.2606613075293211,6511248,NC
-0.2256751024573066,6511249,NC
-0.21068888559034799,6511250,NC
-0.19570265692654776,6511251,NC
-0.19071641646400994,6511252,NC
-0.1407301642008403,6511253,NC
-0.09074390013514622,6511254,NC
-0.010757624265036542,6511255,NC
0.049228663411378076,6511256,NC
0.11921496289598536,6511257,NC
0.13420127419067157,6511258,NC
0.1491875972973212,6511259,NC
0.1541739322178171,6511260,NC
0.13416027895404067,6511261,NC
0.07414663750787148,6511262,NC
-0.000866992118812443,6511263,NC
-0.06088060992413471,6511264,NC
-0.0558942159062205,6511265,NC
0.004092189936803298,6511266,NC
0.1090786076068082,6511267,NC
0.2090650371056641,6511268,NC
0.3290514784352393,6511269,NC
0.43903793159740034,6511270,NC
0.5390243965940122,6511271,NC
0.6290108734269384,6511272,NC
0.6989973620980408,6511273,NC
0.7339838626091789,6511274,NC
0.6889703749622119,6511275,L
0.5789568991589964,6511276,NC
0.47394343520138743,6511277,NC
0.3789299830912387,6511278,NC
0.28891654283040225,6511279,NC
0.20390311442072834,6511280,NC
0.09388969786406572,6511281,NC
-0.026123706837738625,6511282,NC
-0.15113709968283917,6511283,NC
-0.2661504806693922,6511284,NC
-0.3561638497955555,6511285,NC
-0.4361772070594885,6511286,NC
-0.5011905524593524,6511287,NC
-0.5562038859933098,6511288,NC
-0.5612172076595252,6511289,NC
-0.5412305174561646,6511290,NC
-0.5162438153813954,6511291,NC
-0.4762571014333871,6511292,NC
-0.4562703756103105,6511293,NC
-0.42628363791033824,6511294,NC
-0.40629688833164435,6511295,NC
-0.3713101268724047,6511296,NC
-0.3513233535307968,6511297,NC
-0.3413365683049996,6511298,NC
-0.34634977119319393,6511299,NC
-0.3613629621935621,6511300,NC
-0.376376141304288,6511301,NC
-0.35638930852355744,6511302,NC
-0.3414024638495575,6511303,NC
-0.3414156072804772,6511304,NC
-0.336428738814507,6511305,NC
-0.36144185844983917,6511306,NC
-0.36145496618466744,6511307,NC
-0.3514680620171873,6511308,NC
-0.3364811459455957,6511309,NC
-0.33149421796809153,6511310,NC
-0.33650727808287517,6511311,NC
-0.34652032628814855,6511312,NC
-0.3415333625821153,6511313,NC
-0.3365463869629808,6511314,NC
-0.32655939942895185,6511315,NC
-0.3165723999782371,6511316,NC
-0.32658538860904673,6511317,NC
-0.32659836531959263,6511318,NC
-0.34161133010808825,6511319,NC
-0.3166242829727487,6511320,NC
-0.30663722391179077,6511321,NC
-0.2916501529234329,6511322,NC
-0.3116630700058951,6511323,NC
-0.3116759751573991,6511324,NC
-0.31168886837616816,6511325,NC
-0.3067017496604274,6511326,NC
-0.29671461900840335,6511327,NC
-0.27672747641832435,6511328,NC
-0.2917403218884202,6511329,NC
-0.2967531554169226,6511330,NC
-0.2967659770020646,6511331,NC
-0.28177878664208117,6511332,NC
-0.2667915843352087,6511333,NC
-0.25680437007968543,6511334,NC
-0.271817143873751,6511335,NC
-0.261829905715647,6511336,NC
-0.25684265560361635,6511337,NC
-0.24685539353590386,6511338,NC
-0.21186811951075585,6511339,NC
-0.21188083352642034,6511340,NC
-0.216893535581147,6511341,NC
-0.22190622567318707,6511342,NC
-0.21191890380079356,6511343,NC
-0.20193156996222103,6511344,NC
-0.16194422415572574,6511345,NC
-0.16195686637956558,6511346,NC
-0.16696949663200006,6511347,NC
-0.1719821149112904,6511348,NC
-0.15699472121569943,6511349,NC
-0.15200731554349162,6511350,NC
-0.10701989789293306,6511351,NC
-0.10703246826229162,6511352,NC
-0.09204502664983667,6511353,NC
-0.09705757305383929,6511354,NC
-0.08707010747257224,6511355,NC
-0.06708262990430987,6511356,NC
-0.03709514034732819,6511357,NC
-0.027107638799904965,6511358,NC
-0.022120125260319423,6511359,NC
-0.0321325997268526,6511360,NC
-0.022145062197787113,6511361,NC
-0.002157512671407291,6511362,NC
0.022830048854001014,6511363,NC
0.03281762238015015,6511364,NC
0.047805207908750896,6511365,NC
0.03779280544151237,6511366,NC
0.052780414980142035,6511367,NC
0.07776803652634563,6511368,NC
0.08775567008182736,6511369,NC
0.10774331564828976,6511370,NC
0.10773097322743357,6511371,NC
0.09271864282095807,6511372,NC
0.09270632443056075,6511373,NC
0.09269401805793746,6511374,NC
0.09268172370478252,6511375,NC
0.06766944137278844,6511376,NC
0.06265717106364611,6511377,NC
0.03264491277904483,6511378,NC
0.0026326665206722194,6511379,NC
-0.0023795677097857987,6511380,NC
-0.012391789910644949,6511381,NC
-0.047404000080222546,6511382,NC
-0.06741619821683763,6511383,NC
-0.1024283843188109,6511384,NC
-0.11744055838446464,6511385,NC
-0.13245272041212286,6511386,NC
-0.12246487040011125,6511387,NC
-0.14747700834675703,6511388,NC
-0.16248913425038924,6511389,NC
-0.18250124810933846,6511390,NC
-0.21251334992193693,6511391,NC
-0.20252543968651868,6511392,NC
-0.19253751740141922,6511393,NC
-0.18754958306497588,6511394,NC
-0.21756163667552747,6511395,NC
-0.23757367823141468,6511396,NC
-0.23758570773097962,6511397,NC
-0.23259772517256627,6511398,NC
-0.2276097305545202,6511399,NC
-0.22262172387518853,6511400,NC
-0.23763370513292015,6511401,NC
-0.24764567432606566,6511402,NC
-0.25765763145297726,6511403,NC
-0.2576695765120087,6511404,NC
-0.24768150950151557,6511405,NC
-0.23769343041985502,6511406,NC
-0.24770533926538593,6511407,NC
-0.26271723603646874,6511408,NC
-0.2677291207314657,6511409,NC
-0.2677409933487406,6511410,NC
-0.26275285388665887,6511411,NC
-0.24276470234358774,6511412,NC
-0.25777653871789596,6511413,NC
-0.26278836300795405,6511414,NC
-0.2778001752121342,6511415,NC
-0.2628119753288101,6511416,NC
-0.25782376335635737,6511417,NC
-0.24283553929315294,6511418,NC
-0.25784730313757587,6511419,NC
-0.25785905488800637,6511420,NC
-0.2678707945428267,6511421,NC
-0.2628825221004207,6511422,NC
-0.25289423755917373,6511423,NC
-0.2379059409174729,6511424,NC
-0.2479176321737071,6511425,NC
-0.26792931132626674,6511426,NC
-0.2729409783735439,6511427,NC
-0.26795263331393254,6511428,NC
-0.2579642761458279,6511429,NC
-0.24797590686762722,6511430,NC
-0.2529875254777293,6511431,NC
-0.26799913197453445,6511432,NC
-0.28801072635644503,6511433,NC
-0.2630223086218647,6511434,NC
-0.2580338787691989,6511435,NC
-0.2630454367968548,6511436,NC
-0.2580569827032413,6511437,NC
-0.2880685164867687,6511438,NC
-0.28808003814584915,6511439,NC
-0.28309154767889655,6511440,NC
-0.26310304508432636,6511441,NC
-0.25811453036055565,6511442,NC
-0.26812600350600335,6511443,NC
-0.28313746451908983,6511444,NC
-0.2731489133982373,6511445,NC
-0.28316035014186963,6511446,NC
-0.28317177474841226,6511447,NC
-0.26318318721629236,6511448,NC
-0.26319458754393876,6511449,NC
-0.283205975729782,6511450,NC
-0.28321735177225427,6511451,NC
-0.27822871566978935,6511452,NC
-0.26324006742082284,6511453,NC
-0.2732514070237919,6511454,NC
-0.28326273447713546,6511455,NC
-0.29327404977929394,6511456,NC
-0.29328535292870966,6511457,NC
-0.2832966439238265,6511458,NC
-0.26830792276308996,6511459,NC
-0.26331918944494737,6511460,NC
-0.27833044396784756,6511461,NC
-0.28834168633024115,6511462,NC
-0.2933529165305804,6511463,NC
-0.2783641345673192,6511464,NC
-0.2733753404389131,6511465,NC
-0.2683865341438196,6511466,NC
-0.2783977156804974,6511467,NC
-0.2984088850474073,6511468,NC
-0.3134200422430116,6511469,NC
-0.30843118726577423,6511470,NC
-0.2934423201141608,6511471,NC
-0.2884534407866388,6511472,NC
-0.28846454928167703,6511473,NC
-0.2934756455977463,6511474,NC
-0.31848672973331904,6511475,NC
-0.2934978016868691,6511476,NC
-0.27350886145687237,6511477,NC
-0.26351990904180617,6511478,NC
-0.28353094444014965,6511479,NC
-0.2985419676503834,6511480,NC
-0.30355297867098996,6511481,NC
-0.3035639775004535,6511482,NC
-0.2935749641372596,6511483,NC
-0.2735859385798959,6511484,NC
-0.2785969008268515,6511485,NC
-0.2786078508766172,6511486,NC
-0.2936187887276855,6511487,NC
-0.2836297143785506,6511488,NC
-0.27364062782770837,6511489,NC
-0.26865152907365625,6511490,NC
-0.2686624181148936,6511491,NC
-0.2636732949499212,6511492,NC
-0.2586841595772418,6511493,NC
-0.2636950119953594,6511494,NC
-0.23870585220278012,6511495,NC
-0.23371668019801156,6511496,NC
-0.238727495979563,6511497,NC
-0.2537382995459455,6511498,NC
-0.2487490908956716,6511499,NC
-0.22375987002725567,6511500,NC
-0.20377063693921385,6511501,NC
-0.18378139163006374,6511502,NC
-0.1887921340983248,6511503,NC
-0.20380286434251804,6511504,NC
-0.2138135823611663,6511505,NC
-0.20882428815279397,6511506,NC
-0.19883498171592723,6511507,NC
-0.1938456630490938,6511508,NC
-0.21385633215082328,6511509,NC
-0.23886698901964676,6511510,NC
-0.24887763365409715,6511511,NC
-0.248888266052709,6511512,NC
-0.22889888621401855,6511513,NC
-0.23890949413656365,6511514,NC
-0.24392008981888397,6511515,NC
-0.2639306732595207,6511516,NC
-0.26894124445701695,6511517,NC
-0.2789518034099173,6511518,NC
-0.2739623501167681,6511519,NC
-0.25897288457611745,6511520,NC
-0.2789834067865149,6511521,NC
-0.29899391674651193,6511522,NC
-0.2940044144546617,6511523,NC
-0.2940148999095189,6511524,NC
-0.28402537310964004,6511525,NC
-0.2740358340535832,6511526,NC
-0.2790462827399083,6511527,NC
-0.2990567191671768,6511528,NC
-0.319067143333952,6511529,NC
-0.3290775552387986,6511530,NC
-0.3090879548802834,6511531,NC
-0.2990983422569746,6511532,NC
-0.30410871736744216,6511533,NC
-0.3241190802102577,6511534,NC
-0.3391294307839946,6511535,NC
-0.3391397690872279,6511536,NC
-0.3241500951185343,6511537,NC
-0.3091604088764922,6511538,NC
-0.3241707103596817,6511539,NC
-0.3291809995666846,6511540,NC
-0.3491912764960844,6511541,NC
-0.3292015411464662,6511542,NC
-0.32921179351641694,6511543,NC
-0.3192220336045251,6511544,NC
-0.339232261409381,6511545,NC
-0.3442424769295765,6511546,NC
-0.3392526801637052,6511547,NC
-0.3442628711103625,6511548,NC
-0.3242730497681454,6511549,NC
-0.3192832161356525,6511550,NC
-0.3242933702114843,6511551,NC
-0.34430351199424286,6511552,NC
-0.3493136414825319,6511553,NC
-0.34432375867495696,6511554,NC
-0.3243338635701251,6511555,NC
-0.3193439561666453,6511556,NC
-0.334354036463128,6511557,NC
-0.3343641044581855,6511558,NC
-0.33937416015043165,6511559,NC
-0.3393842035384822,6511560,NC
-0.3143942346209544,6511561,NC
-0.30940425339646727,6511562,NC
-0.30941425986364146,6511563,NC
-0.32942425402109954,6511564,NC
-0.32943423586746545,6511565,NC
-0.32944420540136504,6511566,NC
-0.3094541626214258,6511567,NC
-0.30446410752627695,6511568,NC
-0.30947404011454926,6511569,NC
-0.3294839603848754,6511570,NC
-0.3244938683358896,6511571,NC
-0.30950376396622786,6511572,NC
-0.2895136472745278,6511573,NC
-0.28452351825942884,6511574,NC
-0.2795333769195719,6511575,NC
-0.29454322325359994,6511576,NC
-0.2795530572601572,6511577,NC
-0.26456287893789,6511578,NC
-0.22957268828544608,6511579,NC
-0.20458248530147505,6511580,NC
-0.18459226998462802,6511581,NC
-0.15960204233355807,6511582,NC
-0.10461180234691977,6511583,NC
-0.04962155002336945,6511584,NC
0.030368714638434838,6511585,NC
0.08035899163983339,6511586,NC
0.11534928098216472,6511587,NC
0.1003395826667658,6511588,NC
0.1003298966949717,6511589,NC
0.06532022306811595,6511590,NC
0.005310561787530324,6511591,NC
-0.0546990871454551,6511592,NC
-0.09470872372951201,6511593,NC
-0.09471834796331366,6511594,NC
-0.034727959845535096,6511595,NC
0.07526244062514695,6511596,NC
0.20025285345005403,6511597,NC
0.33024327863050607,6511598,NC
0.45023371616782126,6511599,NC
0.5402241660633159,6511600,NC
0.6102146283183049,6511601,NC
0.6602051029341014,6511602,NC
0.6751955899120166,6511603,L
0.6351860892533603,6511604,NC
0.5301766009594403,6511605,NC
0.415167125031563,6511606,NC
0.30515766147103296,6511607,NC
0.22514821027915294,6511608,NC
0.1501387714572241,6511609,NC
0.045129345006546015,6511610,NC
-0.07988006907158371,6511611,NC
-0.21988947077586898,6511612,NC
-0.3548988601050155,6511613,NC
-0.4299082370577305,6511614,NC
-0.4799176016327232,6511615,NC
-0.5349269538287043,6511616,NC
-0.5699362936443862,6511617,NC
-0.5949456210784834,6511618,NC
-0.5949549361297113,6511619,NC
-0.5599642387967878,6511620,NC
-0.49497352907843234,6511621,NC
-0.4649828069733656,6511622,NC
-0.43999207248031036,6511623,NC
-0.41000132559799124,6511624,NC
-0.4050105663251341,6511625,NC
-0.3700197946604669,6511626,NC
-0.37002901060271914,6511627,NC
-0.365038214150622,6511628,NC
-0.3600474053029085,6511629,NC
-0.3600565840583133,6511630,NC
-0.38006575041557267,6511631,NC
-0.36507490437342477,6511632,NC
-0.35008404593060927,6511633,NC
-0.35509317508586774,6511634,NC
-0.33010229183794326,6511635,NC
-0.34511139618558084,6511636,NC
-0.360120488127527,6511637,NC
-0.34512956766253006,6511638,NC
-0.33513863478934003,6511639,NC
-0.3201476895067087,6511640,NC
-0.3251567318133894,6511641,NC
-0.3451657617081373,6511642,NC
-0.3551747791897093,6511643,NC
-0.3451837842568639,6511644,NC
-0.33019277690836135,6511645,NC
-0.3152017571429637,6511646,NC
-0.33021072495943465,6511647,NC
-0.34021968035653954,6511648,NC
-0.34522862333304544,6511649,NC
-0.3352375538877212,6511650,NC
-0.30524647201933736,6511651,NC
-0.30025537772666616,6511652,NC
-0.3002642710084815,6511653,NC
-0.32027315186355915,6511654,NC
-0.3102820202906763,6511655,NC
-0.29529087628861217,6511656,NC
-0.2752997198561475,6511657,NC
-0.27530855099206475,6511658,NC
-0.27531736969514825,6511659,NC
-0.2903261759641838,6511660,NC
-0.27533496979795913,6511661,NC
-0.2753437511952635,6511662,NC
-0.250352520154888,6511663,NC
-0.24036127667562543,6511664,NC
-0.2553700207562703,6511665,NC
-0.2553787523956187,6511666,NC
-0.26038747159246867,6511667,NC
-0.2253961783456197,6511668,NC
-0.20540487265387325,6511669,NC
-0.19541355451603226,6511670,NC
-0.19542222393090158,6511671,NC
-0.20543088089728767,6511672,NC
-0.20043952541399868,6511673,NC
-0.17544815747984452,6511674,NC
-0.15545677709363687,6511675,NC
-0.14046538425418897,6511676,NC
-0.1404739789603159,6511677,NC
-0.14048256121083452,6511678,NC
-0.14049113100456315,6511679,NC
-0.10549968834032206,6511680,NC
-0.09050823321693317,6511681,NC
-0.07551676563322007,6511682,NC
-0.07052528558800811,6511683,NC
-0.07053379308012432,6511684,NC
-0.06054228810839753,6511685,NC
-0.05055077067165816,6511686,NC
-0.015559240768738422,6511687,NC
-0.005567698398472265,6511688,NC
0.004423856440304699,6511689,NC
-0.005584576251244852,6511690,NC
0.004407003528039952,6511691,NC
0.014398595779318374,6511692,NC
0.04939020050374794,6511693,NC
0.07438181770248435,6511694,NC
0.06937344737668175,6511695,NC
0.054365089527492416,6511696,NC
0.05935674415606704,6511697,NC
0.09434841126355452,6511698,NC
0.11934009085110203,6511699,NC
0.12433178291985507,6511700,NC
0.1093234874709574,6511701,NC
0.09431520450555102,6511702,NC
0.09930693402477626,6511703,NC
0.09429867602977177,6511704,NC
0.0892904305216744,6511705,NC
0.07928219750161931,6511706,NC
0.03927397697073995,6511707,NC
0.014265768930168052,6511708,NC
-0.0007424266189663825,6511709,NC
-0.02575060967553508,6511710,NC
-0.03575878023841147,6511711,NC
-0.06576693830647068,6511712,NC
-0.0857750838785896,6511713,NC
-0.11578321695364682,6511714,NC
-0.1357913375305227,6511715,NC
-0.15079944560809921,6511716,NC
-0.15580754118526013,6511717,NC
-0.1508156242608909,6511718,NC
-0.17082369483387883,6511719,NC
-0.20583175290311273,6511720,NC
-0.24083979846748327,6511721,NC
-0.2258478315258828,6511722,NC
-0.21585585207720548,6511723,NC
-0.22086386012034703,6511724,NC
-0.24087185565420496,6511725,NC
-0.25087983867767866,6511726,NC
-0.2558878091896689,6511727,NC
-0.27089576718907854,6511728,NC
-0.255903712674812,6511729,NC
-0.24591164564577528,6511730,NC
-0.25591956610087635,6511731,NC
-0.27592747403902473,6511732,NC
-0.2759353694591318,6511733,NC
-0.26594325236011057,6511734,NC
-0.2659511227408758,6511735,NC
-0.25595898060034394,6511736,NC
-0.2609668259374332,6511737,NC
-0.27597465875106353,6511738,NC
-0.28098247904015655,6511739,NC
-0.2809902868036357,6511740,NC
-0.275998082040426,6511741,NC
-0.2710058647494543,6511742,NC
-0.2660136349296492,6511743,NC
-0.2860213925799409,6511744,NC
-0.3010291376992615,6511745,NC
-0.28603687028654456,6511746,NC
-0.2710445903407257,6511747,NC
-0.266052297860742,6511748,NC
-0.2760599928455324,6511749,NC
-0.29606767529403755,6511750,NC
-0.29607534520519974,6511751,NC
-0.27108300257796303,6511752,NC
-0.2760906474112733,6511753,NC
-0.27109827970407807,6511754,NC
-0.27610589945532654,6511755,NC
-0.28611350666396973,6511756,NC
-0.29612110132896036,6511757,NC
-0.2811286834492529,6511758,NC
-0.2661362530238034,6511759,NC
-0.26114381005156995,6511760,NC
-0.27115135453151196,6511761,NC
-0.28615888646259086,6511762,NC
-0.3011664058437697,6511763,NC
-0.28117391267401337,6511764,NC
-0.2711814069522883,6511765,NC
-0.2761888886775628,6511766,NC
-0.2961963578488069,6511767,NC
-0.2962038144649922,6511768,NC
-0.32121125852509225,6511769,NC
-0.2912186900280821,6511770,NC
-0.29122610897293877,6511771,NC
-0.29123351535864084,6511772,NC
-0.3012409091841687,6511773,NC
-0.3062482904485043,6511774,NC
-0.3212556591506317,6511775,NC
-0.30126301528953625,6511776,NC
-0.29127035886420527,6511777,NC
-0.28127768987362783,6511778,NC
-0.2862850083167946,6511779,NC
-0.30129231419269803,6511780,NC
-0.3162996075003324,6511781,NC
-0.29630688823869356,6511782,NC
-0.2913141564067792,6511783,NC
-0.28632141200358874,6511784,NC
-0.2913286550281232,6511785,NC
-0.3063358854793855,6511786,NC
-0.31134310335638016,6511787,NC
-0.30135030865811363,6511788,NC
-0.3013575013835938,6511789,NC
-0.2963646815318305,6511790,NC
-0.2963718491018352,6511791,NC
-0.30137900409262125,6511792,NC
-0.3163861465032035,6511793,NC
-0.30639327633259866,6511794,NC
-0.2914003935798253,6511795,NC
-0.2864074982439033,6511796,NC
-0.3064145903238548,6511797,NC
-0.31642166981870345,6511798,NC
-0.3264287367274744,6511799,NC
-0.32143579104919495,6511800,NC
-0.3014428327828938,6511801,NC
-0.3014498619276016,6511802,NC
-0.31145687848235054,6511803,NC
-0.3314638824461747,6511804,NC
-0.33647087381810986,6511805,NC
-0.33647785259719354,6511806,NC
-0.3214848187824649,6511807,NC
-0.3264917723729649,6511808,NC
-0.30649871336773626,6511809,NC
-0.3265056417658234,6511810,NC
-0.3315125575662725,6511811,NC
-0.3315194607681315,6511812,NC
-0.31652635137044993,6511813,NC
-0.31153322937227923,6511814,NC
-0.32654009477267243,6511815,NC
-0.3265469475706845,6511816,NC
-0.3465537877653719,6511817,NC
-0.3165606153557929,6511818,NC
-0.2915674303410076,6511819,NC
-0.2915742327200779,6511820,NC
-0.28158102249206707,6511821,NC
-0.29658779965604054,6511822,NC
-0.2965945642110652,6511823,NC
-0.2866013161562099,6511824,NC
-0.2816080554905449,6511825,NC
-0.2616147822131425,6511826,NC
-0.2566214963230766,6511827,NC
-0.27662819781942294,6511828,NC
-0.27663488670125885,6511829,NC
-0.2616415629676635,6511830,NC
-0.24164822661771773,6511831,NC
-0.22665487765050416,6511832,NC
-0.23666151606510713,6511833,NC
-0.23666814186061275,6511834,NC
-0.22667475503610884,6511835,NC
-0.241681355590685,6511836,NC
-0.2266879435234324,6511837,NC
-0.22669451883344421,6511838,NC
-0.24670108151981512,6511839,NC
-0.2617076315816417,6511840,NC
-0.27171416901802214,6511841,NC
-0.25172069382805645,6511842,NC
-0.2417272060108464,6511843,NC
-0.2517337055654954,6511844,NC
-0.2617401924911087,6511845,NC
-0.28674666678679317,6511846,NC
-0.2867531284516575,6511847,NC
-0.29675957748481213,6511848,NC
-0.2917660138853693,6511849,NC
-0.2867724376524428,6511850,NC
-0.3067788487851483,6511851,NC
-0.31678524728260316,6511852,NC
-0.3267916331439265,6511853,NC
-0.3267980063682392,6511854,NC
-0.31180436695466385,6511855,NC
-0.31181071490232476,6511856,NC
-0.321817050210348,6511857,NC
-0.3418233728778614,6511858,NC
-0.3568296829039945,6511859,NC
-0.36183598028787867,6511860,NC
-0.34684226502864685,6511861,NC
-0.35184853712543385,6511862,NC
-0.34185479657737616,6511863,NC
-0.3518610433836121,6511864,NC
-0.3518672775432816,6511865,NC
-0.33687349905552644,6511866,NC
-0.3268797079194901,6511867,NC
-0.33688590413431785,6511868,NC
-0.35189208769915653,6511869,NC
-0.35689825861315494,6511870,NC
-0.3669044168754635,6511871,NC
-0.36191056248523434,6511872,NC
-0.3519166954416215,6511873,NC
-0.3619228157437806,6511874,NC
-0.346928923390869,6511875,NC
-0.371935018382046,6511876,NC
-0.36694110071647235,6511877,NC
-0.36694717039331076,6511878,NC
-0.3569532274117256,6511879,NC
-0.341959271770883,6511880,NC
-0.3519653034699508,6511881,NC
-0.3669713225080987,6511882,NC
-0.38697732888449793,6511883,NC
-0.3769833225983217,6511884,NC
-0.3619893036487449,6511885,NC
-0.36199527203494386,6511886,NC
-0.36700122775609717,6511887,NC
-0.3670071708113848,6511888,NC
-0.38201310119998844,6511889,NC
-0.36701901892109196,6511890,NC
-0.3570249239738804,6511891,NC
-0.35203081635754085,6511892,NC
-0.3670366960712622,6511893,NC
-0.37204256311423495,6511894,NC
-0.3670484174856513,6511895,NC
-0.37205425918470536,6511896,NC
-0.35206008821059287,6511897,NC
-0.36706590456251137,6511898,NC
-0.34707170823966005,6511899,NC
-0.36707749924124,6511900,NC
-0.3620832775664539,6511901,NC
-0.3620890432145063,6511902,NC
-0.3420947961846034,6511903,NC
-0.34210053647595323,6511904,NC
-0.33210626408776545,6511905,NC
-0.3471119790192516,6511906,NC
-0.3421176812696249,6511907,NC
-0.31712337083810027,6511908,NC
-0.28712904772389447,6511909,NC
-0.28213471192622586,6511910,NC
-0.25214036344431484,6511911,NC
-0.24714600227738315,6511912,NC
-0.20715162842465468,6511913,NC
-0.1271572418853547,6511914,NC
-0.04716284265871051,6511915,NC
0.032831569256048965,6511916,NC
0.08282599385969305,6511917,NC
0.09782043115298937,6511918,NC
0.11781488113670363,6511919,NC
0.1178093438116,6511920,NC
0.09280381917844079,6511921,NC
0.03279830723798653,6511922,NC
-0.07220719200900388,6511923,NC
-0.17721267856177342,6511924,NC
-0.21221815241956668,6511925,NC
-0.14722361358163014,6511926,NC
-0.04222906204721191,6511927,NC
0.08276550218443804,6511928,NC
0.21276007911406813,6511929,NC
0.3277546687424249,6511930,NC
0.4277492710702533,6511931,NC
0.5277438860982963,6511932,NC
0.6077385138272953,6511933,NC
0.6227331542579899,6511934,NC
0.5827278073911181,6511935,L
0.5077224732274157,6511936,NC
0.38271715176761734,6511937,NC
0.2927118430124555,6511938,NC
0.19770654696266102,6511939,NC
0.0877012636189631,6511940,NC
-0.012304007017910984,6511941,NC
-0.13230926494723555,6511942,NC
-0.25731451016828677,6511943,NC
-0.3473197426803426,6511944,NC
-0.42732496248268254,6511945,NC
-0.4823301695745881,6511946,NC
-0.5223353639553423,6511947,NC
-0.5773405456242301,6511948,NC
-0.6073457145805381,6511949,NC
-0.6023508708235548,6511950,NC
-0.5773560143525701,6511951,NC
-0.5523611451668762,6511952,NC
-0.5323662632657664,6511953,NC
-0.5023713686485364,6511954,NC
-0.48237646131448314,6511955,NC
-0.45738154126290553,6511956,NC
-0.4223866084931044,6511957,NC
-0.41239166300438185,6511958,NC
-0.4273967047960422,6511959,NC
-0.4224017338673913,6511960,NC
-0.4224067502177368,6511961,NC
-0.4374117538463881,6511962,NC
-0.4174167447526564,6511963,NC
-0.40742172293585444,6511964,NC
-0.417426688395297,6511965,NC
-0.4224316411303005,6511966,NC
-0.432436581140183,6511967,NC
-0.42244150842426453,6511968,NC
-0.42744642298186664,6511969,NC
-0.4074513248123127,6511970,NC
-0.40745621391492803,6511971,NC
-0.41746109028903944,6511972,NC
-0.41246595393397556,6511973,NC
-0.38747080484906693,6511974,NC
-0.3874756430336456,6511975,NC
-0.3774804684870456,6511976,NC
-0.38748528120860254,6511977,NC
-0.4074900811976539,6511978,NC
-0.4174948684535388,6511979,NC
-0.39249964297559814,6511980,NC
-0.3875044047631747,6511981,NC
-0.377509153815613,6511982,NC
-0.3725138901322591,6511983,NC
-0.37751861371246087,6511984,NC
-0.3975233245555682,6511985,NC
-0.3725280226609325,6511986,NC
-0.35253270802790687,6511987,NC
-0.3425373806558464,6511988,NC
-0.3525420405441077,6511989,NC
-0.3475466876920493,6511990,NC
-0.35255132209903145,6511991,NC
-0.3425559437644161,6511992,NC
-0.30756055268756693,6511993,NC
-0.2975651488678495,6511994,NC
-0.3025697323046311,6511995,NC
-0.30757430299728056,6511996,NC
-0.31257886094516873,6511997,NC
-0.3225834061476682,6511998,NC
-0.287587938604153,6511999,NC
-0.27259245831399936,6512000,NC
-0.26759696527658494,6512001,NC
-0.2726014594912893,6512002,NC
-0.2726059409574937,6512003,NC
-0.2576104096745812,6512004,NC
-0.2326148656419366,6512005,NC
-0.22261930885894637,6512006,NC
-0.20262373932499889,6512007,NC
-0.19262815703948416,6512008,NC
-0.19263256200179402,6512009,NC
-0.18763695421132204,6512010,NC
-0.1426413336674635,6512011,NC
-0.11764570036961552,6512012,NC
-0.13265005431717694,6512013,NC
-0.12265439550954833,6512014,NC
-0.12265872394613202,6512015,NC
-0.10266303962633212,6512016,NC
-0.07266734254955452,6512017,NC
-0.06267163271520682,6512018,NC
-0.05767591012269835,6512019,NC
-0.04768017477144029,6512020,NC
-0.04268442666084547,6512021,NC
-0.02768866579032858,6512022,NC
-0.007692892159305992,6512023,NC
0.007302894232804127,6512024,NC
0.017298693386581895,6512025,NC
0.022294505302605627,6512026,NC
0.027290329981451866,6512027,NC
0.037286167423695504,6512028,NC
0.06728201762990955,6512029,NC
0.06727788060066532,6512030,NC
0.07727375633653237,6512031,NC
0.05726964483807846,6512032,NC
0.05726554610586966,6512033,NC
0.07226146014047025,6512034,NC
0.0822573869424427,6512035,NC
0.07725332651234781,6512036,NC
0.05724927885074456,6512037,NC
0.02724524395819021,6512038,NC
0.007241221835240258,6512039,NC
-0.007762787517551606,6512040,NC
-0.007766784099633384,6512041,NC
-0.0327707679104549,6512042,NC
-0.06277473894946764,6512043,NC
-0.08777869721612494,6512044,NC
-0.11278264270988189,6512045,NC
-0.13278657543019526,6512046,NC
-0.14779049537652367,6512047,NC
-0.17779440254832746,6512048,NC
-0.18779829694506867,6512049,NC
-0.2128021785662112,6512050,NC
-0.2178060474112207,6512051,NC
-0.22280990347956448,6512052,NC
-0.2278137467707117,6512053,NC
-0.22781757728413327,6512054,NC
-0.24282139501930178,6512055,NC
-0.2678251999756917,6512056,NC
-0.28782899215277924,6512057,NC
-0.27783277155004216,6512058,NC
-0.26783653816696035,6512059,NC
-0.27784029200301513,6512060,NC
-0.27784403305768973,6512061,NC
-0.29284776133046914,6512062,NC
-0.29785147682084007,6512063,NC
-0.292855179528291,6512064,NC
-0.2828588694523122,6512065,NC
-0.2878625465923957,6512066,NC
-0.28286621094803516,6512067,NC
-0.2978698625187262,6512068,NC
-0.3128735013039661,6512069,NC
-0.3028771273032539,6512070,NC
-0.3028807405160903,6512071,NC
-0.28788434094197807,6512072,NC
-0.2928879285804214,6512073,NC
-0.30289150343092636,6512074,NC
-0.3128950654930009,6512075,NC
-0.29789861476615453,6512076,NC
-0.2929021512498987,6512077,NC
-0.28290567494374647,6512078,NC
-0.2979091858472127,6512079,NC
-0.3029126839598142,6512080,NC
-0.3229161692810693,6512081,NC
-0.2979196418104981,6512082,NC
-0.2979231015476226,6512083,NC
-0.2829265484919665,6512084,NC
-0.2929299826430553,6512085,NC
-0.2929334040004161,6512086,NC
-0.29793681256357796,6512087,NC
-0.2929402083320716,6512088,NC
-0.27794359130542956,6512089,NC
-0.27794696148318604,6512090,NC
-0.2729503188648771,6512091,NC
-0.2829536634500406,6512092,NC
-0.3079569952382159,6512093,NC
-0.29296031422894453,6512094,NC
-0.2879636204217694,6512095,NC
-0.2779669138162354,6512096,NC
-0.2729701944118891,6512097,NC
-0.2979734622082789,6512098,NC
-0.32797671720495497,6512099,NC
-0.3029799594014691,6512100,NC
-0.29298318879737495,6512101,NC
-0.27798640539222796,6512102,NC
-0.28298960918558524,6512103,NC
-0.2829928001770058,6512104,NC
-0.2879959783660503,6512105,NC
-0.2979991437522812,6512106,NC
-0.2880022963352627,6512107,NC
-0.2730054361145608,6512108,NC
-0.2880085630897432,6512109,NC
-0.29801167726037947,6512110,NC
-0.30301477862604087,6512111,NC
-0.29301786718630046,6512112,NC
-0.288020942940733,6512113,NC
-0.27802400588891496,6512114,NC
-0.2980270560304248,6512115,NC
-0.30303009336484255,6512116,NC
-0.30303311789175,6512117,NC
-0.2980361296107309,6512118,NC
-0.2880391285213706,6512119,NC
-0.26804211462325606,6512120,NC
-0.2830450879159764,6512121,NC
-0.31804804839912215,6512122,NC
-0.31305099607228576,6512123,NC
-0.29805393093506144,6512124,NC
-0.2830568529870452,6512125,NC
-0.2980597622278347,6512126,NC
-0.3030626586570294,6512127,NC
-0.3180655422742306,6512128,NC
-0.3230684130790413,6512129,NC
-0.3130712710710662,6512130,NC
-0.293074116249912,6512131,NC
-0.3030769486151868,6512132,NC
-0.30307976816650084,6512133,NC
-0.29808257490346585,6512134,NC
-0.3130853688256955,6512135,NC
-0.30808814993280503,6512136,NC
-0.2980909182244117,6512137,NC
-0.2930936737001343,6512138,NC
-0.3080964163595935,6512139,NC
-0.30809914620241174,6512140,NC
-0.3281018632282132,6512141,NC
-0.3081045674366239,6512142,NC
-0.3031072588272714,6512143,NC
-0.2931099373997853,6512144,NC
-0.2881126031537967,6512145,NC
-0.3031152560889387,6512146,NC
-0.3131178962048461,6512147,NC
-0.29312052350115536,6512148,NC
-0.2731231379775048,6512149,NC
-0.27312573963353454,6512150,NC
-0.26312832846888634,6512151,NC
-0.2731309044832038,6512152,NC
-0.26813346767613233,6512153,NC
-0.26813601804731896,6512154,NC
-0.2531385555964127,6512155,NC
-0.23314108032306408,6512156,NC
-0.24814359222692559,6512157,NC
-0.2431460913076514,6512158,NC
-0.2531485775648975,6512159,NC
-0.2381510509983215,6512160,NC
-0.223153511607583,6512161,NC
-0.1981559593923432,6512162,NC
-0.20815839435226513,6512163,NC
-0.2181608164870135,6512164,NC
-0.22816322579625492,6512165,NC
-0.20816562227965768,6512166,NC
-0.2131680059368918,6512167,NC
-0.21317037676762923,6512168,NC
-0.22317273477154354,6512169,NC
-0.24817507994831,6512170,NC
-0.2581774122976059,6512171,NC
-0.25817973181911,6512172,NC
-0.2381820385125031,6512173,NC
-0.2481843323774676,6512174,NC
-0.26318661341368765,6512175,NC
-0.26818888162084925,6512176,NC
-0.30319113699864014,6512177,NC
-0.29319337954674984,6512178,NC
-0.2781956092648695,6512179,NC
-0.27819782615269234,6512180,NC
-0.283200030209913,6512181,NC
-0.31320222143622817,6512182,NC
-0.3132043998313361,6512183,NC
-0.3082065653949369,6512184,NC
-0.30320871812673245,6512185,NC
-0.3132108580264264,6512186,NC
-0.31821298509372414,6512187,NC
-0.3232150993283328,6512188,NC
-0.32321720072996135,6512189,NC
-0.32321928929832044,6512190,NC
-0.3282213650331226,6512191,NC
-0.31822342793408204,6512192,NC
-0.33322547800091473,6512193,NC
-0.3432275152333385,6512194,NC
-0.33822953963107283,6512195,NC
-0.34323155119383897,6512196,NC
-0.3332335499213601,6512197,NC
-0.308235535813361,6512198,NC
-0.33323750886956827,6512199,NC
-0.34323946908971026,6512200,NC
-0.35824141647351715,6512201,NC
-0.3482433510207208,6512202,NC
-0.3282452727310549,6512203,NC
-0.3132471816042549,6512204,NC
-0.338249077640058,6512205,NC
-0.34825096083820317,6512206,NC
-0.3482528311984311,6512207,NC
-0.34325468872048437,6512208,NC
-0.3182565334041072,6512209,NC
-0.31325836524904566,6512210,NC
-0.31326018425504754,6512211,NC
-0.3332619904218624,6512212,NC
-0.34826378374924166,6512213,NC
-0.32826556423693837,6512214,NC
-0.32326733188470747,6512215,NC
-0.31326908669230547,6512216,NC
-0.3132708286594909,6512217,NC
-0.33327255778602394,6512218,NC
-0.3332742740716665,6512219,NC
-0.3332759775161823,6512220,NC
-0.3132776681193368,6512221,NC
-0.2932793458808974,6512222,NC
-0.30828101080063297,6512223,NC
-0.3182826628783143,6512224,NC
-0.31828430211371406,6512225,NC
-0.2982859285066064,6512226,NC
-0.27828754205676764,6512227,NC
-0.24828914276397546,6512228,NC
-0.24329073062800954,6512229,NC
-0.23829230564865134,6512230,NC
-0.22329386782568394,6512231,NC
-0.1732954171588923,6512232,NC
-0.11329695364806316,6512233,NC
-0.043298477292984944,6512234,NC
0.02670001190655208,6512235,NC
0.056698513950755924,6512236,NC
0.09169702883983281,6512237,NC
0.1416955565739872,6512238,NC
0.14669409715342174,6512239,NC
0.1366926505783374,6512240,NC
0.06169121684893329,6512241,NC
-0.013310204034593168,6512242,NC
-0.05831161207204638,6512243,NC
-0.03831300726323251,6512244,NC
0.03168561039204054,6512245,NC
0.14668424089396304,6512246,NC
0.2666828842427236,6512247,NC
0.3766815404385089,6512248,NC
0.5116802094815041,6512249,NC
0.6066788913718921,6512250,NC
0.6866775861098549,6512251,NC
0.7216762936955716,6512252,NC
0.6666750141292206,6512253,L
0.5566737474109777,6512254,NC
0.4466724935410177,6512255,NC
0.3416712525195128,6512256,NC
0.2816700243466341,6512257,NC
0.20166880902255055,6512258,NC
0.0866676065474296,6512259,NC
-0.0583335830785633,6512260,NC
-0.18333475985526432,6512261,NC
-0.2933359237825115,6512262,NC
-0.37833707486014456,6512263,NC
-0.43333821308800513,6512264,NC
-0.49833933846593637,6512265,NC
-0.5333404509937834,6512266,NC
-0.548341550671393,6512267,NC
-0.5533426374986139,6512268,NC
-0.5083437114752964,6512269,NC
-0.47334477260129276,6512270,NC
-0.4683458208764567,6512271,NC
-0.43334685630064407,6512272,NC
-0.4033478788737122,6512273,NC
-0.37834888859552035,6512274,NC
-0.3633498854659296,6512275,NC
-0.35335086948480254,6512276,NC
-0.3633518406520039,6512277,NC
-0.3683527989673998,6512278,NC
-0.38335374443085835,6512279,NC
-0.37835467704224945,6512280,NC
-0.35835559680144474,6512281,NC
-0.3383565037083175,6512282,NC
-0.3533573977627429,6512283,NC
-0.3633582789645979,6512284,NC
-0.3733591473137611,6512285,NC
-0.353360002810113,6512286,NC
-0.3483608454535358,6512287,NC
-0.34336167524391353,6512288,NC
-0.343362492181132,6512289,NC
-0.3583632962650787,6512290,NC
-0.3433640874956428,6512291,NC
-0.34336486587271553,6512292,NC
-0.3233656313961897,6512293,NC
-0.3133663840659599,6512294,NC
-0.3233671238819225,6512295,NC
-0.3233678508439757,6512296,NC
-0.33836856495201934,6512297,NC
-0.33336926620595514,6512298,NC
-0.3083699546056866,6512299,NC
-0.2983706301511189,6512300,NC
-0.3083712928421591,6512301,NC
-0.3133719426787159,6512302,NC
-0.3233725796606998,6512303,NC
-0.2983732037880232,6512304,NC
-0.2733738150606001,6512305,NC
-0.27337441347834646,6512306,NC
-0.2683749990411798,6512307,NC
-0.2783755717490195,6512308,NC
-0.28337613160178676,6512309,NC
-0.26337667859940445,6512310,NC
-0.2533772127417973,6512311,NC
-0.23837773402889179,6512312,NC
-0.23837824246061612,6512313,NC
-0.25337873803690036,6512314,NC
-0.2583792207576762,6512315,NC
-0.22837969062287722,6512316,NC
-0.20838014763243873,6512317,NC
-0.18838059178629782,6512318,NC
-0.18838102308439333,6512319,NC
-0.19338144152666592,6512320,NC
-0.1833818471130579,6512321,NC
-0.16338223984351352,6512322,NC
-0.13838261971797866,6512323,NC
-0.11838298673640107,6512324,NC
-0.11338334089873019,6512325,NC
-0.12838368220491725,6512326,NC
-0.10338401065491527,6512327,NC
-0.09338432624867907,6512328,NC
-0.07338462898616516,6512329,NC
-0.05838491886733185,6512330,NC
-0.05338519589213928,6512331,NC
-0.05838546006054929,6512332,NC
-0.05838571137252549,6512333,NC
-0.03838594982803333,6512334,NC
-0.023386175427039926,6512335,NC
-0.008386388169514258,6512336,NC
-0.003386588055427034,6512337,NC
0.01161322491524927,6512338,NC
0.011613050742540418,6512339,NC
0.031612889426470364,6512340,NC
0.05661274096706134,6512341,NC
0.08661260536433377,6512342,NC
0.08661248261830631,6512343,NC
0.08661237272899588,6512344,NC
0.09161227569641761,6512345,NC
0.09661219152058487,6512346,NC
0.12161212020150919,6512347,NC
0.13161206173920045,6512348,NC
0.10161201613366667,6512349,NC
0.08161198338491411,6512350,NC
0.06661196349294735,6512351,NC
0.061611956457769054,6512352,NC
0.0516119622793802,6512353,NC
0.03161198095778005,6512354,NC
0.0016120124929659557,6512355,NC
-0.028387943115066386,6512356,NC
-0.0533878858663231,6512357,NC
-0.05838781576081205,6512358,NC
-0.07338773279854291,6512359,NC
-0.07838763697952708,6512360,NC
-0.10838752830377776,6512361,NC
-0.12838740677130994,6512362,NC
-0.15338727238214028,6512363,NC
-0.15338712513628736,6512364,NC
-0.1683869650337714,6512365,NC
-0.16338679207461448,6512366,NC
-0.1683866062588404,6512367,NC
-0.19338640758647468,6512368,NC
-0.20838619605754477,6512369,NC
-0.2133859716720797,6512370,NC
-0.19838573443011043,6512371,NC
-0.19338548433166963,6512372,NC
-0.20838522137679166,6512373,NC
-0.21838494556551274,6512374,NC
-0.2333846568978709,6512375,NC
-0.24338435537390585,6512376,NC
-0.21838404099365905,6512377,NC
-0.20838371375717385,6512378,NC
-0.21838337366449528,6512379,NC
-0.24338302071567014,6512380,NC
-0.23338265491074706,6512381,NC
-0.23838227624977631,6512382,NC
-0.22838188473281018,6512383,NC
-0.2083814803599024,6512384,NC
-0.22338106313110875,6512385,NC
-0.24338063304648663,6512386,NC
-0.24838019010609527,6512387,NC
-0.22337973430999564,6512388,NC
-0.21337926565825044,6512389,NC
-0.1983787841509243,6512390,NC
-0.20837828978808343,6512391,NC
-0.2183777825697959,6512392,NC
-0.22837726249613155,6512393,NC
-0.21837672956716195,6512394,NC
-0.21337618378296047,6512395,NC
-0.20337562514360233,6512396,NC
-0.20337505364916436,6512397,NC
-0.22337446929972526,6512398,NC
-0.22337387209536547,6512399,NC
-0.2133732620361672,6512400,NC
-0.20837263912221443,6512401,NC
-0.193372003353593,6512402,NC
-0.1983713547303903,6512403,NC
-0.21837069325269576,6512404,NC
-0.23337001892060036,6512405,NC
-0.22836933173419693,6512406,NC
-0.21836863169358017,6512407,NC
-0.20336791879884633,6512408,NC
-0.20336719305009365,6512409,NC
-0.218366454447422,6512410,NC
-0.2283657029909331,6512411,NC
-0.22336493868073035,6512412,NC
-0.213364161516919,6512413,NC
-0.20336337149960604,6512414,NC
-0.21336256862890024,6512415,NC
-0.23336175290491215,6512416,NC
-0.24836092432775403,6512417,NC
-0.22336008289753995,6512418,NC
-0.21335922861438578,6512419,NC
-0.21835836147840915,6512420,NC
-0.2233574814897294,6512421,NC
-0.22835658864846764,6512422,NC
-0.23835568295474685,6512423,NC
-0.22835476440869173,6512424,NC
-0.2183538330104287,6512425,NC
-0.21335288876008598,6512426,NC
-0.2283519316577936,6512427,NC
-0.2333509617036833,6512428,NC
-0.23834997889788861,6512429,NC
-0.23334898324054487,6512430,NC
-0.2283479747317891,6512431,NC
-0.2183469533717602,6512432,NC
-0.2433459191605987,6512433,NC
-0.24334487209844705,6512434,NC
-0.2583438121854494,6512435,NC
-0.2433427394217516,6512436,NC
-0.23334165380750144,6512437,NC
-0.2333405553428483,6512438,NC
-0.2383394440279434,6512439,NC
-0.2433383198629398,6512440,NC
-0.2533371828479922,6512441,NC
-0.25833603298325725,6512442,NC
-0.2233348702688931,6512443,NC
-0.22333369470505987,6512444,NC
-0.23333250629191946,6512445,NC
-0.2483313050296354,6512446,NC
-0.2633300909183731,6512447,NC
-0.24832886395829973,6512448,NC
-0.2433276241495842,6512449,NC
-0.2383263714923972,6512450,NC
-0.24832510598691115,6512451,NC
-0.2483238276333003,6512452,NC
-0.25832253643174063,6512453,NC
-0.2633212323824099,6512454,NC
-0.24831991548548765,6512455,NC
-0.24331858574115514,6512456,NC
-0.2483172431495955,6512457,NC
-0.25831588771099356,6512458,NC
-0.2683145194255358,6512459,NC
-0.27831313829341076,6512460,NC
-0.2633117443148085,6512461,NC
-0.23831033748992098,6512462,NC
-0.2383089178189418,6512463,NC
-0.24330748530206647,6512464,NC
-0.24330603993949218,6512465,NC
-0.2333045817314179,6512466,NC
-0.2083031106780444,6512467,NC
-0.1983016267795742,6512468,NC
-0.1983001300362116,6512469,NC
-0.19829862044816263,6512470,NC
-0.22829709801563514,6512471,NC
-0.2032955627388387,6512472,NC
-0.17829401461798472,6512473,NC
-0.1732924536532863,6512474,NC
-0.17329087984495833,6512475,NC
-0.17828929319321749,6512476,NC
-0.1932876936982822,6512477,NC
-0.17328608136037266,6512478,NC
-0.16328445617971088,6512479,NC
-0.15828281815652057,6512480,NC
-0.17328116729102727,6512481,NC
-0.1982795035834582,6512482,NC
-0.2132778270340424,6512483,NC
-0.19827613764301077,6512484,NC
-0.19327443541059583,6512485,NC
-0.1882727203370319,6512486,NC
-0.1932709924225552,6512487,NC
-0.21826925166740344,6512488,NC
-0.23326749807181643,6512489,NC
-0.23326573163603553,6512490,NC
-0.2282639523603039,6512491,NC
-0.2232621602448665,6512492,NC
-0.23326035528997013,6512493,NC
-0.24825853749586319,6512494,NC
-0.25825670686279595,6512495,NC
-0.2632548633910205,6512496,NC
-0.2482530070807905,6512497,NC
-0.24325113793236167,6512498,NC
-0.25324925594599124,6512499,NC
-0.2682473611219383,6512500,NC
-0.28324545346046376,6512501,NC
-0.28824353296183025,6512502,NC
-0.2832415996263021,6512503,NC
-0.2782396534541455,6512504,NC
-0.2932376944456284,6512505,NC
-0.30823572260102056,6512506,NC
-0.3082337379205933,6512507,NC
-0.29823174040461997,6512508,NC
-0.28322973005337554,6512509,NC
-0.2732277068671367,6512510,NC
-0.2932256708461821,6512511,NC
-0.308223621990792,6512512,NC
-0.33322156030124844,6512513,NC
-0.30821948577783526,6512514,NC
-0.29821739842083805,6512515,NC
-0.29321529823054426,6512516,NC
-0.30321318520724294,6512517,NC
-0.318211059351225,6512518,NC
-0.31320892066278316,6512519,NC
-0.32320676914221175,6512520,NC
-0.2932046047898071,6512521,NC
-0.2932024276058671,6512522,NC
-0.2982002375906915,6512523,NC
-0.30819803474458174,6512524,NC
-0.3131958190678412,6512525,NC
-0.3131935905607749,6512526,NC
-0.29819134922368956,6512527,NC
-0.2931890950568938,6512528,NC
-0.2981868280606979,6512529,NC
-0.308184548235414,6512530,NC
-0.31318225558135604,6512531,NC
-0.31317995009883953,6512532,NC
-0.2981776317881819,6512533,NC
-0.28817530064970237,6512534,NC
-0.2981729566837218,6512535,NC
-0.3081705998905629,6512536,NC
-0.3231682302705502,6512537,NC
-0.30316584782400974,6512538,NC
-0.30316345255126975,6512539,NC
-0.30316104445265984,6512540,NC
-0.2981586235285116,6512541,NC
-0.30815618977915826,6512542,NC
-0.31815374320493495,6512543,NC
-0.3081512838061784,6512544,NC
-0.28814881158322725,6512545,NC
-0.2881463265364219,6512546,NC
-0.28314382866610444,6512547,NC
-0.28814131797261866,6512548,NC
-0.2781387944563103,6512549,NC
-0.2581362581175268,6512550,NC
-0.22313370895661722,6512551,NC
-0.18813114697393263,6512552,NC
-0.15812857216982568,6512553,NC
-0.11812598454465087,6512554,NC
-0.058123384098764386,6512555,NC
0.02687922916747569,6512556,NC
0.10188185525370967,6512557,NC
0.16188449415957595,6512558,NC
0.17188714588471127,6512559,NC
0.15188981042875052,6512560,NC
0.08689248779132693,6512561,NC
0.016895177972071865,6512562,NC
-0.028102119029385003,6512563,NC
-0.028099403213415836,6512564,NC
0.021903325419605532,6512565,NC
0.1019060668693034,6512566,NC
0.22190882113530036,6512567,NC
0.3919115882172172,6512568,NC
0.5419143681146731,6512569,NC
0.6569171608272852,6512570,NC
0.721919966354669,6512571,NC
0.7469227846964385,6512572,NC
0.7169256158522056,6512573,L
0.6369284598215803,6512574,NC
0.5269313166041713,6512575,NC
0.4319341861995853,6512576,NC
0.3269370686074271,6512577,NC
0.21693996382730005,6512578,NC
0.10694287185880547,6512579,NC
-0.02305420729845699,6512580,NC
-0.14805127364488943,6512581,NC
-0.2730483271808957,6512582,NC
-0.3780453679068815,6512583,NC
-0.47304239582325425,6512584,NC
-0.538039410930423,6512585,NC
-0.5630364132287987,6512586,NC
-0.5680334027187942,6512587,NC
-0.5380303794008239,6512588,NC
-0.518027343275304,6512589,NC
-0.47802429434265237,6512590,NC
-0.45802123260328886,6512591,NC
-0.418018158057635,6512592,NC
-0.378015070706114,6512593,NC
-0.358011970549151,6512594,NC
-0.35300885758717276,6512595,NC
-0.3630057318206078,6512596,NC
-0.37300259324988644,6512597,NC
-0.3729994418754408,6512598,NC
-0.35799627769770476,6512599,NC
-0.34299310071711386,6512600,NC
-0.3429899109341056,6512601,NC
-0.36798670834911895,6512602,NC
-0.372983492962595,6512603,NC
-0.35298026477497624,6512604,NC
-0.3429770237867072,6512605,NC
-0.327973769998234,6512606,NC
-0.3379705034100047,6512607,NC
-0.34296722402246893,6512608,NC
-0.3479639318360782,6512609,NC
-0.3379606268512857,6512610,NC
-0.32295730906854647,6512611,NC
-0.31795397848831725,6512612,NC
-0.33295063511105655,6512613,NC
-0.3329472789372247,6512614,NC
-0.32794390996728373,6512615,NC
-0.32794052820169745,6512616,NC
-0.32293713364093146,6512617,NC
-0.302933726285453,6512618,NC
-0.3079303061357312,6512619,NC
-0.312926873192237,6512620,NC
-0.3129234274554429,6512621,NC
-0.3079199689258233,6512622,NC
-0.2879164976038544,6512623,NC
-0.267913013490014,6512624,NC
-0.2729095165847819,6512625,NC
-0.28790600688863943,6512626,NC
-0.2879024844020698,6512627,NC
-0.27289894912555784,6512628,NC
-0.2478954010595904,6512629,NC
-0.2428918402046559,6512630,NC
-0.23788826656124457,6512631,NC
-0.24288468012984837,6512632,NC
-0.24288108091096106,6512633,NC
-0.23287746890507818,6512634,NC
-0.21287384411269694,6512635,NC
-0.20287020653431637,6512636,NC
-0.1878665561704373,6512637,NC
-0.18286289302156228,6512638,NC
-0.18285921708819555,6512639,NC
-0.17285552837084325,6512640,NC
-0.1478518268700132,6512641,NC
-0.13284811258621493,6512642,NC
-0.11784438551995985,6512643,NC
-0.11784064567176103,6512644,NC
-0.11283689304213337,6512645,NC
-0.09783312763159348,6512646,NC
-0.07782934944065972,6512647,NC
-0.05782555846985228,6512648,NC
-0.042821754719693045,6512649,NC
-0.052817938190705675,6512650,NC
-0.05281410888341561,6512651,NC
-0.02281026679835002,6512652,NC
-0.00780641193603783,6512653,NC
0.017197455702990208,6512654,NC
0.022201336118201687,6512655,NC
0.022205229309062352,6512656,NC
0.02720913527503624,6512657,NC
0.0522130540155856,6512658,NC
0.07721698553017099,6512659,NC
0.08222092981825106,6512660,NC
0.09222488687928289,6512661,NC
0.09222885671272167,6512662,NC
0.07723283931802087,6512663,NC
0.08223683469463217,6512664,NC
0.0822408428420056,6512665,NC
0.07224486375958931,6512666,NC
0.062248897446829723,6512667,NC
0.032252943903171544,6512668,NC
0.002257003128057697,6512669,NC
-0.012738924879070662,6512670,NC
-0.03773484011877414,6512671,NC
-0.042730742591615065,6512672,NC
-0.06772663229815756,6512673,NC
-0.09772250923896748,6512674,NC
-0.12271837341461246,6512675,NC
-0.1427142248256619,6512676,NC
-0.13771006347268688,6512677,NC
-0.14270588935626038,6512678,NC
-0.16770170247695698,6512679,NC
-0.19269750283535314,6512680,NC
-0.21269329043202695,6512681,NC
-0.22268906526755844,6512682,NC
-0.20268482734252924,6512683,NC
-0.20268057665752276,6512684,NC
-0.22267631321312423,6512685,NC
-0.2326720370099206,6512686,NC
-0.24766774804850056,6512687,NC
-0.24266344632945455,6512688,NC
-0.2476591318533749,6512689,NC
-0.23765480462085548,6512690,NC
-0.237650464632492,6512691,NC
-0.2576461118888821,6512692,NC
-0.2676417463906249,6512693,NC
-0.26763736813832134,6512694,NC
-0.2576329771325744,6512695,NC
-0.25262857337398836,6512696,NC
-0.2526241568631696,6512697,NC
-0.26261972760072616,6512698,NC
-0.26761528558726777,6512699,NC
-0.282610830823406,6512700,NC
-0.25260636330975406,6512701,NC
-0.25260188304692716,6512702,NC
-0.25759739003554194,6512703,NC
-0.272592884276217,6512704,NC
-0.2725883657695727,6512705,NC
-0.2625838345162311,6512706,NC
-0.25757929051681594,6512707,NC
-0.24757473377195283,6512708,NC
-0.2525701642822692,6512709,NC
-0.2675655820483939,6512710,NC
-0.26756098707095805,6512711,NC
-0.2625563793505941,6512712,NC
-0.2525517588879364,6512713,NC
-0.25254712568362103,6512714,NC
-0.24254247973828594,6512715,NC
-0.2575378210525706,6512716,NC
-0.27253314962711656,6512717,NC
-0.25752846546256675,6512718,NC
-0.25252376855956615,6512719,NC
-0.23751905891876135,6512720,NC
-0.24251433654080073,6512721,NC
-0.2625096014263345,6512722,NC
-0.2725048535760144,6512723,NC
-0.26750009299049415,6512724,NC
-0.26249531967042916,6512725,NC
-0.25249053361647655,6512726,NC
-0.24748573482929523,6512727,NC
-0.25748092330954586,6512728,NC
-0.2974760990578908,6512729,NC
-0.2724712620749943,6512730,NC
-0.26246641236152213,6512731,NC
-0.25246154991814207,6512732,NC
-0.2574566747455235,6512733,NC
-0.2774517868443376,6512734,NC
-0.2774468862152572,6512735,NC
-0.2824419728589571,6512736,NC
-0.2574370467761137,6512737,NC
-0.2474321079674051,6512738,NC
-0.26742715643351134,6512739,NC
-0.267422192175114,6512740,NC
-0.2774172151928965,6512741,NC
-0.2774122254875442,6512742,NC
-0.26740722305974385,6512743,NC
-0.2574022079101842,6512744,NC
-0.27239718003955565,6512745,NC
-0.28239213944855046,6512746,NC
-0.28738708613786257,6512747,NC
-0.2973820201081876,6512748,NC
-0.26737694136022305,6512749,NC
-0.2723718498946681,6512750,NC
-0.2873667457122237,6512751,NC
-0.3073616288135925,6512752,NC
-0.31735649919947906,6512753,NC
-0.31235135687058946,6512754,NC
-0.2973462018276317,6512755,NC
-0.2773410340713155,6512756,NC
-0.28233585360235225,6512757,NC
-0.29233066042145517,6512758,NC
-0.2923254545293393,6512759,NC
-0.29232023592672113,6512760,NC
-0.2873150046143193,6512761,NC
-0.2723097605928539,6512762,NC
-0.28230450386304695,6512763,NC
-0.3022992344256221,6512764,NC
-0.3072939522813048,6512765,NC
-0.29228865743082233,6512766,NC
-0.28228334987490344,6512767,NC
-0.27227802961427905,6512768,NC
-0.27227269664968146,6512769,NC
-0.2922673509818449,6512770,NC
-0.30726199261150533,6512771,NC
-0.3022566215394004,6512772,NC
-0.2972512377662696,6512773,NC
-0.2772458412928541,6512774,NC
-0.2972404321198968,6512775,NC
-0.3022350102481424,6512776,NC
-0.3272295756783374,6512777,NC
-0.30222412841122986,6512778,NC
-0.2772186684475698,6512779,NC
-0.26721319578810887,6512780,NC
-0.27220771043360054,6512781,NC
-0.2622022123847999,6512782,NC
-0.2621967016424639,6512783,NC
-0.26719117820735117,6512784,NC
-0.2421856420802222,6512785,NC
-0.23718009326183914,6512786,NC
-0.23717453175296588,6512787,NC
-0.24716895755436807,6512788,NC
-0.2421633706668131,6512789,NC
-0.23715777109107014,6512790,NC
-0.22715215882791012,6512791,NC
-0.2021465338781056,6512792,NC
-0.20214089624243106,6512793,NC
-0.2071352459216626,6512794,NC
-0.22212958291657808,6512795,NC
-0.24212390722795712,6512796,NC
-0.22211821885658117,6512797,NC
-0.21711251780323332,6512798,NC
-0.2421068040686984,6512799,NC
-0.24710107765376302,6512800,NC
-0.2670953385592156,6512801,NC
-0.2520895867858462,6512802,NC
-0.24208382233444667,6512803,NC
-0.24707804520581064,6512804,NC
-0.2620722554007334,6512805,NC
-0.2820664529200121,6512806,NC
-0.3020606377644455,6512807,NC
-0.30205480993483425,6512808,NC
-0.29704896943198056,6512809,NC
-0.28204311625668865,6512810,NC
-0.28703725040976424,6512811,NC
-0.31703137189201486,6512812,NC
-0.31702548070424985,6512813,NC
-0.3220195768472802,6512814,NC
-0.3120136603219188,6512815,NC
-0.3070077311289801,6512816,NC
-0.3270017892692804,6512817,NC
-0.34699583474363777,6512818,NC
-0.3569898675528719,6512819,NC
-0.3369838876978043,6512820,NC
-0.3269778951792582,6512821,NC
-0.3069718899980587,6512822,NC
-0.3319658721550324,6512823,NC
-0.3419598416510079,6512824,NC
-0.3669537984868154,6512825,NC
-0.3519477426632868,6512826,NC
-0.3519416741812559,6512827,NC
-0.341935593041558,6512828,NC
-0.3519294992450305,6512829,NC
-0.3569233927925122,6512830,NC
-0.35191727368484377,6512831,NC
-0.3619111419228677,6512832,NC
-0.3419049975074281,6512833,NC
-0.3368988404393709,6512834,NC
-0.3368926707195438,6512835,NC
-0.36688648834879617,6512836,NC
-0.361880293327979,6512837,NC
-0.3518740856579453,6512838,NC
-0.3468678653395497,6512839,NC
-0.32686163237364846,6512840,NC
-0.3518553867610998,6512841,NC
-0.3618491285027634,6512842,NC
-0.3768428575995009,6512843,NC
-0.36683657405217573,6512844,NC
-0.3418302778616528,6512845,NC
-0.34682396902879903,6512846,NC
-0.35181764755448286,6512847,NC
-0.3468113134395746,6512848,NC
-0.3568049666849463,6512849,NC
-0.3567986072914717,6512850,NC
-0.34679223526002634,6512851,NC
-0.33678585059148736,6512852,NC
-0.3467794532867339,6512853,NC
-0.35177304334664655,6512854,NC
-0.3617666207721078,6512855,NC
-0.35176018556400185,6512856,NC
-0.34675373772321466,6512857,NC
-0.3367472772506339,6512858,NC
-0.336740804147149,6512859,NC
-0.3417343184136511,6512860,NC
-0.3417278200510331,6512861,NC
-0.3267213090601896,6512862,NC
-0.306714785442017,6512863,NC
-0.2817082491974135,6512864,NC
-0.26670170032727875,6512865,NC
-0.25669513883251455,6512866,NC
-0.25168856471402407,6512867,NC
-0.1866819779727124,6512868,NC
-0.1116753786094864,6512869,NC
-0.021668766625254562,6512870,NC
0.0383378579790728,6512871,NC
0.08834449520258372,6512872,NC
0.10335114504436442,6512873,NC
0.11335780750349939,6512874,NC
0.11336448257907146,6512875,NC
0.06337117027016165,6512876,NC
-0.04162212942415078,6512877,NC
-0.1316154165047882,6512878,NC
-0.16160869097267486,6512879,NC
-0.10660195282873659,6512880,NC
0.013404797926098916,6512881,NC
0.14841156129090227,6512882,NC
0.30341833726474243,6512883,NC
0.4384251258466865,6512884,NC
0.5284319270357998,6512885,NC
0.6234387408311461,6512886,NC
0.6684455672317875,6512887,NC
0.6584524062367838,6512888,L
0.5634592578451939,6512889,NC
0.43346612205607427,6512890,NC
0.30347299886847995,6512891,NC
0.17347988828146424,6512892,NC
0.05848679029407866,6512893,NC
-0.051506295094626973,6512894,NC
-0.20149936788560463,6512895,NC
-0.33649242807980795,6512896,NC
-0.4414854756781923,6512897,NC
-0.486478510681715,6512898,NC
-0.5364715330913348,6512899,NC
-0.5514645429080122,6512900,NC
-0.5764575401327097,6512901,NC
-0.5864505247663914,6512902,NC
-0.5564434968100229,6512903,NC
-0.516436456264572,6512904,NC
-0.4714294031310079,6512905,NC
-0.43642233741030145,6512906,NC
-0.4314152591034256,6512907,NC
-0.43140816821135475,6512908,NC
-0.446401064735065,6512909,NC
-0.43639394867553444,6512910,NC
-0.4113868200337427,6512911,NC
-0.39637967881067115,6512912,NC
-0.39137252500730296,6512913,NC
-0.40636535862462303,6512914,NC
-0.4163581796636179,6512915,NC
-0.4213509881252759,6512916,NC
-0.39634378401058706,6512917,NC
-0.38633656732054333,6512918,NC
-0.39632933805613807,6512919,NC
-0.41132209621836663,6512920,NC
-0.40131484180822596,6512921,NC
-0.40630757482671476,6512922,NC
-0.39630029527483357,6512923,NC
-0.37629300315358444,6512924,NC
-0.3812856984639714,6512925,NC
-0.39627838120700004,6512926,NC
-0.40127105138367775,6512927,NC
-0.40126370899501357,6512928,NC
-0.3812563540420184,6512929,NC
-0.3662489865257048,6512930,NC
-0.37624160644708693,6512931,NC
-0.38123421380718103,6512932,NC
-0.3912268086070047,6512933,NC
-0.39621939084757746,6512934,NC
-0.36121196052992055,6512935,NC
-0.3462045176550568,6512936,NC
-0.35619706222401093,6512937,NC
-0.3511895942378094,6512938,NC
-0.3711821136974803,6512939,NC
-0.3411746206040534,6512940,NC
-0.3061671149585603,6512941,NC
-0.2961595967620344,6512942,NC
-0.29115206601551075,6512943,NC
-0.30114452272002595,6512944,NC
-0.3061369668766186,6512945,NC
-0.28612939848632896,6512946,NC
-0.26612181755019887,6512947,NC
-0.25611422406927203,6512948,NC
-0.2511066180445939,6512949,NC
-0.26109899947721155,6512950,NC
-0.2510913683681738,6512951,NC
-0.2360837247185313,6512952,NC
-0.21107606852933636,6512953,NC
-0.19606839980164298,6512954,NC
-0.1760607185365069,6512955,NC
-0.18105302473498563,6512956,NC
-0.1760453183981384,6512957,NC
-0.16103759952702612,6512958,NC
-0.12602986812271144,6512959,NC
-0.10602212418625873,6512960,NC
-0.09601436771873417,6512961,NC
-0.10100659872120556,6512962,NC
-0.10599881719474245,6512963,NC
-0.08599102314041616,6512964,NC
-0.0659832165592997,6512965,NC
-0.040975397452467754,6512966,NC
-0.025967565820996852,6512967,NC
-0.040959721665965135,6512968,NC
-0.03595186498845252,6512969,NC
-0.015943995789540658,6512970,NC
0.009063885929687099,6512971,NC
0.019071780168145702,6512972,NC
0.03907968692474831,6512973,NC
0.03408760619840637,6512974,NC
0.04409553798802972,6512975,NC
0.054103482292526275,6512976,NC
0.07911143911080244,6512977,NC
0.09411940844176271,6512978,NC
0.07412739028431004,6512979,NC
0.06413538463734546,6512980,NC
0.039143391499768435,6512981,NC
0.03915141087047666,6512982,NC
0.01915944274836609,6512983,NC
0.009167487132330954,6512984,NC
-0.020824455978736167,6512985,NC
-0.05581638658594454,6512986,NC
-0.08580830469040504,6512987,NC
-0.1008002102932303,6512988,NC
-0.10579210339553471,6512989,NC
-0.11578398399843437,6512990,NC
-0.14077585210304702,6512991,NC
-0.1707677077104922,6512992,NC
-0.19575955082189117,6512993,NC
-0.21575138143836692,6512994,NC
-0.2057431995610441,6512995,NC
-0.2107350051910491,6512996,NC
-0.2257267983295101,6512997,NC
-0.25071857897755684,6512998,NC
-0.275710347136321,6512999,NC
-0.25070210280693583,6513000,NC
-0.24069384599053623,6513001,NC
-0.2656855766882591,6513002,NC
-0.2756772949012427,6513003,NC
-0.2756690006306274,6513004,NC
-0.29066069387755483,6513005,NC
-0.2806523746431688,6513006,NC
-0.26564404292861443,6513007,NC
-0.2706356987350389,6513008,NC
-0.295627342063591,6513009,NC
-0.29561897291542094,6513010,NC
-0.3056105912916812,6513011,NC
-0.2906021971935256,6513012,NC
-0.27559379062210965,6513013,NC
-0.27558537157859075,6513014,NC
-0.285576940064128,6513015,NC
-0.2905684960798821,6513016,NC
-0.3205600396270156,6513017,NC
-0.3105515707066927,6513018,NC
-0.2905430893200793,6513019,NC
-0.27553459546834297,6513020,NC
-0.2805260891526532,6513021,NC
-0.29051757037418097,6513022,NC
-0.3005090391340991,6513023,NC
-0.29550049543358203,6513024,NC
-0.2854919392738061,6513025,NC
-0.27048337065594913,6513026,NC
-0.2854747895811908,6513027,NC
-0.29046619605071256,6513028,NC
-0.2954575900656973,6513029,NC
-0.29044897162732997,6513030,NC
-0.27044034073679696,6513031,NC
-0.2604316973952866,6513032,NC
-0.2654230416039888,6513033,NC
-0.28041437336409514,6513034,NC
-0.280405692676799,6513035,NC
-0.2853969995432955,6513036,NC
-0.28038829396478143,6513037,NC
-0.26537957594245526,6513038,NC
-0.2603708454775172,6513039,NC
-0.2703621025711692,6513040,NC
-0.285353347224615,6513041,NC
-0.2903445794390597,6513042,NC
-0.2853357992157106,6513043,NC
-0.26532700655577635,6513044,NC
-0.2703182014604675,6513045,NC
-0.27530938393099624,6513046,NC
-0.29030055396857657,6513047,NC
-0.2852917115744239,6513048,NC
-0.2752828567497558,6513049,NC
-0.25527398949579116,6513050,NC
-0.2702651098137508,6513051,NC
-0.2902562177048572,6513052,NC
-0.29024731317033453,6513053,NC
-0.2852383962114087,6513054,NC
-0.27522946682930727,6513055,NC
-0.2652205250252596,6513056,NC
-0.2602115708004967,6513057,NC
-0.29020260415625126,6513058,NC
-0.2901936250937578,6513059,NC
-0.28518463361425245,6513060,NC
-0.265175629718973,6513061,NC
-0.26016661340915914,6513062,NC
-0.27015758468605205,6513063,NC
-0.28014854355089475,6513064,NC
-0.290139490004932,6513065,NC
-0.28013042404941013,6513066,NC
-0.2751213456855773,6513067,NC
-0.26011225491468326,6513068,NC
-0.2851031517379796,6513069,NC
-0.29009403615671964,6513070,NC
-0.2900849081721582,6513071,NC
-0.285075767785552,6513072,NC
-0.2800666149981593,6513073,NC
-0.2650574498112403,6513074,NC
-0.25504827222605675,6513075,NC
-0.27503908224387213,6513076,NC
-0.2900298798659516,6513077,NC
-0.300020665093562,6513078,NC
-0.2850114379279721,6513079,NC
-0.27500219837045203,6513080,NC
-0.274992946422274,6513081,NC
-0.2899836820847116,6513082,NC
-0.2899744053590402,6513083,NC
-0.274965116246537,6513084,NC
-0.26495581474848096,6513085,NC
-0.25494650086615245,6513086,NC
-0.25493717460083376,6513087,NC
-0.25992783595380886,6513088,NC
-0.27491848492636345,6513089,NC
-0.2499091215197848,6513090,NC
-0.23989974573536205,6513091,NC
-0.22989035757438597,6513092,NC
-0.23488095703814899,6513093,NC
-0.24487154412794532,6513094,NC
-0.24486211884507084,6513095,NC
-0.22985268119082308,6513096,NC
-0.22484323116650143,6513097,NC
-0.1948337687734068,6513098,NC
-0.1898242940128419,6513099,NC
-0.1998148068861111,6513100,NC
-0.19480530739452057,6513101,NC
-0.18979579553937806,6513102,NC
-0.1847862713219931,6513103,NC
-0.18977673474367687,6513104,NC
-0.19976718580574232,6513105,NC
-0.21475762450950395,6513106,NC
-0.2297480508562782,6513107,NC
-0.21973846484738302,6513108,NC
-0.20472886648413807,6513109,NC
-0.21971925576786488,6513110,NC
-0.2247096326998865,6513111,NC
-0.2396999972815277,6513112,NC
-0.25469034951411507,6513113,NC
-0.2496806893989768,6513114,NC
-0.24967101693744279,6513115,NC
-0.24966133213084468,6513116,NC
-0.24465163498051573,6513117,NC
-0.274641925487791,6513118,NC
-0.2796322036540072,6513119,NC
-0.27962246948050273,6513120,NC
-0.26961272296861766,6513121,NC
-0.26460296411969386,6513122,NC
-0.2795931929350749,6513123,NC
-0.2995834094161058,6513124,NC
-0.3145736135641336,6513125,NC
-0.3095638053805069,6513126,NC
-0.30955398486657587,6513127,NC
-0.3045441520236926,6513128,NC
-0.29453430685321086,6513129,NC
-0.3045244493564859,6513130,NC
-0.2995145795348749,6513131,NC
-0.2995046973897366,6513132,NC
-0.2944948029224316,6513133,NC
-0.29948489613432183,6513134,NC
-0.3094749770267714,6513135,NC
-0.30946504560114574,6513136,NC
-0.32445510185881216,6513137,NC
-0.32944514580113965,6513138,NC
-0.31943517742949884,6513139,NC
-0.294425196745262,6513140,NC
-0.29441520374980334,6513141,NC
-0.33440519844449856,6513142,NC
-0.334395180830725,6513143,NC
-0.3243851509098618,6513144,NC
-0.31937510868328994,6513145,NC
-0.3093650541523918,6513146,NC
-0.3093549873185516,6513147,NC
-0.31434490818315525,6513148,NC
-0.3293348167475904,6513149,NC
-0.32932471301324634,6513150,NC
-0.299314596981514,6513151,NC
-0.30430446865378613,6513152,NC
-0.30929432803145707,6513153,NC
-0.33428417511592284,6513154,NC
-0.3342740099085813,6513155,NC
-0.3342638324108318,6513156,NC
-0.31425364262407557,6513157,NC
-0.29924344054971536,6513158,NC
-0.3042332261891557,6513159,NC
-0.31922299954380295,6513160,NC
-0.31921276061506487,6513161,NC
-0.30420250940435106,6513162,NC
-0.30419224591307287,6513163,NC
-0.2891819701426433,6513164,NC
-0.2991716820944769,6513165,NC
-0.3091613817699902,6513166,NC
-0.3191510691706012,6513167,NC
-0.31414074429772954,6513168,NC
-0.2941304071527967,6513169,NC
-0.26912005773722586,6513170,NC
-0.25910969605244183,6513171,NC
-0.254099322099871,6513172,NC
-0.2490889358809417,6513173,NC
-0.21407853739708368,6513174,NC
-0.1790681266497286,6513175,NC
-0.1290577036403097,6513176,NC
-0.07404726837026186,6513177,NC
-0.03403682084102177,6513178,NC
0.025973638945972294,6513179,NC
0.09098411098928028,6513180,NC
0.1509945952874605,6513181,NC
0.18600509183906966,6513182,NC
0.15601560064266257,6513183,NC
0.09602612169679255,6513184,NC
0.016036655000011155,6513185,NC
-0.05395279944913177,6513186,NC
-0.05394224165208801,6513187,NC
0.016068328389688927,6513188,NC
0.08107891067474386,6513189,NC
0.1810895052016199,6513190,NC
0.30610011196885856,6513191,NC
0.42611073097499946,6513192,NC
0.5461213622185808,6513193,NC
0.6411320056981389,6513194,NC
0.6611426614122086,6513195,NC
0.6111533293593227,6513196,L
0.5011640095380127,6513197,NC
0.3811747019468082,6513198,NC
0.3061854065842372,6513199,NC
0.231196123448826,6513200,NC
0.1162068525390991,6513201,NC
-0.003782406146420475,6513202,NC
-0.11877165260921152,6513203,NC
-0.2387608868507545,6513204,NC
-0.30875010887253157,6513205,NC
-0.3787393186760264,6513206,NC
-0.4537285162627247,6513207,NC
-0.49871770163411344,6513208,NC
-0.5337068747916817,6513209,NC
-0.5236960357369197,6513210,NC
-0.5036851844713199,6513211,NC
-0.46367432099637623,6513212,NC
-0.43866344531358414,6513213,NC
-0.42365255742444097,6513214,NC
-0.3886416573304456,6513215,NC
-0.3736307450330987,6513216,NC
-0.3586198205339025,6513217,NC
-0.34360888383436106,6513218,NC
-0.35359793493598,6513219,NC
-0.3635869738402667,6513220,NC
-0.3785760005487302,6513221,NC
-0.38356501506288115,6513222,NC
-0.3585540173842319,6513223,NC
-0.3435430075142966,6513224,NC
-0.3435319854545909,6513225,NC
-0.34852095120663223,6513226,NC
-0.3635099047719398,6513227,NC
-0.3534988461520342,6513228,NC
-0.3484877753484379,6513229,NC
-0.33847669236267514,6513230,NC
-0.3384655971962717,6513231,NC
-0.36345448985075496,6513232,NC
-0.3684433703276542,6513233,NC
-0.3534322386285001,6513234,NC
-0.33842109475482524,6513235,NC
-0.3334099387081639,6513236,NC
-0.32839877049005184,6513237,NC
-0.33838759010202657,6513238,NC
-0.3533763975456274,6513239,NC
-0.33836519282239513,6513240,NC
-0.32335397593387233,6513241,NC
-0.3033427468816033,6513242,NC
-0.3083315056671339,6513243,NC
-0.3183202522920117,6513244,NC
-0.333308986757786,6513245,NC
-0.31829770906600774,6513246,NC
-0.30328641921822946,6513247,NC
-0.2582751172160055,6513248,NC
-0.2632638030608918,6513249,NC
-0.278252476754446,6513250,NC
-0.2632411382982273,6513251,NC
-0.2632297876937968,6513252,NC
-0.23821842494271717,6513253,NC
-0.23320705004655257,6513254,NC
-0.2131956630068691,6513255,NC
-0.2381842638252344,6513256,NC
-0.2481728525032178,6513257,NC
-0.2081614290423903,6513258,NC
-0.19314999344432457,6513259,NC
-0.168138545710595,6513260,NC
-0.1681270858427775,6513261,NC
-0.15811561384244988,6513262,NC
-0.16310412971119143,6513263,NC
-0.13809263345058315,6513264,NC
-0.12808112506220784,6513265,NC
-0.09806960454764978,6513266,NC
-0.09305807190849502,6513267,NC
-0.0880465271463313,6513268,NC
-0.10803497026274796,6513269,NC
-0.07302340125933604,6513270,NC
-0.05301182013768828,6513271,NC
-0.023000226899399054,6513272,NC
-0.022988621546064375,6513273,NC
-0.027977004079282025,6513274,NC
-0.022965374500651337,6513275,NC
-0.007953732811773362,6513276,NC
0.022057920985749158,6513277,NC
0.042069586890311844,6513278,NC
0.06208126490030866,6513279,NC
0.05709295501413186,6513280,NC
0.06210465723017207,6513281,NC
0.06711637154681828,6513282,NC
0.08212809796245771,6513283,NC
0.09213983647547598,6513284,NC
0.08215158708425713,6513285,NC
0.0671633497871833,6513286,NC
0.047175124582635244,6513287,NC
0.042186911468991825,6513288,NC
0.03219871044463041,6513289,NC
0.012210521507926592,6513290,NC
-0.012777655342745692,6513291,NC
-0.0327658201090141,6513292,NC
-0.07275397279250798,6513293,NC
-0.07274211339485842,6513294,NC
-0.09773024191769808,6513295,NC
-0.10771835836266129,6513296,NC
-0.1177064627313841,6513297,NC
-0.14769455502550421,6513298,NC
-0.16768263524666088,6513299,NC
-0.1776707033964952,6513300,NC
-0.18265875947664978,6513301,NC
-0.18264680348876897,6513302,NC
-0.18763483543449877,6513303,NC
-0.2176228553154868,6513304,NC
-0.22761086313338236,6513305,NC
-0.23759885888983645,6513306,NC
-0.21758684258650174,6513307,NC
-0.23257481422503243,6513308,NC
-0.22256277380708456,6513309,NC
-0.2475507213343157,6513310,NC
-0.26753865680838507,6513311,NC
-0.27252658023095366,6513312,NC
-0.2575144916036841,6513313,NC
-0.23250239092824057,6513314,NC
-0.232490278206289,6513315,NC
-0.262478153439497,6513316,NC
-0.2724660166295337,6513317,NC
-0.27745386777807,6513318,NC
-0.2574417068867786,6513319,NC
-0.2424295339573334,6513320,NC
-0.24741734899141052,6513321,NC
-0.2674051519906874,6513322,NC
-0.2873929429568431,6513323,NC
-0.2823807218915586,6513324,NC
-0.2573684887965163,6513325,NC
-0.2523562436734003,6513326,NC
-0.26234398652389646,6513327,NC
-0.27733171734969225,6513328,NC
-0.2823194361524767,6513329,NC
-0.27730714293394065,6513330,NC
-0.25729483769577643,6513331,NC
-0.24228252043967813,6513332,NC
-0.24227019116734155,6513333,NC
-0.26725784988046397,6513334,NC
-0.2722454965807445,6513335,NC
-0.2772331312698838,6513336,NC
-0.25722075394958416,6513337,NC
-0.23720836462154962,6513338,NC
-0.24219596328748585,6513339,NC
-0.2521835499491001,6513340,NC
-0.2571711246081014,6513341,NC
-0.2621586872662002,6513342,NC
-0.25214623792510893,6513343,NC
-0.22713377658654138,6513344,NC
-0.24212130325221318,6513345,NC
-0.24710881792384148,6513346,NC
-0.26209632060314525,6513347,NC
-0.2620838112918449,6513348,NC
-0.25207128999166256,6513349,NC
-0.24205875670432217,6513350,NC
-0.24204621143154914,6513351,NC
-0.25703365417507057,6513352,NC
-0.27202108493661525,6513353,NC
-0.2720085037179135,6513354,NC
-0.2569959105206976,6513355,NC
-0.25198330534670105,6513356,NC
-0.24697068819765933,6513357,NC
-0.26195805907530934,6513358,NC
-0.2669454179813899,6513359,NC
-0.2669327649176412,6513360,NC
-0.25692009988580516,6513361,NC
-0.24690742288762552,6513362,NC
-0.24689473392484745,6513363,NC
-0.2718820329992178,6513364,NC
-0.2818693201124852,6513365,NC
-0.27685659526639983,6513366,NC
-0.2568438584627135,6513367,NC
-0.2618311097031797,6513368,NC
-0.27681834898955354,6513369,NC
-0.2818055763235918,6513370,NC
-0.28179279170705296,6513371,NC
-0.27677999514169704,6513372,NC
-0.2667671866292857,6513373,NC
-0.2617543661715824,6513374,NC
-0.26174153377035203,6513375,NC
-0.2817286894273614,6513376,NC
-0.2917158331443786,6513377,NC
-0.29670296492317366,6513378,NC
-0.28169008476551816,6513379,NC
-0.27167719267318535,6513380,NC
-0.26666428864795,6513381,NC
-0.2816513726915887,6513382,NC
-0.30163844480587954,6513383,NC
-0.3016255049926023,6513384,NC
-0.2816125532535385,6513385,NC
-0.27159958959047115,6513386,NC
-0.27658661400518497,6513387,NC
-0.2865736264994664,6513388,NC
-0.2965606270751032,6513389,NC
-0.29154761573388527,6513390,NC
-0.2965345924776038,6513391,NC
-0.27152155730805166,6513392,NC
-0.2865085102270235,6513393,NC
-0.2864954512363154,6513394,NC
-0.2964823803377253,6513395,NC
-0.2814692975330526,6513396,NC
-0.28145620282409856,6513397,NC
-0.26144309621266576,6513398,NC
-0.2664299777005587,6513399,NC
-0.2764168472895834,6513400,NC
-0.26640370498154753,6513401,NC
-0.26139055077826034,6513402,NC
-0.23137738468153285,6513403,NC
-0.21636420669317769,6513404,NC
-0.22135101681500896,6513405,NC
-0.23633781504884255,6513406,NC
-0.24132460139649597,6513407,NC
-0.2413113758597884,6513408,NC
-0.22129813844054055,6513409,NC
-0.20628488914057486,6513410,NC
-0.20127162796171533,6513411,NC
-0.2162583549057877,6513412,NC
-0.22124506997461918,6513413,NC
-0.19623177317003876,6513414,NC
-0.17621846449387707,6513415,NC
-0.16620514394796626,6513416,NC
-0.18619181153414022,6513417,NC
-0.19617846725423438,6513418,NC
-0.2111651111100859,6513419,NC
-0.2061517431035335,6513420,NC
-0.19613836323641765,6513421,NC
-0.19612497151058023,6513422,NC
-0.19611156792786494,6513423,NC
-0.2260981524901171,6513424,NC
-0.23608472519918355,6513425,NC
-0.24107128605691291,6513426,NC
-0.23605783506515532,6513427,NC
-0.23604437222576258,6513428,NC
-0.24103089754058815,6513429,NC
-0.25601741101148706,6513430,NC
-0.266003912640316,6513431,NC
-0.27099040242893335,6513432,NC
-0.24597688037919907,6513433,NC
-0.2459633464929747,6513434,NC
-0.2559498007721235,6513435,NC
-0.2659362432185103,6513436,NC
-0.27592267383400154,6513437,NC
-0.28090909262046543,6513438,NC
-0.2658954995797716,6513439,NC
-0.2608818947137915,6513440,NC
-0.280868278024398,6513441,NC
-0.30085464951346585,6513442,NC
-0.31084100918287116,6513443,NC
-0.32082735703449194,6513444,NC
-0.28081369307020765,6513445,NC
-0.27580001729189935,6513446,NC
-0.2857863297014498,6513447,NC
-0.29577263030074347,6513448,NC
-0.3157589190916663,6513449,NC
-0.31574519607610596,6513450,NC
-0.29573146125595157,6513451,NC
-0.2907177146330942,6513452,NC
-0.2957039562094263,6513453,NC
-0.31569018598684195,6513454,NC
-0.3206764039672369,6513455,NC
-0.3156626101525086,6513456,NC
-0.29564880454455594,6513457,NC
-0.3006349871452797,6513458,NC
-0.310621157956582,6513459,NC
-0.3156073169803668,6513460,NC
-0.3305934642185395,6513461,NC
-0.32557959967300737,6513462,NC
-0.33056572334567896,6513463,NC
-0.2905518352384648,6513464,NC
-0.3005379353532768,6513465,NC
-0.3105240236920285,6513466,NC
-0.31551010025663523,6513467,NC
-0.3104961650490138,6513468,NC
-0.31048221807108267,6513469,NC
-0.30046825932476195,6513470,NC
-0.3004542888119734,6513471,NC
-0.31544030653464017,6513472,NC
-0.3254263124946874,6513473,NC
-0.3204123066940416,6513474,NC
-0.3003982891346309,6513475,NC
-0.2953842598183852,6513476,NC
-0.29537021874723585,6513477,NC
-0.3003561659231159,6513478,NC
-0.31034210134796003,6513479,NC
-0.30532802502370454,6513480,NC
-0.29531393695228725,6513481,NC
-0.2952998371356478,6513482,NC
-0.29028572557572724,6513483,NC
-0.28527160227446835,6513484,NC
-0.30525746723381536,6513485,NC
-0.28024332045571443,6513486,NC
-0.26522916194211305,6513487,NC
-0.2352149916949605,6513488,NC
-0.20520080971620752,6513489,NC
-0.19518661600780662,6513490,NC
-0.1601724105717119,6513491,NC
-0.11015819340987887,6513492,NC
-0.03514396452426498,6513493,NC
0.04487027608317096,6513494,NC
0.09488452841046839,6513495,NC
0.13489879245566522,6513496,NC
0.15991306821679768,6513497,NC
0.16492735569190048,6513498,NC
0.15494165487900655,6513499,NC
0.1149559657761474,6513500,NC
0.04497028838135282,6513501,NC
-0.010015377307349041,6513502,NC
-0.03500103129193155,6513503,NC
0.005013326425630293,6513504,NC
0.1100276958433598,6513505,NC
0.2300420769592787,6513506,NC
0.36505646977140727,6513507,NC
0.49007087427776386,6513508,NC
0.5800852904763656,6513509,NC
0.6700997183652275,6513510,NC
0.7351141579423636,6513511,NC
0.7401286092057858,6513512,L
0.6551430721535046,6513513,NC
0.535157546783529,6513514,NC
0.4151720330938662,6513515,NC
0.3351865310825217,6513516,NC
0.2602010407474998,6513517,NC
0.17021556208680277,6513518,NC
0.035230095098431585,6513519,NC
-0.10475536021961464,6513520,NC
-0.25974080386933823,6513521,NC
-0.3447262358527432,6513522,NC
-0.4097116561718351,6513523,NC
-0.44969706482862104,6513524,NC
-0.48468246182511004,6513525,NC
-0.5346678471633123,6513526,NC
-0.5346532208452399,6513527,NC
-0.5296385828729065,6513528,NC
-0.4896239332483273,6513529,NC
-0.45460927197351897,6513530,NC
-0.4295945990505002,6513531,NC
-0.4095799144812909,6513532,NC
-0.3945652182679126,6513533,NC
-0.37955051041238863,6513534,NC
-0.3695357909167439,6513535,NC
-0.34452105978300473,6513536,NC
-0.3445063170131992,6513537,NC
-0.36449156260935706,6513538,NC
-0.3594767965735094,6513539,NC
-0.35946201890768914,6513540,NC
-0.3444472296139307,6513541,NC
-0.3294324286942702,6513542,NC
-0.3294176161507453,6513543,NC
-0.33940279198539514,6513544,NC
-0.3593879562002606,6513545,NC
-0.3543731087973842,6513546,NC
-0.33435824977881,6513547,NC
-0.3293433791465835,6513548,NC
-0.3293284969027521,6513549,NC
-0.3393136030493647,6513550,NC
-0.35429869758847155,6513551,NC
-0.3492837805221249,6513552,NC
-0.3442688518523782,6513553,NC
-0.32425391158128675,6513554,NC
-0.32423895971090744,6513555,NC
-0.3392239962432987,6513556,NC
-0.34420902118052055,6513557,NC
-0.33419403452463453,6513558,NC
-0.324179036277704,6513559,NC
-0.3041640264417937,6513560,NC
-0.29914900501897,6513561,NC
-0.324133972011301,6513562,NC
-0.3191189274208563,6513563,NC
-0.30910387124970706,6513564,NC
-0.294088803499926,6513565,NC
-0.26907372417358766,6513566,NC
-0.2690586332727679,6513567,NC
-0.27904353079954436,6513568,NC
-0.29402841675599617,6513569,NC
-0.28401329114420415,6513570,NC
-0.2639981539662505,6513571,NC
-0.25398300522421935,6513572,NC
-0.24896784492019616,6513573,NC
-0.253952673056268,6513574,NC
-0.25393748963452367,6513575,NC
-0.2439222946570535,6513576,NC
-0.20890708812594927,6513577,NC
-0.20889187004330462,6513578,NC
-0.20887664041121456,6513579,NC
-0.21886139923177572,6513580,NC
-0.21884614650708645,6513581,NC
-0.21383088223924654,6513582,NC
-0.17381560643035743,6513583,NC
-0.1538003190825222,6513584,NC
-0.15878502019784543,6513585,NC
-0.15376970977843335,6513586,NC
-0.15875438782639373,6513587,NC
-0.13873905434383596,6513588,NC
-0.118723709332871,6513589,NC
-0.11370835279561146,6513590,NC
-0.08869298473417145,6513591,NC
-0.08367760515066665,6513592,NC
-0.08866221404721446,6513593,NC
-0.07864681142593374,6513594,NC
-0.05863139728894496,6513595,NC
-0.023615971638370245,6513596,NC
-0.02860053447633324,6513597,NC
-0.033585085804959156,6513598,NC
-0.03856962562637485,6513599,NC
-0.023554153942708683,6513600,NC
0.006461329243909256,6513601,NC
0.026476823931347468,6513602,NC
0.03149233011747278,6513603,NC
0.04150784780015038,6513604,NC
0.03652337697724399,6513605,NC
0.06153891764661573,6513606,NC
0.07655446980612605,6513607,NC
0.10157003345363388,6513608,NC
0.10158560858699663,6513609,NC
0.08660119520406996,6513610,NC
0.0766167933027081,6513611,NC
0.08163240288076369,6513612,NC
0.08164802393608768,6513613,NC
0.09666365646652951,6513614,NC
0.06167930046993712,6513615,NC
0.04169495594415673,6513616,NC
0.01671062288703304,6513617,NC
0.0017263012964092161,6513618,NC
-0.003258008829873274,6513619,NC
-0.008242307493974407,6513620,NC
-0.048226594698055764,6513621,NC
-0.058210870444280645,6513622,NC
-0.10819513473481374,6513623,NC
-0.12317938757182137,6513624,NC
-0.11816362895747153,6513625,NC
-0.11814785889393369,6513626,NC
-0.14313207738337885,6513627,NC
-0.16811628442797982,6513628,NC
-0.1831004800299107,6513629,NC
-0.19308466419134726,6513630,NC
-0.19306883691446702,6513631,NC
-0.17805299820144882,6513632,NC
-0.1930371480544732,6513633,NC
-0.2330212864757223,6513634,NC
-0.23300541346737974,6513635,NC
-0.22798952903163083,6513636,NC
-0.21297363317066237,6513637,NC
-0.21795772588666268,6513638,NC
-0.23794180718182184,6513639,NC
-0.2429258770583313,6513640,NC
-0.2529099355183842,6513641,NC
-0.26289398256417523,6513642,NC
-0.23787801819790066,6513643,NC
-0.22786204242175823,6513644,NC
-0.23284605523794744,6513645,NC
-0.24783005664866925,6513646,NC
-0.25281404665612606,6513647,NC
-0.25779802526252216,6513648,NC
-0.23278199247006312,6513649,NC
-0.22776594828095614,6513650,NC
-0.23774989269741018,6513651,NC
-0.2527338257216355,6513652,NC
-0.2577177473558441,6513653,NC
-0.2527016576022495,6513654,NC
-0.24268555646306672,6513655,NC
-0.24266944394051249,6513656,NC
-0.242653320036805,6513657,NC
-0.24763718475416407,6513658,NC
-0.26762103809481097,6513659,NC
-0.24760488006096876,6513660,NC
-0.2325887106548618,6513661,NC
-0.2175725298787162,6513662,NC
-0.23755633773475957,6513663,NC
-0.2425401342252211,6513664,NC
-0.2575239193523315,6513665,NC
-0.2525076931183231,6513666,NC
-0.25749145552542985,6513667,NC
-0.22747520657588702,6513668,NC
-0.22745894627193178,6513669,NC
-0.25244267461580266,6513670,NC
-0.2674263916097397,6513671,NC
-0.26241009725598463,6513672,NC
-0.2423937915567808,6513673,NC
-0.22737747451437293,6513674,NC
-0.23236114613100742,6513675,NC
-0.23734480640893216,6513676,NC
-0.2623284553503967,6513677,NC
-0.2573120929576521,6513678,NC
-0.24729571923295107,6513679,NC
-0.22727933417854762,6513680,NC
-0.2472629377966976,6513681,NC
-0.2772465300896582,6513682,NC
-0.2722301110596885,6513683,NC
-0.25221368070904865,6513684,NC
-0.2471972390400008,6513685,NC
-0.2521807860548084,6513686,NC
-0.24716432175573663,6513687,NC
-0.26214784614505204,6513688,NC
-0.28213135922502297,6513689,NC
-0.27211486099791904,6513690,NC
-0.25709835146601157,6513691,NC
-0.2470818306315736,6513692,NC
-0.24206529849687947,6513693,NC
-0.2470487550642051,6513694,NC
-0.2570322003358281,6513695,NC
-0.25701563431402763,6513696,NC
-0.2469990570010842,6513697,NC
-0.23198246839928013,6513698,NC
-0.2519658685108992,6513699,NC
-0.2719492573382266,6513700,NC
-0.28693263488354936,6513701,NC
-0.2719160011491558,6513702,NC
-0.25689935613733583,6513703,NC
-0.2468826998503812,6513704,NC
-0.24186603229058484,6513705,NC
-0.25184935346024134,6513706,NC
-0.276832663361647,6513707,NC
-0.28681596199709947,6513708,NC
-0.2617992493688981,6513709,NC
-0.2467825254793437,6513710,NC
-0.25676579033073865,6513711,NC
-0.2717490439253869,6513712,NC
-0.2717322862655939,6513713,NC
-0.2567155173536667,6513714,NC
-0.27169873719191406,6513715,NC
-0.2366819457826458,6513716,NC
-0.24166514312817383,6513717,NC
-0.2566483292308113,6513718,NC
-0.26663150409287306,6513719,NC
-0.2716146677166753,6513720,NC
-0.2515978201045361,6513721,NC
-0.24158096125877468,6513722,NC
-0.24656409118171208,6513723,NC
-0.2565472098756708,6513724,NC
-0.27653031734297506,6513725,NC
-0.26651341358595015,6513726,NC
-0.2514964986069235,6513727,NC
-0.2464795724082237,6513728,NC
-0.25146263499218097,6513729,NC
-0.25144568636112713,6513730,NC
-0.2814287265173955,6513731,NC
-0.2714117554633209,6513732,NC
-0.24639477320123987,6513733,NC
-0.22637777973349024,6513734,NC
-0.22136077506241159,6513735,NC
-0.22134375919034494,6513736,NC
-0.22632673211963283,6513737,NC
-0.22630969385261945,6513738,NC
-0.21129264439165052,6513739,NC
-0.21127558373907313,6513740,NC
-0.21125851189723602,6513741,NC
-0.23124142886848958,6513742,NC
-0.23122433465518566,6513743,NC
-0.2062072292596775,6513744,NC
-0.18619011268432012,6513745,NC
-0.18617298493146994,6513746,NC
-0.16615584600348493,6513747,NC
-0.18113869590272458,6513748,NC
-0.18112153463155006,6513749,NC
-0.1861043621923239,6513750,NC
-0.1960871785874103,6513751,NC
-0.1760699838191748,6513752,NC
-0.19105277788998476,6513753,NC
-0.19103556080220885,6513754,NC
-0.21101833255821745,6513755,NC
-0.22600109316038225,6513756,NC
-0.22598384261107674,6513757,NC
-0.22596658091267566,6513758,NC
-0.2359493080675556,6513759,NC
-0.24093202407809444,6513760,NC
-0.26091472894667167,6513761,NC
-0.26589742267566835,6513762,NC
-0.2658801052674671,6513763,NC
-0.25086277672445184,6513764,NC
-0.25584543704900836,6513765,NC
-0.27082808624352384,6513766,NC
-0.27081072431038683,6513767,NC
-0.2857933512519877,6513768,NC
-0.2607759670707181,6513769,NC
-0.2557585717689714,6513770,NC
-0.2807411653491424,6513771,NC
-0.2957237478136275,6513772,NC
-0.30570631916482444,6513773,NC
-0.31568887940513274,6513774,NC
-0.3056714285369534,6513775,NC
-0.2956539665626887,6513776,NC
-0.31063649348474287,6513777,NC
-0.3156190093055213,6513778,NC
-0.32060151402743103,6513779,NC
-0.31558400765288075,6513780,NC
-0.3055664901842805,6513781,NC
-0.2955489616240419,6513782,NC
-0.30053142197457816,6513783,NC
-0.320513871238304,6513784,NC
-0.32549630941763563,6513785,NC
-0.3254787365149907,6513786,NC
-0.3154611525327886,6513787,NC
-0.29544355747345014,6513788,NC
-0.3204259513393975,6513789,NC
-0.31540833413305464,6513790,NC
-0.32539070585684693,6513791,NC
-0.33037306651320125,6513792,NC
-0.320355416104546,6513793,NC
-0.30533775463331114,6513794,NC
-0.3103200821019281,6513795,NC
-0.3153023985128299,6513796,NC
-0.32028470386845104,6513797,NC
-0.3252669981712276,6513798,NC
-0.31524928142359704,6513799,NC
-0.3002315536279986,6513800,NC
-0.3102138147868727,6513801,NC
-0.32019606490266145,6513802,NC
-0.32017830397780866,6513803,NC
-0.32516053201475936,6513804,NC
-0.3151427490159603,6513805,NC
-0.3051249549838596,6513806,NC
-0.300107149920907,6513807,NC
-0.31508933382955373,6513808,NC
-0.3200715067122526,6513809,NC
-0.3250536685714578,6513810,NC
-0.31003581940962516,6513811,NC
-0.300017959229212,6513812,NC
-0.3000000880326771,6513813,NC
-0.31498220582248077,6513814,NC
-0.31496431260108493,6513815,NC
-0.30494640837095305,6513816,NC
-0.3049284931345498,6513817,NC
-0.2749105668943417,6513818,NC
-0.26989262965279665,6513819,NC
-0.259874681412384,6513820,NC
-0.24985672217557492,6513821,NC
-0.23483875194484166,6513822,NC
-0.17982077072265829,6513823,NC
-0.1248027785115002,6513824,NC
-0.07978477531384451,6513825,NC
-0.024766761132169655,6513826,NC
0.04025126403104434,6513827,NC
0.11526930017331592,6513828,NC
0.14528734729216206,6513829,NC
0.2003054053850981,6513830,NC
0.17532347444963814,6513831,NC
0.10034155448329446,6513832,NC
0.010359645483578081,6513833,NC
-0.08462225255200169,6513834,NC
-0.14460413962593693,6513835,NC
-0.12458601574072124,6513836,NC
-0.06456788089884974,6513837,NC
0.05545026489718091,6513838,NC
0.20046842164487258,6513839,NC
0.3654865893417256,6513840,NC
0.5055047679852388,6513841,NC
0.6105229575729095,6513842,NC
0.6655411581022338,6513843,NC
0.6605593695707056,6513844,NC
0.5955775919758179,6513845,L
0.4955958253150621,6513846,NC
0.3956140695859279,6513847,NC
0.30563232478590363,6513848,NC
0.1906505909124761,6513849,NC
0.07566886796313049,6513850,NC
-0.03931284406464928,6513851,NC
-0.14929454517338092,6513852,NC
-0.26927623536558376,6513853,NC
-0.3592579146437785,6513854,NC
-0.44423958301048716,6513855,NC
-0.5242212404682338,6513856,NC
-0.5542028870195433,6513857,NC
-0.5941845226669428,6513858,NC
-0.5941661474129603,6513859,NC
-0.5691477612601253,6513860,NC
-0.5341293642109695,6513861,NC
-0.5141109562680253,6513862,NC
-0.484092537433827,6513863,NC
-0.43907410771091043,6513864,NC
-0.40905566710181274,6513865,NC
-0.3990372156090727,6513866,NC
-0.3840187532352305,6513867,NC
-0.40400027998282795,6513868,NC
-0.38898179585440806,6513869,NC
-0.39396330085251585,6513870,NC
-0.3739447949796973,6513871,NC
-0.3739262782385002,6513872,NC
-0.36390775063147385,6513873,NC
-0.3738892121611689,6513874,NC
-0.37887066283013743,6513875,NC
-0.3938521026409333,6513876,NC
-0.37883353159611166,6513877,NC
-0.35881494969822914,6513878,NC
-0.36379635694984397,6513879,NC
-0.36877775335351587,6513880,NC
-0.3887591389118059,6513881,NC
-0.3887405136272768,6513882,NC
-0.3687218775024927,6513883,NC
-0.35370323054001923,6513884,NC
-0.3486845727424236,6513885,NC
-0.3586659041122744,6513886,NC
-0.3636472246521416,6513887,NC
-0.3736285343645971,6513888,NC
-0.3336098332522138,6513889,NC
-0.32859112131756635,6513890,NC
-0.32857239856323084,6513891,NC
-0.33355366499178485,6513892,NC
-0.34853492060580743,6513893,NC
-0.3435161654078791,6513894,NC
-0.343497399400582,6513895,NC
-0.3184786225864995,6513896,NC
-0.3134598349682167,6513897,NC
-0.31344103654832023,6513898,NC
-0.30842222732939784,6513899,NC
-0.29840340731403914,6513900,NC
-0.27838457650483517,6513901,NC
-0.2683657349043782,6513902,NC
-0.27334688251526224,6513903,NC
-0.2833280193400827,6513904,NC
-0.2883091453814366,6513905,NC
-0.26829026064192224,6513906,NC
-0.23827136512413938,6513907,NC
-0.23325245883068957,6513908,NC
-0.22823354176417554,6513909,NC
-0.2232146139272016,6513910,NC
-0.21819567532237366,6513911,NC
-0.21317672595229892,6513912,NC
-0.19315776581958616,6513913,NC
-0.1681387949268457,6513914,NC
-0.15811981327668923,6513915,NC
-0.1731008208717299,6513916,NC
-0.15808181771458252,6513917,NC
-0.1380628038078632,6513918,NC
-0.10304377915418961,6513919,NC
-0.08802474375618088,6513920,NC
-0.08800569761645766,6513921,NC
-0.09298664073764197,6513922,NC
-0.08796757312235746,6513923,NC
-0.057948494773229164,6513924,NC
-0.04292940569288353,6513925,NC
-0.017910305883948693,6513926,NC
-0.007891195349054053,6513927,NC
-0.02287207409083055,6513928,NC
-0.012852942111910709,6513929,NC
0.002166200585071623,6513930,NC
0.027185353997481093,6513931,NC
0.047204518122680755,6513932,NC
0.0572236929580323,6513933,NC
0.047242878500895966,6513934,NC
0.0522620747486304,6513935,NC
0.06228128169859287,6513936,NC
0.07730049934813918,6513937,NC
0.09731972769462353,6513938,NC
0.10233896673539883,6513939,NC
0.09235821646781642,6513940,NC
0.07237747688922616,6513941,NC
0.04739674799697642,6513942,NC
0.06241602978841419,6513943,NC
0.057435322260884894,6513944,NC
0.0224546254117326,6513945,NC
-0.012526060761700292,6513946,NC
-0.047506736262072635,6513947,NC
-0.05248740109204484,6513948,NC
-0.07746805525427887,6513949,NC
-0.08744869875143797,6513950,NC
-0.1174293315861871,6513951,NC
-0.15240995376119243,6513952,NC
-0.16239056527912177,6513953,NC
-0.18237116614264431,6513954,NC
-0.1923517563544308,6513955,NC
-0.18233233591715337,6513956,NC
-0.20231290483348557,6513957,NC
-0.2272934631061026,6513958,NC
-0.247274010737681,6513959,NC
-0.2622545477308986,6513960,NC
-0.24723507408843526,6513961,NC
-0.2422155898129716,6513962,NC
-0.25219609490719014,6513963,NC
-0.27217658937377476,6513964,NC
-0.29715707321541085,6513965,NC
-0.29213754643478507,6513966,NC
-0.2771180090345859,6513967,NC
-0.26709846101750284,6513968,NC
-0.27707890238622723,6513969,NC
-0.2870593331434516,6513970,NC
-0.31203975329187017,6513971,NC
-0.30202016283417843,6513972,NC
-0.2820005617730735,6513973,NC
-0.27698095011125384,6513974,NC
-0.28196132785141925,6513975,NC
-0.2919416949962714,6513976,NC
-0.31192205154851294,6513977,NC
-0.30690239751084836,6513978,NC
-0.29188273288598326,6513979,NC
-0.291863057676625,6513980,NC
-0.2868433718854823,6513981,NC
-0.3018236755152653,6513982,NC
-0.31180396856868553,6513983,NC
-0.3117842510484561,6513984,NC
-0.2967645229572916,6513985,NC
-0.27674478429790794,6513986,NC
-0.28672503507302255,6513987,NC
-0.3167052752853543,6513988,NC
-0.31668550493762365,6513989,NC
-0.3166657240325523,6513990,NC
-0.3016459325728635,6513991,NC
-0.2816261305612819,6513992,NC
-0.2866063180005338,6513993,NC
-0.29658649489334676,6513994,NC
-0.3065666612424497,6513995,NC
-0.29654681705057334,6513996,NC
-0.2815269623204495,6513997,NC
-0.2765070970548116,6513998,NC
-0.2864872212563946,6513999,NC
-0.2914673349279347,6514000,NC
-0.30644743807216973,6514001,NC
-0.3014275306918389,6514002,NC
-0.28140761278968285,6514003,NC
-0.2713876843684437,6514004,NC
-0.271367745430865,6514005,NC
-0.2913477959796918,6514006,NC
-0.29632783601767043,6514007,NC
-0.29130786554754895,6514008,NC
-0.2862878845720766,6514009,NC
-0.27626789309400424,6514010,NC
-0.27124789111608405,6514011,NC
-0.2962278786410697,6514012,NC
-0.29620785567171637,6514013,NC
-0.3111878222107807,6514014,NC
-0.2861677782610206,6514015,NC
-0.28114772382519554,6514016,NC
-0.3011276589060664,6514017,NC
-0.30110758350639566,6514018,NC
-0.30108749762894704,6514019,NC
-0.3010674012764858,6514020,NC
-0.29604729445177846,6514021,NC
-0.2810271771575933,6514022,NC
-0.28600704939669996,6514023,NC
-0.3059869111718692,6514024,NC
-0.3059667624858736,6514025,NC
-0.2959466033414871,6514026,NC
-0.2959264337414849,6514027,NC
-0.26090625368864384,6514028,NC
-0.2808860631857421,6514029,NC
-0.28586586223555926,6514030,NC
-0.29584565084087655,6514031,NC
-0.28582542900447633,6514032,NC
-0.28080519672914256,6514033,NC
-0.27578495401766073,6514034,NC
-0.2857647008728176,6514035,NC
-0.2907444372974014,6514036,NC
-0.300724163294202,6514037,NC
-0.30570387886601036,6514038,NC
-0.285683584015619,6514039,NC
-0.27066327874582213,6514040,NC
-0.2756429630594151,6514041,NC
-0.28062263695919465,6514042,NC
-0.3006023004479593,6514043,NC
-0.2905819535285087,6514044,NC
-0.28556159620364396,6514045,NC
-0.2655412284761678,6514046,NC
-0.2805208503488842,6514047,NC
-0.28550046182459854,6514048,NC
-0.3054800629061179,6514049,NC
-0.3004596535962505,6514050,NC
-0.28043923389780606,6514051,NC
-0.2654188038135959,6514052,NC
-0.2503983633464326,6514053,NC
-0.2653779124991302,6514054,NC
-0.26535745127450405,6514055,NC
-0.2603369796753713,6514056,NC
-0.2553164977045501,6514057,NC
-0.22529600536486033,6514058,NC
-0.2302755026591231,6514059,NC
-0.23525498959016106,6514060,NC
-0.25023446616079836,6514061,NC
-0.2452139323738603,6514062,NC
-0.21519338823217385,6514063,NC
-0.2001728337385673,6514064,NC
-0.1951522688958705,6514065,NC
-0.2051316937069146,6514066,NC
-0.20511110817453213,6514067,NC
-0.2000905123015571,6514068,NC
-0.18006990609082504,6514069,NC
-0.16504928954517278,6514070,NC
-0.1700286626674386,6514071,NC
-0.19500802546046225,6514072,NC
-0.21998737792708487,6514073,NC
-0.21996672007014895,6514074,NC
-0.20494605189249854,6514075,NC
-0.18992537339697904,6514076,NC
-0.19990468458643718,6514077,NC
-0.20988398546372133,6514078,NC
-0.22486327603168105,6514079,NC
-0.23484255629316747,6514080,NC
-0.2298218262510331,6514081,NC
-0.21980108590813183,6514082,NC
-0.23478033526731898,6514083,NC
-0.23975957433145134,6514084,NC
-0.2547388031033871,6514085,NC
-0.24971802158598572,6514086,NC
-0.24469722978210842,6514087,NC
-0.23467642769461744,6514088,NC
-0.24465561532637667,6514089,NC
-0.26463479268025136,6514090,NC
-0.28461395975910825,6514091,NC
-0.2895931165658153,6514092,NC
-0.284572263103242,6514093,NC
-0.27455139937425943,6514094,NC
-0.2795305253817398,6514095,NC
-0.3045096411285568,6514096,NC
-0.2994887466175856,6514097,NC
-0.29946784185170283,6514098,NC
-0.2794469268337864,6514099,NC
-0.2744260015667157,6514100,NC
-0.26940506605337156,6514101,NC
-0.2793841202966361,6514102,NC
-0.2943631642993931,6514103,NC
-0.30434219806452745,6514104,NC
-0.28932122159492557,6514105,NC
-0.28430023489347533,6514106,NC
-0.2842792379630661,6514107,NC
-0.28425823080658835,6514108,NC
-0.29923721342693427,6514109,NC
-0.29421618582699727,6514110,NC
-0.2791951480096723,6514111,NC
-0.27417409997785563,6514112,NC
-0.26915304173444493,6514113,NC
-0.2841319732823393,6514114,NC
-0.3041108946244393,6514115,NC
-0.28908980576364673,6514116,NC
-0.29906870670286506,6514117,NC
-0.26404759744499884,6514118,NC
-0.2790264779929543,6514119,NC
-0.2940053483496391,6514120,NC
-0.29898420851796187,6514121,NC
-0.28896305850083315,6514122,NC
-0.27894189830116456,6514123,NC
-0.2739207279218694,6514124,NC
-0.268899547365862,6514125,NC
-0.2788783566360585,6514126,NC
-0.28885715573537607,6514127,NC
-0.2738359446667336,6514128,NC
-0.2638147234330511,6514129,NC
-0.23379349203725028,6514130,NC
-0.24877225048225385,6514131,NC
-0.27375099877098635,6514132,NC
-0.2837297369063734,6514133,NC
-0.29370846489134217,6514134,NC
-0.2736871827288212,6514135,NC
-0.2586658904217404,6514136,NC
-0.24364458797303115,6514137,NC
-0.253623275385626,6514138,NC
-0.25360195266245933,6514139,NC
-0.2535806198064664,6514140,NC
-0.22855927682058436,6514141,NC
-0.20853792370775132,6514142,NC
-0.17351656047090708,6514143,NC
-0.1634951871129926,6514144,NC
-0.12847380363695052,6514145,NC
-0.08845241004572466,6514146,NC
-0.013431006342260202,6514147,NC
0.051590407470496036,6514148,NC
0.10661183138959608,6514149,NC
0.15663326541209058,6514150,NC
0.18165470953502852,6514151,NC
0.19167616375545776,6514152,NC
0.21669762807042472,6514153,NC
0.17671910247697437,6514154,NC
0.09174058697215026,6514155,NC
0.016762081552994718,6514156,NC
-0.04321641378345156,6514157,NC
-0.043194899040149046,6514158,NC
0.011826625779940328,6514159,NC
0.09684816067385316,6514160,NC
0.2118697056386247,6514161,NC
0.32189126067128904,6514162,NC
0.4319128257688784,6514163,NC
0.531934400928424,6514164,NC
0.6219559861469558,6514165,NC
0.6869775814215019,6514166,NC
0.6569991867490892,6514167,L
0.5570208021267437,6514168,NC
0.44704242755148904,6514169,NC
0.3470640630203483,6514170,NC
0.27708570853034303,6514171,NC
0.19710736407849322,6514172,NC
0.08212902966181736,6514173,NC
-0.027849294722667062,6514174,NC
-0.14282760907794434,6514175,NC
-0.2478059134069997,6514176,NC
-0.3377842077128202,6514177,NC
-0.38776249199839397,6514178,NC
-0.44774076626671067,6514179,NC
-0.48771903052076127,6514180,NC
-0.5226972847635383,6514181,NC
-0.49267552899803513,6514182,NC
-0.46765376322724733,6514183,NC
-0.41763198745417107,6514184,NC
-0.3776102016818045,6514185,NC
-0.3675884059131467,6514186,NC
-0.34756660015119833,6514187,NC
-0.3375447843989614,6514188,NC
-0.30252295865943946,6514189,NC
-0.27750112293563706,6514190,NC
-0.2874792772305604,6514191,NC
-0.29245742154721704,6514192,NC
-0.3074355558886159,6514193,NC
-0.30741368025776705,6514194,NC
-0.29739179465768234,6514195,NC
-0.28736989909137467,6514196,NC
-0.28734799356185836,6514197,NC
-0.29232607807214933,6514198,NC
-0.30230415262526455,6514199,NC
-0.30728221722422255,6514200,NC
-0.29226027187204323,6514201,NC
-0.2672383165717478,6514202,NC
-0.27221635132635874,6514203,NC
-0.2821943761389002,6514204,NC
-0.29717239101239745,6514205,NC
-0.31715039594987715,6514206,NC
-0.2771283909543674,6514207,NC
-0.26210637602889775,6514208,NC
-0.2770843511764988,6514209,NC
-0.2670623164002029,6514210,NC
-0.27704027170304346,6514211,NC
-0.2820182170880555,6514212,NC
-0.25199615255827534,6514213,NC
-0.23697407811674037,6514214,NC
-0.25195199376648986,6514215,NC
-0.251929899510564,6514216,NC
-0.2719077953520046,6514217,NC
-0.2618856812938547,6514218,NC
-0.24686355733915877,6514219,NC
-0.21684142349096275,6514220,NC
-0.20681927975231368,6514221,NC
-0.22679712612626016,6514222,NC
-0.226774962615852,6514223,NC
-0.19675278922414063,6514224,NC
-0.18173060595417856,6514225,NC
-0.17170841280901972,6514226,NC
-0.1716862097917196,6514227,NC
-0.17166399690533488,6514228,NC
-0.17664177415292348,6514229,NC
-0.166619541537545,6514230,NC
-0.1465972990622601,6514231,NC
-0.12157504673013092,6514232,NC
-0.12155278454422104,6514233,NC
-0.12653051250759523,6514234,NC
-0.12150823062331968,6514235,NC
-0.09648593889446205,6514236,NC
-0.07646363732409117,6514237,NC
-0.06144132591527728,6514238,NC
-0.056419004671092135,6514239,NC
-0.05139667359460863,6514240,NC
-0.051374332688901056,6514241,NC
-0.0413519819570452,6514242,NC
-0.016329621402118057,6514243,NC
0.013692748972802052,6514244,NC
0.0037151291646352474,6514245,NC
0.008737519170300509,6514246,NC
0.008759918986715395,6514247,NC
0.01878232861079615,6514248,NC
0.04880474803945753,6514249,NC
0.07382717726961315,6514250,NC
0.05884961629817499,6514251,NC
0.06387206512205407,6514252,NC
0.07889452373815968,6514253,NC
0.0889169921434,6514254,NC
0.10393947033468183,6514255,NC
0.1439619583089105,6514256,NC
0.13398445606299014,6514257,NC
0.1290069635938234,6514258,NC
0.12402948089831171,6514259,NC
0.13405200797335506,6514260,NC
0.15407454481585225,6514261,NC
0.16909709142270044,6514262,NC
0.14911964779079573,6514263,NC
0.1441422139170328,6514264,NC
0.11416478979830487,6514265,NC
0.10418737543150394,6514266,NC
0.08920997081352071,6514267,NC
0.08923257594124431,6514268,NC
0.049255190811562766,6514269,NC
0.014277815421362722,6514270,NC
-0.005699550232470679,6514271,NC
-0.020676906153053468,6514272,NC
-0.030654252343503004,6514273,NC
-0.060631588806938176,6514274,NC
-0.07060891554647902,6514275,NC
-0.11058623256524694,6514276,NC
-0.1205635398663648,6514277,NC
-0.13554083745295667,6514278,NC
-0.13551812532814797,6514279,NC
-0.14049540349506556,6514280,NC
-0.15047267195683758,6514281,NC
-0.17044993071659337,6514282,NC
-0.20042717977746388,6514283,NC
-0.20040441914258122,6514284,NC
-0.1803816488150788,6514285,NC
-0.17035886879809137,6514286,NC
-0.1953360790947552,6514287,NC
-0.2053132797082077,6514288,NC
-0.22529047064158775,6514289,NC
-0.22526765189803535,6514290,NC
-0.21524482348069202,6514291,NC
-0.21022198539270073,6514292,NC
-0.20519913763720535,6514293,NC
-0.22017628021735147,6514294,NC
-0.2351534131362859,6514295,NC
-0.25013053639715677,6514296,NC
-0.2401076500031135,6514297,NC
-0.22008475395730687,6514298,NC
-0.22006184826288894,6514299,NC
-0.2250389329230133,6514300,NC
-0.24001600794083466,6514301,NC
-0.23999307331950903,6514302,NC
-0.22497012906219394,6514303,NC
-0.20494717517204808,6514304,NC
-0.21492421165223147,6514305,NC
-0.23490123850590572,6514306,NC
-0.22987825573623336,6514307,NC
-0.23485526334637846,6514308,NC
-0.21983226133950648,6514309,NC
-0.20480924971878411,6514310,NC
-0.21978622848737928,6514311,NC
-0.21976319764846144,6514312,NC
-0.22974015720520125,6514313,NC
-0.21971710716077059,6514314,NC
-0.21469404751834292,6514315,NC
-0.19467097828109287,6514316,NC
-0.2196478994521962,6514317,NC
-0.21462481103483042,6514318,NC
-0.23960171303217404,6514319,NC
-0.22457860544740688,6514320,NC
-0.21955548828371035,6514321,NC
-0.2045323615442669,6514322,NC
-0.20950922523226045,6514323,NC
-0.21948607935087605,6514324,NC
-0.22946292390330042,6514325,NC
-0.23443975889272128,6514326,NC
-0.21441658432232774,6514327,NC
-0.20939340019531028,6514328,NC
-0.20937020651486066,6514329,NC
-0.23934700328417213,6514330,NC
-0.2443237905064388,6514331,NC
-0.23430056818485664,6514332,NC
-0.2242773363226225,6514333,NC
-0.21425409492293485,6514334,NC
-0.21923084398899334,6514335,NC
-0.22920758352399895,6514336,NC
-0.24418431353115377,6514337,NC
-0.22916103401366167,6514338,NC
-0.22913774497472741,6514339,NC
-0.22411444641755718,6514340,NC
-0.2240911383453586,6514341,NC
-0.24406782076134043,6514342,NC
-0.24904449366871284,6514343,NC
-0.2540211570706873,6514344,NC
-0.2439978109704766,6514345,NC
-0.23397445537129472,6514346,NC
-0.23895109027635714,6514347,NC
-0.2589277156888805,6514348,NC
-0.26390433161208277,6514349,NC
-0.26888093804918334,6514350,NC
-0.23885753500340268,6514351,NC
-0.23383412247796279,6514352,NC
-0.2488107004760869,6514353,NC
-0.25878726900099946,6514354,NC
-0.26376382805592635,6514355,NC
-0.26374037764409475,6514356,NC
-0.258716917768733,6514357,NC
-0.2486934484330708,6514358,NC
-0.25866996964033934,6514359,NC
-0.24864648139377088,6514360,NC
-0.278622983696599,6514361,NC
-0.2785994765520587,6514362,NC
-0.2635759599633863,6514363,NC
-0.2485524339338192,6514364,NC
-0.24852889846659632,6514365,NC
-0.24850535356495776,6514366,NC
-0.263481799232145,6514367,NC
-0.25345823547140084,6514368,NC
-0.23843466228596918,6514369,NC
-0.23341107967909547,6514370,NC
-0.2083874876540262,6514371,NC
-0.2233638862140095,6514372,NC
-0.2583402753622944,6514373,NC
-0.2233166551021316,6514374,NC
-0.20829302543677275,6514375,NC
-0.1982693863694711,6514376,NC
-0.19824573790348096,6514377,NC
-0.20322208004205802,6514378,NC
-0.22319841278845937,6514379,NC
-0.21317473614594323,6514380,NC
-0.18815105011776911,6514381,NC
-0.16812735470719806,6514382,NC
-0.1781036499174921,6514383,NC
-0.17807993575191466,6514384,NC
-0.17805621221373064,6514385,NC
-0.18303247930620592,6514386,NC
-0.17300873703260788,6514387,NC
-0.16298498539620515,6514388,NC
-0.17796122440026763,6514389,NC
-0.18793745404806644,6514390,NC
-0.20291367434287422,6514391,NC
-0.2078898852879646,6514392,NC
-0.2078660868866126,6514393,NC
-0.19784227914209468,6514394,NC
-0.2128184620576884,6514395,NC
-0.2327946356366727,6514396,NC
-0.23777079988232774,6514397,NC
-0.2527469547979351,6514398,NC
-0.24772310038677742,6514399,NC
-0.2376992366521388,6514400,NC
-0.23767536359730462,6514401,NC
-0.2526514812255614,6514402,NC
-0.26262758954019716,6514403,NC
-0.267603688544501,6514404,NC
-0.2675797782417634,6514405,NC
-0.2625558586352762,6514406,NC
-0.2525319297283322,6514407,NC
-0.267507991524226,6514408,NC
-0.2924840440262529,6514409,NC
-0.29246008723771,6514410,NC
-0.2924361211618953,6514411,NC
-0.29241214580210834,6514412,NC
-0.2973881611616497,6514413,NC
-0.2973641672438214,6514414,NC
-0.29234016405192675,6514415,NC
-0.2973161515892702,6514416,NC
-0.28229212985915764,6514417,NC
-0.2822680988648962,6514418,NC
-0.287244058609794,6514419,NC
-0.30222000909716096,6514420,NC
-0.3271959503303079,6514421,NC
-0.3121718823125469,6514422,NC
-0.3071478050471916,6514423,NC
-0.3071237185375566,6514424,NC
-0.30209962278695784,6514425,NC
-0.3070755177987128,6514426,NC
-0.33205140357613994,6514427,NC
-0.32702728012255894,6514428,NC
-0.3120031474412911,6514429,NC
-0.30197900553565865,6514430,NC
-0.3169548544089853,6514431,NC
-0.3169306940645959,6514432,NC
-0.33190652450581665,6514433,NC
-0.3318823457359749,6514434,NC
-0.3018581577583995,6514435,NC
-0.3218339605764204,6514436,NC
-0.3068097541933687,6514437,NC
-0.316785538612577,6514438,NC
-0.32676131383737916,6514439,NC
-0.3117370798711101,6514440,NC
-0.3167128367171061,6514441,NC
-0.30668858437870483,6514442,NC
-0.30166432285924505,6514443,NC
-0.311640052162067,6514444,NC
-0.32161577229051186,6514445,NC
-0.3265914832479223,6514446,NC
-0.32156718503764226,6514447,NC
-0.2915428776630169,6514448,NC
-0.29651856112739255,6514449,NC
-0.321494235434117,6514450,NC
-0.316469900586539,6514451,NC
-0.31144555658800893,6514452,NC
-0.29142120344187816,6514453,NC
-0.2813968411514994,6514454,NC
-0.27137246972022666,6514455,NC
-0.2713480891514151,6514456,NC
-0.26132369944842126,6514457,NC
-0.2262993006146029,6514458,NC
-0.19627489265331904,6514459,NC
-0.1362504755679298,6514460,NC
-0.08122604936179686,6514461,NC
-0.026201614038282937,6514462,NC
0.023822830399248027,6514463,NC
0.07884728394743061,6514464,NC
0.10387174660289838,6514465,NC
0.10389621836228355,6514466,NC
0.05892069922221696,6514467,NC
-0.041054810820671576,6514468,NC
-0.13103031176975358,6514469,NC
-0.18600580362840197,6514470,NC
-0.1559812863999907,6514471,NC
-0.09095676008789508,6514472,NC
0.01906777530450829,6514473,NC
0.1440923197738416,6514474,NC
0.28411687331672586,6514475,NC
0.41914143592978076,6514476,NC
0.5141660076096247,6514477,NC
0.599190588352875,6514478,NC
0.6092151781561475,6514479,NC
0.5592397770160568,6514480,L
0.4242643849292166,6514481,NC
0.3042890018922389,6514482,NC
0.22931362790173487,6514483,NC
0.1393382629543141,6514484,NC
0.049362907046585164,6514485,NC
-0.08561243982484484,6514486,NC
-0.21058777766336984,6514487,NC
-0.3305631064723851,6514488,NC
-0.43053842625528704,6514489,NC
-0.49551373701547363,6514490,NC
-0.5704890387563436,6514491,NC
-0.6104643314812973,6514492,NC
-0.6354396151937362,6514493,NC
-0.630414889897063,6514494,NC
-0.6003901555946816,6514495,NC
-0.5403654122899971,6514496,NC
-0.5053406599864162,6514497,NC
-0.4703158986873463,6514498,NC
-0.45529112839619645,6514499,NC
-0.4152663491163767,6514500,NC
-0.38524156085129857,6514501,NC
-0.3652167636043745,6514502,NC
-0.36519195737901855,6514503,NC
-0.37016714217864555,6514504,NC
-0.40014231800667205,6514505,NC
-0.3951174848665155,6514506,NC
-0.3550926427615946,6514507,NC
-0.34506779169532964,6514508,NC
-0.3450429316711417,6514509,NC
-0.3650180626924532,6514510,NC
-0.36999318476268805,6514511,NC
-0.3599682978852712,6514512,NC
-0.33994340206362866,6514513,NC
-0.31991849730118804,6514514,NC
-0.3248935836013779,6514515,NC
-0.3348686609676282,6514516,NC
-0.3398437294033699,6514517,NC
-0.3348187889120355,6514518,NC
-0.3297938394970584,6514519,NC
-0.31476888116187374,6514520,NC
-0.32474391390991714,6514521,NC
-0.32971893774462613,6514522,NC
-0.34969395266943903,6514523,NC
-0.3446689586877958,6514524,NC
-0.3246439558031371,6514525,NC
-0.2996189440189051,6514526,NC
-0.2995939233385434,6514527,NC
-0.3095688937654965,6514528,NC
-0.3195438553032103,6514529,NC
-0.30951880795513165,6514530,NC
-0.28449375172470903,6514531,NC
-0.2694686866153919,6514532,NC
-0.274443612630631,6514533,NC
-0.2594185297738783,6514534,NC
-0.2743934380485869,6514535,NC
-0.2743683374582112,6514536,NC
-0.2393432280062069,6514537,NC
-0.21931810969603077,6514538,NC
-0.21429298253114082,6514539,NC
-0.21426784651499645,6514540,NC
-0.22424270165105809,6514541,NC
-0.21421754794278733,6514542,NC
-0.1991923853936473,6514543,NC
-0.179167214007102,6514544,NC
-0.1691420337866168,6514545,NC
-0.16911684473565838,6514546,NC
-0.17909164685769446,6514547,NC
-0.14906644015619402,6514548,NC
-0.11904122463462732,6514549,NC
-0.11401600029646582,6514550,NC
-0.09399076714518206,6514551,NC
-0.08396552518425007,6514552,NC
-0.08894027441714483,6514553,NC
-0.08391501484734262,6514554,NC
-0.058889746478320924,6514555,NC
-0.033864469313558535,6514556,NC
-0.018839183356535283,6514557,NC
-0.028813888610732447,6514558,NC
-0.02378858507963217,6514559,NC
-0.013763272766718154,6514560,NC
0.0012620483245249364,6514561,NC
0.021287378190611037,6514562,NC
0.026312716828052987,6514563,NC
0.026338064233362518,6514564,NC
0.036363420403049865,6514565,NC
0.046388785333624324,6514566,NC
0.06641415902159387,6514567,NC
0.07643954146346538,6514568,NC
0.08146493265574424,6514569,NC
0.07649033259493501,6514570,NC
0.06651574127754081,6514571,NC
0.07654115870006357,6514572,NC
0.09156658485900405,6514573,NC
0.11659201975086195,6514574,NC
0.07661746337213549,6514575,NC
0.06164291571932183,6514576,NC
0.031668376788917055,6514577,NC
0.016693846577415794,6514578,NC
0.0017193250813116456,6514579,NC
-0.0032551877029029647,6514580,NC
-0.03322969177873698,6514581,NC
-0.0632041871497004,6514582,NC
-0.0981786738193044,6514583,NC
-0.1181531517910615,6514584,NC
-0.11812762106848534,6514585,NC
-0.12810208165509068,6514586,NC
-0.1530765335543936,6514587,NC
-0.1730509767699113,6514588,NC
-0.20302541130516216,6514589,NC
-0.2179998371636659,6514590,NC
-0.20797425434894323,6514591,NC
-0.20794866286451624,6514592,NC
-0.21292306271390798,6514593,NC
-0.23789745390064299,6514594,NC
-0.25787183642824674,6514595,NC
-0.2528462103002462,6514596,NC
-0.247820575520169,6514597,NC
-0.24279493209154457,6514598,NC
-0.2527692800179032,6514599,NC
-0.25774361930277634,6514600,NC
-0.28271794994969685,6514601,NC
-0.2826922719621985,6514602,NC
-0.27266658534381644,6514603,NC
-0.2526408900980871,6514604,NC
-0.27261518622854775,6514605,NC
-0.27258947373873715,6514606,NC
-0.28756375263219525,6514607,NC
-0.29753802291246295,6514608,NC
-0.26751228458308246,6514609,NC
-0.2624865376475974,6514610,NC
-0.26746078210955215,6514611,NC
-0.27743501797249254,6514612,NC
-0.2974092452399656,6514613,NC
-0.29238346391551945,6514614,NC
-0.2773576740027033,6514615,NC
-0.26233187550506787,6514616,NC
-0.2723060684261648,6514617,NC
-0.2822802527695468,6514618,NC
-0.28725442853876815,6514619,NC
-0.28722859573738396,6514620,NC
-0.2822027543689506,6514621,NC
-0.26717690443702585,6514622,NC
-0.26215104594516836,6514623,NC
-0.27712517889693805,6514624,NC
-0.28709930329589617,6514625,NC
-0.292073419145605,6514626,NC
-0.28204752644962783,6514627,NC
-0.2720216252115296,6514628,NC
-0.27199571543487605,6514629,NC
-0.2869697971232342,6514630,NC
-0.28194387028017215,6514631,NC
-0.28191793490925937,6514632,NC
-0.2718919910140663,6514633,NC
-0.2618660385981649,6514634,NC
-0.26684007766512763,6514635,NC
-0.2768141082185289,6514636,NC
-0.28178813026194394,6514637,NC
-0.2917621437989489,6514638,NC
-0.2767361488331215,6514639,NC
-0.2567101453680405,6514640,NC
-0.2616841334072858,6514641,NC
-0.28165811295443843,6514642,NC
-0.2866320840130807,6514643,NC
-0.286606046586796,6514644,NC
-0.286580000679169,6514645,NC
-0.2715539462937853,6514646,NC
-0.28152788343423196,6514647,NC
-0.28650181210409703,6514648,NC
-0.3114757323069698,6514649,NC
-0.3064496440464405,6514650,NC
-0.29642354732610093,6514651,NC
-0.2863974421495439,6514652,NC
-0.286371328520363,6514653,NC
-0.2963452064421536,6514654,NC
-0.30631907591851193,6514655,NC
-0.31629293695303523,6514656,NC
-0.3062667895493222,6514657,NC
-0.29124063371097253,6514658,NC
-0.30121446944158703,6514659,NC
-0.32118829674476795,6514660,NC
-0.32616211562411834,6514661,NC
-0.32113592608324254,6514662,NC
-0.3061097281257462,6514663,NC
-0.291083521755236,6514664,NC
-0.3010573069753196,6514665,NC
-0.3060310837896063,6514666,NC
-0.3210048522017061,6514667,NC
-0.33097861221523034,6514668,NC
-0.3209523638337914,6514669,NC
-0.30092610706100303,6514670,NC
-0.30089984190048,6514671,NC
-0.3208735683558383,6514672,NC
-0.3258472864306949,6514673,NC
-0.325820996128668,6514674,NC
-0.3157946974533773,6514675,NC
-0.30576839040844306,6514676,NC
-0.3107420749974871,6514677,NC
-0.32071575122413226,6514678,NC
-0.3406894190920026,6514679,NC
-0.34066307860472334,6514680,NC
-0.32563672976592056,6514681,NC
-0.3056103725792218,6514682,NC
-0.30058400704825583,6514683,NC
-0.3305576331766523,6514684,NC
-0.3355312509680421,6514685,NC
-0.3255048604260573,6514686,NC
-0.32547846155433113,6514687,NC
-0.29545205435649785,6514688,NC
-0.29042563883619316,6514689,NC
-0.30039921499705347,6514690,NC
-0.31037278284271663,6514691,NC
-0.3103463423768216,6514692,NC
-0.29531989360300853,6514693,NC
-0.2752934365249185,6514694,NC
-0.27026697114619397,6514695,NC
-0.28524049747047847,6514696,NC
-0.30021401550141646,6514697,NC
-0.29018752524265395,6514698,NC
-0.27016102669783776,6514699,NC
-0.255134519870616,6514700,NC
-0.2551080047646378,6514701,NC
-0.2650814813835536,6514702,NC
-0.26505494973101484,6514703,NC
-0.2600284098106742,6514704,NC
-0.25500186162618543,6514705,NC
-0.24997530518120345,6514706,NC
-0.2549487404793842,6514707,NC
-0.26992216752438497,6514708,NC
-0.304895586319864,6514709,NC
-0.27986899686948086,6514710,NC
-0.26484239917689595,6514711,NC
-0.26981579324577115,6514712,NC
-0.28978917907976937,6514713,NC
-0.3097625566825543,6514714,NC
-0.3197359260577914,6514715,NC
-0.31970928720914665,6514716,NC
-0.31968264014028763,6514717,NC
-0.2946559848548828,6514718,NC
-0.32462932135660183,6514719,NC
-0.3296026496491154,6514720,NC
-0.3445759697360955,6514721,NC
-0.3545492816212152,6514722,NC
-0.3395225853081486,6514723,NC
-0.34449588080057103,6514724,NC
-0.34446916810215894,6514725,NC
-0.3544424472165898,6514726,NC
-0.3694157181475424,6514727,NC
-0.36438898089869654,6514728,NC
-0.354362235473733,6514729,NC
-0.364335481876334,6514730,NC
-0.36930872011018273,6514731,NC
-0.36928195017896337,6514732,NC
-0.37925517208636145,6514733,NC
-0.37922838583606355,6514734,NC
-0.35420159143175717,6514735,NC
-0.36917478887713134,6514736,NC
-0.3741479781758759,6514737,NC
-0.38412115933168184,6514738,NC
-0.39909433234824143,6514739,NC
-0.39906749722924784,6514740,NC
-0.3940406539783955,6514741,NC
-0.36901380259938,6514742,NC
-0.388986943095898,6514743,NC
-0.39896007547164725,6514744,NC
-0.42393319973032645,6514745,NC
-0.41390631587563587,6514746,NC
-0.4088794239112765,6514747,NC
-0.3838525238409506,6514748,NC
-0.3988256156683615,6514749,NC
-0.4037986993972135,6514750,NC
-0.40377177503121264,6514751,NC
-0.41374484257406513,6514752,NC
-0.3837179020294791,6514753,NC
-0.36869095340116315,6514754,NC
-0.3736639966928276,6514755,NC
-0.3836370319081836,6514756,NC
-0.4086100590509432,6514757,NC
-0.40358307812481986,6514758,NC
-0.3885560891335282,6514759,NC
-0.3785290920807836,6514760,NC
-0.38850208697030286,6514761,NC
-0.3984750738058038,6514762,NC
-0.4034480525910053,6514763,NC
-0.4084210233296274,6514764,NC
-0.39839398602539133,6514765,NC
-0.38336694068201915,6514766,NC
-0.39833988730323433,6514767,NC
-0.4083128258927613,6514768,NC
-0.40828575645432563,6514769,NC
-0.393258678991654,6514770,NC
-0.39323159350847414,6514771,NC
-0.36820450000851496,6514772,NC
-0.3581773984955064,6514773,NC
-0.3681502889731796,6514774,NC
-0.34312317144526666,6514775,NC
-0.31309604591550094,6514776,NC
-0.2730689123876168,6514777,NC
-0.21804177086534976,6514778,NC
-0.16301462135243633,6514779,NC
-0.09798746385261431,6514780,NC
-0.04296029836962244,6514781,NC
0.012066875092799412,6514782,NC
0.05209405653091029,6514783,NC
0.06712124594096801,6514784,NC
0.02214844331922943,6514785,NC
-0.05282435133804965,6514786,NC
-0.15779713803461473,6514787,NC
-0.24276991677421217,6514788,NC
-0.28274268756058973,6514789,NC
-0.2527154503974958,6514790,NC
-0.18768820528868035,6514791,NC
-0.06766095223789408,6514792,NC
0.06736630875111092,6514793,NC
0.22739357767458168,6514794,NC
0.36742085452876405,6514795,NC
0.467448139309903,6514796,NC
0.5224754320142418,6514797,NC
0.5325027326380235,6514798,NC
0.4575300411774894,6514799,L
0.3775573576288798,6514800,NC
0.2775846819884342,6514801,NC
0.1926120142523908,6514802,NC
0.07763935441698672,6514803,NC
-0.042333297521541996,6514804,NC
-0.16730594156696027,6514805,NC
-0.28227857772303433,6514806,NC
-0.38725120599353136,6514807,NC
-0.4622238263822195,6514808,NC
-0.5371964388928683,6514809,NC
-0.6021690435292482,6514810,NC
-0.6621416402951305,6514811,NC
-0.6571142291942881,6514812,NC
-0.6470868102304945,6514813,NC
-0.6170593834075248,6514814,NC
-0.6020319487291544,6514815,NC
-0.5770045061991607,6514816,NC
-0.5619770558213214,6514817,NC
-0.5269495975994158,6514818,NC
-0.4869221315372241,6514819,NC
-0.46689465763852733,6514820,NC
-0.4568671759071081,6514821,NC
-0.4568396863467498,6514822,NC
-0.48181218896123684,6514823,NC
-0.4867846837543548,6514824,NC
-0.47175717072989043,6514825,NC
-0.45672964989163134,6514826,NC
-0.46170212124336657,6514827,NC
-0.46167458478888573,6514828,NC
-0.46164704053197997,6514829,NC
-0.4566194884764412,6514830,NC
-0.44659192862606256,6514831,NC
-0.42656436098463835,6514832,NC
-0.4315367855559637,6514833,NC
-0.4415092023438349,6514834,NC
-0.4614816113520495,6514835,NC
-0.4564540125844059,6514836,NC
-0.4464264060447035,6514837,NC
-0.4263987917367431,6514838,NC
-0.43637116966432643,6514839,NC
-0.43634353983125596,6514840,NC
-0.46631590224133573,6514841,NC
-0.4312882568983706,6514842,NC
-0.4362606038061664,6514843,NC
-0.41123294296853025,6514844,NC
-0.4162052743892703,6514845,NC
-0.40617759807219544,6514846,NC
-0.4061499140211162,6514847,NC
-0.40612222223984373,6514848,NC
-0.3910945227321903,6514849,NC
-0.38106681550196947,6514850,NC
-0.3710391005529956,6514851,NC
-0.3860113778890842,6514852,NC
-0.3959836475140519,6514853,NC
-0.3609559094317164,6514854,NC
-0.35092816364589635,6514855,NC
-0.3259004101604117,6514856,NC
-0.3158726489790831,6514857,NC
-0.3258448801057324,6514858,NC
-0.33081710354418287,6514859,NC
-0.3207893192982582,6514860,NC
-0.30576152737178364,6514861,NC
-0.2857337277685852,6514862,NC
-0.2757059204924902,6514863,NC
-0.28067810554732675,6514864,NC
-0.27065028293692434,6514865,NC
-0.2506224526651131,6514866,NC
-0.23059461473572462,6514867,NC
-0.21056676915259123,6514868,NC
-0.19053891591954658,6514869,NC
-0.18551105504042517,6514870,NC
-0.1854831865190626,6514871,NC
-0.1804553103592956,6514872,NC
-0.15042742656496189,6514873,NC
-0.12039953513990022,6514874,NC
-0.10537163608795039,6514875,NC
-0.11034372941295337,6514876,NC
-0.12031581511875104,6514877,NC
-0.10028789320918634,6514878,NC
-0.0802599636881034,6514879,NC
-0.0652320265593472,6514880,NC
-0.05520408182676386,6514881,NC
-0.05517612949420063,6514882,NC
-0.05014816956550568,6514883,NC
-0.03512020204452822,6514884,NC
-0.01509222693511865,6514885,NC
0.009935755758871727,6514886,NC
0.014963746033590575,6514887,NC
0.019991743885184335,6514888,NC
1.9749309798582082e-05,6514889,NC
0.010047762303577859,6514890,NC
0.02007578286266548,6514891,NC
0.005103810983203894,6514892,NC
-0.004868153338665478,6514893,NC
-0.04484011010680248,6514894,NC
-0.06981205932506773,6514895,NC
-0.09978400099732296,6514896,NC
-0.11475593512743111,6514897,NC
-0.12472786171925596,6514898,NC
-0.14969978077666238,6514899,NC
-0.18467169230351624,6514900,NC
-0.2246435963036846,6514901,NC
-0.23961549278103536,6514902,NC
-0.22458738173943776,6514903,NC
-0.2445592631827615,6514904,NC
-0.254531137114878,6514905,NC
-0.2795030035396592,6514906,NC
-0.3094748624609784,6514907,NC
-0.3094467138827097,6514908,NC
-0.3094185578087284,6514909,NC
-0.29939039424291075,6514910,NC
-0.31936222318913404,6514911,NC
-0.3293340446512766,6514912,NC
-0.34930585863321767,6514913,NC
-0.35927766513883785,6514914,NC
-0.3542494641720184,6514915,NC
-0.34422125573664175,6514916,NC
-0.33919303983659155,6514917,NC
-0.35916481647575216,6514918,NC
-0.3641365856580091,6514919,NC
-0.36410834738724895,6514920,NC
-0.3590801016673594,6514921,NC
-0.34405184850222875,6514922,NC
-0.344023587895747,6514923,NC
-0.3689953198518046,6514924,NC
-0.3739670443742933,6514925,NC
-0.3839387614671057,6514926,NC
-0.36391047113413566,6514927,NC
-0.34388217337927773,6514928,NC
-0.35885386820642795,6514929,NC
-0.368825555619483,6514930,NC
-0.3737972356223405,6514931,NC
-0.35876890821889956,6514932,NC
-0.3587405734130599,6514933,NC
-0.3637122312087224,6514934,NC
-0.33868388160978896,6514935,NC
-0.3486555246201625,6514936,NC
-0.383627160243747,6514937,NC
-0.3835987884844472,6514938,NC
-0.3585704093461692,6514939,NC
-0.3335420228328199,6514940,NC
-0.3385136289483075,6514941,NC
-0.3484852276965407,6514942,NC
-0.35845681908142973,6514943,NC
-0.3634284031068857,6514944,NC
-0.3483999797768203,6514945,NC
-0.328371549095147,6514946,NC
-0.32334311106577945,6514947,NC
-0.3533146656926331,6514948,NC
-0.3582862129796239,6514949,NC
-0.36325775293066886,6514950,NC
-0.3532292855496862,6514951,NC
-0.3332008108405951,6514952,NC
-0.3481723288073155,6514953,NC
-0.33314383945376874,6514954,NC
-0.35311534278387685,6514955,NC
-0.358086838801563,6514956,NC
-0.34805832751075133,6514957,NC
-0.3380298089153671,6514958,NC
-0.3280012830193365,6514959,NC
-0.34797274982658644,6514960,NC
-0.36294420934104543,6514961,NC
-0.35791566156664245,6514962,NC
-0.34288710650730775,6514963,NC
-0.3378585441669726,6514964,NC
-0.3428299745495691,6514965,NC
-0.35280139765903046,6514966,NC
-0.38277281349929093,6514967,NC
-0.37774422207428565,6514968,NC
-0.34771562338795076,6514969,NC
-0.3476870174442236,6514970,NC
-0.35265840424704237,6514971,NC
-0.35262978380034604,6514972,NC
-0.36260115610807514,6514973,NC
-0.3575725211741706,6514974,NC
-0.3475438790025747,6514975,NC
-0.3275152295972307,6514976,NC
-0.33748657296208256,6514977,NC
-0.3674579091010757,6514978,NC
-0.37242923801815625,6514979,NC
-0.36740055971727115,6514980,NC
-0.34737187420236876,6514981,NC
-0.34734318147739834,6514982,NC
-0.3473144815463098,6514983,NC
-0.3722857744130544,6514984,NC
-0.37225706008158416,6514985,NC
-0.38222833855585236,6514986,NC
-0.36219960983981303,6514987,NC
-0.3471708739374213,6514988,NC
-0.3471421308526331,6514989,NC
-0.3521133805894058,6514990,NC
-0.3620846231516972,6514991,NC
-0.34205585854346643,6514992,NC
-0.34702708676867366,6514993,NC
-0.3069983078312798,6514994,NC
-0.31196952173524684,6514995,NC
-0.31694072848453786,6514996,NC
-0.3269119280831168,6514997,NC
-0.33188312053494856,6514998,NC
-0.3118543058439992,6514999,NC
-0.3018254840142357,6515000,NC
-0.2867966550496258,6515001,NC
-0.28676781895413855,6515002,NC
-0.29673897573174385,6515003,NC
-0.2967101253864124,6515004,NC
-0.2916812679221162,6515005,NC
-0.24665240334282804,6515006,NC
-0.2666235316525216,6515007,NC
-0.2715946528551719,6515008,NC
-0.28156576695475455,6515009,NC
-0.28153687395524624,6515010,NC
-0.2715079738606248,6515011,NC
-0.2614790666748689,6515012,NC
-0.2614501524019582,6515013,NC
-0.29142123104587325,6515014,NC
-0.31639230261059587,6515015,NC
-0.3063633671001084,6515016,NC
-0.31133442451839477,6515017,NC
-0.30130547486943915,6515018,NC
-0.29627651815722716,6515019,NC
-0.3062475543857455,6515020,NC
-0.32621858355898137,6515021,NC
-0.32618960568092337,6515022,NC
-0.32616062075556074,6515023,NC
-0.326131628786884,6515024,NC
-0.3261026297788845,6515025,NC
-0.3560736237355544,6515026,NC
-0.37104461066088706,6515027,NC
-0.36601559055887684,6515028,NC
-0.3559865634335188,6515029,NC
-0.33595752928880906,6515030,NC
-0.36592848812874507,6515031,NC
-0.3808994399573247,6515032,NC
-0.395870384778547,6515033,NC
-0.38084132259641224,6515034,NC
-0.35581225341492123,6515035,NC
-0.330783177238076,6515036,NC
-0.34075409406987944,6515037,NC
-0.3507250039143356,6515038,NC
-0.3756959067754492,6515039,NC
-0.3756668026572261,6515040,NC
-0.37063769156367304,6515041,NC
-0.35560857349879776,6515042,NC
-0.37057944846660906,6515043,NC
-0.3705503164711166,6515044,NC
-0.39052117751633086,6515045,NC
-0.39049203160626356,6515046,NC
-0.3754628787449272,6515047,NC
-0.3754337189363351,6515048,NC
-0.36040455218450196,6515049,NC
-0.37537537849344316,6515050,NC
-0.3853461978671749,6515051,NC
-0.38531701030971455,6515052,NC
-0.3602878158250804,6515053,NC
-0.3552586144172918,6515054,NC
-0.3552294060903687,6515055,NC
-0.36520019084833233,6515056,NC
-0.3851709686952048,6515057,NC
-0.3651417396350092,6515058,NC
-0.3551125036717693,6515059,NC
-0.3450832608095102,6515060,NC
-0.3350540110522577,6515061,NC
-0.35502475440403874,6515062,NC
-0.3699954908688811,6515063,NC
-0.3699662204508134,6515064,NC
-0.34493694315386525,6515065,NC
-0.3449076589820675,6515066,NC
-0.32987836793945163,6515067,NC
-0.34984907003005,6515068,NC
-0.3498197652578963,6515069,NC
-0.3497904536270249,6515070,NC
-0.324761135141471,6515071,NC
-0.314731809805271,6515072,NC
-0.3147024776224621,6515073,NC
-0.3146731385970825,6515074,NC
-0.3196437927331714,6515075,NC
-0.30961444003476873,6515076,NC
-0.27458508050591546,6515077,NC
-0.22955571415065373,6515078,NC
-0.21452634097302636,6515079,NC
-0.194496960977077,6515080,NC
-0.16446757416685065,6515081,NC
-0.06943818054639289,6515082,NC
0.0005912198802497104,6515083,NC
0.06562062710902941,6515084,NC
0.11565004113589777,6515085,NC
0.14567946195680545,6515086,NC
0.16070888956770188,6515087,NC
0.14073832396453584,6515088,NC
0.0907677651432551,6515089,NC
0.03579721309980649,6515090,NC
-0.05417333216986422,6515091,NC
-0.12414387066981199,6515092,NC
-0.12911440240409278,6515093,NC
-0.0890849273767636,6515094,NC
0.0009445544081178245,6515095,NC
0.11597404294649252,6515096,NC
0.23100353823430106,6515097,NC
0.33603304026748254,6515098,NC
0.4260625490419756,6515099,NC
0.5010920645537177,6515100,NC
0.5411215867986452,6515101,NC
0.516151115772694,6515102,L
0.44118065147179897,6515103,NC
0.3262101938918936,6515104,NC
0.22623974302891087,6515105,NC
0.15626929887878274,6515106,NC
0.07629886143744023,6515107,NC
0.01632843070081344,6515108,NC
-0.05364199333516836,6515109,NC
-0.14861241067457706,6515110,NC
-0.24358282132148526,6515111,NC
-0.3335532252799664,6515112,NC
-0.39352362255409523,6515113,NC
-0.4384940131479471,6515114,NC
-0.47846439706559823,6515115,NC
-0.503434774311126,6515116,NC
-0.5134051448886087,6515117,NC
-0.5033755088021251,6515118,NC
-0.47834586605575546,6515119,NC
-0.4033162166535807,6515120,NC
-0.38828656059968264,6515121,NC
-0.38325689789814404,6515122,NC
-0.38322722855304864,6515123,NC
-0.3731975525684809,6515124,NC
-0.35816786994852645,6515125,NC
-0.34813818069727176,6515126,NC
-0.35310848481880397,6515127,NC
-0.3580787823172115,6515128,NC
-0.3630490731965835,6515129,NC
-0.35801935746101005,6515130,NC
-0.352989635114582,6515131,NC
-0.32795990616139137,6515132,NC
-0.3329301706055308,6515133,NC
-0.3279004284510944,6515134,NC
-0.3528706797021763,6515135,NC
-0.3528409243628723,6515136,NC
-0.3378111624372787,6515137,NC
-0.3177813939294931,6515138,NC
-0.3177516188436135,6515139,NC
-0.33772183718373916,6515140,NC
-0.34769204895397,6515141,NC
-0.33766225415840717,6515142,NC
-0.31763245280115254,6515143,NC
-0.3176026448863087,6515144,NC
-0.31257283041797945,6515145,NC
-0.32254300940026936,6515146,NC
-0.32751318183728384,6515147,NC
-0.32248334773312937,6515148,NC
-0.30245350709191315,6515149,NC
-0.2824236599177433,6515150,NC
-0.27739380621472914,6515151,NC
-0.29736394598698046,6515152,NC
-0.3023340792386081,6515153,NC
-0.292304205973724,6515154,NC
-0.28727432619644067,6515155,NC
-0.24724443991087172,6515156,NC
-0.2472145471211317,6515157,NC
-0.24718464783133592,6515158,NC
-0.2521547420456005,6515159,NC
-0.2571248297680428,6515160,NC
-0.22709491100278079,6515161,NC
-0.19206498575393327,6515162,NC
-0.1820350540256203,6515163,NC
-0.19200511582196245,6515164,NC
-0.2019751711470813,6515165,NC
-0.1869452200050995,6515166,NC
-0.1569152624001403,6515167,NC
-0.1468852983363281,6515168,NC
-0.1168553278177879,6515169,NC
-0.11682535084864595,6515170,NC
-0.12179536743302903,6515171,NC
-0.10176537757506522,6515172,NC
-0.09173538127888292,6515173,NC
-0.05170537854861199,6515174,NC
-0.03667536938838276,6515175,NC
-0.03664535380232676,6515176,NC
-0.041615331794576174,6515177,NC
-0.03158530336926409,6515178,NC
-0.016555268530524664,6515179,NC
0.01847477271750724,6515180,NC
0.023504820370695838,6515181,NC
0.028534874424904502,6515182,NC
0.02356493487599557,6515183,NC
0.04359500171983062,6515184,NC
0.06862507495227044,6515185,NC
0.0886551545691747,6515186,NC
0.11368524056640233,6515187,NC
0.1237153329398115,6515188,NC
0.1287454316852592,6515189,NC
0.12877553679860182,6515190,NC
0.1438056482756948,6515191,NC
0.1788357661123926,6515192,NC
0.16886589030454885,6515193,NC
0.1638960208480165,6515194,NC
0.13892615773864728,6515195,NC
0.13395630097229227,6515196,NC
0.12398645054480176,6515197,NC
0.11901660645202483,6515198,NC
0.08904676868981003,6515199,NC
0.05407693725400494,6515200,NC
0.029107112140456103,6515201,NC
0.009137293345009408,6515202,NC
-0.0008325191364901632,6515203,NC
-0.010802325308198656,6515204,NC
-0.045772125174272836,6515205,NC
-0.06574191873887035,6515206,NC
-0.10571170600614968,6515207,NC
-0.10068148698027035,6515208,NC
-0.11065126166539252,6515209,NC
-0.09562103006567754,6515210,NC
-0.1155907921852871,6515211,NC
-0.1305605480283843,6515212,NC
-0.15053029759913272,6515213,NC
-0.16550004090169712,6515214,NC
-0.15046977794024285,6515215,NC
-0.1354395087189362,6515216,NC
-0.1454092332419445,6515217,NC
-0.16537895151343565,6515218,NC
-0.18034866353757864,6515219,NC
-0.18031836931854311,6515220,NC
-0.17028806886049982,6515221,NC
-0.16025776216762022,6515222,NC
-0.15522744924407655,6515223,NC
-0.1851971300940422,6515224,NC
-0.2051668047216911,6515225,NC
-0.19013647313119808,6515226,NC
-0.19510613532673912,6515227,NC
-0.16507579131249073,6515228,NC
-0.18004544109263032,6515229,NC
-0.18501508467133637,6515230,NC
-0.19498472205278797,6515231,NC
-0.21495435324116516,6515232,NC
-0.1799239782406489,6515233,NC
-0.1798935970554209,6515234,NC
-0.17486320968966365,6515235,NC
-0.1848328161475608,6515236,NC
-0.1898024164332965,6515237,NC
-0.18977201055105591,6515238,NC
-0.18474159850502517,6515239,NC
-0.16471118029939094,6515240,NC
-0.16468075593834094,6515241,NC
-0.16965032542606384,6515242,NC
-0.16961988876674894,6515243,NC
-0.17958944596458648,6515244,NC
-0.16455899702376744,6515245,NC
-0.15952854194848395,6515246,NC
-0.17449808074292858,6515247,NC
-0.16446761341129518,6515248,NC
-0.1694371399577779,6515249,NC
-0.18940666038657222,6515250,NC
-0.15937617470187432,6515251,NC
-0.14934568290788114,6515252,NC
-0.14931518500879046,6515253,NC
-0.16428468100880092,6515254,NC
-0.17925417091211215,6515255,NC
-0.18422365472292443,6515256,NC
-0.1641931324454389,6515257,NC
-0.14916260408385756,6515258,NC
-0.1591320696423834,6515259,NC
-0.18410152912522004,6515260,NC
-0.1890709825365719,6515261,NC
-0.1840404298806446,6515262,NC
-0.17900987116164413,6515263,NC
-0.14897930638377754,6515264,NC
-0.15894873555125286,6515265,NC
-0.18391815866827868,6515266,NC
-0.18888757573906445,6515267,NC
-0.18885698676782076,6515268,NC
-0.18882639175875865,6515269,NC
-0.1737957907160902,6515270,NC
-0.1687651836440283,6515271,NC
-0.1837345705467866,6515272,NC
-0.20870395142857961,6515273,NC
-0.20867332629362276,6515274,NC
-0.1986426951461322,6515275,NC
-0.17861205799032484,6515276,NC
-0.18358141483041868,6515277,NC
-0.2035507656706323,6515278,NC
-0.19852011051518512,6515279,NC
-0.1984894493682976,6515280,NC
-0.19845878223419083,6515281,NC
-0.16842810911708672,6515282,NC
-0.188397430021208,6515283,NC
-0.21836674495077849,6515284,NC
-0.2183360539100224,6515285,NC
-0.20830535690316523,6515286,NC
-0.19827465393443275,6515287,NC
-0.17824394500805205,6515288,NC
-0.18821323012825084,6515289,NC
-0.19318250929925765,6515290,NC
-0.19815178252530183,6515291,NC
-0.21312104981061347,6515292,NC
-0.19309031115942366,6515293,NC
-0.18305956657596423,6515294,NC
-0.1880288160644677,6515295,NC
-0.20299805962916753,6515296,NC
-0.20796729727429808,6515297,NC
-0.21293652900409435,6515298,NC
-0.20290575482279216,6515299,NC
-0.18287497473462838,6515300,NC
-0.1928441887438404,6515301,NC
-0.2028133968546665,6515302,NC
-0.21778259907134595,6515303,NC
-0.2077517953981187,6515304,NC
-0.18272098583922536,6515305,NC
-0.15769017039890762,6515306,NC
-0.16765934908140787,6515307,NC
-0.16262852189096919,6515308,NC
-0.1875976888318357,6515309,NC
-0.1775668499082522,6515310,NC
-0.17253600512446415,6515311,NC
-0.13250515448471817,6515312,NC
-0.1324742979932614,6515313,NC
-0.14744343565434181,6515314,NC
-0.14241256747220837,6515315,NC
-0.13738169345111062,6515316,NC
-0.11735081359529899,6515317,NC
-0.10731992790902484,6515318,NC
-0.11728903639654015,6515319,NC
-0.1422581390620978,6515320,NC
-0.15222723590995133,6515321,NC
-0.16219632694435537,6515322,NC
-0.14216541216956502,6515323,NC
-0.14213449158983654,6515324,NC
-0.15210356520942653,6515325,NC
-0.1820726330325928,6515326,NC
-0.19204169506359386,6515327,NC
-0.21201075130668878,6515328,NC
-0.19697980176613775,6515329,NC
-0.1819488464462015,6515330,NC
-0.18191788535114178,6515331,NC
-0.20188691848522097,6515332,NC
-0.21185594585270234,6515333,NC
-0.24182496745784976,6515334,NC
-0.22179398330492822,6515335,NC
-0.21176299339820331,6515336,NC
-0.21173199774194126,6515337,NC
-0.22670099634040947,6515338,NC
-0.23166998919787585,6515339,NC
-0.2416389763186091,6515340,NC
-0.2516079577068788,6515341,NC
-0.24157693336695552,6515342,NC
-0.23654590330311004,6515343,NC
-0.24151486751961457,6515344,NC
-0.2564838260207417,6515345,NC
-0.2614527788107649,6515346,NC
-0.2564217258939586,6515347,NC
-0.24639066727459777,6515348,NC
-0.25635960295695825,6515349,NC
-0.2763285329453168,6515350,NC
-0.2862974572439507,6515351,NC
-0.2762663758571382,6515352,NC
-0.2712352887891584,6515353,NC
-0.251204196044291,6515354,NC
-0.2511730976268165,6515355,NC
-0.27114199354101637,6515356,NC
-0.2861108837911726,6515357,NC
-0.2760797683815682,6515358,NC
-0.26604864731648675,6515359,NC
-0.26101752060021277,6515360,NC
-0.24598638823703137,6515361,NC
-0.2659552502312288,6515362,NC
-0.28592410658709166,6515363,NC
-0.2808929573089075,6515364,NC
-0.2658618024009649,6515365,NC
-0.25083064186755266,6515366,NC
-0.25079947571296085,6515367,NC
-0.27576830394148005,6515368,NC
-0.2807371265574018,6515369,NC
-0.28070594356501827,6515370,NC
-0.2656747549686224,6515371,NC
-0.25064356077250793,6515372,NC
-0.26561236098096946,6515373,NC
-0.26058115559830225,6515374,NC
-0.2855499446288023,6515375,NC
-0.27551872807676653,6515376,NC
-0.2654875059464926,6515377,NC
-0.24045627824227866,6515378,NC
-0.2404250449684241,6515379,NC
-0.22039380612922865,6515380,NC
-0.230362561728993,6515381,NC
-0.2003313117720187,6515382,NC
-0.16530005626260785,6515383,NC
-0.0902687952050634,6515384,NC
-0.025237528603689163,6515385,NC
0.03979374353721041,6515386,NC
0.09982502121333015,6515387,NC
0.15985630442036386,6515388,NC
0.18988759315400489,6515389,NC
0.18991888740994572,6515390,NC
0.14995018718387793,6515391,NC
0.054981492471492525,6515392,NC
-0.024987196731520223,6515393,NC
-0.05495588042947105,6515394,NC
0.010075441373328796,6515395,NC
0.1301067686725672,6515396,NC
0.2701381014639314,6515397,NC
0.42016943974310766,6515398,NC
0.5452007835057817,6515399,NC
0.6502321327476384,6515400,NC
0.7252634874643618,6515401,NC
0.7702948476516355,6515402,L
0.6953262133051417,6515403,NC
0.5653575844205627,6515404,NC
0.4053889609935795,6515405,NC
0.3054203430198724,6515406,NC
0.2154517304951211,6515407,NC
0.09548312341500434,6515408,NC
-0.04448547822479969,6515409,NC
-0.20945407442861355,6515410,NC
-0.3594226652007607,6515411,NC
-0.45939125054556534,6515412,NC
-0.5093598304673521,6515413,NC
-0.529328404970447,6515414,NC
-0.529296974059176,6515415,NC
-0.5142655377378663,6515416,NC
-0.4792340960108461,6515417,NC
-0.4492026488824436,6515418,NC
-0.3841711963569882,6515419,NC
-0.35413973843881025,6515420,NC
-0.33910827513224034,6515421,NC
-0.35907680644161005,6515422,NC
-0.35904533237125186,6515423,NC
-0.3740138529254987,6515424,NC
-0.34398236810868427,6515425,NC
-0.34395087792514334,6515426,NC
-0.32891938237921103,6515427,NC
-0.3388878814752233,6515428,NC
-0.3488563752175171,6515429,NC
-0.35382486361042975,6515430,NC
-0.33879334665829947,6515431,NC
-0.3137618243654654,6515432,NC
-0.318730296736267,6515433,NC
-0.33869876377504476,6515434,NC
-0.35366722548614,6515435,NC
-0.3436356818738944,6515436,NC
-0.3286041329426508,6515437,NC
-0.3085725786967523,6515438,NC
-0.3135410191405433,6515439,NC
-0.3135094542783683,6515440,NC
-0.33347788411457313,6515441,NC
-0.3284463086535039,6515442,NC
-0.30841472789950775,6515443,NC
-0.2933831418569322,6515444,NC
-0.293351550530126,6515445,NC
-0.30831995392343825,6515446,NC
-0.31828835204121886,6515447,NC
-0.30825674488781835,6515448,NC
-0.2982251324675883,6515449,NC
-0.2731935147848807,6515450,NC
-0.2681618918440484,6515451,NC
-0.28813026364944494,6515452,NC
-0.2980986302054246,6515453,NC
-0.29306699151634236,6515454,NC
-0.273035347586554,6515455,NC
-0.24800369842041595,6515456,NC
-0.24797204402228523,6515457,NC
-0.24294038439651994,6515458,NC
-0.25290871954747857,6515459,NC
-0.2478770494795203,6515460,NC
-0.22784537419700543,6515461,NC
-0.21281369370429457,6515462,NC
-0.20278200800574916,6515463,NC
-0.21775031710573148,6515464,NC
-0.22271862100860446,6515465,NC
-0.21268691971873152,6515466,NC
-0.17765521324047726,6515467,NC
-0.16262350157820657,6515468,NC
-0.15759178473628518,6515469,NC
-0.15256006271907974,6515470,NC
-0.15252833553095732,6515471,NC
-0.14749660317628577,6515472,NC
-0.12246486565943382,6515473,NC
-0.10243312298477077,6515474,NC
-0.09740137515666661,6515475,NC
-0.10236962217949205,6515476,NC
-0.11233786405761866,6515477,NC
-0.10730610079541845,6515478,NC
-0.07727433239726453,6515479,NC
-0.04224255886753016,6515480,NC
-0.03221078021058986,6515481,NC
-0.042178996430818454,6515482,NC
-0.0371472075325918,6515483,NC
-0.017115413520286202,6515484,NC
0.007916385601721303,6515485,NC
0.03794818982905276,6515486,NC
0.03797999915732974,6515487,NC
0.05301181358217302,6515488,NC
0.0430436330992028,6515489,NC
0.05307545770403827,6515490,NC
0.05810728739229823,6515491,NC
0.08313912215960073,6515492,NC
0.06817096200156289,6515493,NC
0.0582028069138014,6515494,NC
0.03323465689193222,6515495,NC
0.013266511931570371,6515496,NC
0.018298372028330456,6515497,NC
0.008330237177826334,6515498,NC
-0.01163789262432903,6515499,NC
-0.04160601738252316,6515500,NC
-0.09157413710114426,6515501,NC
-0.10154225178458146,6515502,NC
-0.12151036143722435,6515503,NC
-0.11647846606346324,6515504,NC
-0.1414465656676893,6515505,NC
-0.13641466025429422,6515506,NC
-0.17638274982767038,6515507,NC
-0.20135083439221105,6515508,NC
-0.19631891395230994,6515509,NC
-0.20128698851236151,6515510,NC
-0.20625505807676114,6515511,NC
-0.23122312264990455,6515512,NC
-0.2261911822361884,6515513,NC
-0.2311592368400098,6515514,NC
-0.22612728646576688,6515515,NC
-0.2160953311178581,6515516,NC
-0.23106337080068307,6515517,NC
-0.24603140551864133,6515518,NC
-0.27599943527613396,6515519,NC
-0.26096746007756205,6515520,NC
-0.25593547992732785,6515521,NC
-0.23590349482983403,6515522,NC
-0.25587150478948384,6515523,NC
-0.2458395098106816,6515524,NC
-0.26080750989783197,6515525,NC
-0.2657755050553404,6515526,NC
-0.260743495287613,6515527,NC
-0.2407114805990566,6515528,NC
-0.24067946099407866,6515529,NC
-0.2606474364770873,6515530,NC
-0.26061540705249153,6515531,NC
-0.2605833727247007,6515532,NC
-0.255551333498125,6515533,NC
-0.23551928937717537,6515534,NC
-0.2604872403662633,6515535,NC
-0.2604551864698009,6515536,NC
-0.2704231276922013,6515537,NC
-0.28039106403787784,6515538,NC
-0.2703589955112447,6515539,NC
-0.275326922116717,6515540,NC
-0.26029484385871016,6515541,NC
-0.28026276074164036,6515542,NC
-0.29023067276992465,6515543,NC
-0.2801985799479805,6515544,NC
-0.2701664822802261,6515545,NC
-0.25013437977108055,6515546,NC
-0.2501022724249633,6515547,NC
-0.2750701602462945,6515548,NC
-0.2800380432394952,6515549,NC
-0.2850059214089869,6515550,NC
-0.27497379475919187,6515551,NC
-0.25494166329453294,6515552,NC
-0.24990952701943372,6515553,NC
-0.26987738593831834,6515554,NC
-0.27984524005561195,6515555,NC
-0.2848130893757398,6515556,NC
-0.27478093390312813,6515557,NC
-0.26474877364220395,6515558,NC
-0.2697166085973947,6515559,NC
-0.2946844387731286,6515560,NC
-0.2946522641738344,6515561,NC
-0.2996200848039417,6515562,NC
-0.2895879006678806,6515563,NC
-0.27955571177008187,6515564,NC
-0.274523518114977,6515565,NC
-0.28949131970699826,6515566,NC
-0.3044591165505782,6515567,NC
-0.3044269086501503,6515568,NC
-0.2893946960101488,6515569,NC
-0.2843624786350083,6515570,NC
-0.2843302565291641,6515571,NC
-0.2942980296970525,6515572,NC
-0.30426579814310994,6515573,NC
-0.31423356187177387,6515574,NC
-0.30420132088748225,6515575,NC
-0.2791690751946737,6515576,NC
-0.2991368247977875,6515577,NC
-0.30910456970126376,6515578,NC
-0.3240723099095428,6515579,NC
-0.31404004542706593,6515580,NC
-0.30900777625827514,6515581,NC
-0.3039755024076128,6515582,NC
-0.30394322387952205,6515583,NC
-0.3139109406784469,6515584,NC
-0.32387865280883155,6515585,NC
-0.3238463602751212,6515586,NC
-0.3138140630817617,6515587,NC
-0.29378176123319927,6515588,NC
-0.298749454733881,6515589,NC
-0.3087171435882544,6515590,NC
-0.32868482780076796,6515591,NC
-0.3336525073758705,6515592,NC
-0.3186201823180117,6515593,NC
-0.3085878526316417,6515594,NC
-0.3085555183212112,6515595,NC
-0.3235231793911719,6515596,NC
-0.34849083584597595,6515597,NC
-0.3284584876900759,6515598,NC
-0.32342613492792527,6515599,NC
-0.3333937775639781,6515600,NC
-0.318361415602689,6515601,NC
-0.3333290490485133,6515602,NC
-0.3332966779059068,6515603,NC
-0.3332643021793262,6515604,NC
-0.32823192187322864,6515605,NC
-0.3131995369920719,6515606,NC
-0.3231671475403145,6515607,NC
-0.3281347535224155,6515608,NC
-0.33810235494283447,6515609,NC
-0.32806995180603193,6515610,NC
-0.3030375441164688,6515611,NC
-0.28800513187860655,6515612,NC
-0.2729727150969075,6515613,NC
-0.2879402937758345,6515614,NC
-0.3079078679198509,6515615,NC
-0.3078754375334209,6515616,NC
-0.2878430026210092,6515617,NC
-0.27281056318708097,6515618,NC
-0.27777811923610246,6515619,NC
-0.27774567077254003,6515620,NC
-0.2877132178008609,6515621,NC
-0.272680760325533,6515622,NC
-0.2576482983510247,6515623,NC
-0.232615831881805,6515624,NC
-0.2375833609223437,6515625,NC
-0.2525508854771111,6515626,NC
-0.27251840555057794,6515627,NC
-0.29748592114721584,6515628,NC
-0.28745343227149706,6515629,NC
-0.2724209389278942,6515630,NC
-0.28238844112088085,6515631,NC
-0.2973559388549307,6515632,NC
-0.3173234321345185,6515633,NC
-0.32729092096411966,6515634,NC
-0.3222584053482098,6515635,NC
-0.3122258852912655,6515636,NC
-0.3171933607977635,6515637,NC
-0.3321608318721818,6515638,NC
-0.33712829851899867,6515639,NC
-0.3370957607426928,6515640,NC
-0.3420632185477438,6515641,NC
-0.33703067193863173,6515642,NC
-0.3319981209198374,6515643,NC
-0.351965565495842,6515644,NC
-0.3619330056711276,6515645,NC
-0.3619004414501766,6515646,NC
-0.35686787283747207,6515647,NC
-0.356835299837498,6515648,NC
-0.36680272245473855,6515649,NC
-0.39177014069367866,6515650,NC
-0.401737554558804,6515651,NC
-0.3967049640546007,6515652,NC
-0.38167236918555536,6515653,NC
-0.3666397699561556,6515654,NC
-0.3716071663708892,6515655,NC
-0.3915745584342446,6515656,NC
-0.40654194615071126,6515657,NC
-0.4065093295247787,6515658,NC
-0.3964767085609373,6515659,NC
-0.3864440832636781,6515660,NC
-0.38641145363749263,6515661,NC
-0.3963788196868729,6515662,NC
-0.41634618141631186,6515663,NC
-0.4213135388303027,6515664,NC
-0.4012808919333393,6515665,NC
-0.3962482407299162,6515666,NC
-0.4012155852245287,6515667,NC
-0.3961829254216722,6515668,NC
-0.4211502613258433,6515669,NC
-0.43111759294153873,6515670,NC
-0.4010849202732559,6515671,NC
-0.381052243325493,6515672,NC
-0.3810195621027486,6515673,NC
-0.3959868766095221,6515674,NC
-0.4109541868503131,6515675,NC
-0.4159214928296222,6515676,NC
-0.4058887945519503,6515677,NC
-0.38585609202179905,6515678,NC
-0.38582338524367055,6515679,NC
-0.3957906742220677,6515680,NC
-0.4057579589614938,6515681,NC
-0.4107252394664527,6515682,NC
-0.41069251574144894,6515683,NC
-0.3856597877909877,6515684,NC
-0.3806270556195745,6515685,NC
-0.4055943192317158,6515686,NC
-0.4055615786319183,6515687,NC
-0.39552883382468934,6515688,NC
-0.38049608481453717,6515689,NC
-0.3654633316059702,6515690,NC
-0.3754305742034975,6515691,NC
-0.36539781261162907,6515692,NC
-0.36536504683487503,6515693,NC
-0.34533227687774615,6515694,NC
-0.31529950274475416,6515695,NC
-0.265266724440411,6515696,NC
-0.22523394196922913,6515697,NC
-0.18020115533572195,6515698,NC
-0.10016836454440312,6515699,NC
-0.015135569599786868,6515700,NC
0.06989722949361173,6515701,NC
0.14493003273127725,6515702,NC
0.16996284010869372,6515703,NC
0.15999565162134452,6515704,NC
0.11002846726471241,6515705,NC
0.020061287034279708,6515706,NC
-0.07990588907447202,6515707,NC
-0.09987306106606159,6515708,NC
-0.09484022894500833,6515709,NC
-0.01980739271583256,6515710,NC
0.09022544761694547,6515711,NC
0.2502582920488044,6515712,NC
0.40529114057522264,6515713,NC
0.5403239931916777,6515714,NC
0.610356849893647,6515715,NC
0.670389710676607,6515716,NC
0.6604225755360338,6515717,L
0.5854554444674028,6515718,NC
0.48048831746618903,6515719,NC
0.4055211945278668,6515720,NC
0.30055407564790976,6515721,NC
0.18058696082179124,6515722,NC
0.06061985004498403,6515723,NC
-0.0493472566870399,6515724,NC
-0.17431435937880896,6515725,NC
-0.27428145803485204,6515726,NC
-0.3792485526596988,6515727,NC
-0.47921564325787935,6515728,NC
-0.5641827298339243,6515729,NC
-0.6091498123923647,6515730,NC
-0.6241168909377326,6515731,NC
-0.6140839654745601,6515732,NC
-0.5990510360073803,6515733,NC
-0.5940181025407265,6515734,NC
-0.5939851650791326,6515735,NC
-0.5589522236271333,6515736,NC
-0.5189192781892633,6515737,NC
-0.5088863287700586,6515738,NC
-0.5088533753740552,6515739,NC
-0.5038204180057899,6515740,NC
-0.5037874566697997,6515741,NC
-0.48875449137062293,6515742,NC
-0.4787215221127975,6515743,NC
-0.4786885489008624,6515744,NC
-0.46365557173935706,6515745,NC
-0.47862259063282164,6515746,NC
-0.47358960558579644,6515747,NC
-0.4685566166028227,6515748,NC
-0.4635236236884419,6515749,NC
-0.4534906268471963,6515750,NC
-0.4784576260836286,6515751,NC
-0.4734246214022819,6515752,NC
-0.49839161280770017,6515753,NC
-0.49335860030442763,6515754,NC
-0.47332558389700896,6515755,NC
-0.4632925635899899,6515756,NC
-0.4532595393879161,6515757,NC
-0.45822651129533404,6515758,NC
-0.4831934793167909,6515759,NC
-0.4881604434568341,6515760,NC
-0.45812740372001165,6515761,NC
-0.45309436011087223,6515762,NC
-0.453061312633965,6515763,NC
-0.4530282612938395,6515764,NC
-0.4629952060950461,6515765,NC
-0.4579621470421354,6515766,NC
-0.4529290841396586,6515767,NC
-0.43289601739216776,6515768,NC
-0.4128629468042149,6515769,NC
-0.417829872380353,6515770,NC
-0.43279679412513555,6515771,NC
-0.43776371204311626,6515772,NC
-0.4177306261388496,6515773,NC
-0.4026975364168906,6515774,NC
-0.40266444288179476,6515775,NC
-0.3976313455381179,6515776,NC
-0.4125982443904168,6515777,NC
-0.4175651394432484,6515778,NC
-0.39753203070117016,6515779,NC
-0.36249891816874047,6515780,NC
-0.3674658018505177,6515781,NC
-0.36743268175106114,6515782,NC
-0.3773995578749302,6515783,NC
-0.36736643022668547,6515784,NC
-0.34233329881088725,6515785,NC
-0.33230016363209713,6515786,NC
-0.3072670246948766,6515787,NC
-0.312233882003788,6515788,NC
-0.312200735563394,6515789,NC
-0.31216758537825806,6515790,NC
-0.27213443145294397,6515791,NC
-0.2421012737920159,6515792,NC
-0.24706811240003884,6515793,NC
-0.2370349472815781,6515794,NC
-0.2370017784411995,6515795,NC
-0.22196860588346937,6515796,NC
-0.21193542961295472,6515797,NC
-0.1669022496342229,6515798,NC
-0.1768690659518417,6515799,NC
-0.1668358785703798,6515800,NC
-0.1668026874944059,6515801,NC
-0.16676949272848948,6515802,NC
-0.14173629427720055,6515803,NC
-0.10670309214510953,6515804,NC
-0.0866698863367873,6515805,NC
-0.09663667685680549,6515806,NC
-0.08160346370973595,6515807,NC
-0.07157024690015111,6515808,NC
-0.041537026432624094,6515809,NC
-0.026503802311728313,6515810,NC
-0.011470574542037672,6515811,NC
-0.02643734312812681,6515812,NC
-0.02640410807457064,6515813,NC
-0.026370869385944573,6515814,NC
-0.01633762706682476,6515815,NC
-0.011304381121787607,6515816,NC
-0.03127113155541003,6515817,NC
-0.051237878372269674,6515818,NC
-0.08620462157694445,6515819,NC
-0.11117136117401284,6515820,NC
-0.12613809716805374,6515821,NC
-0.12610482956364677,6515822,NC
-0.15107155836537178,6515823,NC
-0.17103828357780942,6515824,NC
-0.2110050052055404,6515825,NC
-0.2209717232531464,6515826,NC
-0.22093843772520916,6515827,NC
-0.2159051486263113,6515828,NC
-0.2408718559610357,6515829,NC
-0.2508385597339657,6515830,NC
-0.2708052599496853,6515831,NC
-0.2907719566127789,6515832,NC
-0.2757386497278313,6515833,NC
-0.29070533929942793,6515834,NC
-0.27067202533215473,6515835,NC
-0.29063870783059803,6515836,NC
-0.3056053867993445,6515837,NC
-0.3155720622429817,6515838,NC
-0.3055387341660974,6515839,NC
-0.3005054025732797,6515840,NC
-0.3004720674691176,6515841,NC
-0.3104387288582003,6515842,NC
-0.3204053867451174,6515843,NC
-0.33037204113445945,6515844,NC
-0.3153386920308169,6515845,NC
-0.305305339438781,6515846,NC
-0.3052719833629435,6515847,NC
-0.31523862380789636,6515848,NC
-0.3202052607782324,6515849,NC
-0.3101718942785447,6515850,NC
-0.3101385243134268,6515851,NC
-0.3051051508874728,6515852,NC
-0.3050717740052772,6515853,NC
-0.3000383936714351,6515854,NC
-0.3200050098905417,6515855,NC
-0.3099716226671934,6515856,NC
-0.29993823200598646,6515857,NC
-0.2799048379115176,6515858,NC
-0.2948714403883846,6515859,NC
-0.29983803944118487,6515860,NC
-0.30480463507451694,6515861,NC
-0.3097712272929798,6515862,NC
-0.2897378161011724,6515863,NC
-0.28470440150369464,6515864,NC
-0.27967098350514674,6515865,NC
-0.29963756211012943,6515866,NC
-0.30460413732324365,6515867,NC
-0.2995707091490913,6515868,NC
-0.2795372775922741,6515869,NC
-0.26450384265739485,6515870,NC
-0.27447040434905656,6515871,NC
-0.2844369626718625,6515872,NC
-0.2944035176304169,6515873,NC
-0.29437006922932396,6515874,NC
-0.27933661747318844,6515875,NC
-0.26430316236661594,6515876,NC
-0.2592697039142121,6515877,NC
-0.2742362421205831,6515878,NC
-0.28420277699033586,6515879,NC
-0.27416930852807736,6515880,NC
-0.2691358367384152,6515881,NC
-0.24910236162595759,6515882,NC
-0.254068883195313,6515883,NC
-0.2590354014510904,6515884,NC
-0.2690019163978994,6515885,NC
-0.2639684280403497,6515886,NC
-0.24393493638305172,6515887,NC
-0.24390144143061637,6515888,NC
-0.2238679431876549,6515889,NC
-0.24383444165877888,6515890,NC
-0.25380093684860067,6515891,NC
-0.2687674287617329,6515892,NC
-0.2487339174027884,6515893,NC
-0.233700402776381,6515894,NC
-0.23366688488712456,6515895,NC
-0.2386333637396334,6515896,NC
-0.2535998393385227,6515897,NC
-0.24856631168840743,6515898,NC
-0.23353278079390347,6515899,NC
-0.22349924665962728,6515900,NC
-0.21846570929019515,6515901,NC
-0.2434321686902244,6515902,NC
-0.2533986248643326,6515903,NC
-0.24836507781713776,6515904,NC
-0.23333152755325814,6515905,NC
-0.20829797407731296,6515906,NC
-0.21326441739392116,6515907,NC
-0.22823085750770275,6515908,NC
-0.24319729442327792,6515909,NC
-0.23316372814526717,6515910,NC
-0.20813015867829182,6515911,NC
-0.19809658602697325,6515912,NC
-0.2030630101959334,6515913,NC
-0.2130294311897948,6515914,NC
-0.22299584901318026,6515915,NC
-0.23796226367071288,6515916,NC
-0.23792867516701666,6515917,NC
-0.2078950835067156,6515918,NC
-0.20286148869443418,6515919,NC
-0.21782789073479766,6515920,NC
-0.22279428963243136,6515921,NC
-0.21776068539196106,6515922,NC
-0.19772707801801326,6515923,NC
-0.16769346751521466,6515924,NC
-0.17265985388819233,6515925,NC
-0.18262623714157405,6515926,NC
-0.18759261727998777,6515927,NC
-0.1875589943080619,6515928,NC
-0.18252536823042542,6515929,NC
-0.15249173905170765,6515930,NC
-0.15245810677653823,6515931,NC
-0.1424244714095475,6515932,NC
-0.15239083295536598,6515933,NC
-0.15735719141862464,6515934,NC
-0.12732354680395513,6515935,NC
-0.11728989911598904,6515936,NC
-0.1022562483593588,6515937,NC
-0.11722259453869731,6515938,NC
-0.12218893765863739,6515939,NC
-0.13715527772381275,6515940,NC
-0.12712161473885747,6515941,NC
-0.12708794870840587,6515942,NC
-0.12205427963709269,6515943,NC
-0.1470206075295534,6515944,NC
-0.14698693239042335,6515945,NC
-0.16695325422433885,6515946,NC
-0.15691957303593637,6515947,NC
-0.16188588882985266,6515948,NC
-0.14685220161072524,6515949,NC
-0.17181851138319176,6515950,NC
-0.18678481815189032,6515951,NC
-0.18675112192145954,6515952,NC
-0.18671742269653857,6515953,NC
-0.1766837204817665,6515954,NC
-0.16665001528178333,6515955,NC
-0.18661630710122926,6515956,NC
-0.20158259594474476,6515957,NC
-0.1965488818169711,6515958,NC
-0.1965151647225496,6515959,NC
-0.18148144466612207,6515960,NC
-0.16644772165233085,6515961,NC
-0.19141399568581863,6515962,NC
-0.22638026677122833,6515963,NC
-0.2263465349132036,6515964,NC
-0.22131280011638835,6515965,NC
-0.20127906238542662,6515966,NC
-0.1912453217249634,6515967,NC
-0.1962115781396436,6515968,NC
-0.22117783163411275,6515969,NC
-0.21114408221301684,6515970,NC
-0.2261103298810021,6515971,NC
-0.21107657464271518,6515972,NC
-0.2060428165028034,6515973,NC
-0.22100905546591398,6515974,NC
-0.22097529153669493,6515975,NC
-0.22594152471979473,6515976,NC
-0.21590775501986179,6515977,NC
-0.21087398244154534,6515978,NC
-0.21084020698949493,6515979,NC
-0.22080642866836042,6515980,NC
-0.250772647482792,6515981,NC
-0.2407388634374405,6515982,NC
-0.2257050765369568,6515983,NC
-0.20567128678599253,6515984,NC
-0.21563749418919947,6515985,NC
-0.22060369875122982,6515986,NC
-0.21556990047673633,6515987,NC
-0.220536099370372,6515988,NC
-0.22050229543679012,6515989,NC
-0.20046848868064457,6515990,NC
-0.2004346791065898,6515991,NC
-0.21540086671928,6515992,NC
-0.20536705152337037,6515993,NC
-0.22533323352351622,6515994,NC
-0.21529941272437325,6515995,NC
-0.21026558913059767,6515996,NC
-0.19523176274684598,6515997,NC
-0.20019793357777496,6515998,NC
-0.20016410162804207,6515999,NC
-0.2101302669023049,6516000,NC
-0.2050964294052214,6516001,NC
-0.19006258914145022,6516002,NC
-0.19002874611565,6516003,NC
-0.18999490033247987,6516004,NC
-0.18996105179659958,6516005,NC
-0.184927200512669,6516006,NC
-0.1598933464853484,6516007,NC
-0.1348594897192986,6516008,NC
-0.09982563021918062,6516009,NC
-0.08479176798965585,6516010,NC
-0.08475790303538627,6516011,NC
-0.029724035361034004,6516012,NC
0.04030983502873843,6516013,NC
0.13534370812926783,6516014,NC
0.21037758393589123,6516015,NC
0.2604114624439447,6516016,NC
0.30544534364876413,6516017,NC
0.3354792275456851,6516018,NC
0.3255131141300429,6516019,NC
0.31554700339717223,6516020,NC
0.2505808953424077,6516021,NC
0.19061478996108314,6516022,NC
0.1556486872485324,6516023,NC
0.1806825872000889,6516024,NC
0.2557164898110854,6516025,NC
0.3507503950768546,6516026,NC
0.46078430299272893,6516027,NC
0.5858182135540401,6516028,NC
0.6808521267561194,6516029,NC
0.7608860425942984,6516030,NC
0.8609199610639076,6516031,NC
0.9209538821602774,6516032,NC
0.9209878058787382,6516033,L
0.8310217322146193,6516034,NC
0.7110556611632503,6516035,NC
0.6210895927199601,6516036,NC
0.5511235268800772,6516037,NC
0.5011574636389301,6516038,NC
0.4061914029918466,6516039,NC
0.30122534493415415,6516040,NC
0.18625928946118,6516041,NC
0.07129323656825112,6516042,NC
-0.0286728137493062,6516043,NC
-0.12863886149616577,6516044,NC
-0.2286049066770017,6516045,NC
-0.30857094929648876,6516046,NC
-0.3785369893593018,6516047,NC
-0.41350302687011603,6516048,NC
-0.4084690618336072,6516049,NC
-0.37843509425445127,6516050,NC
-0.3484011241373245,6516051,NC
-0.33836715148690377,6516052,NC
-0.30833317630786583,6516053,NC
-0.2882991986048883,6516054,NC
-0.2682652183826489,6516055,NC
-0.2532312356458255,6516056,NC
-0.24819725039909665,6516057,NC
-0.2631632626471413,6516058,NC
-0.27812927239463825,6516059,NC
-0.2730952796462672,6516060,NC
-0.27306128440670785,6516061,NC
-0.25802728668064023,6516062,NC
-0.25799328647274505,6516063,NC
-0.26295928378770306,6516064,NC
-0.27792527863019534,6516065,NC
-0.26789127100490345,6516066,NC
-0.25785726091650946,6516067,NC
-0.25782324836969517,6516068,NC
-0.24778923336914338,6516069,NC
-0.2627552159195369,6516070,NC
-0.27272119602555883,6516071,NC
-0.2726871736918928,6516072,NC
-0.2676531489232228,6516073,NC
-0.25261912172423273,6516074,NC
-0.25258509209960744,6516075,NC
-0.2625510600540317,6516076,NC
-0.26251702559219064,6516077,NC
-0.27248298871876997,6516078,NC
-0.25244894943845547,6516079,NC
-0.23741490775593327,6516080,NC
-0.22738086367589005,6516081,NC
-0.24234681720301265,6516082,NC
-0.2523127683419882,6516083,NC
-0.25227871709750427,6516084,NC
-0.23724466347424877,6516085,NC
-0.22721060747690974,6516086,NC
-0.22717654911017587,6516087,NC
-0.2321424883787359,6516088,NC
-0.23210842528727893,6516089,NC
-0.21707435984049467,6516090,NC
-0.21204029204307262,6516091,NC
-0.18200622189970306,6516092,NC
-0.17697214941507663,6516093,NC
-0.18693807459388379,6516094,NC
-0.20190399744081575,6516095,NC
-0.19186991796056413,6516096,NC
-0.17183583615782042,6516097,NC
-0.16680175203727682,6516098,NC
-0.15176766560362567,6516099,NC
-0.1567335768615596,6516100,NC
-0.15169948581577178,6516101,NC
-0.15666539247095546,6516102,NC
-0.1316312968318042,6516103,NC
-0.10159719890301208,6516104,NC
-0.10656309868927352,6516105,NC
-0.11652899619528281,6516106,NC
-0.1164948914257351,6516107,NC
-0.10646078438532552,6516108,NC
-0.08142667507874955,6516109,NC
-0.06639256351070319,6516110,NC
-0.051358449685882504,6516111,NC
-0.0463243336089839,6516112,NC
-0.04629021528470432,6516113,NC
-0.04125609471774077,6516114,NC
-0.021221971912790565,6516115,NC
-0.0061878468745515825,6516116,NC
0.00884628039227825,6516117,NC
-0.0011195901169993132,6516118,NC
-0.0010854584070830627,6516119,NC
0.008948675517328156,6516120,NC
0.03398281165153518,6516121,NC
0.0590169499908383,6516122,NC
0.07405109053053777,6516123,NC
0.06908523326593351,6516124,NC
0.08411937819232489,6516125,NC
0.10415352530501125,6516126,NC
0.13418767459929162,6516127,NC
0.1442218260704644,6516128,NC
0.1492559797138283,6516129,NC
0.15929013552468113,6516130,NC
0.1593242934983205,6516131,NC
0.16435845363004425,6516132,NC
0.16939261591514929,6516133,NC
0.17442678034893244,6516134,NC
0.1644609469266903,6516135,NC
0.1444951156437192,6516136,NC
0.11452928649531506,6516137,NC
0.08956345947677366,6516138,NC
0.0895976345833902,6516139,NC
0.0796318118104599,6516140,NC
0.05466599115327761,6516141,NC
0.034700172607137744,6516142,NC
-0.00026564383266562686,6516143,NC
-0.015231458170838241,6516144,NC
-0.020197270412086715,6516145,NC
-0.030163080561117613,6516146,NC
-0.035128888622637786,6516147,NC
-0.05509469460135463,6516148,NC
-0.08506049850197558,6516149,NC
-0.08502630032920835,6516150,NC
-0.09499210008776117,6516151,NC
-0.07995789778234234,6516152,NC
-0.09992369341766044,6516153,NC
-0.10988948699842455,6516154,NC
-0.1248552785293438,6516155,NC
-0.12482106801512766,6516156,NC
-0.12478685546048603,6516157,NC
-0.1097526408701289,6516158,NC
-0.10971842424876653,6516159,NC
-0.12968420560110971,6516160,NC
-0.14464998493186929,6516161,NC
-0.1396157622457563,6516162,NC
-0.14458153754748243,6516163,NC
-0.11454731084175931,6516164,NC
-0.12951308213329885,6516165,NC
-0.12947885142681362,6516166,NC
-0.15944461872701582,6516167,NC
-0.14441038403861847,6516168,NC
-0.14437614736633483,6516169,NC
-0.129341908714878,6516170,NC
-0.12430766808896172,6516171,NC
-0.1542734254933001,6516172,NC
-0.16423918093260714,6516173,NC
-0.1592049344115973,6516174,NC
-0.1441706859349856,6516175,NC
-0.12913643550748666,6516176,NC
-0.129102183133816,6516177,NC
-0.13906792881868912,6516178,NC
-0.15403367256682174,6516179,NC
-0.14899941438293002,6516180,NC
-0.13896515427173045,6516181,NC
-0.11893089223793932,6516182,NC
-0.11389662828627378,6516183,NC
-0.13886236242145086,6516184,NC
-0.16382809464818787,6516185,NC
-0.1487938249712027,6516186,NC
-0.14875955339521313,6516187,NC
-0.11372527992493728,6516188,NC
-0.12869100456509378,6516189,NC
-0.14365672732040125,6516190,NC
-0.13362244819557859,6516191,NC
-0.14858816719534518,6516192,NC
-0.1385538843244204,6516193,NC
-0.10851959958752394,6516194,NC
-0.12348531298937598,6516195,NC
-0.13845102453469665,6516196,NC
-0.14841673422820645,6516197,NC
-0.16338244207462624,6516198,NC
-0.128348148078677,6516199,NC
-0.1333138522450799,6516200,NC
-0.12327955457855666,6516201,NC
-0.14824525508382896,6516202,NC
-0.14821095376561877,6516203,NC
-0.14817665062864857,6516204,NC
-0.14814234567764062,6516205,NC
-0.12810803891731784,6516206,NC
-0.13307373035240344,6516207,NC
-0.14303941998762038,6516208,NC
-0.1580051078276923,6516209,NC
-0.15797079387734314,6516210,NC
-0.14793647814129682,6516211,NC
-0.13290216062427745,6516212,NC
-0.12286784133100988,6516213,NC
-0.15783352026621847,6516214,NC
-0.15779919743462853,6516215,NC
-0.16276487284096522,6516216,NC
-0.1627305464899539,6516217,NC
-0.1376962183863204,6516218,NC
-0.13266188853479088,6516219,NC
-0.1526275569400912,6516220,NC
-0.15259322360694808,6516221,NC
-0.15755888854008804,6516222,NC
-0.14252455174423806,6516223,NC
-0.1274902132241254,6516224,NC
-0.1324558729844774,6516225,NC
-0.14242153103002161,6516226,NC
-0.15738718736548607,6516227,NC
-0.16235284199559882,6516228,NC
-0.14731849492508814,6516229,NC
-0.13728414615868273,6516230,NC
-0.13724979570111137,6516231,NC
-0.162215443557103,6516232,NC
-0.1671810897313871,6516233,NC
-0.17214673422869306,6516234,NC
-0.15711237705375053,6516235,NC
-0.13207801821128973,6516236,NC
-0.1420436577060407,6516237,NC
-0.14700929554273381,6516238,NC
-0.1719749317260999,6516239,NC
-0.17694056626086976,6516240,NC
-0.16190619915177443,6516241,NC
-0.13187183040354547,6516242,NC
-0.15683746002091417,6516243,NC
-0.15680308800861245,6516244,NC
-0.18176871437137254,6516245,NC
-0.16673433911392627,6516246,NC
-0.1566999622410063,6516247,NC
-0.14166558375734545,6516248,NC
-0.12663120366767647,6516249,NC
-0.12159682197673242,6516250,NC
-0.12656243868924694,6516251,NC
-0.12652805380995324,6516252,NC
-0.11149366734358535,6516253,NC
-0.10145927929487719,6516254,NC
-0.10142488966856292,6516255,NC
-0.09639049846937714,6516256,NC
-0.11635610570205442,6516257,NC
-0.11132171137132955,6516258,NC
-0.08628731548193778,6516259,NC
-0.06625291803861436,6516260,NC
-0.06621851904609467,6516261,NC
-0.07118411850911466,6516262,NC
-0.08114971643241017,6516263,NC
-0.07611531282071726,6516264,NC
-0.07108090767877247,6516265,NC
-0.0660465010113123,6516266,NC
-0.06101209282307346,6516267,NC
-0.07597768311879309,6516268,NC
-0.10094327190320833,6516269,NC
-0.09590885918105652,6516270,NC
-0.1058744449570754,6516271,NC
-0.09084002923600278,6516272,NC
-0.09580561202257656,6516273,NC
-0.11077119332153516,6516274,NC
-0.12073677313761694,6516275,NC
-0.13070235147556047,6516276,NC
-0.13566792834010477,6516277,NC
-0.12063350373598881,6516278,NC
-0.13059907766795176,6516279,NC
-0.11556465014073332,6516280,NC
-0.14053022115907282,6516281,NC
-0.15049579072771033,6516282,NC
-0.14546135885138597,6516283,NC
-0.13542692553483976,6516284,NC
-0.1303924907828123,6516285,NC
-0.1553580546000443,6516286,NC
-0.16532361699127654,6516287,NC
-0.16028917796125,6516288,NC
-0.16525473751470618,6516289,NC
-0.18022029565638614,6516290,NC
-0.18518585239103177,6516291,NC
-0.19015140772338487,6516292,NC
-0.20511696165818732,6516293,NC
-0.2000825142001815,6516294,NC
-0.19504806535410976,6516295,NC
-0.16501361512471457,6516296,NC
-0.18997916351673885,6516297,NC
-0.18494471053492567,6516298,NC
-0.20491025618401795,6516299,NC
-0.2148758004687592,6516300,NC
-0.21484134339389294,6516301,NC
-0.1998068849641628,6516302,NC
-0.1847724251843128,6516303,NC
-0.20473796405908706,6516304,NC
-0.2147035015932297,6516305,NC
-0.21966903779148542,6516306,NC
-0.20463457265859875,6516307,NC
-0.1896001061993144,6516308,NC
-0.19456563841837762,6516309,NC
-0.2145311693205335,6516310,NC
-0.2144966989105274,6516311,NC
-0.21946222719310493,6516312,NC
-0.22942775417301187,6516313,NC
-0.21439327985499396,6516314,NC
-0.20435880424379754,6516315,NC
-0.20432432734416878,6516316,NC
-0.22428984916085404,6516317,NC
-0.22425536969860013,6516318,NC
-0.21922088896215375,6516319,NC
-0.19418640695626185,6516320,NC
-0.19415192368567183,6516321,NC
-0.20411743915513064,6516322,NC
-0.209082953369386,6516323,NC
-0.21904846633318567,6516324,NC
-0.2040139780512774,6516325,NC
-0.17897948852840914,6516326,NC
-0.16894499776932934,6516327,NC
-0.18391050577878598,6516328,NC
-0.20387601256152796,6516329,NC
-0.18884151812230376,6516330,NC
-0.18380702246586225,6516331,NC
-0.16877252559695263,6516332,NC
-0.16373802752032401,6516333,NC
-0.16370352824072568,6516334,NC
-0.15366902776290722,6516335,NC
-0.13863452609161858,6516336,NC
-0.10860002323160924,6516337,NC
-0.04356551918762948,6516338,NC
0.001468986035570585,6516339,NC
0.05150349243324067,6516340,NC
0.11653800000063011,6516341,NC
0.20157250873298826,6516342,NC
0.2766070186255644,6516343,NC
0.3316415296736075,6516344,NC
0.35667604187236623,6516345,NC
0.3217105552170895,6516346,NC
0.25174506970302574,6516347,NC
0.18677958532542321,6516348,NC
0.13181410207953037,6516349,NC
0.12684861996059504,6516350,NC
0.1668831389638652,6516351,NC
0.23691765908458873,6516352,NC
0.32695218031801304,6516353,NC
0.4319867026593856,6516354,NC
0.5670212261039538,6516355,NC
0.6870557506469647,6516356,NC
0.7670902762836653,6516357,NC
0.8221248030093025,6516358,NC
0.8521593308191227,6516359,NC
0.8221938597083728,6516360,L
0.7522283896722992,6516361,NC
0.6472629207061478,6516362,NC
0.5472974528051648,6516363,NC
0.45233198596459645,6516364,NC
0.362366520179688,6516365,NC
0.2574010554456857,6516366,NC
0.14743559175783463,6516367,NC
0.052470129111380305,6516368,NC
-0.07249533249843196,6516369,NC
-0.19746079307635728,6516370,NC
-0.32242625262715063,6516371,NC
-0.3973917111555671,6516372,NC
-0.45235716866636216,6516373,NC
-0.45732262516429145,6516374,NC
-0.47228808065411026,6516375,NC
-0.4572535351405746,6516376,NC
-0.4422189886284402,6516377,NC
-0.4171844411224632,6516378,NC
-0.37214989262739984,6516379,NC
-0.3221153431480064,6516380,NC
-0.31208079268903915,6516381,NC
-0.30704624125525487,6516382,NC
-0.3120116888514103,6516383,NC
-0.3069771354822621,6516384,NC
-0.2969425811525674,6516385,NC
-0.2769080258670833,6516386,NC
-0.29687346963056693,6516387,NC
-0.30183891244777583,6516388,NC
-0.3268043543234675,6516389,NC
-0.3217697952623994,6516390,NC
-0.3067352352693295,6516391,NC
-0.2817006743490157,6516392,NC
-0.27666611250621576,6516393,NC
-0.2866315497456881,6516394,NC
-0.29159698607219087,6516395,NC
-0.29156242149048245,6516396,NC
-0.27652785600532165,6516397,NC
-0.2814932896214667,6516398,NC
-0.2814587223436765,6516399,NC
-0.29142415417671014,6516400,NC
-0.3013895851253265,6516401,NC
-0.3013550151942847,6516402,NC
-0.2913204443883442,6516403,NC
-0.27628587271226407,6516404,NC
-0.27625130017080407,6516405,NC
-0.28121672676872367,6516406,NC
-0.31118215251078263,6516407,NC
-0.2861475774017409,6516408,NC
-0.2611130014463584,6516409,NC
-0.2610784246493952,6516410,NC
-0.2560438470156115,6516411,NC
-0.2560092685497678,6516412,NC
-0.26097468925662426,6516413,NC
-0.2659401091409417,6516414,NC
-0.2509055282074806,6516415,NC
-0.2258709464610017,6516416,NC
-0.22083636390626607,6516417,NC
-0.22080178054803465,6516418,NC
-0.22576719639106843,6516419,NC
-0.2557326114401288,6516420,NC
-0.2206980256999771,6516421,NC
-0.21066343917537453,6516422,NC
-0.19062885187108292,6516423,NC
-0.1805942637918638,6516424,NC
-0.20555967494247887,6516425,NC
-0.18052508532769013,6516426,NC
-0.1654904949522595,6516427,NC
-0.14045590382094897,6516428,NC
-0.12542131193852088,6516429,NC
-0.13038671930973744,6516430,NC
-0.13035212593936094,6516431,NC
-0.11031753183215405,6516432,NC
-0.09528293699287929,6516433,NC
-0.07524834142629927,6516434,NC
-0.06021374513717699,6516435,NC
-0.05517914813027506,6516436,NC
-0.06014455041035661,6516437,NC
-0.0501099519821849,6516438,NC
-0.025075352850522797,6516439,NC
0.009959246979866263,6516440,NC
0.01499384750421881,6516441,NC
0.010028448717771456,6516442,NC
0.005063050615760627,6516443,NC
0.02009765319342266,6516444,NC
0.05013225644599388,6516445,NC
0.07016686036871027,6516446,NC
0.09020146495680796,6516447,NC
0.09023607020552302,6516448,NC
0.08027067611009123,6516449,NC
0.10030528266574819,6516450,NC
0.11533988986772994,6516451,NC
0.15037449771127187,6516452,NC
0.13040910619160953,6516453,NC
0.12044371530397845,6516454,NC
0.1004783250436138,6516455,NC
0.09051293540575094,6516456,NC
0.0655475463856251,6516457,NC
0.06558215797847121,6516458,NC
0.040616770179524336,6516459,NC
0.01565138298401951,6516460,NC
-0.01431400361280862,6516461,NC
-0.029279389615725217,6516462,NC
-0.03924477502949553,6516463,NC
-0.05421015985888513,6516464,NC
-0.07417554410865944,6516465,NC
-0.09914092778358391,6516466,NC
-0.13910631088842443,6516467,NC
-0.14407169342794657,6516468,NC
-0.15903707540691608,6516469,NC
-0.13400245683009904,6516470,NC
-0.1439678377022613,6516471,NC
-0.1639332180281688,6516472,NC
-0.17389859781258793,6516473,NC
-0.1938639770602845,6516474,NC
-0.188829355776025,6516475,NC
-0.18879473396457588,6516476,NC
-0.18876011163070325,6516477,NC
-0.19372548877917375,6516478,NC
-0.20369086541475398,6516479,NC
-0.2086562415422105,6516480,NC
-0.2086216171663099,6516481,NC
-0.20358699229181923,6516482,NC
-0.20355236692350495,6516483,NC
-0.21351774106613416,6516484,NC
-0.22848311472447386,6516485,NC
-0.23844848790329087,6516486,NC
-0.22841386060735247,6516487,NC
-0.22337923284142594,6516488,NC
-0.21834460461027816,6516489,NC
-0.21830997591867668,6516490,NC
-0.2332753467713888,6516491,NC
-0.23824071717318182,6516492,NC
-0.2232060871288234,6516493,NC
-0.218171456643081,6516494,NC
-0.20313682572072211,6516495,NC
-0.23810219436651456,6516496,NC
-0.24806756258522603,6516497,NC
-0.24303293038162416,6516498,NC
-0.22299829776047703,6516499,NC
-0.22796366472655236,6516500,NC
-0.22292903128461805,6516501,NC
-0.2378943974394423,6516502,NC
-0.23785976319579308,6516503,NC
-0.2428251285584384,6516504,NC
-0.23279049353214665,6516505,NC
-0.21775585812168588,6516506,NC
-0.2127212223318244,6516507,NC
-0.2426865861673306,6516508,NC
-0.2526519496329729,6516509,NC
-0.2626173127335195,6516510,NC
-0.25258267547373925,6516511,NC
-0.24754803785840027,6516512,NC
-0.2325133998922714,6516513,NC
-0.23747876158012132,6516514,NC
-0.25744412292671853,6516515,NC
-0.25240948393683177,6516516,NC
-0.23737484461522995,6516517,NC
-0.22234020496668186,6516518,NC
-0.2273055649959562,6516519,NC
-0.21727092470782214,6516520,NC
-0.25723628410704835,6516521,NC
-0.262201643198404,6516522,NC
-0.2571670019866581,6516523,NC
-0.24213236047657957,6516524,NC
-0.23709771867293766,6516525,NC
-0.24206307658050175,6516526,NC
-0.26202843420404065,6516527,NC
-0.2619937915483238,6516528,NC
-0.24195914861812046,6516529,NC
-0.22192450541819986,6516530,NC
-0.22688986195333147,6516531,NC
-0.24685521822828463,6516532,NC
-0.2718205742478287,6516533,NC
-0.2617859300167332,6516534,NC
-0.24175128553976769,6516535,NC
-0.2367166408217015,6516536,NC
-0.2166819958673044,6516537,NC
-0.2466473506813459,6516538,NC
-0.26661270526859554,6516539,NC
-0.26157805963382313,6516540,NC
-0.24654341378179828,6516541,NC
-0.23150876771729065,6516542,NC
-0.24647412144507005,6516543,NC
-0.2614394749699063,6516544,NC
-0.25140482829656907,6516545,NC
-0.2563701814298283,6516546,NC
-0.23633553437445382,6516547,NC
-0.23130088713521546,6516548,NC
-0.2312662397168833,6516549,NC
-0.25623159212422697,6516550,NC
-0.2661969443620166,6516551,NC
-0.2411622964350223,6516552,NC
-0.2261276483480138,6516553,NC
-0.20109300010576125,6516554,NC
-0.19105835171303479,6516555,NC
-0.2010237031746044,6516556,NC
-0.20098905449524007,6516557,NC
-0.21095440567971216,6516558,NC
-0.2009197567327905,6516559,NC
-0.1958851076592454,6516560,NC
-0.185850458463847,6516561,NC
-0.1958158091513654,6516562,NC
-0.19578115972657084,6516563,NC
-0.1957465101942337,6516564,NC
-0.17571186055912386,6516565,NC
-0.14567721082601184,6516566,NC
-0.1456425609996678,6516567,NC
-0.1456079110848619,6516568,NC
-0.1655732610863646,6516569,NC
-0.17553861100894605,6516570,NC
-0.16550396085737656,6516571,NC
-0.16046931063642653,6516572,NC
-0.1754346603508662,6516573,NC
-0.17540001000546585,6516574,NC
-0.17536535960499594,6516575,NC
-0.19533070915422676,6516576,NC
-0.19029605865792856,6516577,NC
-0.18026140812087188,6516578,NC
-0.19022675754782697,6516579,NC
-0.22019210694356414,6516580,NC
-0.21515745631285388,6516581,NC
-0.22012280566046655,6516582,NC
-0.22008815499117237,6516583,NC
-0.20005350430974198,6516584,NC
-0.20001885362094557,6516585,NC
-0.22498420292955348,6516586,NC
-0.24994955224033635,6516587,NC
-0.24991490155806426,6516588,NC
-0.2448802508875077,6516589,NC
-0.23484560023343723,6516590,NC
-0.22981094960062295,6516591,NC
-0.2797762989938353,6516592,NC
-0.28474164841784483,6516593,NC
-0.28970699787742177,6516594,NC
-0.2846723473773364,6516595,NC
-0.25963769692235933,6516596,NC
-0.2546030465172606,6516597,NC
-0.24956839616681079,6516598,NC
-0.26953374587578016,6516599,NC
-0.2794990956489389,6516600,NC
-0.2844644454910574,6516601,NC
-0.2694297954069063,6516602,NC
-0.26439514540125536,6516603,NC
-0.28936049547887516,6516604,NC
-0.2843258456445361,6516605,NC
-0.2892911959030081,6516606,NC
-0.27925654625906177,6516607,NC
-0.2442218967174671,6516608,NC
-0.26418724728299436,6516609,NC
-0.2741525979604138,6516610,NC
-0.2891179487544956,6516611,NC
-0.2940832996700099,6516612,NC
-0.28404865071172697,6516613,NC
-0.28401400188441683,6516614,NC
-0.2689793531928497,6516615,NC
-0.26894470464179565,6516616,NC
-0.29391005623602473,6516617,NC
-0.28387540798030697,6516618,NC
-0.2888407598794126,6516619,NC
-0.26380611193811154,6516620,NC
-0.2687714641611737,6516621,NC
-0.2737368165533692,6516622,NC
-0.27370216911946793,6516623,NC
-0.28366752186423977,6516624,NC
-0.2686328747924548,6516625,NC
-0.25859822790888276,6516626,NC
-0.2585635812182935,6516627,NC
-0.2685289347254571,6516628,NC
-0.2784942884351429,6516629,NC
-0.278459642352121,6516630,NC
-0.26342499648116113,6516631,NC
-0.24339035082703298,6516632,NC
-0.24335570539450616,6516633,NC
-0.24832106018835054,6516634,NC
-0.27328641521333547,6516635,NC
-0.2582517704742307,6516636,NC
-0.20321712597580574,6516637,NC
-0.18318248172283014,6516638,NC
-0.15314783772007345,6516639,NC
-0.1381131939723051,6516640,NC
-0.11807855048429437,6516641,NC
-0.07304390726081081,6516642,NC
-0.003009264306623911,6516643,NC
0.07202537837349736,6516644,NC
0.13206002077478346,6516645,NC
0.1770946628924652,6516646,NC
0.24212930472177352,6516647,NC
0.2521639462579391,6516648,NC
0.2771985874961928,6516649,NC
0.2472332284317657,6516650,NC
0.1872678690598886,6516651,NC
0.12230250937579257,6516652,NC
0.05233714937470875,6516653,NC
0.08237178905186804,6516654,NC
0.14740642840250165,6516655,NC
0.22744106742184092,6516656,NC
0.33747570610511685,6516657,NC
0.4375103444475607,6516658,NC
0.5325449824444041,6516659,NC
0.637579620090878,6516660,NC
0.7226142573822141,6516661,NC
0.7676488943136438,6516662,NC
0.7326835308803985,6516663,L
0.6377181670777099,6516664,NC
0.5127528029008096,6516665,NC
0.4177874383449291,6516666,NC
0.3428220734053004,6516667,NC
0.28285670807715513,6516668,NC
0.202891342355725,6516669,NC
0.08292597623624198,6516670,NC
-0.04703939028606189,6516671,NC
-0.14200475721595487,6516672,NC
-0.23697012455820463,6516673,NC
-0.31193549231757933,6516674,NC
-0.39190086049884665,6516675,NC
-0.4568662291067743,6516676,NC
-0.4968315981461302,6516677,NC
-0.49179696762168196,6516678,NC
-0.4817623375381971,6516679,NC
-0.4317277079004432,6516680,NC
-0.396693078713188,6516681,NC
-0.3866584499811984,6516682,NC
-0.3816238217092422,6516683,NC
-0.36658919390208655,6516684,NC
-0.3365545665644986,6516685,NC
-0.30651993970124564,6516686,NC
-0.31648531331709473,6516687,NC
-0.3264506874168128,6516688,NC
-0.351416062005167,6516689,NC
-0.3513814370869242,6516690,NC
-0.3263468126668511,6516691,NC
-0.3063121887497146,6516692,NC
-0.3112775653402814,6516693,NC
-0.31624294244331796,6516694,NC
-0.336208320063591,6516695,NC
-0.326173698205867,6516696,NC
-0.32613907687491217,6516697,NC
-0.30610445607549314,6516698,NC
-0.306069835812376,6516699,NC
-0.30603521609032697,6516700,NC
-0.3260005969141122,6516701,NC
-0.3309659782884978,6516702,NC
-0.30593136021824946,6516703,NC
-0.3008967427081335,6516704,NC
-0.3108621257629153,6516705,NC
-0.3108275093873608,6516706,NC
-0.32079289358623575,6516707,NC
-0.32075827836430565,6516708,NC
-0.31072366372633586,6516709,NC
-0.280689049677092,6516710,NC
-0.2906544362213393,6516711,NC
-0.29061982336384307,6516712,NC
-0.3005852111093685,6516713,NC
-0.3005505994626805,6516714,NC
-0.2805159884285443,6516715,NC
-0.2654813780117248,6516716,NC
-0.2654467682169866,6516717,NC
-0.25541215904909464,6516718,NC
-0.26537755051281375,6516719,NC
-0.2653429426129082,6516720,NC
-0.24030833535414262,6516721,NC
-0.2302737287412814,6516722,NC
-0.22523912277908884,6516723,NC
-0.2302045174723292,6516724,NC
-0.22516991282576665,6516725,NC
-0.22513530884416505,6516726,NC
-0.20010070553228856,6516727,NC
-0.19506610289490098,6516728,NC
-0.19003150093676596,6516729,NC
-0.17999689966264734,6516730,NC
-0.17996229907730862,6516731,NC
-0.1799276991855132,6516732,NC
-0.16489309999202467,6516733,NC
-0.14485850150160617,6516734,NC
-0.1398239037190209,6516735,NC
-0.12978930664903204,6516736,NC
-0.12975471029640256,6516737,NC
-0.11972011466589524,6516738,NC
-0.10468551976227308,6516739,NC
-0.06965092559029869,6516740,NC
-0.049616332154734585,6516741,NC
-0.059581739460343515,6516742,NC
-0.054547147511887537,6516743,NC
-0.06451255631412912,6516744,NC
-0.03447796587183054,6516745,NC
-0.009443376189753792,6516746,NC
-0.004408787272660787,6516747,NC
0.010625800874686436,6516748,NC
0.0006603882475261892,6516749,NC
0.010694974841096806,6516750,NC
0.04072956065063673,6516751,NC
0.0707641456713846,6516752,NC
0.0757987298985789,6516753,NC
0.09083331332745848,6516754,NC
0.1008678959532623,6516755,NC
0.11590247777122928,6516756,NC
0.11593705877659834,6516757,NC
0.13097163896460903,6516758,NC
0.1310062183305004,6516759,NC
0.12104079686951204,6516760,NC
0.10107537457688351,6516761,NC
0.09110995144785436,6516762,NC
0.0861445274776644,6516763,NC
0.08117910266155366,6516764,NC
0.06121367699476197,6516765,NC
0.026248250472529537,6516766,NC
-0.003717176909903302,6516767,NC
-0.04368260515729635,6516768,NC
-0.05364803427440903,6516769,NC
-0.04861346426600066,6516770,NC
-0.05357889513683069,6516771,NC
-0.07854432689165818,6516772,NC
-0.10850975953524207,6516773,NC
-0.11347519307234144,6516774,NC
-0.118440627507715,6516775,NC
-0.11340606284612134,6516776,NC
-0.11837149909231914,6516777,NC
-0.14333693625106675,6516778,NC
-0.15330237432712235,6516779,NC
-0.16826781332524438,6516780,NC
-0.1682332532501905,6516781,NC
-0.15319869410671888,6516782,NC
-0.15816413589958728,6516783,NC
-0.17812957863355328,6516784,NC
-0.18809502231337435,6516785,NC
-0.19306046694380805,6516786,NC
-0.1830259125296115,6516787,NC
-0.18299135907554182,6516788,NC
-0.18295680658635619,6516789,NC
-0.19292225506681118,6516790,NC
-0.21288770452166375,6516791,NC
-0.21285315495567042,6516792,NC
-0.19781860637358756,6516793,NC
-0.18278405878017162,6516794,NC
-0.19274951218017888,6516795,NC
-0.18771496657836512,6516796,NC
-0.19768042197948643,6516797,NC
-0.2176458783882986,6516798,NC
-0.19761133580955711,6516799,NC
-0.1775767942480177,6516800,NC
-0.19754225370843553,6516801,NC
-0.19250771419556587,6516802,NC
-0.20747317571416385,6516803,NC
-0.20243863826898437,6516804,NC
-0.19740410186478213,6516805,NC
-0.18236956650631198,6516806,NC
-0.18233503219832828,6516807,NC
-0.18730049894558534,6516808,NC
-0.2072659667528375,6516809,NC
-0.2022314356248388,6516810,NC
-0.1921969055663431,6516811,NC
-0.18216237658210427,6516812,NC
-0.18212784867687587,6516813,NC
-0.18709332185541133,6516814,NC
-0.20205879612246408,6516815,NC
-0.19702427148278728,6516816,NC
-0.20698974794113387,6516817,NC
-0.18195522550225696,6516818,NC
-0.1769207041709089,6516819,NC
-0.18688618395184253,6516820,NC
-0.20185166484981032,6516821,NC
-0.20681714686956432,6516822,NC
-0.1867826300158567,6516823,NC
-0.1767481142934396,6516824,NC
-0.18171359970706463,6516825,NC
-0.18667908626148344,6516826,NC
-0.19664457396144772,6516827,NC
-0.2166100628117085,6516828,NC
-0.19657555281701716,6516829,NC
-0.18654104398212468,6516830,NC
-0.19150653631178177,6516831,NC
-0.19647202981073925,6516832,NC
-0.2114375244837478,6516833,NC
-0.21140302033555747,6516834,NC
-0.20636851737091869,6516835,NC
-0.18633401559458146,6516836,NC
-0.19129951501129555,6516837,NC
-0.20126501562581084,6516838,NC
-0.2112305174428768,6516839,NC
-0.23119602046724275,6516840,NC
-0.21616152470365807,6516841,NC
-0.19112703015687174,6516842,NC
-0.19609253683163252,6516843,NC
-0.21105804473268935,6516844,NC
-0.22102355386479067,6516845,NC
-0.22098906423268475,6516846,NC
-0.21595457584112,6516847,NC
-0.20092008869484435,6516848,NC
-0.2108856027986056,6516849,NC
-0.21085111815715163,6516850,NC
-0.2258166347752298,6516851,NC
-0.2257821526575875,6516852,NC
-0.220747671808972,6516853,NC
-0.21071319223413018,6516854,NC
-0.21567871393780885,6516855,NC
-0.22064423692475488,6516856,NC
-0.23560976119971436,6516857,NC
-0.25057528676743385,6516858,NC
-0.23554081363265955,6516859,NC
-0.2105063418001371,6516860,NC
-0.20547187127461244,6516861,NC
-0.2104374020608312,6516862,NC
-0.2254029341635387,6516863,NC
-0.2203684675874801,6516864,NC
-0.20533400233740065,6516865,NC
-0.1902995384180449,6516866,NC
-0.1802650758341577,6516867,NC
-0.17023061459048355,6516868,NC
-0.18519615469176665,6516869,NC
-0.18016169614275113,6516870,NC
-0.1701272389481811,6516871,NC
-0.16009278311280006,6516872,NC
-0.16005832864135172,6516873,NC
-0.18502387553857938,6516874,NC
-0.16498942380922615,6516875,NC
-0.16495497345803523,6516876,NC
-0.1499205244897493,6516877,NC
-0.13488607690911084,6516878,NC
-0.11985163072086254,6516879,NC
-0.12981718592974645,6516880,NC
-0.14478274254050458,6516881,NC
-0.1497483005578789,6516882,NC
-0.14471385998661102,6516883,NC
-0.14467942083144225,6516884,NC
-0.13964498309711407,6516885,NC
-0.14961054678836747,6516886,NC
-0.17457611190994318,6516887,NC
-0.17954167846658206,6516888,NC
-0.18950724646302453,6516889,NC
-0.19447281590401072,6516890,NC
-0.19443838679428094,6516891,NC
-0.20940395913857496,6516892,NC
-0.21936953294163236,6516893,NC
-0.21433510820819285,6516894,NC
-0.21430068494299542,6516895,NC
-0.19426626315077924,6516896,NC
-0.20423184283628343,6516897,NC
-0.22919742400424628,6516898,NC
-0.2391630066594064,6516899,NC
-0.2541285908065022,6516900,NC
-0.23409417645027153,6516901,NC
-0.22405976359545224,6516902,NC
-0.25902535224678225,6516903,NC
-0.26899094240899857,6516904,NC
-0.2789565340868386,6516905,NC
-0.29892212728503953,6516906,NC
-0.26888772200833794,6516907,NC
-0.25885331826147046,6516908,NC
-0.23881891604917366,6516909,NC
-0.2587845153761834,6516910,NC
-0.28375011624723584,6516911,NC
-0.27871571866706685,6516912,NC
-0.2686813226404117,6516913,NC
-0.2636469281720059,6516914,NC
-0.2586125352665845,6516915,NC
-0.27357814392888224,6516916,NC
-0.2885437541636341,6516917,NC
-0.3085093659755743,6516918,NC
-0.2884749793694371,6516919,NC
-0.26844059434995676,6516920,NC
-0.26840621092186684,6516921,NC
-0.2883718290899009,6516922,NC
-0.3083374488587925,6516923,NC
-0.3033030702332747,6516924,NC
-0.29326869321808036,6516925,NC
-0.2782343178179423,6516926,NC
-0.27819994403759296,6516927,NC
-0.28316557188176456,6516928,NC
-0.29313120135518916,6516929,NC
-0.30309683246259866,6516930,NC
-0.2980624652087244,6516931,NC
-0.28302809959829806,6516932,NC
-0.2779937356360506,6516933,NC
-0.2829593733267129,6516934,NC
-0.2879250126750158,6516935,NC
-0.2928906536856895,6516936,NC
-0.29785629636346433,6516937,NC
-0.2728219407130704,6516938,NC
-0.26278758673923747,6516939,NC
-0.2777532344466948,6516940,NC
-0.29771888384017214,6516941,NC
-0.2926845349243981,6516942,NC
-0.2826501877041018,6516943,NC
-0.2676158421840118,6516944,NC
-0.25758149836885635,6516945,NC
-0.2575471562633636,6516946,NC
-0.2675128158722617,6516947,NC
-0.252478477200278,6516948,NC
-0.23244414025214002,6516949,NC
-0.20240980503257516,6516950,NC
-0.18237547154631006,6516951,NC
-0.1673411397980716,6516952,NC
-0.13730680979258625,6516953,NC
-0.08727248153458013,6516954,NC
0.002761844971220624,6516955,NC
0.09279616972009032,6516956,NC
0.17783049270730353,6516957,NC
0.22286481392813481,6516958,NC
0.23289913337785925,6516959,NC
0.22793345105175214,6516960,NC
0.19296776694508877,6516961,NC
0.12300208105314493,6516962,NC
0.07803639337119668,6516963,NC
0.04807070389452005,6516964,NC
0.07810501261839156,6516965,NC
0.163139319538088,6516966,NC
0.2981736246488861,6516967,NC
0.44820792794606323,6516968,NC
0.5932422294248968,6516969,NC
0.6832765290806646,6516970,NC
0.7533108269086443,6516971,NC
0.8033451229041144,6516972,NC
0.793379417062353,6516973,L
0.7184137093786391,6516974,NC
0.6184479998482518,6516975,NC
0.49348228846646985,6516976,NC
0.388516575228573,6516977,NC
0.293550860129841,6516978,NC
0.1935851431655535,6516979,NC
0.0886194243309912,6516980,NC
-0.04634629637856573,6516981,NC
-0.20131201896783643,6516982,NC
-0.32127774344153986,6516983,NC
-0.42124346980439487,6516984,NC
-0.48120919806111984,6516985,NC
-0.511174928216433,6516986,NC
-0.5311406602750522,6516987,NC
-0.5461063942416955,6516988,NC
-0.5310721301210798,6516989,NC
-0.5060378679179226,6516990,NC
-0.4410036076369408,6516991,NC
-0.4159693492828508,6516992,NC
-0.36593509286036924,6516993,NC
-0.3609008383742121,6516994,NC
-0.36586658582909515,6516995,NC
-0.36583233522973413,6516996,NC
-0.37079808658084423,6516997,NC
-0.3607638398871404,6516998,NC
-0.3607295951533376,6516999,NC
-0.3506953523841502,6517000,NC
-0.3656611115842924,6517001,NC
-0.3756268727584783,6517002,NC
-0.35059263591142137,6517003,NC
-0.3355584010478351,6517004,NC
-0.34552416817243276,6517005,NC
-0.35548993728992706,6517006,NC
-0.3604557084050306,6517007,NC
-0.36542148152245574,6517008,NC
-0.36038725664691457,6517009,NC
-0.3353530337831186,6517010,NC
-0.3403188129357797,6517011,NC
-0.3552845941096087,6517012,NC
-0.37025037730931676,6517013,NC
-0.3652161625396144,6517014,NC
-0.34518194980521216,6517015,NC
-0.33014773911081985,6517016,NC
-0.33011353046114766,6517017,NC
-0.35007932386090473,6517018,NC
-0.35004511931480053,6517019,NC
-0.350010916827544,6517020,NC
-0.33497671640384363,6517021,NC
-0.30994251804840817,6517022,NC
-0.3199083217659454,6517023,NC
-0.31987412756116324,6517024,NC
-0.3298399354387692,6517025,NC
-0.32480574540347085,6517026,NC
-0.31977155745997465,6517027,NC
-0.3047373716129876,6517028,NC
-0.294703187867216,6517029,NC
-0.28966900622736586,6517030,NC
-0.3046348266981432,6517031,NC
-0.30960064928425335,6517032,NC
-0.2845664739904015,6517033,NC
-0.2545323008212928,6517034,NC
-0.2594981297816318,6517035,NC
-0.2744639608761227,6517036,NC
-0.2794297941094697,6517037,NC
-0.2643956294863766,6517038,NC
-0.23436146701154673,6517039,NC
-0.20932730668968338,6517040,NC
-0.20429314852548938,6517041,NC
-0.2092589925236672,6517042,NC
-0.2142248386889193,6517043,NC
-0.20419068702594756,6517044,NC
-0.1691565375394536,6517045,NC
-0.16912239023413894,6517046,NC
-0.14908824511470464,6517047,NC
-0.1440541021858513,6517048,NC
-0.1340199614522797,6517049,NC
-0.1339858229186897,6517050,NC
-0.11395168658978133,6517051,NC
-0.10891755247025421,6517052,NC
-0.07888342056480756,6517053,NC
-0.06884929087814023,6517054,NC
-0.06881516341495107,6517055,NC
-0.07878103817993831,6517056,NC
-0.05374691517780002,6517057,NC
-0.028712794413233916,6517058,NC
-0.008678675890937359,6517059,NC
0.001355440384392375,6517060,NC
-0.01861044559194144,6517061,NC
0.0014236661753647857,6517062,NC
0.011457775681614768,6517063,NC
0.04149188292211248,6517064,NC
0.05152598789216267,6517065,NC
0.05656009058706986,6517066,NC
0.036594191002139176,6517067,NC
0.01662828913267608,6517068,NC
0.001662384973986096,6517069,NC
0.011696478521375314,6517070,NC
-0.013269430229849864,6517071,NC
-0.028235341284382886,6517072,NC
-0.06820125464691697,6517073,NC
-0.10316717032214448,6517074,NC
-0.11313308831475813,6517075,NC
-0.11309900862944988,6517076,NC
-0.14306493127091144,6517077,NC
-0.1680308562438344,6517078,NC
-0.19799678355290987,6517079,NC
-0.2179627132028285,6517080,NC
-0.2229286451982811,6517081,NC
-0.2178945795439574,6517082,NC
-0.22786051624454753,6517083,NC
-0.247826455304741,6517084,NC
-0.28279239672922696,6517085,NC
-0.2977583405226942,6517086,NC
-0.2877242866898313,6517087,NC
-0.27769023523532654,6517088,NC
-0.2826561861638678,6517089,NC
-0.29762213948014254,6517090,NC
-0.322588095188838,6517091,NC
-0.3125540532946411,6517092,NC
-0.3175200138022385,6517093,NC
-0.2974859767163163,6517094,NC
-0.30245194204156045,6517095,NC
-0.3224179097826567,6517096,NC
-0.33238387994429,6517097,NC
-0.3523498525311455,6517098,NC
-0.34231582754790757,6517099,NC
-0.31728180499926056,6517100,NC
-0.3122477848898883,6517101,NC
-0.32221376722447465,6517102,NC
-0.3421797520077024,6517103,NC
-0.3471457392442548,6517104,NC
-0.3371117289388142,6517105,NC
-0.3370777210960629,6517106,NC
-0.33704371572068276,6517107,NC
-0.34200971281735537,6517108,NC
-0.34697571239076186,6517109,NC
-0.3519417144455831,6517110,NC
-0.34690771898649975,6517111,NC
-0.34187372601819177,6517112,NC
-0.33183973554533913,6517113,NC
-0.3418057475726213,6517114,NC
-0.3517717621047173,6517115,NC
-0.35173777914630616,6517116,NC
-0.35670379870206614,6517117,NC
-0.3566698207766754,6517118,NC
-0.34663584537481185,6517119,NC
-0.36160187250115267,6517120,NC
-0.376567902160375,6517121,NC
-0.37653393435715565,6517122,NC
-0.3714999690961709,6517123,NC
-0.35146600638209674,6517124,NC
-0.356432046219609,6517125,NC
-0.3663980886133829,6517126,NC
-0.38636413356809335,6517127,NC
-0.37633018108841504,6517128,NC
-0.3612962311790221,6517129,NC
-0.3612622838445885,6517130,NC
-0.371228339089788,6517131,NC
-0.3761943969192935,6517132,NC
-0.36616045733777797,6517133,NC
-0.376126520349914,6517134,NC
-0.3710925859603734,6517135,NC
-0.36605865417382827,6517136,NC
-0.35602472499494986,6517137,NC
-0.37599079842840916,6517138,NC
-0.37595687447887693,6517139,NC
-0.39592295315102366,6517140,NC
-0.3808890344495191,6517141,NC
-0.36085511837903295,6517142,NC
-0.3608212049442345,6517143,NC
-0.37078729414979245,6517144,NC
-0.38075338600037556,6517145,NC
-0.3857194805006518,6517146,NC
-0.39068557765528894,6517147,NC
-0.3806516774689546,6517148,NC
-0.37061777994631584,6517149,NC
-0.3755838850920391,6517150,NC
-0.3955499929107909,6517151,NC
-0.3955161034072372,6517152,NC
-0.39048221658604343,6517153,NC
-0.3804483324518751,6517154,NC
-0.37541445100939674,6517155,NC
-0.39038057226327294,6517156,NC
-0.395346696218168,6517157,NC
-0.4203128228787454,6517158,NC
-0.4052789522496685,6517159,NC
-0.40524508433560047,6517160,NC
-0.3952112191412039,6517161,NC
-0.40517735667114085,6517162,NC
-0.40014349693007345,6517163,NC
-0.395109639922663,6517164,NC
-0.38007578565357075,6517165,NC
-0.3750419341274573,6517166,NC
-0.36500808534898294,6517167,NC
-0.3699742393228079,6517168,NC
-0.37994039605359164,6517169,NC
-0.38490655554599346,6517170,NC
-0.369872717804672,6517171,NC
-0.3498388828342861,6517172,NC
-0.3448050506394934,6517173,NC
-0.34477122122495196,6517174,NC
-0.3547373945953189,6517175,NC
-0.34970357075525116,6517176,NC
-0.32466974970940526,6517177,NC
-0.3096359314624376,6517178,NC
-0.30460211601900383,6517179,NC
-0.31456830338375924,6517180,NC
-0.3395344935613589,6517181,NC
-0.34950068655645733,6517182,NC
-0.339466882373709,6517183,NC
-0.3294330810177676,6517184,NC
-0.3343992824932865,6517185,NC
-0.3493654868049189,6517186,NC
-0.35933169395731757,6517187,NC
-0.3742979039551345,6517188,NC
-0.36426411680302184,6517189,NC
-0.36423033250563097,6517190,NC
-0.36919655106761295,6517191,NC
-0.3741627724936186,6517192,NC
-0.3891289967882982,6517193,NC
-0.39909522395630165,6517194,NC
-0.3990614540022786,6517195,NC
-0.39402768693087786,6517196,NC
-0.39399392274674844,6517197,NC
-0.41896016145453874,6517198,NC
-0.4339264030588965,6517199,NC
-0.4488926475644692,6517200,NC
-0.4438588949759043,6517201,NC
-0.42882514529784826,6517202,NC
-0.4237913985349475,6517203,NC
-0.428757654691848,6517204,NC
-0.4437239137731952,6517205,NC
-0.4386901757836343,6517206,NC
-0.44865644072781,6517207,NC
-0.4386227086103668,6517208,NC
-0.42358897943594825,6517209,NC
-0.4235552532091983,6517210,NC
-0.4435215299347597,6517211,NC
-0.4484878096172753,6517212,NC
-0.42845409226138753,6517213,NC
-0.428420377871738,6517214,NC
-0.4183866664529683,6517215,NC
-0.4283529580097197,6517216,NC
-0.4483192525466326,6517217,NC
-0.44328555006834747,6517218,NC
-0.4482518505795039,6517219,NC
-0.44321815408474147,6517220,NC
-0.43818446058869925,6517221,NC
-0.45815077009601574,6517222,NC
-0.46811708261132906,6517223,NC
-0.4530833981392771,6517224,NC
-0.44804971668449745,6517225,NC
-0.43301603825162666,6517226,NC
-0.41798236284530144,6517227,NC
-0.4429486904701579,6517228,NC
-0.4529150211308316,6517229,NC
-0.44788135483195807,6517230,NC
-0.4278476915781721,6517231,NC
-0.4178140313741079,6517232,NC
-0.43278037422439986,6517233,NC
-0.4277467201336812,6517234,NC
-0.4377130691065853,6517235,NC
-0.43767942114774494,6517236,NC
-0.43264577626179246,6517237,NC
-0.41761213445335965,6517238,NC
-0.3975784957270781,6517239,NC
-0.4125448600875789,6517240,NC
-0.42751122753949267,6517241,NC
-0.4174775980874495,6517242,NC
-0.4174439717360793,6517243,NC
-0.3924103484900113,6517244,NC
-0.37737672835387465,6517245,NC
-0.38234311133229776,6517246,NC
-0.3823094974299086,6517247,NC
-0.36727588665133504,6517248,NC
-0.33224227900120396,6517249,NC
-0.2822086744841425,6517250,NC
-0.2321750731047768,6517251,NC
-0.19214147486773278,6517252,NC
-0.137107879777636,6517253,NC
-0.057074287839111594,6517254,NC
0.022959300943215917,6517255,NC
0.10799288656472233,6517256,NC
0.16302646902078388,6517257,NC
0.18306004830677736,6517258,NC
0.1630936244180797,6517259,NC
0.12312719735006852,6517260,NC
0.05816076709812195,6517261,NC
0.003194333657618297,6517262,NC
-0.04177210297606371,6517263,NC
-0.016738542807544436,6517264,NC
0.023295014158555623,6517265,NC
0.11832856791761673,6517266,NC
0.23836211846501962,6517267,NC
0.38339566579614515,6517268,NC
0.47842920990637505,6517269,NC
0.5734627507910912,6517270,NC
0.6284962884456758,6517271,NC
0.6435298228655122,6517272,NC
0.6185633540459833,6517273,L
0.5335968819824729,6517274,NC
0.4386304066703652,6517275,NC
0.33366392810504497,6517276,NC
0.2286974462818971,6517277,NC
0.1187309611963072,6517278,NC
0.03376447284366133,6517279,NC
-0.06620201878065429,6517280,NC
-0.17116851368125252,6517281,NC
-0.3061350118627461,6517282,NC
-0.41110151332974737,6517283,NC
-0.48606801808686806,6517284,NC
-0.5560345261387193,6517285,NC
-0.5610010374899123,6517286,NC
-0.585967552145057,6517287,NC
-0.5959340701087638,6517288,NC
-0.5759005913856419,6517289,NC
-0.5658671159803004,6517290,NC
-0.5408336438973478,6517291,NC
-0.5058001751413925,6517292,NC
-0.5007667097170421,6517293,NC
-0.49073324762890347,6517294,NC
-0.5006997888815837,6517295,NC
-0.5006663334796888,6517296,NC
-0.5006328814278249,6517297,NC
-0.4805994327305972,6517298,NC
-0.4805659873926105,6517299,NC
-0.48053254541846946,6517300,NC
-0.5004991068127781,6517301,NC
-0.5054656715801396,6517302,NC
-0.5004322397251573,6517303,NC
-0.4903988112524336,6517304,NC
-0.48536538616657066,6517305,NC
-0.4903319644721703,6517306,NC
-0.5002985461738336,6517307,NC
-0.5002651312761611,6517308,NC
-0.4852317197837534,6517309,NC
-0.48019831170120997,6517310,NC
-0.4901649070331302,6517311,NC
-0.500131505784113,6517312,NC
-0.4900981079587568,6517313,NC
-0.5000647135616594,6517314,NC
-0.48003132259741815,6517315,NC
-0.46999793507063015,6517316,NC
-0.46496455098589173,6517317,NC
-0.4699311703477992,6517318,NC
-0.4748977931609477,6517319,NC
-0.4848644194299325,6517320,NC
-0.4698310491593482,6517321,NC
-0.4397976823537889,6517322,NC
-0.43976431901784807,6517323,NC
-0.43973095915611915,6517324,NC
-0.45469760277319443,6517325,NC
-0.4446642498736665,6517326,NC
-0.4246309004621268,6517327,NC
-0.41459755454316666,6517328,NC
-0.4095642121213768,6517329,NC
-0.40953087320134757,6517330,NC
-0.42449753778766874,6517331,NC
-0.41946420588492955,6517332,NC
-0.4094308774977189,6517333,NC
-0.394397552630625,6517334,NC
-0.35936423128823586,6517335,NC
-0.3743309134751388,6517336,NC
-0.3692975991959206,6517337,NC
-0.3592642884551677,6517338,NC
-0.34923098125746627,6517339,NC
-0.3291976776074013,6517340,NC
-0.32416437750955807,6517341,NC
-0.3191310809685209,6517342,NC
-0.3040977879888737,6517343,NC
-0.3040644985752,6517344,NC
-0.28403121273208276,6517345,NC
-0.24899793046410443,6517346,NC
-0.2289646517758471,6517347,NC
-0.22393137667189206,6517348,NC
-0.22889810515682046,6517349,NC
-0.20886483723521287,6517350,NC
-0.18383157291164923,6517351,NC
-0.15879831219070897,6517352,NC
-0.13876505507697132,6517353,NC
-0.13373180157501466,6517354,NC
-0.14369855168941698,6517355,NC
-0.11866530542475603,6517356,NC
-0.09363206278560857,6517357,NC
-0.05859882377655125,6517358,NC
-0.043565588402160196,6517359,NC
-0.02853235666701085,6517360,NC
-0.0434991285756782,6517361,NC
-0.04346590413273699,6517362,NC
-0.018432683342760922,6517363,NC
-0.0033994662103237934,6517364,NC
0.02163374726000147,6517365,NC
0.011666957063642427,6517366,NC
-0.018299836803973013,6517367,NC
-0.013266634347416442,6517368,NC
-0.01823343557125878,6517369,NC
-0.028200240480070526,6517370,NC
-0.04316704907842168,6517371,NC
-0.06813386137088161,6517372,NC
-0.09810067736201948,6517373,NC
-0.13306749705640367,6517374,NC
-0.13303432045860203,6517375,NC
-0.1330011475731821,6517376,NC
-0.16296797840471097,6517377,NC
-0.1779348129577547,6517378,NC
-0.21790165123687955,6517379,NC
-0.2328684932466507,6517380,NC
-0.22283533899163305,6517381,NC
-0.22280218847639108,6517382,NC
-0.23776904170548857,6517383,NC
-0.23773589868348877,6517384,NC
-0.25270275941495474,6517385,NC
-0.2676696239044485,6517386,NC
-0.2676364921565319,6517387,NC
-0.2626033641757664,6517388,NC
-0.25757023996671263,6517389,NC
-0.2725371195339307,6517390,NC
-0.2925040028819806,6517391,NC
-0.28747089001542125,6517392,NC
-0.2824377809388114,6517393,NC
-0.26740467565670933,6517394,NC
-0.2773715741736725,6517395,NC
-0.27733847649425797,6517396,NC
-0.2873053826230225,6517397,NC
-0.29727229256452214,6517398,NC
-0.2922392063233122,6517399,NC
-0.28220612390394795,6517400,NC
-0.2821730453109836,6517401,NC
-0.30213997054897324,6517402,NC
-0.30210689962247045,6517403,NC
-0.31207383253602783,6517404,NC
-0.2970407692941978,6517405,NC
-0.27700770990153245,6517406,NC
-0.27697465436258284,6517407,NC
-0.2869416026818999,6517408,NC
-0.28190855486403377,6517409,NC
-0.2868755109135341,6517410,NC
-0.29184247083495024,6517411,NC
-0.2618094346328307,6517412,NC
-0.2717764023117236,6517413,NC
-0.27674337387617665,6517414,NC
-0.2867103493307369,6517415,NC
-0.3016773286799507,6517416,NC
-0.2716443119283641,6517417,NC
-0.2516112990805226,6517418,NC
-0.2465782901409709,6517419,NC
-0.26154528511425357,6517420,NC
-0.2765122840049144,6517421,NC
-0.28647928681749657,6517422,NC
-0.266446293556543,6517423,NC
-0.24141330422659565,6517424,NC
-0.2363803188321963,6517425,NC
-0.2563473373778861,6517426,NC
-0.26131435986820567,6517427,NC
-0.2562813863076949,6517428,NC
-0.25624841670089343,6517429,NC
-0.2462154510523402,6517430,NC
-0.2461824893665734,6517431,NC
-0.2461495316481312,6517432,NC
-0.2661165779015506,6517433,NC
-0.2560836281313684,6517434,NC
-0.2510506823421212,6517435,NC
-0.23601774053834426,6517436,NC
-0.22598480272457275,6517437,NC
-0.2409518689053415,6517438,NC
-0.2509189390851842,6517439,NC
-0.25588601326863436,6517440,NC
-0.2408530914602253,6517441,NC
-0.23082017366448887,6517442,NC
-0.2257872598859571,6517443,NC
-0.23575435012916132,6517444,NC
-0.2457214443986322,6517445,NC
-0.2556885426988998,6517446,NC
-0.24065564503449383,6517447,NC
-0.22562275140994317,6517448,NC
-0.21558986182977646,6517449,NC
-0.22555697629852164,6517450,NC
-0.24052409482070594,6517451,NC
-0.2504912174008563,6517452,NC
-0.22545834404349896,6517453,NC
-0.2254254747531595,6517454,NC
-0.2203926095343632,6517455,NC
-0.23035974839163462,6517456,NC
-0.2603268913294976,6517457,NC
-0.2552940383524758,6517458,NC
-0.24026118946509212,6517459,NC
-0.24522834467186866,6517460,NC
-0.2201955039773274,6517461,NC
-0.23516266738598945,6517462,NC
-0.2501298349023754,6517463,NC
-0.2500970065310055,6517464,NC
-0.245064182276399,6517465,NC
-0.23003136214307493,6517466,NC
-0.2299985461355518,6517467,NC
-0.22996573425834727,6517468,NC
-0.23493292651597852,6517469,NC
-0.23990012291296245,6517470,NC
-0.21986732345381482,6517471,NC
-0.20483452814305134,6517472,NC
-0.19980173698518705,6517473,NC
-0.2197689499847362,6517474,NC
-0.20973616714621254,6517475,NC
-0.21470338847412956,6517476,NC
-0.19967061397299957,6517477,NC
-0.17963784364733482,6517478,NC
-0.16960507750164702,6517479,NC
-0.17457231554044672,6517480,NC
-0.1795395577682445,6517481,NC
-0.1745068041895502,6517482,NC
-0.16947405480887295,6517483,NC
-0.15944130963072137,6517484,NC
-0.1544085686596035,6517485,NC
-0.18437583190002674,6517486,NC
-0.18934309935649815,6517487,NC
-0.20931037103352393,6517488,NC
-0.19427764693560978,6517489,NC
-0.18924492706726087,6517490,NC
-0.20421221143298193,6517491,NC
-0.21417950003727668,6517492,NC
-0.2291467928846487,6517493,NC
-0.23411408997960076,6517494,NC
-0.23908139132663497,6517495,NC
-0.22904869693025315,6517496,NC
-0.22401600679495628,6517497,NC
-0.22898332092524476,6517498,NC
-0.23395063932561863,6517499,NC
-0.2539179620005771,6517500,NC
-0.26388528895461877,6517501,NC
-0.23385262019224204,6517502,NC
-0.2338199557179442,6517503,NC
-0.26878729553622216,6517504,NC
-0.3037546396515725,6517505,NC
-0.2987219880684908,6517506,NC
-0.2886893407914722,6517507,NC
-0.25865669782501144,6517508,NC
-0.24862405917360234,6517509,NC
-0.26859142484173826,6517510,NC
-0.2935587948339122,6517511,NC
-0.2935261691546161,6517512,NC
-0.28849354780834174,6517513,NC
-0.27346093079958006,6517514,NC
-0.26842831813282136,6517515,NC
-0.2883957098125556,6517516,NC
-0.328363105843272,6517517,NC
-0.34333050622945904,6517518,NC
-0.3332979109756047,6517519,NC
-0.31326532008619656,6517520,NC
-0.3182327335657214,6517521,NC
-0.3482001514186654,6517522,NC
-0.38816757364951404,6517523,NC
-0.3831350002627524,6517524,NC
-0.3681024312628649,6517525,NC
-0.3480698666543355,6517526,NC
-0.298037306441647,6517527,NC
-0.2680047506292822,6517528,NC
-0.26297219922172327,6517529,NC
-0.27793965222345124,6517530,NC
-0.2929071096389471,6517531,NC
-0.28287457147269096,6517532,NC
-0.2778420377291623,6517533,NC
-0.2828095084128401,6517534,NC
-0.30277698352820276,6517535,NC
-0.29774446307972785,6517536,NC
-0.30271194707189264,6517537,NC
-0.2926794355091735,6517538,NC
-0.26264692839604636,6517539,NC
-0.26261442573698657,6517540,NC
-0.25258192753646874,6517541,NC
-0.26254943379896684,6517542,NC
-0.25751694452895446,6517543,NC
-0.24248445973090432,6517544,NC
-0.24745197940928856,6517545,NC
-0.26741950356857896,6517546,NC
-0.2673870322132462,6517547,NC
-0.20235456534776083,6517548,NC
-0.062322102976592644,6517549,NC
0.08771035489578936,6517550,NC
0.21774280826491665,6517551,NC
0.2977752571263214,6517552,NC
0.3128077014755364,6517553,NC
0.2878401413080949,6517554,NC
0.21787257661953074,6517555,NC
0.12290500740537892,6517556,NC
0.06793743366117447,6517557,NC
0.07796985538245314,6517558,NC
0.12800227256475155,6517559,NC
0.22803468520360676,6517560,NC
0.37806709329455646,6517561,NC
0.5580994968331392,6517562,NC
0.6981318958148939,6517563,NC
0.7681642902353598,6517564,NC
0.7831966800900777,6517565,L
0.7132290653745882,6517566,NC
0.6082614460844326,6517567,NC
0.49829382221515345,6517568,NC
0.4133261937622932,6517569,NC
0.3283585607213953,6517570,NC
0.2183909230880039,6517571,NC
0.08842328085766349,6517572,NC
-0.016544365974080585,6517573,NC
-0.15151201741168233,6517574,NC
-0.2664796734595953,6517575,NC
-0.3614473341222723,6517576,NC
-0.45641499940416536,6517577,NC
-0.4863826693097263,6517578,NC
-0.47135034384340574,6517579,NC
-0.43131802300965405,6517580,NC
-0.3912857068129209,6517581,NC
-0.3712533952576553,6517582,NC
-0.3512210883483055,6517583,NC
-0.3461887860893193,6517584,NC
-0.3211564884851437,6517585,NC
-0.3111241955402252,6517586,NC
-0.3060919072590096,6517587,NC
-0.35605962364594196,6517588,NC
-0.3660273447054669,6517589,NC
-0.36599507044202817,6517590,NC
-0.3509628008600689,6517591,NC
-0.3259305359640319,6517592,NC
-0.31589827575835905,6517593,NC
-0.31586602024749144,6517594,NC
-0.3358337694358699,6517595,NC
-0.3308015233279344,6517596,NC
-0.2957692819281243,6517597,NC
-0.27073704524087816,6517598,NC
-0.2557048132706341,6517599,NC
-0.26067258602182947,6517600,NC
-0.2806403634989011,6517601,NC
-0.2906081457062851,6517602,NC
-0.2755759326484168,6517603,NC
-0.27054372432973106,6517604,NC
-0.24551152075466204,6517605,NC
-0.24047932192764312,6517606,NC
-0.25044712785310724,6517607,NC
-0.2604149385354866,6517608,NC
-0.24038275397921258,6517609,NC
-0.22535057418871618,6517610,NC
-0.2103183991684276,6517611,NC
-0.22528622892277628,6517612,NC
-0.24025406345619127,6517613,NC
-0.23522190277310073,6517614,NC
-0.2301897468779322,6517615,NC
-0.22515759577511268,6517616,NC
-0.22012544946906845,6517617,NC
-0.24509330796422502,6517618,NC
-0.26006117126500733,6517619,NC
-0.2500290393758398,6517620,NC
-0.1949969123011459,6517621,NC
-0.15996479004534866,6517622,NC
-0.11993267261287037,6517623,NC
-0.12490056000813256,6517624,NC
-0.15486845223555634,6517625,NC
-0.1498363492995619,6517626,NC
-0.12980425120456898,6517627,NC
-0.1147721579549964,6517628,NC
-0.09474006955526248,6517629,NC
-0.10970798600978489,6517630,NC
-0.10467590732298077,6517631,NC
-0.09964383349926606,6517632,NC
-0.08961176454305658,6517633,NC
-0.034579700458767335,6517634,NC
-0.019547641250812535,6517635,NC
-0.009515586923605795,6517636,NC
-0.009483537481560056,6517637,NC
-0.014451492929087512,6517638,NC
-0.014419453270599819,6517639,NC
0.010612581489491943,6517640,NC
0.030644611346777834,6517641,NC
0.040676636296848055,6517642,NC
0.035708656335293784,6517643,NC
0.04074067145770689,6517644,NC
0.060772681659679674,6517645,NC
0.08080468693680534,6517646,NC
0.09583668728467779,6517647,NC
0.11586868269889143,6517648,NC
0.11590067317504128,6517649,NC
0.10593265870872351,6517650,NC
0.1109646392955344,6517651,NC
0.11099661493107127,6517652,NC
0.12102858561093206,6517653,NC
0.1260605513307152,6517654,NC
0.13109251208602005,6517655,NC
0.1411244678724466,6517656,NC
0.14615641868559537,6517657,NC
0.15118836452106768,6517658,NC
0.15122030537446565,6517659,NC
0.12625224124139178,6517660,NC
0.09128417211744956,6517661,NC
0.056316097998243095,6517662,NC
0.04634801887937697,6517663,NC
0.021379934756456713,6517664,NC
-0.008588154374911568,6517665,NC
-0.03355624851912106,6517666,NC
-0.07352434768056418,6517667,NC
-0.09349245186363281,6517668,NC
-0.08846056107271823,6517669,NC
-0.09342867531221055,6517670,NC
-0.11339679458649965,6517671,NC
-0.1283649188999747,6517672,NC
-0.14333304825702387,6517673,NC
-0.14330118266203487,6517674,NC
-0.1382693221193947,6517675,NC
-0.14323746663348944,6517676,NC
-0.1682056162087048,6517677,NC
-0.21317377084942582,6517678,NC
-0.2731419305600363,6517679,NC
-0.25311009534491996,6517680,NC
-0.22307826520845955,6517681,NC
-0.19804644015503697,6517682,NC
-0.20301462018903385,6517683,NC
-0.19298280531483075,6517684,NC
-0.18795099553680755,6517685,NC
-0.1779191908593436,6517686,NC
-0.16788739128681762,6517687,NC
-0.17285559682360718,6517688,NC
-0.1778238074740897,6517689,NC
-0.1977920232426415,6517690,NC
-0.20276024413363833,6517691,NC
-0.20272847015145534,6517692,NC
-0.21269670130046683,6517693,NC
-0.19766493758504633,6517694,NC
-0.19263317900956706,6517695,NC
-0.21260142557840084,6517696,NC
-0.23256967729591943,6517697,NC
-0.23753793416649363,6517698,NC
-0.22750619619449353,6517699,NC
-0.2224744633842884,6517700,NC
-0.20744273574024705,6517701,NC
-0.20741101326673742,6517702,NC
-0.20237929596812673,6517703,NC
-0.18734758384878156,6517704,NC
-0.1823158769130676,6517705,NC
-0.19728417516535007,6517706,NC
-0.2122524786099935,6517707,NC
-0.24722078725136137,6517708,NC
-0.2621891010938167,6517709,NC
-0.2471574201417218,6517710,NC
-0.23712574439943823,6517711,NC
-0.2220940738713267,6517712,NC
-0.20706240856174737,6517713,NC
-0.22703074847505955,6517714,NC
-0.25199909361562195,6517715,NC
-0.24196744398779274,6517716,NC
-0.25193579959592866,6517717,NC
-0.2519041604443867,6517718,NC
-0.22687252653752238,6517719,NC
-0.2268408978796907,6517720,NC
-0.2168092744752462,6517721,NC
-0.2067776563285424,6517722,NC
-0.19174604344393215,6517723,NC
-0.1767144358257676,6517724,NC
-0.1716828334784004,6517725,NC
-0.171651236406181,6517726,NC
-0.19161964461345957,6517727,NC
-0.21658805810458528,6517728,NC
-0.22155647688390662,6517729,NC
-0.2115249009557715,6517730,NC
-0.211493330324527,6517731,NC
-0.20646176499451932,6517732,NC
-0.22143020497009436,6517733,NC
-0.22139865025559669,6517734,NC
-0.21136710085537055,6517735,NC
-0.19133555677375957,6517736,NC
-0.19630401801510622,6517737,NC
-0.21127248458375253,6517738,NC
-0.2162409564840398,6517739,NC
-0.23120943372030844,6517740,NC
-0.21117791629689822,6517741,NC
-0.19614640421814816,6517742,NC
-0.19111489748839652,6517743,NC
-0.20108339611198084,6517744,NC
-0.2160519000932381,6517745,NC
-0.24102040943650427,6517746,NC
-0.23598892414611455,6517747,NC
-0.23095744422640377,6517748,NC
-0.22592596968170567,6517749,NC
-0.2108945005163534,6517750,NC
-0.20086303673467928,6517751,NC
-0.20583157834101495,6517752,NC
-0.18580012533969137,6517753,NC
-0.2007686777350388,6517754,NC
-0.2257372355313864,6517755,NC
-0.265705798733063,6517756,NC
-0.2606743673443965,6517757,NC
-0.24564294136971393,6517758,NC
-0.23561152081334202,6517759,NC
-0.20058010567960624,6517760,NC
-0.20054869597283154,6517761,NC
-0.21551729169734216,6517762,NC
-0.2354858928574617,6517763,NC
-0.2354544994575125,6517764,NC
-0.23042311150181682,6517765,NC
-0.21039172899469577,6517766,NC
-0.19036035194046969,6517767,NC
-0.2153289803434584,6517768,NC
-0.22529761420798086,6517769,NC
-0.22526625353835514,6517770,NC
-0.21523489833889892,6517771,NC
-0.20020354861392853,6517772,NC
-0.18017220436776016,6517773,NC
-0.17014086560470898,6517774,NC
-0.1801095323290894,6517775,NC
-0.185078204545215,6517776,NC
-0.17004688225739883,6517777,NC
-0.155015565469953,6517778,NC
-0.13998425418718885,6517779,NC
-0.13495294841341707,6517780,NC
-0.1449216481529475,6517781,NC
-0.16489035341008929,6517782,NC
-0.1598590641891509,6517783,NC
-0.14982778049443987,6517784,NC
-0.14479650233026295,6517785,NC
-0.14476522970092645,6517786,NC
-0.16973396261073542,6517787,NC
-0.15970270106399465,6517788,NC
-0.1596714450650078,6517789,NC
-0.13464019461807786,6517790,NC
-0.1396089497275072,6517791,NC
-0.14457771039759745,6517792,NC
-0.15454647663264906,6517793,NC
-0.1795152484369622,6517794,NC
-0.17948402581483602,6517795,NC
-0.1594528087705689,6517796,NC
-0.1644215973084586,6517797,NC
-0.169390391432802,6517798,NC
-0.18935919114789518,6517799,NC
-0.2243279964580335,6517800,NC
-0.22429680736751176,6517801,NC
-0.20926562388062342,6517802,NC
-0.19923444600166185,6517803,NC
-0.19420327373491916,6517804,NC
-0.20917210708468686,6517805,NC
-0.2091409460552558,6517806,NC
-0.22410979065091585,6517807,NC
-0.2040786408759561,6517808,NC
-0.17904749673466522,6517809,NC
-0.19901635823133051,6517810,NC
-0.21898522537023904,6517811,NC
-0.2289540981556769,6517812,NC
-0.2489229765919293,6517813,NC
-0.2138918606832808,6517814,NC
-0.21386075043401523,6517815,NC
-0.21882964584841547,6517816,NC
-0.2337985469307637,6517817,NC
-0.2537674536853413,6517818,NC
-0.2637363661164289,6517819,NC
-0.2737052842283064,6517820,NC
-0.26367420802525293,6517821,NC
-0.2686431375115467,6517822,NC
-0.27361207269146515,6517823,NC
-0.2835810135692851,6517824,NC
-0.2635499601492823,6517825,NC
-0.24851891243573207,6517826,NC
-0.2584878704329087,6517827,NC
-0.26845683414508575,6517828,NC
-0.268425803576536,6517829,NC
-0.27339477873153156,6517830,NC
-0.25836375961434355,6517831,NC
-0.26333274622924235,6517832,NC
-0.25830173858049765,6517833,NC
-0.2532707366723782,6517834,NC
-0.2682397405091522,6517835,NC
-0.2682087500950869,6517836,NC
-0.2781777654344486,6517837,NC
-0.26314678653150303,6517838,NC
-0.25811581339051537,6517839,NC
-0.2780848460157493,6517840,NC
-0.2780538844114683,6517841,NC
-0.2730229285819349,6517842,NC
-0.2729919785314107,6517843,NC
-0.25796103426415673,6517844,NC
-0.2479300957844331,6517845,NC
-0.25789916309649896,6517846,NC
-0.2628682362046132,6517847,NC
-0.2678373151130331,6517848,NC
-0.2578063998260158,6517849,NC
-0.25277549034781743,6517850,NC
-0.2377445866826934,6517851,NC
-0.247713688834898,6517852,NC
-0.2626827968086852,6517853,NC
-0.26265191060830784,6517854,NC
-0.24762103023801796,6517855,NC
-0.23259015570206704,6517856,NC
-0.23255928700470535,6517857,NC
-0.24252842415018275,6517858,NC
-0.25749756714274824,6517859,NC
-0.26246671598664983,6517860,NC
-0.2374358706861348,6517861,NC
-0.20740503124544973,6517862,NC
-0.17737419766884016,6517863,NC
-0.17734336996055106,6517864,NC
-0.16231254812482648,6517865,NC
-0.12228173216590968,6517866,NC
-0.05725092208804307,6517867,NC
0.012779882104531591,6517868,NC
0.02781068040757352,6517869,NC
0.00284147281684273,6517870,NC
-0.027127740671900012,6517871,NC
-0.07209696006289301,6517872,NC
-0.11206618536037402,6517873,NC
-0.18203541656857972,6517874,NC
-0.27700465369174604,6517875,NC
-0.3619738967341081,6517876,NC
-0.4069431456999005,6517877,NC
-0.3919124005933563,6517878,NC
-0.3218816614187086,6517879,NC
-0.20685092818018913,6517880,NC
-0.061820200882028824,6517881,NC
0.08321052047154184,6517882,NC
0.19824123587629355,6517883,NC
0.28827194532799777,6517884,NC
0.34330264882242645,6517885,NC
0.37333334635535304,6517886,L
0.3183640379225511,6517887,NC
0.20839472351979527,6517888,NC
0.08342540314286113,6517889,NC
-0.016543923212474915,6517890,NC
-0.08651325555043589,6517891,NC
-0.18648259387524374,6517892,NC
-0.2864519381911197,6517893,NC
-0.38642128850228413,6517894,NC
-0.4863906448129566,6517895,NC
-0.5263600071273556,6517896,NC
-0.5513293754496996,6517897,NC
-0.5262987497842053,6517898,NC
-0.49626813013508914,6517899,NC
-0.4662375165065664,6517900,NC
-0.42620690890285157,6517901,NC
-0.39617630732815867,6517902,NC
-0.3561457117867005,6517903,NC
-0.3111151222826891,6517904,NC
-0.2860845388203359,6517905,NC
-0.2660539614038513,6517906,NC
-0.2760233900374449,6517907,NC
-0.2659928247253255,6517908,NC
-0.255962265471701,6517909,NC
-0.23093171228077847,6517910,NC
-0.23090116515676432,6517911,NC
-0.2308706241038639,6517912,NC
-0.25584008912628176,6517913,NC
-0.2608095602282217,6517914,NC
-0.2557790374138869,6517915,NC
-0.22574852068747914,6517916,NC
-0.2107180100531998,6517917,NC
-0.2206875055152493,6517918,NC
-0.22565700707782713,6517919,NC
-0.22562651474513215,6517920,NC
-0.2005960285213622,6517921,NC
-0.21056554841071431,6517922,NC
-0.19553507441738488,6517923,NC
-0.20550460654556896,6517924,NC
-0.2254741447994613,6517925,NC
-0.24044368918325554,6517926,NC
-0.2404132397011446,6517927,NC
-0.23038279635732034,6517928,NC
-0.205352359155974,6517929,NC
-0.20532192810129588,6517930,NC
-0.19529150319747535,6517931,NC
-0.20026108444870128,6517932,NC
-0.19023067185916107,6517933,NC
-0.17020026543304187,6517934,NC
-0.16016986517452977,6517935,NC
-0.17013947108780997,6517936,NC
-0.18010908317706673,6517937,NC
-0.19007870144648376,6517938,NC
-0.1800483259002435,6517939,NC
-0.14501795654252797,6517940,NC
-0.11998759337751805,6517941,NC
-0.13995723640939378,6517942,NC
-0.14492688564233455,6517943,NC
-0.12489654108051879,6517944,NC
-0.10986620272812397,6517945,NC
-0.08483587058932682,6517946,NC
-0.07480554466830318,6517947,NC
-0.06977522496922797,6517948,NC
-0.07474491149627543,6517949,NC
-0.06471460425361883,6517950,NC
-0.04968430324543046,6517951,NC
-0.03465400847588197,6517952,NC
-0.0196237199491442,6517953,NC
-0.014593437669386686,6517954,NC
-0.014563161640778657,6517955,NC
-0.014532891867488136,6517956,NC
0.02049737164631768,6517957,NC
0.04552762889647225,6517958,NC
0.060557879878810124,6517959,NC
0.04558812458916669,6517960,NC
0.05061836302337793,6517961,NC
0.05064859517728118,6517962,NC
0.07067882104671423,6517963,NC
0.08070904062751579,6517964,NC
0.10573925391552556,6517965,NC
0.10576946090658418,6517966,NC
0.11079966159653284,6517967,NC
0.10582985598121389,6517968,NC
0.12086004405647052,6517969,NC
0.1408902258181465,6517970,NC
0.160920401262087,6517971,NC
0.15095057038413756,6517972,NC
0.14598073318014473,6517973,NC
0.14101088964595604,6517974,NC
0.15604103977741993,6517975,NC
0.17107118357038537,6517976,NC
0.17610132102070275,6517977,NC
0.1711314521242228,6517978,NC
0.15116157687679743,6517979,NC
0.13119169527427943,6517980,NC
0.13122180731252228,6517981,NC
0.13625191298738037,6517982,NC
0.13128201229470915,6517983,NC
0.10131210523036478,6517984,NC
0.07134219179020437,6517985,NC
0.05137227197008595,6517986,NC
0.031402345765868235,6517987,NC
0.03143241317341099,6517988,NC
0.006462474188574915,6517989,NC
-0.013507471192778599,6517990,NC
-0.048477422974787326,6517991,NC
-0.08344738116158773,6517992,NC
-0.10341734575731591,6517993,NC
-0.12838731676610676,6517994,NC
-0.1533572941920944,6517995,NC
-0.1583272780394121,6517996,NC
-0.19329726831219218,6517997,NC
-0.193267265014566,6517998,NC
-0.1932372681506644,6517999,NC
-0.1882072777246167,6518000,NC
-0.19317729374055193,6518001,NC
-0.21314731620259805,6518002,NC
-0.228117345114882,6518003,NC
-0.23808738048152978,6518004,NC
-0.24805742230666689,6518005,NC
-0.24802747059441754,6518006,NC
-0.2529975253489052,6518007,NC
-0.2679675865742527,6518008,NC
-0.2929376542745813,6518009,NC
-0.29290772845401203,6518010,NC
-0.2828778091166648,6518011,NC
-0.29284789626665864,6518012,NC
-0.2878179899081116,6518013,NC
-0.312788090045141,6518014,NC
-0.31775819668186306,6518015,NC
-0.3227283098223933,6518016,NC
-0.32269842947084626,6518017,NC
-0.30266855563133543,6518018,NC
-0.2776386883079738,6518019,NC
-0.28760882750487315,6518020,NC
-0.2975789732261443,6518021,NC
-0.31754912547589753,6518022,NC
-0.3175192842582418,6518023,NC
-0.2974894495772854,6518024,NC
-0.29245962143713583,6518025,NC
-0.3074297998418994,6518026,NC
-0.29739998479568164,6518027,NC
-0.31237017630258734,6518028,NC
-0.2973403743667203,6518029,NC
-0.29231057899218316,6518030,NC
-0.28228079018307806,6518031,NC
-0.2772510079435059,6518032,NC
-0.29222123227756686,6518033,NC
-0.3071914631893602,6518034,NC
-0.2921617006829843,6518035,NC
-0.2921319447625364,6518036,NC
-0.27210219543211334,6518037,NC
-0.2720724526958103,6518038,NC
-0.28704271655772234,6518039,NC
-0.3070129870219431,6518040,NC
-0.2869832640925655,6518041,NC
-0.2819535477736814,6518042,NC
-0.26192383806938213,6518043,NC
-0.2768941349837576,6518044,NC
-0.2818644385208971,6518045,NC
-0.2768347486848891,6518046,NC
-0.28180506547982076,6518047,NC
-0.27177538890977876,6518048,NC
-0.2717457189788487,6518049,NC
-0.28671605569111525,6518050,NC
-0.296686399050662,6518051,NC
-0.3016567490615722,6518052,NC
-0.2866271057279274,6518053,NC
-0.27159746905380866,6518054,NC
-0.2665678390432963,6518055,NC
-0.2565382157004692,6518056,NC
-0.28650859902940584,6518057,NC
-0.28647898903418356,6518058,NC
-0.2764493857188787,6518059,NC
-0.2764197890875669,6518060,NC
-0.2563901991443226,6518061,NC
-0.2663606158932194,6518062,NC
-0.3063310393383303,6518063,NC
-0.30130146948372694,6518064,NC
-0.2962719063334802,6518065,NC
-0.2862423498916602,6518066,NC
-0.26621280016233595,6518067,NC
-0.2761832571495754,6518068,NC
-0.311153720857446,6518069,NC
-0.33112419129001397,6518070,NC
-0.3360946684513445,6518071,NC
-0.29606515234550224,6518072,NC
-0.2760356429765506,6518073,NC
-0.28100614034855204,6518074,NC
-0.2959766444655683,6518075,NC
-0.2959471553316602,6518076,NC
-0.29091767295088744,6518077,NC
-0.2758881973273088,6518078,NC
-0.2608587284649823,6518079,NC
-0.2858292663679649,6518080,NC
-0.3057998110403127,6518081,NC
-0.3107703624860808,6518082,NC
-0.30074092070932334,6518083,NC
-0.2807114857140938,6518084,NC
-0.2906820575044443,6518085,NC
-0.28065263608442625,6518086,NC
-0.2906232214580903,6518087,NC
-0.2905938136294858,6518088,NC
-0.2755644126026613,6518089,NC
-0.26553501838166477,6518090,NC
-0.2505056309705425,6518091,NC
-0.2654762503733406,6518092,NC
-0.2704468765941039,6518093,NC
-0.28041750963687606,6518094,NC
-0.27038814950570017,6518095,NC
-0.2603587962046184,6518096,NC
-0.23532944973767167,6518097,NC
-0.24030011010890023,6518098,NC
-0.25027077732234326,6518099,NC
-0.24524145138203887,6518100,NC
-0.22521213229202464,6518101,NC
-0.21518282005633677,6518102,NC
-0.22015351467901068,6518103,NC
-0.2101242161640809,6518104,NC
-0.21509492451558115,6518105,NC
-0.22006563973754373,6518106,NC
-0.22503636183400053,6518107,NC
-0.22000709080898212,6518108,NC
-0.19997782666651825,6518109,NC
-0.21494856941063786,6518110,NC
-0.2499193190453687,6518111,NC
-0.2498900755747377,6518112,NC
-0.23486083900277088,6518113,NC
-0.22983160933349334,6518114,NC
-0.2348023865709288,6518115,NC
-0.2447731707191008,6518116,NC
-0.2597439617820313,6518117,NC
-0.27471475976374143,6518118,NC
-0.26968556466825166,6518119,NC
-0.2596563764995811,6518120,NC
-0.24962719526174817,6518121,NC
-0.26459802095877044,6518122,NC
-0.27456885359466404,6518123,NC
-0.28953969317344463,6518124,NC
-0.2745105396991268,6518125,NC
-0.2844813931757241,6518126,NC
-0.27945225360724896,6518127,NC
-0.2894231209977134,6518128,NC
-0.3243939953511277,6518129,NC
-0.3343648766715019,6518130,NC
-0.3443357649628448,6518131,NC
-0.329306660229164,6518132,NC
-0.30427756247446647,6518133,NC
-0.2842484717027583,6518134,NC
-0.28921938791804425,6518135,NC
-0.30419031112432826,6518136,NC
-0.2941612413256135,6518137,NC
-0.2891321785259019,6518138,NC
-0.28410312272919463,6518139,NC
-0.2940740739394918,6518140,NC
-0.3040450321607925,6518141,NC
-0.324015997397095,6518142,NC
-0.3039869696523967,6518143,NC
-0.29395794893069355,6518144,NC
-0.27892893523598106,6518145,NC
-0.28889992857225355,6518146,NC
-0.29387092894350414,6518147,NC
-0.2988419363537256,6518148,NC
-0.29881295080690917,6518149,NC
-0.27878397230704527,6518150,NC
-0.2637550008581235,6518151,NC
-0.2687260364641323,6518152,NC
-0.27369707912905916,6518153,NC
-0.29366812885689075,6518154,NC
-0.29363918565161273,6518155,NC
-0.2736102495172096,6518156,NC
-0.258581320457665,6518157,NC
-0.26855239847696183,6518158,NC
-0.27352348357908146,6518159,NC
-0.278494575768005,6518160,NC
-0.26846567504771185,6518161,NC
-0.25343678142218096,6518162,NC
-0.24840789489539017,6518163,NC
-0.26337901547131626,6518164,NC
-0.273350143153935,6518165,NC
-0.27332127794722155,6518166,NC
-0.2782924198551494,6518167,NC
-0.2532635688816916,6518168,NC
-0.24823472503082034,6518169,NC
-0.24320588830650616,6518170,NC
-0.24817705871271928,6518171,NC
-0.2531482362534287,6518172,NC
-0.2531194209326023,6518173,NC
-0.23309061275420723,6518174,NC
-0.2180618117222095,6518175,NC
-0.23303301784057398,6518176,NC
-0.258004231113265,6518177,NC
-0.26297545154424556,6518178,NC
-0.23794667913747763,6518179,NC
-0.20791791389692252,6518180,NC
-0.17788915582654033,6518181,NC
-0.15286040493029002,6518182,NC
-0.14783166121212996,6518183,NC
-0.11280292467601721,6518184,NC
-0.047774195325907896,6518185,NC
0.022254526834242665,6518186,NC
0.06728324180048034,6518187,NC
0.087311949568852,6518188,NC
0.09734065013540524,6518189,NC
0.09736934349618898,6518190,NC
0.09739802964725303,6518191,NC
0.10242670858464799,6518192,NC
0.05745538030442569,6518193,NC
0.03748404480263896,6518194,NC
-0.012487297924658608,6518195,NC
-0.10245864788141218,6518196,NC
-0.17243000507156603,6518197,NC
-0.26240136949906345,6518198,NC
-0.34237274116784683,6518199,NC
-0.39234412008185715,6518200,NC
-0.41231550624503505,6518201,NC
-0.34228689966131964,6518202,NC
-0.20225830033464906,6518203,NC
-0.05222970826896094,6518204,NC
0.06779887653180877,6518205,NC
0.14782745406372463,6518206,NC
0.19285602432285223,6518207,NC
0.20288458730525852,6518208,NC
0.15791314300701115,6518209,L
0.09294169142417871,6518210,NC
0.02797023255283102,6518211,NC
-0.0470012336109612,6518212,NC
-0.11697270707112625,6518213,NC
-0.18694418783159125,6518214,NC
-0.22691567589628264,6518215,NC
-0.2668871712691257,6518216,NC
-0.2868586739540445,6518217,NC
-0.3518301839549624,6518218,NC
-0.3918017012758017,6518219,NC
-0.4417732259204834,6518220,NC
-0.44674475789292795,6518221,NC
-0.44671629719705447,6518222,NC
-0.4416878438367811,6518223,NC
-0.4266593978160252,6518224,NC
-0.40663095913870284,6518225,NC
-0.37160252780872904,6518226,NC
-0.31657410383001827,6518227,NC
-0.28654568720648355,6518228,NC
-0.26651727794203683,6518229,NC
-0.24148887604058952,6518230,NC
-0.2464604815060516,6518231,NC
-0.26643209434233206,6518232,NC
-0.24640371455333915,6518233,NC
-0.22637534214297989,6518234,NC
-0.2113469771151602,6518235,NC
-0.2113186194737853,6518236,NC
-0.2262902692227591,6518237,NC
-0.22626192636598452,6518238,NC
-0.2062335909073637,6518239,NC
-0.18620526285079753,6518240,NC
-0.19117694220018597,6518241,NC
-0.1861486289594279,6518242,NC
-0.1861203231324212,6518243,NC
-0.19609202472306275,6518244,NC
-0.19106373373524863,6518245,NC
-0.17103545017287336,6518246,NC
-0.15100717403983083,6518247,NC
-0.15597890534001402,6518248,NC
-0.17095064407731458,6518249,NC
-0.15092239025562323,6518250,NC
-0.14589414387882976,6518251,NC
-0.12586590495082267,6518252,NC
-0.12083767347548983,6518253,NC
-0.12080944945671798,6518254,NC
-0.10578123289839245,6518255,NC
-0.11575302380439798,6518256,NC
-0.10572482217861823,6518257,NC
-0.07569662802493551,6518258,NC
-0.06566844134723152,6518259,NC
-0.06564026214938665,6518260,NC
-0.08061209043528032,6518261,NC
-0.08058392620879104,6518262,NC
-0.07055576947379616,6518263,NC
-0.04052762023417194,6518264,NC
-0.02549947849379386,6518265,NC
-0.010471344256536133,6518266,NC
-0.015443217526271959,6518267,NC
-0.015415098306873681,6518268,NC
0.004613013397787566,6518269,NC
0.029641117583841692,6518270,NC
0.049669214247419456,6518271,NC
0.054697303384652826,6518272,NC
0.04972538499167482,6518273,NC
0.04975345906461931,6518274,NC
0.08478152559962138,6518275,NC
0.09480958459281713,6518276,NC
0.10483763604034357,6518277,NC
0.11486567993833888,6518278,NC
0.09989371628294225,6518279,NC
0.1099217450702939,6518280,NC
0.13494976629653516,6518281,NC
0.14497777995780825,6518282,NC
0.1550057860502564,6518283,NC
0.1600337845700242,6518284,NC
0.15506177551325703,6518285,NC
0.15508975887610127,6518286,NC
0.17011773465470445,6518287,NC
0.19014570284521518,6518288,NC
0.21017366344378302,6518289,NC
0.21520161644655872,6518290,NC
0.21522956184969388,6518291,NC
0.20525749964934112,6518292,NC
0.21528542984165452,6518293,NC
0.23031335242278872,6518294,NC
0.2453412673888995,6518295,NC
0.23536917473614405,6518296,NC
0.21039707446068018,6518297,NC
0.17542496655866696,6518298,NC
0.15045285102626452,6518299,NC
0.1604807278596339,6518300,NC
0.12550859705493722,6518301,NC
0.09053645860833792,6518302,NC
0.05556431251600011,6518303,NC
0.03059215877408917,6518304,NC
0.010619997378771576,6518305,NC
0.005647828326214618,6518306,NC
-0.004324348387413128,6518307,NC
-0.02929653276594206,6518308,NC
-0.05926872481320168,6518309,NC
-0.09924092453302027,6518310,NC
-0.08421313192922507,6518311,NC
-0.0841853470056424,6518312,NC
-0.08915756976609734,6518313,NC
-0.10912980021441403,6518314,NC
-0.12410203835441555,6518315,NC
-0.1440742841899239,6518316,NC
-0.13904653772475997,6518317,NC
-0.12901879896274365,6518318,NC
-0.13399106790769366,6518319,NC
-0.16396334456342787,6518320,NC
-0.158935628933763,6518321,NC
-0.16890792102251462,6518322,NC
-0.1638802208334972,6518323,NC
-0.13885252837052445,6518324,NC
-0.13382484363740865,6518325,NC
-0.15379716663796122,6518326,NC
-0.1737694973759925,6518327,NC
-0.1787418358553116,6518328,NC
-0.17371418207972683,6518329,NC
-0.16368653605304537,6518330,NC
-0.14365889777907306,6518331,NC
-0.14863126726161502,6518332,NC
-0.16860364450447518,6518333,NC
-0.1785760295114562,6518334,NC
-0.1635484222863601,6518335,NC
-0.15852082283298743,6518336,NC
-0.15349323115513783,6518337,NC
-0.16846564725660987,6518338,NC
-0.1734380711412012,6518339,NC
-0.17841050281270796,6518340,NC
-0.15838294227492572,6518341,NC
-0.15335538953164868,6518342,NC
-0.14332784458666997,6518343,NC
-0.15830030744378187,6518344,NC
-0.16827277810677535,6518345,NC
-0.18324525657944032,6518346,NC
-0.15321774286556586,6518347,NC
-0.1331902369689397,6518348,NC
-0.1281627388933485,6518349,NC
-0.15313524864257813,6518350,NC
-0.15810776622041312,6518351,NC
-0.15308029163063686,6518352,NC
-0.14805282487703197,6518353,NC
-0.13302536596337974,6518354,NC
-0.12299791489346047,6518355,NC
-0.1379704716710534,6518356,NC
-0.14794303629993646,6518357,NC
-0.14291560878388693,6518358,NC
-0.13788818912668072,6518359,NC
-0.12786077733209267,6518360,NC
-0.10783337340389654,6518361,NC
-0.10780597734586514,6518362,NC
-0.12277858916177006,6518363,NC
-0.12275120885538185,6518364,NC
-0.14272383643046999,6518365,NC
-0.12769647189080274,6518366,NC
-0.13766911524014752,6518367,NC
-0.13764176648227064,6518368,NC
-0.14261442562093693,6518369,NC
-0.14258709265991065,6518370,NC
-0.1475597676029547,6518371,NC
-0.13253245045383083,6518372,NC
-0.13750514121629998,6518373,NC
-0.1374778398941217,6518374,NC
-0.15245054649105458,6518375,NC
-0.15742326101085616,6518376,NC
-0.152395983457283,6518377,NC
-0.15236871383409012,6518378,NC
-0.13234145214503196,6518379,NC
-0.14731419839386156,6518380,NC
-0.172286952584331,6518381,NC
-0.1772597147201912,6518382,NC
-0.16723248480519207,6518383,NC
-0.15220526284308225,6518384,NC
-0.1571780488376095,6518385,NC
-0.16215084279252048,6518386,NC
-0.16712364471156044,6518387,NC
-0.1820964545984739,6518388,NC
-0.17206927245700418,6518389,NC
-0.16204209829089328,6518390,NC
-0.13701493210388246,6518391,NC
-0.15198777389971166,6518392,NC
-0.17196062368211973,6518393,NC
-0.18193348145484448,6518394,NC
-0.17690634722162255,6518395,NC
-0.16687922098618957,6518396,NC
-0.15185210275228006,6518397,NC
-0.15182499252362738,6518398,NC
-0.17679789030396376,6518399,NC
-0.18677079609702046,6518400,NC
-0.16174370990652753,6518401,NC
-0.14171663173621396,6518402,NC
-0.13668956158980755,6518403,NC
-0.13166249947103503,6518404,NC
-0.14163544538362216,6518405,NC
-0.14160839933129357,6518406,NC
-0.13158136131777246,6518407,NC
-0.12155433134678137,6518408,NC
-0.12152730942204151,6518409,NC
-0.12150029554727287,6518410,NC
-0.13147328972619465,6518411,NC
-0.13644629196252467,6518412,NC
-0.12641930225997966,6518413,NC
-0.10639232062227541,6518414,NC
-0.09636534705312655,6518415,NC
-0.09133838155624635,6518416,NC
-0.09131142413534736,6518417,NC
-0.09628447479414076,6518418,NC
-0.10125753353633658,6518419,NC
-0.07623060036564402,6518420,NC
-0.06620367528577087,6518421,NC
-0.07617675830042389,6518422,NC
-0.09114984941330895,6518423,NC
-0.10112294862813034,6518424,NC
-0.09609605594859166,6518425,NC
-0.08606917137839529,6518426,NC
-0.09104229492124238,6518427,NC
-0.111015426580833,6518428,NC
-0.14598856636086616,6518429,NC
-0.1509617142650398,6518430,NC
-0.14593487029705055,6518431,NC
-0.1309080344605941,6518432,NC
-0.12588120675936484,6518433,NC
-0.15085438719705624,6518434,NC
-0.17082757577736069,6518435,NC
-0.17580077250396917,6518436,NC
-0.16577397738057173,6518437,NC
-0.15574719041085733,6518438,NC
-0.1557204115985137,6518439,NC
-0.17069364094722755,6518440,NC
-0.19066687846068434,6518441,NC
-0.17564012414256844,6518442,NC
-0.17061337799656323,6518443,NC
-0.17558664002635085,6518444,NC
-0.1655599102356124,6518445,NC
-0.18053318862802764,6518446,NC
-0.22050647520727548,6518447,NC
-0.2104797699770334,6518448,NC
-0.2004530729409781,6518449,NC
-0.17042638410278493,6518450,NC
-0.18039970346612808,6518451,NC
-0.2053730310346808,6518452,NC
-0.2103463668121151,6518453,NC
-0.21531971080210174,6518454,NC
-0.2002930630083106,6518455,NC
-0.18526642343441022,6518456,NC
-0.17523979208406804,6518457,NC
-0.1952131689609506,6518458,NC
-0.19518655406872293,6518459,NC
-0.2001599474110492,6518460,NC
-0.20013334899159244,6518461,NC
-0.19510675881401424,6518462,NC
-0.18008017688197547,6518463,NC
-0.18005360319913571,6518464,NC
-0.20502703776915332,6518465,NC
-0.2150004805956855,6518466,NC
-0.2099739316823885,6518467,NC
-0.20494739103291731,6518468,NC
-0.18992085865092576,6518469,NC
-0.1898943345400666,6518470,NC
-0.20486781870399137,6518471,NC
-0.21484131114635058,6518472,NC
-0.20481481187079353,6518473,NC
-0.18978832088096842,6518474,NC
-0.1847618381805222,6518475,NC
-0.19473536377310086,6518476,NC
-0.20970889766234913,6518477,NC
-0.21468243985191054,6518478,NC
-0.20465599034542764,6518479,NC
-0.1896295491465416,6518480,NC
-0.1846031162588927,6518481,NC
-0.18957669168612007,6518482,NC
-0.1995502754318615,6518483,NC
-0.21452386749975375,6518484,NC
-0.20449746789343237,6518485,NC
-0.18447107661653178,6518486,NC
-0.16944469367268541,6518487,NC
-0.17941831906552533,6518488,NC
-0.17939195279868253,6518489,NC
-0.16936559487578695,6518490,NC
-0.1543392453004673,6518491,NC
-0.11931290407635103,6518492,NC
-0.08928657120706468,6518493,NC
-0.054260246696233465,6518494,NC
-0.03423393054748141,6518495,NC
0.01079237723556837,6518496,NC
0.08081867664929415,6518497,NC
0.12584496769007533,6518498,NC
0.16087125035429223,6518499,NC
0.1508975246383267,6518500,NC
0.13092379053856146,6518501,NC
0.07095004805138042,6518502,NC
0.0009762971731687234,6518503,NC
-0.04899746209968729,6518504,NC
-0.1139712297708003,6518505,NC
-0.15394500584378173,6518506,NC
-0.14391879032224175,6518507,NC
-0.07889258320978958,6518508,NC
0.026133615489966996,6518509,NC
0.1611598057734211,6518510,NC
0.30118598763696697,6518511,NC
0.41121216107700026,6518512,NC
0.5012383260899177,6518513,NC
0.571264482672117,6518514,NC
0.6112906308199973,6518515,NC
0.6213167705299588,6518516,L
0.5463429017984025,6518517,NC
0.4263690246217314,6518518,NC
0.31139513899634885,6518519,NC
0.2164212449186596,6518520,NC
0.12644734238506977,6518521,NC
0.061473431391986466,6518522,NC
-0.018500488064181995,6518523,NC
-0.11847441598702604,6518524,NC
-0.21844835238013527,6518525,NC
-0.3034222972470976,6518526,NC
-0.3733962505915002,6518527,NC
-0.4133702124169289,6518528,NC
-0.4633441827269686,6518529,NC
-0.47331816152520245,6518530,NC
-0.47829214881521304,6518531,NC
-0.4732661446005815,6518532,NC
-0.4282401488848877,6518533,NC
-0.3782141616717108,6518534,NC
-0.3281881829646283,6518535,NC
-0.2831622127672166,6518536,NC
-0.26813625108305134,6518537,NC
-0.27311029791570635,6518538,NC
-0.24308435326875472,6518539,NC
-0.2080584171457684,6518540,NC
-0.2080324895503179,6518541,NC
-0.20800657048597268,6518542,NC
-0.2229806599563011,6518543,NC
-0.22795475796487027,6518544,NC
-0.22292886451524607,6518545,NC
-0.20290297961099346,6518546,NC
-0.18787710325567575,6518547,NC
-0.19285123545285546,6518548,NC
-0.20282537620609392,6518549,NC
-0.20279952551895114,6518550,NC
-0.1877736833949859,6518551,NC
-0.17774784983775613,6518552,NC
-0.17272202485081806,6518553,NC
-0.17269620843772726,6518554,NC
-0.18767040060203782,6518555,NC
-0.20264460134730264,6518556,NC
-0.18261881067707356,6518557,NC
-0.16259302859490132,6518558,NC
-0.15756725510433522,6518559,NC
-0.1475414902089236,6518560,NC
-0.18251573391221346,6518561,NC
-0.16748998621775069,6518562,NC
-0.15246424712908002,6518563,NC
-0.13243851664974496,6518564,NC
-0.13241279478328777,6518565,NC
-0.12238708153324968,6518566,NC
-0.1423613769031707,6518567,NC
-0.1423356808965895,6518568,NC
-0.13230999351704373,6518569,NC
-0.10728431476806975,6518570,NC
-0.08225864465320268,6518571,NC
-0.08223298317597671,6518572,NC
-0.11220733033992462,6518573,NC
-0.09218168614857795,6518574,NC
-0.07215605060546738,6518575,NC
-0.05713042371412186,6518576,NC
-0.03210480547806964,6518577,NC
-0.03207919590083763,6518578,NC
-0.03205359498595148,6518579,NC
-0.032028002736935596,6518580,NC
-0.017002419157313417,6518581,NC
0.018023155749393033,6518582,NC
0.03304872197966287,6518583,NC
0.0330742795299762,6518584,NC
0.01809982839681476,6518585,NC
0.03312536857666108,6518586,NC
0.05315090006599899,6518587,NC
0.08817642286131358,6518588,NC
0.09820193695909121,6518589,NC
0.11822744235581914,6518590,NC
0.11825293904798628,6518591,NC
0.12827842703208225,6518592,NC
0.12830390630459826,6518593,NC
0.15332937686202652,6518594,NC
0.1733548387008605,6518595,NC
0.17838029181759477,6518596,NC
0.17340573620872524,6518597,NC
0.18343117187074892,6518598,NC
0.20345659880016415,6518599,NC
0.2184820169934704,6518600,NC
0.2335074264471682,6518601,NC
0.2485328271577595,6518602,NC
0.23855821912174743,6518603,NC
0.2385836023356362,6518604,NC
0.2536089767959312,6518605,NC
0.26863434249913926,6518606,NC
0.28365969944176816,6518607,NC
0.28368504762032704,6518608,NC
0.25871038703132626,6518609,NC
0.22873571767127723,6518610,NC
0.20376103953669267,6518611,NC
0.1937863526240866,6518612,NC
0.198811656929974,6518613,NC
0.16883695245087135,6518614,NC
0.11886223918329619,6518615,NC
0.07888751712376718,6518616,NC
0.07391278626880433,6518617,NC
0.05893804661492893,6518618,NC
0.048963298158663196,6518619,NC
0.03398854089653082,6518620,NC
0.004013774825056687,6518621,NC
-0.01596100005923337,6518622,NC
-0.02593578375981187,6518623,NC
-0.04091057628015046,6518624,NC
-0.050885377623719544,6518625,NC
-0.05586018779398817,6518626,NC
-0.08083500679442417,6518627,NC
-0.09080983462849443,6518628,NC
-0.10078467129966415,6518629,NC
-0.10075951681139779,6518630,NC
-0.11073437116715827,6518631,NC
-0.10570923437040743,6518632,NC
-0.13568410642460588,6518633,NC
-0.145658987333213,6518634,NC
-0.12563387709968699,6518635,NC
-0.11060877572748476,6518636,NC
-0.10558368322006205,6518637,NC
-0.11555859958087324,6518638,NC
-0.13553352481337178,6518639,NC
-0.13550845892100966,6518640,NC
-0.14048340190723763,6518641,NC
-0.13045835377550544,6518642,NC
-0.12543331452926149,6518643,NC
-0.14040828417195278,6518644,NC
-0.13538326270702544,6518645,NC
-0.1403582501379241,6518646,NC
-0.1403332464680922,6518647,NC
-0.1353082517009722,6518648,NC
-0.12528326584000493,6518649,NC
-0.1252582888886303,6518650,NC
-0.13523332085028703,6518651,NC
-0.13520836172841222,6518652,NC
-0.12518341152644213,6518653,NC
-0.1251584702478118,6518654,NC
-0.11513353789595472,6518655,NC
-0.12010861447430342,6518656,NC
-0.12508369998628915,6518657,NC
-0.1250587944353419,6518658,NC
-0.12003389782489035,6518659,NC
-0.1200090101583622,6518660,NC
-0.11498413143918353,6518661,NC
-0.11995926167077951,6518662,NC
-0.14493440085657405,6518663,NC
-0.1399095489999897,6518664,NC
-0.13488470610444775,6518665,NC
-0.1148598721733685,6518666,NC
-0.10483504721017069,6518667,NC
-0.10981023121827202,6518668,NC
-0.11978542420108909,6518669,NC
-0.12976062616203687,6518670,NC
-0.12473583710452939,6518671,NC
-0.11471105703197945,6518672,NC
-0.09968628594779853,6518673,NC
-0.11466152385539682,6518674,NC
-0.12463677075818336,6518675,NC
-0.14461202665956585,6518676,NC
-0.12958729156295098,6518677,NC
-0.11456256547174393,6518678,NC
-0.10453784838934875,6518679,NC
-0.11951314031916827,6518680,NC
-0.12948844126460424,6518681,NC
-0.15446375122905667,6518682,NC
-0.1394390702159249,6518683,NC
-0.1394143982286067,6518684,NC
-0.10938973527049864,6518685,NC
-0.1193650813449962,6518686,NC
-0.12934043645549342,6518687,NC
-0.14431580060538307,6518688,NC
-0.13429117379805705,6518689,NC
-0.13426655603690552,6518690,NC
-0.12424194732531767,6518691,NC
-0.12921734766668147,6518692,NC
-0.1391927570643835,6518693,NC
-0.13916817552180916,6518694,NC
-0.1441436030423427,6518695,NC
-0.12411903962936696,6518696,NC
-0.11909448528626354,6518697,NC
-0.114069940016413,6518698,NC
-0.14404540382319433,6518699,NC
-0.14402087670998553,6518700,NC
-0.1489963586801633,6518701,NC
-0.13897184973710303,6518702,NC
-0.13394734988417883,6518703,NC
-0.1389228591247637,6518704,NC
-0.14889837746222917,6518705,NC
-0.1538739048999457,6518706,NC
-0.1438494414412826,6518707,NC
-0.1338249870896075,6518708,NC
-0.12880054184828715,6518709,NC
-0.12877610572068704,6518710,NC
-0.13875167871017124,6518711,NC
-0.14872726082010262,6518712,NC
-0.12870285205384285,6518713,NC
-0.10867845241475216,6518714,NC
-0.08365406190618983,6518715,NC
-0.08862968053151367,6518716,NC
-0.10860530829408017,6518717,NC
-0.11358094519724479,6518718,NC
-0.0935565912443617,6518719,NC
-0.07853224643878347,6518720,NC
-0.06850791078386188,6518721,NC
-0.07848358428294713,6518722,NC
-0.09345926693938826,6518723,NC
-0.10343495875653315,6518724,NC
-0.06841065973772822,6518725,NC
-0.04838636988631874,6518726,NC
-0.038362089205648764,6518727,NC
-0.023337817699061014,6518728,NC
-0.06331355536989691,6518729,NC
-0.06828930222149675,6518730,NC
-0.07326505825719942,6518731,NC
-0.06324082348034256,6518732,NC
-0.048216597894262705,6518733,NC
-0.06819238150229494,6518734,NC
-0.07816817430777308,6518735,NC
-0.10814397631402993,6518736,NC
-0.10311978752439664,6518737,NC
-0.10809560794220335,6518738,NC
-0.09807143757077902,6518739,NC
-0.10304727641345106,6518740,NC
-0.11802312447354571,6518741,NC
-0.1429989817543882,6518742,NC
-0.132974848259302,6518743,NC
-0.1129507239916097,6518744,NC
-0.10792660895463264,6518745,NC
-0.11290250315169052,6518746,NC
-0.13287840658610212,6518747,NC
-0.15285431926118487,6518748,NC
-0.1528302411802548,6518749,NC
-0.1378061723466268,6518750,NC
-0.12778211276361445,6518751,NC
-0.13775806243452993,6518752,NC
-0.16773402136268445,6518753,NC
-0.19270998955138768,6518754,NC
-0.18768596700394802,6518755,NC
-0.16266195372367273,6518756,NC
-0.14763794971386784,6518757,NC
-0.15261395497783778,6518758,NC
-0.1625899695188861,6518759,NC
-0.1825659933403148,6518760,NC
-0.18254202644542467,6518761,NC
-0.16751806883751535,6518762,NC
-0.1624941205198851,6518763,NC
-0.16247018149583076,6518764,NC
-0.18744625176864815,6518765,NC
-0.20242233134163168,6518766,NC
-0.1823984202180744,6518767,NC
-0.17737451840126828,6518768,NC
-0.17735062589450384,6518769,NC
-0.17732674270107035,6518770,NC
-0.18230286882425595,6518771,NC
-0.2022790042673473,6518772,NC
-0.19225514903362972,6518773,NC
-0.1772313031263876,6518774,NC
-0.16720746654890362,6518775,NC
-0.17218363930445946,6518776,NC
-0.20215982139633554,6518777,NC
-0.1971360128278107,6518778,NC
-0.18711221360216274,6518779,NC
-0.18208842372266826,6518780,NC
-0.16706464319260217,6518781,NC
-0.16704087201523848,6518782,NC
-0.18201711019384992,6518783,NC
-0.19199335773170756,6518784,NC
-0.1869696146320815,6518785,NC
-0.18194588089824054,6518786,NC
-0.15692215653345207,6518787,NC
-0.1518984415409822,6518788,NC
-0.17187473592409586,6518789,NC
-0.18685103968605649,6518790,NC
-0.18182735283012647,6518791,NC
-0.16180367535956688,6518792,NC
-0.14678000727763715,6518793,NC
-0.14675634858759584,6518794,NC
-0.15673269929270017,6518795,NC
-0.1417090593962057,6518796,NC
-0.13668542890136715,6518797,NC
-0.10166180781143767,6518798,NC
-0.07663819612966911,6518799,NC
-0.05661459385931225,6518800,NC
-0.01659100100361638,6518801,NC
0.028432582434170565,6518802,NC
0.09845615645080166,6518803,NC
0.15847972104303157,6518804,NC
0.18850327620761614,6518805,NC
0.19352682194131246,6518806,NC
0.153550358240879,6518807,NC
0.09857388510307558,6518808,NC
0.018597402524663104,6518809,NC
-0.07137908949759603,6518810,NC
-0.13635559096693806,6518811,NC
-0.16133210188659827,6518812,NC
-0.13130862225981027,6518813,NC
-0.05628515208980649,6518814,NC
0.0787383086201818,6518815,NC
0.21876175986692484,6518816,NC
0.3737852016471941,6518817,NC
0.4838086339577622,6518818,NC
0.5688320567954034,6518819,NC
0.6288554701568929,6518820,NC
0.6338788740390073,6518821,L
0.558902268438525,6518822,NC
0.4689256533522248,6518823,NC
0.3289490287768874,6518824,NC
0.20897239470929485,6518825,NC
0.10399575114623018,6518826,NC
0.004019098084477965,6518827,NC
-0.1059575644791759,6518828,NC
-0.2009342365479444,6518829,NC
-0.3109109181250392,6518830,NC
-0.4008876092136703,6518831,NC
-0.47086430981704686,6518832,NC
-0.4808410199383765,6518833,NC
-0.48081773958086543,6518834,NC
-0.4507944687477188,6518835,NC
-0.43077120744214026,6518836,NC
-0.3957479556673322,6518837,NC
-0.3707247134264957,6518838,NC
-0.30070148072283065,6518839,NC
-0.2506782575595353,6518840,NC
-0.19565504393980704,6518841,NC
-0.20563183986684155,6518842,NC
-0.20060864534383333,6518843,NC
-0.21058546037397569,6518844,NC
-0.19556228496046046,6518845,NC
-0.19553911910647814,6518846,NC
-0.18551596281521815,6518847,NC
-0.1754928160898683,6518848,NC
-0.18046967893361526,6518849,NC
-0.20044655134964437,6518850,NC
-0.1854234333411396,6518851,NC
-0.1754003249112835,6518852,NC
-0.1653772260632576,6518853,NC
-0.1553541368002419,6518854,NC
-0.170331057125415,6518855,NC
-0.17530798704195447,6518856,NC
-0.16028492655303617,6518857,NC
-0.16026187566183497,6518858,NC
-0.14023883437152435,6518859,NC
-0.14021580268527628,6518860,NC
-0.15019278060626168,6518861,NC
-0.18016976813764995,6518862,NC
-0.16514676528260924,6518863,NC
-0.13012377204430642,6518864,NC
-0.11510078842590686,6518865,NC
-0.12507781443057478,6518866,NC
-0.13005485006147305,6518867,NC
-0.13503189532176327,6518868,NC
-0.13500895021460546,6518869,NC
-0.11498601474315855,6518870,NC
-0.10496308891058022,6518871,NC
-0.09494017272002647,6518872,NC
-0.1099172661746523,6518873,NC
-0.10989436927761129,6518874,NC
-0.10987148203205556,6518875,NC
-0.07984860444113615,6518876,NC
-0.06482573650800255,6518877,NC
-0.06980287823580297,6518878,NC
-0.06478002962768442,6518879,NC
-0.06475719068679242,6518880,NC
-0.044734361416271184,6518881,NC
-0.029711541819263734,6518882,NC
-0.00968873189891159,6518883,NC
-0.019665931658354993,6518884,NC
-0.03964314110073293,6518885,NC
-0.029620360229182977,6518886,NC
-0.014597589046841289,6518887,NC
-0.0045748275568429225,6518888,NC
0.030447924237678566,6518889,NC
0.04047066633359102,6518890,NC
0.030493398727763375,6518891,NC
0.040516121417066134,6518892,NC
0.055538834398371095,6518893,NC
0.08556153766855115,6518894,NC
0.10558423122448102,6518895,NC
0.10560691506303628,6518896,NC
0.10562958918109396,6518897,NC
0.12065225357553272,6518898,NC
0.13067490824323222,6518899,NC
0.16569755318107354,6518900,NC
0.17072018838593916,6518901,NC
0.1757428138547129,6518902,NC
0.16076542958427992,6518903,NC
0.1607880355715267,6518904,NC
0.17581063181334106,6518905,NC
0.195833218306612,6518906,NC
0.21585579504823027,6518907,NC
0.20587836203508764,6518908,NC
0.20590091926407714,6518909,NC
0.1909234667320935,6518910,NC
0.1959460044360325,6518911,NC
0.2109685323727914,6518912,NC
0.23599105053926878,6518913,NC
0.21601355893236449,6518914,NC
0.18103605754897972,6518915,NC
0.15605854638601732,6518916,NC
0.156081025440381,6518917,NC
0.13110349470897611,6518918,NC
0.1311259541887094,6518919,NC
0.09614840387648874,6518920,NC
0.056170843769223475,6518921,NC
0.04119327386382439,6518922,NC
0.031215694157203412,6518923,NC
0.006238104646273945,6518924,NC
-0.00873949467204918,6518925,NC
-0.023717103800850015,6518926,NC
-0.04869472274321106,6518927,NC
-0.0936723515022135,6518928,NC
-0.10364999008093724,6518929,NC
-0.09362763848246083,6518930,NC
-0.11360529670986129,6518931,NC
-0.11858296476621465,6518932,NC
-0.1435606426545951,6518933,NC
-0.16853833037807586,6518934,NC
-0.17351602793972876,6518935,NC
-0.1584937353426241,6518936,NC
-0.16347145258983084,6518937,NC
-0.15844917968441685,6518938,NC
-0.1734269166294483,6518939,NC
-0.18340466342799028,6518940,NC
-0.1883824200831063,6518941,NC
-0.18836018659785858,6518942,NC
-0.18833796297530808,6518943,NC
-0.20331574921851447,6518944,NC
-0.22829354533053567,6518945,NC
-0.22827135131442866,6518946,NC
-0.223249167173249,6518947,NC
-0.2082269929100506,6518948,NC
-0.2082048285278863,6518949,NC
-0.20318267402980744,6518950,NC
-0.233160529418864,6518951,NC
-0.23313839469810477,6518952,NC
-0.22811626987057707,6518953,NC
-0.21809415493932666,6518954,NC
-0.22307204990739826,6518955,NC
-0.22304995477783507,6518956,NC
-0.22802786955367882,6518957,NC
-0.2480057942379702,6518958,NC
-0.24298372883374816,6518959,NC
-0.2329616733440505,6518960,NC
-0.2129396277719136,6518961,NC
-0.2179175921203726,6518962,NC
-0.23789556639246104,6518963,NC
-0.2478735505912113,6518964,NC
-0.2528515447196542,6518965,NC
-0.23782954878081936,6518966,NC
-0.212807562777735,6518967,NC
-0.202785586713428,6518968,NC
-0.22276362059092364,6518969,NC
-0.2427416644132462,6518970,NC
-0.23271971818341824,6518971,NC
-0.22769778190446116,6518972,NC
-0.21767585557939503,6518973,NC
-0.2226539392112384,6518974,NC
-0.22763203280300848,6518975,NC
-0.24261013635772122,6518976,NC
-0.227588249878391,6518977,NC
-0.21756637336803103,6518978,NC
-0.22254450682965307,6518979,NC
-0.2225226502662674,6518980,NC
-0.23250080368088313,6518981,NC
-0.25747896707650797,6518982,NC
-0.2524571404561479,6518983,NC
-0.222435323822808,6518984,NC
-0.22241351717949187,6518985,NC
-0.22739172052920142,6518986,NC
-0.23236993387493757,6518987,NC
-0.25734815721969967,6518988,NC
-0.2523263905664856,6518989,NC
-0.2423046339182921,6518990,NC
-0.23228288727811452,6518991,NC
-0.2272611506489465,6518992,NC
-0.24723942403378077,6518993,NC
-0.26221770743560835,6518994,NC
-0.25219600085741883,6518995,NC
-0.24717430430220078,6518996,NC
-0.2371526177729411,6518997,NC
-0.24213094127262536,6518998,NC
-0.26710927480423785,6518999,NC
-0.2670876183707614,6519000,NC
-0.26206597197517734,6519001,NC
-0.26204433562046586,6519002,NC
-0.26702270930960564,6519003,NC
-0.2570010930455739,6519004,NC
-0.2669794868313467,6519005,NC
-0.2669578906698985,6519006,NC
-0.25693630456420247,6519007,NC
-0.25691472851723035,6519008,NC
-0.24689316253195254,6519009,NC
-0.26187160661133807,6519010,NC
-0.27685006075835455,6519011,NC
-0.27682852497596827,6519012,NC
-0.2768069992671439,6519013,NC
-0.26678548363484517,6519014,NC
-0.2567639780820339,6519015,NC
-0.2767424826116709,6519016,NC
-0.2867209972267154,6519017,NC
-0.3016995219301253,6519018,NC
-0.28667805672485713,6519019,NC
-0.2766566016138662,6519020,NC
-0.27663515660010596,6519021,NC
-0.2866137216865289,6519022,NC
-0.291592296876086,6519023,NC
-0.2965708821717267,6519024,NC
-0.2965494775763994,6519025,NC
-0.27652808309305066,6519026,NC
-0.261506698724626,6519027,NC
-0.26148532447406936,6519028,NC
-0.2614639603443234,6519029,NC
-0.27644260633832923,6519030,NC
-0.25142126245902685,6519031,NC
-0.2313999287093545,6519032,NC
-0.22137860509224924,6519033,NC
-0.23135729161064683,6519034,NC
-0.25633598826748144,6519035,NC
-0.26131469506568583,6519036,NC
-0.23629341200819154,6519037,NC
-0.2262721390979287,6519038,NC
-0.22625087633782576,6519039,NC
-0.22122962373081015,6519040,NC
-0.22120838127980766,6519041,NC
-0.2261871489877427,6519042,NC
-0.21116592685753843,6519043,NC
-0.20114471489211655,6519044,NC
-0.18612351309439717,6519045,NC
-0.19610232146729928,6519046,NC
-0.21108114001374018,6519047,NC
-0.2260599687366361,6519048,NC
-0.22603880763890172,6519049,NC
-0.2260176567234502,6519050,NC
-0.2259965159931934,6519051,NC
-0.21597538545104183,6519052,NC
-0.23595426509990458,6519053,NC
-0.23593315494268924,6519054,NC
-0.24591205498230206,6519055,NC
-0.24089096522164782,6519056,NC
-0.22586988566363003,6519057,NC
-0.24084881631115085,6519058,NC
-0.2608277571671107,6519059,NC
-0.2808067082344089,6519060,NC
-0.26578566951594335,6519061,NC
-0.2607646410146103,6519062,NC
-0.2607436227333048,6519063,NC
-0.28572261467492055,6519064,NC
-0.3057016168423496,6519065,NC
-0.32568062923848284,6519066,NC
-0.3306596518662097,6519067,NC
-0.32063868472841794,6519068,NC
-0.31061772782799435,6519069,NC
-0.3255967811678239,6519070,NC
-0.3555758447507904,6519071,NC
-0.35055491857977616,6519072,NC
-0.3405340026576622,6519073,NC
-0.3355130969873279,6519074,NC
-0.31549220157165137,6519075,NC
-0.31547131641350945,6519076,NC
-0.3254504415157772,6519077,NC
-0.3404295768813286,6519078,NC
-0.3304087225130361,6519079,NC
-0.3253878784137706,6519080,NC
-0.3103670445864019,6519081,NC
-0.3003462210337981,6519082,NC
-0.30532540775882605,6519083,NC
-0.3103046047643511,6519084,NC
-0.3102838120532372,6519085,NC
-0.30026302962834683,6519086,NC
-0.30024225749254124,6519087,NC
-0.3352214956486801,6519088,NC
-0.36020074409962166,6519089,NC
-0.3451800028482229,6519090,NC
-0.35015927189733925,6519091,NC
-0.33513855124982467,6519092,NC
-0.3201178409085319,6519093,NC
-0.330097140876312,6519094,NC
-0.3700764511560148,6519095,NC
-0.37005577175048876,6519096,NC
-0.3500351026625808,6519097,NC
-0.33001444389513646,6519098,NC
-0.3199937954509997,6519099,NC
-0.3349731573330133,6519100,NC
-0.3499525295440186,6519101,NC
-0.34993191208685537,6519102,NC
-0.329911304964362,6519103,NC
-0.3198907081793755,6519104,NC
-0.3048701217347315,6519105,NC
-0.31484954563326406,6519106,NC
-0.32982897987780596,6519107,NC
-0.3598084244711885,6519108,NC
-0.34478787941624145,6519109,NC
-0.3297673447157935,6519110,NC
-0.3247468203726715,6519111,NC
-0.324726306389701,6519112,NC
-0.3397058027697062,6519113,NC
-0.33968530951551007,6519114,NC
-0.3246648266299337,6519115,NC
-0.304644354115797,6519116,NC
-0.2846238919759185,6519117,NC
-0.2796034402131151,6519118,NC
-0.26958299883020265,6519119,NC
-0.2495625678299952,6519120,NC
-0.2145421472153054,6519121,NC
-0.14452173698894472,6519122,NC
-0.06950133715372292,6519123,NC
0.0005190522875514747,6519124,NC
0.06553943133207138,6519125,NC
0.11555979997703128,6519126,NC
0.160580158219627,6519127,NC
0.1706005060570558,6519128,NC
0.15062084348651633,6519129,NC
0.08564117050520881,6519130,NC
-0.034338512889665246,6519131,NC
-0.14431820670090278,6519132,NC
-0.21929791093129936,6519133,NC
-0.23927762558364926,6519134,NC
-0.20425735066074507,6519135,NC
-0.099237086165378,6519136,NC
0.020783167899662024,6519137,NC
0.15080341153158672,6519138,NC
0.270823644727609,6519139,NC
0.4008438674849435,6519140,NC
0.470864079800806,6519141,NC
0.49088428167241394,6519142,NC
0.44090447309698605,6519143,L
0.35592465407174273,6519144,NC
0.2559448245939054,6519145,NC
0.16596498466069737,6519146,NC
0.07098513426934312,6519147,NC
-0.008994726582931378,6519148,NC
-0.10397459789889865,6519149,NC
-0.19895447968132984,6519150,NC
-0.26893437193299463,6519151,NC
-0.3389142746566613,6519152,NC
-0.3888941878550966,6519153,NC
-0.448874111531066,6519154,NC
-0.5138540456873333,6519155,NC
-0.5238339903266609,6519156,NC
-0.52881394545181,6519157,NC
-0.47879391106554037,6519158,NC
-0.43877388717060967,6519159,NC
-0.418753873769775,6519160,NC
-0.4187338708657914,6519161,NC
-0.4087138784614127,6519162,NC
-0.38869389655939146,6519163,NC
-0.36367392516247843,6519164,NC
-0.3486539642734231,6519165,NC
-0.3536340138949735,6519166,NC
-0.37361407402987634,6519167,NC
-0.3785941446808766,6519168,NC
-0.378574225850718,6519169,NC
-0.3635543175421427,6519170,NC
-0.33853441975789156,6519171,NC
-0.3435145325007041,6519172,NC
-0.34849465577331795,6519173,NC
-0.3534747895784697,6519174,NC
-0.34845493391889426,6519175,NC
-0.33843508879732515,6519176,NC
-0.33341525421649454,6519177,NC
-0.3383954301791331,6519178,NC
-0.3583756166879699,6519179,NC
-0.3633558137457327,6519180,NC
-0.33333602135514784,6519181,NC
-0.3183162395189402,6519182,NC
-0.3082964682398331,6519183,NC
-0.31327670752054837,6519184,NC
-0.32325695736380655,6519185,NC
-0.3332372177723267,6519186,NC
-0.33321748874882634,6519187,NC
-0.3131977702960216,6519188,NC
-0.28317806241662713,6519189,NC
-0.28315836511335607,6519190,NC
-0.28813867838892016,6519191,NC
-0.29811900224602983,6519192,NC
-0.27809933668739373,6519193,NC
-0.2680796817157193,6519194,NC
-0.2530600373337125,6519195,NC
-0.24304040354407774,6519196,NC
-0.24802078034951797,6519197,NC
-0.23800116775273483,6519198,NC
-0.23798156575642826,6519199,NC
-0.21296197436329695,6519200,NC
-0.19294239357603815,6519201,NC
-0.19292282339734745,6519202,NC
-0.1929032638299191,6519203,NC
-0.1928837148764459,6519204,NC
-0.17286417653961916,6519205,NC
-0.1378446488221287,6519206,NC
-0.11782513172666303,6519207,NC
-0.11280562525590891,6519208,NC
-0.1127861294125519,6519209,NC
-0.09776664419927601,6519210,NC
-0.08774716961876383,6519211,NC
-0.06272770567369636,6519212,NC
-0.03770825236675321,6519213,NC
-0.037688809700612516,6519214,NC
-0.01766937767795103,6519215,NC
-0.007649956301443966,6519216,NC
0.007369454426235017,6519217,NC
0.03238885450241358,6519218,NC
0.06240824392442082,6519219,NC
0.07742762268958747,6519220,NC
0.07244699079524561,6519221,NC
0.09246634823872885,6519222,NC
0.10748569501737228,6519223,NC
0.13750503112851228,6519224,NC
0.15252435656948696,6519225,NC
0.15754367133763575,6519226,NC
0.16256297543029952,6519227,NC
0.16758226884482075,6519228,NC
0.18760155157854325,6519229,NC
0.19262082362881233,6519230,NC
0.2226400849929748,6519231,NC
0.22765933566837904,6519232,NC
0.21767857565237467,6519233,NC
0.19769780494231293,6519234,NC
0.2277170235355466,6519235,NC
0.23773623142942968,6519236,NC
0.23775542862131804,6519237,NC
0.20277461510856865,6519238,NC
0.17779379088854003,6519239,NC
0.17281295595859236,6519240,NC
0.15283211031608712,6519241,NC
0.14285125395838727,6519242,NC
0.13787038688285744,6519243,NC
0.11288950908686346,6519244,NC
0.07790862056777278,6519245,NC
0.04292772132295439,6519246,NC
0.02794681134977861,6519247,NC
0.022965890645617278,6519248,NC
0.01798495920784378,6519249,NC
-0.001995982966167098,6519250,NC
-0.006976935879039012,6519251,NC
-0.036957899533394165,6519252,NC
-0.04193887393185339,6519253,NC
-0.031919859077035914,6519254,NC
-0.03190085497155948,6519255,NC
-0.051881861618040426,6519256,NC
-0.06186287901909364,6519257,NC
-0.08184390717733239,6519258,NC
-0.08182494609536857,6519259,NC
-0.06680599577581257,6519260,NC
-0.06678705622127323,6519261,NC
-0.07176812743435806,6519262,NC
-0.091749209417673,6519263,NC
-0.08173030217382238,6519264,NC
-0.10171140570540935,6519265,NC
-0.07169252001503522,6519266,NC
-0.06667364510530006,6519267,NC
-0.06665478097880247,6519268,NC
-0.07163592763813943,6519269,NC
-0.09661708508590644,6519270,NC
-0.07659825332469765,6519271,NC
-0.061579432357105626,6519272,NC
-0.056560622185721374,6519273,NC
-0.06154182281313465,6519274,NC
-0.0765230342419334,6519275,NC
-0.08150425647470436,6519276,NC
-0.07648548951403271,6519277,NC
-0.056466733362502075,6519278,NC
-0.05144798802269454,6519279,NC
-0.07142925349719098,6519280,NC
-0.08641052978857039,6519281,NC
-0.09139181689941053,6519282,NC
-0.08137311483228774,6519283,NC
-0.07135442358977656,6519284,NC
-0.04133574317445031,6519285,NC
-0.04131707358888079,6519286,NC
-0.0562984148356382,6519287,NC
-0.05627976691729131,6519288,NC
-0.046261129836407344,6519289,NC
-0.0512425035955521,6519290,NC
-0.03122388819728994,6519291,NC
-0.026205283644183577,6519292,NC
-0.04118668993879429,6519293,NC
-0.036168107083681955,6519294,NC
-0.04114953508140487,6519295,NC
-0.03113097393451987,6519296,NC
-0.01611242364558224,6519297,NC
-0.016093884217145832,6519298,NC
-0.036075355651762925,6519299,NC
-0.04605683795198444,6519300,NC
-0.046038331120359696,6519301,NC
-0.02101983515943648,6519302,NC
-0.0010013500717612756,6519303,NC
-0.030982875859878772,6519304,NC
-0.0259644125263324,6519305,NC
-0.04594596007366407,6519306,NC
-0.045927518504414094,6519307,NC
-0.025909087821121293,6519308,NC
-0.0008906680263231076,6519309,NC
-0.010872259122555378,6519310,NC
-0.01585386111235243,6519311,NC
-0.030835473998247223,6519312,NC
-0.03581709778277098,6519313,NC
-0.020798732468453637,6519314,NC
-0.01578037805782362,6519315,NC
-0.010762034553407712,6519316,NC
-0.020743701957731286,6519317,NC
-0.04072538027331829,6519318,NC
-0.020707069502690925,6519319,NC
-0.020688769648370117,6519320,NC
-0.010670480712875324,6519321,NC
-0.020652202698724212,6519322,NC
-0.030633935608433208,6519323,NC
-0.0406156794445172,6519324,NC
-0.025597434209489497,6519325,NC
-0.030579199905861915,6519326,NC
-0.015560976536144785,6519327,NC
-0.015542764102846898,6519328,NC
-0.03552456260847564,6519329,NC
-0.04050637205553678,6519330,NC
-0.030488192446534598,6519331,NC
-0.025470023783971923,6519332,NC
-0.010451866070350119,6519333,NC
-0.010433719308168804,6519334,NC
-0.02041558349992642,6519335,NC
-0.02539745864811964,6519336,NC
-0.0253793447552437,6519337,NC
-0.015361241823792449,6519338,NC
-0.010343149856258074,6519339,NC
-0.00532506885513126,6519340,NC
-0.015306998822901319,6519341,NC
-0.03528893976205594,6519342,NC
-0.03527089167508125,6519343,NC
-0.010252854564462024,6519344,NC
0.009765171567318556,6519345,NC
0.01478318671777891,6519346,NC
0.00980119088443876,6519347,NC
-0.00018081593518046168,6519348,NC
0.02483716625644413,6519349,NC
0.0348551374568368,6519350,NC
0.0598730976635236,6519351,NC
0.04489104687403188,6519352,NC
0.03990898508589049,6519353,NC
0.0399269122966299,6519354,NC
0.04494482850378215,6519355,NC
0.054962733704880536,6519356,NC
0.07998062789746022,6519357,NC
0.0849985110790576,6519358,NC
0.08001638324721064,6519359,NC
0.07003424439945899,6519360,NC
0.06505209453334364,6519361,NC
0.07506993364640709,6519362,NC
0.07008776173619348,6519363,NC
0.06510557880024839,6519364,NC
0.06012338483611894,6519365,NC
0.045141179841353796,6519366,NC
0.03515896381350306,6519367,NC
0.040176736750118396,6519368,NC
0.05519449864875305,6519369,NC
0.04021224950696171,6519370,NC
0.015229989322300505,6519371,NC
0.01024771809232733,6519372,NC
0.005265435814601371,6519373,NC
0.010283142486683425,6519374,NC
0.03030083810613586,6519375,NC
0.020318522670522435,6519376,NC
0.00033619617740852925,6519377,NC
-0.014646141375638938,6519378,NC
-0.004628489991051629,6519379,NC
-0.004610849671259604,6519380,NC
0.0054067795813086406,6519381,NC
0.0004243977642259811,6519382,NC
-0.034557995124933044,6519383,NC
-0.044540399088592364,6519384,NC
-0.05952281412917454,6519385,NC
-0.03950524024910042,6519386,NC
-0.01948767745078943,6519387,NC
-0.00447012573665953,6519388,NC
-0.014452585109126934,6519389,NC
-0.054435055570606544,6519390,NC
-0.044417537123511694,6519391,NC
-0.03440002977025414,6519392,NC
-0.024382533513244056,6519393,NC
-0.034365048354890335,6519394,NC
-0.039347574297599955,6519395,NC
-0.04433011134377869,6519396,NC
-0.04431265949583077,6519397,NC
-0.0242952187561586,6519398,NC
-0.01927778912716338,6519399,NC
-0.019260370611244665,6519400,NC
-0.039242963210800424,6519401,NC
-0.054225566928227206,6519402,NC
-0.0342081817659199,6519403,NC
-0.034190807726271935,6519404,NC
-0.034173444811675224,6519405,NC
-0.029156093024520213,6519406,NC
-0.039138752367195564,6519407,NC
-0.05412142284208871,6519408,NC
-0.03910410445158541,6519409,NC
-0.0340867971980698,6519410,NC
-0.029069501083924684,6519411,NC
-0.029052216111531193,6519412,NC
-0.044034942283268916,6519413,NC
-0.059017679601516035,6519414,NC
-0.03900042806864905,6519415,NC
-0.033983187687042976,6519416,NC
-0.028965958459071392,6519417,NC
-0.0339487403871062,6519418,NC
-0.03893153347351777,6519419,NC
-0.03391433772067512,6519420,NC
-0.03389715313094552,6519421,NC
-0.013879979706694717,6519422,NC
-0.0038628174502871315,6519423,NC
0.006154333635914597,6519424,NC
0.006171473549549264,6519425,NC
0.01118860228825709,6519426,NC
0.04620571984968015,6519427,NC
0.08122282623146175,6519428,NC
0.1262399214312468,6519429,NC
0.17125700544668185,6519430,NC
0.23627407827541497,6519431,NC
0.3062911399150956,6519432,NC
0.401308190363375,6519433,NC
0.4513252296179058,6519434,NC
0.5063422576763421,6519435,NC
0.48635927453633976,6519436,NC
0.4313762801955559,6519437,NC
0.36139327465164955,6519438,NC
0.2864102579022808,6519439,NC
0.23642722994511184,6519440,NC
0.25644419077780595,6519441,NC
0.3014611403980282,6519442,NC
0.3914780788034451,6519443,NC
0.5164950059917246,6519444,NC
0.6815119219605366,6519445,NC
0.8115288267075521,6519446,NC
0.9165457202304437,6519447,NC
0.9765626025268859,6519448,NC
0.9815794735945543,6519449,NC
0.9065963334311263,6519450,L
0.801613182034281,6519451,NC
0.7116300194016986,6519452,NC
0.6416468455310611,6519453,NC
0.5616636604200521,6519454,NC
0.4816804640663568,6519455,NC
0.36169725646766165,6519456,NC
0.2567140376216549,6519457,NC
0.17673080752602624,6519458,NC
0.071747566178467,6519459,NC
-0.03823568642332999,6519460,NC
-0.13821895028167042,6519461,NC
-0.1932022253988583,6519462,NC
-0.20318551177719613,6519463,NC
-0.208168809418985,6519464,NC
-0.16815211832652427,6519465,NC
-0.14313543850211177,6519466,NC
-0.1331187699480439,6519467,NC
-0.10310211266661537,6519468,NC
-0.0780854666601194,6519469,NC
-0.05306883193084774,6519470,NC
-0.028052208481090357,6519471,NC
-0.0430355963131359,6519472,NC
-0.06801899542927145,6519473,NC
-0.0730024058317823,6519474,NC
-0.05798582752295245,6519475,NC
-0.042969260505064236,6519476,NC
-0.03795270478039846,6519477,NC
-0.04793616035123434,6519478,NC
-0.05791962721984954,6519479,NC
-0.047903105388520176,6519480,NC
-0.04788659485952085,6519481,NC
-0.032870095635124635,6519482,NC
-0.02785360771760284,6519483,NC
-0.022837131109225473,6519484,NC
-0.03282066581226095,6519485,NC
-0.04280421182897587,6519486,NC
-0.032787769161635616,6519487,NC
-0.0177713378125038,6519488,NC
-0.007754917783842491,6519489,NC
-0.017738509077912343,6519490,NC
-0.02272211169697229,6519491,NC
-0.01770572564327977,6519492,NC
-0.012689350919090694,6519493,NC
0.002327012473340634,6519494,NC
0.012343364531761492,6519495,NC
0.022359705253920628,6519496,NC
-0.0026239653624315906,6519497,NC
-0.01260764731954317,6519498,NC
0.012408659380339263,6519499,NC
0.022424954734970845,6519500,NC
0.03744123874210817,6519501,NC
0.037457511399509355,6519502,NC
0.02747377270493418,6519503,NC
0.032490022656143966,6519504,NC
0.042506261250901504,6519505,NC
0.06252248848697123,6519506,NC
0.07253870436211922,6519507,NC
0.06755490887411286,6519508,NC
0.06757110202072145,6519509,NC
0.06758728379971557,6519510,NC
0.07760345420886738,6519511,NC
0.1076196132459509,6519512,NC
0.12263576090874137,6519513,NC
0.1276518971950157,6519514,NC
0.13266802210255246,6519515,NC
0.14268413562913174,6519516,NC
0.1527002377725351,6519517,NC
0.1727163285305459,6519518,NC
0.18773240790094875,6519519,NC
0.20274847588153003,6519520,NC
0.20276453247007775,6519521,NC
0.19778057766438134,6519522,NC
0.21279661146223172,6519523,NC
0.2528126338614217,6519524,NC
0.2578286448597453,6519525,NC
0.26784464445499845,6519526,NC
0.2728606326449784,6519527,NC
0.272876609427484,6519528,NC
0.29289257480031566,6519529,NC
0.2929085287612756,6519530,NC
0.31292447130816736,6519531,NC
0.32794040243879596,6519532,NC
0.33795632215096844,6519533,NC
0.3629722304424929,6519534,NC
0.36298812731117924,6519535,NC
0.3980040127548391,6519536,NC
0.4180198867712853,6519537,NC
0.4330357493583326,6519538,NC
0.4330516005137972,6519539,NC
0.4280674402354968,6519540,NC
0.4330832685212508,6519541,NC
0.43309908536888,6519542,NC
0.43811489077620697,6519543,NC
0.42313068474105575,6519544,NC
0.403146467261252,6519545,NC
0.3631622383346228,6519546,NC
0.35817799795899713,6519547,NC
0.33819374613220526,6519548,NC
0.3332094828520791,6519549,NC
0.3032252081164522,6519550,NC
0.2682409219231597,6519551,NC
0.23325662427003813,6519552,NC
0.23327231515492586,6519553,NC
0.2482879945756627,6519554,NC
0.23330366253009005,6519555,NC
0.2183193190160509,6519556,NC
0.1983349640313898,6519557,NC
0.16335059757395282,6519558,NC
0.16836621964158782,6519559,NC
0.16838183023214404,6519560,NC
0.18339742934347222,6519561,NC
0.17341301697342507,6519562,NC
0.15842859311985646,6519563,NC
0.13844415778062205,6519564,NC
0.14345971095357912,6519565,NC
0.1534752526365864,6519566,NC
0.16349078282750412,6519567,NC
0.15850630152419448,6519568,NC
0.13352180872452082,6519569,NC
0.13353730442634837,6519570,NC
0.13855278862754375,6519571,NC
0.15356826132597529,6519572,NC
0.1585837225195128,6519573,NC
0.1535991722060278,6519574,NC
0.12861461038339328,6519575,NC
0.11863003704948384,6519576,NC
0.12864545220217574,6519577,NC
0.14366085583934668,6519578,NC
0.15867624795887608,6519579,NC
0.14869162855864498,6519580,NC
0.12870699763653576,6519581,NC
0.13872235519043266,6519582,NC
0.13373770121822137,6519583,NC
0.15875303571778915,6519584,NC
0.163768358687025,6519585,NC
0.1637836701238193,6519586,NC
0.14879897002606413,6519587,NC
0.13881425839165315,6519588,NC
0.14882953521848163,6519589,NC
0.1688448005044464,6519590,NC
0.18386005424744578,6519591,NC
0.18387529644537987,6519592,NC
0.16389052709615026,6519593,NC
0.16390574619766018,6519594,NC
0.15892095374781434,6519595,NC
0.17893614974451905,6519596,NC
0.1839513341856824,6519597,NC
0.18396650706921389,6519598,NC
0.1739816683930246,6519599,NC
0.16899681815502732,6519600,NC
0.17401195635313638,6519601,NC
0.17902708298526765,6519602,NC
0.1940421980493387,6519603,NC
0.1840573015432686,6519604,NC
0.17407239346497796,6519605,NC
0.16408747381238925,6519606,NC
0.15410254258342618,6519607,NC
0.17911759977601427,6519608,NC
0.18413264538808066,6519609,NC
0.1941476794175539,6519610,NC
0.1791627018623643,6519611,NC
0.16917771272044374,6519612,NC
0.16419271198972563,6519613,NC
0.17920769966814498,6519614,NC
0.19922267575363853,6519615,NC
0.1842376402441444,6519616,NC
0.17425259313760244,6519617,NC
0.1742675344319542,6519618,NC
0.16928246412514253,6519619,NC
0.17929738221511213,6519620,NC
0.18931228869980923,6519621,NC
0.1893271835771816,6519622,NC
0.17434206684517872,6519623,NC
0.14935693850175158,6519624,NC
0.15437179854485272,6519625,NC
0.1643866469724364,6519626,NC
0.19940148378245848,6519627,NC
0.17441630897287624,6519628,NC
0.16443112254164882,6519629,NC
0.16444592448673673,6519630,NC
0.14946071480610224,6519631,NC
0.17447549349770916,6519632,NC
0.19449026055952287,6519633,NC
0.1895050159895103,6519634,NC
0.17451975978564024,6519635,NC
0.1545344919458828,6519636,NC
0.15454921246820974,6519637,NC
0.18456392135059457,6519638,NC
0.18957861859101227,6519639,NC
0.19459330418743945,6519640,NC
0.1796079781378544,6519641,NC
0.1646226404402369,6519642,NC
0.1646372910925683,6519643,NC
0.19465193009283183,6519644,NC
0.2046665574390119,6519645,NC
0.18968117312909494,6519646,NC
0.17469577716106877,6519647,NC
0.15971036953292272,6519648,NC
0.18472495024264798,6519649,NC
0.1997395192882372,6519650,NC
0.1997540766676846,6519651,NC
0.21976862237898603,6519652,NC
0.22478315642013907,6519653,NC
0.22479767878914272,6519654,NC
0.2398121894839977,6519655,NC
0.2448266885027064,6519656,NC
0.2598411758432726,6519657,NC
0.23485565150370188,6519658,NC
0.23987011548200143,6519659,NC
0.24488456777617984,6519660,NC
0.25989900838424757,6519661,NC
0.2799134373042166,6519662,NC
0.2899278545341003,6519663,NC
0.29994226007191405,6519664,NC
0.2849566539156746,6519665,NC
0.2699710360634002,6519666,NC
0.279985406513111,6519667,NC
0.2849997652628285,6519668,NC
0.290014112310576,6519669,NC
0.28502844765437835,6519670,NC
0.27004277129226195,6519671,NC
0.2500570832222548,6519672,NC
0.25507138344238667,6519673,NC
0.25508567195068876,6519674,NC
0.270099948745194,6519675,NC
0.24011421382393694,6519676,NC
0.2251284671849536,6519677,NC
0.20514270882628177,6519678,NC
0.20015693874596086,6519679,NC
0.20017115694203175,6519680,NC
0.22018536341253692,6519681,NC
0.22019955815552072,6519682,NC
0.22021374116902886,6519683,NC
0.19522791245110876,6519684,NC
0.18524207199980955,6519685,NC
0.20025621981318176,6519686,NC
0.21027035588927767,6519687,NC
0.2052844802261512,6519688,NC
0.18529859282185784,6519689,NC
0.1603126936744546,6519690,NC
0.17532678278200037,6519691,NC
0.2003408601425554,6519692,NC
0.22035492575418164,6519693,NC
0.20536897961494271,6519694,NC
0.18538302172290377,6519695,NC
0.16539705207613167,6519696,NC
0.17041107067269481,6519697,NC
0.18042507751066325,6519698,NC
0.19543907258810872,6519699,NC
0.19045305590310443,6519700,NC
0.1854670274537253,6519701,NC
0.15548098723804787,6519702,NC
0.17049493525415033,6519703,NC
0.19050887150011236,6519704,NC
0.1905227959740154,6519705,NC
0.18553670867394248,6519706,NC
0.1705506095979782,6519707,NC
0.17556449874420882,6519708,NC
0.17557837611072222,6519709,NC
0.20059224169560785,6519710,NC
0.2156060954969569,6519711,NC
0.20561993751286206,6519712,NC
0.19063376774141763,6519713,NC
0.18564758618071975,6519714,NC
0.20066139282886591,6519715,NC
0.21067518768395538,6519716,NC
0.215688970744089,6519717,NC
0.21570274200736927,6519718,NC
0.21071650147190024,6519719,NC
0.2007302491357877,6519720,NC
0.19574398499713896,6519721,NC
0.220757709054063,6519722,NC
0.23577142130467044,6519723,NC
0.2257851217470735,6519724,NC
0.215798810379386,6519725,NC
0.21081248719972345,6519726,NC
0.235826152206203,6519727,NC
0.25583980539694323,6519728,NC
0.29085344677006464,6519729,NC
0.32086707632368916,6519730,NC
0.34588069405594046,6519731,NC
0.3908942999649437,6519732,NC
0.49590789404882574,6519733,NC
0.6009214763057151,6519734,NC
0.6759350467337419,6519735,NC
0.710948605331038,6519736,NC
0.6809621520957366,6519737,NC
0.6459756870259729,6519738,NC
0.5659892101198832,6519739,NC
0.49600272137560614,6519740,NC
0.5060162207912815,6519741,NC
0.5510297083650507,6519742,NC
0.631043184095057,6519743,NC
0.7610566479794452,6519744,NC
0.9260701000163616,6519745,NC
1.0610835402039545,6519746,NC
1.1710969685403732,6519747,NC
1.2611103850237693,6519748,NC
1.2511237896522958,6519749,L
1.151137182424107,6519750,NC
1.0411505633373592,6519751,NC
0.9261639323902104,6519752,NC
0.86117728958082,6519753,NC
0.7711906349073491,6519754,NC
0.6562039683679602,6519755,NC
0.5512172899608182,6519756,NC
0.4312305996840885,6519757,NC
0.33124389753593925,6519758,NC
0.23125718351453944,6519759,NC
0.1312704576180601,6519760,NC
0.056283719844673744,6519761,NC
0.021296970192554512,6519762,NC
0.011310208659878251,6519763,NC
0.03132343524482246,6519764,NC
0.06633664994556616,6519765,NC
0.08134985276029005,6519766,NC
0.1263630436871766,6519767,NC
0.14137622272440972,6519768,NC
0.17138938987017507,6519769,NC
0.19140254512265995,6519770,NC
0.2114156884800532,6519771,NC
0.2064288199405454,6519772,NC
0.19644193950232877,6519773,NC
0.18145504716359706,6519774,NC
0.20146814292254583,6519775,NC
0.20648122677737213,6519776,NC
0.22149429872627463,6519777,NC
0.21650735876745375,6519778,NC
0.2165204068991116,6519779,NC
0.2115334431194517,6519780,NC
0.21654646742667938,6519781,NC
0.22655947981900162,6519782,NC
0.24657248029462697,6519783,NC
0.24158546885176568,6519784,NC
0.21659844548862955,6519785,NC
0.2116114102034321,6519786,NC
0.22162436299438848,6519787,NC
0.2266373038597155,6519788,NC
0.24665023279763149,6519789,NC
0.2366631498063566,6519790,NC
0.22167605488411252,6519791,NC
0.21668894802912256,6519792,NC
0.2317018292396118,6519793,NC
0.24671469851380678,6519794,NC
0.25172755584993584,6519795,NC
0.2517404012462289,6519796,NC
0.23675323470091741,6519797,NC
0.22676605621223478,6519798,NC
0.24177886577841573,6519799,NC
0.26179166339769677,6519800,NC
0.2768044490683161,6519801,NC
0.2868172227885135,6519802,NC
0.26682998455653034,6519803,NC
0.2668427343706097,6519804,NC
0.2768554722289964,6519805,NC
0.29686819812993676,6519806,NC
0.3018809120716788,6519807,NC
0.3068936140524721,6519808,NC
0.3019063040705681,6519809,NC
0.28691898212421973,6519810,NC
0.31193164821168157,6519811,NC
0.33194430233120975,6519812,NC
0.33695694448106245,6519813,NC
0.346969574659499,6519814,NC
0.3369821928647806,6519815,NC
0.3219947990951702,6519816,NC
0.3520073933489323,6519817,NC
0.3620199756243329,6519818,NC
0.3870325459196398,6519819,NC
0.3970451042331226,6519820,NC
0.3970576505630523,6519821,NC
0.3970701849077017,6519822,NC
0.40708270726534507,6519823,NC
0.43209521763425845,6519824,NC
0.45210771601271965,6519825,NC
0.45712020239900797,6519826,NC
0.45713267679140435,6519827,NC
0.45714513918819144,6519828,NC
0.4671575895876536,6519829,NC
0.4921700279880767,6519830,NC
0.5121824543877483,6519831,NC
0.5171948687849579,6519832,NC
0.5122072711779961,6519833,NC
0.5172196615651556,6519834,NC
0.5322320399447306,6519835,NC
0.5422444063150169,6519836,NC
0.5672567606743121,6519837,NC
0.5972691030209153,6519838,NC
0.5972814333531274,6519839,NC
0.5972937516692508,6519840,NC
0.6073060579675897,6519841,NC
0.6273183522464497,6519842,NC
0.6273306345041385,6519843,NC
0.622342904738965,6519844,NC
0.6023551629492401,6519845,NC
0.5673674091332761,6519846,NC
0.557379643289387,6519847,NC
0.5373918654158887,6519848,NC
0.5424040755110985,6519849,NC
0.5174162735733353,6519850,NC
0.49242845960091997,6519851,NC
0.4474406335921748,6519852,NC
0.4274527955454237,6519853,NC
0.4224649454589924,6519854,NC
0.41247708333120814,6519855,NC
0.38748920916039997,6519856,NC
0.37250132294489857,6519857,NC
0.34751342468303614,6519858,NC
0.3275255143731466,6519859,NC
0.34253759201356565,6519860,NC
0.3475496576026305,6519861,NC
0.33756171113868005,6519862,NC
0.32257375262005494,6519863,NC
0.29758578204509734,6519864,NC
0.2975977994121512,6519865,NC
0.3026098047195621,6519866,NC
0.30762179796567723,6519867,NC
0.28763377914884547,6519868,NC
0.2726457482674174,6519869,NC
0.2676577053197452,6519870,NC
0.2526696503041827,6519871,NC
0.2676815832190855,6519872,NC
0.2826935040628107,6519873,NC
0.2727054128337172,6519874,NC
0.24771730953016552,6519875,NC
0.2427291941505178,6519876,NC
0.2527410666931379,6519877,NC
0.2577529271563914,6519878,NC
0.2677647755386453,6519879,NC
0.2677766118382685,6519880,NC
0.2477884360536316,6519881,NC
0.23780024818310655,6519882,NC
0.2478120482250673,6519883,NC
0.24782383617788933,6519884,NC
0.2578356120399497,6519885,NC
0.2728473758096273,6519886,NC
0.2578591274853026,6519887,NC
0.24287086706535765,6519888,NC
0.2428825945481764,6519889,NC
0.25289430993214423,6519890,NC
0.2779060132156483,6519891,NC
0.2679177043970773,6519892,NC
0.2579293834748219,6519893,NC
0.2329410504472741,6519894,NC
0.22795270531282774,6519895,NC
0.2579643480698783,6519896,NC
0.2679759787168228,6519897,NC
0.26798759725206023,6519898,NC
0.247999203673991,6519899,NC
0.24301079798101716,6519900,NC
0.23802238017154254,6519901,NC
0.2580339502439727,6519902,NC
0.26304550819671463,6519903,NC
0.25805705402817736,6519904,NC
0.24806858773677115,6519905,NC
0.22308010932090822,6519906,NC
0.22809161877900247,6519907,NC
0.2481031161094693,6519908,NC
0.2581146013107259,6519909,NC
0.248126074381191,6519910,NC
0.23813753531928522,6519911,NC
0.2231489841234307,6519912,NC
0.23316042079205124,6519913,NC
0.23817184532357233,6519914,NC
0.2631832577164212,6519915,NC
0.24819465796902673,6519916,NC
0.22820604607981937,6519917,NC
0.2032174220472313,6519918,NC
0.22822878586969647,6519919,NC
0.2232401375456503,6519920,NC
0.24325147707353006,6519921,NC
0.23326280445177466,6519922,NC
0.22827411967882463,6519923,NC
0.21328542275312215,6519924,NC
0.22829671367311122,6519925,NC
0.21830799243723725,6519926,NC
0.23831925904394763,6519927,NC
0.22333051349169128,6519928,NC
0.21334175577891867,6519929,NC
0.2083529859040822,6519930,NC
0.20836420386563576,6519931,NC
0.21837540966203492,6519932,NC
0.22338660329173704,6519933,NC
0.22339778475320105,6519934,NC
0.21340895404488758,6519935,NC
0.18842011116525897,6519936,NC
0.21343125611277924,6519937,NC
0.21844238888591405,6519938,NC
0.23345350948313065,6519939,NC
0.22846461790289818,6519940,NC
0.20347571414368726,6519941,NC
0.19848679820397033,6519942,NC
0.19349787008222136,6519943,NC
0.20850892977691615,6519944,NC
0.2235199772865321,6519945,NC
0.22353101260954827,6519946,NC
0.20854203574444535,6519947,NC
0.19855304668970591,6519948,NC
0.19856404544381395,6519949,NC
0.20357503200525537,6519950,NC
0.21858600637251757,6519951,NC
0.21359696854408972,6519952,NC
0.19860791851846266,6519953,NC
0.18861885629412894,6519954,NC
0.19862978186958263,6519955,NC
0.2136406952433197,6519956,NC
0.2136515964138377,6519957,NC
0.2386624853796358,6519958,NC
0.23367336213921497,6519959,NC
0.23368422669107777,6519960,NC
0.23869507903372844,6519961,NC
0.248705919165673,6519962,NC
0.253716747085419,6519963,NC
0.24872756279147584,6519964,NC
0.23373836628235448,6519965,NC
0.2337491575565676,6519966,NC
0.2337599366126295,6519967,NC
0.2687707034490563,6519968,NC
0.2637814580643657,6519969,NC
0.2837922004570771,6519970,NC
0.2788029306257116,6519971,NC
0.2638136485687919,6519972,NC
0.27382435428484253,6519973,NC
0.27883504777238965,6519974,NC
0.2838457290299611,6519975,NC
0.2738563980560862,6519976,NC
0.2638670548492963,6519977,NC
0.24387769940812426,6519978,NC
0.23888833173110458,6519979,NC
0.2438989518167736,6519980,NC
0.2539095596636691,6519981,NC
0.22892015527033086,6519982,NC
0.21893073863530005,6519983,NC
0.1989413097571197,6519984,NC
0.18895186863433444,6519985,NC
0.18396241526549068,6519986,NC
0.1989729496491364,6519987,NC
0.19398347178382136,6519988,NC
0.183993981668097,6519989,NC
0.17900447930051633,6519990,NC
0.16401496467963422,6519991,NC
0.18402543780400715,6519992,NC
0.18903589867219317,6519993,NC
0.16904634728275222,6519994,NC
0.15905678363424586,6519995,NC
0.14906720772523718,6519996,NC
0.12907761955429117,6519997,NC
0.1490880191199745,6519998,NC
0.15909840642085532,6519999,NC
0.14410878145550365,6520000,NC
0.1241191442224912,6520001,NC
0.14412949472039127,6520002,NC
0.13913983294777893,6520003,NC
0.1341501589032309,6520004,NC
0.1441604725853256,6520005,NC
0.13917077399264313,6520006,NC
0.11918106312376531,6520007,NC
0.10919133997727559,6520008,NC
0.1292016045517592,6520009,NC
0.134211856845803,6520010,NC
0.12422209685799546,6520011,NC
0.12423232458692697,6520012,NC
0.1242425400311894,6520013,NC
0.10925274318937638,6520014,NC
0.11426293406008323,6520015,NC
0.11427311264190698,6520016,NC
0.12928327893344635,6520017,NC
0.12429343293330176,6520018,NC
0.12430357464007526,6520019,NC
0.10931370405237062,6520020,NC
0.1043238211687934,6520021,NC
0.1143339259879507,6520022,NC
0.13434401850845137,6520023,NC
0.12935409872890602,6520024,NC
0.10436416664792685,6520025,NC
0.09937422226412784,6520026,NC
0.08938426557612464,6520027,NC
0.10439429658253455,6520028,NC
0.1294043152819766,6520029,NC
0.1194143216730715,6520030,NC
0.1144243157544417,6520031,NC
0.10443429752471126,6520032,NC
0.10944426698250605,6520033,NC
0.11945422412645347,6520034,NC
0.12946416895518278,6520035,NC
0.1344741014673249,6520036,NC
0.11948402166151237,6520037,NC
0.09949392953637944,6520038,NC
0.10950382509056218,6520039,NC
0.12951370832269812,6520040,NC
0.14952357923142678,6520041,NC
0.1495334378153892,6520042,NC
0.13954328407322802,6520043,NC
0.12455311800358781,6520044,NC
0.14956293960511474,6520045,NC
0.17957274887645652,6520046,NC
0.19958254581626292,6520047,NC
0.23459233042318506,6520048,NC
0.25460210269587585,6520049,NC
0.30961186263299,6520050,NC
0.38962161023318387,6520051,NC
0.44963134549511546,6520052,NC
0.5146410684174445,6520053,NC
0.5446507789988325,6520054,NC
0.5346604772379425,6520055,NC
0.4996701631334394,6520056,NC
0.44967983668398975,6520057,NC
0.39468949788826174,6520058,NC
0.32469914674492534,6520059,NC
0.2747087832526522,6520060,NC
0.2647184074101156,6520061,NC
0.3097280192159906,6520062,NC
0.414737618668954,6520063,NC
0.5447472057676841,6520064,NC
0.6897567805108611,6520065,NC
0.8147663428971669,6520066,NC
0.899775892925285,6520067,NC
0.9747854305939007,6520068,NC
1.0447949559017007,6520069,NC
1.039804468847374,6520070,L
0.9848139694296109,6520071,NC
0.854823457647103,6520072,NC
0.7448329334985446,6520073,NC
0.6298423969826309,6520074,NC
0.549851848098059,6520075,NC
0.45986128684352784,6520076,NC
0.379870713217738,6520077,NC
0.2598801272193918,6520078,NC
0.12988952884719313,6520079,NC
0.019898918099847646,6520080,NC
-0.03509170502393724,6520081,NC
-0.09508234052545249,6520082,NC
-0.11507298840598723,6520083,NC
-0.1550636486668291,6520084,NC
-0.16505432130926379,6520085,NC
-0.16504500633457547,6520086,NC
-0.12503570374404654,6520087,NC
-0.07502641353895763,6520088,NC
-0.04501713572058777,6520089,NC
-0.005007870290214267,6520090,NC
0.015001382750887332,6520091,NC
0.02501062340144314,6520092,NC
0.06001985166018099,6520093,NC
0.07002906752583046,6520094,NC
0.07003827099712276,6520095,NC
0.07004746207279082,6520096,NC
0.05005664075156937,6520097,NC
0.050065807032194716,6520098,NC
0.050074960913404916,6520099,NC
0.060084102393939826,6520100,NC
0.09009323147254086,6520101,NC
0.08010234814795125,6520102,NC
0.07511145241891591,6520103,NC
0.0701205442841814,6520104,NC
0.07512962374249607,6520105,NC
0.09013869079260996,6520106,NC
0.10514774543327475,6520107,NC
0.09015678766324393,6520108,NC
0.08516581748127267,6520109,NC
0.08017483488611775,6520110,NC
0.0801838398765378,6520111,NC
0.09019283245129309,6520112,NC
0.11020181260914558,6520113,NC
0.10521078034885899,6520114,NC
0.09021973566919875,6520115,NC
0.09522867856893191,6520116,NC
0.08523760904682733,6520117,NC
0.09524652710165558,6520118,NC
0.13025543273218884,6520119,NC
0.1252643259372011,6520120,NC
0.11527320671546806,6520121,NC
0.11528207506576701,6520122,NC
0.10029093098687714,6520123,NC
0.12529977447757923,6520124,NC
0.14530860553665567,6520125,NC
0.14031742416289084,6520126,NC
0.14032623035507064,6520127,NC
0.13533502411198262,6520128,NC
0.1503438054324162,6520129,NC
0.17035257431516249,6520130,NC
0.19036133075901424,6520131,NC
0.18537007476276596,6520132,NC
0.17537880632521383,6520133,NC
0.17538752544515573,6520134,NC
0.1853962321213914,6520135,NC
0.2004049263527221,6520136,NC
0.2154136081379509,6520137,NC
0.21042227747588266,6520138,NC
0.21043093436532379,6520139,NC
0.20043957880508245,6520140,NC
0.22544821079396865,6520141,NC
0.25545683033079397,6520142,NC
0.28046543741437174,6520143,NC
0.28047403204351706,6520144,NC
0.2754826142170466,6520145,NC
0.270491183933779,6520146,NC
0.2754997411925344,6520147,NC
0.30550828599213464,6520148,NC
0.33051681833140345,6520149,NC
0.3305253382091662,6520150,NC
0.3355338456242498,6520151,NC
0.33554234057548316,6520152,NC
0.34055082306169676,6520153,NC
0.3605592930817228,6520154,NC
0.3805677506343951,6520155,NC
0.3805761957185495,6520156,NC
0.3905846283330232,6520157,NC
0.37559304847665537,6520158,NC
0.4006014561482868,6520159,NC
0.42560985134676,6520160,NC
0.44561823407091905,6520161,NC
0.4456266043196101,6520162,NC
0.4506349620916807,6520163,NC
0.44564330738598024,6520164,NC
0.4606516402013599,6520165,NC
0.4606599605366724,6520166,NC
0.4956682683907723,6520167,NC
0.4806765637625159,6520168,NC
0.47068484665076105,6520169,NC
0.4406931170543676,6520170,NC
0.41570137497219684,6520171,NC
0.42070962040311194,6520172,NC
0.39571785334597775,6520173,NC
0.37572607379966083,6520174,NC
0.34073428176302945,6520175,NC
0.31074247723495363,6520176,NC
0.29575066021430507,6520177,NC
0.28575883069995733,6520178,NC
0.2807669886907854,6520179,NC
0.25077513418566627,6520180,NC
0.21578326718347848,6520181,NC
0.18579138768310244,6520182,NC
0.18079949568342013,6520183,NC
0.19580759118331537,6520184,NC
0.1958156741816736,6520185,NC
0.16082374467738203,6520186,NC
0.15583180266932958,6520187,NC
0.12583984815640697,6520188,NC
0.11584788113750652,6520189,NC
0.12585590161152233,6520190,NC
0.1408639095773502,6520191,NC
0.1308719050338877,6520192,NC
0.1158798879800341,6520193,NC
0.10588785841469033,6520194,NC
0.11089581633675914,6520195,NC
0.11090376174514494,6520196,NC
0.11591169463875389,6520197,NC
0.10591961501649383,6520198,NC
0.09592752287727441,6520199,NC
0.08593541822000694,6520200,NC
0.07594330104360443,6520201,NC
0.08595117134698166,6520202,NC
0.08595902912905513,6520203,NC
0.09096687438874307,6520204,NC
0.08097470712496538,6520205,NC
0.05598252733664372,6520206,NC
0.06599033502270152,6520207,NC
0.07099813018206387,6520208,NC
0.08100591281365763,6520209,NC
0.07601368291641128,6520210,NC
0.07602144048925519,6520211,NC
0.06602918553112133,6520212,NC
0.07103691804094343,6520213,NC
0.07604463801765701,6520214,NC
0.07605234546019919,6520215,NC
0.0760600403675089,6520216,NC
0.07606772273852679,6520217,NC
0.0510753925721952,6520218,NC
0.04608304986745823,6520219,NC
0.0710906946232617,6520220,NC
0.08609832683855316,6520221,NC
0.07610594651228186,6520222,NC
0.05611355364339882,6520223,NC
0.051121148230856735,6520224,NC
0.04612873027361006,6520225,NC
0.07113629977061497,6520226,NC
0.07614385672082939,6520227,NC
0.06615140112321291,6520228,NC
0.05615893297672693,6520229,NC
0.0461664522803345,6520230,NC
0.05117395903300045,6520231,NC
0.051181453233691325,6520232,NC
0.051188934881375374,6520233,NC
0.05619640397502261,6520234,NC
0.041203860513604765,6520235,NC
0.031211304496095257,6520236,NC
0.02121873592146932,6520237,NC
0.046226154788703844,6520238,NC
0.05123356109677745,6520239,NC
0.0462409548446705,6520240,NC
0.04124833603136516,6520241,NC
0.036255704655845176,6520242,NC
0.03126306071709614,6520243,NC
0.036270404214105344,6520244,NC
0.046277735145861795,6520245,NC
0.04628505351135627,6520246,NC
0.026292359309581195,6520247,NC
0.026299652539530788,6520248,NC
0.011306933200201014,6520249,NC
0.02131420129058953,6520250,NC
0.026321456809695692,6520251,NC
0.04132869975652069,6520252,NC
0.031335930130067344,6520253,NC
0.01634314792934026,6520254,NC
0.006350353153345756,6520255,NC
0.016357545801091902,6520256,NC
0.036364725871588406,6520257,NC
0.02637189336384689,6520258,NC
0.01637904827688054,6520259,NC
0.0013861906097043242,6520260,NC
-0.008606679638665002,6520261,NC
0.011400437530790966,6520262,NC
0.026407542117092425,6520263,NC
0.011414634119261288,6520264,NC
0.011421713536321182,6520265,NC
0.006428780367297424,6520266,NC
-0.00356416538878275,6520267,NC
0.016442876267109385,6520268,NC
0.026449905334004417,6520269,NC
0.011456921810934703,6520270,NC
-0.013536074303065762,6520271,NC
-0.013529083008961204,6520272,NC
-0.013522104307714111,6520273,NC
0.001484861799714729,6520274,NC
0.006491815312366339,6520275,NC
-0.008501243770716593,6520276,NC
-0.008494315450489662,6520277,NC
-0.013487399727906649,6520278,NC
-0.003480496603919664,6520279,NC
-0.008473606079479098,6520280,NC
0.02653327184446648,6520281,NC
0.016540137166970156,6520282,NC
0.011546989887086773,6520283,NC
0.011553830003872945,6520284,NC
0.03156065751638695,6520285,NC
0.04656747242368883,6520286,NC
0.046574274724840437,6520287,NC
0.02158106441890524,6520288,NC
0.006587841504948497,6520289,NC
0.01659460598203724,6520290,NC
0.03660135784924017,6520291,NC
0.02660809710562774,6520292,NC
0.0716148237502722,6520293,NC
0.07162153778224746,6520294,NC
0.06162823920062917,6520295,NC
0.05163492800449478,6520296,NC
0.056641604192923425,6520297,NC
0.06164826776499599,6520298,NC
0.061654918719795115,6520299,NC
0.05666155705640512,6520300,NC
0.04166818277391211,6520301,NC
0.01667479587140397,6520302,NC
0.026681396347970218,6520303,NC
0.02168798420270214,6520304,NC
0.04169455943469287,6520305,NC
0.016701122043037114,6520306,NC
-0.003292327973168585,6520307,NC
-0.018285790614825936,6520308,NC
-0.023279265882834993,6520309,NC
-0.01327275377809399,6520310,NC
-0.008266254301499451,6520311,NC
-0.023259767453946187,6520312,NC
-0.03325329323632721,6520313,NC
-0.04824683164953385,6520314,NC
-0.04824038269445567,6520315,NC
-0.043233946371980525,6520316,NC
-0.028227522682994458,6520317,NC
-0.028221111628381867,6520318,NC
-0.043214713209025396,6520319,NC
-0.06320832742580583,6520320,NC
-0.053201954279602365,6520321,NC
-0.05819559377129237,6520322,NC
-0.0531892459017515,6520323,NC
-0.0881829106718537,6520324,NC
-0.07817658808247115,6520325,NC
-0.09817027813447421,6520326,NC
-0.07316398082873168,6520327,NC
-0.06315769616611042,6520328,NC
-0.05815142414747569,6520329,NC
-0.07314516477369097,6520330,NC
-0.10313891804561795,6520331,NC
-0.11813268396411664,6520332,NC
-0.09312646253004535,6520333,NC
-0.08812025374426048,6520334,NC
-0.0731140576076169,6520335,NC
-0.09810787412096757,6520336,NC
-0.10810170328516379,6520337,NC
-0.11309554510105509,6520338,NC
-0.10808939956948935,6520339,NC
-0.0980832666913125,6520340,NC
-0.08807714646736893,6520341,NC
-0.09807103889850126,6520342,NC
-0.12306494398555022,6520343,NC
-0.128058861729355,6520344,NC
-0.12805279213075288,6520345,NC
-0.10804673519057946,6520346,NC
-0.09304069090966863,6520347,NC
-0.09803465928885254,6520348,NC
-0.1180286403289615,6520349,NC
-0.13302263403082423,6520350,NC
-0.12801664039526753,6520351,NC
-0.10801065942311659,6520352,NC
-0.10800469111519483,6520353,NC
-0.09299873547232386,6520354,NC
-0.12299279249532365,6520355,NC
-0.12798686218501237,6520356,NC
-0.1329809445422064,6520357,NC
-0.11297503956772047,6520358,NC
-0.10296914726236753,6520359,NC
-0.10796326762695872,6520360,NC
-0.11295740066230352,6520361,NC
-0.1279515463692097,6520362,NC
-0.13294570474848313,6520363,NC
-0.10293987580092809,6520364,NC
-0.10293405952734705,6520365,NC
-0.1079282559285407,6520366,NC
-0.11292246500530805,6520367,NC
-0.12291668675844636,6520368,NC
-0.09791092118875108,6520369,NC
-0.06790516829701601,6520370,NC
-0.032899428084033136,6520371,NC
-0.012893700550592677,6520372,NC
0.017112014302516798,6520373,NC
0.04211771647450854,6520374,NC
0.09712340596459755,6520375,NC
0.1721290827720005,6520376,NC
0.22213474689593593,6520377,NC
0.26714039833562403,6520378,NC
0.29214603709028675,6520379,NC
0.26715166315914773,6520380,NC
0.2321572765414326,6520381,NC
0.18216287723636837,6520382,NC
0.12216846524318414,6520383,NC
0.027174040561110543,6520384,NC
-0.012820396810619986,6520385,NC
-0.0028148468727732523,6520386,NC
0.06719069037388667,6520387,NC
0.1671962149285975,6520388,NC
0.29720172679059864,6520389,NC
0.4372072259591313,6520390,NC
0.5522127124334384,6520391,NC
0.6522181862127646,6520392,NC
0.7322236472963563,6520393,NC
0.7722290956834617,6520394,NC
0.7622345313733306,6520395,L
0.6622399543652148,6520396,NC
0.5622453646583677,6520397,NC
0.45725076225204453,6520398,NC
0.37725614714550204,6520399,NC
0.30726151933799906,6520400,NC
0.2122668788287958,6520401,NC
0.09727222561715455,6520402,NC
-0.027722440297660828,6520403,NC
-0.14771711891638467,6520404,NC
-0.26771181023974955,6520405,NC
-0.3227065142684864,6520406,NC
-0.3777012310033242,6520407,NC
-0.4326959604449904,6520408,NC
-0.46269070259421063,6520409,NC
-0.4826854574517085,6520410,NC
-0.45768022501820643,6520411,NC
-0.40267500529442457,6520412,NC
-0.3526697982810816,6520413,NC
-0.31266460397889434,6520414,NC
-0.2826594223885779,6520415,NC
-0.26265425351084565,6520416,NC
-0.24764909734640922,6520417,NC
-0.2226439538959784,6520418,NC
-0.20763882316026128,6520419,NC
-0.2076337051399643,6520420,NC
-0.227628599835792,6520421,NC
-0.23262350724844724,6520422,NC
-0.23761842737863112,6520423,NC
-0.21261336022704297,6520424,NC
-0.20260830579438038,6520425,NC
-0.19260326408133926,6520426,NC
-0.2075982350886137,6520427,NC
-0.22759321881689598,6520428,NC
-0.22758821526687673,6520429,NC
-0.19258322443924478,6520430,NC
-0.18257824633468728,6520431,NC
-0.19257328095388943,6520432,NC
-0.22256832829753498,6520433,NC
-0.23756338836630564,6520434,NC
-0.22255846116088157,6520435,NC
-0.20255354668194103,6520436,NC
-0.1825486449301607,6520437,NC
-0.17754375590621535,6520438,NC
-0.18753887961077803,6520439,NC
-0.19253401604452008,6520440,NC
-0.19252916520811109,6520441,NC
-0.18752432710221892,6520442,NC
-0.17251950172750952,6520443,NC
-0.1725146890846473,6520444,NC
-0.17750988917429472,6520445,NC
-0.17750510199711272,6520446,NC
-0.17250032755376024,6520447,NC
-0.15749556584489463,6520448,NC
-0.14249081687117143,6520449,NC
-0.13748608063324447,6520450,NC
-0.1524813571317657,6520451,NC
-0.1624766463673855,6520452,NC
-0.14747194834075236,6520453,NC
-0.1324672630525131,6520454,NC
-0.11246259050331264,6520455,NC
-0.1124579306937944,6520456,NC
-0.10245328362459981,6520457,NC
-0.12244864929636863,6520458,NC
-0.10244402770973891,6520459,NC
-0.08243941886534685,6520460,NC
-0.062434822763827044,6520461,NC
-0.052430239405812165,6520462,NC
-0.07242566879193323,6520463,NC
-0.06742111092281948,6520464,NC
-0.057416565799098374,6520465,NC
-0.02741203342139567,6520466,NC
-0.017407513790335366,6520467,NC
-0.007403006906539639,6520468,NC
0.0026014872293710495,6520469,NC
0.0026059686167779483,6520470,NC
0.01761043725506413,6520471,NC
0.037614893143614374,6520472,NC
0.06261933628181526,6520473,NC
0.0726237666690551,6520474,NC
0.06262818430472396,6520475,NC
0.05263258918821361,6520476,NC
0.06763698131891768,6520477,NC
0.0826413606962315,6520478,NC
0.11264572731955214,6520479,NC
0.12765008118827845,6520480,NC
0.11765442230181103,6520481,NC
0.12265875065955224,6520482,NC
0.1276630662609062,6520483,NC
0.14266736910527877,6520484,NC
0.16267165919207754,6520485,NC
0.15767593652071196,6520486,NC
0.1526802010905931,6520487,NC
0.1426844529011339,6520488,NC
0.15268869195174903,6520489,NC
0.16769291824185484,6520490,NC
0.1676971317708695,6520491,NC
0.162701332538213,6520492,NC
0.13770552054330693,6520493,NC
0.11270969578557474,6520494,NC
0.10271385826444167,6520495,NC
0.10771800797933465,6520496,NC
0.08772214492968235,6520497,NC
0.07272626911491528,6520498,NC
0.02773038053446565,6520499,NC
0.0027344791877674246,6520500,NC
-0.02226143492574366,6520501,NC
-0.0422573618066301,6520502,NC
-0.047253301455452645,6520503,NC
-0.07724925387277029,6520504,NC
-0.10724521905914026,6520505,NC
-0.13224119701511805,6520506,NC
-0.15223718774125733,6520507,NC
-0.15223319123811013,6520508,NC
-0.15222920750622662,6520509,NC
-0.17722523654615524,6520510,NC
-0.20222127835844267,6520511,NC
-0.22721733294363383,6520512,NC
-0.22721340030227188,6520513,NC
-0.23220948043489825,6520514,NC
-0.2222055733420526,6520515,NC
-0.2372016790242728,6520516,NC
-0.24719779748209503,6520517,NC
-0.2721939287160535,6520518,NC
-0.2621900727266811,6520519,NC
-0.2671862295145085,6520520,NC
-0.2671823990800648,6520521,NC
-0.26717858142387735,6520522,NC
-0.28217477654647183,6520523,NC
-0.292170984448372,6520524,NC
-0.3071672051300998,6520525,NC
-0.30716343859217565,6520526,NC
-0.2821596848351181,6520527,NC
-0.29215594385944393,6520528,NC
-0.29715221566566813,6520529,NC
-0.3221485002543039,6520530,NC
-0.3221447976258629,6520531,NC
-0.32214110778085475,6520532,NC
-0.2971374307197875,6520533,NC
-0.30713376644316737,6520534,NC
-0.3121301149514987,6520535,NC
-0.32212647624528434,6520536,NC
-0.3321228503250252,6520537,NC
-0.33211923719122044,6520538,NC
-0.31711563684436744,6520539,NC
-0.30711204928496205,6520540,NC
-0.3171084745134979,6520541,NC
-0.3371049125304673,6520542,NC
-0.3371013633363606,6520543,NC
-0.3370978269316664,6520544,NC
-0.3320943033168716,6520545,NC
-0.3220907924924612,6520546,NC
-0.3470872944589187,6520547,NC
-0.34708380921672555,6520548,NC
-0.34708033676636163,6520549,NC
-0.3420768771083049,6520550,NC
-0.32707343024303176,6520551,NC
-0.3320699961710167,6520552,NC
-0.3520665748927325,6520553,NC
-0.3670631664086501,6520554,NC
-0.3620597707192389,6520555,NC
-0.36205638782496624,6520556,NC
-0.34205301772629787,6520557,NC
-0.34204966042369783,6520558,NC
-0.36204631591762826,6520559,NC
-0.37704298420854954,6520560,NC
-0.37703966529692057,6520561,NC
-0.36703635918319805,6520562,NC
-0.3520330658678372,6520563,NC
-0.3720297853512915,6520564,NC
-0.37702651763401235,6520565,NC
-0.3920232627164498,6520566,NC
-0.392020020599052,6520567,NC
-0.3820167912822652,6520568,NC
-0.367013574766534,6520569,NC
-0.3920103710523012,6520570,NC
-0.40700718014000786,6520571,NC
-0.42200400203009336,6520572,NC
-0.3970008367229951,6520573,NC
-0.39199768421914893,6520574,NC
-0.38199454451898884,6520575,NC
-0.4069914176229471,6520576,NC
-0.4069883035314541,6520577,NC
-0.41698520224493874,6520578,NC
-0.42198211376382777,6520579,NC
-0.4119790380885465,6520580,NC
-0.39697597521951833,6520581,NC
-0.40197292515716493,6520582,NC
-0.42696988790190626,6520583,NC
-0.44196686345416036,6520584,NC
-0.4619638518143437,6520585,NC
-0.4369608529828708,6520586,NC
-0.4169578669601546,6520587,NC
-0.42695489374660606,6520588,NC
-0.43195193334263465,6520589,NC
-0.4519489857486479,6520590,NC
-0.4469460509650516,6520591,NC
-0.4369431289922497,6520592,NC
-0.4269402198306445,6520593,NC
-0.43693732348063663,6520594,NC
-0.46193443994262473,6520595,NC
-0.48193156921700564,6520596,NC
-0.45192871130417495,6520597,NC
-0.4469258662045258,6520598,NC
-0.4419230339184499,6520599,NC
-0.4519202144463373,6520600,NC
-0.481917407788576,6520601,NC
-0.47691461394555257,6520602,NC
-0.4619118329176516,6520603,NC
-0.4569090647052559,6520604,NC
-0.44690630930874653,6520605,NC
-0.45690356672850285,6520606,NC
-0.47690083696490243,6520607,NC
-0.4768981200183212,6520608,NC
-0.4668954158891332,6520609,NC
-0.44189272457771056,6520610,NC
-0.42189004608442376,6520611,NC
-0.42188738040964174,6520612,NC
-0.4318847275537314,6520613,NC
-0.4368820875170579,6520614,NC
-0.4368794602999848,6520615,NC
-0.4268768459028737,6520616,NC
-0.4168742443260846,6520617,NC
-0.41687165556997563,6520618,NC
-0.42186907963490317,6520619,NC
-0.4268665165212219,6520620,NC
-0.41186396622928456,6520621,NC
-0.3968614287594424,6520622,NC
-0.3968589041120447,6520623,NC
-0.386856392287439,6520624,NC
-0.38685389328597114,6520625,NC
-0.39185140710798516,6520626,NC
-0.39684893375382335,6520627,NC
-0.39684647322382616,6520628,NC
-0.3918440255183323,6520629,NC
-0.39184159063767887,6520630,NC
-0.41183916858220104,6520631,NC
-0.44683675935223227,6520632,NC
-0.44183436294810413,6520633,NC
-0.4368319793701466,6520634,NC
-0.4318296086186879,6520635,NC
-0.4518272506940543,6520636,NC
-0.4618249055965705,6520637,NC
-0.48182257332655926,6520638,NC
-0.4768202538843418,6520639,NC
-0.4768179472702373,6520640,NC
-0.45681565348456354,6520641,NC
-0.4818133725276359,6520642,NC
-0.49181110439976883,6520643,NC
-0.5068088491012743,6520644,NC
-0.511806606632463,6520645,NC
-0.4968043769936435,6520646,NC
-0.4818021601851228,6520647,NC
-0.4967999562072061,6520648,NC
-0.5117977650601968,6520649,NC
-0.5467955867443967,6520650,NC
-0.5517934212601053,6520651,NC
-0.5417912686076212,6520652,NC
-0.5167891287872405,6520653,NC
-0.5167870017992579,6520654,NC
-0.511784887643966,6520655,NC
-0.5317827863216561,6520656,NC
-0.5417806978326174,6520657,NC
-0.5417786221771375,6520658,NC
-0.536776559355502,6520659,NC
-0.551774509367995,6520660,NC
-0.5617724722148987,6520661,NC
-0.5617704478964936,6520662,NC
-0.5517684364130583,6520663,NC
-0.5317664377648698,6520664,NC
-0.5167644519522031,6520665,NC
-0.5317624789753319,6520666,NC
-0.5517605188345275,6520667,NC
-0.5767585715300599,6520668,NC
-0.5517566370621972,6520669,NC
-0.5467547154312058,6520670,NC
-0.5267528066373499,6520671,NC
-0.5317509106808928,6520672,NC
-0.5517490275620951,6520673,NC
-0.5817471572812162,6520674,NC
-0.5567452998385136,6520675,NC
-0.5417434552342429,6520676,NC
-0.5317416234686583,6520677,NC
-0.5267398045420117,6520678,NC
-0.5567379984545537,6520679,NC
-0.5667362052065329,6520680,NC
-0.5667344247981961,6520681,NC
-0.5467326572297885,6520682,NC
-0.5267309025015534,6520683,NC
-0.5317291606137324,6520684,NC
-0.5517274315665652,6520685,NC
-0.5567257153602901,6520686,NC
-0.5667240119951431,6520687,NC
-0.5467223214713588,6520688,NC
-0.53672064378917,6520689,NC
-0.5217189789488075,6520690,NC
-0.5417173269505007,6520691,NC
-0.5367156877944769,6520692,NC
-0.5317140614809618,6520693,NC
-0.5017124480101793,6520694,NC
-0.47671084738235153,6520695,NC
-0.46170925959769893,6520696,NC
-0.44170768465643995,6520697,NC
-0.4067061225587914,6520698,NC
-0.35170457330496846,6520699,NC
-0.26170303689518437,6520700,NC
-0.17670151332965064,6520701,NC
-0.10170000260857699,6520702,NC
-0.056698504732171445,6520703,NC
-0.04669701970064023,6520704,NC
-0.04669554751418775,6520705,NC
-0.08169408817301668,6520706,NC
-0.16169264167732797,6520707,NC
-0.2816912080273207,6520708,NC
-0.3866897872231923,6520709,NC
-0.45668837926513844,6520710,NC
-0.46168698415335274,6520711,NC
-0.39168560188802737,6520712,NC
-0.28668423246935276,6520713,NC
-0.1666828758975173,6520714,NC
-0.036681532172707726,6520715,NC
0.04331979870489089,6520716,NC
0.13832111673509534,6520717,NC
0.21332242191772421,6520718,NC
0.2533237142525978,6520719,NC
0.21832499373953818,6520720,L
0.11332626037836917,6520721,NC
0.02332751416891643,6520722,NC
-0.06167124488899263,6520723,NC
-0.1316700167955289,6520724,NC
-0.19166880155086136,6520725,NC
-0.2866675991551575,6520726,NC
-0.3766664096085826,6520727,NC
-0.4666652329113007,6520728,NC
-0.5516640690634735,6520729,NC
-0.6316629180652615,6520730,NC
-0.6616617799168231,6520731,NC
-0.6816606546183148,6520732,NC
-0.7216595421698916,6520733,NC
-0.7566584425717069,6520734,NC
-0.7466573558239118,6520735,NC
-0.7066562819266561,6520736,NC
-0.6716552208800873,6520737,NC
-0.6466541726843519,6520738,NC
-0.6266531373395939,6520739,NC
-0.6266521148459561,6520740,NC
-0.6166511052035791,6520741,NC
-0.591650108412602,6520742,NC
-0.5516491244731618,6520743,NC
-0.5516481533853942,6520744,NC
-0.5666471951494328,6520745,NC
-0.5716462497654096,6520746,NC
-0.5766453172334546,6520747,NC
-0.5466443975536962,6520748,NC
-0.536643490726261,6520749,NC
-0.5266425967512741,6520750,NC
-0.5466417156288584,6520751,NC
-0.5516408473591351,6520752,NC
-0.5366399919422239,6520753,NC
-0.5166391493782424,6520754,NC
-0.5016383196673068,6520755,NC
-0.4966375028095312,6520756,NC
-0.491636698805028,6520757,NC
-0.4916359076539081,6520758,NC
-0.4966351293562802,6520759,NC
-0.4816343639122515,6520760,NC
-0.46163361132192754,6520761,NC
-0.4466328715854117,6520762,NC
-0.466632144702806,6520763,NC
-0.4716314306742102,6520764,NC
-0.45663072949972316,6520765,NC
-0.42663004117944087,6520766,NC
-0.4116293657134584,6520767,NC
-0.41162870310186855,6520768,NC
-0.4266280533447627,6520769,NC
-0.42162741644223023,6520770,NC
-0.41662679239435885,6520771,NC
-0.38662618120123443,6520772,NC
-0.3616255828629412,6520773,NC
-0.36162499737956144,6520774,NC
-0.3566244247511758,6520775,NC
-0.3566238649778631,6520776,NC
-0.33662331805970036,6520777,NC
-0.3166227839967629,6520778,NC
-0.2916222627891244,6520779,NC
-0.2816217544368564,6520780,NC
-0.2766212589400289,6520781,NC
-0.2766207762987103,6520782,NC
-0.2466203065129669,6520783,NC
-0.23661984958286336,6520784,NC
-0.21661940550846262,6520785,NC
-0.20661897428982584,6520786,NC
-0.19661855592701238,6520787,NC
-0.20161815042007986,6520788,NC
-0.17661775776908406,6520789,NC
-0.146617377974079,6520790,NC
-0.11661701103511705,6520791,NC
-0.11161665695224869,6520792,NC
-0.10661631572552269,6520793,NC
-0.11161598735498597,6520794,NC
-0.09661567184068381,6520795,NC
-0.08161536918265958,6520796,NC
-0.04661507938095501,6520797,NC
-0.04661480243560995,6520798,NC
-0.04661453834666254,6520799,NC
-0.03661428711414913,6520800,NC
-0.016614048738104334,6520801,NC
-0.006613823218560952,6520802,NC
0.01338638944444999,6520803,NC
0.018386589250899185,6520804,NC
0.018386776200759125,6520805,NC
0.018386950294004084,6520806,NC
0.028387111530610076,6520807,NC
0.053387259910554936,6520808,NC
0.06338739543381822,6520809,NC
0.06338751810038128,6520810,NC
0.06838762791022718,6520811,NC
0.05838772486334087,6520812,NC
0.058387808959708964,6520813,NC
0.0533878801993199,6520814,NC
0.048387938582163864,6520815,NC
0.018387984108232808,6520816,NC
-0.021611983222479522,6520817,NC
-0.06661196340997763,6520818,NC
-0.09661195645426424,6520819,NC
-0.1216119623553403,6520820,NC
-0.146611981113205,6520821,NC
-0.17661201272785582,6520822,NC
-0.22161205719928828,6520823,NC
-0.2466121145274964,6520824,NC
-0.25661218471247216,6520825,NC
-0.276612267754206,6520826,NC
-0.2816123636526864,6520827,NC
-0.2866124724079002,6520828,NC
-0.32161259401983244,6520829,NC
-0.3366127284884664,6520830,NC
-0.3466128758137835,6520831,NC
-0.3216130359957635,6520832,NC
-0.3166132090343844,6520833,NC
-0.35161339492962224,6520834,NC
-0.3566135936814515,6520835,NC
-0.3716138052898449,6520836,NC
-0.3666140297547732,6520837,NC
-0.3616142670762055,6520838,NC
-0.34161451725410913,6520839,NC
-0.3366147802884497,6520840,NC
-0.351615056179191,6520841,NC
-0.37661534492629495,6520842,NC
-0.36661564652972195,6520843,NC
-0.3566159609894304,6520844,NC
-0.34161628830537694,6520845,NC
-0.34661662847751656,6520846,NC
-0.3516169815058025,6520847,NC
-0.38161734739018605,6520848,NC
-0.37161772613061694,6520849,NC
-0.35161811772704293,6520850,NC
-0.33661852217941013,6520851,NC
-0.346618939487663,6520852,NC
-0.34161936965174383,6520853,NC
-0.35661981267159365,6520854,NC
-0.3566202685471513,6520855,NC
-0.33662073727835407,6520856,NC
-0.32662121886513745,6520857,NC
-0.32662171330743517,6520858,NC
-0.3466222206051791,6520859,NC
-0.3516227407582994,6520860,NC
-0.3516232737667245,6520861,NC
-0.32662381963038095,6520862,NC
-0.31162437834919376,6520863,NC
-0.3066249499230858,6520864,NC
-0.3266255343519785,6520865,NC
-0.34162613163579136,6520866,NC
-0.33162674177444224,6520867,NC
-0.311627364767847,6520868,NC
-0.30662800061592005,6520869,NC
-0.31662864931857365,6520870,NC
-0.32162931087571867,6520871,NC
-0.3416299852872639,6520872,NC
-0.33663067255311657,6520873,NC
-0.33663137267318205,6520874,NC
-0.311632085647364,6520875,NC
-0.3166328114755641,6520876,NC
-0.3366335501576826,6520877,NC
-0.32663430169361773,6520878,NC
-0.33163506608326604,6520879,NC
-0.3116358433265223,6520880,NC
-0.3016366334232795,6520881,NC
-0.29163743637342887,6520882,NC
-0.30663825217685986,6520883,NC
-0.3216390808334601,6520884,NC
-0.32163992234311567,6520885,NC
-0.32164077670571056,6520886,NC
-0.29664164392112724,6520887,NC
-0.3066425239892463,6520888,NC
-0.31164341690994657,6520889,NC
-0.316644322683105,6520890,NC
-0.33664524130859713,6520891,NC
-0.3266461727862964,6520892,NC
-0.3166471171160744,6520893,NC
-0.31164807429780145,6520894,NC
-0.32164904433134545,6520895,NC
-0.3316500272165731,6520896,NC
-0.3366510229533489,6520897,NC
-0.33165203154153594,6520898,NC
-0.3216530529809952,6520899,NC
-0.3116540872715862,6520900,NC
-0.33665513441316647,6520901,NC
-0.33665619440559186,6520902,NC
-0.35665726724871644,6520903,NC
-0.3366583529423925,6520904,NC
-0.3266594514864706,6520905,NC
-0.3316605628807995,6520906,NC
-0.34166168712522615,6520907,NC
-0.36166282421959584,6520908,NC
-0.361663974163752,6520909,NC
-0.3366651369575363,6520910,NC
-0.3216663126007886,6520911,NC
-0.3416675010933472,6520912,NC
-0.35166870243504844,6520913,NC
-0.3566699166257268,6520914,NC
-0.36667114366521525,6520915,NC
-0.3616723835533448,6520916,NC
-0.34167363628994474,6520917,NC
-0.3516749018748427,6520918,NC
-0.36167618030786436,6520919,NC
-0.36667747158883374,6520920,NC
-0.376678775717573,6520921,NC
-0.36668009269390284,6520922,NC
-0.3616814225176417,6520923,NC
-0.3516827651886065,6520924,NC
-0.3466841207066126,6520925,NC
-0.3566854890714732,6520926,NC
-0.356686870283,6520927,NC
-0.3166882643410028,6520928,NC
-0.3116896712452898,6520929,NC
-0.3116910909956671,6520930,NC
-0.31669252359193933,6520931,NC
-0.3266939690339094,6520932,NC
-0.3366954273213782,6520933,NC
-0.30669689845414494,6520934,NC
-0.29669838243200714,6520935,NC
-0.2966998792547605,6520936,NC
-0.2967013889221989,6520937,NC
-0.31170291143411455,6520938,NC
-0.28670444679029783,6520939,NC
-0.2817059949905374,6520940,NC
-0.26170755603462,6520941,NC
-0.2817091299223309,6520942,NC
-0.2967107166534533,6520943,NC
-0.3117123162277688,6520944,NC
-0.3217139286450571,6520945,NC
-0.30671555390509636,6520946,NC
-0.2867171920076627,6520947,NC
-0.2967188429525307,6520948,NC
-0.32172050673947294,6520949,NC
-0.33672218336826054,6520950,NC
-0.35172387283866263,6520951,NC
-0.34672557515044655,6520952,NC
-0.34172729030337795,6520953,NC
-0.34672901829722075,6520954,NC
-0.356730759131737,6520955,NC
-0.37673251280668707,6520956,NC
-0.37673427932182957,6520957,NC
-0.3667360586769213,6520958,NC
-0.36673785087171723,6520959,NC
-0.37173965590597063,6520960,NC
-0.37174147377943306,6520961,NC
-0.3867433044918541,6520962,NC
-0.381745148042982,6520963,NC
-0.3767470044325627,6520964,NC
-0.3717488736603408,6520965,NC
-0.3867507557260588,6520966,NC
-0.41175265062945776,6520967,NC
-0.4117545583702767,6520968,NC
-0.40175647894825295,6520969,NC
-0.3917584123631222,6520970,NC
-0.3867603586146182,6520971,NC
-0.4017623177024731,6520972,NC
-0.40676428962641714,6520973,NC
-0.4417662743861788,6520974,NC
-0.43676827198148493,6520975,NC
-0.4217702824120604,6520976,NC
-0.3967723056776285,6520977,NC
-0.4067743417779107,6520978,NC
-0.41677639071262673,6520979,NC
-0.4467784524814944,6520980,NC
-0.43678052708422993,6520981,NC
-0.42178261452054766,6520982,NC
-0.4217847147901603,6520983,NC
-0.42178682789277866,6520984,NC
-0.42178895382811177,6520985,NC
-0.441791092595867,6520986,NC
-0.43679324419574994,6520987,NC
-0.42179540862746434,6520988,NC
-0.41179758589071225,6520989,NC
-0.4017997759851939,6520990,NC
-0.4318019789106078,6520991,NC
-0.43180419466665054,6520992,NC
-0.4268064232530173,6520993,NC
-0.4168086646694011,6520994,NC
-0.4018109189154934,6520995,NC
-0.41181318599098393,6520996,NC
-0.4218154658955605,6520997,NC
-0.4418177586289093,6520998,NC
-0.4318200641907146,6520999,NC
-0.41682238258065907,6521000,NC
-0.42182471379842346,6521001,NC
-0.4068270578436869,6521002,NC
-0.40682941471612666,6521003,NC
-0.41683178441541835,6521004,NC
-0.40683416694123553,6521005,NC
-0.38683656229325036,6521006,NC
-0.36683897047113306,6521007,NC
-0.366841391474552,6521008,NC
-0.361843825303174,6521009,NC
-0.36684627195666386,6521010,NC
-0.3118487314346849,6521011,NC
-0.25185120373689834,6521012,NC
-0.18685368886296405,6521013,NC
-0.1368561868125397,6521014,NC
-0.07685869758528148,6521015,NC
-0.026861221180843692,6521016,NC
0.008136242401121055,6521017,NC
0.033133693160961944,6521018,NC
0.013131131099029955,6521019,NC
-0.03187144378432219,6521020,NC
-0.11187403148874002,6521021,NC
-0.18687663201386734,6521022,NC
-0.21687924535934597,6521023,NC
-0.1968818715248163,6521024,NC
-0.1218845105099167,6521025,NC
-0.026887162314283855,6521026,NC
0.08311017306244727,6521027,NC
0.20310749562064354,6521028,NC
0.32810480536067355,6521029,NC
0.4281021022829077,6521030,NC
0.48809938638771805,6521031,NC
0.5080966576754785,6521032,NC
0.47309391614656493,6521033,L
0.3930911618013545,6521034,NC
0.2880883946402265,6521035,NC
0.2180856146635619,6521036,NC
0.1580828218717434,6521037,NC
0.09308001626515551,6521038,NC
-0.011922802155815551,6521039,NC
-0.11192563339078172,6521040,NC
-0.2269284774393533,6521041,NC
-0.3219313343011386,6521042,NC
-0.41693420397574454,6521043,NC
-0.5069370864627759,6521044,NC
-0.5569399817618359,6521045,NC
-0.6169428898725258,6521046,NC
-0.6369458107944455,6521047,NC
-0.6319487445271925,6521048,NC
-0.6069516910703633,6521049,NC
-0.5769546504235522,6521050,NC
-0.5619576225863515,6521051,NC
-0.5419606075583523,6521052,NC
-0.5169636053391434,6521053,NC
-0.4819666159283123,6521054,NC
-0.46196963932544455,6521055,NC
-0.47697267553012374,6521056,NC
-0.476975724541932,6521057,NC
-0.5019787863604496,6521058,NC
-0.49198186098525487,6521059,NC
-0.4669849484159248,6521060,NC
-0.451988048652034,6521061,NC
-0.46199116169315585,6521062,NC
-0.47199428753886163,6521063,NC
-0.4719974261887212,6521064,NC
-0.4820005776423024,6521065,NC
-0.4770037418991714,6521066,NC
-0.4620069189588925,6521067,NC
-0.45701010882102827,6521068,NC
-0.4620133114851397,6521069,NC
-0.48201652695078556,6521070,NC
-0.4820197552175236,6521071,NC
-0.4720229962849092,6521072,NC
-0.4720262501524961,6521073,NC
-0.4470295168198365,6521074,NC
-0.4520327962864805,6521075,NC
-0.45703608855197664,6521076,NC
-0.46703939361587177,6521077,NC
-0.4520427114777108,6521078,NC
-0.43204604213703696,6521079,NC
-0.43704938559339174,6521080,NC
-0.4520527418463149,6521081,NC
-0.45705611089534426,6521082,NC
-0.46205949274001606,6521083,NC
-0.4520628873798648,6521084,NC
-0.42706629481442293,6521085,NC
-0.43206971504322156,6521086,NC
-0.4420731480657898,6521087,NC
-0.4570765938816549,6521088,NC
-0.45708005249034256,6521089,NC
-0.45208352389137657,6521090,NC
-0.41208700808427906,6521091,NC
-0.40709050506857036,6521092,NC
-0.40709401484376906,6521093,NC
-0.417097537409392,6521094,NC
-0.4021010727649541,6521095,NC
-0.3821046209099687,6521096,NC
-0.37210818184394745,6521097,NC
-0.34711175556639995,6521098,NC
-0.36211534207683427,6521099,NC
-0.3621189413747566,6521100,NC
-0.3571225534596715,6521101,NC
-0.3271261783310816,6521102,NC
-0.31712981598848794,6521103,NC
-0.3071334664313897,6521104,NC
-0.3171371296592843,6521105,NC
-0.3171408056716675,6521106,NC
-0.3071444944680332,6521107,NC
-0.29214819604787345,6521108,NC
-0.27215191041067877,6521109,NC
-0.2571556375559377,6521110,NC
-0.2521593774831372,6521111,NC
-0.24716313019176242,6521112,NC
-0.24716689568129663,6521113,NC
-0.21217067395122147,6521114,NC
-0.19217446500101676,6521115,NC
-0.1871782688301607,6521116,NC
-0.19218208543812942,6521117,NC
-0.20718591482439766,6521118,NC
-0.19718975698843813,6521119,NC
-0.18719361192972195,6521120,NC
-0.16719747964771833,6521121,NC
-0.17720136014189486,6521122,NC
-0.16720525341171721,6521123,NC
-0.16720915945664952,6521124,NC
-0.15721307827615397,6521125,NC
-0.14721700986969105,6521126,NC
-0.14222095423671954,6521127,NC
-0.1422249113766964,6521128,NC
-0.16222888128907684,6521129,NC
-0.17223286397331433,6521130,NC
-0.18723685942886054,6521131,NC
-0.19224086765516538,6521132,NC
-0.2022448886516771,6521133,NC
-0.2272489224178422,6521134,NC
-0.2672529689531052,6521135,NC
-0.3222570282569091,6521136,NC
-0.32726110032869504,6521137,NC
-0.3422651851679024,6521138,NC
-0.3422692827739688,6521139,NC
-0.3672733931463301,6521140,NC
-0.39727751628442054,6521141,NC
-0.4272816521876724,6521142,NC
-0.4522858008555163,6521143,NC
-0.44728996228738105,6521144,NC
-0.4572941364826938,6521145,NC
-0.47229832344087974,6521146,NC
-0.4873025231613627,6521147,NC
-0.5123067356435644,6521148,NC
-0.5123109608869049,6521149,NC
-0.5073151988908023,6521150,NC
-0.5173194496546736,6521151,NC
-0.5173237131779331,6521152,NC
-0.5273279894599943,6521153,NC
-0.5673322785002681,6521154,NC
-0.5523365802981642,6521155,NC
-0.5573408948530905,6521156,NC
-0.5323452221644527,6521157,NC
-0.5423495622316552,6521158,NC
-0.5473539150541006,6521159,NC
-0.5673582806311895,6521160,NC
-0.5573626589623211,6521161,NC
-0.5573670500468924,6521162,NC
-0.5573714538842989,6521163,NC
-0.5673758704739343,6521164,NC
-0.5723802998151909,6521165,NC
-0.5873847419074585,6521166,NC
-0.5873891967501257,6521167,NC
-0.5723936643425792,6521168,NC
-0.552398144684204,6521169,NC
-0.5474026377743832,6521170,NC
-0.5724071436124984,6521171,NC
-0.5824116621979291,6521172,NC
-0.5824161935300532,6521173,NC
-0.582420737608247,6521174,NC
-0.5674252944318848,6521175,NC
-0.5524298640003394,6521176,NC
-0.5574344463129817,6521177,NC
-0.5624390413691805,6521178,NC
-0.5574436491683037,6521179,NC
-0.5424482697097167,6521180,NC
-0.5374529029927834,6521181,NC
-0.5474575490168658,6521182,NC
-0.5574622077813246,6521183,NC
-0.5774668792855181,6521184,NC
-0.5824715635288034,6521185,NC
-0.5624762605105355,6521186,NC
-0.5424809702300677,6521187,NC
-0.5624856926867517,6521188,NC
-0.5624904278799374,6521189,NC
-0.5674951758089729,6521190,NC
-0.5574999364732045,6521191,NC
-0.5625047098719768,6521192,NC
-0.5425094960046326,6521193,NC
-0.5525142948705131,6521194,NC
-0.5625191064689575,6521195,NC
-0.5775239307993035,6521196,NC
-0.5775287678608869,6521197,NC
-0.5575336176530418,6521198,NC
-0.5375384801751004,6521199,NC
-0.5325433554263934,6521200,NC
-0.5575482434062498,6521201,NC
-0.5675531441139962,6521202,NC
-0.5675580575489583,6521203,NC
-0.5525629837104594,6521204,NC
-0.5425679225978216,6521205,NC
-0.5525728742103647,6521206,NC
-0.5825778385474072,6521207,NC
-0.5675828156082656,6521208,NC
-0.5675878053922546,6521209,NC
-0.5575928078986874,6521210,NC
-0.5475978231268752,6521211,NC
-0.5576028510761276,6521212,NC
-0.5676078917457524,6521213,NC
-0.5726129451350557,6521214,NC
-0.5676180112433417,6521215,NC
-0.5676230900699129,6521216,NC
-0.5626281816140701,6521217,NC
-0.5626332858751126,6521218,NC
-0.5726384028523375,6521219,NC
-0.5776435325450403,6521220,NC
-0.5776486749525148,6521221,NC
-0.5726538300740531,6521222,NC
-0.5626589979089455,6521223,NC
-0.5576641784564805,6521224,NC
-0.562669371715945,6521225,NC
-0.5776745776866239,6521226,NC
-0.5776797963678005,6521227,NC
-0.5626850277587564,6521228,NC
-0.5576902718587713,6521229,NC
-0.5576955286671235,6521230,NC
-0.582700798183089,6521231,NC
-0.5827060804059424,6521232,NC
-0.5927113753349567,6521233,NC
-0.5627166829694026,6521234,NC
-0.5627220033085496,6521235,NC
-0.5677273363516653,6521236,NC
-0.5727326820980154,6521237,NC
-0.592738040546864,6521238,NC
-0.5827434116974733,6521239,NC
-0.567748795549104,6521240,NC
-0.5477541921010147,6521241,NC
-0.5477596013524627,6521242,NC
-0.5477650233027032,6521243,NC
-0.5477704579509897,6521244,NC
-0.5327759052965739,6521245,NC
-0.5177813653387062,6521246,NC
-0.5127868380766346,6521247,NC
-0.5277923235096059,6521248,NC
-0.5427978216368647,6521249,NC
-0.5428033324576542,6521250,NC
-0.5428088559712158,6521251,NC
-0.5228143921767888,6521252,NC
-0.5078199410736113,6521253,NC
-0.5078255026609192,6521254,NC
-0.5078310769379469,6521255,NC
-0.5078366639039271,6521256,NC
-0.48784226355809046,6521257,NC
-0.4928478758996661,6521258,NC
-0.49785350092788144,6521259,NC
-0.49285913864196207,6521260,NC
-0.48786478904113184,6521261,NC
-0.5078704521246129,6521262,NC
-0.5078761278916254,6521263,NC
-0.5078818163413882,6521264,NC
-0.507887517473118,6521265,NC
-0.51289323128603,6521266,NC
-0.5328989577793376,6521267,NC
-0.5479046969522524,6521268,NC
-0.5479104488039843,6521269,NC
-0.5179162133337414,6521270,NC
-0.5279219905407301,6521271,NC
-0.527927780424155,6521272,NC
-0.5379335829832191,6521273,NC
-0.5529393982171236,6521274,NC
-0.5379452261250678,6521275,NC
-0.5429510667062494,6521276,NC
-0.5479569199598642,6521277,NC
-0.5629627858851067,6521278,NC
-0.572968664481169,6521279,NC
-0.5779745557472421,6521280,NC
-0.5829804596825146,6521281,NC
-0.5829863762861739,6521282,NC
-0.5779923055574056,6521283,NC
-0.5829982474953931,6521284,NC
-0.5880042020993185,6521285,NC
-0.5780101693683621,6521286,NC
-0.5830161493017023,6521287,NC
-0.5730221418985159,6521288,NC
-0.5630281471579778,6521289,NC
-0.5680341650792614,6521290,NC
-0.5880401956615381,6521291,NC
-0.5880462389039777,6521292,NC
-0.5930522948057482,6521293,NC
-0.5780583633660158,6521294,NC
-0.5680644445839452,6521295,NC
-0.5680705384586991,6521296,NC
-0.5680766449894387,6521297,NC
-0.5930827641753231,6521298,NC
-0.59308889601551,6521299,NC
-0.5780950405091551,6521300,NC
-0.5531011976554125,6521301,NC
-0.5731073674534348,6521302,NC
-0.5981135499023722,6521303,NC
-0.593119745001374,6521304,NC
-0.5881259527495869,6521305,NC
-0.5681321731461566,6521306,NC
-0.5431384061902265,6521307,NC
-0.5481446518809385,6521308,NC
-0.573150910217433,6521309,NC
-0.5731571811988482,6521310,NC
-0.5831634648243208,6521311,NC
-0.5581697610929858,6521312,NC
-0.5331760700039763,6521313,NC
-0.5481823915564237,6521314,NC
-0.5631887257494579,6521315,NC
-0.5631950725822067,6521316,NC
-0.5532014320537965,6521317,NC
-0.5482078041633515,6521318,NC
-0.5232141889099947,6521319,NC
-0.5282205862928471,6521320,NC
-0.5182269963110278,6521321,NC
-0.5282334189636545,6521322,NC
-0.5082398542498429,6521323,NC
-0.4582463021687071,6521324,NC
-0.4182527627193593,6521325,NC
-0.38825923590091016,6521326,NC
-0.3382657217124686,6521327,NC
-0.2732722201531415,6521328,NC
-0.19827873122203438,6521329,NC
-0.10328525491825087,6521330,NC
-0.0032917912408927524,6521331,NC
0.01170165981093979,6521332,NC
-0.02330490176185164,6521333,NC
-0.07831147595836369,6521334,NC
-0.1733180627776913,6521335,NC
-0.24832466221892768,6521336,NC
-0.3283312742811642,6521337,NC
-0.3683378989634908,6521338,NC
-0.35834453626499513,6521339,NC
-0.29335118618476363,6521340,NC
-0.17835784872188076,6521341,NC
-0.023364523875429324,6521342,NC
0.10162878835550969,6521343,NC
0.211622087971857,6521344,NC
0.25661537497453507,6521345,NC
0.24160864936446802,6521346,NC
0.20160191114258183,6521347,L
0.15159516030980408,6521348,NC
0.06158839686706426,6521349,NC
-0.02841837918470659,6521350,NC
-0.12842516784457553,6521351,NC
-0.20843196911160802,6521352,NC
-0.29843878298486776,6521353,NC
-0.3584456094634166,6521354,NC
-0.43345244854631476,6521355,NC
-0.5134593002326207,6521356,NC
-0.603466164521391,6521357,NC
-0.658473041411681,6521358,NC
-0.6934799309025437,6521359,NC
-0.6984868329930306,6521360,NC
-0.6884937476821916,6521361,NC
-0.6735006749690747,6521362,NC
-0.6635076148527262,6521363,NC
-0.6485145673321907,6521364,NC
-0.6335215324065111,6521365,NC
-0.6035285100747284,6521366,NC
-0.5685355003358822,6521367,NC
-0.5685425031890098,6521368,NC
-0.5785495186331474,6521369,NC
-0.583556546667329,6521370,NC
-0.5885635872905872,6521371,NC
-0.5735706405019526,6521372,NC
-0.5635777063004542,6521373,NC
-0.5535847846851193,6521374,NC
-0.5585918756549735,6521375,NC
-0.5735989792090402,6521376,NC
-0.563606095346342,6521377,NC
-0.5586132240658988,6521378,NC
-0.5436203653667293,6521379,NC
-0.5436275192478504,6521380,NC
-0.5486346857082771,6521381,NC
-0.5636418647470229,6521382,NC
-0.5586490563630996,6521383,NC
-0.5436562605555169,6521384,NC
-0.5386634773232829,6521385,NC
-0.5336707066654044,6521386,NC
-0.5436779485808858,6521387,NC
-0.5536852030687304,6521388,NC
-0.5536924701279392,6521389,NC
-0.5386997497575119,6521390,NC
-0.5137070419564463,6521391,NC
-0.5237143467237384,6521392,NC
-0.5337216640583827,6521393,NC
-0.5337289939593716,6521394,NC
-0.5187363364256962,6521395,NC
-0.5087436914563455,6521396,NC
-0.498751059050307,6521397,NC
-0.47875843920656636,6521398,NC
-0.47876583192410754,6521399,NC
-0.4787732372019129,6521400,NC
-0.4787806550389629,6521401,NC
-0.4587880854342363,6521402,NC
-0.4437955283867101,6521403,NC
-0.42880298389535965,6521404,NC
-0.42881045195915857,6521405,NC
-0.4238179325770787,6521406,NC
-0.42882542574809024,6521407,NC
-0.40883293147116156,6521408,NC
-0.38884044974525933,6521409,NC
-0.36884798056934853,6521410,NC
-0.3688555239423923,6521411,NC
-0.3788630798633522,6521412,NC
-0.3688706483311882,6521413,NC
-0.333878229344858,6521414,NC
-0.3088858229033181,6521415,NC
-0.30889342900552313,6521416,NC
-0.32390104765042577,6521417,NC
-0.3239086788369774,6521418,NC
-0.31391632256412727,6521419,NC
-0.2789239788308231,6521420,NC
-0.2539316476360107,6521421,NC
-0.23393932897863468,6521422,NC
-0.2339470228576372,6521423,NC
-0.22895472927195915,6521424,NC
-0.2289624482205396,6521425,NC
-0.20397017970231585,6521426,NC
-0.17397792371622353,6521427,NC
-0.15898568026119647,6521428,NC
-0.15899344933616688,6521429,NC
-0.15400123094006513,6521430,NC
-0.13400902507182,6521431,NC
-0.10901683173035841,6521432,NC
-0.07902465091460557,6521433,NC
-0.07903248262348507,6521434,NC
-0.07904032685591873,6521435,NC
-0.0890481836108266,6521436,NC
-0.07905605288712705,6521437,NC
-0.07406393468373669,6521438,NC
-0.0740718289995704,6521439,NC
-0.09907973583354143,6521440,NC
-0.12408765518456119,6521441,NC
-0.1690955870515395,6521442,NC
-0.19410353143338427,6521443,NC
-0.1991114883290018,6521444,NC
-0.2141194577372968,6521445,NC
-0.23412743965717192,6521446,NC
-0.26413543408752843,6521447,NC
-0.2941434410272657,6521448,NC
-0.3091514604752814,6521449,NC
-0.3091594924304714,6521450,NC
-0.3141675368917301,6521451,NC
-0.3341755938579498,6521452,NC
-0.35918366332802154,6521453,NC
-0.36919174530083426,6521454,NC
-0.3891998397752753,6521455,NC
-0.37420794675023034,6521456,NC
-0.37421606622458314,6521457,NC
-0.3742241981972161,6521458,NC
-0.38423234266700956,6521459,NC
-0.39424049963284236,6521460,NC
-0.3942486690935914,6521461,NC
-0.3942568510481321,6521462,NC
-0.3792650454953379,6521463,NC
-0.38927325243408084,6521464,NC
-0.394281471863231,6521465,NC
-0.41428970378165675,6521466,NC
-0.42429794818822486,6521467,NC
-0.40930620508180027,6521468,NC
-0.39431447446124623,6521469,NC
-0.40432275632542436,6521470,NC
-0.41933105067319454,6521471,NC
-0.42933935750341473,6521472,NC
-0.42934767681494146,6521473,NC
-0.40435600860662924,6521474,NC
-0.3893643528773312,6521475,NC
-0.3943727096258985,6521476,NC
-0.3993810788511807,6521477,NC
-0.41938946055202553,6521478,NC
-0.4093978547272792,6521479,NC
-0.40440626137578584,6521480,NC
-0.3744146804963884,6521481,NC
-0.3944231120879276,6521482,NC
-0.3944315561492428,6521483,NC
-0.3944400126791714,6521484,NC
-0.3994484816765492,6521485,NC
-0.3844569631402103,6521486,NC
-0.36446545706898703,6521487,NC
-0.37447396346171014,6521488,NC
-0.3744824823172083,6521489,NC
-0.39949101363430894,6521490,NC
-0.3894995574118374,6521491,NC
-0.3745081136486176,6521492,NC
-0.35951668234347145,6521493,NC
-0.35452526349521934,6521494,NC
-0.36953385710268,6521495,NC
-0.3695424631646702,6521496,NC
-0.3745510816800052,6521497,NC
-0.3545597126474985,6521498,NC
-0.3395683560659618,6521499,NC
-0.34457701193420526,6521500,NC
-0.3645856802510372,6521501,NC
-0.3745943610152642,6521502,NC
-0.3646030542256911,6521503,NC
-0.3496117598811212,6521504,NC
-0.33962047798035605,6521505,NC
-0.34462920852219536,6521506,NC
-0.35963795150543715,6521507,NC
-0.3696467069288778,6521508,NC
-0.3746554747913119,6521509,NC
-0.35966425509153244,6521510,NC
-0.3396730478283306,6521511,NC
-0.3496818530004959,6521512,NC
-0.36469067060681615,6521513,NC
-0.3696995006460774,6521514,NC
-0.38470834311706387,6521515,NC
-0.36971719801855846,6521516,NC
-0.3547260653493419,6521517,NC
-0.3547349451081936,6521518,NC
-0.354743837293891,6521519,NC
-0.3797527419052098,6521520,NC
-0.37976165894092423,6521521,NC
-0.3647705883998067,6521522,NC
-0.35477953028062775,6521523,NC
-0.3497884845821565,6521524,NC
-0.3747974513031601,6521525,NC
-0.3748064304424041,6521526,NC
-0.37981542199865226,6521527,NC
-0.36482442597066694,6521528,NC
-0.35983344235720843,6521529,NC
-0.3598424711570354,6521530,NC
-0.3698515123689049,6521531,NC
-0.37986056599157214,6521532,NC
-0.38486963202379076,6521533,NC
-0.36487871046431275,6521534,NC
-0.3548878013118881,6521535,NC
-0.36489690456526536,6521536,NC
-0.3699060202231912,6521537,NC
-0.3849151482844107,6521538,NC
-0.37992428874766726,6521539,NC
-0.36993344161170244,6521540,NC
-0.35994260687525614,6521541,NC
-0.35995178453706667,6521542,NC
-0.3799609745958704,6521543,NC
-0.3999701770504023,6521544,NC
-0.39497939189939524,6521545,NC
-0.3699886191415808,6521546,NC
-0.35499785877568857,6521547,NC
-0.35000711080044655,6521548,NC
-0.33501637521458105,6521549,NC
-0.3550256520168165,6521550,NC
-0.35503494120587586,6521551,NC
-0.3350442427804803,6521552,NC
-0.3100535567393492,6521553,NC
-0.32006288308120034,6521554,NC
-0.3200722218047497,6521555,NC
-0.33008157290871176,6521556,NC
-0.33009093639179893,6521557,NC
-0.3151003122527224,6521558,NC
-0.30010970049019114,6521559,NC
-0.28011910110291277,6521560,NC
-0.2851285140895931,6521561,NC
-0.29013793944893623,6521562,NC
-0.3101473771796446,6521563,NC
-0.2951568272804188,6521564,NC
-0.285166289749958,6521565,NC
-0.3001757645869594,6521566,NC
-0.32018525179011853,6521567,NC
-0.32019475135812936,6521568,NC
-0.3352042632896841,6521569,NC
-0.3102137875834733,6521570,NC
-0.31022332423818555,6521571,NC
-0.32023287325250804,6521572,NC
-0.33024243462512615,6521573,NC
-0.3652520083547236,6521574,NC
-0.36526159443998224,6521575,NC
-0.3602711928795825,6521576,NC
-0.3502808036722028,6521577,NC
-0.3352904268165202,6521578,NC
-0.35030006231120975,6521579,NC
-0.36030971015494495,6521580,NC
-0.3753193703463976,6521581,NC
-0.38032904288423774,6521582,NC
-0.3453387277671338,6521583,NC
-0.3503484249937524,6521584,NC
-0.38035813456275847,6521585,NC
-0.38536785647281535,6521586,NC
-0.4003775907225847,6521587,NC
-0.39538733731072634,6521588,NC
-0.36539709623589844,6521589,NC
-0.37040686749675744,6521590,NC
-0.3704166510919581,6521591,NC
-0.3854264470201536,6521592,NC
-0.38543625527999525,6521593,NC
-0.3954460758701329,6521594,NC
-0.38045590878921437,6521595,NC
-0.395465754035886,6521596,NC
-0.3904756116087924,6521597,NC
-0.40048548150657653,6521598,NC
-0.40549536372787953,6521599,NC
-0.40550525827134093,6521600,NC
-0.38551516513559847,6521601,NC
-0.38052508431928833,6521602,NC
-0.395535015821045,6521603,NC
-0.4055449596395011,6521604,NC
-0.40555491577328767,6521605,NC
-0.3955648842210341,6521606,NC
-0.38557486498136795,6521607,NC
-0.38058485805291525,6521608,NC
-0.39559486343430006,6521609,NC
-0.39560488112414527,6521610,NC
-0.40061491112107145,6521611,NC
-0.39062495342369785,6521612,NC
-0.380635008030642,6521613,NC
-0.3756450749405196,6521614,NC
-0.3906551541519447,6521615,NC
-0.40066524566352973,6521616,NC
-0.3906753494738855,6521617,NC
-0.38068546558162086,6521618,NC
-0.36069559398534323,6521619,NC
-0.3707057346836581,6521620,NC
-0.3807158876751694,6521621,NC
-0.3857260529584795,6521622,NC
-0.38573623053218886,6521623,NC
-0.3807464203948963,6521624,NC
-0.3657566225451991,6521625,NC
-0.37076683698169255,6521626,NC
-0.3607770637029704,6521627,NC
-0.370787302707625,6521628,NC
-0.3607975539942465,6521629,NC
-0.3358078175614237,6521630,NC
-0.2808180934077435,6521631,NC
-0.2558283815317913,6521632,NC
-0.2108386819321508,6521633,NC
-0.14084899460740385,6521634,NC
-0.050859319556130725,6521635,NC
0.06413034322309005,6521636,NC
0.1641199937316816,6521637,NC
0.21410963197106878,6521638,NC
0.22909925794267805,6521639,NC
0.20908887164793755,6521640,NC
0.14907847308827726,6521641,NC
0.07906806226512872,6521642,NC
0.009057639179925192,6521643,NC
-0.005952796165898305,6521644,NC
0.02403675622909482,6521645,NC
0.08902629636634282,6521646,NC
0.1940158242472858,6521647,NC
0.32900533987336544,6521648,NC
0.4639948432460252,6521649,NC
0.5589843343667099,6521650,NC
0.6239738132368667,6521651,NC
0.6439632798579439,6521652,NC
0.6139527342313914,6521653,L
0.5439421763586612,6521654,NC
0.4589316062412069,6521655,NC
0.36392102388048364,6521656,NC
0.2889104292779482,6521657,NC
0.21389982243505917,6521658,NC
0.11888920335327685,6521659,NC
0.0388785720340632,6521660,NC
-0.06613207152111815,6521661,NC
-0.19114272731080195,6521662,NC
-0.3111533953335212,6521663,NC
-0.39616407558780725,6521664,NC
-0.46617476807218977,6521665,NC
-0.5061854727851965,6521666,NC
-0.511196189725354,6521667,NC
-0.5012069188911867,6521668,NC
-0.5162176602812176,6521669,NC
-0.4962284138939678,6521670,NC
-0.481239179727957,6521671,NC
-0.4562499577817031,6521672,NC
-0.42626074805372194,6521673,NC
-0.4212715505425283,6521674,NC
-0.44128236524663494,6521675,NC
-0.441293192164553,6521676,NC
-0.45630403129479197,6521677,NC
-0.44631488263585944,6521678,NC
-0.43632574618626174,6521679,NC
-0.44133662194450307,6521680,NC
-0.45134750990908634,6521681,NC
-0.4413584100785125,6521682,NC
-0.4313693224512809,6521683,NC
-0.4263802470258892,6521684,NC
-0.4163911838008335,6521685,NC
-0.41140213277460813,6521686,NC
-0.4164130939457057,6521687,NC
-0.4314240673126172,6521688,NC
-0.43643505287383183,6521689,NC
-0.41644605062783724,6521690,NC
-0.4014570605731194,6521691,NC
-0.4114680827081626,6521692,NC
-0.41647911703144935,6521693,NC
-0.43649016354146064,6521694,NC
-0.43150122223667553,6521695,NC
-0.41651229311557164,6521696,NC
-0.4115233761766249,6521697,NC
-0.40153447141830934,6521698,NC
-0.4165455788390977,6521699,NC
-0.4215566984374607,6521700,NC
-0.4115678302118674,6521701,NC
-0.40657897416078537,6521702,NC
-0.38159013028268035,6521703,NC
-0.38660129857601666,6521704,NC
-0.39661247903925656,6521705,NC
-0.396623671670861,6521706,NC
-0.39163487646928885,6521707,NC
-0.37664609343299776,6521708,NC
-0.35165732256044335,6521709,NC
-0.3566685638500797,6521710,NC
-0.36167981730035936,6521711,NC
-0.36669108290973296,6521712,NC
-0.3667023606766495,6521713,NC
-0.3417136505995564,6521714,NC
-0.32172495267689927,6521715,NC
-0.3167362669071225,6521716,NC
-0.3217475932886681,6521717,NC
-0.31675893181997694,6521718,NC
-0.3167702824994879,6521719,NC
-0.29178164532563833,6521720,NC
-0.266793020296864,6521721,NC
-0.256804407411599,6521722,NC
-0.2618158066682755,6521723,NC
-0.25682721806532416,6521724,NC
-0.256838641601174,6521725,NC
-0.22685007727425238,6521726,NC
-0.20186152508298477,6521727,NC
-0.18187298502579546,6521728,NC
-0.19188445710110652,6521729,NC
-0.1868959413073386,6521730,NC
-0.17190743764291064,6521731,NC
-0.13691894610624,6521732,NC
-0.1169304666957423,6521733,NC
-0.09694199940983153,6521734,NC
-0.09195354424691991,6521735,NC
-0.08696510120541806,6521736,NC
-0.0719766702837349,6521737,NC
-0.03698825148027775,6521738,NC
-0.006999844793452253,6521739,NC
-0.0020114502216622976,6521740,NC
-0.0020230677633101962,6521741,NC
-0.002034697416796516,6521742,NC
0.002953660819479828,6521743,NC
0.007942006947121494,6521744,NC
0.002930340967732953,6521745,NC
-0.017081337117079806,6521746,NC
-0.062093027305709037,6521747,NC
-0.08210472959654534,6521748,NC
-0.08711644398797756,6521749,NC
-0.1121281704783931,6521750,NC
-0.11713990906617751,6521751,NC
-0.1371516597497148,6521752,NC
-0.15716342252738713,6521753,NC
-0.1871751973975752,6521754,NC
-0.20718698435865787,6521755,NC
-0.19719878340901248,6521756,NC
-0.19721059454701467,6521757,NC
-0.2122224177710384,6521758,NC
-0.23723425307945595,6521759,NC
-0.24724610047063783,6521760,NC
-0.24725795994295316,6521761,NC
-0.2472698314947691,6521762,NC
-0.22728171512445142,6521763,NC
-0.257293610830364,6521764,NC
-0.2773055186108693,6521765,NC
-0.2873174384643277,6521766,NC
-0.2973293703890984,6521767,NC
-0.2923413143835386,6521768,NC
-0.2623532704460041,6521769,NC
-0.26236523857484884,6521770,NC
-0.28237721876842514,6521771,NC
-0.29238921102508364,6521772,NC
-0.2924012153431734,6521773,NC
-0.29741323172104184,6521774,NC
-0.27742526015703456,6521775,NC
-0.2724373006494957,6521776,NC
-0.29244935319676757,6521777,NC
-0.31246141779719083,6521778,NC
-0.3024734944491046,6521779,NC
-0.2824855831508463,6521780,NC
-0.2624976839007517,6521781,NC
-0.27750979669715486,6521782,NC
-0.2825219215383881,6521783,NC
-0.28753405842278235,6521784,NC
-0.29254620734866654,6521785,NC
-0.2775583683143683,6521786,NC
-0.2725705413182133,6521787,NC
-0.27258272635852576,6521788,NC
-0.2825949234336281,6521789,NC
-0.29760713254184107,6521790,NC
-0.28761935368148395,6521791,NC
-0.26263158685087423,6521792,NC
-0.25264383204832785,6521793,NC
-0.2576560892721588,6521794,NC
-0.2776683585206797,6521795,NC
-0.2876806397922015,6521796,NC
-0.2976929330850333,6521797,NC
-0.28770523839748285,6521798,NC
-0.27271755572785605,6521799,NC
-0.272729885074457,6521800,NC
-0.27274222643558843,6521801,NC
-0.2927545798095513,6521802,NC
-0.28776694519464485,6521803,NC
-0.28277932258916677,6521804,NC
-0.2827917119914131,6521805,NC
-0.28780411339967815,6521806,NC
-0.27781652681225455,6521807,NC
-0.2928289522274334,6521808,NC
-0.282841389643504,6521809,NC
-0.27285383905875427,6521810,NC
-0.2628663004714702,6521811,NC
-0.2628787738799362,6521812,NC
-0.2728912592824349,6521813,NC
-0.28290375667724765,6521814,NC
-0.2829162660626539,6521815,NC
-0.2729287874369314,6521816,NC
-0.2529413207983564,6521817,NC
-0.25795386614520327,6521818,NC
-0.262966423475745,6521819,NC
-0.2879789927882529,6521820,NC
-0.30299157408099636,6521821,NC
-0.29300416735224344,6521822,NC
-0.2830167726002603,6521823,NC
-0.2730293898233117,6521824,NC
-0.28304201901966053,6521825,NC
-0.28305466018756814,6521826,NC
-0.2780673133252942,6521827,NC
-0.2680799784310969,6521828,NC
-0.26309265550323235,6521829,NC
-0.2481053445399555,6521830,NC
-0.27311804553951935,6521831,NC
-0.2731307585001753,6521832,NC
-0.27814348342017337,6521833,NC
-0.2731562202977615,6521834,NC
-0.2831689691311862,6521835,NC
-0.2831817299186924,6521836,NC
-0.27819450265852336,6521837,NC
-0.29320728734892054,6521838,NC
-0.29322008398812394,6521839,NC
-0.29823289257437186,6521840,NC
-0.27824571310590085,6521841,NC
-0.2682585455809459,6521842,NC
-0.2882713899977404,6521843,NC
-0.298284246354516,6521844,NC
-0.2932971146495029,6521845,NC
-0.2833099948809294,6521846,NC
-0.2683228870470223,6521847,NC
-0.2683357911460066,6521848,NC
-0.283348707176106,6521849,NC
-0.2783616351355422,6521850,NC
-0.2783745750225355,6521851,NC
-0.23838752683530434,6521852,NC
-0.22840049057206574,6521853,NC
-0.22841346623103484,6521854,NC
-0.23342645381042537,6521855,NC
-0.2384394533084494,6521856,NC
-0.23345246472331715,6521857,NC
-0.2234654880532374,6521858,NC
-0.2034785232964171,6521859,NC
-0.19849157045106186,6521860,NC
-0.20850462951537535,6521861,NC
-0.2135177004875598,6521862,NC
-0.19353078336581575,6521863,NC
-0.1835438781483419,6521864,NC
-0.16355698483333558,6521865,NC
-0.16857010341899237,6521866,NC
-0.18358323390350623,6521867,NC
-0.19859637628506951,6521868,NC
-0.20860953056187292,6521869,NC
-0.19862269673210545,6521870,NC
-0.19363587479395455,6521871,NC
-0.2036490647456058,6521872,NC
-0.22366226658524352,6521873,NC
-0.23867548031105024,6521874,NC
-0.25368870592120674,6521875,NC
-0.25370194341389224,6521876,NC
-0.23871519278728426,6521877,NC
-0.23872845403955886,6521878,NC
-0.2487417271688903,6521879,NC
-0.26875501217345127,6521880,NC
-0.28376830905141287,6521881,NC
-0.26878161780094445,6521882,NC
-0.24879493842021377,6521883,NC
-0.253808270907387,6521884,NC
-0.2738216152606286,6521885,NC
-0.2938349714781016,6521886,NC
-0.3088483395579671,6521887,NC
-0.29886171949838475,6521888,NC
-0.27887511129751247,6521889,NC
-0.27888851495350664,6521890,NC
-0.293901930464522,6521891,NC
-0.2989153578287117,6521892,NC
-0.31892879704422705,6521893,NC
-0.3139422481092179,6521894,NC
-0.3039557110218324,6521895,NC
-0.3139691857802172,6521896,NC
-0.3189826723825171,6521897,NC
-0.3239961708268755,6521898,NC
-0.31400968111143407,6521899,NC
-0.29402320323433273,6521900,NC
-0.29903673719370993,6521901,NC
-0.29405028298770247,6521902,NC
-0.3040638406144455,6521903,NC
-0.30907741007207257,6521904,NC
-0.31409099135871543,6521905,NC
-0.2991045844725044,6521906,NC
-0.27411818941156807,6521907,NC
-0.29413180617403356,6521908,NC
-0.3041454347580262,6521909,NC
-0.3141590751616697,6521910,NC
-0.3241727273830861,6521911,NC
-0.284186391420396,6521912,NC
-0.27420006727171825,6521913,NC
-0.28421375493517004,6521914,NC
-0.28922745440886705,6521915,NC
-0.30924116569092325,6521916,NC
-0.29425488877945094,6521917,NC
-0.29926862367256096,6521918,NC
-0.29428237036836213,6521919,NC
-0.28429612886496236,6521920,NC
-0.2993098991604673,6521921,NC
-0.31432368125298116,6521922,NC
-0.2993374751406066,6521923,NC
-0.28435128082144445,6521924,NC
-0.26436509829359434,6521925,NC
-0.2593789275551538,6521926,NC
-0.2443927686042191,6521927,NC
-0.24940662143888467,6521928,NC
-0.22942048605724336,6521929,NC
-0.18943436245738637,6521930,NC
-0.14944825063740336,6521931,NC
-0.11446215059538245,6521932,NC
-0.049476062329409945,6521933,NC
0.0255100141624294,6521934,NC
0.1354960788820525,6521935,NC
0.24548213183137774,6521936,NC
0.3504681730123253,6521937,NC
0.3954542024268168,6521938,NC
0.3904402200767756,6521939,NC
0.3454262259641267,6521940,NC
0.2804122200907967,6521941,NC
0.23539820245871376,6521942,NC
0.2203841730698078,6521943,NC
0.21537013192601,6521944,NC
0.2653560790292536,6521945,NC
0.32034201438147325,6521946,NC
0.42032793798460527,6521947,NC
0.5453138498405875,6521948,NC
0.6702997499513595,6521949,NC
0.7702856383188624,6521950,NC
0.8402715149450389,6521951,NC
0.8852573798318335,6521952,NC
0.8852432329811922,6521953,NC
0.8252290743950623,6521954,L
0.7502149040753935,6521955,NC
0.6552007220241362,6521956,NC
0.5751865282432431,6521957,NC
0.5051723227346682,6521958,NC
0.42015810550036714,6521959,NC
0.3451438765422973,6521960,NC
0.25012963586241754,6521961,NC
0.1201153834626884,6521962,NC
-0.014898880654928046,6521963,NC
-0.14491315648846798,6521964,NC
-0.239927444035966,6521965,NC
-0.30994174329545515,6521966,NC
-0.36495605426496697,6521967,NC
-0.40997037694253113,6521968,NC
-0.4249847113261759,6521969,NC
-0.4349990574139278,6521970,NC
-0.4200134152038117,6521971,NC
-0.39002778469385113,6521972,NC
-0.3600421658820678,6521973,NC
-0.3600565587664818,6521974,NC
-0.3600709633451116,6521975,NC
-0.3650853796159743,6521976,NC
-0.37509980757708494,6521977,NC
-0.36511424722645736,6521978,NC
-0.34512869856210365,6521979,NC
-0.34514316158203434,6521980,NC
-0.36515763628425824,6521981,NC
-0.37017212266678245,6521982,NC
-0.3701866207276129,6521983,NC
-0.3502011304647534,6521984,NC
-0.34021565187620656,6521985,NC
-0.3552301849599731,6521986,NC
-0.36024472971405236,6521987,NC
-0.3802592861364418,6521988,NC
-0.35527385422513746,6521989,NC
-0.34528843397813375,6521990,NC
-0.3453030253934236,6521991,NC
-0.34031762846899805,6521992,NC
-0.34533224320284683,6521993,NC
-0.36034686959295775,6521994,NC
-0.3653615076373171,6521995,NC
-0.34537615733391,6521996,NC
-0.3303908186807194,6521997,NC
-0.3354054916757269,6521998,NC
-0.33542017631691246,6521999,NC
-0.35543487260225437,6522000,NC
-0.3554495805297295,6522001,NC
-0.3354643000973129,6522002,NC
-0.32047903130297817,6522003,NC
-0.3354937741446973,6522004,NC
-0.3455085286204405,6522005,NC
-0.3455232947281766,6522006,NC
-0.34053807246587275,6522007,NC
-0.33555286183149446,6522008,NC
-0.31056766282300574,6522009,NC
-0.31058247543836887,6522010,NC
-0.3055972996755445,6522011,NC
-0.3156121355324919,6522012,NC
-0.3056269830071685,6522013,NC
-0.2956418420975304,6522014,NC
-0.2756567128015318,6522015,NC
-0.2756715951171256,6522016,NC
-0.29068648904226274,6522017,NC
-0.2907013945748928,6522018,NC
-0.29071631171296375,6522019,NC
-0.27073124045442204,6522020,NC
-0.2557461807972124,6522021,NC
-0.2357611327392779,6522022,NC
-0.2307760962785601,6522023,NC
-0.24579107141299897,6522024,NC
-0.23580605814053285,6522025,NC
-0.2258210564590986,6522026,NC
-0.20083606636663137,6522027,NC
-0.19085108786106475,6522028,NC
-0.18586612094033056,6522029,NC
-0.1908811656023594,6522030,NC
-0.16589622184507985,6522031,NC
-0.15591128966641934,6522032,NC
-0.13592636906430336,6522033,NC
-0.1309414600366559,6522034,NC
-0.12595656258139937,6522035,NC
-0.13097167669645465,6522036,NC
-0.12098680237974088,6522037,NC
-0.10100193962917585,6522038,NC
-0.08601708844267553,6522039,NC
-0.0660322488181543,6522040,NC
-0.05604742075352505,6522041,NC
-0.03606260424669906,6522042,NC
-0.016077799295586115,6522043,NC
0.008906994101905805,6522044,NC
0.02389177594787016,6522045,NC
0.05387654624440205,6522046,NC
0.05386130499359826,6522047,NC
0.058846052197556974,6522048,NC
0.06383078785837797,6522049,NC
0.07881551197816279,6522050,NC
0.09880022455901447,6522051,NC
0.09878492560303762,6522052,NC
0.06376961511233854,6522053,NC
0.043754293089024975,6522054,NC
0.023738959535206244,6522055,NC
0.018723614452993365,6522056,NC
-0.0062917421555010455,6522057,NC
-0.0013071102881628133,6522058,NC
-0.05132248994287629,6522059,NC
-0.07133788111752404,6522060,NC
-0.06635328380998728,6522061,NC
-0.07636869801814546,6522062,NC
-0.07638412373987648,6522063,NC
-0.11139956097305659,6522064,NC
-0.1314150097155607,6522065,NC
-0.15643046996526178,6522066,NC
-0.16144594172003163,6522067,NC
-0.16146142497774013,6522068,NC
-0.15647691973625572,6522069,NC
-0.16649242599344516,6522070,NC
-0.1765079437471736,6522071,NC
-0.196523472995305,6522072,NC
-0.19653901373570126,6522073,NC
-0.18155456596622288,6522074,NC
-0.1765701296847288,6522075,NC
-0.18658570488907628,6522076,NC
-0.20660129157712115,6522077,NC
-0.20661688974671752,6522078,NC
-0.2116324993957181,6522079,NC
-0.20664812052197384,6522080,NC
-0.20166375312333412,6522081,NC
-0.19667939719764682,6522082,NC
-0.20669505274275823,6522083,NC
-0.21171071975651296,6522084,NC
-0.21672639823675427,6522085,NC
-0.2167420881813236,6522086,NC
-0.2067577895880609,6522087,NC
-0.19677350245480457,6522088,NC
-0.22678922677939134,6522089,NC
-0.22180496255965654,6522090,NC
-0.23182070979343383,6522091,NC
-0.2068364684785552,6522092,NC
-0.2168522386128512,6522093,NC
-0.19686802019415062,6522094,NC
-0.21188381322028083,6522095,NC
-0.2218996176890678,6522096,NC
-0.21191543359833553,6522097,NC
-0.2119312609459067,6522098,NC
-0.20194709972960231,6522099,NC
-0.2069629499472418,6522100,NC
-0.20697881159664308,6522101,NC
-0.23699468467562257,6522102,NC
-0.22701056918199491,6522103,NC
-0.21702646511357332,6522104,NC
-0.2020423724681693,6522105,NC
-0.19205829124359303,6522106,NC
-0.22707422143765277,6522107,NC
-0.2370901630481556,6522108,NC
-0.22210611607290673,6522109,NC
-0.21712208050970988,6522110,NC
-0.20213805635636717,6522111,NC
-0.20215404361067935,6522112,NC
-0.21217004227044534,6522113,NC
-0.22218605233346264,6522114,NC
-0.2272020737975271,6522115,NC
-0.22721810666043307,6522116,NC
-0.21223415091997316,6522117,NC
-0.2122502065739387,6522118,NC
-0.2072662736201193,6522119,NC
-0.22728235205630298,6522120,NC
-0.2172984418802762,6522121,NC
-0.20231454308982377,6522122,NC
-0.19733065568272917,6522123,NC
-0.197346779656774,6522124,NC
-0.21736291500973864,6522125,NC
-0.2273790617394017,6522126,NC
-0.22239521984354021,6522127,NC
-0.21241138931992964,6522128,NC
-0.2074275701663439,6522129,NC
-0.20244376238055548,6522130,NC
-0.23245996596033508,6522131,NC
-0.23747618090345207,6522132,NC
-0.237492407207674,6522133,NC
-0.217508644870767,6522134,NC
-0.20252489389049572,6522135,NC
-0.212541154264623,6522136,NC
-0.21255742599091043,6522137,NC
-0.22257370906711782,6522138,NC
-0.24759000349100344,6522139,NC
-0.2226063092603239,6522140,NC
-0.20262262637283457,6522141,NC
-0.21763895482628898,6522142,NC
-0.22765529461843925,6522143,NC
-0.2276716457470358,6522144,NC
-0.22768800820982757,6522145,NC
-0.22270438200456194,6522146,NC
-0.21272076712898455,6522147,NC
-0.20273716358083996,6522148,NC
-0.21275357135787076,6522149,NC
-0.23276999045781802,6522150,NC
-0.23278642087842133,6522151,NC
-0.2228028626174186,6522152,NC
-0.21281931567254647,6522153,NC
-0.2128357800415397,6522154,NC
-0.22785225572213175,6522155,NC
-0.23286874271205435,6522156,NC
-0.2278852410090377,6522157,NC
-0.23290175061081042,6522158,NC
-0.20291827151509972,6522159,NC
-0.20793480371963108,6522160,NC
-0.20795134722212863,6522161,NC
-0.22796790202031475,6522162,NC
-0.2279844681119103,6522163,NC
-0.2180010454946345,6522164,NC
-0.19801763416620535,6522165,NC
-0.20303423412433896,6522166,NC
-0.2130508453667501,6522167,NC
-0.21806746789115178,6522168,NC
-0.21808410169525566,6522169,NC
-0.20810074677677157,6522170,NC
-0.18311740313340816,6522171,NC
-0.1731340707628723,6522172,NC
-0.17315074966286936,6522173,NC
-0.18316743983110312,6522174,NC
-0.18818414126527583,6522175,NC
-0.1782008539630881,6522176,NC
-0.1532175779222391,6522177,NC
-0.1632343131404267,6522178,NC
-0.1632510596153467,6522179,NC
-0.1732678173446937,6522180,NC
-0.1682845863261605,6522181,NC
-0.1583013665574387,6522182,NC
-0.13331815803621802,6522183,NC
-0.1383349607601869,6522184,NC
-0.14835177472703198,6522185,NC
-0.15336859993443852,6522186,NC
-0.1533854363800901,6522187,NC
-0.153402284061669,6522188,NC
-0.12841914297685564,6522189,NC
-0.14343601312332915,6522190,NC
-0.15345289449876695,6522191,NC
-0.173469787100845,6522192,NC
-0.16848669092723756,6522193,NC
-0.1735036059756176,6522194,NC
-0.15352053224365647,6522195,NC
-0.16853746972902384,6522196,NC
-0.18855441842938792,6522197,NC
-0.2085713783424153,6522198,NC
-0.21858834946577113,6522199,NC
-0.20860533179711901,6522200,NC
-0.1936223253341211,6522201,NC
-0.19863933007443776,6522202,NC
-0.19865634601572796,6522203,NC
-0.223673373155649,6522204,NC
-0.21869041149185683,6522205,NC
-0.21870746102200583,6522206,NC
-0.1937245217437487,6522207,NC
-0.20374159365473674,6522208,NC
-0.21375867675261964,6522209,NC
-0.23377577103504554,6522210,NC
-0.24379287649966097,6522211,NC
-0.24880999314411112,6522212,NC
-0.23882712096603953,6522213,NC
-0.23884425996308822,6522214,NC
-0.25886141013289765,6522215,NC
-0.25887857147310656,6522216,NC
-0.2388957439813526,6522217,NC
-0.24391292765527142,6522218,NC
-0.2339301224924975,6522219,NC
-0.23394732849066352,6522220,NC
-0.2539645456474008,6522221,NC
-0.2639817739603389,6522222,NC
-0.2639990134271059,6522223,NC
-0.24901626404532887,6522224,NC
-0.23903352581263254,6522225,NC
-0.2340507987266406,6522226,NC
-0.25406808278497506,6522227,NC
-0.2590853779852563,6522228,NC
-0.27910268432510343,6522229,NC
-0.2641200018021338,6522230,NC
-0.2441373304139634,6522231,NC
-0.24415467015820647,6522232,NC
-0.24917202103247593,6522233,NC
-0.2541893830343829,6522234,NC
-0.2592067561615374,6522235,NC
-0.23922414041154738,6522236,NC
-0.2292415357820198,6522237,NC
-0.2342589422705597,6522238,NC
-0.2392763598747708,6522239,NC
-0.25429378859225504,6522240,NC
-0.25931122842061305,6522241,NC
-0.24932867935744404,6522242,NC
-0.21934614140034542,6522243,NC
-0.22436361454691317,6522244,NC
-0.23438109879474178,6522245,NC
-0.2543985941414241,6522246,NC
-0.2644161005845515,6522247,NC
-0.23943361812171413,6522248,NC
-0.2144511467505001,6522249,NC
-0.22946868646849633,6522250,NC
-0.2344862372732881,6522251,NC
-0.23450379916245906,6522252,NC
-0.22952137213359153,6522253,NC
-0.2195389561842664,6522254,NC
-0.19955655131206268,6522255,NC
-0.1995741575145581,6522256,NC
-0.19959177478932866,6522257,NC
-0.1996094031339492,6522258,NC
-0.19962704254599262,6522259,NC
-0.15964469302303064,6522260,NC
-0.1146623545626333,6522261,NC
-0.09468002716236903,6522262,NC
-0.04969771081980484,6522263,NC
0.005284594467493686,6522264,NC
0.09026688870196273,6522265,NC
0.2052491718860397,6522266,NC
0.3002314440221638,6522267,NC
0.35021370511277555,6522268,NC
0.3801959551603172,6522269,NC
0.3701781941672323,6522270,NC
0.325160422135966,6522271,NC
0.2701426390689651,6522272,NC
0.23012484496867758,6522273,NC
0.1951070398375534,6522274,NC
0.19508922367804377,6522275,NC
0.22007139649260143,6522276,NC
0.2900535582836805,6522277,NC
0.39503570905373697,6522278,NC
0.515017848805228,6522279,NC
0.6499999775406126,6522280,NC
0.7549820952623512,6522281,NC
0.8099642019729052,6522282,NC
0.8799462976747385,6522283,NC
0.9049283823703156,6522284,NC
0.8699104560621032,6522285,L
0.7848925187525689,6522286,NC
0.6748745704441825,6522287,NC
0.569856611139415,6522288,NC
0.4948386408407384,6522289,NC
0.429820659550627,6522290,NC
0.3498026672715563,6522291,NC
0.22978466400600328,6522292,NC
0.09476664975644636,6522293,NC
-0.04525137547463426,6522294,NC
-0.1552694116847572,6522295,NC
-0.23528745887143937,6522296,NC
-0.2903055170321961,6522297,NC
-0.3453235861645414,6522298,NC
-0.38034166626598753,6522299,NC
-0.4103597573340456,6522300,NC
-0.42037785936622496,6522301,NC
-0.39539597236003343,6522302,NC
-0.3454140963129774,6522303,NC
-0.32543223122256176,6522304,NC
-0.3154503770862898,6522305,NC
-0.3154685339016634,6522306,NC
-0.30548670166618297,6522307,NC
-0.29550488037734723,6522308,NC
-0.28552307003265365,6522309,NC
-0.27554127062959777,6522310,NC
-0.2855594821656743,6522311,NC
-0.2955777046383757,6522312,NC
-0.30059593804519347,6522313,NC
-0.29561418238361736,6522314,NC
-0.26063243765113564,6522315,NC
-0.275650703845235,6522316,NC
-0.2756689809634008,6522317,NC
-0.280687269003117,6522318,NC
-0.2957055679618657,6522319,NC
-0.28572387783712766,6522320,NC
-0.27574219862638205,6522321,NC
-0.26076053032710694,6522322,NC
-0.26077887293677826,6522323,NC
-0.275797226452871,6522324,NC
-0.27581559087285834,6522325,NC
-0.2608339661942122,6522326,NC
-0.2558523524144025,6522327,NC
-0.25587074953089817,6522328,NC
-0.2558891575411665,6522329,NC
-0.28090757644267317,6522330,NC
-0.2809260062328826,6522331,NC
-0.27094444690925745,6522332,NC
-0.255962898469259,6522333,NC
-0.25098136091034684,6522334,NC
-0.2609998342299794,6522335,NC
-0.2610183184256135,6522336,NC
-0.2660368134947043,6522337,NC
-0.2510553194347057,6522338,NC
-0.24107383624306977,6522339,NC
-0.2310923639172475,6522340,NC
-0.23111090245468796,6522341,NC
-0.24112945185283918,6522342,NC
-0.2411480121091473,6522343,NC
-0.22616658322105715,6522344,NC
-0.22118516518601194,6522345,NC
-0.21620375800145358,6522346,NC
-0.20622236166482244,6522347,NC
-0.2212409761735573,6522348,NC
-0.2212596015250955,6522349,NC
-0.2012782377168728,6522350,NC
-0.19129688474632353,6522351,NC
-0.18131554261088056,6522352,NC
-0.1763342113079754,6522353,NC
-0.17635289083503783,6522354,NC
-0.1913715811894962,6522355,NC
-0.16139028236877737,6522356,NC
-0.1364089943703067,6522357,NC
-0.13142771719150825,6522358,NC
-0.1214464508298043,6522359,NC
-0.13146519528261588,6522360,NC
-0.12648395054736242,6522361,NC
-0.11150271662146184,6522362,NC
-0.0915214935023305,6522363,NC
-0.07154028118738345,6522364,NC
-0.07155907967403431,6522365,NC
-0.07157788895969497,6522366,NC
-0.07659670904177596,6522367,NC
-0.05161553991768619,6522368,NC
-0.026634381584833403,6522369,NC
-0.011653234040623461,6522370,NC
-0.00667209728246114,6522371,NC
-0.016690971307749394,6522372,NC
-0.016709856113889865,6522373,NC
0.013271248301717359,6522374,NC
0.0382523419416737,6522375,NC
0.05823342480858196,6522376,NC
0.053214496905046364,6522377,NC
0.04819555823367282,6522378,NC
0.07317660879706861,6522379,NC
0.09815764859784254,6522380,NC
0.12813867763860493,6522381,NC
0.13811969592196746,6522382,NC
0.15310070345054327,6522383,NC
0.14808170022694717,6522384,NC
0.14806268625379526,6522385,NC
0.15804366153370542,6522386,NC
0.17802462606929648,6522387,NC
0.16300557986318936,6522388,NC
0.14798652291800593,6522389,NC
0.11296745523636985,6522390,NC
0.09794837682090622,6522391,NC
0.09292928767424163,6522392,NC
0.07291018779900402,6522393,NC
0.0578910771978228,6522394,NC
0.022871955873329027,6522395,NC
0.007852823828155109,6522396,NC
-0.02716631893506488,6522397,NC
-0.027185472413695774,6522398,NC
-0.01720463660510052,6522399,NC
-0.022223811506640934,6522400,NC
-0.052242997115677106,6522401,NC
-0.08226219342956774,6522402,NC
-0.09728140044567005,6522403,NC
-0.09730061816133977,6522404,NC
-0.0973198465739312,6522405,NC
-0.11233908568079731,6522406,NC
-0.12735833547928926,6522407,NC
-0.13237759596675702,6522408,NC
-0.12739686714054893,6522409,NC
-0.13241614899801185,6522410,NC
-0.1124354415364913,6522411,NC
-0.11745474475333138,6522412,NC
-0.12247405864587449,6522413,NC
-0.13749338321146165,6522414,NC
-0.14751271844743244,6522415,NC
-0.13753206435112503,6522416,NC
-0.14255142091987597,6522417,NC
-0.13257078815102052,6522418,NC
-0.15259016604189243,6522419,NC
-0.15760955458982379,6522420,NC
-0.16262895379214531,6522421,NC
-0.1526483636461865,6522422,NC
-0.1276677841492751,6522423,NC
-0.1376872152987375,6522424,NC
-0.16270665709189858,6522425,NC
-0.17272610952608175,6522426,NC
-0.17774557259860896,6522427,NC
-0.15276504630680074,6522428,NC
-0.14278453064797625,6522429,NC
-0.14280402561945293,6522430,NC
-0.147823531218547,6522431,NC
-0.167843047442573,6522432,NC
-0.1628625742888441,6522433,NC
-0.17288211175467222,6522434,NC
-0.13790165983736735,6522435,NC
-0.14792121853423856,6522436,NC
-0.1529407878425931,6522437,NC
-0.1479603677597368,6522438,NC
-0.157979958282974,6522439,NC
-0.15299955940960783,6522440,NC
-0.13301917113693978,6522441,NC
-0.14303879346226986,6522442,NC
-0.13805842638289662,6522443,NC
-0.1430780698961171,6522444,NC
-0.1480977239992272,6522445,NC
-0.14311738868952084,6522446,NC
-0.13813706396429104,6522447,NC
-0.13815674982082898,6522448,NC
-0.15317644625642451,6522449,NC
-0.16319615326836584,6522450,NC
-0.17321587085394016,6522451,NC
-0.16823559901043272,6522452,NC
-0.15325533773512778,6522453,NC
-0.1432750870253077,6522454,NC
-0.15829484687825363,6522455,NC
-0.16831461729124525,6522456,NC
-0.1633343982615606,6522457,NC
-0.1533541897864766,6522458,NC
-0.15837399186326853,6522459,NC
-0.15339380448921025,6522460,NC
-0.148413627661574,6522461,NC
-0.17343346137763074,6522462,NC
-0.17345330563465008,6522463,NC
-0.1684731604298999,6522464,NC
-0.14349302576064693,6522465,NC
-0.1535129016241562,6522466,NC
-0.15853278801769138,6522467,NC
-0.16855268493851466,6522468,NC
-0.17857259238388687,6522469,NC
-0.15859251035106742,6522470,NC
-0.14861243883731418,6522471,NC
-0.14363237783988347,6522472,NC
-0.14865232735603023,6522473,NC
-0.1686722873830082,6522474,NC
-0.1736922579180693,6522475,NC
-0.16371223895846432,6522476,NC
-0.14373223050144238,6522477,NC
-0.14375223254425123,6522478,NC
-0.16877224508413713,6522479,NC
-0.17379226811834497,6522480,NC
-0.17881230164411813,6522481,NC
-0.16383234565869875,6522482,NC
-0.14885240015932727,6522483,NC
-0.1438724651432427,6522484,NC
-0.14889254060768276,6522485,NC
-0.16391262654988348,6522486,NC
-0.17393272296707982,6522487,NC
-0.1539528298565051,6522488,NC
-0.1589729472153911,6522489,NC
-0.1439930750409683,6522490,NC
-0.15401321333046558,6522491,NC
-0.1590333620811106,6522492,NC
-0.1690535212901294,6522493,NC
-0.16907369095474678,6522494,NC
-0.14909387107218589,6522495,NC
-0.14411406163966847,6522496,NC
-0.14913426265441487,6522497,NC
-0.15915447411364408,6522498,NC
-0.16917469601457347,6522499,NC
-0.14419492835441927,6522500,NC
-0.13921517113039594,6522501,NC
-0.12423542433971668,6522502,NC
-0.1442556879795931,6522503,NC
-0.13927596204723558,6522504,NC
-0.14429624653985312,6522505,NC
-0.11931654145465301,6522506,NC
-0.10433684678884123,6522507,NC
-0.10435716253962234,6522508,NC
-0.11437748870419938,6522509,NC
-0.1193978252797742,6522510,NC
-0.12441817226354689,6522511,NC
-0.10943852965271642,6522512,NC
-0.09445889744448012,6522513,NC
-0.0844792756360339,6522514,NC
-0.0794996642245722,6522515,NC
-0.09452006320728827,6522516,NC
-0.07954047258137377,6522517,NC
-0.07456089234401889,6522518,NC
-0.06458132249241243,6522519,NC
-0.06460176302374163,6522520,NC
-0.0696222139351926,6522521,NC
-0.08964267522394975,6522522,NC
-0.09466314688719629,6522523,NC
-0.08968362892211379,6522524,NC
-0.07470412132588246,6522525,NC
-0.06972462409568102,6522526,NC
-0.08474513722868704,6522527,NC
-0.11976566072207626,6522528,NC
-0.13478619457302338,6522529,NC
-0.11480673877870141,6522530,NC
-0.09482729333628202,6522531,NC
-0.09484785824293544,6522532,NC
-0.1248684334958304,6522533,NC
-0.12988901909213435,6522534,NC
-0.14990961502901345,6522535,NC
-0.13993022130363203,6522536,NC
-0.13495083791315332,6522537,NC
-0.14497146485473883,6522538,NC
-0.1449921021255491,6522539,NC
-0.15501274972274276,6522540,NC
-0.14503340764347744,6522541,NC
-0.14505407588490904,6522542,NC
-0.14507475444419216,6522543,NC
-0.14009544331847984,6522544,NC
-0.160116142504924,6522545,NC
-0.17013685200067505,6522546,NC
-0.18515757180288178,6522547,NC
-0.16017830190869164,6522548,NC
-0.1451990423152507,6522549,NC
-0.14521979301970372,6522550,NC
-0.15024055401919384,6522551,NC
-0.17526132531086297,6522552,NC
-0.17528210689185147,6522553,NC
-0.17530289875929833,6522554,NC
-0.14532370091034114,6522555,NC
-0.1503445133421159,6522556,NC
-0.17536533605175747,6522557,NC
-0.19038616903639932,6522558,NC
-0.1804070122931732,6522559,NC
-0.17042786581920966,6522560,NC
-0.1654487296116377,6522561,NC
-0.16046960366758495,6522562,NC
-0.1554904879841778,6522563,NC
-0.17051138255854112,6522564,NC
-0.18053228738779828,6522565,NC
-0.1755532024690713,6522566,NC
-0.16057412779948063,6522567,NC
-0.15559506337614576,6522568,NC
-0.16561600919618422,6522569,NC
-0.17563696525671263,6522570,NC
-0.17565793155484577,6522571,NC
-0.16567890808769725,6522572,NC
-0.15069989485237917,6522573,NC
-0.15072089184600237,6522574,NC
-0.16574189906567605,6522575,NC
-0.17576291650850828,6522576,NC
-0.18078394417160557,6522577,NC
-0.1708049820520729,6522578,NC
-0.15082603014701398,6522579,NC
-0.16084708845353113,6522580,NC
-0.17086815696872543,6522581,NC
-0.16588923568969616,6522582,NC
-0.16591032461354147,6522583,NC
-0.16093142373735797,6522584,NC
-0.13595253305824093,6522585,NC
-0.12097365257328435,6522586,NC
-0.1459947822795805,6522587,NC
-0.1360159221742206,6522588,NC
-0.13103707225429428,6522589,NC
-0.11605823251688979,6522590,NC
-0.07607940295909384,6522591,NC
-0.046100583577992,6522592,NC
-0.04112177437066844,6522593,NC
-0.0011429753342056814,6522594,NC
0.05883581353431501,6522595,NC
0.1338145922378139,6522596,NC
0.2137933607792123,6522597,NC
0.2937721191614334,6522598,NC
0.35375086738740136,6522599,NC
0.37872960546004186,6522600,NC
0.3837083333822823,6522601,NC
0.37368705115705114,6522602,NC
0.3336657587872782,6522603,NC
0.27364445627589506,6522604,NC
0.22862314362583408,6522605,NC
0.19860182084002959,6522606,NC
0.20858048792141715,6522607,NC
0.30855914487293357,6522608,NC
0.4185377916975173,6522609,NC
0.548516428398108,6522610,NC
0.6784950549776467,6522611,NC
0.7784736714390759,6522612,NC
0.8634522777853395,6522613,NC
0.9284308740193828,6522614,NC
0.9184094601441524,6522615,L
0.8633880361625966,6522616,NC
0.7533666020776646,6522617,NC
0.6333451578923072,6522618,NC
0.5383237036094768,6522619,NC
0.463302239232127,6522620,NC
0.3582807647632127,6522621,NC
0.24825928020569055,6522622,NC
0.10323778556251806,6522623,NC
-0.00678371916334547,6522624,NC
-0.10680523396893934,6522625,NC
-0.17682675885130184,6522626,NC
-0.2268482938074694,6522627,NC
-0.27686983883447747,6522628,NC
-0.32689139392935995,6522629,NC
-0.3319129590891492,6522630,NC
-0.31693453431087637,6522631,NC
-0.30195611959157104,6522632,NC
-0.25697771492826177,6522633,NC
-0.23199932031797552,6522634,NC
-0.21202093575773778,6522635,NC
-0.21704256124457277,6522636,NC
-0.23206419677550333,6522637,NC
-0.1970858423475507,6522638,NC
-0.19710749795773502,6522639,NC
-0.18212916360307507,6522640,NC
-0.1971508392805881,6522641,NC
-0.20217252498728994,6522642,NC
-0.21219422072019492,6522643,NC
-0.2072159264763166,6522644,NC
-0.1872376422526663,6522645,NC
-0.20225936804625472,6522646,NC
-0.18228110385409074,6522647,NC
-0.20230284967318196,6522648,NC
-0.20232460550053455,6522649,NC
-0.18734637133315352,6522650,NC
-0.1723681471680422,6522651,NC
-0.1723899330022029,6522652,NC
-0.17741172883263623,6522653,NC
-0.20243353465634156,6522654,NC
-0.19745535047031673,6522655,NC
-0.19247717627155847,6522656,NC
-0.17749901205706212,6522657,NC
-0.1525208578238214,6522658,NC
-0.16254271356882885,6522659,NC
-0.16256457928907553,6522660,NC
-0.16258645498155108,6522661,NC
-0.15760834064324408,6522662,NC
-0.1426302362711413,6522663,NC
-0.13765214186222852,6522664,NC
-0.15267405741348997,6522665,NC
-0.14769598292190844,6522666,NC
-0.14771791838446535,6522667,NC
-0.13773986379814096,6522668,NC
-0.11776181915991411,6522669,NC
-0.10778378446676211,6522670,NC
-0.11280575971566098,6522671,NC
-0.11282774490358524,6522672,NC
-0.12284974002750843,6522673,NC
-0.1078717450844022,6522674,NC
-0.08289376007123737,6522675,NC
-0.07291578498498297,6522676,NC
-0.08293781982260687,6522677,NC
-0.08295986458107536,6522678,NC
-0.07298191925735376,6522679,NC
-0.0680039838484056,6522680,NC
-0.04802605835119339,6522681,NC
-0.04804814276267805,6522682,NC
-0.04807023707981922,6522683,NC
-0.04809234129957514,6522684,NC
-0.05311445541890249,6522685,NC
-0.03313657943475723,6522686,NC
-0.0031587133440933446,6522687,NC
0.011819142856136361,6522688,NC
0.021796989168980457,6522689,NC
0.006774825597488945,6522690,NC
0.021752652144712892,6522691,NC
0.046730468813705135,6522692,NC
0.06670827560751946,6522693,NC
0.08668607252921134,6522694,NC
0.08666385958183748,6522695,NC
0.07664163676845603,6522696,NC
0.08661940409212623,6522697,NC
0.09659716155590908,6522698,NC
0.1115749091628665,6522699,NC
0.14155264691606212,6522700,NC
0.14653037481856074,6522701,NC
0.13650809287342874,6522702,NC
0.14148580108373357,6522703,NC
0.161463499452544,6522704,NC
0.18144118798293052,6522705,NC
0.19641886667796465,6522706,NC
0.20639653554071946,6522707,NC
0.21137419457426934,6522708,NC
0.21135184378168992,6522709,NC
0.2213294831660581,6522710,NC
0.24630711273045242,6522711,NC
0.27128473247795265,6522712,NC
0.2562623424116398,6522713,NC
0.24123994253459657,6522714,NC
0.23121753284990654,6522715,NC
0.23119511336065482,6522716,NC
0.236172684069928,6522717,NC
0.22115024498081393,6522718,NC
0.17112779609640194,6522719,NC
0.13610533741978234,6522720,NC
0.12608286895404727,6522721,NC
0.12606039070228975,6522722,NC
0.12603790266760448,6522723,NC
0.11101540485308742,6522724,NC
0.07099289726183594,6522725,NC
0.04597037989694847,6522726,NC
0.025947852761525225,6522727,NC
0.02092531585866729,6522728,NC
0.04090276919147744,6522729,NC
0.020880212763059694,6522730,NC
0.005857646576519521,6522731,NC
-0.019164929365036484,6522732,NC
-0.02918751505850041,6522733,NC
-0.024210110500762716,6522734,NC
-0.014232715688712705,6522735,NC
-0.024255330619238305,6522736,NC
-0.029277955289226,6522737,NC
-0.059300589695561234,6522738,NC
-0.04932323383512771,6522739,NC
-0.04934588770480822,6522740,NC
-0.03436855130148388,6522741,NC
-0.05439122462203458,6522742,NC
-0.05941390766333875,6522743,NC
-0.06943660042227383,6522744,NC
-0.06945930289571547,6522745,NC
-0.06948201508053842,6522746,NC
-0.054504736973615756,6522747,NC
-0.04952746857181928,6522748,NC
-0.0745502098720197,6522749,NC
-0.074572960871086,6522750,NC
-0.08959572156588627,6522751,NC
-0.07961849195328688,6522752,NC
-0.07464127203015304,6522753,NC
-0.07966406179334852,6522754,NC
-0.09468686123973602,6522755,NC
-0.09970967036617653,6522756,NC
-0.08473248916953009,6522757,NC
-0.07475531764665513,6522758,NC
-0.07477815579440887,6522759,NC
-0.06480100360964715,6522760,NC
-0.06482386108922426,6522761,NC
-0.08484672822999383,6522762,NC
-0.07986960502880752,6522763,NC
-0.0698924914825159,6522764,NC
-0.07991538758796811,6522765,NC
-0.069938293342012,6522766,NC
-0.07496120874149426,6522767,NC
-0.08998413378325995,6522768,NC
-0.08000706846415315,6522769,NC
-0.07003001278101635,6522770,NC
-0.05505296673069077,6522771,NC
-0.06007593031001622,6522772,NC
-0.0750989035158315,6522773,NC
-0.0851218863449737,6522774,NC
-0.08514487879427891,6522775,NC
-0.08016788086058167,6522776,NC
-0.0751908925407153,6522777,NC
-0.07521391383151162,6522778,NC
-0.07523694472980139,6522779,NC
-0.08025998523241405,6522780,NC
-0.0952830353361775,6522781,NC
-0.0903060950379184,6522782,NC
-0.06532916433446209,6522783,NC
-0.08035224322263251,6522784,NC
-0.08037533169925253,6522785,NC
-0.08539842976114359,6522786,NC
-0.0854215374051257,6522787,NC
-0.0704446546280176,6522788,NC
-0.06546778142663671,6522789,NC
-0.07049091779779909,6522790,NC
-0.07551406373831958,6522791,NC
-0.09553721924501182,6522792,NC
-0.11056038431468787,6522793,NC
-0.09058355894415858,6522794,NC
-0.07560674313023334,6522795,NC
-0.07062993686972065,6522796,NC
-0.08565314015942711,6522797,NC
-0.0956763529961586,6522798,NC
-0.10069957537671927,6522799,NC
-0.09572280729791205,6522800,NC
-0.0807460487565385,6522801,NC
-0.0707692997493992,6522802,NC
-0.08079256027329289,6522803,NC
-0.09081583032501755,6522804,NC
-0.11083910990136944,6522805,NC
-0.10086239899914369,6522806,NC
-0.08588569761513389,6522807,NC
-0.07590900574613267,6522808,NC
-0.07593232338893129,6522809,NC
-0.09595565054031949,6522810,NC
-0.10097898719708578,6522811,NC
-0.0910023333560174,6522812,NC
-0.07602568901390015,6522813,NC
-0.07104905416751882,6522814,NC
-0.08107242881365671,6522815,NC
-0.09109581294909581,6522816,NC
-0.09611920657061676,6522817,NC
-0.08614260967499894,6522818,NC
-0.08616602225902034,6522819,NC
-0.08618944431945796,6522820,NC
-0.07621287585308704,6522821,NC
-0.09623631685668198,6522822,NC
-0.09125976732701552,6522823,NC
-0.0862832272608592,6522824,NC
-0.07630669665498319,6522825,NC
-0.07133017550615657,6522826,NC
-0.07635366381114705,6522827,NC
-0.09137716156672093,6522828,NC
-0.10640066876964321,6522829,NC
-0.10142418541667761,6522830,NC
-0.07644771150458667,6522831,NC
-0.06147124703013143,6522832,NC
-0.08649479199007191,6522833,NC
-0.09151834638116656,6522834,NC
-0.08154191020017262,6522835,NC
-0.061565483443846075,6522836,NC
-0.04658906610894133,6522837,NC
-0.026612658192212216,6522838,NC
-0.03163625969041055,6522839,NC
-0.051659870600287094,6522840,NC
-0.051683490918591354,6522841,NC
-0.05670712064207137,6522842,NC
-0.03173075976747426,6522843,NC
-0.01675440829154537,6522844,NC
-0.01677806621102923,6522845,NC
-0.011801733522668723,6522846,NC
-0.01682541022320555,6522847,NC
-0.00184909630938003,6522848,NC
0.008127208222068527,6522849,NC
0.023103503374402465,6522850,NC
0.013079789150885056,6522851,NC
-0.006943934445218861,6522852,NC
-0.011967667410643215,6522853,NC
-0.006991409742120577,6522854,NC
-0.012015161436382454,6522855,NC
0.0029610775098409953,6522856,NC
-0.007062692900178955,6522857,NC
-0.03208647266316983,6522858,NC
-0.042110261775857805,6522859,NC
-0.04213406023496774,6522860,NC
-0.03715786803722339,6522861,NC
-0.04218168517934724,6522862,NC
-0.04220551165806026,6522863,NC
-0.07722934747008221,6522864,NC
-0.07725319261213165,6522865,NC
-0.06227704708092567,6522866,NC
-0.04730091087318031,6522867,NC
-0.06232478398561034,6522868,NC
-0.062348666414929046,6522869,NC
-0.0873725581578485,6522870,NC
-0.0923964592110794,6522871,NC
-0.07742036957133148,6522872,NC
-0.06744428923531283,6522873,NC
-0.07246821819973057,6522874,NC
-0.0974921564612903,6522875,NC
-0.0925161040166964,6522876,NC
-0.10754006086265189,6522877,NC
-0.0975640269958589,6522878,NC
-0.08758800241301767,6522879,NC
-0.07761198711082781,6522880,NC
-0.07763598108598717,6522881,NC
-0.10265998433519251,6522882,NC
-0.10268399685513915,6522883,NC
-0.09770801864252138,6522884,NC
-0.08773204969403223,6522885,NC
-0.09275609000636326,6522886,NC
-0.11278013957620474,6522887,NC
-0.11780419840024582,6522888,NC
-0.10282826647517417,6522889,NC
-0.09285234379767643,6522890,NC
-0.08287643036443797,6522891,NC
-0.09790052617214269,6522892,NC
-0.09792463121747329,6522893,NC
-0.1129487454971112,6522894,NC
-0.10797286900773649,6522895,NC
-0.10299700174602833,6522896,NC
-0.08802114370866404,6522897,NC
-0.08804529489232027,6522898,NC
-0.08306945529367198,6522899,NC
-0.10309362490939301,6522900,NC
-0.09311780373615576,6522901,NC
-0.08814199177063166,6522902,NC
-0.08316618900949081,6522903,NC
-0.0781903954494019,6522904,NC
-0.08821461108703241,6522905,NC
-0.10323883591904841,6522906,NC
-0.09826306994211507,6522907,NC
-0.1032873131528959,6522908,NC
-0.08331156554805348,6522909,NC
-0.06833582712424893,6522910,NC
-0.07336009787814211,6522911,NC
-0.09838437780639163,6522912,NC
-0.08840866690565466,6522913,NC
-0.06843296517258775,6522914,NC
-0.058457272603845506,6522915,NC
-0.03848158919608152,6522916,NC
-0.03850591494594813,6522917,NC
-0.048530249850096255,6522918,NC
-0.02855459390517591,6522919,NC
-0.003578947107835434,6522920,NC
0.04139669054527768,6522921,NC
0.07637231905751753,6522922,NC
0.12634793843223935,6522923,NC
0.1763235486727997,6522924,NC
0.24629914978255618,6522925,NC
0.32127474176486803,6522926,NC
0.3862503246230952,6522927,NC
0.4162258983605994,6522928,NC
0.3862014629807434,6522929,NC
0.3211770184868914,6522930,NC
0.23115256488240843,6522931,NC
0.20612810217066105,6522932,NC
0.2011036303550171,6522933,NC
0.2560791494388457,6522934,NC
0.33105465942551704,6522935,NC
0.44103016031840286,6522936,NC
0.5560056521208758,6522937,NC
0.7009811348363101,6522938,NC
0.8259566084680807,6522939,NC
0.8909320730195645,6522940,NC
0.8959075284941391,6522941,NC
0.860882974895184,6522942,L
0.7758584122260789,6522943,NC
0.6658338404902057,6522944,NC
0.5858092596909471,6522945,NC
0.4957846698316872,6522946,NC
0.38076007091581127,6522947,NC
0.240735462946706,6522948,NC
0.1157108459277591,6522949,NC
0.0006862198623594495,6522950,NC
-0.07933841524610254,6522951,NC
-0.14936305939423533,6522952,NC
-0.21938771257864603,6522953,NC
-0.2494123747959409,6522954,NC
-0.28943704604272436,6522955,NC
-0.26446172631560017,6522956,NC
-0.23448641561117048,6522957,NC
-0.20451111392603633,6522958,NC
-0.1845358212567973,6522959,NC
-0.1845605376000521,6522960,NC
-0.16958526295239804,6522961,NC
-0.15960999731043118,6522962,NC
-0.1296347406707462,6522963,NC
-0.12465949302993676,6522964,NC
-0.13468425438459503,6522965,NC
-0.1497090247313122,6522966,NC
-0.15473380406667825,6522967,NC
-0.13475859238728172,6522968,NC
-0.1197833896897099,6522969,NC
-0.109808195970549,6522970,NC
-0.12483301122638382,6522971,NC
-0.13985783545379818,6522972,NC
-0.12988266864937437,6522973,NC
-0.11990751080969377,6522974,NC
-0.11493236193133621,6522975,NC
-0.09495722201088048,6522976,NC
-0.1099820910449039,6522977,NC
-0.11000696902998292,6522978,NC
-0.12503185596269262,6522979,NC
-0.11005675183960674,6522980,NC
-0.10508165665729784,6522981,NC
-0.08510657041233707,6522982,NC
-0.07513149310129488,6522983,NC
-0.09515642472073982,6522984,NC
-0.08518136526723982,6522985,NC
-0.06020631473736121,6522986,NC
-0.05023127312766912,6522987,NC
-0.06025624043472756,6522988,NC
-0.040281216655099095,6522989,NC
-0.06030620178534542,6522990,NC
-0.060331195822026895,6522991,NC
-0.035356198761702456,6522992,NC
-0.015381210600929937,6522993,NC
-0.00040623133626582764,6522994,NC
0.01456873903573426,6522995,NC
-0.00045629948148359634,6522996,NC
0.004518653115527432,6522997,NC
0.00449359683021576,6522998,NC
0.03946853166603089,6522999,NC
0.0544434576264237,6523000,NC
0.06441837471484589,6523001,NC
0.05939328293475087,6523002,NC
0.06436818228959283,6523003,NC
0.09434307278282751,6523004,NC
0.12431795441791173,6523005,NC
0.1392928271983037,6523006,NC
0.14426769112746252,6523007,NC
0.14424254620884863,6523008,NC
0.15421739244592386,6523009,NC
0.1791922298421511,6523010,NC
0.19916705840099455,6523011,NC
0.21414187812591967,6523012,NC
0.21911668902039294,6523013,NC
0.209091491087882,6523014,NC
0.20406628433185606,6523015,NC
0.22404106875578528,6523016,NC
0.24901584436314111,6523017,NC
0.2639906111573964,6523018,NC
0.25896536914202484,6523019,NC
0.24894011832050136,6523020,NC
0.2539148586963024,6523021,NC
0.26888959027290554,6523022,NC
0.28386431305378945,6523023,NC
0.2938390270424342,6523024,NC
0.3038137322423207,6523025,NC
0.2837884286569313,6523026,NC
0.2887631162897497,6523027,NC
0.28373779514426056,6523028,NC
0.2737124652239501,6523029,NC
0.27368712653230515,6523030,NC
0.2336617790728144,6523031,NC
0.2086364228489672,6523032,NC
0.1736110578642545,6523033,NC
0.16358568412216826,6523034,NC
0.15856030162620188,6523035,NC
0.1435349103798496,6523036,NC
0.10350951038660702,6523037,NC
0.06848410164997101,6523038,NC
0.048458684173439626,6523039,NC
0.05343325796051213,6523040,NC
0.04840782301468907,6523041,NC
0.04838237933947197,6523042,NC
0.01835692693836355,6523043,NC
-0.011668534185132015,6523044,NC
-0.016694004027509465,6523045,NC
-0.02671948258526237,6523046,NC
-0.01174496985488295,6523047,NC
-0.001770465832862611,6523048,NC
-0.011795970515691034,6523049,NC
-0.04182148389985725,6523050,NC
-0.061847005981848696,6523051,NC
-0.05687253675815168,6523052,NC
-0.04189807622525131,6523053,NC
-0.036923624379631634,6523054,NC
-0.046949181217775554,6523055,NC
-0.07197474673616452,6523056,NC
-0.07200032093127891,6523057,NC
-0.062025903799597784,6523058,NC
-0.06205149533759938,6523059,NC
-0.04707709554176026,6523060,NC
-0.05210270440855626,6523061,NC
-0.08212832193446166,6523062,NC
-0.09215394811594972,6523063,NC
-0.08217958294949243,6523064,NC
-0.06720522643156052,6523065,NC
-0.06723087855862375,6523066,NC
-0.0822565393271507,6523067,NC
-0.08728220873360852,6523068,NC
-0.09230788677446329,6523069,NC
-0.08233357344617988,6523070,NC
-0.07235926874522189,6523071,NC
-0.06238497266805193,6523072,NC
-0.06741068521113147,6523073,NC
-0.08243640637092052,6523074,NC
-0.10246213614387804,6523075,NC
-0.09248787452646164,6523076,NC
-0.07251362151512819,6523077,NC
-0.06753937710633282,6523078,NC
-0.07256514129652997,6523079,NC
-0.09759091408217258,6523080,NC
-0.08761669545971246,6523081,NC
-0.09264248542560016,6523082,NC
-0.07266828397628533,6523083,NC
-0.0826940911082163,6523084,NC
-0.07271990681784016,6523085,NC
-0.10774573110160279,6523086,NC
-0.11277156395594878,6523087,NC
-0.09279740537732206,6523088,NC
-0.0928232553621647,6523089,NC
-0.08784911390691817,6523090,NC
-0.09287498100802241,6523091,NC
-0.09790085666191628,6523092,NC
-0.09792674086503747,6523093,NC
-0.10795263361382232,6523094,NC
-0.08297853490470627,6523095,NC
-0.08300444473412369,6523096,NC
-0.09803036309850736,6523097,NC
-0.11805628999428909,6523098,NC
-0.10808222541789955,6523099,NC
-0.11310816936576801,6523100,NC
-0.09813412183432291,6523101,NC
-0.08816008281999148,6523102,NC
-0.10318605231919953,6523103,NC
-0.11321203032837181,6523104,NC
-0.10323801684393183,6523105,NC
-0.1082640118623022,6523106,NC
-0.09829001537990395,6523107,NC
-0.0983160273931574,6523108,NC
-0.10334204789848135,6523109,NC
-0.12336807689229352,6523110,NC
-0.1383941143710104,6523111,NC
-0.11842016033104757,6523112,NC
-0.09844621476881911,6523113,NC
-0.11847227768073826,6523114,NC
-0.12849834906321683,6523115,NC
-0.12852442891266558,6523116,NC
-0.1435505172254939,6523117,NC
-0.13357661399811038,6523118,NC
-0.10860271922692233,6523119,NC
-0.10862883290833575,6523120,NC
-0.12365495503875552,6523121,NC
-0.1436810856145854,6523122,NC
-0.1387072246322279,6523123,NC
-0.1437333720880846,6523124,NC
-0.12375952797855559,6523125,NC
-0.11378569230004018,6523126,NC
-0.11881186504893623,6523127,NC
-0.14383804622164048,6523128,NC
-0.14386423581454846,6523129,NC
-0.12889043382405474,6523130,NC
-0.12391664024655273,6523131,NC
-0.12394285507843449,6523132,NC
-0.138969078316091,6523133,NC
-0.1489953099559119,6523134,NC
-0.15402154999428622,6523135,NC
-0.14404779842760115,6523136,NC
-0.12907405525224333,6523137,NC
-0.13910032046459786,6523138,NC
-0.13412659406104877,6523139,NC
-0.13915287603797882,6523140,NC
-0.15917916639177002,6523141,NC
-0.1492054651188027,6523142,NC
-0.12923177221545656,6523143,NC
-0.12425808767810977,6523144,NC
-0.12928441150313946,6523145,NC
-0.12931074368692158,6523146,NC
-0.12933708422583087,6523147,NC
-0.11436343311624114,6523148,NC
-0.10938979035452503,6523149,NC
-0.10941615593705381,6523150,NC
-0.10944252986019772,6523151,NC
-0.11946891212032568,6523152,NC
-0.10949530271380592,6523153,NC
-0.10452170163700496,6523154,NC
-0.0945481088862887,6523155,NC
-0.08957452445802153,6523156,NC
-0.09460094834856676,6523157,NC
-0.07962738055428653,6523158,NC
-0.07965382107154198,6523159,NC
-0.06968026989669317,6523160,NC
-0.05470672702609873,6523161,NC
-0.05973319245611632,6523162,NC
-0.05975966618310228,6523163,NC
-0.07478614820341224,6523164,NC
-0.0948126385134001,6523165,NC
-0.08983913710941921,6523166,NC
-0.07486564398782139,6523167,NC
-0.08489215914495735,6523168,NC
-0.09991868257717682,6523169,NC
-0.11994521428082808,6523170,NC
-0.11997175425225869,6523171,NC
-0.11999830248781498,6523172,NC
-0.11002485898384193,6523173,NC
-0.11505142373668345,6523174,NC
-0.1400779967426824,6523175,NC
-0.14510457799818027,6523176,NC
-0.15513116749951783,6523177,NC
-0.1551577652430345,6523178,NC
-0.14018437122506852,6523179,NC
-0.13521098544195695,6523180,NC
-0.1502376078900357,6523181,NC
-0.17026423856563996,6523182,NC
-0.1852908774651031,6523183,NC
-0.16531752458475804,6523184,NC
-0.1753441799209361,6523185,NC
-0.1703708434699677,6523186,NC
-0.1753975152281818,6523187,NC
-0.18542419519190687,6523188,NC
-0.1904508833574695,6523189,NC
-0.18047757972119585,6523190,NC
-0.17050428427941045,6523191,NC
-0.17053099702843688,6523192,NC
-0.17555771796459751,6523193,NC
-0.21058444708421353,6523194,NC
-0.2006111843836055,6523195,NC
-0.1906379298590923,6523196,NC
-0.18066468350699183,6523197,NC
-0.18069144532362097,6523198,NC
-0.1957182153052952,6523199,NC
-0.22574499344832935,6523200,NC
-0.21077177974903666,6523201,NC
-0.2107985742037296,6523202,NC
-0.2008253768087193,6523203,NC
-0.1808521875603158,6523204,NC
-0.20087900645482795,6523205,NC
-0.22090583348856369,6523206,NC
-0.2309326686578298,6523207,NC
-0.21095951195893187,6523208,NC
-0.1909863633881742,6523209,NC
-0.18601322294186012,6523210,NC
-0.21104009061629214,6523211,NC
-0.23606696640777097,6523212,NC
-0.251093850312597,6523213,NC
-0.22112074232706902,6523214,NC
-0.20114764244748456,6523215,NC
-0.21117455067014035,6523216,NC
-0.22120146699133209,6523217,NC
-0.2362283914073539,6523218,NC
-0.24125532391449944,6523219,NC
-0.2112822645090607,6523220,NC
-0.20130921318732875,6523221,NC
-0.20133616994559356,6523222,NC
-0.19136313478014386,6523223,NC
-0.21139010768726751,6523224,NC
-0.22141708866325124,6523225,NC
-0.21644407770438043,6523226,NC
-0.18147107480693947,6523227,NC
-0.17149807996721164,6523228,NC
-0.16152509318147923,6523229,NC
-0.16155211444602313,6523230,NC
-0.1365791437571236,6523231,NC
-0.09160618111105925,6523232,NC
-0.036633226504107955,6523233,NC
0.02833972006745384,6523234,NC
0.08831265860735031,6523235,NC
0.12828558911930732,6523236,NC
0.1632585116070512,6523237,NC
0.18823142607430998,6523238,NC
0.19320433252481256,6523239,NC
0.12817723096228872,6523240,NC
0.058150121390469815,6523241,NC
-0.05687699618691226,6523242,NC
-0.13690412176612404,6523243,NC
-0.16693125534343117,6523244,NC
-0.1269583969150981,6523245,NC
-0.046985546477388174,6523246,NC
0.05798729597343622,6523247,NC
0.18796013044111376,6523248,NC
0.30293295692938443,6523249,NC
0.41790577544198926,6523250,NC
0.5028785859826703,6523251,NC
0.5528513885551709,6523252,NC
0.5478241831632352,6523253,L
0.48779696981060855,6523254,NC
0.39276974850103746,6523255,NC
0.2827425192382695,6523256,NC
0.19771528202605348,6523257,NC
0.08268803686813889,6523258,NC
-0.012339216231723113,6523259,NC
-0.11236647726978084,6523260,NC
-0.21739374624228114,6523261,NC
-0.3074210231454698,6523262,NC
-0.3524483079755916,6523263,NC
-0.4124756007288904,6523264,NC
-0.4325029014016086,6523265,NC
-0.46253020998998784,6523266,NC
-0.47255752649026844,6523267,NC
-0.4625848508986898,6523268,NC
-0.43261218321148986,6523269,NC
-0.39763952342490605,6523270,NC
-0.3676668715351745,6523271,NC
-0.35769422753853003,6523272,NC
-0.3427215914312066,6523273,NC
-0.3027489632094369,6523274,NC
-0.26277634286945256,6523275,NC
-0.2578037304074845,6523276,NC
-0.2628311258197619,6523277,NC
-0.27785852910251363,6523278,NC
-0.2778859402519668,6523279,NC
-0.2629133592643477,6523280,NC
-0.2529407861358815,6523281,NC
-0.2379682208627924,6523282,NC
-0.24799566344130358,6523283,NC
-0.2530231138676369,6523284,NC
-0.2630505721380132,6523285,NC
-0.24807803824865216,6523286,NC
-0.23310551219577275,6523287,NC
-0.22813299397559242,6523288,NC
-0.22816048358432794,6523289,NC
-0.24318798101819472,6523290,NC
-0.24821548627340712,6523291,NC
-0.23324299934617831,6523292,NC
-0.20827052023272094,6523293,NC
-0.2032980489292458,6523294,NC
-0.20832558543196333,6523295,NC
-0.21835312973708243,6523296,NC
-0.223380681840811,6523297,NC
-0.208408241739356,6523298,NC
-0.18843580942892302,6523299,NC
-0.178463384905717,6523300,NC
-0.18349096816594176,6523301,NC
-0.1835185592057997,6523302,NC
-0.1885461580214924,6523303,NC
-0.17357376460922017,6523304,NC
-0.1486013789651826,6523305,NC
-0.12862900108557782,6523306,NC
-0.1336566309666033,6523307,NC
-0.13868426860445507,6523308,NC
-0.14871191399532824,6523309,NC
-0.1337395671354168,6523310,NC
-0.10876722802091388,6523311,NC
-0.09879489664801117,6523312,NC
-0.0838225730128998,6523313,NC
-0.0738502571117694,6523314,NC
-0.06887794894080866,6523315,NC
-0.05890564849620514,6523316,NC
-0.023933355774145508,6523317,NC
-0.013961070770815459,6523318,NC
-0.008988793482399282,6523319,NC
-0.009016523905080426,6523320,NC
0.0009557379649588263,6523321,NC
0.015927992131537297,6523322,NC
0.04090023859847466,6523323,NC
0.05087247736959162,6523324,NC
0.07084470844871021,6523325,NC
0.0708169318396534,6523326,NC
0.07578914754624522,6523327,NC
0.10576135557231087,6523328,NC
0.13573355592167638,6523329,NC
0.14570574859816876,6523330,NC
0.16067793360561644,6523331,NC
0.14565011094784874,6523332,NC
0.15562228062869612,6523333,NC
0.17559444265198973,6523334,NC
0.19556659702156234,6523335,NC
0.22053874374124718,6523336,NC
0.23051088281487894,6523337,NC
0.21548301424629332,6523338,NC
0.23045513803932707,6523339,NC
0.25042725419781775,6523340,NC
0.2703993627256043,6523341,NC
0.2853714636265263,6523342,NC
0.28534355690442487,6523343,NC
0.27031564256314183,6523344,NC
0.27528772060652035,6523345,NC
0.2852597910384044,6523346,NC
0.2902318538626388,6523347,NC
0.28520390908306986,6523348,NC
0.26517595670354477,6523349,NC
0.22014799672791177,6523350,NC
0.2051200291600202,6523351,NC
0.20009205400372015,6523352,NC
0.1900640712628633,6523353,NC
0.17003608094130165,6523354,NC
0.14000808304288886,6523355,NC
0.1149800775714794,6523356,NC
0.08995206453092897,6523357,NC
0.06992404392509383,6523358,NC
0.06489601575783185,6523359,NC
0.06986798003300146,6523360,NC
0.03983993675446248,6523361,NC
0.03481188592607577,6523362,NC
0.014783827551702836,6523363,NC
0.00975576163520677,6523364,NC
0.019727688180451133,6523365,NC
0.014699607191300985,6523366,NC
0.004671518671622209,6523367,NC
-0.02035657737471805,6523368,NC
-0.020384680943852096,6523369,NC
-0.01041279203191061,6523370,NC
0.004559089364976204,6523371,NC
-0.00046903674932041034,6523372,NC
-0.015497170370928313,6523373,NC
-0.025525311495974333,6523374,NC
-0.025553460120584126,6523375,NC
-0.015581616240882591,6523376,NC
-0.0006097798529935833,6523377,NC
0.009362049046960322,6523378,NC
-0.005666129537142545,6523379,NC
-0.01569431560142269,6523380,NC
-0.030722509141999976,6523381,NC
-0.015750710154992707,6523382,NC
-0.0007789186365187162,6523383,NC
0.01419286541730562,6523384,NC
0.0041646420103647955,6523385,NC
-0.015863588853455513,6523386,NC
-0.020891827170269002,6523387,NC
-0.010920072936187838,6523388,NC
-0.005948326147323657,6523389,NC
0.014023413200213296,6523390,NC
0.013995145110313682,6523391,NC
-0.0010331304131306687,6523392,NC
-0.016061413366227198,6523393,NC
0.0039102962549177125,6523394,NC
0.003881998454198947,6523395,NC
0.018853693235512267,6523396,NC
0.018825380602754474,6523397,NC
-0.011202939440176467,6523398,NC
0.003768733110618136,6523399,NC
-0.006259601740961983,6523400,NC
0.02371205600898417,6523401,NC
0.03368370636435848,6523402,NC
0.0236553493290639,6523403,NC
0.0036269849070044644,6523404,NC
0.01359861310208501,6523405,NC
0.013570233918211327,6523406,NC
0.023541847359290574,6523407,NC
0.02351345342923071,6523408,NC
0.018485052131940904,6523409,NC
-0.0015433565286690903,6523410,NC
0.0034282274513120076,6523411,NC
0.01339980407579601,6523412,NC
0.028371373348696098,6523413,NC
0.023342935273926356,6523414,NC
0.023314489855402007,6523415,NC
0.008286037097038866,6523416,NC
-0.0017424229972456753,6523417,NC
0.023229109576466227,6523418,NC
0.03820063482209384,6523419,NC
0.028172152743557298,6523420,NC
0.003143663344777878,6523421,NC
-0.006884833370322398,6523422,NC
-0.006913337397820497,6523423,NC
0.00805815126620786,6523424,NC
0.01802963262568786,6523425,NC
0.03800110668454569,6523426,NC
0.022972573446708666,6523427,NC
0.007944032916104696,6523428,NC
0.012915485096663244,6523429,NC
0.012886929992314243,6523430,NC
0.022858367606989033,6523431,NC
0.017829797944619794,6523432,NC
0.007801221009139887,6523433,NC
-0.007227363195516784,6523434,NC
-0.0272559546654147,6523435,NC
-0.007284553396617967,6523436,NC
0.0026868406148107676,6523437,NC
0.022658227372809724,6523438,NC
0.007629606881318231,6523439,NC
-0.012399020855723662,6523440,NC
-0.01242765583437487,6523441,NC
-0.007456298050693075,6523442,NC
0.002515052499264918,6523443,NC
0.002486395819443432,6523444,NC
0.007457731913787381,6523445,NC
-0.017570939213756798,6523446,NC
-0.017599617559242192,6523447,NC
0.0023716968812795003,6523448,NC
-0.002656995888242558,6523449,NC
0.017314304136141767,6523450,NC
0.002285596958383901,6523451,NC
-0.01774311741756457,6523452,NC
-0.007771838987750232,6523453,NC
-0.0028005677482189975,6523454,NC
0.012170696304984269,6523455,NC
0.0021419531758157737,6523456,NC
0.0021132028682323487,6523457,NC
-0.007915554613807663,6523458,NC
-0.002944319266345488,6523459,NC
0.007026908914579071,6523460,NC
0.026998129932927044,6523461,NC
0.04196934379266058,6523462,NC
0.04694055049774242,6523463,NC
0.03691175005213684,6523464,NC
0.02688294245980851,6523465,NC
0.03685412772472355,6523466,NC
0.0568253058508489,6523467,NC
0.04679647684215261,6523468,NC
0.04676764070260347,6523469,NC
0.036738797436171214,6523470,NC
0.04670994704682685,6523471,NC
0.05168108953854224,6523472,NC
0.07665222491529022,6523473,NC
0.0816233531810447,6523474,NC
0.07659447433978038,6523475,NC
0.06156558839547287,6523476,NC
0.051536695352099045,6523477,NC
0.056507795213636636,6523478,NC
0.06647888798406436,6523479,NC
0.051449973667362,6523480,NC
0.05642105226750994,6523481,NC
0.04639212378849011,6523482,NC
0.02636318823428479,6523483,NC
0.026334245608877732,6523484,NC
0.0313052959162536,6523485,NC
0.031276339160397654,6523486,NC
0.01624737534529666,6523487,NC
-0.003781595525062194,6523488,NC
-0.008810573446690319,6523489,NC
0.0061604415844016686,6523490,NC
0.0111314495722043,6523491,NC
0.011102450520708643,6523492,NC
0.006073444433907303,6523493,NC
-0.013955568684206741,6523494,NC
-0.03898458882963905,6523495,NC
-0.019013615998394448,6523496,NC
-0.00904265018647657,6523497,NC
-0.009071691389888427,6523498,NC
-0.019100739604632044,6523499,NC
-0.04412979482670815,6523500,NC
-0.04915885705211676,6523501,NC
-0.049187926276856815,6523502,NC
-0.0292170024969262,6523503,NC
-0.024246085708322117,6523504,NC
-0.01927517590704083,6523505,NC
-0.03930427308907728,6523506,NC
-0.0643333772504257,6523507,NC
-0.05436248838707925,6523508,NC
-0.04439160649503008,6523509,NC
-0.04442073157026975,6523510,NC
-0.04944986360878831,6523511,NC
-0.05447900260657539,6523512,NC
-0.06450814855961932,6523513,NC
-0.06953730146390752,6523514,NC
-0.044566461315426346,6523515,NC
-0.04459562811016151,6523516,NC
-0.04962480184409774,6523517,NC
-0.0646539825132185,6523518,NC
-0.08468317011350651,6523519,NC
-0.0697123646409433,6523520,NC
-0.05474156609150998,6523521,NC
-0.05977077446118606,6523522,NC
-0.0697999897459507,6523523,NC
-0.08482921194178165,6523524,NC
-0.09985844104465588,6523525,NC
-0.06988767705054941,6523526,NC
-0.06491691995543705,6523527,NC
-0.06494616975529341,6523528,NC
-0.0499754264460914,6523529,NC
-0.07500469002380324,6523530,NC
-0.08003396048440017,6523531,NC
-0.0700632378238524,6523532,NC
-0.050092522038129604,6523533,NC
-0.05012181312319986,6523534,NC
-0.055151111075030956,6523535,NC
-0.07018041588958929,6523536,NC
-0.08520972756284045,6523537,NC
-0.06023904609074892,6523538,NC
-0.05526837146927871,6523539,NC
-0.050297703694392286,6523540,NC
-0.05032704276205173,6523541,NC
-0.045356388668217784,6523542,NC
-0.045385741408850384,6523543,NC
-0.01541510097990837,6523544,NC
0.009555532622650069,6523545,NC
0.03952615940286766,6523546,NC
0.0694967793647884,6523547,NC
0.09946739251245705,6523548,NC
0.1794379988499193,6523549,NC
0.25940859838122193,6523550,NC
0.34437919111041243,6523551,NC
0.37934977704153916,6523552,NC
0.3793203561786517,6523553,NC
0.35929092852580036,6523554,NC
0.28926149408703655,6523555,NC
0.20923205286641272,6523556,NC
0.15920260486798168,6523557,NC
0.12917315009579788,6523558,NC
0.14914368855391608,6523559,NC
0.21411422024639243,6523560,NC
0.3040847451772838,6523561,NC
0.44405526335064827,6523562,NC
0.5990257747705444,6523563,NC
0.7289962794410318,6523564,NC
0.8139667773661712,6523565,NC
0.8339372685500243,6523566,NC
0.8189077529966535,6523567,L
0.7738782307101222,6523568,NC
0.6788487016944948,6523569,NC
0.5738191659538365,6523570,NC
0.45378962349221363,6523571,NC
0.3287600743136932,6523572,NC
0.20873051842234341,6523573,NC
0.10370095582223318,6523574,NC
0.003671386517432214,6523575,NC
-0.0963581894879885,6523576,NC
-0.1913877721899572,6523577,NC
-0.25641736158440126,6523578,NC
-0.2964469576672469,6523579,NC
-0.3264765604344198,6523580,NC
-0.3115061698818446,6523581,NC
-0.29153578600544494,6523582,NC
-0.2615654088011434,6523583,NC
-0.23159503826486189,6523584,NC
-0.20662467439252108,6523585,NC
-0.1716543171800413,6523586,NC
-0.1416839666233413,6523587,NC
-0.13671362271833948,6523588,NC
-0.136743285460953,6523589,NC
-0.14677295484709812,6523590,NC
-0.16180263087269006,6523591,NC
-0.14683231353364354,6523592,NC
-0.1218620028258722,6523593,NC
-0.11689169874528856,6523594,NC
-0.11692140128780437,6523595,NC
-0.12695111044933033,6523596,NC
-0.13198082622577667,6523597,NC
-0.13701054861305206,6523598,NC
-0.13204027760706494,6523599,NC
-0.11707001320372235,6523600,NC
-0.1070997553989305,6523601,NC
-0.12212950418859486,6523602,NC
-0.13215925956861968,6523603,NC
-0.11718902153490873,6523604,NC
-0.10721879008336475,6523605,NC
-0.08224856520988938,6523606,NC
-0.09227834691038345,6523607,NC
-0.1073081351807467,6523608,NC
-0.1073379300168785,6523609,NC
-0.0973677314146767,6523610,NC
-0.08239753937003878,6523611,NC
-0.06242735387886093,6523612,NC
-0.06745717493703857,6523613,NC
-0.09248700254046607,6523614,NC
-0.09251683668503732,6523615,NC
-0.06754667736664476,6523616,NC
-0.05257652458118049,6523617,NC
-0.03260637832453528,6523618,NC
-0.027636238592599158,6523619,NC
-0.04266610538126109,6523620,NC
-0.047695978686409436,6523621,NC
-0.017725858503931664,6523622,NC
0.0022442551702859317,6523623,NC
0.00721436234035782,6523624,NC
0.02218446301039937,6523625,NC
0.017154557184527006,6523626,NC
0.027124644866857704,6523627,NC
0.03709472606150939,6523628,NC
0.047064800772601126,6523629,NC
0.07203486900425277,6523630,NC
0.08700493076058502,6523631,NC
0.08197498604571968,6523632,NC
0.08694503486377905,6523633,NC
0.11691507721888646,6523634,NC
0.12688511311516626,6523635,NC
0.1418551425567437,6523636,NC
0.1618251655477448,6523637,NC
0.15679518209229665,6523638,NC
0.151765192194527,6523639,NC
0.1817351958585644,6523640,NC
0.20670519308853857,6523641,NC
0.22167518388858004,6523642,NC
0.22164516826282038,6523643,NC
0.23161514621539156,6523644,NC
0.22158511775042697,6523645,NC
0.2415550828720604,6523646,NC
0.2765250415844269,6523647,NC
0.2914949938916623,6523648,NC
0.28646493979790333,6523649,NC
0.28143487930728756,6523650,NC
0.2964048124239532,6523651,NC
0.3113747391520397,6523652,NC
0.33634465949568737,6523653,NC
0.3363145734590372,6523654,NC
0.3312844810462313,6523655,NC
0.30625438226141244,6523656,NC
0.2862242771087241,6523657,NC
0.2611941655923111,6523658,NC
0.2661640477163189,6523659,NC
0.2461339234848938,6523660,NC
0.21610379290218318,6523661,NC
0.16607365597233487,6523662,NC
0.12104351269949809,6523663,NC
0.13101336308782247,6523664,NC
0.11098320714145878,6523665,NC
0.11595304486455865,6523666,NC
