channel_0,sample #,type
-0.0023970670584781348,6713866,NC
-0.0473497495628823,6713867,L
-0.12230238351736344,6713868,NC
-0.1972549689704882,6713869,NC
-0.27720750597087296,6713870,NC
-0.35715999456718367,6713871,NC
-0.4621124348081361,6713872,NC
-0.5570648267424956,6713873,NC
-0.6170171704190767,6713874,NC
-0.6819694658867438,6713875,NC
-0.7269217131944107,6713876,NC
-0.7918739123910403,6713877,NC
-0.8568260635256452,6713878,NC
-0.8967781666472868,6713879,NC
-0.9267302218050764,6713880,NC
-0.9266822290481738,6713881,NC
-0.9166341884257883,6713882,NC
-0.8715860999871782,6713883,NC
-0.851537963781651,6713884,NC
-0.8514897798585629,6713885,NC
-0.8164415482673191,6713886,NC
-0.7963932690573736,6713887,NC
-0.8063449422782296,6713888,NC
-0.7962965679794387,6713889,NC
-0.7912481462106014,6713890,NC
-0.7861996770213666,6713891,NC
-0.7911511604614323,6713892,NC
-0.7761025965805447,6713893,NC
-0.7660539854284987,6713894,NC
-0.7560053270551375,6713895,NC
-0.7759566215103527,6713896,NC
-0.7859078688440847,6713897,NC
-0.7908590691063218,6713898,NC
-0.7858102223471004,6713899,NC
-0.7707613286165057,6713900,NC
-0.7657123879646706,6713901,NC
-0.7706634004417762,6713902,NC
-0.7706143660980518,6713903,NC
-0.7855652849837745,6713904,NC
-0.7805161571492697,6713905,NC
-0.7654669826449103,6713906,NC
-0.7704177615211173,6713907,NC
-0.7653684938283594,6713908,NC
-0.765319179617153,6713909,NC
-0.7802698189380624,6713910,NC
-0.7602204118416993,6713911,NC
-0.7351709583787233,6713912,NC
-0.7301214585998412,6713913,NC
-0.7300719125558076,6713914,NC
-0.7550223202974242,6713915,NC
-0.7499726818755403,6713916,NC
-0.7499229973410527,6713917,NC
-0.7148732667449053,6713918,NC
-0.7148234901380889,6713919,NC
-0.704773667571642,6713920,NC
-0.6947237990966498,6713921,NC
-0.7046738847642452,6713922,NC
-0.6796239246256074,6713923,NC
-0.664573918731963,6713924,NC
-0.6295238671345853,6713925,NC
-0.6244737698847946,6713926,NC
-0.6244236270339582,6713927,NC
-0.6243734386334895,6713928,NC
-0.6193232047348493,6713929,NC
-0.5792729253895447,6713930,NC
-0.5542226006491294,6713931,NC
-0.5491722305652038,6713932,NC
-0.5491218151894148,6713933,NC
-0.5290713545734556,6713934,NC
-0.5040208487690657,6713935,NC
-0.4789702978280312,6713936,NC
-0.45391970180218427,6713937,NC
-0.43386906074340353,6713938,NC
-0.43381837470361356,6713939,NC
-0.41876764373478514,6713940,NC
-0.3987168678889351,6713941,NC
-0.3836660472181264,6713942,NC
-0.3536151817744677,6713943,NC
-0.3285642716101138,6713944,NC
-0.3585133167772654,6713945,NC
-0.32846231732816866,6713946,NC
-0.29841127331511585,6713947,NC
-0.26836018479044477,6713948,NC
-0.2533090518065389,6713949,NC
-0.24325787441582733,6713950,NC
-0.24820665267078454,6713951,NC
-0.23815538662393065,6713952,NC
-0.22810407632783117,6713953,NC
-0.2030527218350969,6713954,NC
-0.20800132319838402,6713955,NC
-0.22294988047039402,6713956,NC
-0.23289839370387352,6713957,NC
-0.2628468629516143,6713958,NC
-0.27279528826645333,6713959,NC
-0.28774366970127246,6713960,NC
-0.3026920073089987,6713961,NC
-0.3376403011426039,6713962,NC
-0.36758855125510487,6713963,NC
-0.38753675769956303,6713964,NC
-0.39748492052908496,6713965,NC
-0.4224330397968217,6713966,NC
-0.4273811155559689,6713967,NC
-0.447329147859767,6713968,NC
-0.4722771367615009,6713969,NC
-0.5022250823145001,6713970,NC
-0.5021729845721383,6713971,NC
-0.5071208435878339,6713972,NC
-0.5120686594150494,6713973,NC
-0.5220164321072919,6713974,NC
-0.5469641617181124,6713975,NC
-0.566911848301106,6713976,NC
-0.5618594919099122,6713977,NC
-0.5568070925982147,6713978,NC
-0.5367546504197407,6713979,NC
-0.5467021654282618,6713980,NC
-0.5566496376775931,6713981,NC
-0.5715970672215941,6713982,NC
-0.5715444541141674,6713983,NC
-0.55649179840926,6713984,NC
-0.5414391001608622,6713985,NC
-0.5413863594230078,6713986,NC
-0.5613335762497745,6713987,NC
-0.5612807506952835,6713988,NC
-0.546227882813699,6713989,NC
-0.5411749726592292,6713990,NC
-0.5261220202861253,6713991,NC
-0.5510690257486818,6713992,NC
-0.5510159891012365,6713993,NC
-0.5709629103981704,6713994,NC
-0.5559097896939076,6713995,NC
-0.5358566270429151,6713996,NC
-0.5258034224997032,6713997,NC
-0.5357501761188252,6713998,NC
-0.5506968879548768,6713999,NC
-0.545643558062497,6714000,NC
-0.5405901864963675,6714001,NC
-0.5355367733112125,6714002,NC
-0.5204833185617992,6714003,NC
-0.5204298223029371,6714004,NC
-0.5303762845894787,6714005,NC
-0.5353227054763184,6714006,NC
-0.5352690850183938,6714007,NC
-0.515215423270684,6714008,NC
-0.49516172028821137,6714009,NC
-0.5001079761260397,6714010,NC
-0.5050541908392757,6714011,NC
-0.5050003644830677,6714012,NC
-0.5099464971126066,6714013,NC
-0.509892588783125,6714014,NC
-0.4948386395498979,6714015,NC
-0.4947846494682417,6714016,NC
-0.524730618593515,6714017,NC
-0.5196765469811183,6714018,NC
-0.5146224346864937,6714019,NC
-0.49956828176512524,6714020,NC
-0.48951408827253823,6714021,NC
-0.4844598542642998,6714022,NC
-0.49440557979601885,6714023,NC
-0.5093512649233453,6714024,NC
-0.49929690970197094,6714025,NC
-0.49924251418762866,6714026,NC
-0.4841880784360927,6714027,NC
-0.48913360250317856,6714028,NC
-0.4990790864447431,6714029,NC
-0.509024530316684,6714030,NC
-0.5139699341749404,6714031,NC
-0.49891529807549234,6714032,NC
-0.48886062207436065,6714033,NC
-0.48880590622760717,6714034,NC
-0.5037511505913347,6714035,NC
-0.5086963552216868,6714036,NC
-0.49364152017484764,6714037,NC
-0.49358664550704223,6714038,NC
-0.48353173127453614,6714039,NC
-0.4834767775336355,6714040,NC
-0.503421784340687,6714041,NC
-0.5033667517520777,6714042,NC
-0.5133116798242351,6714043,NC
-0.5032565686136271,6714044,NC
-0.4782014181767617,6714045,NC
-0.48814622857018736,6714046,NC
-0.5180909998504925,6714047,NC
-0.5180357320743056,6714048,NC
-0.5079804252982956,6714049,NC
-0.497925079579171,6714050,NC
-0.49286969497368033,6714051,NC
-0.5128142715386119,6714052,NC
-0.5077588093307943,6714053,NC
-0.5077033084070952,6714054,NC
-0.5126477688244226,6714055,NC
-0.4825921906397236,6714056,NC
-0.4575365739099852,6714057,NC
-0.4624809186922339,6714058,NC
-0.4774252250435356,6714059,NC
-0.4823694930209956,6714060,NC
-0.4773137226817585,6714061,NC
-0.46225791408300826,6714062,NC
-0.45220206728196816,6714063,NC
-0.44214618233590053,6714064,NC
-0.4670902593021066,6714065,NC
-0.46203429823792724,6714066,NC
-0.4519782992007418,6714067,NC
-0.4269222622479687,6714068,NC
-0.4068661874370652,6714069,NC
-0.41681007482552757,6714070,NC
-0.42675392447089067,6714071,NC
-0.44169773643072807,6714072,NC
-0.44164151076265196,6714073,NC
-0.43658524752431327,6714074,NC
-0.44152894677340127,6714075,NC
-0.44147260856764375,6714076,NC
-0.476416232964807,6714077,NC
-0.4713598200226955,6714078,NC
-0.4813033697991521,6714079,NC
-0.4762468823520579,6714080,NC
-0.47619035773933216,6714081,NC
-0.5011337960189322,6714082,NC
-0.5060771972488532,6714083,NC
-0.5110205614871289,6714084,NC
-0.5209638887918304,6714085,NC
-0.4959071792210669,6714086,NC
-0.49585043283298547,6714087,NC
-0.5057936496857707,6714088,NC
-0.535736829837645,6714089,NC
-0.5206799733468687,6714090,NC
-0.5256230802717391,6714091,NC
-0.5305661506705917,6714092,NC
-0.5205091846017986,6714093,NC
-0.5304521821237703,6714094,NC
-0.560395143294954,6714095,NC
-0.565338068173834,6714096,NC
-0.5352809568189323,6714097,NC
-0.525223809288808,6714098,NC
-0.5351666256420567,6714099,NC
-0.540109405937312,6714100,NC
-0.5600521502332438,6714101,NC
-0.5799948585885589,6714102,NC
-0.5699375310620012,6714103,NC
-0.5548801677123514,6714104,NC
-0.5448227685984266,6714105,NC
-0.5497653337790811,6714106,NC
-0.5597078633132052,6714107,NC
-0.5646503572597265,6714108,NC
-0.5545928156776082,6714109,NC
-0.5545352386258507,6714110,NC
-0.5394776261634904,6714111,NC
-0.5594199783495999,6714112,NC
-0.5643622952432884,6714113,NC
-0.574304576903701,6714114,NC
-0.579246823390019,6714115,NC
-0.5691890347614599,6714116,NC
-0.554131211077277,6714117,NC
-0.5590733523967598,6714118,NC
-0.5640154587792333,6714119,NC
-0.5689575302840587,6714120,NC
-0.5538995669706328,6714121,NC
-0.548841568898388,6714122,NC
-0.5387835361267925,6714123,NC
-0.5437254687153501,6714124,NC
-0.5636673667236,6714125,NC
-0.5636092302111169,6714126,NC
-0.5435510592375108,6714127,NC
-0.5384928538624273,6714128,NC
-0.5334346141455469,6714129,NC
-0.5183763401465858,6714130,NC
-0.5083180319252949,6714131,NC
-0.5032596895414603,6714132,NC
-0.4732013130549033,6714133,NC
-0.43814290252548005,6714134,NC
-0.40308445801308157,6714135,NC
-0.33302597957763375,6714136,NC
-0.2579674672790973,6714137,NC
-0.15790892117746763,6714138,NC
-0.04285034133277482,6714139,NC
0.04720827219491648,6714140,NC
0.11726691934550712,6714141,NC
0.12232560005886331,6714142,NC
0.067384314274817,6714143,NC
-0.03755693806683424,6714144,NC
-0.08749815702632716,6714145,NC
-0.0974393426639327,6714146,NC
-0.042380495039956,6714147,NC
0.0276783857852637,6714148,NC
0.13273729975135318,6714149,NC
0.24779624679790513,6714150,NC
0.3528552268644783,6714151,NC
0.42291423989059773,6714152,NC
0.40797328581575465,6714153,L
0.3430323645794064,6714154,NC
0.2230914761209768,6714155,NC
0.09815062037985597,6714156,NC
0.013209797295400574,6714157,NC
-0.05673099319306623,6714158,NC
-0.14167175114625485,6714159,NC
-0.2616124766249089,6714160,NC
-0.37655316968980523,6714161,NC
-0.5164938304017542,6714162,NC
-0.606434458821599,6714163,NC
-0.6913750550102163,6714164,NC
-0.7263156190285154,6714165,NC
-0.7462561509374388,6714166,NC
-0.7411966507979622,6714167,NC
-0.7361371186710937,6714168,NC
-0.7060775546178745,6714169,NC
-0.6710179586993782,6714170,NC
-0.6509583309767114,6714171,NC
-0.6358986715110132,6714172,NC
-0.6358389803634554,6714173,NC
-0.6557792575952419,6714174,NC
-0.6457195032676095,6714175,NC
-0.635659717441827,6714176,NC
-0.6355999001791955,6714177,NC
-0.6205400515410487,6714178,NC
-0.6354801715887521,6714179,NC
-0.6304202603837034,6714180,NC
-0.6453603179873323,6714181,NC
-0.6253003444611007,6714182,NC
-0.6152403398665022,6714183,NC
-0.6251803042650624,6714184,NC
-0.6351202377183386,6714185,NC
-0.6350601402879198,6714186,NC
-0.6250000120354267,6714187,NC
-0.6099398530225116,6714188,NC
-0.6098796633108586,6714189,NC
-0.6198194429621828,6714190,NC
-0.619759192038231,6714191,NC
-0.6346989106007814,6714192,NC
-0.6146385987116433,6714193,NC
-0.6045782564326573,6714194,NC
-0.5945178838256951,6714195,NC
-0.5994574809526598,6714196,NC
-0.5993970478754852,6714197,NC
-0.6193365846561362,6714198,NC
-0.6042760913566084,6714199,NC
-0.5842155680389287,6714200,NC
-0.5591550147651543,6714201,NC
-0.5690944315973734,6714202,NC
-0.5790338185977046,6714203,NC
-0.5789731758282975,6714204,NC
-0.5689125033513319,6714205,NC
-0.5488518012290181,6714206,NC
-0.5387910695235968,6714207,NC
-0.5337303082973393,6714208,NC
-0.5386695176125466,6714209,NC
-0.5336086975315504,6714210,NC
-0.5385478481167125,6714211,NC
-0.5034869694304245,6714212,NC
-0.5034260615351083,6714213,NC
-0.49336512449321557,6714214,NC
-0.5033041583672279,6714215,NC
-0.5032431632196568,6714216,NC
-0.4831821391130433,6714217,NC
-0.46812108610995845,6714218,NC
-0.44306000427300274,6714219,NC
-0.44299889366480616,6714220,NC
-0.4579377543480284,6714221,NC
-0.4478765863853584,6714222,NC
-0.41781538983951455,6714223,NC
-0.39775416477324455,6714224,NC
-0.3826929112493253,6714225,NC
-0.377631629330563,6714226,NC
-0.3775703190797928,6714227,NC
-0.3825089805598791,6714228,NC
-0.36244761383371504,6714229,NC
-0.33738621896422283,6714230,NC
-0.3123247960143536,6714231,NC
-0.2922633450470871,6714232,NC
-0.29720186612543187,6714233,NC
-0.2821403593124252,6714234,NC
-0.25707882467113297,6714235,NC
-0.2420172622646494,6714236,NC
-0.22195567215609743,6714237,NC
-0.19189405440862822,6714238,NC
-0.1968324090854214,6714239,NC
-0.1967707362496848,6714240,NC
-0.18170903596465443,6714241,NC
-0.1616473082935945,6714242,NC
-0.14658555329979733,6714243,NC
-0.16652377104658325,6714244,NC
-0.17646196159730043,6714245,NC
-0.20140012501532503,6714246,NC
-0.19133826136406104,6714247,NC
-0.2162763707069401,6714248,NC
-0.21621445310742168,6714249,NC
-0.24615250862899277,6714250,NC
-0.27609053733516786,6714251,NC
-0.3110285392894892,6714252,NC
-0.3209665145555262,6714253,NC
-0.3359044631968758,6714254,NC
-0.3358423852771621,6714255,NC
-0.3707802808600365,6714256,NC
-0.39571815000917765,6714257,NC
-0.41565599278829124,6714258,NC
-0.4255938092611099,6714259,NC
-0.4155315994913933,6714260,NC
-0.4154693635429282,6714261,NC
-0.4404071014795279,6714262,NC
-0.4503448133650326,6714263,NC
-0.47528249926330945,6714264,NC
-0.4802201592382518,6714265,NC
-0.4651577933537799,6714266,NC
-0.4550954016738404,6714267,NC
-0.46003298426240635,6714268,NC
-0.4849705411834774,6714269,NC
-0.4999080725010792,6714270,NC
-0.4898455782792641,6714271,NC
-0.48478305858211007,6714272,NC
-0.4697205134737217,6714273,NC
-0.4696579430182292,6714274,NC
-0.48959534727978926,6714275,NC
-0.499532726322584,6714276,NC
-0.4994700802108218,6714277,NC
-0.48940740900873664,6714278,NC
-0.46934471278058815,6714279,NC
-0.4742819915906618,6714280,NC
-0.4842192455032686,6714281,NC
-0.4991564745827449,6714282,NC
-0.4890936788934529,6714283,NC
-0.4590308584997798,6714284,NC
-0.4539680134661383,6714285,NC
-0.4689051438569665,6714286,NC
-0.4788422497367275,6714287,NC
-0.48877933116990957,6714288,NC
-0.4837163882210261,6714289,NC
-0.46865342095461543,6714290,NC
-0.45359042943524086,6714291,NC
-0.45852741372749056,6714292,NC
-0.46346437389597744,6714293,NC
-0.46340131000533935,6714294,NC
-0.4633382221202385,6714295,NC
-0.443275110305362,6714296,NC
-0.43321197462542127,6714297,NC
-0.4481488151451523,6714298,NC
-0.4580856319293155,6714299,NC
-0.4580224250426956,6714300,NC
-0.4529591945501015,6714301,NC
-0.44289594051636644,6714302,NC
-0.4328326630063478,6714303,NC
-0.442769362084927,6714304,NC
-0.4627060378170094,6714305,NC
-0.45764269026752435,6714306,NC
-0.45757931950142505,6714307,NC
-0.4525159255836886,6714308,NC
-0.42745250857931566,6714309,NC
-0.4373890685533306,6714310,NC
-0.4523256055707817,6714311,NC
-0.4772621196967405,6714312,NC
-0.4771986109963018,6714313,NC
-0.46213507953458427,6714314,NC
-0.4720715253767297,6714315,NC
-0.437007948587903,6714316,NC
-0.47194434923329265,6714317,NC
-0.4718807273781099,6714318,NC
-0.4768170830875892,6714319,NC
-0.45175341642698813,6714320,NC
-0.44168972746158713,6714321,NC
-0.47162601625668943,6714322,NC
-0.48156228287762115,6714323,NC
-0.4964985273897311,6714324,NC
-0.49143474985839075,6714325,NC
-0.4763709503489943,6714326,NC
-0.46630712892695825,6714327,NC
-0.46124328565772177,6714328,NC
-0.4711794206067464,6714329,NC
-0.49111553383951584,6714330,NC
-0.48605162542153646,6714331,NC
-0.4709876954183363,6714332,NC
-0.4709237438954659,6714333,NC
-0.4608597709184977,6714334,NC
-0.4857957765530263,6714335,NC
-0.4957317608646681,6714336,NC
-0.49566772391906133,6714337,NC
-0.4606036657818662,6714338,NC
-0.4555395865187644,6714339,NC
-0.46047548619545947,6714340,NC
-0.48541136487767655,6714341,NC
-0.49534722263116204,6714342,NC
-0.4802830595216842,6714343,NC
-0.46521887561503233,6714344,NC
-0.46015467097701734,6714345,NC
-0.46509044567347124,6714346,NC
-0.4800261997702472,6714347,NC
-0.4899619333332195,6714348,NC
-0.4948976464282837,6714349,NC
-0.4798333391213561,6714350,NC
-0.46476901147837396,6714351,NC
-0.45970466356529543,6714352,NC
-0.4696402954480996,6714353,NC
-0.46957590719278597,6714354,NC
-0.4495114988653749,6714355,NC
-0.4444470705319073,6714356,NC
-0.4193826222584445,6714357,NC
-0.41931815411106843,6714358,NC
-0.4192536661558812,6714359,NC
-0.43918915845900536,6714360,NC
-0.4241246310865839,6714361,NC
-0.39906008410477944,6714362,NC
-0.3939955175797752,6714363,NC
-0.3939309315777743,6714364,NC
-0.40886632616499974,6714365,NC
-0.4188017014076945,6714366,NC
-0.3987370573721214,6714367,NC
-0.393672394124563,6714368,NC
-0.37860771173132146,6714369,NC
-0.37354301025871883,6714370,NC
-0.4034782897730966,6714371,NC
-0.40841355034081556,6714372,NC
-0.4133487920282562,6714373,NC
-0.4132840149018182,6714374,NC
-0.3932192190279206,6714375,NC
-0.4131544044730018,6714376,NC
-0.42808957130351893,6714377,NC
-0.4530247195859487,6714378,NC
-0.4529598493867866,6714379,NC
-0.442894960772547,6714380,NC
-0.4378300538097633,6714381,NC
-0.4477651285649877,6714382,NC
-0.46770018510479106,6714383,NC
-0.48763522349576294,6714384,NC
-0.4775702438045116,6714385,NC
-0.46750524609766375,6714386,NC
-0.46244023044186444,6714387,NC
-0.4673751969037775,6714388,NC
-0.4823101455500848,6714389,NC
-0.49724507644748644,6714390,NC
-0.49217998966270093,6714391,NC
-0.4821148852624649,6714392,NC
-0.4820497633135328,6714393,NC
-0.4919846238826771,6714394,NC
-0.5319194670366887,6714395,NC
-0.5618542928423758,6714396,NC
-0.5367891013665643,6714397,NC
-0.5317238926760984,6714398,NC
-0.48165866683783964,6714399,NC
-0.49659342391866695,6714400,NC
-0.5115281639854771,6714401,NC
-0.5164628871051842,6714402,NC
-0.5213975933447194,6714403,NC
-0.5013322827710318,6714404,NC
-0.5112669554510872,6714405,NC
-0.501201611451869,6714406,NC
-0.5111362508403773,6714407,NC
-0.5360708736836294,6714408,NC
-0.5310054800486596,6714409,NC
-0.5109400700025191,6714410,NC
-0.49087464361227573,6714411,NC
-0.4958092009450144,6714412,NC
-0.5207437420678366,6714413,NC
-0.5256782670478604,6714414,NC
-0.5206127759522202,6714415,NC
-0.5005472688480672,6714416,NC
-0.48548174580256903,6714417,NC
-0.5104162068829095,6714418,NC
-0.5253506521562885,6714419,NC
-0.5302850816899227,6714420,NC
-0.5252194955510445,6714421,NC
-0.5151538938069024,6714422,NC
-0.505088276524761,6714423,NC
-0.5050226437719005,6714424,NC
-0.5199569956156177,6714425,NC
-0.5398913321232245,6714426,NC
-0.5398256533620488,6714427,NC
-0.504759959399434,6714428,NC
-0.5096942503027393,6714429,NC
-0.5146285261393394,6714430,NC
-0.5145627869766243,6714431,NC
-0.5244970328819994,6714432,NC
-0.5194312639228856,6714433,NC
-0.5093654801667189,6714434,NC
-0.4842996816809503,6714435,NC
-0.4742338685330463,6714436,NC
-0.4941680407904879,6714437,NC
-0.48910219852077164,6714438,NC
-0.4690363417914087,6714439,NC
-0.43897047066992495,6714440,NC
-0.40390458522386125,6714441,NC
-0.37383868552077293,6714442,NC
-0.31377277162823014,6714443,NC
-0.2687068436138175,6714444,NC
-0.148640901545134,6714445,NC
-0.048574945489793256,6714446,NC
0.04649102448457693,6714447,NC
0.09655700831033447,6714448,NC
0.126623005919823,6714449,NC
0.1316890172453721,6714450,NC
0.10675504221929726,6714451,NC
0.07182108077389997,6714452,NC
0.016887132841467832,6714453,NC
-0.038046801645725534,6714454,NC
-0.05298072275542015,6714455,NC
-0.04291463055536981,6714456,NC
0.027151474886658054,6714457,NC
0.12721759350288242,6714458,NC
0.2522837252255088,6714459,NC
0.36234986998672913,6714460,NC
0.4474160277187222,6714461,NC
0.5224821983536534,6714462,NC
0.5725483818236746,6714463,NC
0.5776145780609251,6714464,L
0.5276807869975306,6714465,NC
0.3977470085656041,6714466,NC
0.28281324269724534,6714467,NC
0.17287948932454153,6714468,NC
0.08794574837956687,6714469,NC
-0.0019879802056173585,6714470,NC
-0.0819216964989621,6714471,NC
-0.1918554005684313,6714472,NC
-0.32178909248200127,6714473,NC
-0.4617227723076608,6714474,NC
-0.5666564401134111,6714475,NC
-0.6365900959672656,6714476,NC
-0.6865237399372501,6714477,NC
-0.7164573720914026,6714478,NC
-0.7563909924977732,6714479,NC
-0.7613246012244239,6714480,NC
-0.731258198339429,6714481,NC
-0.6911917839108743,6714482,NC
-0.6561253580068577,6714483,NC
-0.6410589206954888,6714484,NC
-0.6259924720448888,6714485,NC
-0.6359260121231908,6714486,NC
-0.6258595409985391,6714487,NC
-0.6257930587390899,6714488,NC
-0.6007265654130103,6714489,NC
-0.6106600610884794,6714490,NC
-0.6205935458336868,6714491,NC
-0.650527019716834,6714492,NC
-0.6454604828061332,6714493,NC
-0.6153939351698079,6714494,NC
-0.6003273768760925,6714495,NC
-0.5952608079932322,6714496,NC
-0.5951942285894836,6714497,NC
-0.6151276387331133,6714498,NC
-0.6150610384923992,6714499,NC
-0.5949944279356296,6714500,NC
-0.5849278071311034,6714501,NC
-0.5948611761471301,6714502,NC
-0.5947945350520295,6714503,NC
-0.6197278839141319,6714504,NC
-0.5996612228017779,6714505,NC
-0.5945945517833182,6714506,NC
-0.5745278709271138,6714507,NC
-0.5744611803015356,6714508,NC
-0.5943944799749648,6714509,NC
-0.5943277700157921,6714510,NC
-0.5742610504924186,6714511,NC
-0.5691943214732549,6714512,NC
-0.5341275830267214,6714513,NC
-0.5490608352212482,6714514,NC
-0.5639940781252748,6714515,NC
-0.5589273118072505,6714516,NC
-0.548860536335634,6714517,NC
-0.5387937517788932,6714518,NC
-0.5187269582055056,6714519,NC
-0.5136601556839576,6714520,NC
-0.5235933442827452,6714521,NC
-0.523526524070373,6714522,NC
-0.5084596951153552,6714523,NC
-0.48839285748621436,6714524,NC
-0.4683260112514825,6714525,NC
-0.4732591564797,6714526,NC
-0.4831922932394163,6714527,NC
-0.47812542159918947,6714528,NC
-0.46305854162758614,6714529,NC
-0.4379916533931813,6714530,NC
-0.41792475696455883,6714531,NC
-0.41785785241031065,6714532,NC
-0.4177909397990372,6714533,NC
-0.3877240191993472,6714534,NC
-0.39265709067985727,6714535,NC
-0.3675901543091925,6714536,NC
-0.34252321015598597,6714537,NC
-0.3324562582888784,6714538,NC
-0.337389298776519,6714539,NC
-0.32232233168756436,6714540,NC
-0.317255357090679,6714541,NC
-0.29718837505453505,6714542,NC
-0.26712138564781246,6714543,NC
-0.2570543889391985,6714544,NC
-0.24698738499738818,6714545,NC
-0.2519203738910836,6714546,NC
-0.2368533556889946,6714547,NC
-0.206786330459838,6714548,NC
-0.19671929827233786,6714549,NC
-0.18665225919522552,6714550,NC
-0.19658521329723927,6714551,NC
-0.2015181606471244,6714552,NC
-0.18145110131363315,6714553,NC
-0.16638403536552462,6714554,NC
-0.1363169628715646,6714555,NC
-0.1312498839005258,6714556,NC
-0.1361827985211874,6714557,NC
-0.13111570680233514,6714558,NC
-0.12604860881276134,6714559,NC
-0.13098150462126473,6714560,NC
-0.11091439429665038,6714561,NC
-0.12084727790772969,6714562,NC
-0.1507801555233201,6714563,NC
-0.18071302721224558,6714564,NC
-0.1906458930433358,6714565,NC
-0.1955787530854266,6714566,NC
-0.22051160740735976,6714567,NC
-0.24544445607798285,6714568,NC
-0.27537729916614934,6714569,NC
-0.3153101367407183,6714570,NC
-0.3352429688705545,6714571,NC
-0.3351757956245285,6714572,NC
-0.34010861707151596,6714573,NC
-0.3700414332803983,6714574,NC
-0.37497424432006227,6714575,NC
-0.3949070502593998,6714576,NC
-0.40983985116730814,6714577,NC
-0.39977264711268967,6714578,NC
-0.40470543816445187,6714579,NC
-0.40463822439150715,6714580,NC
-0.4395710058627731,6714581,NC
-0.44950378264717195,6714582,NC
-0.4594365548136309,6714583,NC
-0.4393693224310816,6714584,NC
-0.42430208556846083,6714585,NC
-0.45423484429470956,6714586,NC
-0.4691675986787735,6714587,NC
-0.46410034878960266,6714588,NC
-0.45903309469615144,6714589,NC
-0.4689658364673788,6714590,NC
-0.4538985741722477,6714591,NC
-0.44883130787972536,6714592,NC
-0.46876403765878305,6714593,NC
-0.47369676357839596,6714594,NC
-0.4686294857075436,6714595,NC
-0.4535622041152089,6714596,NC
-0.44849491887037896,6714597,NC
-0.45342763004204456,6714598,NC
-0.47836033769919994,6714599,NC
-0.48329304191084327,6714600,NC
-0.463225742745976,6714601,NC
-0.4681584402736031,6714602,NC
-0.4530911345627329,6714603,NC
-0.4530238256823773,6714604,NC
-0.47795651370155107,6714605,NC
-0.48788919868927255,6714606,NC
-0.4728218807145627,6714607,NC
-0.4627545598464461,6714608,NC
-0.4526872361539498,6714609,NC
-0.452619909706104,6714610,NC
-0.4625525805719417,6714611,NC
-0.4724852488204986,6714612,NC
-0.4724179145208131,6714613,NC
-0.4723505777419262,6714614,NC
-0.4472832385528816,6714615,NC
-0.4722158970227251,6714616,NC
-0.47214855322050536,6714617,NC
-0.47708120721527303,6714618,NC
-0.4620138590760812,6714619,NC
-0.466946508871985,6714620,NC
-0.45187915667204176,6714621,NC
-0.4568118025453109,6714622,NC
-0.47174444656085374,6714623,NC
-0.4866770887877336,6714624,NC
-0.4766097292950155,6714625,NC
-0.4765423681517663,6714626,NC
-0.4714750054270546,6714627,NC
-0.4664076411899506,6714628,NC
-0.48634027550952585,6714629,NC
-0.4912729084548536,6714630,NC
-0.48120554009500865,6714631,NC
-0.47613817049906665,6714632,NC
-0.45607079973610504,6714633,NC
-0.46600342787520216,6714634,NC
-0.48593605498543746,6714635,NC
-0.49586868113589166,6714636,NC
-0.5008013063956464,6714637,NC
-0.4807339308337838,6714638,NC
-0.46566655451938754,6714639,NC
-0.47059917752154157,6714640,NC
-0.48553179990933076,6714641,NC
-0.4854644217518405,6714642,NC
-0.48539704311815685,6714643,NC
-0.46532966407736626,6714644,NC
-0.45026228469855556,6714645,NC
-0.465194905050812,6714646,NC
-0.47512752520322316,6714647,NC
-0.5000601452248767,6714648,NC
-0.5049927651848606,6714649,NC
-0.4999253851522626,6714650,NC
-0.4848580051961708,6714651,NC
-0.48479062538567286,6714652,NC
-0.5047232457898566,6714653,NC
-0.49465586647780946,6714654,NC
-0.49958848751861856,6714655,NC
-0.4945211089813707,6714656,NC
-0.4694537309351523,6714657,NC
-0.4793863534490493,6714658,NC
-0.48431897659214695,6714659,NC
-0.4892516004335299,6714660,NC
-0.49918422504228205,6714661,NC
-0.4841168504874866,6714662,NC
-0.46904947683822584,6714663,NC
-0.4839821041635811,6714664,NC
-0.4989147325326329,6714665,NC
-0.49884736201446034,6714666,NC
-0.49877999267814166,6714667,NC
-0.48871262459275383,6714668,NC
-0.4786452578273725,6714669,NC
-0.48357789245107197,6714670,NC
-0.48351052853292514,6714671,NC
-0.4884431661420034,6714672,NC
-0.4733758053473765,6714673,NC
-0.4583084462181128,6714674,NC
-0.4282410888232786,6714675,NC
-0.4281737332319387,6714676,NC
-0.4481063795131559,6714677,NC
-0.4430390277359912,6714678,NC
-0.4529716779695035,6714679,NC
-0.4179043302827496,6714680,NC
-0.4078369847447844,6714681,NC
-0.4027696414246604,6714682,NC
-0.40770230039142774,6714683,NC
-0.4076349617141345,6714684,NC
-0.3975676254618262,6714685,NC
-0.3975002917035458,6714686,NC
-0.3924329605083337,6714687,NC
-0.3823656319452278,6714688,NC
-0.42229830608326324,6714689,NC
-0.42223098299147244,6714690,NC
-0.42216366273888484,6714691,NC
-0.4320963453945271,6714692,NC
-0.40702903102742294,6714693,NC
-0.41196171970659284,6714694,NC
-0.4468944115010543,6714695,NC
-0.4568271064798215,6714696,NC
-0.4567598047119056,6714697,NC
-0.446692506266314,6714698,NC
-0.4316252112120513,6714699,NC
-0.45155791961811803,6714700,NC
-0.4664906315535115,6714701,NC
-0.4764233470872254,6714702,NC
-0.47635606628824956,6714703,NC
-0.4612887892255702,6714704,NC
-0.46122151596816957,6714705,NC
-0.4611542465850262,6714706,NC
-0.49108698114511434,6714707,NC
-0.4960197197174047,6714708,NC
-0.4959524623708635,6714709,NC
-0.48588520917445277,6714710,NC
-0.4658179601971304,6714711,NC
-0.4807507155078499,6714712,NC
-0.5106834751755606,6714713,NC
-0.5256162392692069,6714714,NC
-0.5155490078577291,6714715,NC
-0.5054817810100626,6714716,NC
-0.48041455879513834,6714717,NC
-0.4803473412818824,6714718,NC
-0.5052801285392161,6714719,NC
-0.5252129206360558,6714720,NC
-0.5251457176413129,6714721,NC
-0.5050785196238937,6714722,NC
-0.5000113266526995,6714723,NC
-0.5049441387966268,6714724,NC
-0.5198769561245659,6714725,NC
-0.5198097787054027,6714726,NC
-0.5247426066080172,6714727,NC
-0.5146754399012842,6714728,NC
-0.48960827865407275,6714729,NC
-0.49954112293524666,6714730,NC
-0.5194739728136637,6714731,NC
-0.519406828358176,6714732,NC
-0.51933968963763,6714733,NC
-0.5142725567208662,6714734,NC
-0.5092054296767191,6714735,NC
-0.5041383085740172,6714736,NC
-0.519071193481583,6714737,NC
-0.5440040844682327,6714738,NC
-0.5139369816027762,6714739,NC
-0.5138698849540174,6714740,NC
-0.4938027945907536,6714741,NC
-0.4887357105817757,6714742,NC
-0.5086686329958681,6714743,NC
-0.5136015619018086,6714744,NC
-0.5085344973683682,6714745,NC
-0.5084674394643115,6714746,NC
-0.4834003882583961,6714747,NC
-0.5033333438193727,6714748,NC
-0.5132663062159851,6714749,NC
-0.4981992755169701,6714750,NC
-0.48813225179105746,6714751,NC
-0.47806523510696974,6714752,NC
-0.4579982255334224,6714753,NC
-0.44793122313912337,6714754,NC
-0.44286422799277336,6714755,NC
-0.42779724016306564,6714756,NC
-0.39773025971868603,6714757,NC
-0.3476632867283127,6714758,NC
-0.28759632126061624,6714759,NC
-0.22752936338425947,6714760,NC
-0.16746241316789745,6714761,NC
-0.08239547068017737,6714762,NC
-0.012328535989738506,6714763,NC
0.047738390834787855,6714764,NC
0.0928053097247785,6714765,NC
0.09787222061161839,6714766,NC
0.04793912342670056,6714767,NC
-0.04199398189857357,6714768,NC
-0.10192709543279423,6714769,NC
-0.12186021724454325,6714770,NC
-0.10679334740239399,6714771,NC
-0.07172648597491124,6714772,NC
-0.011659633030651154,6714773,NC
0.07840721136183879,6714774,NC
0.20347404713401995,6714775,NC
0.3135408742173624,6714776,NC
0.4136076925433452,6714777,NC
0.4786745020434563,6714778,NC
0.49374130264919297,6714779,NC
0.46380809429206127,6714780,L
0.39887487690357665,6714781,NC
0.3239416504152638,6714782,NC
0.2440084147586565,6714783,NC
0.16407516986529844,6714784,NC
0.06414191566674222,6714785,NC
-0.03579134790544966,6714786,NC
-0.13572462091970522,6714787,NC
-0.21565790344444277,6714788,NC
-0.3355911955480709,6714789,NC
-0.4505244972989883,6714790,NC
-0.5604578087655837,6714791,NC
-0.6603911300162363,6714792,NC
-0.6953244611193147,6714793,NC
-0.7052578021431778,6714794,NC
-0.7201911531561741,6714795,NC
-0.7101245142266419,6714796,NC
-0.7100578854229093,6714797,NC
-0.6899912668132939,6714798,NC
-0.644924658466103,6714799,NC
-0.609858060449633,6714800,NC
-0.5847914728321703,6714801,NC
-0.56972489568199,6714802,NC
-0.5696583290673571,6714803,NC
-0.5745917730565253,6714804,NC
-0.5745252277177377,6714805,NC
-0.5544586931192262,6714806,NC
-0.5443921693292121,6714807,NC
-0.544325656415905,6714808,NC
-0.5642591544475039,6714809,NC
-0.5641926634921965,6714810,NC
-0.559126183618159,6714811,NC
-0.5440597148935565,6714812,NC
-0.5339932573865424,6714813,NC
-0.5289268111652584,6714814,NC
-0.5488603762978354,6714815,NC
-0.5487939528523919,6714816,NC
-0.538727540897035,6714817,NC
-0.5236611404998601,6714818,NC
-0.5235947517289508,6714819,NC
-0.5185283746523782,6714820,NC
-0.5384620093382023,6714821,NC
-0.5583956558544702,6714822,NC
-0.5433293142692175,6714823,NC
-0.5232629846504672,6714824,NC
-0.5131966670662301,6714825,NC
-0.508130361584505,6714826,NC
-0.5130640682732778,6714827,NC
-0.5079977872005222,6714828,NC
-0.5179315184341995,6714829,NC
-0.5178652620422578,6714830,NC
-0.4877990180926332,6714831,NC
-0.4927327866532486,6714832,NC
-0.5076665677920142,6714833,NC
-0.4926003615768274,6714834,NC
-0.4875341680755725,6714835,NC
-0.4624679873561207,6714836,NC
-0.4624018194863304,6714837,NC
-0.45233566453404656,6714838,NC
-0.44726952256710084,6714839,NC
-0.4772033936533118,6714840,NC
-0.4521372778604845,6714841,NC
-0.41707117525641063,6714842,NC
-0.4020050859088682,6714843,NC
-0.39693900988562175,6714844,NC
-0.40187294725442224,6714845,NC
-0.40680689808300663,6714846,NC
-0.40174086243909835,6714847,NC
-0.3716748403904068,6714848,NC
-0.3516088320046275,6714849,NC
-0.3365428373494419,6714850,NC
-0.3414768564925175,6714851,NC
-0.34141088950150755,6714852,NC
-0.31634493644405115,6714853,NC
-0.306278997387773,6714854,NC
-0.2762130724002834,6714855,NC
-0.27614716154917857,6714856,NC
-0.26608126490203987,6714857,NC
-0.2760153825264343,6714858,NC
-0.23094951448991405,6714859,NC
-0.22088366086001682,6714860,NC
-0.19081782170426537,6714861,NC
-0.1807519970901677,6714862,NC
-0.1856861870852169,6714863,NC
-0.185620391756891,6714864,NC
-0.1855546111726531,6714865,NC
-0.15048884539995105,6714866,NC
-0.13042309450621767,6714867,NC
-0.13535735855887038,6714868,NC
-0.1252916376253114,6714869,NC
-0.13022593177292743,6714870,NC
-0.1051602410690898,6714871,NC
-0.0850945655811543,6714872,NC
-0.05002890537646104,6714873,NC
-0.04996326052233454,6714874,NC
-0.05989763108608348,6714875,NC
-0.06483201713500093,6714876,NC
-0.05476641873636392,6714877,NC
-0.04970083595743353,6714878,NC
-0.034635268865454885,6714879,NC
-0.04956971752765701,6714880,NC
-0.08450418201125276,6714881,NC
-0.1194386623834388,6714882,NC
-0.12437315871139545,6714883,NC
-0.12930767106228666,6714884,NC
-0.1392421995032602,6714885,NC
-0.16917674410144684,6714886,NC
-0.20911130492396132,6714887,NC
-0.2440458820379014,6714888,NC
-0.2689804755103482,6714889,NC
-0.2589150854083663,6714890,NC
-0.2688497117990029,6714891,NC
-0.283784354749289,6714892,NC
-0.313719014326238,6714893,NC
-0.32865369059684657,6714894,NC
-0.3485883836280943,6714895,NC
-0.3435230934869434,6714896,NC
-0.34345782024033894,6714897,NC
-0.3483925639552086,6714898,NC
-0.36332732469846285,6714899,NC
-0.39326210253699434,6714900,NC
-0.39319689753767867,6714901,NC
-0.3781317097673734,6714902,NC
-0.36806653929291877,6714903,NC
-0.378001386181137,6714904,NC
-0.3879362504988327,6714905,NC
-0.3928711323127924,6714906,NC
-0.3878060316897851,6714907,NC
-0.3777409486965614,6714908,NC
-0.3826758833998538,6714909,NC
-0.38261083586637706,6714910,NC
-0.3925458061628273,6714911,NC
-0.40248079435588263,6714912,NC
-0.40241580051220266,6714913,NC
-0.40735082469842865,6714914,NC
-0.39228586698118334,6714915,NC
-0.40722092742707094,6714916,NC
-0.40715600610267705,6714917,NC
-0.4070911030745684,6714918,NC
-0.4120262184092934,6714919,NC
-0.39696135217338113,6714920,NC
-0.401896504433342,6714921,NC
-0.39683167525566754,6714922,NC
-0.39676686470683015,6714923,NC
-0.41170207285328303,6714924,NC
-0.41163729976146035,6714925,NC
-0.40157254549777704,6714926,NC
-0.3915078101286286,6714927,NC
-0.3914430937203914,6714928,NC
-0.3913783963394221,6714929,NC
-0.416313718052058,6714930,NC
-0.41124905892461683,6714931,NC
-0.3961844190233965,6714932,NC
-0.3761197984146755,6714933,NC
-0.38605519716471226,6714934,NC
-0.39099061533974544,6714935,NC
-0.410926053005994,6714936,NC
-0.4158615102296566,6714937,NC
-0.40079698707691197,6714938,NC
-0.3907324836139188,6714939,NC
-0.4056679999068155,6714940,NC
-0.43060353602172025,6714941,NC
-0.4355390920247309,6714942,NC
-0.4304746679819248,6714943,NC
-0.4204102639593591,6714944,NC
-0.41534588002307016,6714945,NC
-0.415281516239074,6714946,NC
-0.4252171726733657,6714947,NC
-0.4401528493919198,6714948,NC
-0.4400885464606899,6714949,NC
-0.42502426394560894,6714950,NC
-0.4299600019125887,6714951,NC
-0.4348957604275201,6714952,NC
-0.43983153955627297,6714953,NC
-0.45976733936469594,6714954,NC
-0.4497031599186166,6714955,NC
-0.4446390012838411,6714956,NC
-0.42957486352615415,6714957,NC
-0.4295107467113194,6714958,NC
-0.44444665090507873,6714959,NC
-0.46438257617315265,6714960,NC
-0.45431852258123984,6714961,NC
-0.4392544901950177,6714962,NC
-0.4391904790801415,6714963,NC
-0.4441264893022449,6714964,NC
-0.44406252092693954,6714965,NC
-0.4639985740198152,6714966,NC
-0.46393464864643974,6714967,NC
-0.4538707448723588,6714968,NC
-0.438806862763096,6714969,NC
-0.46874300238415245,6714970,NC
-0.45867916380100743,6714971,NC
-0.45861534707911755,6714972,NC
-0.45355155228391714,6714973,NC
-0.4534877794808179,6714974,NC
-0.45342402873520915,6714975,NC
-0.44836030011245753,6714976,NC
-0.46329659367790693,6714977,NC
-0.4732329094968787,6714978,NC
-0.483169247634671,6714979,NC
-0.4781056081565595,6714980,NC
-0.45804199112779664,6714981,NC
-0.4779783966136121,6714982,NC
-0.4729148246792122,6714983,NC
-0.48785127538978024,6714984,NC
-0.48278774881047626,6714985,NC
-0.49272424500643713,6714986,NC
-0.46766076404277623,6714987,NC
-0.45259730598458364,6714988,NC
-0.4575338708969258,6714989,NC
-0.4574704588448458,6714990,NC
-0.4524070698933629,6714991,NC
-0.4373437041074728,6714992,NC
-0.4222803615521473,6714993,NC
-0.42221704229233475,6714994,NC
-0.4321537463929592,6714995,NC
-0.44709047391892087,6714996,NC
-0.4420272249350962,6714997,NC
-0.4269639995063371,6714998,NC
-0.4019007976974717,6714999,NC
-0.4068376195733038,6715000,NC
-0.4217744651986129,6715001,NC
-0.431711334638154,6715002,NC
-0.421648227956658,6715003,NC
-0.41658514521883105,6715004,NC
-0.41152208648935495,6715005,NC
-0.42145905183288673,6715006,NC
-0.44139604131405874,6715007,NC
-0.44133305499747866,6715008,NC
-0.4362700929477293,6715009,NC
-0.4162071552293686,6715010,NC
-0.43114424190692957,6715011,NC
-0.44108135304492024,6715012,NC
-0.4660184887078235,6715013,NC
-0.485955648960097,6715014,NC
-0.4958928338661735,6715015,NC
-0.4808300434904601,6715016,NC
-0.48076727789733875,6715017,NC
-0.48070453715116596,6715018,NC
-0.4956418213162728,6715019,NC
-0.5105791304569648,6715020,NC
-0.5155164646375218,6715021,NC
-0.5154538239221979,6715022,NC
-0.5103912083752217,6715023,NC
-0.5053286180607959,6715024,NC
-0.5352660530430972,6715025,NC
-0.5502035133862763,6715026,NC
-0.5551409991544584,6715027,NC
-0.5700785104117421,6715028,NC
-0.5400160472221999,6715029,NC
-0.5249536096498786,6715030,NC
-0.529891197758798,6715031,NC
-0.544828811612952,6715032,NC
-0.5697664512763084,6715033,NC
-0.5647041168128079,6715034,NC
-0.5596418082863649,6715035,NC
-0.5595795257608673,6715036,NC
-0.5845172693001766,6715037,NC
-0.5994550389681268,6715038,NC
-0.5993928348285259,6715039,NC
-0.5793306569451546,6715040,NC
-0.5492685053817669,6715041,NC
-0.5542063802020896,6715042,NC
-0.5791442814698227,6715043,NC
-0.5890822092486389,6715044,NC
-0.5990201636021836,6715045,NC
-0.5839581445940752,6715046,NC
-0.5688961522879049,6715047,NC
-0.5738341867472362,6715048,NC
-0.5887722480356052,6715049,NC
-0.6037103362165207,6715050,NC
-0.5886484513534637,6715051,NC
-0.5985865935098876,6715052,NC
-0.5785247627492184,6715053,NC
-0.5884629591348538,6715054,NC
-0.5884011827301642,6715055,NC
-0.5983394335984916,6715056,NC
-0.5982777118031505,6715057,NC
-0.583216017407427,6715058,NC
-0.5781543504745794,6715059,NC
-0.5680927110678375,6715060,NC
-0.5680310992504034,6715061,NC
-0.5929695150854504,6715062,NC
-0.6029079586361236,6715063,NC
-0.5878464299655397,6715064,NC
-0.572784929136787,6715065,NC
-0.5777234562129252,6715066,NC
-0.5926620112569855,6715067,NC
-0.5826005943319701,6715068,NC
-0.5775392055008527,6715069,NC
-0.5524778448265781,6715070,NC
-0.5224165123720625,6715071,NC
-0.5023552082001927,6715072,NC
-0.477293932373827,6715073,NC
-0.45223268495579416,6715074,NC
-0.40217146600889414,6715075,NC
-0.31711027559589755,6715076,NC
-0.2270491137795458,6715077,NC
-0.15198798062255106,6715078,NC
-0.09192687618759597,6715079,NC
-0.07686580053733377,6715080,NC
-0.06680475373438821,6715081,NC
-0.10174373584135343,6715082,NC
-0.16668274692079396,6715083,NC
-0.2666217870352446,6715084,NC
-0.37656085624721036,6715085,NC
-0.4114999546191664,6715086,NC
-0.38143908221355816,6715087,NC
-0.26637823909280084,6715088,NC
-0.1313174253192799,6715089,NC
-0.02625664095535041,6715090,NC
0.0638041139366625,6715091,NC
0.128864839294464,6715092,NC
0.1689255350557895,6715093,NC
0.17398620115840477,6715094,L
0.12904683754010612,6715095,NC
0.03910744413872005,6715096,NC
-0.08083197910789607,6715097,NC
-0.17577143226185454,6715098,NC
-0.28571091538523685,6715099,NC
-0.3606504285400938,6715100,NC
-0.4205899717884455,6715101,NC
-0.5005295451922809,6715102,NC
-0.6004691488135583,6715103,NC
-0.6904087827142049,6715104,NC
-0.7503484469561171,6715105,NC
-0.7752881416011599,6715106,NC
-0.800227866711167,6715107,NC
-0.8051676223479413,6715108,NC
-0.8351074085732542,6715109,NC
-0.8300472254488456,6715110,NC
-0.799987073036424,6715111,NC
-0.7549269513976667,6715112,NC
-0.7098668605942191,6715113,NC
-0.6948068006876953,6715114,NC
-0.6947467717396774,6715115,NC
-0.6896867738117158,6715116,NC
-0.6746268069653294,6715117,NC
-0.664566871262005,6715118,NC
-0.6645069667631973,6715119,NC
-0.6644470935303294,6715120,NC
-0.6843872516247922,6715121,NC
-0.6793274411079441,6715122,NC
-0.6642676620411119,6715123,NC
-0.6392079144855899,6715124,NC
-0.6241481985026399,6715125,NC
-0.6440885141534916,6715126,NC
-0.6440288614993421,6715127,NC
-0.6489692406013562,6715128,NC
-0.6639096515206657,6715129,NC
-0.6438500943183707,6715130,NC
-0.6187905690555374,6715131,NC
-0.6287310757932001,6715132,NC
-0.63867161459236,6715133,NC
-0.6436121855139855,6715134,NC
-0.6485527886190119,6715135,NC
-0.6134934239683417,6715136,NC
-0.6034340916228444,6715137,NC
-0.593374791643356,6715138,NC
-0.6233155240906798,6715139,NC
-0.6232562890255854,6715140,NC
-0.6181970865088094,6715141,NC
-0.598137916601055,6715142,NC
-0.5630787793629917,6715143,NC
-0.5530196748552557,6715144,NC
-0.5579606031384499,6715145,NC
-0.567901564273143,6715146,NC
-0.5528425583198704,6715147,NC
-0.5327835853391337,6715148,NC
-0.517724645391401,6715149,NC
-0.5326657385371055,6715150,NC
-0.5326068648366477,6715151,NC
-0.5325480243503934,6715152,NC
-0.5224892171386746,6715153,NC
-0.5024304432617889,6715154,NC
-0.4773717027800002,6715155,NC
-0.4823129957535376,6715156,NC
-0.4822543222425963,6715157,NC
-0.47219568230733705,6715158,NC
-0.46713707600788607,6715159,NC
-0.44207850340433513,6715160,NC
-0.40201996455674155,6715161,NC
-0.39696145952512796,6715162,NC
-0.3919029883694822,6715163,NC
-0.38684455114975763,6715164,NC
-0.37178614792587256,6715165,NC
-0.34672777875771066,6715166,NC
-0.3116694437051205,6715167,NC
-0.2966111428279159,6715168,NC
-0.28655287618587527,6715169,NC
-0.2664946438387423,6715170,NC
-0.2614364458462252,6715171,NC
-0.23137828226799728,6715172,NC
-0.2013201531636963,6715173,NC
-0.18126205859292477,6715174,NC
-0.18620399861524983,6715175,NC
-0.18614597329020302,6715176,NC
-0.1660879826772805,6715177,NC
-0.14603002683594268,6715178,NC
-0.11597210582561449,6715179,NC
-0.12091421970568511,6715180,NC
-0.11585636853550774,6715181,NC
-0.11079855237440003,6715182,NC
-0.1007407712816436,6715183,NC
-0.08568302531648406,6715184,NC
-0.055625314538131104,6715185,NC
-0.060567639005758296,6715186,NC
-0.060509998778503056,6715187,NC
-0.08045239391546659,6715188,NC
-0.09539482447571396,6715189,NC
-0.11033729051827373,6715190,NC
-0.11027979210213823,6715191,NC
-0.15022232928626328,6715192,NC
-0.17516490212956815,6715193,NC
-0.21510751069093567,6715194,NC
-0.2350501550292119,6715195,NC
-0.25499283520320637,6715196,NC
-0.2699355512716918,6715197,NC
-0.284878303293404,6715198,NC
-0.3148210913270421,6715199,NC
-0.3297639154312682,6715200,NC
-0.3497067756647074,6715201,NC
-0.3696496720859479,6715202,NC
-0.3545926047535405,6715203,NC
-0.3695355737259991,6715204,NC
-0.3794785790618003,6715205,NC
-0.3994216208193834,6715206,NC
-0.40436469905715045,6715207,NC
-0.3893078138334659,6715208,NC
-0.39425096520665687,6715209,NC
-0.38919415323501294,6715210,NC
-0.39913737797678606,6715211,NC
-0.4090806394901906,6715212,NC
-0.41902393783340314,6715213,NC
-0.3989672730645627,6715214,NC
-0.3889106452417701,6715215,NC
-0.38385405442308873,6715216,NC
-0.3887975006665437,6715217,NC
-0.3887409840301223,6715218,NC
-0.38868450457177367,6715219,NC
-0.37862806234940877,6715220,NC
-0.3585716574209006,6715221,NC
-0.3635152898440836,6715222,NC
-0.3684589596767543,6715223,NC
-0.3884026669766705,6715224,NC
-0.3733464118015518,6715225,NC
-0.3582901942090794,6715226,NC
-0.3332340142568957,6715227,NC
-0.3431778720026047,6715228,NC
-0.35312176750377167,6715229,NC
-0.36306570081792316,6715230,NC
-0.34300967200254695,6715231,NC
-0.3279536811150921,6715232,NC
-0.3028977282129688,6715233,NC
-0.3078418133535479,6715234,NC
-0.3477859365941618,6715235,NC
-0.34273009799210347,6715236,NC
-0.3276742976046268,6715237,NC
-0.3126185354889465,6715238,NC
-0.2975628117022384,6715239,NC
-0.29250712630163833,6715240,NC
-0.30745147934424333,6715241,NC
-0.31239587088711085,6715242,NC
-0.31234030098725885,6715243,NC
-0.2872847697016658,6715244,NC
-0.27222927708727035,6715245,NC
-0.2771738232009719,6715246,NC
-0.28711840809962974,6715247,NC
-0.2970630318400638,6715248,NC
-0.29700769447905373,6715249,NC
-0.27195239607333965,6715250,NC
-0.25689713667962155,6715251,NC
-0.2668419163545596,6715252,NC
-0.27178673515477375,6715253,NC
-0.28673159313684377,6715254,NC
-0.27167649035730945,6715255,NC
-0.26162142687267026,6715256,NC
-0.24656640273938535,6715257,NC
-0.26151141801387356,6715258,NC
-0.2664564727525134,6715259,NC
-0.2814015670116427,6715260,NC
-0.2763467008475589,6715261,NC
-0.26129187431651896,6715262,NC
-0.24623708747473894,6715263,NC
-0.25118234037839454,6715264,NC
-0.2661276330836204,6715265,NC
-0.27607296564651057,6715266,NC
-0.2710183381231181,6715267,NC
-0.26596375056945515,6715268,NC
-0.24090920304149296,6715269,NC
-0.2558546955951615,6715270,NC
-0.2558002282863501,6715271,NC
-0.2757458011709063,6715272,NC
-0.2856914143046372,6715273,NC
-0.26563706774330775,6715274,NC
-0.2405827615426424,6715275,NC
-0.25552849575832365,6715276,NC
-0.27047427044599287,6715277,NC
-0.27542008566124976,6715278,NC
-0.28536594145965255,6715279,NC
-0.25531183789671774,6715280,NC
-0.2352577750279204,6715281,NC
-0.2352037529086937,6715282,NC
-0.24514977159442888,6715283,NC
-0.24509583114047576,6715284,NC
-0.240041931602142,6715285,NC
-0.21498807303469314,6715286,NC
-0.18993425549335302,6715287,NC
-0.2048804790333033,6715288,NC
-0.22982674370968353,6715289,NC
-0.21977304957759097,6715290,NC
-0.22471939669208083,6715291,NC
-0.2096657851081659,6715292,NC
-0.17961221488081663,6715293,NC
-0.17455868606496114,6715294,NC
-0.18950519871548502,6715295,NC
-0.20945175288723133,6715296,NC
-0.21439834863500062,6715297,NC
-0.18434498601355084,6715298,NC
-0.17929166507759706,6715299,NC
-0.18423838588181182,6715300,NC
-0.2091851484808248,6715301,NC
-0.21913195292922277,6715302,NC
-0.22407879928154967,6715303,NC
-0.21902568759230637,6715304,NC
-0.2039726179159508,6715305,NC
-0.2139195903068978,6715306,NC
-0.23386660481951912,6715307,NC
-0.24881366150814319,6715308,NC
-0.2637607604270553,6715309,NC
-0.2537079016304975,6715310,NC
-0.24865508517266827,6715311,NC
-0.24860231110772285,6715312,NC
-0.25354957948977297,6715313,NC
-0.27349689037288694,6715314,NC
-0.26844424381108917,6715315,NC
-0.2633916398583608,6715316,NC
-0.25333907856863913,6715317,NC
-0.2682865599958177,6715318,NC
-0.28823408419374624,6715319,NC
-0.29818165121623075,6715320,NC
-0.2981292611170331,6715321,NC
-0.29307691394987134,6715322,NC
-0.2930246097684196,6715323,NC
-0.28797234862630766,6715324,NC
-0.28792013057712146,6715325,NC
-0.29286795567440255,6715326,NC
-0.2878158239716483,6715327,NC
-0.2877637355223118,6715328,NC
-0.2827116903798018,6715329,NC
-0.3076596885974826,6715330,NC
-0.30760773022867416,6715331,NC
-0.3175558153266518,6715332,NC
-0.32250394394464615,6715333,NC
-0.31245211613584356,6715334,NC
-0.3074003319533855,6715335,NC
-0.3273485914503687,6715336,NC
-0.3222968946798451,6715337,NC
-0.34224524169482184,6715338,NC
-0.3571936325482612,6715339,NC
-0.3321420672930803,6715340,NC
-0.29709054598215173,6715341,NC
-0.30703906866830233,6715342,NC
-0.3169876354043145,6715343,NC
-0.3269362462429251,6715344,NC
-0.3218849012368258,6715345,NC
-0.3118336004386631,6715346,NC
-0.3117823439010381,6715347,NC
-0.3217311316765065,6715348,NC
-0.32667996381757863,6715349,NC
-0.3566288403767194,6715350,NC
-0.3465777614063479,6715351,NC
-0.3265267269588379,6715352,NC
-0.30147573708651737,6715353,NC
-0.29642479184166876,6715354,NC
-0.3213738912765284,6715355,NC
-0.3363230354432872,6715356,NC
-0.32627222439409,6715357,NC
-0.30622145818103563,6715358,NC
-0.27617073685617727,6715359,NC
-0.30112006047152173,6715360,NC
-0.28606942907903005,6715361,NC
-0.30101884273061674,6715362,NC
-0.2859683014781506,6715363,NC
-0.2659178053734538,6715364,NC
-0.23086735446830237,6715365,NC
-0.21081694881442606,6715366,NC
-0.19076658846350814,6715367,NC
-0.18571627346718544,6715368,NC
-0.1256660038770483,6715369,NC
-0.05061577974464045,6715370,NC
0.05943439887854091,6715371,NC
0.13448453194104534,6715372,NC
0.2295346193914689,6715373,NC
0.28958466117845477,6715374,NC
0.3196346572506927,6715375,NC
0.3396846075569192,6715376,NC
0.3047345120459181,6715377,NC
0.24478437066651987,6715378,NC
0.16983418336760212,6715379,NC
0.13988395009808957,6715380,NC
0.17493367080695413,6715381,NC
0.2549833454432146,6715382,NC
0.37003297395593754,6715383,NC
0.48508255629423624,6715384,NC
0.5851320924072718,6715385,NC
0.6801815822442523,6715386,NC
0.7552310257544337,6715387,NC
0.7752804228871191,6715388,NC
0.7253297735916594,6715389,L
0.6103790778174529,6715390,NC
0.4904283355139458,6715391,NC
0.38547754663063183,6715392,NC
0.3105267111170523,6715393,NC
0.25057582892279684,6715394,NC
0.17562489999750253,6715395,NC
0.0706739242908545,6715396,NC
-0.04927709824741416,6715397,NC
-0.15422816766752234,6715398,NC
-0.2741792840196408,6715399,NC
-0.3641304473538924,6715400,NC
-0.4090816577203515,6715401,NC
-0.4590329151690445,6715402,NC
-0.4789842197499494,6715403,NC
-0.49393557151299594,6715404,NC
-0.47888697050806533,6715405,NC
-0.4538384167849906,6715406,NC
-0.41378991039355606,6715407,NC
-0.39874145138349765,6715408,NC
-0.38869303980450265,6715409,NC
-0.38864467570620975,6715410,NC
-0.3885963591382089,6715411,NC
-0.37854809015004137,6715412,NC
-0.3684998687911996,6715413,NC
-0.37845169511112725,6715414,NC
-0.38840356915921903,6715415,NC
-0.39335549098482075,6715416,NC
-0.3983074606372292,6715417,NC
-0.37825947816569216,6715418,NC
-0.37321154361940834,6715419,NC
-0.3781636570475273,6715420,NC
-0.3781158184991493,6715421,NC
-0.3880680280233256,6715422,NC
-0.3830202856690578,6715423,NC
-0.37797259148529855,6715424,NC
-0.36792494552095095,6715425,NC
-0.36787734782486853,6715426,NC
-0.36282979844585556,6715427,NC
-0.37278229743266655,6715428,NC
-0.3777348448340066,6715429,NC
-0.36768744069853104,6715430,NC
-0.3576400850748456,6715431,NC
-0.35259277801150624,6715432,NC
-0.3675455195570189,6715433,NC
-0.3774983097598402,6715434,NC
-0.3874511486683765,6715435,NC
-0.36740403633098406,6715436,NC
-0.33235697279596965,6715437,NC
-0.3323099581115896,6715438,NC
-0.34726299232605023,6715439,NC
-0.3522160754875078,6715440,NC
-0.36216920764406835,6715441,NC
-0.33212238884378775,6715442,NC
-0.29707561913467145,6715443,NC
-0.30702889856467463,6715444,NC
-0.3169822271817021,6715445,NC
-0.32693560503360825,6715446,NC
-0.31688903216819686,6715447,NC
-0.2818425086332214,6715448,NC
-0.26679603447638456,6715449,NC
-0.2667496097453385,6715450,NC
-0.2667032344876847,6715451,NC
-0.2766569087509739,6715452,NC
-0.2616106325827059,6715453,NC
-0.23156440603033007,6715454,NC
-0.22151822914124447,6715455,NC
-0.19147210196279654,6715456,NC
-0.19642602454228264,6715457,NC
-0.20137999692694802,6715458,NC
-0.19633401916398713,6715459,NC
-0.17628809130054293,6715460,NC
-0.15624221338370753,6715461,NC
-0.16119638546052173,6715462,NC
-0.13115060757797503,6715463,NC
-0.1311048797830056,6715464,NC
-0.13105920212250036,6715465,NC
-0.11101357464329473,6715466,NC
-0.09596799739217264,6715467,NC
-0.08592247041586674,6715468,NC
-0.07087699376105785,6715469,NC
-0.0608315674743754,6715470,NC
-0.05578619160239705,6715471,NC
-0.02574086619164883,6715472,NC
0.009304408711394992,6715473,NC
0.014349633060311964,6715474,NC
0.00939480680873133,6715475,NC
0.024439929910334474,6715476,NC
0.024485002318854435,6715477,NC
0.05953002398807641,6715478,NC
0.08457499487183755,6715479,NC
0.0896199149240271,6715480,NC
0.08466478409858642,6715481,NC
0.07470960234950905,6715482,NC
0.07975436963084073,6715483,NC
0.07479908589667944,6715484,NC
0.054843751101175495,6715485,NC
0.02488836519853157,6715486,NC
-0.005067071856997264,6715487,NC
-0.030022560111103484,6715488,NC
-0.05497809960942707,6715489,NC
-0.06493369039755545,6715490,NC
-0.07488933252102356,6715491,NC
-0.09484502602531349,6715492,NC
-0.12980077095585485,6715493,NC
-0.15975656735802446,6715494,NC
-0.16971241527714628,6715495,NC
-0.17466831475849157,6715496,NC
-0.17462426584727864,6715497,NC
-0.18958026858867288,6715498,NC
-0.22453632302778678,6715499,NC
-0.23949242920967978,6715500,NC
-0.23944858717935824,6715501,NC
-0.22440479698177562,6715502,NC
-0.23436105866183177,6715503,NC
-0.2393173722643739,6715504,NC
-0.24927373783419565,6715505,NC
-0.26423015541603745,6715506,NC
-0.26918662505458635,6715507,NC
-0.25414314679447614,6715508,NC
-0.24909972068028707,6715509,NC
-0.259056346756546,6715510,NC
-0.2740130250677263,6715511,NC
-0.27896975565824766,6715512,NC
-0.2889265385724763,6715513,NC
-0.2738833738547246,6715514,NC
-0.24884026154925154,6715515,NC
-0.24879720170026212,6715516,NC
-0.2687541943519076,6715517,NC
-0.2787112395482855,6715518,NC
-0.2786683373334394,6715519,NC
-0.27362548775135886,6715520,NC
-0.2535826908459796,6715521,NC
-0.25853994666118335,6715522,NC
-0.26849725524079776,6715523,NC
-0.2784546166285963,6715524,NC
-0.27841203086829824,6715525,NC
-0.26836949800356885,6715526,NC
-0.24832701807801916,6715527,NC
-0.26828459113520575,6715528,NC
-0.27824221721863096,6715529,NC
-0.29819989637174277,6715530,NC
-0.3031576286379347,6715531,NC
-0.27811541406054596,6715532,NC
-0.2780732526828609,6715533,NC
-0.26303114454810983,6715534,NC
-0.28798908969946807,6715535,NC
-0.30294708818005633,6715536,NC
-0.272905140032941,6715537,NC
-0.28286324530113327,6715538,NC
-0.25282140402758985,6715539,NC
-0.2627796162552126,6715540,NC
-0.2827378820268484,6715541,NC
-0.29269620138528935,6715542,NC
-0.28765457437327263,6715543,NC
-0.2726130010334803,6715544,NC
-0.2675714814085395,6715545,NC
-0.26253001554102223,6715546,NC
-0.29748860347344536,6715547,NC
-0.2924472452482707,6715548,NC
-0.2924059409079047,6715549,NC
-0.2823646904946988,6715550,NC
-0.2723234940509488,6715551,NC
-0.26728235161889546,6715552,NC
-0.28224126324072396,6715553,NC
-0.30220022895856424,6715554,NC
-0.2971592488144906,6715555,NC
-0.29211832285052197,6715556,NC
-0.2820774511086217,6715557,NC
-0.28703663363069737,6715558,NC
-0.3019958704586011,6715559,NC
-0.31695516163412935,6715560,NC
-0.3169145071990228,6715561,NC
-0.3018739071949662,6715562,NC
-0.29183336166358886,6715563,NC
-0.2817928706464639,6715564,NC
-0.3017524341851086,6715565,NC
-0.30671205232098453,6715566,NC
-0.296671725095497,6715567,NC
-0.28663145254999545,6715568,NC
-0.27659123472577307,6715569,NC
-0.28655107166406735,6715570,NC
-0.2965109634060591,6715571,NC
-0.3014709099928734,6715572,NC
-0.3014309114655788,6715573,NC
-0.28639096786518775,6715574,NC
-0.2863510792326562,6715575,NC
-0.2763112456088838,6715576,NC
-0.29127146703471396,6715577,NC
-0.31623174355093353,6715578,NC
-0.31619207519827275,6715579,NC
-0.31115246201740554,6715580,NC
-0.2911129040489491,6715581,NC
-0.3060734013334641,6715582,NC
-0.31603395391145456,6715583,NC
-0.3259945618233677,6715584,NC
-0.3209552251095941,6715585,NC
-0.3009159438104676,6715586,NC
-0.2858767179662651,6715587,NC
-0.27083754761720674,6715588,NC
-0.2907984328034557,6715589,NC
-0.28575937356511827,6715590,NC
-0.2807203699422437,6715591,NC
-0.2506814219748241,6715592,NC
-0.2406425297027949,6715593,NC
-0.24060369316603397,6715594,NC
-0.2455649124043624,6715595,NC
-0.26052618745754386,6715596,NC
-0.2804875183652848,6715597,NC
-0.23544890516723446,6715598,NC
-0.2204103479029849,6715599,NC
-0.21537184661207054,6715600,NC
-0.22533340133396862,6715601,NC
-0.2152950121080989,6715602,NC
-0.23025667897382363,6715603,NC
-0.21021840197044767,6715604,NC
-0.20518018113721812,6715605,NC
-0.21514201651332465,6715606,NC
-0.2251039081378992,6715607,NC
-0.24506585605001602,6715608,NC
-0.25502786028869195,6715609,NC
-0.24498992089288552,6715610,NC
-0.23995203790149802,6715611,NC
-0.2449142113533725,6715612,NC
-0.2748764412872944,6715613,NC
-0.28983872774199104,6715614,NC
-0.289801070756132,6715615,NC
-0.2897634703683287,6715616,NC
-0.2697259266171347,6715617,NC
-0.2796884395410451,6715618,NC
-0.29965100917849735,6715619,NC
-0.3146136355678706,6715620,NC
-0.30957631874748565,6715621,NC
-0.3095390587556053,6715622,NC
-0.2845018556304339,6715623,NC
-0.2794647094101176,6715624,NC
-0.31442762013274406,6715625,NC
-0.3343905878363428,6715626,NC
-0.3393536125588847,6715627,NC
-0.3243166943382822,6715628,NC
-0.3042798332123894,6715629,NC
-0.3092430292190017,6715630,NC
-0.31920628239585597,6715631,NC
-0.3291695927806304,6715632,NC
-0.34913296041094466,6715633,NC
-0.35909638532435956,6715634,NC
-0.33405986755837735,6715635,NC
-0.3390234071504413,6715636,NC
-0.34898700413793604,6715637,NC
-0.3489506585581873,6715638,NC
-0.3489143704484619,6715639,NC
-0.35387813984596767,6715640,NC
-0.3338419667878537,6715641,NC
-0.3338058513112098,6715642,NC
-0.34376979345306696,6715643,NC
-0.36873379325039685,6715644,NC
-0.3536978507401123,6715645,NC
-0.3486619659590669,6715646,NC
-0.3236261389440548,6715647,NC
-0.3235903697318113,6715648,NC
-0.3385546583590122,6715649,NC
-0.34851900486227405,6715650,NC
-0.3534834092781539,6715651,NC
-0.33844787164315,6715652,NC
-0.33841239199370027,6715653,NC
-0.33837697036618397,6715654,NC
-0.3483416067969204,6715655,NC
-0.35830630132216956,6715656,NC
-0.3582710539781318,6715657,NC
-0.33823586480094797,6715658,NC
-0.313200733826699,6715659,NC
-0.3181656610914064,6715660,NC
-0.313130646631032,6715661,NC
-0.3430956904814777,6715662,NC
-0.34806079267858564,6715663,NC
-0.3280259532581382,6715664,NC
-0.30799117225585787,6715665,NC
-0.3079564497074073,6715666,NC
-0.29292178564838905,6715667,NC
-0.277887180114346,6715668,NC
-0.25285263314076056,6715669,NC
-0.20781814476305566,6715670,NC
-0.13278371501659356,6715671,NC
-0.06274934393667687,6715672,NC
0.027284968441452145,6715673,NC
0.10731922208261141,6715674,NC
0.19235341695167904,6715675,NC
0.25738755301359345,6715676,NC
0.31742163023335335,6715677,NC
0.2924556485760177,6715678,NC
0.24248960800670594,6715679,NC
0.16252350849059793,6715680,NC
0.1375573499929338,6715681,NC
0.1525911324790143,6715682,NC
0.23262485591420068,6715683,NC
0.3176585202639147,6715684,NC
0.42269212549363877,6715685,NC
0.5577256715689158,6715686,NC
0.6777591584553495,6715687,NC
0.772792586118604,6715688,NC
0.8278259545244047,6715689,NC
0.7828592636385371,6715690,L
0.6928925134268479,6715691,NC
0.5579257038552445,6715692,NC
0.45795883488969524,6715693,NC
0.3829919064962293,6715694,NC
0.3230249186409368,6715695,NC
0.21805787128996884,6715696,NC
0.09809076440953753,6715697,NC
-0.021876402034084017,6715698,NC
-0.16184362807456157,6715699,NC
-0.2818109137454998,6715700,NC
-0.37177825908044226,6715701,NC
-0.44674566411287137,6715702,NC
-0.5067131288762081,6715703,NC
-0.5416806534038126,6715704,NC
-0.5366482377289833,6715705,NC
-0.5016158818849576,6715706,NC
-0.4665835859049115,6715707,NC
-0.43655134982195953,6715708,NC
-0.4215191736691548,6715709,NC
-0.4214870574794892,6715710,NC
-0.42145500128589286,6715711,NC
-0.3964230051212345,6715712,NC
-0.3813910690183213,6715713,NC
-0.39135919300989885,6715714,NC
-0.43132737712865116,6715715,NC
-0.43629562140720046,6715716,NC
-0.4362639258781075,6715717,NC
-0.4262322905738711,6715718,NC
-0.4112007155269284,6715719,NC
-0.4061692007696549,6715720,NC
-0.426137746334364,6715721,NC
-0.4261063522533076,6715722,NC
-0.4160750185586754,6715723,NC
-0.4010437452825954,6715724,NC
-0.3910125324571334,6715725,NC
-0.38598138011429356,6715726,NC
-0.3959502882860177,6715727,NC
-0.4059192570041858,6715728,NC
-0.40588828630061574,6715729,NC
-0.4008573762070631,6715730,NC
-0.38082652675522155,6715731,NC
-0.37079573797672244,6715732,NC
-0.380765009903135,6715733,NC
-0.38573434256596617,6715734,NC
-0.3857037359966605,6715735,NC
-0.3606731902266005,6715736,NC
-0.3406427052871061,6715737,NC
-0.340612281209435,6715738,NC
-0.35558191802478223,6715739,NC
-0.36055161576428085,6715740,NC
-0.35552137445900106,6715741,NC
-0.34049119413995077,6715742,NC
-0.3154610748380752,6715743,NC
-0.3204310165842571,6715744,NC
-0.31040101940931664,6715745,NC
-0.3153710833440113,6715746,NC
-0.30034120841903594,6715747,NC
-0.29031139466502276,6715748,NC
-0.26528164211254124,6715749,NC
-0.2602519507920979,6715750,NC
-0.2752223207341368,6715751,NC
-0.27519275196903903,6715752,NC
-0.2551632445271227,6715753,NC
-0.2351337984386433,6715754,NC
-0.21010441373379327,6715755,NC
-0.1850750904427021,6715756,NC
-0.18504582859543633,6715757,NC
-0.18501662822199957,6715758,NC
-0.17998748935233227,6715759,NC
-0.1549584120163119,6715760,NC
-0.14492939624375284,6715761,NC
-0.12490044206440629,6715762,NC
-0.12487154950796034,6715763,NC
-0.11984271860403992,6715764,NC
-0.0998139493822067,6715765,NC
-0.07978524187195907,6715766,NC
-0.06475659610273223,6715767,NC
-0.03972801210389802,6715768,NC
-0.039699489904764955,6715769,NC
-0.03967102953457819,6715770,NC
-0.029642631022519454,6715771,NC
0.010385705602292863,6715772,NC
0.025413980310803927,6715773,NC
0.04544219307402235,6715774,NC
0.030470343863020263,6715775,NC
0.055498432648933324,6715776,NC
0.0655264594029608,6715777,NC
0.09055442409636555,6715778,NC
0.100582326700474,6715779,NC
0.10561016718667639,6715780,NC
0.08563794552642649,6715781,NC
0.07066566169124189,6715782,NC
0.0356933156527039,6715783,NC
0.025720907382457615,6715784,NC
0.02574843685221194,6715785,NC
0.015775904033739623,6715786,NC
-0.01919669110112273,6715787,NC
-0.05416934858047466,6715788,NC
-0.08914206843235165,6715789,NC
-0.08911485068472538,6715790,NC
-0.09408769536550349,6715791,NC
-0.11906060250252957,6715792,NC
-0.14903357212358323,6715793,NC
-0.18400660425638,6715794,NC
-0.18897969892857128,6715795,NC
-0.18895285616774432,6715796,NC
-0.19892607600142237,6715797,NC
-0.2088993584570643,6715798,NC
-0.23387270356206488,6715799,NC
-0.2588461113437547,6715800,NC
-0.2588195818293999,6715801,NC
-0.24879311504620255,6715802,NC
-0.23376671102130017,6715803,NC
-0.24374036978176616,6715804,NC
-0.2587140913546093,6715805,NC
-0.2686878757667743,6715806,NC
-0.283661723045141,6715807,NC
-0.28363563321652513,6715808,NC
-0.2586096063076779,6715809,NC
-0.2835836423452857,6715810,NC
-0.2785577413559709,6715811,NC
-0.3035319033662907,6715812,NC
-0.30350612840273816,6715813,NC
-0.2884804164917415,6715814,NC
-0.27845476765966454,6715815,NC
-0.27842918193280597,6715816,NC
-0.29840365933740015,6715817,NC
-0.31837819989961663,6715818,NC
-0.3083528036455601,6715819,NC
-0.3033274706012706,6715820,NC
-0.2933022007927232,6715821,NC
-0.2832769942458283,6715822,NC
-0.2982518509864314,6715823,NC
-0.308226771040313,6715824,NC
-0.3132017544331887,6715825,NC
-0.2981768011907093,6715826,NC
-0.2831519113384604,6715827,NC
-0.28312708490196287,6715828,NC
-0.30810232190667236,6715829,NC
-0.2980776223779795,6715830,NC
-0.30805298634121003,6715831,NC
-0.29802841382162426,6715832,NC
-0.2880039048444176,6715833,NC
-0.2879794594347203,6715834,NC
-0.29295507761759737,6715835,NC
-0.29793075941804864,6715836,NC
-0.3029065048610086,6715837,NC
-0.3028823139713468,6715838,NC
-0.28785818677386704,6715839,NC
-0.3078341232933083,6715840,NC
-0.3278101235543438,6715841,NC
-0.3177861875815818,6715842,NC
-0.3177623153995648,6715843,NC
-0.3127385070327701,6715844,NC
-0.30271476250560964,6715845,NC
-0.3076910818424297,6715846,NC
-0.32266746506751126,6715847,NC
-0.3376439122050696,6715848,NC
-0.33262042327925473,6715849,NC
-0.3275969983141508,6715850,NC
-0.3225736373337766,6715851,NC
-0.3275503403620852,6715852,NC
-0.3175271074229641,6715853,NC
-0.3375039385402352,6715854,NC
-0.3324808337376545,6715855,NC
-0.3224577930389126,6715856,NC
-0.31243481646763405,6715857,NC
-0.3274119040473779,6715858,NC
-0.33238905580163736,6715859,NC
-0.3373662717538397,6715860,NC
-0.34234355192734656,6715861,NC
-0.3373208963454536,6715862,NC
-0.3122983050313907,6715863,NC
-0.3172757780083218,6715864,NC
-0.3422533152993449,6715865,NC
-0.342230916927492,6715866,NC
-0.35220858291572926,6715867,NC
-0.3371863132869569,6715868,NC
-0.3221641080640088,6715869,NC
-0.31714196726965316,6715870,NC
-0.337119890926592,6715871,NC
-0.3570978790574611,6715872,NC
-0.3620759316848304,6715873,NC
-0.3420540488312035,6715874,NC
-0.32203223051901786,6715875,NC
-0.337010476770645,6715876,NC
-0.34698878760838986,6715877,NC
-0.3569671630544915,6715878,NC
-0.35694560313112256,6715879,NC
-0.3419241078603894,6715880,NC
-0.3269026772643322,6715881,NC
-0.33188131136492466,6715882,NC
-0.35186001018407426,6715883,NC
-0.35683877374362216,6715884,NC
-0.3718176020653431,6715885,NC
-0.3517964951709453,6715886,NC
-0.3317754530820708,6715887,NC
-0.3317544758202948,6715888,NC
-0.3317335634071265,6715889,NC
-0.3217127158640083,6715890,NC
-0.30169193321231613,6715891,NC
-0.2966712154733595,6715892,NC
-0.2816505626683812,6715893,NC
-0.3016299748185575,6715894,NC
-0.2916094519449982,6715895,NC
-0.3165889940687463,6715896,NC
-0.33656860121077825,6715897,NC
-0.30154827339200374,6715898,NC
-0.276528010633266,6715899,NC
-0.26650781295534115,6715900,NC
-0.276487680378939,6715901,NC
-0.2814676129247023,6715902,NC
-0.2864476106132073,6715903,NC
-0.2664276734649632,6715904,NC
-0.26640780150041254,6715905,NC
-0.2663879947399309,6715906,NC
-0.2813682532038272,6715907,NC
-0.31134857691234336,6715908,NC
-0.29632896588565427,6715909,NC
-0.2963094201438682,6715910,NC
-0.28628993970702615,6715911,NC
-0.2962705245951025,6715912,NC
-0.3162511748280044,6715913,NC
-0.33623189042557206,6715914,NC
-0.3412126714075787,6715915,NC
-0.3411935177937304,6715916,NC
-0.33617442960366645,6715917,NC
-0.3561554068569587,6715918,NC
-0.3611364495731121,6715919,NC
-0.3611175577715645,6715920,NC
-0.3660987314716865,6715921,NC
-0.36607997069278164,6715922,NC
-0.3610612754540862,6715923,NC
-0.36604264577476925,6715924,NC
-0.3760240816739327,6715925,NC
-0.39100558317061124,6715926,NC
-0.4009871502837722,6715927,NC
-0.4009687830323157,6715928,NC
-0.40095048143507456,6715929,NC
-0.3909322455108142,6715930,NC
-0.40591407527823287,6715931,NC
-0.4058959707559613,6715932,NC
-0.41087793196256295,6715933,NC
-0.4108599589165338,6715934,NC
-0.40084205163630254,6715935,NC
-0.4108242101402302,6715936,NC
-0.42580643444661065,6715937,NC
-0.4457887245736701,6715938,NC
-0.4407710805395672,6715939,NC
-0.42575350236239334,6715940,NC
-0.41573599006017226,6715941,NC
-0.42571854365086004,6715942,NC
-0.4307011631523454,6715943,NC
-0.44068384858244936,6715944,NC
-0.4406665999589253,6715945,NC
-0.43064941729945916,6715946,NC
-0.420632300621669,6715947,NC
-0.4206152499431054,6715948,NC
-0.44059826528125134,6715949,NC
-0.4355813466535218,6715950,NC
-0.4355644940772644,6715951,NC
-0.4255477075697587,6715952,NC
-0.42553098714821685,6715953,NC
-0.42551433282978307,6715954,NC
-0.4254977446315338,6715955,NC
-0.4454812225704777,6715956,NC
-0.4604647666635555,6715957,NC
-0.42544837692764037,6715958,NC
-0.41043205337953736,6715959,NC
-0.4104157960359839,6715960,NC
-0.4403996049136494,6715961,NC
-0.4353834800291352,6715962,NC
-0.43536742139897505,6715963,NC
-0.42035142903963457,6715964,NC
-0.40533550296751153,6715965,NC
-0.40531964319893565,6715966,NC
-0.39030384975016874,6715967,NC
-0.3702881226374044,6715968,NC
-0.3402724618767686,6715969,NC
-0.28025686748431883,6715970,NC
-0.2252413394760449,6715971,NC
-0.1352258778678685,6715972,NC
-0.06521048267564289,6715973,NC
-0.00019515391515366465,6715974,NC
0.04982010839788195,6715975,NC
0.10983530424781475,6715976,NC
0.10985043361906374,6715977,NC
0.06486549649611606,6715978,NC
-0.025119507136472985,6715979,NC
-0.12010457729407983,6715980,NC
-0.15508971399201282,6715981,NC
-0.12007491724551189,6715982,NC
-0.03506018706974896,6715983,NC
0.06995447652017253,6715984,NC
0.20496907350921728,6715985,NC
0.33498360388241827,6715986,NC
0.4549980676248769,6715987,NC
0.5350124647217627,6715988,NC
0.5550267951583138,6715989,L
0.5000410589198364,6715990,NC
0.3750552559917053,6715991,NC
0.24006938635936348,6715992,NC
0.13008345000832247,6715993,NC
0.05009744692416214,6715994,NC
-0.044888622907469214,6715995,NC
-0.14987475950085485,6715996,NC
-0.28486096287020957,6715997,NC
-0.42984723302967964,6715998,NC
-0.5448335699933431,6715999,NC
-0.6148199737752091,6716000,NC
-0.6548064443892185,6716001,NC
-0.6847929818492438,6716002,NC
-0.6997795861690885,6716003,NC
-0.7047662573624881,6716004,NC
-0.649752995443109,6716005,NC
-0.6047398004245496,6716006,NC
-0.559726672320339,6716007,NC
-0.5397136111439382,6716008,NC
-0.5447006169087395,6716009,NC
-0.5396876896280665,6716010,NC
-0.5546748293151741,6716011,NC
-0.5446620359832486,6716012,NC
-0.5196493096454075,6716013,NC
-0.5296366503146999,6716014,NC
-0.5246240580041059,6716015,NC
-0.539611532726537,6716016,NC
-0.5395990744948359,6716017,NC
-0.5245866833217767,6716018,NC
-0.5045743592200647,6716019,NC
-0.5095621022023362,6716020,NC
-0.5245499122811591,6716021,NC
-0.5245377894690322,6716022,NC
-0.5295257337783855,6716023,NC
-0.5245137452215805,6716024,NC
-0.5095018238109092,6716025,NC
-0.5044899695585957,6716026,NC
-0.5144781824767943,6716027,NC
-0.5094664625775912,6716028,NC
-0.5044548098730032,6716029,NC
-0.48944322437497845,6716030,NC
-0.4944317060953959,6716031,NC
-0.47942025504606584,6716032,NC
-0.4844088712387297,6716033,NC
-0.48939755468505974,6716034,NC
-0.4843863053966594,6716035,NC
-0.47437512338506305,6716036,NC
-0.4493640086617362,6716037,NC
-0.4393529612380752,6716038,NC
-0.4293419811254076,6716039,NC
-0.41933106833499184,6716040,NC
-0.4293202228780172,6716041,NC
-0.4293094447656041,6716042,NC
-0.4092987340088038,6716043,NC
-0.3942880906185987,6716044,NC
-0.39427751460590177,6716045,NC
-0.4042670059815571,6716046,NC
-0.40425656475633986,6716047,NC
-0.3592461909409558,6716048,NC
-0.3292358845460417,6716049,NC
-0.30922564558216514,6716050,NC
-0.3092154740598247,6716051,NC
-0.31920536998944965,6716052,NC
-0.3091953333814002,6716053,NC
-0.2991853642459674,6716054,NC
-0.279175462593373,6716055,NC
-0.2641656284337697,6716056,NC
-0.2591558617772408,6716057,NC
-0.25414616263380063,6716058,NC
-0.2391365310133941,6716059,NC
-0.2141269669258971,6716060,NC
-0.194117470381116,6716061,NC
-0.19410804138878804,6716062,NC
-0.1840986799585813,6716063,NC
-0.17408938610009447,6716064,NC
-0.16408015982285698,6716065,NC
-0.13407100113632894,6716066,NC
-0.11406191004990118,6716067,NC
-0.11405288657289525,6716068,NC
-0.10904393071456334,6716069,NC
-0.1240350424840883,6716070,NC
-0.10902622189058363,6716071,NC
-0.08901746894309355,6716072,NC
-0.07400878365059284,6716073,NC
-0.0890001660219869,6716074,NC
-0.07399161606611186,6716075,NC
-0.06398313379173436,6716076,NC
-0.04397471920755165,6716077,NC
-0.04896637232219164,6716078,NC
-0.03895809314421275,6716079,NC
-0.043949881682104036,6716080,NC
-0.05894173794428509,6716081,NC
-0.08893366193910605,6716082,NC
-0.09892565367484767,6716083,NC
-0.10391771315972113,6716084,NC
-0.11890984040186828,6716085,NC
-0.16390203540936138,6716086,NC
-0.1938942981902033,6716087,NC
-0.2338866287523273,6716088,NC
-0.25887902710359734,6716089,NC
-0.2888714932518076,6716090,NC
-0.29386402720468296,6716091,NC
-0.3388566289698788,6716092,NC
-0.3438492985549807,6716093,NC
-0.38384203596750505,6716094,NC
-0.4088348412148983,6716095,NC
-0.41382771430453785,6716096,NC
-0.4288206552437311,6716097,NC
-0.428813664039716,6716098,NC
-0.4438067406996611,6716099,NC
-0.46379988523066507,6716100,NC
-0.46379309763975723,6716101,NC
-0.4687863779338972,6716102,NC
-0.458779726119975,6716103,NC
-0.453773142204811,6716104,NC
-0.4737666261951562,6716105,NC
-0.4937601780976915,6716106,NC
-0.5087537979190285,6716107,NC
-0.49374748566570936,6716108,NC
-0.48874124134420605,6716109,NC
-0.4987350649609211,6716110,NC
-0.5087289565221877,6716111,NC
-0.5187229160342691,6716112,NC
-0.5287169435033587,6716113,NC
-0.5237110389355806,6716114,NC
-0.5187052023369889,6716115,NC
-0.5136994337135682,6716116,NC
-0.5286937330712334,6716117,NC
-0.5286881004158294,6716118,NC
-0.528682535753132,6716119,NC
-0.5236770390888466,6716120,NC
-0.5086716104286092,6716121,NC
-0.5186662497779863,6716122,NC
-0.5286609571424742,6716123,NC
-0.5436557325274999,6716124,NC
-0.5436505759384201,6716125,NC
-0.5286454873805224,6716126,NC
-0.5236404668590243,6716127,NC
-0.5386355143790735,6716128,NC
-0.5336306299457481,6716129,NC
-0.5436258135640561,6716130,NC
-0.5386210652389363,6716131,NC
-0.5236163849752571,6716132,NC
-0.5286117727778176,6716133,NC
-0.5236072286513467,6716134,NC
-0.5436027526005038,6716135,NC
-0.5535983446298786,6716136,NC
-0.5635940047439905,6716137,NC
-0.5585897329472895,6716138,NC
-0.5435855292441557,6716139,NC
-0.5435813936388993,6716140,NC
-0.5535773261357608,6716141,NC
-0.5635733267389108,6716142,NC
-0.5635693954524501,6716143,NC
-0.5485655322804094,6716144,NC
-0.53856173722675,6716145,NC
-0.5385580102953632,6716146,NC
-0.5585543514900704,6716147,NC
-0.5635507608146229,6716148,NC
-0.5735472382727025,6716149,NC
-0.5585437838679211,6716150,NC
-0.5485403976038208,6716151,NC
-0.5485370794838733,6716152,NC
-0.5585338295114812,6716153,NC
-0.5735306476899766,6716154,NC
-0.5785275340226222,6716155,NC
-0.5935244885126104,6716156,NC
-0.553521511163064,6716157,NC
-0.5435186019770357,6716158,NC
-0.5735157609575086,6716159,NC
-0.5735129881073956,6716160,NC
-0.5535102834295399,6716161,NC
-0.5635076469267146,6716162,NC
-0.5485050786016232,6716163,NC
-0.5585025784568991,6716164,NC
-0.5735001464951058,6716165,NC
-0.5684977827187369,6716166,NC
-0.563495487130216,6716167,NC
-0.5484932597318969,6716168,NC
-0.5384911005260635,6716169,NC
-0.5334890095149298,6716170,NC
-0.5484869867006399,6716171,NC
-0.5634850320852676,6716172,NC
-0.5534831456708171,6716173,NC
-0.5634813274592229,6716174,NC
-0.553479577452349,6716175,NC
-0.5484778956519899,6716176,NC
-0.5684762820598701,6716177,NC
-0.5734747366776439,6716178,NC
-0.5734732595068961,6716179,NC
-0.5834718505491411,6716180,NC
-0.5584705098058236,6716181,NC
-0.5484692372783184,6716182,NC
-0.5434680329679302,6716183,NC
-0.553466896875894,6716184,NC
-0.5584658290033746,6716185,NC
-0.5584648293514668,6716186,NC
-0.5434638979211958,6716187,NC
-0.5284630347135164,6716188,NC
-0.528462239729314,6716189,NC
-0.5534615129694036,6716190,NC
-0.5584608544345302,6716191,NC
-0.5284602641253693,6716192,NC
-0.503459742042526,6716193,NC
-0.5184592881865356,6716194,NC
-0.5184589025578636,6716195,NC
-0.5084585851569053,6716196,NC
-0.4884583359839863,6716197,NC
-0.48345815503936185,6716198,NC
-0.4634580423232176,6716199,NC
-0.4684579978356691,6716200,NC
-0.478458021576762,6716201,NC
-0.5034581135464719,6716202,NC
-0.5034582737447045,6716203,NC
-0.5034585021712957,6716204,NC
-0.48845879882601123,6716205,NC
-0.49345916370854676,6716206,NC
-0.49345959681852825,6716207,NC
-0.5234600981555115,6716208,NC
-0.5184606677189827,6716209,NC
-0.5234613055083577,6716210,NC
-0.5034620115229825,6716211,NC
-0.5234627857621333,6716212,NC
-0.5234636282250164,6716213,NC
-0.5434645389107675,6716214,NC
-0.5484655178184532,6716215,NC
-0.5434665649470698,6716216,NC
-0.5234676802955434,6716217,NC
-0.5334688638627305,6716218,NC
-0.5484701156474177,6716219,NC
-0.5534714356483211,6716220,NC
-0.5784728238640876,6716221,NC
-0.5684742802932936,6716222,NC
-0.5684758049344458,6716223,NC
-0.563477397785981,6716224,NC
-0.5834790588462659,6716225,NC
-0.6184807881135973,6716226,NC
-0.5884825855862021,6716227,NC
-0.5684844512622373,6716228,NC
-0.56348638513979,6716229,NC
-0.5734883872168773,6716230,NC
-0.5934904574914462,6716231,NC
-0.5984925959613743,6716232,NC
-0.5984948026244684,6716233,NC
-0.6034970774784664,6716234,NC
-0.5834994205210355,6716235,NC
-0.5985018317497734,6716236,NC
-0.5935043111622077,6716237,NC
-0.623506858755796,6716238,NC
-0.6135094745279266,6716239,NC
-0.6135121584759169,6716240,NC
-0.5935149105970152,6716241,NC
-0.5885177308883995,6716242,NC
-0.5885206193471781,6716243,NC
-0.6135235759703894,6716244,NC
-0.6135266007550016,6716245,NC
-0.5985296936979134,6716246,NC
-0.5885328547959535,6716247,NC
-0.5735360840458806,6716248,NC
-0.5835393814443837,6716249,NC
-0.6085427469880818,6716250,NC
-0.6085461806735237,6716251,NC
-0.6035496824971892,6716252,NC
-0.5985532524554875,6716253,NC
-0.608556890544758,6716254,NC
-0.6035605967612707,6716255,NC
-0.6085643711012252,6716256,NC
-0.5885682135607516,6716257,NC
-0.5785721241359101,6716258,NC
-0.5635761028226908,6716259,NC
-0.5685801496170143,6716260,NC
-0.5685842645147312,6716261,NC
-0.5685884475116224,6716262,NC
-0.5535926986033988,6716263,NC
-0.5435970177857015,6716264,NC
-0.4986014050541019,6716265,NC
-0.44860586040410166,6716266,NC
-0.41361038383113224,6716267,NC
-0.3836149753305557,6716268,NC
-0.29361963489766413,6716269,NC
-0.19362436252767992,6716270,NC
-0.1086291582157555,6716271,NC
-0.08363402195697371,6716272,NC
-0.10363895374634752,6716273,NC
-0.15364395357882007,6716274,NC
-0.23364902144926486,6716275,NC
-0.3386541573524856,6716276,NC
-0.4436593612832161,6716277,NC
-0.5436646332361206,6716278,NC
-0.5886699732057935,6716279,NC
-0.5636753811867594,6716280,NC
-0.4836808571734734,6716281,NC
-0.3936864011603206,6716282,NC
-0.26369201314161655,6716283,NC
-0.17369769311160693,6716284,NC
-0.09370344106446794,6716285,NC
-0.07370925699430585,6716286,NC
-0.05871514089515728,6716287,NC
-0.12372109276098926,6716288,L
-0.19372711258569902,6716289,NC
-0.28373320036311417,6716290,NC
-0.38373935608699267,6716291,NC
-0.47874557975102267,6716292,NC
-0.5637518713488228,6716293,NC
-0.583758230873942,6716294,NC
-0.6237646583198595,6716295,NC
-0.6787711536799851,6716296,NC
-0.7437777169476586,6716297,NC
-0.8037843481161504,6716298,NC
-0.8337910471786614,6716299,NC
-0.8187978141283226,6716300,NC
-0.8088046489581956,6716301,NC
-0.7688115516612722,6716302,NC
-0.743818522230475,6716303,NC
-0.7338255606586566,6716304,NC
-0.7138326669385999,6716305,NC
-0.6838398410630189,6716306,NC
-0.6588470830245574,6716307,NC
-0.6588543928157901,6716308,NC
-0.6388617704292217,6716309,NC
-0.6438692158572876,6716310,NC
-0.6438767290923539,6716311,NC
-0.6338843101267166,6716312,NC
-0.6338919589526028,6716313,NC
-0.6338996755621695,6716314,NC
-0.6439074599475048,6716315,NC
-0.6439153121006268,6716316,NC
-0.6389232320134843,6716317,NC
-0.6339312196779568,6716318,NC
-0.6039392750858542,6716319,NC
-0.6089473982289167,6716320,NC
-0.6239555890988153,6716321,NC
-0.6239638476871516,6716322,NC
-0.6289721739854578,6716323,NC
-0.6139805679851964,6716324,NC
-0.6039890296777606,6716325,NC
-0.6039975590544743,6716326,NC
-0.6090061561065918,6716327,NC
-0.6140148208252983,6716328,NC
-0.6190235532017095,6716329,NC
-0.5940323532268715,6716330,NC
-0.5940412208917614,6716331,NC
-0.5640501561872866,6716332,NC
-0.5640591591042854,6716333,NC
-0.5540682296335268,6716334,NC
-0.5590773677657102,6716335,NC
-0.5440865734914657,6716336,NC
-0.5140958468013546,6716337,NC
-0.4941051876858685,6716338,NC
-0.5141145961354293,6716339,NC
-0.5041240721403906,6716340,NC
-0.499133615691036,6716341,NC
-0.4791432267775801,6716342,NC
-0.44915290539016806,6716343,NC
-0.434162651518876,6716344,NC
-0.4391724651537109,6716345,NC
-0.42418234628461016,6716346,NC
-0.4141922949014424,6716347,NC
-0.3842023109940067,6716348,NC
-0.36921239455203314,6716349,NC
-0.33422254556518255,6716350,NC
-0.3342327640230467,6716351,NC
-0.31924304991514796,6716352,NC
-0.29425340323093985,6716353,NC
-0.2542638239598066,6716354,NC
-0.2342743120910633,6716355,NC
-0.20928486761395615,6716356,NC
-0.21429549051766184,6716357,NC
-0.20930618079128838,6716358,NC
-0.19431693842387443,6716359,NC
-0.17932776340438966,6716360,NC
-0.15433865572173486,6716361,NC
-0.1393496153647415,6716362,NC
-0.12436064232217219,6716363,NC
-0.11937173658272043,6716364,NC
-0.10438289813501082,6716365,NC
-0.08439412696759882,6716366,NC
-0.06940542306897106,6716367,NC
-0.05941678642754504,6716368,NC
-0.05442821703166943,6716369,NC
-0.04943971486962388,6716370,NC
-0.05445127992961908,6716371,NC
-0.0494629121997969,6716372,NC
-0.029474611668230177,6716373,NC
-0.04448637832292289,6716374,NC
-0.07949821215181016,6716375,NC
-0.09451011314275821,6716376,NC
-0.1345220812835644,6716377,NC
-0.14953411656195717,6716378,NC
-0.15954621896559626,6716379,NC
-0.19455838848207246,6716380,NC
-0.2295706250989078,6716381,NC
-0.27458292880355556,6716382,NC
-0.3045952995834001,6716383,NC
-0.3346077374257571,6716384,NC
-0.32462024231787345,6716385,NC
-0.33463281424692737,6716386,NC
-0.3546454532000281,6716387,NC
-0.3646581591642165,6716388,NC
-0.37967093212646447,6716389,NC
-0.3846837720736753,6716390,NC
-0.37969667899268367,6716391,NC
-0.3847096528702553,6716392,NC
-0.4147226936930876,6716393,NC
-0.4197358014478093,6716394,NC
-0.4347489761209803,6716395,NC
-0.4347622176990919,6716396,NC
-0.424775526168567,6716397,NC
-0.42478890151575976,6716398,NC
-0.44480234372695593,6716399,NC
-0.4548158527883724,6716400,NC
-0.4698294286861578,6716401,NC
-0.4548430714063921,6716402,NC
-0.4498567809350867,6716403,NC
-0.4498705572581847,6716404,NC
-0.4498844003615605,6716405,NC
-0.4598983102310202,6716406,NC
-0.4649122868523013,6716407,NC
-0.4649263302110729,6716408,NC
-0.44994044029293573,6716409,NC
-0.444954617083422,6716410,NC
-0.45996886056799563,6716411,NC
-0.4649831707320521,6716412,NC
-0.46999754756091855,6716413,NC
-0.4550119910398537,6716414,NC
-0.42502650115404794,6716415,NC
-0.42504107788862344,6716416,NC
-0.43005572122863395,6716417,NC
-0.45007043115906503,6716418,NC
-0.4600852076648338,6716419,NC
-0.4501000507307893,6716420,NC
-0.4201149603417121,6716421,NC
-0.42012993648231484,6716422,NC
-0.4151449791372417,6716423,NC
-0.4301600882910688,6716424,NC
-0.43517526392830386,6716425,NC
-0.43019050603338677,6716426,NC
-0.415205814590689,6716427,NC
-0.42522118958451394,6716428,NC
-0.4052366309990969,6716429,NC
-0.42525213881860513,6716430,NC
-0.4202677130271377,6716431,NC
-0.4102833536087256,6716432,NC
-0.4052990605473319,6716433,NC
-0.39031483382685145,6716434,NC
-0.39033067343111116,6716435,NC
-0.42034657934387,6716436,NC
-0.42036255154881885,6716437,NC
-0.4103785900295807,6716438,NC
-0.38539469476971056,6716439,NC
-0.38041086575269534,6716440,NC
-0.3854271029619543,6716441,NC
-0.3954434063808387,6716442,NC
-0.3954597759926317,6716443,NC
-0.385476211780549,6716444,NC
-0.3804927137277381,6716445,NC
-0.35550928181727864,6716446,NC
-0.3705259160321828,6716447,NC
-0.38054261635539466,6716448,NC
-0.38055938276979057,6716449,NC
-0.38057621525817914,6716450,NC
-0.3705931138033013,6716451,NC
-0.36561007838783005,6716452,NC
-0.3856271089943709,6716453,NC
-0.3906442056054616,6716454,NC
-0.405661368203572,6716455,NC
-0.40567859677110474,6716456,NC
-0.3856958912903944,6716457,NC
-0.3807132517437082,6716458,NC
-0.37573067811324545,6716459,NC
-0.3957481703811383,6716460,NC
-0.395765728529451,6716461,NC
-0.38578335254018037,6716462,NC
-0.3758010423952557,6716463,NC
-0.37081879807653867,6716464,NC
-0.36583661956582364,6716465,NC
-0.38085450684483746,6716466,NC
-0.40087245989523923,6716467,NC
-0.40589047869862105,6716468,NC
-0.36590856323650733,6716469,NC
-0.37092671349035516,6716470,NC
-0.3709449294415542,6716471,NC
-0.38096321107142683,6716472,NC
-0.37598155836122793,6716473,NC
-0.3609999712921453,6716474,NC
-0.34601844984529917,6716475,NC
-0.3310369940017428,6716476,NC
-0.3360556037424618,6716477,NC
-0.3360742790483747,6716478,NC
-0.336093019900333,6716479,NC
-0.34611182627912074,6716480,NC
-0.3211306981654549,6716481,NC
-0.3111496355399852,6716482,NC
-0.3111686383832942,6716483,NC
-0.3261877066758976,6716484,NC
-0.32120684039824354,6716485,NC
-0.29622603953071347,6716486,NC
-0.2762453040536216,6716487,NC
-0.26626463394721506,6716488,NC
-0.271284029191674,6716489,NC
-0.2813034897671116,6716490,NC
-0.28132301565357404,6716491,NC
-0.2913426068310404,6716492,NC
-0.27636226327942315,6716493,NC
-0.2663819849785673,6716494,NC
-0.2814017719082515,6716495,NC
-0.29642162404818717,6716496,NC
-0.3114415413780191,6716497,NC
-0.29646152387732494,6716498,NC
-0.2864815715256159,6716499,NC
-0.3015016843023359,6716500,NC
-0.2965218621868627,6716501,NC
-0.3215421051585068,6716502,NC
-0.3265624131965121,6716503,NC
-0.3215827862800558,6716504,NC
-0.3066032243882485,6716505,NC
-0.306623727500134,6716506,NC
-0.31164429559468954,6716507,NC
-0.34166492865082565,6716508,NC
-0.3366856266473863,6716509,NC
-0.32670638956314885,6716510,NC
-0.3267272173768241,6716511,NC
-0.32174811006705634,6716512,NC
-0.3517690676124233,6716513,NC
-0.36179008999143625,6716514,NC
-0.38181117718253993,6716515,NC
-0.3568323291641126,6716516,NC
-0.3368535459144663,6716517,NC
-0.3168748274118463,6716518,NC
-0.3168961736344318,6716519,NC
-0.33691758456033555,6716520,NC
-0.3369390601676038,6716521,NC
-0.34196060043421667,6716522,NC
-0.31698220533808785,6716523,NC
-0.30700387485706493,6716524,NC
-0.31702560896892906,6716525,NC
-0.3170474076513953,6716526,NC
-0.31206927088211234,6716527,NC
-0.3220911986386628,6716528,NC
-0.29211319089856314,6716529,NC
-0.28213524763926373,6716530,NC
-0.2971573688381487,6716531,NC
-0.30217955447253614,6716532,NC
-0.30720180451967805,6716533,NC
-0.2872241189567605,6716534,NC
-0.26724649776090337,6716535,NC
-0.26726894090916065,6716536,NC
-0.27729144837852027,6716537,NC
-0.2973140201459043,6716538,NC
-0.29733665618816885,6716539,NC
-0.2873593564821042,6716540,NC
-0.2623821210044346,6716541,NC
-0.2674049497318185,6716542,NC
-0.2674278426408485,6716543,NC
-0.2774507997080516,6716544,NC
-0.2874738209098886,6716545,NC
-0.2874969062227549,6716546,NC
-0.24752005562298013,6716547,NC
-0.23254326908682793,6716548,NC
-0.24756654659049662,6716549,NC
-0.25258988811011857,6716550,NC
-0.2626132936217607,6716551,NC
-0.24263676310142418,6716552,NC
-0.2026602965250447,6716553,NC
-0.20268389386849228,6716554,NC
-0.18270755510757142,6716555,NC
-0.1677312802180213,6716556,NC
-0.14775506917551526,6716557,NC
-0.10277892195566155,6716558,NC
-0.052802838534002625,6716559,NC
0.022173181113984197,6716560,NC
0.08714913701288717,6716561,NC
0.13212502918735974,6716562,NC
0.18210085766212086,6716563,NC
0.23207662246195482,6716564,NC
0.2970523236117109,6716565,NC
0.287027961136304,6716566,NC
0.26700353506071417,6716567,NC
0.20697904540998646,6716568,NC
0.13195449220923133,6716569,NC
0.0619298754836243,6716570,NC
0.011905195258406123,6716571,NC
0.026880451558882502,6716572,NC
0.04685564441042442,6716573,NC
0.1018307738384677,6716574,NC
0.1918058398685134,6716575,NC
0.2967808425261274,6716576,NC
0.39675578183694077,6716577,NC
0.4717306578266493,6716578,NC
0.5167054705210139,6716579,NC
0.5216802199458602,6716580,NC
0.46165490612707893,6716581,L
0.37662952909062547,6716582,NC
0.31160408886252006,6716583,NC
0.25157858546884776,6716584,NC
0.18655301893575849,6716585,NC
0.10652738928946674,6716586,NC
0.036501696556251774,6716587,NC
-0.0135240592375424,6716588,NC
-0.06854987806550715,6716589,NC
-0.13857575990116927,6716590,NC
-0.22360170471799076,6716591,NC
-0.30362771248936943,6716592,NC
-0.358653783188638,6716593,NC
-0.3936799167890652,6716594,NC
-0.4137061132638549,6716595,NC
-0.42373237258614666,6716596,NC
-0.4087586947290155,6716597,NC
-0.4137850796654722,6716598,NC
-0.38381152736846297,6716599,NC
-0.3388380378108697,6716600,NC
-0.30886461096551004,6716601,NC
-0.2938912468051373,6716602,NC
-0.26391794530244056,6716603,NC
-0.27894470643004443,6716604,NC
-0.2839715301605096,6716605,NC
-0.2889984164663324,6716606,NC
-0.27902536531994504,6716607,NC
-0.26905237669371557,6716608,NC
-0.27907945055994804,6716609,NC
-0.28910658689088214,6716610,NC
-0.289133785658694,6716611,NC
-0.26916104683549524,6716612,NC
-0.2691883703933338,6716613,NC
-0.26421575630419347,6716614,NC
-0.2642432045399943,6716615,NC
-0.26927071507259215,6716616,NC
-0.27929828787377936,6716617,NC
-0.27932592291528413,6716618,NC
-0.26435362016877095,6716619,NC
-0.27938137960584064,6716620,NC
-0.28440920119803,6716621,NC
-0.28943708491681236,6716622,NC
-0.28446503073359714,6716623,NC
-0.2744930386197303,6716624,NC
-0.24952110854649384,6716625,NC
-0.2545492404851066,6716626,NC
-0.23957743440672338,6716627,NC
-0.2746056902824357,6716628,NC
-0.25463400808327147,6716629,NC
-0.24966238778019514,6716630,NC
-0.23969082934410768,6716631,NC
-0.22971933274584655,6716632,NC
-0.244747897956186,6716633,NC
-0.23477652494583662,6716634,NC
-0.23480521368544596,6716635,NC
-0.22983396414559798,6716636,NC
-0.20986277629681363,6716637,NC
-0.1898916501095503,6716638,NC
-0.1999205855542024,6716639,NC
-0.20994958260110108,6716640,NC
-0.20997864122051418,6716641,NC
-0.18000776138264668,6716642,NC
-0.17503694305764017,6716643,NC
-0.1600661862155735,6716644,NC
-0.16509549082646216,6716645,NC
-0.1651248568602587,6716646,NC
-0.17015428428685284,6716647,NC
-0.14018377307607124,6716648,NC
-0.12521332319767767,6716649,NC
-0.11024293462137294,6716650,NC
-0.10527260731679515,6716651,NC
-0.11030234125351945,6716652,NC
-0.10033213640105818,6716653,NC
-0.0703619927288611,6716654,NC
-0.055391910206314975,6716655,NC
-0.05042188880274414,6716656,NC
-0.04045192848741003,6716657,NC
-0.04048202922951162,6716658,NC
-0.035512190998185124,6716659,NC
-0.025542413762504365,6716660,NC
0.009427302508519586,6716661,NC
0.02439695784593794,6716662,NC
0.029366552280864586,6716663,NC
0.019336085844475798,6716664,NC
0.03430555856801017,6716665,NC
0.04927497048276884,6716666,NC
0.0792443216201151,6716667,NC
0.0842136120114748,6716668,NC
0.1041828416883358,6716669,NC
0.09415201068224846,6716670,NC
0.11412111902482526,6716671,NC
0.1190901667477408,6716672,NC
0.16405915388273198,6716673,NC
0.1940280804615977,6716674,NC
0.18899694651619903,6716675,NC
0.183965752078459,6716676,NC
0.18893449718036281,6716677,NC
0.18390318185395751,6716678,NC
0.1888718061313523,6716679,NC
0.17884037004471798,6716680,NC
0.1538088736262876,6716681,NC
0.13877731690835593,6716682,NC
0.10374569992327942,6716683,NC
0.09371402270347656,6716684,NC
0.08368228528142753,6716685,NC
0.08365048768967412,6716686,NC
0.053618629960819855,6716687,NC
0.01858671212753002,6716688,NC
-0.0014452657774684796,6716689,NC
-0.006477303721387308,6716690,NC
-0.016509401671376336,6716691,NC
-0.03154155959452414,6716692,NC
-0.06157377745785759,6716693,NC
-0.09160605522834231,6716694,NC
-0.1166383928728823,6716695,NC
-0.11167079035832025,6716696,NC
-0.12170324765143753,6716697,NC
-0.11173576471895413,6716698,NC
-0.13676834152752884,6716699,NC
-0.15180097804375897,6716700,NC
-0.166833674234181,6716701,NC
-0.16686643006526974,6716702,NC
-0.16689924550343932,6716703,NC
-0.17193212051504234,6716704,NC
-0.1769650550663706,6716705,NC
-0.19199804912365484,6716706,NC
-0.20203110265306454,6716707,NC
-0.19206421562070847,6716708,NC
-0.15709738799263423,6716709,NC
-0.1621306197348288,6716710,NC
-0.172163910813218,6716711,NC
-0.18719726119366695,6716712,NC
-0.19723067084197995,6716713,NC
-0.18226413972390046,6716714,NC
-0.16229766780511137,6716715,NC
-0.17233125505123464,6716716,NC
-0.1773649014278318,6716717,NC
-0.2023986069004035,6716718,NC
-0.19243237143439013,6716719,NC
-0.18746619499517114,6716720,NC
-0.18250007754806577,6716721,NC
-0.15253401905833255,6716722,NC
-0.15756801949116978,6716723,NC
-0.1776020788117151,6716724,NC
-0.1826361969850459,6716725,NC
-0.18267037397617933,6716726,NC
-0.162704609750072,6716727,NC
-0.16773890427162036,6716728,NC
-0.17277325750566064,6716729,NC
-0.19780766941696892,6716730,NC
-0.177842139970261,6716731,NC
-0.1678766691301926,6716732,NC
-0.15291125686135937,6716733,NC
-0.1529459031282968,6716734,NC
-0.16298060789548063,6716735,NC
-0.1530153711273262,6716736,NC
-0.15805019278818933,6716737,NC
-0.14808507284236566,6716738,NC
-0.12812001125409098,6716739,NC
-0.1381550079875414,6716740,NC
-0.15819006300683297,6716741,NC
-0.18322517627602233,6716742,NC
-0.20826034775910604,6716743,NC
-0.1932955774200212,6716744,NC
-0.1883308652226452,6716745,NC
-0.17836621113079568,6716746,NC
-0.1984016151082309,6716747,NC
-0.2034370771186496,6716748,NC
-0.20347259712569077,6716749,NC
-0.18350817509293407,6716750,NC
-0.17854381098389985,6716751,NC
-0.18357950476204885,6716752,NC
-0.18861525639078264,6716753,NC
-0.19865106583344336,6716754,NC
-0.20368693305331392,6716755,NC
-0.193722858013618,6716756,NC
-0.19875884067751992,6716757,NC
-0.17879488100812513,6716758,NC
-0.18383097896847966,6716759,NC
-0.19386713452157067,6716760,NC
-0.2089033476303261,6716761,NC
-0.18893961825761504,6716762,NC
-0.18397594636624742,6716763,NC
-0.19401233191897432,6716764,NC
-0.204048774878488,6716765,NC
-0.2290852752074217,6716766,NC
-0.22912183286835003,6716767,NC
-0.23415844782378853,6716768,NC
-0.2041951200361944,6716769,NC
-0.2192318494679657,6716770,NC
-0.22426863608144204,6716771,NC
-0.21930547983890447,6716772,NC
-0.2343423807025752,6716773,NC
-0.20937933863461827,6716774,NC
-0.19941635359713877,6716775,NC
-0.20445342555218365,6716776,NC
-0.2094905544617412,6716777,NC
-0.22452774028774147,6716778,NC
-0.22456498299205602,6716779,NC
-0.20960228253649826,6716780,NC
-0.19963963888282313,6716781,NC
-0.2096770519927274,6716782,NC
-0.20971452182784972,6716783,NC
-0.2297520483497704,6716784,NC
-0.2247896315200119,6716785,NC
-0.20482727130003825,6716786,NC
-0.17986496765125576,6716787,NC
-0.16490272053501256,6716788,NC
-0.16494052991259872,6716789,NC
-0.1699783957452467,6716790,NC
-0.18001631799413068,6716791,NC
-0.1650542966203674,6716792,NC
-0.1650923315850154,6716793,NC
-0.17013042284907584,6716794,NC
-0.17516857037349176,6716795,NC
-0.18020677411914887,6716796,NC
-0.19524503404687493,6716797,NC
-0.17528335011744042,6716798,NC
-0.16532172229155795,6716799,NC
-0.15036015052988266,6716800,NC
-0.16539863479301242,6716801,NC
-0.17043717504148748,6716802,NC
-0.1754757712357906,6716803,NC
-0.16551442333634736,6716804,NC
-0.155553131303526,6716805,NC
-0.15559189509763738,6716806,NC
-0.16563071467893511,6716807,NC
-0.18066959000761565,6716808,NC
-0.19570852104381847,6716809,NC
-0.19074750774762556,6716810,NC
-0.20078655007906204,6716811,NC
-0.2008256479980961,6716812,NC
-0.22586480146463872,6716813,NC
-0.2359040104385439,6716814,NC
-0.24594327487960904,6716815,NC
-0.2359825947475743,6716816,NC
-0.22602197000212337,6716817,NC
-0.23606140060288267,6716818,NC
-0.2411008865094224,6716819,NC
-0.26114042768125567,6716820,NC
-0.2761800240778392,6716821,NC
-0.25621967565857273,6716822,NC
-0.24125938238279981,6716823,NC
-0.24629914420980722,6716824,NC
-0.2663389610988252,6716825,NC
-0.27637883300902777,6716826,NC
-0.29641875989953226,6716827,NC
-0.2914587417293999,6716828,NC
-0.27649877845763526,6716829,NC
-0.271538870043187,6716830,NC
-0.2665790164449472,6716831,NC
-0.2816192176217518,6716832,NC
-0.29665947353238076,6716833,NC
-0.28169978413555785,6716834,NC
-0.2767401493899506,6716835,NC
-0.27678056925417066,6716836,NC
-0.2868210436867737,6716837,NC
-0.30686157264625924,6716838,NC
-0.3069021560910712,6716839,NC
-0.2819427939795974,6716840,NC
-0.2719834862701699,6716841,NC
-0.28202423292106493,6716842,NC
-0.30206503389050304,6716843,NC
-0.30710588913664927,6716844,NC
-0.3121467986176126,6716845,NC
-0.2971877622914466,6716846,NC
-0.28722878011614944,6716847,NC
-0.2872698520496636,6716848,NC
-0.302310978049876,6716849,NC
-0.32235215807461826,6716850,NC
-0.3273933920816666,6716851,NC
-0.32743468002874176,6716852,NC
-0.31747602187350943,6716853,NC
-0.3025174175735797,6716854,NC
-0.3025588670865078,6716855,NC
-0.3076003703697935,6716856,NC
-0.30764192738088136,6716857,NC
-0.30268353807716125,6716858,NC
-0.2827252024159678,6716859,NC
-0.2877669203545805,6716860,NC
-0.28280869185022395,6716861,NC
-0.3028505168600679,6716862,NC
-0.30289239534122736,6716863,NC
-0.2829343272507621,6716864,NC
-0.25297631254567743,6716865,NC
-0.20801835118292406,6716866,NC
-0.19306044311939757,6716867,NC
-0.18810258831193918,6716868,NC
-0.14814478671733555,6716869,NC
-0.08818703829231847,6716870,NC
-0.003229342993565601,6716871,NC
0.09672829922230018,6716872,NC
0.20168588839871016,6716873,NC
0.28664342457915026,6716874,NC
0.3316009078071607,6716875,NC
0.3615583381263357,6716876,NC
0.3565157155803242,6716877,NC
0.3314730402128289,6716878,NC
0.276430312067607,6716879,NC
0.20638753118846953,6716880,NC
0.21134469761928185,6716881,NC
0.25130181140396324,6716882,NC
0.30625887258648693,6716883,NC
0.41121588121088004,6716884,NC
0.5111728373212236,6716885,NC
0.606129740961653,6716886,NC
0.7060865921763562,6716887,NC
0.7860433910095761,6716888,NC
0.8160001375056091,6716889,NC
0.8159568317088046,6716890,L
0.7009134736635664,6716891,NC
0.5758700634143513,6716892,NC
0.4858266010056701,6716893,NC
0.4257830864820867,6716894,NC
0.37573951988821863,6716895,NC
0.3006959012687367,6716896,NC
0.20565223066836522,6716897,NC
0.09560850813188163,6716898,NC
-0.014435266295883258,6716899,NC
-0.12947909257004536,6716900,NC
-0.2395229706456677,6716901,NC
-0.31456690047776,6716902,NC
-0.3996108820212789,6716903,NC
-0.469654915231128,6716904,NC
-0.48969900006215816,6716905,NC
-0.489743136469167,6716906,NC
-0.4597873244068993,6716907,NC
-0.43983156383004723,6716908,NC
-0.43487585469324996,6716909,NC
-0.4299201969510941,6716910,NC
-0.4349645905581133,6716911,NC
-0.4100090354687889,6716912,NC
-0.4000535316375492,6716913,NC
-0.4050980790187704,6716914,NC
-0.4101426775667758,6716915,NC
-0.4351873272358366,6716916,NC
-0.43023202798017124,6716917,NC
-0.41027677975394605,6716918,NC
-0.40532158251127487,6716919,NC
-0.39536643620621936,6716920,NC
-0.41041134079278885,6716921,NC
-0.4104562962249406,6716922,NC
-0.4155013024565798,6716923,NC
-0.4305463594415593,6716924,NC
-0.4005914671336801,6716925,NC
-0.37563662548669113,6716926,NC
-0.38068183445428955,6716927,NC
-0.3957270939901204,6716928,NC
-0.40577240404777687,6716929,NC
-0.40081776458080054,6716930,NC
-0.395863175542681,6716931,NC
-0.3809086368868564,6716932,NC
-0.38595414856671295,6716933,NC
-0.40599971053558553,6716934,NC
-0.41604532274675726,6716935,NC
-0.4010909851534597,6716936,NC
-0.37613669770887315,6716937,NC
-0.36118246036612633,6716938,NC
-0.3662282730782967,6716939,NC
-0.38127413579841024,6716940,NC
-0.37632004847944184,6716941,NC
-0.37136601107431505,6716942,NC
-0.3514120235359022,6716943,NC
-0.32145808581702445,6716944,NC
-0.3215041978704523,6716945,NC
-0.33655035964890473,6716946,NC
-0.34659657110504977,6716947,NC
-0.3466428321915048,6716948,NC
-0.3516891428608362,6716949,NC
-0.3267355030655592,6716950,NC
-0.3217819127581388,6716951,NC
-0.33682837189098874,6716952,NC
-0.3268748804164725,6716953,NC
-0.32692143828690245,6716954,NC
-0.2819680454545409,6716955,NC
-0.2820147018715991,6716956,NC
-0.2670614074902382,6716957,NC
-0.2671081622625686,6716958,NC
-0.26715496614065054,6716959,NC
-0.24720181907649377,6716960,NC
-0.2172487210220577,6716961,NC
-0.20229567192925169,6716962,NC
-0.20234267174993467,6716963,NC
-0.22238972043591554,6716964,NC
-0.202436817938953,6716965,NC
-0.19748396421075595,6716966,NC
-0.157531159202983,6716967,NC
-0.14757840286724286,6716968,NC
-0.13762569515509449,6716969,NC
-0.1326730360180467,6716970,NC
-0.12272042540755895,6716971,NC
-0.1177678632750404,6716972,NC
-0.09281534957185097,6716973,NC
-0.08286288424930068,6716974,NC
-0.06291046725864988,6716975,NC
-0.05295809855110956,6716976,NC
-0.04300577807784121,6716977,NC
-0.03305350578995668,6716978,NC
0.006898718361481572,6716979,NC
0.016850894425460214,6716980,NC
0.03180302245101545,6716981,NC
0.03175510248723274,6716982,NC
0.036707134583246606,6716983,NC
0.0266591187882407,6716984,NC
0.046611055151447964,6716985,NC
0.036562943722150375,6716986,NC
0.006514784549678687,6716987,NC
-0.023533422316587074,6716988,NC
-0.03358167682721831,6716989,NC
-0.03862997893273725,6716990,NC
-0.03867832858361762,6716991,NC
-0.06872672573028418,6716992,NC
-0.09877517032311295,6716993,NC
-0.13382366231243165,6716994,NC
-0.16387220164851893,6716995,NC
-0.16892078828160534,6716996,NC
-0.1789694221618725,6716997,NC
-0.194018103239454,6716998,NC
-0.20406683146443483,6716999,NC
-0.23911560678685145,6717000,NC
-0.2591644291566924,6717001,NC
-0.25421329852389785,6717002,NC
-0.2542622148383597,6717003,NC
-0.2643111780499216,6717004,NC
-0.26936018810837953,6717005,NC
-0.299409244963481,6717006,NC
-0.30445834856492565,6717007,NC
-0.2995074988623654,6717008,NC
-0.2945566958054042,6717009,NC
-0.29460593934359797,6717010,NC
-0.30965522942645485,6717011,NC
-0.3197045660034358,6717012,NC
-0.3447539490239534,6717013,NC
-0.339803378437373,6717014,NC
-0.3198528541930123,6717015,NC
-0.32490237624014157,6717016,NC
-0.33495194452798344,6717017,NC
-0.3600015590057132,6717018,NC
-0.3650512196224587,6717019,NC
-0.3551009263273009,6717020,NC
-0.34015067906927293,6717021,NC
-0.33520047779736095,6717022,NC
-0.3352503224605041,6717023,NC
-0.3553002130075943,6717024,NC
-0.37035014938747624,6717025,NC
-0.3504001315489481,6717026,NC
-0.3354501594407605,6717027,NC
-0.3355002330116178,6717028,NC
-0.340550352210177,6717029,NC
-0.3706005169850486,6717030,NC
-0.35565072728479635,6717031,NC
-0.35070098305793723,6717032,NC
-0.33575128425294154,6717033,NC
-0.3358016308182333,6717034,NC
-0.34085202270218967,6717035,NC
-0.3609024598531415,6717036,NC
-0.3709529422193732,6717037,NC
-0.35600346974912295,6717038,NC
-0.3410540423905823,6717039,NC
-0.3361046600918968,6717040,NC
-0.3311553228011659,6717041,NC
-0.3612060304664427,6717042,NC
-0.36625678303573395,6717043,NC
-0.361307580457001,6717044,NC
-0.3613584226781588,6717045,NC
-0.3464093096470764,6717046,NC
-0.3464602413115769,6717047,NC
-0.3565112176194378,6717048,NC
-0.37156223851839065,6717049,NC
-0.35161330395612134,6717050,NC
-0.36166441388027,6717051,NC
-0.34171556823843136,6717052,NC
-0.3567667669781544,6717053,NC
-0.3718180100469425,6717054,NC
-0.37686929739225394,6717055,NC
-0.3769206289615013,6717056,NC
-0.371972004702052,6717057,NC
-0.3670234245612279,6717058,NC
-0.35707488848630603,6717059,NC
-0.36712639642451783,6717060,NC
-0.3771779483230498,6717061,NC
-0.3672295441290434,6717062,NC
-0.35728118378959517,6717063,NC
-0.3673328672517563,6717064,NC
-0.36738459446253335,6717065,NC
-0.3774363653688882,6717066,NC
-0.3924881799177375,6717067,NC
-0.3625400380559533,6717068,NC
-0.35759193973036324,6717069,NC
-0.35764388488774984,6717070,NC
-0.3676958734748515,6717071,NC
-0.3877479054383618,6717072,NC
-0.38279998072492993,6717073,NC
-0.36285209928116063,6717074,NC
-0.35790426105361434,6717075,NC
-0.34795646598880703,6717076,NC
-0.3580087140332107,6717077,NC
-0.3680610051332529,6717078,NC
-0.388113339235317,6717079,NC
-0.3781657162857426,6717080,NC
-0.35321813623082493,6717081,NC
-0.35827059901681524,6717082,NC
-0.3533231045899211,6717083,NC
-0.36837565289630614,6717084,NC
-0.36842824388209006,6717085,NC
-0.3634808774933488,6717086,NC
-0.3485335536761147,6717087,NC
-0.3535862723763763,6717088,NC
-0.3586390335400788,6717089,NC
-0.36369183711312353,6717090,NC
-0.3787446830413686,6717091,NC
-0.3687975712706286,6717092,NC
-0.33885050174667475,6717093,NC
-0.3339034744152348,6717094,NC
-0.33895648922199373,6717095,NC
-0.33400954611259265,6717096,NC
-0.33406264503262983,6717097,NC
-0.31911578592766066,6717098,NC
-0.3091689687431972,6717099,NC
-0.2892221934247085,6717100,NC
-0.2992754599176209,6717101,NC
-0.30432876816731774,6717102,NC
-0.3043821181191396,6717103,NC
-0.2894355097183842,6717104,NC
-0.2744889429103068,6717105,NC
-0.2645424176401195,6717106,NC
-0.25959593385299246,6717107,NC
-0.2646494914940528,6717108,NC
-0.28470309050838555,6717109,NC
-0.25475673084103295,6717110,NC
-0.24981041243699506,6717111,NC
-0.25486413524122975,6717112,NC
-0.26491789919865233,6717113,NC
-0.2999717042541362,6717114,NC
-0.2900255503525125,6717115,NC
-0.2950794374385703,6717116,NC
-0.27013336545705646,6717117,NC
-0.2901873343526764,6717118,NC
-0.29524134407009295,6717119,NC
-0.30529539455392757,6717120,NC
-0.32534948574875977,6717121,NC
-0.33040361759912723,6717122,NC
-0.31545779004952607,6717123,NC
-0.31551200304441074,6717124,NC
-0.320566256528194,6717125,NC
-0.3356205504452473,6717126,NC
-0.3406748847399006,6717127,NC
-0.3357292593564423,6717128,NC
-0.33078367423911953,6717129,NC
-0.32583812933213824,6717130,NC
-0.34089262457966296,6717131,NC
-0.35094715992581726,6717132,NC
-0.3560017353146834,6717133,NC
-0.3560563506903028,6717134,NC
-0.35111100599667555,6717135,NC
-0.34616570117776113,6717136,NC
-0.3462204361774779,6717137,NC
-0.37127521093970367,6717138,NC
-0.3763300254082752,6717139,NC
-0.3663848795269886,6717140,NC
-0.3664397732395995,6717141,NC
-0.36649470648982263,6717142,NC
-0.3815496792213323,6717143,NC
-0.39160469137776255,6717144,NC
-0.3966597429027069,6717145,NC
-0.3917148337397183,6717146,NC
-0.3717699638323094,6717147,NC
-0.36682513312395315,6717148,NC
-0.3868803415580813,6717149,NC
-0.39693558907808657,6717150,NC
-0.3919908756273207,6717151,NC
-0.3820462011490961,6717152,NC
-0.37710156558668473,6717153,NC
-0.3771569688833188,6717154,NC
-0.3822124109821909,6717155,NC
-0.3872678918264534,6717156,NC
-0.3973234113592194,6717157,NC
-0.39237896952356194,6717158,NC
-0.38243456626251476,6717159,NC
-0.37749020151907187,6717160,NC
-0.3825458752361877,6717161,NC
-0.3926015873567775,6717162,NC
-0.4076573378237171,6717163,NC
-0.3777131265798428,6717164,NC
-0.3727689535679517,6717165,NC
-0.362824818730802,6717166,NC
-0.3578807220111124,6717167,NC
-0.3879366633515624,6717168,NC
-0.382992642694793,6717169,NC
-0.398048659983406,6717170,NC
-0.3831047151599641,6717171,NC
-0.3731608081669912,6717172,NC
-0.3732169389469728,6717173,NC
-0.37827310744235504,6717174,NC
-0.35332931359554604,6717175,NC
-0.3383855573489147,6717176,NC
-0.3084418386447918,6717177,NC
-0.27349815742546957,6717178,NC
-0.2535545136332015,6717179,NC
-0.19861090721020305,6717180,NC
-0.14866733809865132,6717181,NC
-0.04872380624068498,6717182,NC
0.06621968842159554,6717183,NC
0.15116314594612756,6717184,NC
0.21110656639088687,6717185,NC
0.22604994981388726,6717186,NC
0.22099329627318015,6717187,NC
0.1909366058268553,6717188,NC
0.15587987853303983,6717189,NC
0.09582311444989915,6717190,NC
0.07576631363563593,6717191,NC
0.07070947614849091,6717192,NC
0.11565260204674203,6717193,NC
0.1755956913887052,6717194,NC
0.28553874423273334,6717195,NC
0.40048176063721724,6717196,NC
0.500424740660585,6717197,NC
0.5803676843613014,6717198,NC
0.6453105917978692,6717199,NC
0.6802534630288284,6717200,NC
0.6501962981127554,6717201,L
0.5701390971082642,6717202,NC
0.44508186007400546,6717203,NC
0.35002458706866746,6717204,NC
0.26996727815097454,6717205,NC
0.19990993337968854,6717206,NC
0.12985255281360736,6717207,NC
0.03479513651156633,6717208,NC
-0.08026231546756318,6717209,NC
-0.20531980306487282,6717210,NC
-0.3353773262214178,6717211,NC
-0.43543488487821697,6717212,NC
-0.4904924789762529,6717213,NC
-0.5555501084564715,6717214,NC
-0.6156077732597824,6717215,NC
-0.6406654733270596,6717216,NC
-0.6407232085991401,6717217,NC
-0.6407809790168254,6717218,NC
-0.6008387845208806,6717219,NC
-0.5558966250520353,6717220,NC
-0.5459545005509827,6717221,NC
-0.5460124109583803,6717222,NC
-0.5510703562148499,6717223,NC
-0.5361283362609776,6717224,NC
-0.5211863510373136,6717225,NC
-0.5112444004843726,6717226,NC
-0.521302484542634,6717227,NC
-0.5313606031525411,6717228,NC
-0.5414187562545024,6717229,NC
-0.5364769437888909,6717230,NC
-0.506535165696044,6717231,NC
-0.5065934219162642,6717232,NC
-0.5066517123898183,6717233,NC
-0.5217100370569389,6717234,NC
-0.5267683958578225,6717235,NC
-0.5118267887326313,6717236,NC
-0.49688521562149224,6717237,NC
-0.48194367646449765,6717238,NC
-0.4970021712017048,6717239,NC
-0.49206069977313616,6717240,NC
-0.5021192621187798,6717241,NC
-0.49717785817858895,6717242,NC
-0.4872364878924822,6717243,NC
-0.4722951512003438,6717244,NC
-0.46735384804202373,6717245,NC
-0.4824125783573372,6717246,NC
-0.49247134208606513,6717247,NC
-0.4675301391679545,6717248,NC
-0.45258896954271766,6717249,NC
-0.4426478331500334,6717250,NC
-0.4427067299295458,6717251,NC
-0.44776565982086547,6717252,NC
-0.45282462276356866,6717253,NC
-0.43788361869719783,6717254,NC
-0.41794264756126187,6717255,NC
-0.41300170929523566,6717256,NC
-0.40306080383856036,6717257,NC
-0.41811993113064355,6717258,NC
-0.4181790911108593,6717259,NC
-0.40823828371854815,6717260,NC
-0.38829750889301695,6717261,NC
-0.37835676657353945,6717262,NC
-0.3784160566993561,6717263,NC
-0.37847537920967383,6717264,NC
-0.37353473404366644,6717265,NC
-0.3635941211404747,6717266,NC
-0.328653540439206,6717267,NC
-0.32871299187893543,6717268,NC
-0.32377247539870413,6717269,NC
-0.31883199093752124,6717270,NC
-0.3088915384343625,6717271,NC
-0.28895111782817096,6717272,NC
-0.2740107290578573,6717273,NC
-0.2440703720622991,6717274,NC
-0.24413004678034178,6717275,NC
-0.24418975315079786,6717276,NC
-0.2392494911124478,6717277,NC
-0.20930926060403934,6717278,NC
-0.19936906156428796,6717279,NC
-0.17942889393187694,6717280,NC
-0.16948875764545757,6717281,NC
-0.16454865264364857,6717282,NC
-0.1696085788650367,6717283,NC
-0.144668536248177,6717284,NC
-0.11472852473159224,6717285,NC
-0.10978854425377335,6717286,NC
-0.09984859475317953,6717287,NC
-0.10490867616823835,6717288,NC
-0.08996878843734532,6717289,NC
-0.08502893149886451,6717290,NC
-0.05008910529112855,6717291,NC
-0.02514930975243823,6717292,NC
-0.0252095448210633,6717293,NC
-0.020269810435241713,6717294,NC
-0.0203301065331805,6717295,NC
-0.005390433053055137,6717296,NC
0.0245492100669901,6717297,NC
0.02448882288884184,6717298,NC
0.0194284054744178,6717299,NC
-0.005632042114333113,6717300,NC
-0.03569251981543102,6717301,NC
-0.04075302756686554,6717302,NC
-0.05581356530659508,6717303,NC
-0.06587413297254738,6717304,NC
-0.09093473050261974,6717305,NC
-0.12599535783467852,6717306,NC
-0.14105601490655983,6717307,NC
-0.1611167016560689,6717308,NC
-0.17117741802098102,6717309,NC
-0.17623816393904057,6717310,NC
-0.20129893934796217,6717311,NC
-0.2363597441854297,6717312,NC
-0.24642057838909737,6717313,NC
-0.25148144189658883,6717314,NC
-0.23654233464549773,6717315,NC
-0.2616032565733882,6717316,NC
-0.276664207617794,6717317,NC
-0.2817251877162189,6717318,NC
-0.2917861968061375,6717319,NC
-0.2818472348249942,6717320,NC
-0.27690830171020386,6717321,NC
-0.26696939739915154,6717322,NC
-0.2820305218291933,6717323,NC
-0.2920916749376551,6717324,NC
-0.292152856661834,6717325,NC
-0.3122140669389973,6717326,NC
-0.27727530570638337,6717327,NC
-0.2723365729012012,6717328,NC
-0.2873978684606306,6717329,NC
-0.2924591923218223,6717330,NC
-0.3275205444218983,6717331,NC
-0.3025819246979513,6717332,NC
-0.28764333308704504,6717333,NC
-0.28270476952621487,6717334,NC
-0.292766233952467,6717335,NC
-0.31282772630277894,6717336,NC
-0.3128892465140999,6717337,NC
-0.29795079452335027,6717338,NC
-0.298012370267422,6717339,NC
-0.2930739736831784,6717340,NC
-0.29813560470745476,6717341,NC
-0.328197263277058,6717342,NC
-0.3182589493287665,6717343,NC
-0.3333206627993307,6717344,NC
-0.29338240362547297,6717345,NC
-0.2884441717438875,6717346,NC
-0.29850596709124033,6717347,NC
-0.3085677896041701,6717348,NC
-0.323629639219287,6717349,NC
-0.32369151587317396,6717350,NC
-0.3087534195023858,6717351,NC
-0.2888153500434499,6717352,NC
-0.29387730743286583,6717353,NC
-0.31893929160710593,6717354,NC
-0.3140013025026148,6717355,NC
-0.32406334005580983,6717356,NC
-0.29412540420308103,6717357,NC
-0.29918749488079094,6717358,NC
-0.2992496120252753,6717359,NC
-0.31431175557284236,6717360,NC
-0.3193739254597732,6717361,NC
-0.3194361216223225,6717362,NC
-0.30449834399671755,6717363,NC
-0.3045605925191587,6717364,NC
-0.3046228671258195,6717365,NC
-0.33968516775284713,6717366,NC
-0.3297474943363616,6717367,NC
-0.3098098468124568,6717368,NC
-0.3198722251171995,6717369,NC
-0.3099346291866306,6717370,NC
-0.3199970589567641,6717371,NC
-0.3350595143635877,6717372,NC
-0.3251219953430632,6717373,NC
-0.3301845018311258,6717374,NC
-0.3202470337636847,6717375,NC
-0.33030959107662283,6717376,NC
-0.32537217370579746,6717377,NC
-0.35543478158703956,6717378,NC
-0.3504974146561542,6717379,NC
-0.32556007284892086,6717380,NC
-0.31562275610109336,6717381,NC
-0.3056854643483994,6717382,NC
-0.31074819752654115,6717383,NC
-0.3058109555711956,6717384,NC
-0.3358737384180137,6717385,NC
-0.33093654600262157,6717386,NC
-0.31599937826061936,6717387,NC
-0.3060622351275824,6717388,NC
-0.31612511653906056,6717389,NC
-0.3361880224305784,6717390,NC
-0.34625095273763573,6717391,NC
-0.33131390739570704,6717392,NC
-0.3163768863402422,6717393,NC
-0.30643988950666556,6717394,NC
-0.31650291683037735,6717395,NC
-0.3315659682467525,6717396,NC
-0.32662904369114143,6717397,NC
-0.33169214309886996,6717398,NC
-0.3167552664052395,6717399,NC
-0.3168184135455265,6717400,NC
-0.3118815844549832,6717401,NC
-0.3169447790688377,6717402,NC
-0.3320079973222935,6717403,NC
-0.31707123915053,6717404,NC
-0.29713450448870216,6717405,NC
-0.2771977932719414,6717406,NC
-0.2722611054353546,6717407,NC
-0.2723244409140247,6717408,NC
-0.2723877996430111,6717409,NC
-0.2674511815573488,6717410,NC
-0.2525145865920498,6717411,NC
-0.25757801468210145,6717412,NC
-0.2476414657624683,6717413,NC
-0.25270493976809083,6717414,NC
-0.26276843663388605,6717415,NC
-0.23783195629474785,6717416,NC
-0.23289549868554651,6717417,NC
-0.207959063741129,6717418,NC
-0.22802265139631894,6717419,NC
-0.24808626158591715,6717420,NC
-0.273149894244701,6717421,NC
-0.25821354930742485,6717422,NC
-0.2682772267088203,6717423,NC
-0.25834092638359585,6717424,NC
-0.2834046482664373,6717425,NC
-0.3084683922920075,6717426,NC
-0.3435321583949469,6717427,NC
-0.3185959465098729,6717428,NC
-0.32365975657138063,6717429,NC
-0.3137235885140427,6717430,NC
-0.3137874422724092,6717431,NC
-0.3288513177810078,6717432,NC
-0.3439152149743439,6717433,NC
-0.34397913378690087,6717434,NC
-0.3340430741531397,6717435,NC
-0.33410703600749914,6717436,NC
-0.3491710192843963,6717437,NC
-0.35923502391822615,6717438,NC
-0.38429904984336166,6717439,NC
-0.3693630969941539,6717440,NC
-0.35942716530493257,6717441,NC
-0.33949125471000513,6717442,NC
-0.34955536514365804,6717443,NC
-0.34961949654015556,6717444,NC
-0.39468364883374096,6717445,NC
-0.3797478219586359,6717446,NC
-0.37481201584904034,6717447,NC
-0.36987623043913354,6717448,NC
-0.3699404656630733,6717449,NC
-0.3900047214549961,6717450,NC
-0.40006899774901744,6717451,NC
-0.40013329447923196,6717452,NC
-0.39519761157971317,6717453,NC
-0.38526194898451355,6717454,NC
-0.38532630662766504,6717455,NC
-0.40039068444317877,6717456,NC
-0.4054550823650452,6717457,NC
-0.39051950032723387,6717458,NC
-0.38558393826369425,6717459,NC
-0.37564839610835504,6717460,NC
-0.3857128737951246,6717461,NC
-0.40577737125789076,6717462,NC
-0.4108418884305215,6717463,NC
-0.40590642524686416,6717464,NC
-0.39597098164074607,6717465,NC
-0.38103555754597473,6717466,NC
-0.3861001528963372,6717467,NC
-0.38616476762560104,6717468,NC
-0.39122940166751347,6717469,NC
-0.3962940549558025,6717470,NC
-0.37635872742417587,6717471,NC
-0.3814234190063219,6717472,NC
-0.37648812963590916,6717473,NC
-0.391552859246587,6717474,NC
-0.39161760777198507,6717475,NC
-0.3966823751457135,6717476,NC
-0.35174716130136346,6717477,NC
-0.3368119661725066,6717478,NC
-0.3318767896926953,6717479,NC
-0.33194163179546304,6717480,NC
-0.3070064924143244,6717481,NC
-0.2770713714827744,6717482,NC
-0.21213626893428958,6717483,NC
-0.13720118470232767,6717484,NC
-0.06226611872032728,6717485,NC
0.012668929078291272,6717486,NC
0.08760395876012678,6717487,NC
0.14253897039179608,6717488,NC
0.20747396403993495,6717489,NC
0.22240893977119755,6717490,NC
0.19734389765225624,6717491,NC
0.12727883774980164,6717492,NC
0.062213760130542826,6717493,NC
0.042148664861207046,6717494,NC
0.05208355200853931,6717495,NC
0.077018421639303,6717496,NC
0.14695327382027948,6717497,NC
0.20688810861826773,6717498,NC
0.3168229261000846,6717499,NC
0.4517577263325649,6717500,NC
0.591692509382561,6717501,NC
0.686627275316943,6717502,NC
0.7265620242025983,6717503,NC
0.726496756106432,6717504,NC
0.6564314710953667,6717505,L
0.5563661692363419,6717506,NC
0.46130085059631465,6717507,NC
0.39623551524225953,6717508,NC
0.3211701632411677,6717509,NC
0.22610479466004785,6717510,NC
0.1460394095659252,6717511,NC
0.06597400802584241,6717512,NC
-0.02409140989314148,6717513,NC
-0.1141568441239503,6717514,NC
-0.24422229459949113,6717515,NC
-0.34928776125265465,6717516,NC
-0.4293532440163149,6717517,NC
-0.4844187428233293,6717518,NC
-0.5294842576065387,6717519,NC
-0.5495497882987678,6717520,NC
-0.549615334832825,6717521,NC
-0.5446808971415021,6717522,NC
-0.5397464751575752,6717523,NC
-0.5048120688138041,6717524,NC
-0.47987767804293247,6717525,NC
-0.449943302777688,6717526,NC
-0.4600089429507827,6717527,NC
-0.4650745984949125,6717528,NC
-0.47514026934275794,6717529,NC
-0.4852059554269832,6717530,NC
-0.4602716566802376,6717531,NC
-0.45033737303515453,6717532,NC
-0.4654031044243516,6717533,NC
-0.46546885078043165,6717534,NC
-0.47053461203598185,6717535,NC
-0.465600388123574,6717536,NC
-0.45566617897576467,6717537,NC
-0.44573198452509566,6717538,NC
-0.45579780470409326,6717539,NC
-0.475863639445269,6717540,NC
-0.47592948868111945,6717541,NC
-0.4709953523441262,6717542,NC
-0.46606123036675634,6717543,NC
-0.4661271226814618,6717544,NC
-0.4461930292206803,6717545,NC
-0.4562589499168346,6717546,NC
-0.46132488470233324,6717547,NC
-0.44639083350957015,6717548,NC
-0.43645679627092493,6717549,NC
-0.43152277291876284,6717550,NC
-0.4365887633854348,6717551,NC
-0.44165476760327793,6717552,NC
-0.4367207855046149,6717553,NC
-0.4417868170217543,6717554,NC
-0.411852862086991,6717555,NC
-0.40691892063260615,6717556,NC
-0.41198499259086657,6717557,NC
-0.4220510778940255,6717558,NC
-0.4371171764743227,6717559,NC
-0.4071832882639842,6717560,NC
-0.3922494131952226,6717561,NC
-0.3823155512002365,6717562,NC
-0.36238170221121196,6717563,NC
-0.382447866160321,6717564,NC
-0.38751404297972253,6717565,NC
-0.3775802326015625,6717566,NC
-0.3476464349579736,6717567,NC
-0.3277126499810754,6717568,NC
-0.3227788776029744,6717569,NC
-0.3278451177557645,6717570,NC
-0.32791137037152646,6717571,NC
-0.3029776353823284,6717572,NC
-0.27804391272022555,6717573,NC
-0.2731102023172609,6717574,NC
-0.25317650410546455,6717575,NC
-0.24324281801685388,6717576,NC
-0.24330914398343437,6717577,NC
-0.21337548193719894,6717578,NC
-0.19844183181012803,6717579,NC
-0.17850819353418998,6717580,NC
-0.15857456704134118,6717581,NC
-0.1636409522635256,6717582,NC
-0.14870734913267528,6717583,NC
-0.13377375758071058,6717584,NC
-0.11384017753953965,6717585,NC
-0.07890660894105914,6717586,NC
-0.0839730517171536,6717587,NC
-0.07403950579969637,6717588,NC
-0.08410597112054871,6717589,NC
-0.06417244761156085,6717590,NC
-0.0442389352045711,6717591,NC
-0.029305433831406817,6717592,NC
-0.009371943423883722,6717593,NC
-0.029438463913806293,6717594,NC
-0.019504995232968173,6717595,NC
0.00042846268684843154,6717596,NC
0.02536190991387237,6717597,NC
0.0252953465163432,6717598,NC
0.02022877256251139,6717599,NC
0.005162188120638465,6717600,NC
-0.014904406741003313,6717601,NC
-0.019971011954131326,6717602,NC
-0.025037627450451898,6717603,NC
-0.04510425316166125,6717604,NC
-0.05517088901944468,6717605,NC
-0.10023753495547756,6717606,NC
-0.14530419090142455,6717607,NC
-0.15037085678894005,6717608,NC
-0.16543753254966853,6717609,NC
-0.16550421811524432,6717610,NC
-0.19557091341729144,6717611,NC
-0.22563761838742394,6717612,NC
-0.25570433295724637,6717613,NC
-0.25577105705835296,6717614,NC
-0.26583779062232826,6717615,NC
-0.25590453358074733,6717616,NC
-0.2959712858651756,6717617,NC
-0.3110380474071687,6717618,NC
-0.3311048181382728,6717619,NC
-0.33117159799002494,6717620,NC
-0.3212383868939523,6717621,NC
-0.3263051847815734,6717622,NC
-0.3413719915843969,6717623,NC
-0.32643880723392305,6717624,NC
-0.34650563166164233,6717625,NC
-0.3465724647990365,6717626,NC
-0.34163930657757857,6717627,NC
-0.3317061569287324,6717628,NC
-0.33677301578395324,6717629,NC
-0.3418398830746875,6717630,NC
-0.3669067587323732,6717631,NC
-0.3469736426884394,6717632,NC
-0.3520405348743068,6717633,NC
-0.3321074352213878,6717634,NC
-0.34217434366108634,6717635,NC
-0.35724126012479807,6717636,NC
-0.36230818454391023,6717637,NC
-0.3673751168498023,6717638,NC
-0.34744205697384534,6717639,NC
-0.32750900484740236,6717640,NC
-0.3325759604018287,6717641,NC
-0.34264292356847176,6717642,NC
-0.36270989427867095,6717643,NC
-0.352776872463758,6717644,NC
-0.3278438580550572,6717645,NC
-0.3179108509838849,6717646,NC
-0.3379778511815502,6717647,NC
-0.3480448585793546,6717648,NC
-0.3631118731085924,6717649,NC
-0.3531788947005503,6717650,NC
-0.33324592328650793,6717651,NC
-0.3233129587977377,6717652,NC
-0.33338000116550515,6717653,NC
-0.3484470503210684,6717654,NC
-0.35351410619567875,6717655,NC
-0.3485811687205809,6717656,NC
-0.3336482378270124,6717657,NC
-0.32371531344620397,6717658,NC
-0.3287823955093801,6717659,NC
-0.3338494839477581,6717660,NC
-0.34391657869254927,6717661,NC
-0.3439836796749581,6717662,NC
-0.3390507868261829,6717663,NC
-0.3291179000774155,6717664,NC
-0.3341850193598415,6717665,NC
-0.3492521446046403,6717666,NC
-0.35931927574298544,6717667,NC
-0.3493864127060441,6717668,NC
-0.3394535554249774,6717669,NC
-0.3345207038309412,6717670,NC
-0.3395878578550846,6717671,NC
-0.33965501742855164,6717672,NC
-0.35472218248248044,6717673,NC
-0.3497893529480036,6717674,NC
-0.3298565287562481,6717675,NC
-0.3249237098383352,6717676,NC
-0.3349908961253811,6717677,NC
-0.3400580875484966,6717678,NC
-0.35012528403878723,6717679,NC
-0.35519248552735305,6717680,NC
-0.3352596919452895,6717681,NC
-0.32032690322368645,6717682,NC
-0.34039411929362895,6717683,NC
-0.35546134008619745,6717684,NC
-0.3605285655324673,6717685,NC
-0.355595795563509,6717686,NC
-0.33566303011038834,6717687,NC
-0.3307302691041668,6717688,NC
-0.32579751247590083,6717689,NC
-0.3508647601566429,6717690,NC
-0.3559320120774406,6717691,NC
-0.3509992681693375,6717692,NC
-0.34106652836337276,6717693,NC
-0.33613379259058124,6717694,NC
-0.3362010607819938,6717695,NC
-0.35626833286863735,6717696,NC
-0.35633560878153453,6717697,NC
-0.3564028884517041,6717698,NC
-0.3364701718101613,6717699,NC
-0.3265374587879172,6717700,NC
-0.3416047493159791,6717701,NC
-0.35667204332535124,6717702,NC
-0.3517393407470336,6717703,NC
-0.31680664151202326,6717704,NC
-0.30187394555131325,6717705,NC
-0.2819412527958938,6717706,NC
-0.28200856317675155,6717707,NC
-0.28207587662487016,6717708,NC
-0.2921431930712297,6717709,NC
-0.29221051244680774,6717710,NC
-0.28227783468257844,6717711,NC
-0.2723451597095131,6717712,NC
-0.2674124874585803,6717713,NC
-0.28247981786074566,6717714,NC
-0.2625471508469721,6717715,NC
-0.25261448634822004,6717716,NC
-0.23768182429544726,6717717,NC
-0.232749164619609,6717718,NC
-0.2378165072516579,6717719,NC
-0.26288385212254467,6717720,NC
-0.2829511991632171,6717721,NC
-0.29301854830462143,6717722,NC
-0.29808589947770114,6717723,NC
-0.3081532526133982,6717724,NC
-0.3082206076426522,6717725,NC
-0.31828796449640057,6717726,NC
-0.3233553231055794,6717727,NC
-0.3184226834011229,6717728,NC
-0.3184900453139632,6717729,NC
-0.3135574087750308,6717730,NC
-0.32362477371525517,6717731,NC
-0.3436921400655636,6717732,NC
-0.3637595077568822,6717733,NC
-0.3388268767201358,6717734,NC
-0.3588942468862479,6717735,NC
-0.3339616181861406,6717736,NC
-0.33902899055073493,6717737,NC
-0.3540963639109509,6717738,NC
-0.3541637381977073,6717739,NC
-0.34923111334192236,6717740,NC
-0.34429848927451295,6717741,NC
-0.3543658659263955,6717742,NC
-0.3694332432284856,6717743,NC
-0.3895006211116979,6717744,NC
-0.39956799950694694,6717745,NC
-0.3896353783451463,6717746,NC
-0.3747027575572094,6717747,NC
-0.3647701370740491,6717748,NC
-0.3798375168265781,6717749,NC
-0.4099048967457088,6717750,NC
-0.40497227676235326,6717751,NC
-0.4000396568074236,6717752,NC
-0.38510703681183206,6717753,NC
-0.37517441670649065,6717754,NC
-0.38024179642231154,6717755,NC
-0.38530917589020725,6717756,NC
-0.3803765550410904,6717757,NC
-0.3754439338058739,6717758,NC
-0.3605113121154711,6717759,NC
-0.35557868990079616,6717760,NC
-0.3606460670927633,6717761,NC
-0.3857134436222874,6717762,NC
-0.40078081942028426,6717763,NC
-0.3908481944176702,6717764,NC
-0.39091556854536263,6717765,NC
-0.39598294173427956,6717766,NC
-0.4310503139153402,6717767,NC
-0.4561176850194646,6717768,NC
-0.46118505497757406,6717769,NC
-0.44625242372059093,6717770,NC
-0.43131979117943897,6717771,NC
-0.38638715728504314,6717772,NC
-0.40145452196832965,6717773,NC
-0.4165218851602265,6717774,NC
-0.411589246791663,6717775,NC
-0.40165660679357007,6717776,NC
-0.3817239650968804,6717777,NC
-0.37179132163252815,6717778,NC
-0.35685867633144985,6717779,NC
-0.3569260291245832,6717780,NC
-0.3519933799428686,6717781,NC
-0.33206072871724773,6717782,NC
-0.282128075378665,6717783,NC
-0.23719541985806641,6717784,NC
-0.18726276208640089,6717785,NC
-0.12733010199461905,6717786,NC
-0.04739743951367402,6717787,NC
0.05753522542547825,6717788,NC
0.13746789289187974,6717789,NC
0.20240056295456968,6717790,NC
0.2123332356825846,6717791,NC
0.17226591114495815,6717792,NC
0.10219858941072148,6717793,NC
0.012131270548902819,6717794,NC
-0.04293604537147274,6717795,NC
-0.053003358281383146,6717796,NC
-0.02307066811180919,6717797,NC
0.036862025206265185,6717798,NC
0.18179472174185243,6717799,NC
0.33172742156396223,6717800,NC
0.4916601247416003,6717801,NC
0.6065928313437695,6717802,NC
0.6515255414394688,6717803,NC
0.6364582550976936,6717804,NC
0.5463909723874361,6717805,L
0.43132369337768395,6717806,NC
0.35625641813742187,6717807,NC
0.2761891467356301,6717808,NC
0.1861218792412853,6717809,NC
0.09605461572335983,6717810,NC
0.01598735625082223,6717811,NC
-0.08407989910736306,6717812,NC
-0.1841471502822361,6717813,NC
-0.2942143972048412,6717814,NC
-0.4092816398062269,6717815,NC
-0.5093488780174459,6717816,NC
-0.5694161117695561,6717817,NC
-0.5944833409936194,6717818,NC
-0.5845505656207024,6717819,NC
-0.5596177855818767,6717820,NC
-0.5546850008082187,6717821,NC
-0.534752211230809,6717822,NC
-0.5298194167807337,6717823,NC
-0.4998866173890841,6717824,NC
-0.4849538129869562,6717825,NC
-0.460021003505451,6717826,NC
-0.4700881888756749,6717827,NC
-0.4701553690287398,6717828,NC
-0.49522254389576253,6717829,NC
-0.4802897134078655,6717830,NC
-0.47535687749617694,6717831,NC
-0.4754240360918302,6717832,NC
-0.4854911891259643,6717833,NC
-0.4755583365297241,6717834,NC
-0.4856254782342605,6717835,NC
-0.4706926141707297,6717836,NC
-0.445759744270294,6717837,NC
-0.4358268684641219,6717838,NC
-0.44589398668338787,6717839,NC
-0.46096109885927233,6717840,NC
-0.471028204922962,6717841,NC
-0.4660953048056499,6717842,NC
-0.4461623984385355,6717843,NC
-0.42622948575282427,6717844,NC
-0.4462965666797286,6717845,NC
-0.4513636411504674,6717846,NC
-0.4464307090962659,6717847,NC
-0.45149777044835615,6717848,NC
-0.4365648251379771,6717849,NC
-0.4216318730963744,6717850,NC
-0.3966989142548005,6717851,NC
-0.4117659485445151,6717852,NC
-0.41683297589678475,6717853,NC
-0.41189999624288326,6717854,NC
-0.38196700951409124,6717855,NC
-0.367034015641697,6717856,NC
-0.36210101455699617,6717857,NC
-0.3671680061912915,6717858,NC
-0.37223499047589315,6717859,NC
-0.3723019673421192,6717860,NC
-0.36236893672129505,6717861,NC
-0.33243589854475375,6717862,NC
-0.3225028527438363,6717863,NC
-0.3225697992498916,6717864,NC
-0.3176367379942758,6717865,NC
-0.3027036689083537,6717866,NC
-0.2927705919234981,6717867,NC
-0.26783750697108943,6717868,NC
-0.27790441398251653,6717869,NC
-0.2679713128891765,6717870,NC
-0.25803820362247504,6717871,NC
-0.25810508611382565,6717872,NC
-0.22817196029465053,6717873,NC
-0.20323882609638066,6717874,NC
-0.1783056834504552,6717875,NC
-0.17837253228832234,6717876,NC
-0.17343937254143862,6717877,NC
-0.1785062041412698,6717878,NC
-0.15857302701929019,6717879,NC
-0.11863984110698308,6717880,NC
-0.11870664633584091,6717881,NC
-0.11377344263736539,6717882,NC
-0.10384022994306667,6717883,NC
-0.09890700818446482,6717884,NC
-0.0789737772930891,6717885,NC
-0.05904053720047787,6717886,NC
-0.044107287838178945,6717887,NC
-0.044174029137749884,6717888,NC
-0.04924076103075781,6717889,NC
-0.03430748344877926,6717890,NC
-0.009374196323400487,6717891,NC
-0.004440899586217884,6717892,NC
0.020492406831162657,6717893,NC
0.01042572299712532,6717894,NC
0.010359048980044052,6717895,NC
0.015292384848282742,6717896,NC
0.025225730670195373,6717897,NC
0.020159086514125714,6717898,NC
0.010092452448407048,6717899,NC
-0.024974171458637832,6717900,NC
-0.06004078513869583,6717901,NC
-0.07010738852346504,6717902,NC
-0.07517398154465402,6717903,NC
-0.11024056413398167,6717904,NC
-0.13030713622317763,6717905,NC
-0.17037369774398264,6717906,NC
-0.20044024862814797,6717907,NC
-0.19550678880743566,6717908,NC
-0.21057331821361916,6717909,NC
-0.22563983677848276,6717910,NC
-0.23070634443382182,6717911,NC
-0.2557728411114427,6717912,NC
-0.2758393267431635,6717913,NC
-0.2909058012608134,6717914,NC
-0.29597226459623277,6717915,NC
-0.30103871668127363,6717916,NC
-0.31610515744779977,6717917,NC
-0.34117158682768606,6717918,NC
-0.3412380047528195,6717919,NC
-0.33630441115509857,6717920,NC
-0.32637080596643386,6717921,NC
-0.31643718911874746,6717922,NC
-0.3215035605439736,6717923,NC
-0.35156992017405875,6717924,NC
-0.36163626794096104,6717925,NC
-0.346702603776651,6717926,NC
-0.33676892761311145,6717927,NC
-0.33683523938233756,6717928,NC
-0.34690153901633664,6717929,NC
-0.36696782644712833,6717930,NC
-0.3720341016067454,6717931,NC
-0.37210036442723265,6717932,NC
-0.3721666148406478,6717933,NC
-0.3422328527790609,6717934,NC
-0.3422990781745554,6717935,NC
-0.36736529095922715,6717936,NC
-0.377431491065185,6717937,NC
-0.3774976784245509,6717938,NC
-0.36756385296946015,6717939,NC
-0.3576300146320604,6717940,NC
-0.3626961633445132,6717941,NC
-0.3727622990389932,6717942,NC
-0.38282842164768854,6717943,NC
-0.3678945311028002,6717944,NC
-0.3579606273365432,6717945,NC
-0.35302671028114624,6717946,NC
-0.35309277986885107,6717947,NC
-0.3781588360319134,6717948,NC
-0.368224878702603,6717949,NC
-0.37329090781320295,6717950,NC
-0.36335692329601077,6717951,NC
-0.34342292508333744,6717952,NC
-0.37348891310750837,6717953,NC
-0.36855488730086294,6717954,NC
-0.38362084759575454,6717955,NC
-0.38368679392455113,6717956,NC
-0.3637527262196349,6717957,NC
-0.3538186444134024,6717958,NC
-0.3688845484382642,6717959,NC
-0.3789504382266463,6717960,NC
-0.4040163137109887,6717961,NC
-0.4040821748237458,6717962,NC
-0.37914802149738747,6717963,NC
-0.374213853664398,6717964,NC
-0.35927967125727656,6717965,NC
-0.3793454742085371,6717966,NC
-0.394411262450709,6717967,NC
-0.39947703591633643,6717968,NC
-0.3845427945379785,6717969,NC
-0.3696085382482101,6717970,NC
-0.38467426697962115,6717971,NC
-0.39973998066481675,6717972,NC
-0.4098056792364175,6717973,NC
-0.4098713626270596,6717974,NC
-0.389937030769395,6717975,NC
-0.3900026835960909,6717976,NC
-0.4000683210398303,6717977,NC
-0.4151339430333123,6717978,NC
-0.4151995495092513,6717979,NC
-0.410265140400378,6717980,NC
-0.39033071563943894,6717981,NC
-0.38539627515919694,6717982,NC
-0.3954618188924306,6717983,NC
-0.40552734677193475,6717984,NC
-0.4255928587305207,6717985,NC
-0.4156583547010161,6717986,NC
-0.4107238346162645,6717987,NC
-0.40078929840912647,6717988,NC
-0.41085474601247907,6717989,NC
-0.40592017735921554,6717990,NC
-0.42598559238224604,6717991,NC
-0.4310509910144977,6717992,NC
-0.42611637318891393,6717993,NC
-0.42618173883845567,6717994,NC
-0.41624708789610015,6717995,NC
-0.43131242029484207,6717996,NC
-0.44137773596769303,6717997,NC
-0.4164430348476817,6717998,NC
-0.40150831686785404,6717999,NC
-0.39657358196127374,6718000,NC
-0.38163883006102084,6718001,NC
-0.39170406110019373,6718002,NC
-0.391769275011908,6718003,NC
-0.3818344717292967,6718004,NC
-0.3768996511855104,6718005,NC
-0.3619648133137177,6718006,NC
-0.37702995804710493,6718007,NC
-0.36709508531887597,6718008,NC
-0.3771601950622527,6718009,NC
-0.37222528721047526,6718010,NC
-0.3472903616968015,6718011,NC
-0.34235541845450734,6718012,NC
-0.33742045741688714,6718013,NC
-0.3474854785172536,6718014,NC
-0.3575504816889373,6718015,NC
-0.3676154668652874,6718016,NC
-0.36268043397967165,6718017,NC
-0.34274538296547646,6718018,NC
-0.3478103137561061,6718019,NC
-0.37287522628498415,6718020,NC
-0.3829401204855529,6718021,NC
-0.3930049962912732,6718022,NC
-0.38806985363562474,6718023,NC
-0.3831346924521064,6718024,NC
-0.3981995126742357,6718025,NC
-0.41826431423554966,6718026,NC
-0.42832909706960387,6718027,NC
-0.42339386110997385,6718028,NC
-0.4234586062902537,6718029,NC
-0.4035233325440571,6718030,NC
-0.42358803980501736,6718031,NC
-0.42865272800678705,6718032,NC
-0.44871739708303837,6718033,NC
-0.4587820469674629,6718034,NC
-0.4338466775937722,6718035,NC
-0.44891128889569737,6718036,NC
-0.4689758808069896,6718037,NC
-0.4890404532614194,6718038,NC
-0.48410500619277813,6718039,NC
-0.4741695395348762,6718040,NC
-0.4492340532215446,6718041,NC
-0.4392985471866346,6718042,NC
-0.4543630213640174,6718043,NC
-0.4644274756875845,6718044,NC
-0.479491910091248,6718045,NC
-0.47455632450894025,6718046,NC
-0.47462071887461416,6718047,NC
-0.459685093122243,6718048,NC
-0.4747494471858209,6718049,NC
-0.48481378099936273,6718050,NC
-0.479878094496904,6718051,NC
-0.4849423876125008,6718052,NC
-0.4700066602802307,6718053,NC
-0.4600709124341918,6718054,NC
-0.47013514400850315,6718055,NC
-0.48019935493730537,6718056,NC
-0.5002635451547599,6718057,NC
-0.4903277145950495,6718058,NC
-0.4703918631923781,6718059,NC
-0.4504559908809712,6718060,NC
-0.46552009759507595,6718061,NC
-0.4805841832689603,6718062,NC
-0.49564824783691425,6718063,NC
-0.5057122912332497,6718064,NC
-0.5057763133922997,6718065,NC
-0.4708403142484193,6718066,NC
-0.47090429373598564,6718067,NC
-0.4809682517893973,6718068,NC
-0.4810321883430752,6718069,NC
-0.4710961033314621,6718070,NC
-0.46115999668902313,6718071,NC
-0.4562238683502453,6718072,NC
-0.4412877182496379,6718073,NC
-0.4463515463217328,6718074,NC
-0.4264153525010842,6718075,NC
-0.3864791367222683,6718076,NC
-0.34154289891988426,6718077,NC
-0.25660663902855385,6718078,NC
-0.17667035698292122,6718079,NC
-0.10173405271765326,6718080,NC
-0.05179772616743983,6718081,NC
-0.026861377266993683,6718082,NC
-0.0069250059510502365,6718083,NC
-0.0419886121543679,6718084,NC
-0.13205219581172847,6718085,NC
-0.2521157568579365,6718086,NC
-0.3421792952278198,6718087,NC
-0.3572428108562296,6718088,NC
-0.28230630367804044,6718089,NC
-0.16736977362814998,6718090,NC
-0.04243322064147945,6718091,NC
0.05750335534702626,6718092,NC
0.16743995440239864,6718093,NC
0.24737657658964582,6718094,NC
0.2773132219737521,6718095,L
0.24224989061967775,6718096,NC
0.11218658259235949,6718097,NC
-0.027876702043289882,6718098,NC
-0.15293996322238174,6718099,NC
-0.24300320088005156,6718100,NC
-0.31806641495145865,6718101,NC
-0.40812960537178666,6718102,NC
-0.5181927720762436,6718103,NC
-0.6332559150000615,6718104,NC
-0.718319034078497,6718105,NC
-0.7783821292468311,6718106,NC
-0.7884452004403697,6718107,NC
-0.7785082475944426,6718108,NC
-0.7785712706444046,6718109,NC
-0.7586342695256353,6718110,NC
-0.7286972441735389,6718111,NC
-0.6837601945235448,6718112,NC
-0.6088231205111065,6718113,NC
-0.5688860220717038,6718114,NC
-0.5639488991408401,6718115,NC
-0.5640117516540449,6718116,NC
-0.5690745795468725,6718117,NC
-0.5641373827549027,6718118,NC
-0.5592001612137399,6718119,NC
-0.5192629148590148,6718120,NC
-0.5343256436263832,6718121,NC
-0.5443883474515263,6718122,NC
-0.5494510262701506,6718123,NC
-0.5395136800179888,6718124,NC
-0.5295763086307993,6718125,NC
-0.5246389120443657,6718126,NC
-0.5197014901944979,6718127,NC
-0.5247640430170315,6718128,NC
-0.5348265704478284,6718129,NC
-0.5148890724227759,6718130,NC
-0.49995154887778803,6718131,NC
-0.4950139997488048,6718132,NC
-0.49507642497179233,6718133,NC
-0.5001388244827429,6718134,NC
-0.5002011982176757,6718135,NC
-0.510263546112636,6718136,NC
-0.4903258681036953,6718137,NC
-0.47538816412695195,6718138,NC
-0.47045043411853116,6718139,NC
-0.4905126780145844,6718140,NC
-0.4755748957512901,6718141,NC
-0.4556370872648535,6718142,NC
-0.4306992524915068,6718143,NC
-0.420761391367509,6718144,NC
-0.43082350382914614,6718145,NC
-0.4308855898127315,6718146,NC
-0.4159476492546054,6718147,NC
-0.4060096820911352,6718148,NC
-0.38607168825871585,6718149,NC
-0.37113366769376965,6718150,NC
-0.3561956203327461,6718151,NC
-0.356257546112122,6718152,NC
-0.3363194449684022,6718153,NC
-0.3463813168381188,6718154,NC
-0.3164431616578317,6718155,NC
-0.28150497936412844,6718156,NC
-0.2865667698936246,6718157,NC
-0.2916285331829633,6718158,NC
-0.2916902691688156,6718159,NC
-0.26675197778788085,6718160,NC
-0.2318136589768865,6718161,NC
-0.23187531267258754,6718162,NC
-0.21193693881176773,6718163,NC
-0.196998537331239,6718164,NC
-0.19706010816784136,6718165,NC
-0.17712165125844326,6718166,NC
-0.13718316653994178,6718167,NC
-0.12724465394926252,6718168,NC
-0.12730611342335943,6718169,NC
-0.12736754489921515,6718170,NC
-0.13242894831384125,6718171,NC
-0.12249032360427789,6718172,NC
-0.10755167070759394,6718173,NC
-0.07261298956088749,6718174,NC
-0.0626742801012855,6718175,NC
-0.07273554226594381,6718176,NC
-0.07779677599204735,6718177,NC
-0.05785798121681037,6718178,NC
-0.04791915787747654,6718179,NC
-0.0429803059113181,6718180,NC
-0.03304142525563731,6718181,NC
-0.058102515847765754,6718182,NC
-0.06316357762506428,6718183,NC
-0.07322461052492324,6718184,NC
-0.07328561448476296,6718185,NC
-0.08834658944203302,6718186,NC
-0.11840753533421312,6718187,NC
-0.14846845209881238,6718188,NC
-0.1635293396733702,6718189,NC
-0.19359019799545552,6718190,NC
-0.20865102700266738,6718191,NC
-0.21371182663263508,6718192,NC
-0.24877259682301797,6718193,NC
-0.2838333375115054,6718194,NC
-0.328894048635817,6718195,NC
-0.34895473013370304,6718196,NC
-0.3590153819429438,6718197,NC
-0.36407600400135004,6718198,NC
-0.36913659624676315,6718199,NC
-0.38919715861705517,6718200,NC
-0.4142576910501287,6718201,NC
-0.41431819348391674,6718202,NC
-0.41937866585638356,6718203,NC
-0.41443910810552387,6718204,NC
-0.43449952016936333,6718205,NC
-0.44455990198595857,6718206,NC
-0.46462025349339764,6718207,NC
-0.46468057462979895,6718208,NC
-0.4547408653333125,6718209,NC
-0.43480112554211936,6718210,NC
-0.45986135519443205,6718211,NC
-0.4699215542284942,6718212,NC
-0.49498172258258083,6718213,NC
-0.4900418601949986,6718214,NC
-0.4801019670040856,6718215,NC
-0.4651620429482113,6718216,NC
-0.4802220879657772,6718217,NC
-0.5002821019952164,6718218,NC
-0.5003420849749936,6718219,NC
-0.4904020368436052,6718220,NC
-0.4754619575395801,6718221,NC
-0.46052184700147863,6718222,NC
-0.46558170516789327,6718223,NC
-0.4906415319774487,6718224,NC
-0.5157013273688017,6718225,NC
-0.5057610912806412,6718226,NC
-0.4908208236516884,6718227,NC
-0.475880524420697,6718228,NC
-0.4759401935264529,6718229,NC
-0.4859998309077747,6718230,NC
-0.5010594365035131,6718231,NC
-0.4961190102525522,6718232,NC
-0.4911785520938078,6718233,NC
-0.4712380619662288,6718234,NC
-0.4812975398087972,6718235,NC
-0.49635698556052765,6718236,NC
-0.5264163991604672,6718237,NC
-0.4964757805476967,6718238,NC
-0.49653512966132934,6718239,NC
-0.47159444644051207,6718240,NC
-0.48165373082442414,6718241,NC
-0.4967129827522787,6718242,NC
-0.5067722021633221,6718243,NC
-0.49683138899683377,6718244,NC
-0.4868905431921265,6718245,NC
-0.476949664688547,6718246,NC
-0.4920087534254751,6718247,NC
-0.5020678093423242,6718248,NC
-0.5121268323785417,6718249,NC
-0.5021858224736085,6718250,NC
-0.49724477956703933,6718251,NC
-0.48230370359838237,6718252,NC
-0.49736259450722037,6718253,NC
-0.5024214522331696,6718254,NC
-0.5224802767158806,6718255,NC
-0.5175390678950377,6718256,NC
-0.5075978257103595,6718257,NC
-0.507656550101599,6718258,NC
-0.49271524100854336,6718259,NC
-0.5027738983710139,6718260,NC
-0.5228325221288664,6718261,NC
-0.5228911122219915,6718262,NC
-0.5179496685903135,6718263,NC
-0.49300819117379246,6718264,NC
-0.5030666799124219,6718265,NC
-0.5181251347462307,6718266,NC
-0.5331835556152824,6718267,NC
-0.5282419424596755,6718268,NC
-0.523300295219543,6718269,NC
-0.5133586138350531,6718270,NC
-0.518416898246409,6718271,NC
-0.5184751483938492,6718272,NC
-0.5285333642176469,6718273,NC
-0.5335915456581104,6718274,NC
-0.5286496926555839,6718275,NC
-0.5237078051504466,6718276,NC
-0.5187658830831126,6718277,NC
-0.5338239263940322,6718278,NC
-0.5638819350236911,6718279,NC
-0.5539399089126097,6718280,NC
-0.533997848001345,6718281,NC
-0.5140557522304894,6718282,NC
-0.529113621540671,6718283,NC
-0.5191714558725533,6718284,NC
-0.5242292551668365,6718285,NC
-0.519287019364256,6718286,NC
-0.4843447484055836,6718287,NC
-0.4794024422316268,6718288,NC
-0.47946010078322965,6718289,NC
-0.489517724001272,6718290,NC
-0.49957531182667003,6718291,NC
-0.4946328642003762,6718292,NC
-0.4846903810633796,6718293,NC
-0.46474786235670523,6718294,NC
-0.4598053080214149,6718295,NC
-0.46986271799860685,6718296,NC
-0.4749200922294161,6718297,NC
-0.4549774306550139,6718298,NC
-0.4300347332166086,6718299,NC
-0.42509199985544527,6718300,NC
-0.4251492305128056,6718301,NC
-0.45020642513000825,6718302,NC
-0.47026358364840914,6718303,NC
-0.4703207060094007,6718304,NC
-0.4603777921544129,6718305,NC
-0.4504348420249124,6718306,NC
-0.4604918555624035,6718307,NC
-0.4905488327084276,6718308,NC
-0.500605773404563,6718309,NC
-0.49566267759242594,6718310,NC
-0.48571954521367,6718311,NC
-0.48077637620998603,6718312,NC
-0.49083317052310244,6718313,NC
-0.5158899280947854,6718314,NC
-0.540946648866839,6718315,NC
-0.5410033327811042,6718316,NC
-0.5260599797794608,6718317,NC
-0.5211165898038258,6718318,NC
-0.5211731627961543,6718319,NC
-0.5462296986984394,6718320,NC
-0.566286197452712,6718321,NC
-0.5613426590010415,6718322,NC
-0.561399083285535,6718323,NC
-0.5414554702483382,6718324,NC
-0.5515118198316349,6718325,NC
-0.5565681319776472,6718326,NC
-0.5516244066286354,6718327,NC
-0.5416806437268987,6718328,NC
-0.5417368432147746,6718329,NC
-0.541793005034639,6718330,NC
-0.5418491291289065,6718331,NC
-0.5469052154400306,6718332,NC
-0.5719612639105032,6718333,NC
-0.5470172744828552,6718334,NC
-0.5520732470996563,6718335,NC
-0.5321291817035154,6718336,NC
-0.53718507823708,6718337,NC
-0.5522409366430364,6718338,NC
-0.5672967568641109,6718339,NC
-0.567352538843068,6718340,NC
-0.552408282522712,6718341,NC
-0.5324639878458862,6718342,NC
-0.5325196547554735,6718343,NC
-0.5375752831943958,6718344,NC
-0.5476308731056146,6718345,NC
-0.5426864244321312,6718346,NC
-0.5277419371169861,6718347,NC
-0.5177974111032595,6718348,NC
-0.5228528463340713,6718349,NC
-0.5279082427525812,6718350,NC
-0.5429636003019888,6718351,NC
-0.538018918925533,6718352,NC
-0.5180741985664932,6718353,NC
-0.48812943916818896,6718354,NC
-0.498184640673979,6718355,NC
-0.5132398030272627,6718356,NC
-0.5282949261714797,6718357,NC
-0.5033500100501097,6718358,NC
-0.48340505460667227,6718359,NC
-0.4684600597847278,6718360,NC
-0.4485150255278771,6718361,NC
-0.4335699517797611,6718362,NC
-0.41362483848406106,6718363,NC
-0.3636796855844995,6718364,NC
-0.3087344930248388,6718365,NC
-0.23878926074888235,6718366,NC
-0.1738439887004743,6718367,NC
-0.10889867682349955,6718368,NC
-0.07395332506188378,6718369,NC
-0.05900793335959345,6718370,NC
-0.039062501660636205,6718371,NC
-0.0841170299090607,6718372,NC
-0.18917151804895646,6718373,NC
-0.3092259660244542,6718374,NC
-0.4342803737797259,6718375,NC
-0.5293347412589847,6718376,NC
-0.4993890684064851,6718377,NC
-0.414443355166523,6718378,NC
-0.3294976014834354,6718379,NC
-0.23455180730160127,6718380,NC
-0.13460597256544063,6718381,NC
-0.03466009721941546,6718382,NC
0.03028581879197087,6718383,NC
0.0652317755241733,6718384,NC
0.0001777730326048485,6718385,NC
-0.11487618862736328,6718386,NC
-0.2249301094004016,6718387,NC
-0.3249839892312224,6718388,NC
-0.3900378280645804,6718389,NC
-0.4500916258452722,6718390,NC
-0.4751453825181362,6718391,NC
-0.5351990980280532,6718392,NC
-0.6002527723199462,6718393,NC
-0.6303064053387804,6718394,NC
-0.6603599970295633,6718395,NC
-0.6754135473373449,6718396,L
-0.6904670562072177,6718397,NC
-0.6705205235843161,6718398,NC
-0.6405739494138178,6718399,NC
-0.585627333640943,6718400,NC
-0.5256806762109539,6718401,NC
-0.47073397706915604,6718402,NC
-0.4507872361608975,6718403,NC
-0.43084045343156946,6718404,NC
-0.4458936288266055,6718405,NC
-0.4259467622914824,6718406,NC
-0.41599985377172005,6718407,NC
-0.39105290321288116,6718408,NC
-0.41110591056057166,6718409,NC
-0.3961588757604406,6718410,NC
-0.4062117987581805,6718411,NC
-0.4162646794995266,6718412,NC
-0.41631751793025795,6718413,NC
-0.3763703139961968,6718414,NC
-0.38142306764320905,6718415,NC
-0.38647577881720346,6718416,NC
-0.38152844746413317,6718417,NC
-0.3915810735299944,6718418,NC
-0.3716336569608273,6718419,NC
-0.35668619770271537,6718420,NC
-0.36673869570178624,6718421,NC
-0.3617911509042114,6718422,NC
-0.3718435632562059,6718423,NC
-0.3468959327040288,6718424,NC
-0.33694825919398347,6718425,NC
-0.32200054267241707,6718426,NC
-0.3220527830857206,6718427,NC
-0.33710498038032977,6718428,NC
-0.33715713450272433,6718429,NC
-0.32720924539942803,6718430,NC
-0.3022613130170091,6718431,NC
-0.2873133373020802,6718432,NC
-0.2773653182012986,6718433,NC
-0.2824172556613655,6718434,NC
-0.28746914962902714,6718435,NC
-0.2675210000510743,6718436,NC
-0.23757280687434218,6718437,NC
-0.21262457004571075,6718438,NC
-0.20267628951210498,6718439,NC
-0.18772796522049434,6718440,NC
-0.19277959711789325,6718441,NC
-0.1778311851513612,6718442,NC
-0.15288272926800262,6718443,NC
-0.1329342294149668,6718444,NC
-0.12798568553944817,6718445,NC
-0.11803709758868638,6718446,NC
-0.1230884655099664,6718447,NC
-0.09313978925061815,6718448,NC
-0.06819106875801692,6718449,NC
-0.04824230397958359,6718450,NC
-0.038293494862784196,6718451,NC
-0.03334464135513022,6718452,NC
-0.028395743404178865,6718453,NC
-0.013446800957532874,6718454,NC
0.001502186037159535,6718455,NC
0.026451217632204517,6718456,NC
0.02640029387986214,6718457,NC
0.021349414832347043,6718458,NC
0.021298580541827997,6718459,NC
0.03624779106042769,6718460,NC
0.07619704644022286,6718461,NC
0.09114634673324448,6718462,NC
0.0960956919914774,6718463,NC
0.1010450822668602,6718464,NC
0.09599451761128537,6718465,NC
0.12094399807659928,6718466,NC
0.13089352371460206,6718467,NC
0.1508430945770473,6718468,NC
