channel_0,sample #,type
0.145150752203637,6560437,NC
0.13020264804490952,6560438,NC
0.095254526674278,6560439,NC
0.05530638805631238,6560440,NC
0.015358232155594476,6560441,NC
-0.014589941063282166,6560442,NC
-0.039538131635712126,6560443,NC
-0.05948633959707817,6560444,NC
-0.06443456498275113,6560445,NC
-0.06938280782809003,6560446,NC
-0.08933106816844189,6560447,NC
-0.09927934603914178,6560448,NC
-0.09922764147551287,6560449,NC
-0.10917595451286628,6560450,NC
-0.0791242851865011,6560451,NC
-0.06907263353170442,6560452,NC
-0.08902099958375123,6560453,NC
-0.08896938337790443,6560454,NC
-0.0689177849494148,6560455,NC
-0.063866204333521,6560456,NC
-0.0538146415654495,6560457,NC
-0.08376309668041461,6560458,NC
-0.11871156971361838,6560459,NC
-0.15366006070025068,6560460,NC
-0.1586085696754891,6560461,NC
-0.1335570966744989,6560462,NC
-0.10350564173243307,6560463,NC
-0.10845420488443229,6560464,NC
-0.13840278616562485,6560465,NC
-0.14835138561112662,6560466,NC
-0.17330000325604122,6560467,NC
-0.1582486391354596,6560468,NC
-0.1431972932844605,6560469,NC
-0.13314596573810997,6560470,NC
-0.14309465653146172,6560471,NC
-0.16304336569955688,6560472,NC
-0.162992093277424,6560473,NC
-0.14294083930007911,6560474,NC
-0.12288960380252556,6560475,NC
-0.13283838681975424,6560476,NC
-0.15278718838674318,6560477,NC
-0.16773600853845794,6560478,NC
-0.16268484730985122,6560479,NC
-0.12263370473586314,6560480,NC
-0.08758258085142104,6560481,NC
-0.04753147569143942,6560482,NC
-0.047480389290820116,6560483,NC
-0.07242932168445206,6560484,NC
-0.10737827290721137,6560485,NC
-0.11232724299396132,6560486,NC
-0.1272762319795523,6560487,NC
-0.11722523989882178,6560488,NC
-0.10217426678659433,6560489,NC
-0.09712331267768151,6560490,NC
-0.07207237760688195,6560491,NC
-0.07202146160898126,6560492,NC
-0.06697056471875204,6560493,NC
-0.056919686970953814,6560494,NC
-0.07186882840033304,6560495,NC
-0.0668179890416231,6560496,NC
-0.05676716892954424,6560497,NC
-0.051716368098803554,6560498,NC
-0.056665586584094985,6560499,NC
-0.041614824420099276,6560500,NC
-0.07156408164148394,6560501,NC
-0.11151335828290329,6560502,NC
-0.13646265437899832,6560503,NC
-0.1514119699643968,6560504,NC
-0.15636130507371312,6560505,NC
-0.16131065974154846,6560506,NC
-0.15626003400249044,6560507,NC
-0.1562094278911135,6560508,NC
-0.1361588414419786,6560509,NC
-0.1261082746896332,6560510,NC
-0.09105772766861142,6560511,NC
-0.09100720041343385,6560512,NC
-0.1109566929586076,6560513,NC
-0.13090620533862624,6560514,NC
-0.14585573758796974,6560515,NC
-0.14080528974110468,6560516,NC
-0.11575486183248379,6560517,NC
-0.10570445389654647,6560518,NC
-0.11565406596771818,6560519,NC
-0.130603698080411,6560520,NC
-0.1155533502690231,6560521,NC
-0.11550302256793907,6560522,NC
-0.11045271501152973,6560523,NC
-0.1354024276341521,6560524,NC
-0.1503521604701495,6560525,NC
-0.16030191355385137,6560526,NC
-0.14025168691957338,6560527,NC
-0.1302014806016173,6560528,NC
-0.12015129463427106,6560529,NC
-0.12010112905180867,6560530,NC
-0.12005098388849024,6560531,NC
-0.12500085917856193,6560532,NC
-0.1199507549562559,6560533,NC
-0.09990067125579037,6560534,NC
-0.07985060811136949,6560535,NC
-0.07980056555718343,6560536,NC
-0.07975054362740823,6560537,NC
-0.09970054235620592,6560538,NC
-0.13465056177772433,6560539,NC
-0.1546006019260973,6560540,NC
-0.13955066283544434,6560541,NC
-0.13450074453987088,6560542,NC
-0.12445084707346818,6560543,NC
-0.1144009704703132,6560544,NC
-0.0993511147644687,6560545,NC
-0.08430127998998313,6560546,NC
-0.08925146618089067,6560547,NC
-0.06920167337121119,6560548,NC
-0.0591519015949502,6560549,NC
-0.029102150886098854,6560550,NC
0.01594757872136609,6560551,NC
0.01099728719348227,6560552,NC
-0.028953025503698226,6560553,NC
-0.08890335940410886,6560554,NC
-0.14885371454166862,6560555,NC
-0.14880409095028196,6560556,NC
-0.12375448866383887,6560557,NC
-0.07870490771621472,6560558,NC
-0.06365534814127036,6560559,NC
-0.083605809972852,6560560,NC
-0.09855629324479123,6560561,NC
-0.07850679799090508,6560562,NC
-0.04845732424499582,6560563,NC
-0.003407872040851058,6560564,NC
0.021641558587756293,6560565,NC
-0.01830903239293194,6560566,NC
-0.11825964501665914,6560567,NC
-0.203210279317154,6560568,NC
-0.2481609353281303,6560569,NC
-0.23811161308328702,6560570,NC
-0.22306231261630832,6560571,NC
-0.1930130339608635,6560572,NC
-0.18296377715060694,6560573,NC
-0.18291454221917808,6560574,NC
-0.16786532920020147,6560575,NC
-0.15781613812728662,6560576,NC
-0.1477669690340281,6560577,NC
-0.1727178219540055,6560578,NC
-0.20266869692078332,6560579,NC
-0.22761959396791107,6560580,NC
-0.21257051312892306,6560581,NC
-0.2025214544373386,6560582,NC
-0.17747241792666185,6560583,NC
-0.18742340363038187,6560584,NC
-0.19737441158197244,6560585,NC
-0.1973254418148922,6560586,NC
-0.1922764943625846,6560587,NC
-0.19722756925847781,6560588,NC
-0.18717866653598478,6560589,NC
-0.18212978622850315,6560590,NC
-0.19208092836941523,6560591,NC
-0.18703209299208803,6560592,NC
-0.1919832801298732,6560593,NC
-0.17693448981610702,6560594,NC
-0.17188572208411035,6560595,NC
-0.20183697696718864,6560596,NC
-0.2417882544986319,6560597,NC
-0.2667395547117146,6560598,NC
-0.246690877639696,6560599,NC
-0.22164222331581934,6560600,NC
-0.21159359177331283,6560601,NC
-0.20154498304538881,6560602,NC
-0.2014963971652442,6560603,NC
-0.22144783416606023,6560604,NC
-0.19139929408100254,6560605,NC
-0.17635077694322107,6560606,NC
-0.18630228278585018,6560607,NC
-0.19125381164200844,6560608,NC
-0.2012053635447988,6560609,NC
-0.21115693852730835,6560610,NC
-0.20610853662260853,6560611,NC
-0.19106015786375496,6560612,NC
-0.18601180228378744,6560613,NC
-0.1809634699157299,6560614,NC
-0.19591516079259053,6560615,NC
-0.18586687494736154,6560616,NC
-0.16081861241301926,6560617,NC
-0.11577037322252415,6560618,NC
-0.0807221574088207,6560619,NC
-0.08067396500483742,6560620,NC
-0.10062579604348684,6560621,NC
-0.11557765055766547,6560622,NC
-0.03552952858025388,6560623,NC
0.059518569855883594,6560624,NC
0.12456664471789852,6560625,NC
0.1696146959729587,6560626,NC
0.1496627235882479,6560627,NC
0.09971072753096621,6560628,NC
0.03975870776832978,6560629,NC
-0.045193335732429035,6560630,NC
-0.11014540300406164,6560631,NC
-0.13509749407930327,6560632,NC
-0.12004960899087283,6560633,NC
-0.04500174777147297,6560634,NC
0.09004608954620993,6560635,NC
0.26509390292950585,6560636,NC
0.42514169234576116,6560637,NC
0.5301894577623384,6560638,NC
0.5752371991466168,6560639,NC
0.6052849164659917,6560640,NC
0.5803326096878751,6560641,L
0.5103802787796954,6560642,NC
0.3954279237088974,6560643,NC
0.2604755444429425,6560644,NC
0.15552314094930858,6560645,NC
0.045570713195490054,6560646,NC
-0.03938173885100211,6560647,NC
-0.1493342152226403,6560648,NC
-0.2742867159518803,6560649,NC
-0.41423924107116133,6560650,NC
-0.5241917906129059,6560651,NC
-0.6091443646095197,6560652,NC
-0.639096963093392,6560653,NC
-0.6340495860968952,6560654,NC
-0.6040022336523849,6560655,NC
-0.6039549057922,6560656,NC
-0.5739076025486627,6560657,NC
-0.5138603239540782,6560658,NC
-0.46381307004073485,6560659,NC
-0.4137658408409045,6560660,NC
-0.3887186363868417,6560661,NC
-0.3986714567107843,6560662,NC
-0.4136243018449533,6560663,NC
-0.4185771718215526,6560664,NC
-0.3985300666727691,6560665,NC
-0.3734829864307729,6560666,NC
-0.343435931127717,6560667,NC
-0.3483889007957373,6560668,NC
-0.37334189546695273,6560669,NC
-0.37829491517346525,6560670,NC
-0.3782479599473594,6560671,NC
-0.36320102982070296,6560672,NC
-0.34815412482554625,6560673,NC
-0.3631072449939227,6560674,NC
-0.35306039035784836,6560675,NC
-0.36301356094932224,6560676,NC
-0.33796675680032595,6560677,NC
-0.3429199779428239,6560678,NC
-0.31287322440876336,6560679,NC
-0.3378264962300742,6560680,NC
-0.33277979343866887,6560681,NC
-0.3427331160664427,6560682,NC
-0.3476864641452735,6560683,NC
-0.31763983770702164,6560684,NC
-0.30259323678353045,6560685,NC
-0.3075466614066253,6560686,NC
-0.3275001116081146,6560687,NC
-0.32245358741978897,6560688,NC
-0.32740708887342174,6560689,NC
-0.2973606160007686,6560690,NC
-0.27731416883356763,6560691,NC
-0.27226774740353965,6560692,NC
-0.2822213517423876,6560693,NC
-0.27217498188179706,6560694,NC
-0.27212863785343583,6560695,NC
-0.24208231968895408,6560696,NC
-0.22703602741998435,6560697,NC
-0.22198976107814153,6560698,NC
-0.23194352069502278,6560699,NC
-0.22689730630220747,6560700,NC
-0.21185111793125733,6560701,NC
-0.1768049556137162,6560702,NC
-0.14675881938111024,6560703,NC
-0.16171270926494774,6560704,NC
-0.1666666252967191,6560705,NC
-0.15162056750789699,6560706,NC
-0.1265745359299361,6560707,NC
-0.09652853059427324,6560708,NC
-0.0714825515323273,6560709,NC
-0.06643659877549925,6560710,NC
-0.0663906723551721,6560711,NC
-0.06134477230271083,6560712,NC
-0.04129889864946242,6560713,NC
-0.011253051426755867,6560714,NC
0.008792769334097929,6560715,NC
0.008838563601806113,6560716,NC
0.018884331345093947,6560717,NC
0.02393007253270478,6560718,NC
0.03897578713340012,6560719,NC
0.04902147511595964,6560720,NC
0.06906713644918114,6560721,NC
0.07411277110188068,6560722,NC
0.0791583790428925,6560723,NC
0.07420396024106912,6560724,NC
0.08924951466528129,6560725,NC
0.10429504228441808,6560726,NC
0.11934054306738678,6560727,NC
0.11438601698311315,6560728,NC
0.09443146400054117,6560729,NC
0.05447688408863327,6560730,NC
0.05452227721637023,6560731,NC
0.08956764335275123,6560732,NC
0.08461298246679394,6560733,NC
0.06465829452753444,6560734,NC
0.0297035795040273,6560735,NC
-0.00025116263465442545,6560736,NC
-0.025205931919419146,6560737,NC
-0.04516072838115674,6560738,NC
-0.06511555205073852,6560739,NC
-0.10007040295901726,6560740,NC
-0.150025281136827,6560741,NC
-0.17998018661498336,6560742,NC
-0.18993511942428315,6560743,NC
-0.20989007959550457,6560744,NC
-0.22484506715940716,6560745,NC
-0.2548000821467317,6560746,NC
-0.2747551245882003,6560747,NC
-0.2847101945145163,6560748,NC
-0.28466529195636414,6560749,NC
-0.27962041694440976,6560750,NC
-0.28957556950929997,6560751,NC
-0.299530749681663,6560752,NC
-0.294485957492108,6560753,NC
-0.3144411929712254,6560754,NC
-0.3093964561495868,6560755,NC
-0.30935174705774465,6560756,NC
-0.3143070657262327,6560757,NC
-0.30426241218556555,6560758,NC
-0.3342177864662389,6560759,NC
-0.3291731885987295,6560760,NC
-0.314128618613495,6560761,NC
-0.29908407654097413,6560762,NC
-0.2990395624115863,6560763,NC
-0.3039950762557321,6560764,NC
-0.3239506181037929,6560765,NC
-0.32890618798613097,6560766,NC
-0.3238617859330894,6560767,NC
-0.3038174119749922,6560768,NC
-0.28377306614214415,6560769,NC
-0.2937287484648307,6560770,NC
-0.30868445897331825,6560771,NC
-0.3036401976978539,6560772,NC
-0.28859596466866544,6560773,NC
-0.24355175991596129,6560774,NC
-0.2385075834699308,6560775,NC
-0.26846343536074374,6560776,NC
-0.31841931561855075,6560777,NC
-0.3583752242734829,6560778,NC
-0.4033311613556519,6560779,NC
-0.40328712689515017,6560780,~
-0.3832431209220506,6560781,NC
-0.37819914346640665,6560782,NC
-0.3631551945582523,6560783,NC
-0.368111274227602,6560784,NC
-0.3830673825044507,6560785,NC
-0.3730235194187739,6560786,NC
-0.35797968500052746,6560787,NC
-0.3579358792796476,6560788,NC
-0.357892102286051,6560789,NC
-0.3528483540496348,6560790,NC
-0.3378046346002765,6560791,NC
-0.3377609439678337,6560792,NC
-0.3377172821821446,6560793,NC
-0.3426736492730276,6560794,NC
-0.34763004527028135,6560795,NC
-0.3525864702036848,6560796,NC
-0.34754292410299703,6560797,NC
-0.32249940699795754,6560798,NC
-0.31745591891828584,6560799,NC
-0.3274124598936818,6560800,NC
-0.3423690299538252,6560801,NC
-0.34232562912837616,6560802,NC
-0.33228225744697487,6560803,NC
-0.32723891493924157,6560804,NC
-0.3171956016347766,6560805,NC
-0.32715231756316043,6560806,NC
-0.3421090627539534,6560807,NC
-0.367065837236696,6560808,NC
-0.34202264104090874,6560809,NC
-0.31197947419609195,6560810,NC
-0.2919363367317261,6560811,NC
-0.3018932286772713,6560812,NC
-0.3218501500621681,6560813,NC
-0.3418071009158364,6560814,NC
-0.3467640812676762,6560815,NC
-0.3317210911470674,6560816,NC
-0.3416781305833697,6560817,NC
-0.3616351996059226,6560818,NC
-0.37659229824404533,6560819,NC
-0.3615494265270371,6560820,NC
-0.3415065844841766,6560821,NC
-0.3214637721447224,6560822,NC
-0.32142098953791276,6560823,NC
-0.3163782366929658,6560824,NC
-0.30633551363907896,6560825,NC
-0.3012928204054296,6560826,NC
-0.2862501570211748,6560827,NC
-0.27120752351545085,6560828,NC
-0.2661649199173741,6560829,NC
-0.28612234625604016,6560830,NC
-0.3260798025605243,6560831,NC
-0.32603728885988137,6560832,NC
-0.3159948051831456,6560833,NC
-0.28595235155933096,6560834,NC
-0.27090992801743063,6560835,NC
-0.2658675345864173,6560836,NC
-0.23582517129524336,6560837,NC
-0.25578283817284014,6560838,NC
-0.25074053524811885,6560839,NC
-0.27569826254996976,6560840,NC
-0.29565602010726266,6560841,NC
-0.29561380794884656,6560842,NC
-0.32057162610354983,6560843,NC
-0.3105294746001802,6560844,NC
-0.2704873534675247,6560845,NC
-0.2354452627343494,6560846,NC
-0.2104032024293998,6560847,NC
-0.22536117258140068,6560848,NC
-0.2353191732190558,6560849,NC
-0.2402772043710482,6560850,NC
-0.22523526606604022,6560851,NC
-0.22019335833267314,6560852,NC
-0.21015148119956745,6560853,NC
-0.21010963469532273,6560854,NC
-0.22506781884851768,6560855,NC
-0.24502603368770992,6560856,NC
-0.24498427924143634,6560857,NC
-0.2449425555382127,6560858,NC
-0.23490086260653384,6560859,NC
-0.2448592004748734,6560860,NC
-0.2698175691716843,6560861,NC
-0.2797759687253981,6560862,NC
-0.2747343991644255,6560863,NC
-0.254692860517156,6560864,NC
-0.22965135281195803,6560865,NC
-0.22460987607717886,6560866,NC
-0.2395684303411446,6560867,NC
-0.2595270156321603,6560868,NC
-0.26448563197850966,6560869,NC
-0.2944442794084553,6560870,NC
-0.3094029579502384,6560871,NC
-0.3343616676320793,6560872,NC
-0.34932040848217666,6560873,NC
-0.349279180528708,6560874,NC
-0.3092379837998296,6560875,NC
-0.28919681832367644,6560876,NC
-0.28915568412836196,6560877,NC
-0.2941145812419784,6560878,NC
-0.30407350969259656,6560879,NC
-0.29403246950826595,6560880,NC
-0.2839914607170145,6560881,NC
-0.2639504833468487,6560882,NC
-0.2589095374257537,6560883,NC
-0.25886862298169316,6560884,NC
-0.2638277400426092,6560885,NC
-0.2837868886364224,6560886,NC
-0.2887460687910318,6560887,NC
-0.273705280534315,6560888,NC
-0.2636645238941278,6560889,NC
-0.26362379889830473,6560890,NC
-0.2635831055746584,6560891,NC
-0.26354244395098003,6560892,NC
-0.25350181405503897,6560893,NC
-0.24346121591458306,6560894,NC
-0.23342064955733846,6560895,NC
-0.24838011501100946,6560896,NC
-0.25333961230327884,6560897,NC
-0.26829914146180744,6560898,NC
-0.2532587025142345,6560899,NC
-0.2632182954881774,6560900,NC
-0.25817792041123167,6560901,NC
-0.25313757731097114,6560902,NC
-0.2580972662149477,6560903,NC
-0.25305698715069147,6560904,NC
-0.2580167401457106,6560905,NC
-0.21297652522749141,6560906,NC
-0.20293634242349826,6560907,NC
-0.20789619176117363,6560908,NC
-0.21785607326793804,6560909,NC
-0.22781598697119004,6560910,NC
-0.19777593289830608,6560911,NC
-0.17773591107664083,6560912,NC
-0.14269592153352673,6560913,NC
-0.11765596429627426,6560914,NC
-0.10261603939217182,6560915,NC
-0.08757614684848576,6560916,NC
-0.02753628669246029,6560917,NC
0.022503541048682477,6560918,NC
0.08254333634774258,6560919,NC
0.11758309917754217,6560920,NC
0.12762282951092566,6560921,NC
0.12766252732075958,6560922,NC
0.1477021925799327,6560923,NC
0.14774182526135599,6560924,NC
0.11278142533796273,6560925,NC
0.04282099278270842,6560926,NC
-0.037139472431429156,6560927,NC
-0.10209997033144987,6560928,NC
-0.1270605009443313,6560929,NC
-0.09202106429702875,6560930,NC
-0.021981660416474987,6560931,NC
0.06305771067041943,6560932,NC
0.1480970489367664,6560933,NC
0.23313635435570024,6560934,NC
0.3231756269003777,6560935,NC
0.403214866543978,6560936,NC
0.44325407325970273,6560937,NC
0.4232932470207761,6560938,NC
0.3633323878004448,6560939,L
0.29837149557197795,6560940,NC
0.2384105703086673,6560941,NC
0.17844961198382717,6560942,NC
0.12348862057079438,6560943,NC
0.03352759604292841,6560944,NC
-0.04643346162638865,6560945,NC
-0.1413945524637521,6560946,NC
-0.21135567649573458,6560947,NC
-0.26131683374888603,6560948,NC
-0.2962780242497337,6560949,NC
-0.35123924802478235,6560950,NC
-0.3662005051005135,6560951,NC
-0.3811617955033865,6560952,NC
-0.3711231192598377,6560953,NC
-0.3560844763962806,6560954,NC
-0.3360458669391059,6560955,NC
-0.33100729091468156,6560956,NC
-0.32596874834935285,6560957,NC
-0.2959302392694419,6560958,NC
-0.2558917637012482,6560959,NC
-0.24585332167104823,6560960,NC
-0.22581491320509564,6560961,NC
-0.23577653832962098,6560962,NC
-0.24573819707083217,6560963,NC
-0.2556998894549139,6560964,NC
-0.250661615508028,6560965,NC
-0.20562337525631338,6560966,NC
-0.19558516872588574,6560967,NC
-0.1955469959428379,6560968,NC
-0.22550885693323958,6560969,NC
-0.23047075172313747,6560970,NC
-0.2254326803385551,6560971,NC
-0.210394642805493,6560972,NC
-0.17535663914992852,6560973,NC
-0.1903186693978159,6560974,NC
-0.20028073357508622,6560975,NC
-0.19524283170764734,6560976,NC
-0.20520496382138403,6560977,NC
-0.19016712994215776,6560978,NC
-0.19512933009580682,6560979,NC
-0.19509156430814625,6560980,NC
-0.20505383260496782,6560981,NC
-0.19501613501204004,6560982,NC
-0.16997847155510812,6560983,NC
-0.16994084225989392,6560984,NC
-0.15490324715209602,6560985,NC
-0.15986568625738967,6560986,NC
-0.1498281596014267,6560987,NC
-0.1347906672098355,6560988,NC
-0.13975320910822128,6560989,NC
-0.12971578532216554,6560990,NC
-0.11967839587722662,6560991,NC
-0.1446410407989392,6560992,NC
-0.14460372011281458,6560993,NC
-0.15456643384434055,6560994,NC
-0.12452918201898142,6560995,NC
-0.104491964662178,6560996,NC
-0.08945478179934749,6560997,NC
-0.08441763345588352,6560998,NC
-0.08938051965715627,6560999,NC
-0.0793434404285122,6561000,NC
-0.049306395795274224,6561001,NC
-0.03426938578274162,6561002,NC
-0.01923241041619001,6561003,NC
-0.004195469720871356,6561004,NC
0.0008414362779860379,6561005,NC
0.01587830755517758,6561006,NC
0.0409151440855224,6561007,NC
0.08095194584386334,6561008,NC
0.100988712805067,6561009,NC
0.09602544494402372,6561010,NC
0.09106214223564768,6561011,NC
0.07609880465487678,6561012,NC
0.0861354321766728,6561013,NC
0.12117202477602135,6561014,NC
0.1412085824279318,6561015,NC
0.12624510510743753,6561016,NC
0.0962815927895957,6561017,NC
0.07631804544948739,6561018,NC
0.09635446306221762,6561019,NC
0.12139084560291535,6561020,NC
0.16142719304673345,6561021,NC
0.1814635053688488,6561022,NC
0.19149978254446226,6561023,NC
0.21153602454879866,6561024,NC
0.2265722313571069,6561025,NC
0.2516084029446599,6561026,NC
0.25664453928675457,6561027,NC
0.281680640358712,6561028,NC
0.2717167061358773,6561029,NC
0.26675273659361964,6561030,NC
0.2717887317073325,6561031,NC
0.2868246914524332,6561032,NC
0.2868606158043635,6561033,NC
0.2618965047385892,6561034,NC
0.2419323582306003,6561035,NC
0.23696817625591093,6561036,NC
0.2270039587900596,6561037,NC
0.22703970580860894,6561038,NC
0.19207541728714592,6561039,NC
0.13711109320128165,6561040,NC
0.09214673352665165,6561041,NC
0.047182338238915704,6561042,NC
0.042217907313757914,6561043,NC
0.05225344072688675,6561044,NC
0.06228893845403498,6561045,NC
0.03232440047095979,6561046,NC
0.002359826753442755,6561047,NC
-0.037604782722710194,6561048,NC
-0.06756942798166865,6561049,NC
-0.06253410904757781,6561050,NC
-0.062498825944558356,6561051,NC
-0.07246357869670658,6561052,NC
-0.08742836732809425,6561053,NC
-0.08739319186276859,6561054,NC
-0.08235805232475238,6561055,NC
-0.07232294873804382,6561056,NC
-0.08228788112661656,6561057,NC
-0.09225284951441966,6561058,NC
-0.11721785392537769,6561059,NC
-0.13218289438339045,6561060,NC
-0.11714797091233331,6561061,NC
-0.10211308353605686,6561062,NC
-0.07707823227838712,6561063,NC
-0.08704341716312541,6561064,NC
-0.08700863821404839,6561065,NC
-0.09697389545490795,6561066,NC
-0.07693918890943141,6561067,NC
-0.0669045186013212,6561068,NC
-0.0718698845542551,6561069,NC
-0.09683528679188608,6561070,NC
-0.13180072533784237,6561071,NC
-0.12676620021572735,6561072,NC
-0.12173171144911965,6561073,NC
-0.096697259061573,6561074,NC
-0.09166284307661637,6561075,NC
-0.0866284635177538,6561076,NC
-0.09659412040846445,6561077,NC
-0.07155981377220266,6561078,NC
-0.07152554363239778,6561079,NC
-0.061491310012454295,6561080,NC
-0.061457112935751707,6561081,NC
-0.08642295242564457,6561082,NC
-0.0863888285054625,6561083,NC
-0.09135474119851006,6561084,NC
-0.07632069052806689,6561085,NC
-0.08128667651738755,6561086,NC
-0.051252699189701545,6561087,NC
-0.056218758568213414,6561088,NC
-0.06118485467610254,6561089,NC
-0.04115098753652326,6561090,NC
-0.03611715717260482,6561091,NC
-0.036083363607451346,6561092,NC
-0.036049606864141805,6561093,NC
-0.05601588696573005,6561094,NC
-0.07098220393524475,6561095,NC
-0.08594855779568944,6561096,NC
-0.08591494857004237,6561097,NC
-0.06588137628125662,6561098,NC
-0.045847840952260153,6561099,NC
-0.05081434260595551,6561100,NC
-0.08078088126522012,6561101,NC
-0.08574745695290605,6561102,NC
-0.0757140696918401,6561103,NC
-0.04568071950482379,6561104,NC
-0.010647406414633305,6561105,NC
-0.02061413044401951,6561106,NC
-0.06558089161570789,6561107,NC
-0.1055476899523986,6561108,NC
-0.11051452547676638,6561109,NC
-0.08548139821146059,6561110,NC
-0.06544830817910513,6561111,NC
-0.0704152554022986,6561112,NC
-0.095382239903614,6561113,NC
-0.115349261705599,6561114,NC
-0.10531632083077572,6561115,NC
-0.09028341730164077,6561116,NC
-0.06525055114066539,6561117,NC
-0.06521772237029512,6561118,NC
-0.09518493101295009,6561119,NC
-0.10515217709102483,6561120,NC
-0.12511946062688828,6561121,NC
-0.10508678164288392,6561122,NC
-0.10505414016132945,6561123,NC
-0.11502153620451713,6561124,NC
-0.12998896979471344,6561125,NC
-0.13995644095415935,6561126,NC
-0.11492394970507011,6561127,NC
-0.10489149606963527,6561128,NC
-0.08985908007001875,6561129,NC
-0.09982670172835875,6561130,NC
-0.11979436106676775,6561131,NC
-0.12976205810733246,6561132,NC
-0.1147297928721139,6561133,NC
-0.09969756538314728,6561134,NC
-0.08966537566244205,6561135,NC
-0.06463322373198191,6561136,NC
-0.07960110961372467,6561137,NC
-0.08956903332960234,6561138,NC
-0.11953699490152113,6561139,NC
-0.1295049943513614,6561140,NC
-0.12947303170097757,6561141,NC
-0.12944110697219824,6561142,NC
-0.1244092201868261,6561143,NC
-0.10937737136663792,6561144,NC
-0.07934556053338454,6561145,NC
-0.044313787708790846,6561146,NC
-0.02428205291455579,6561147,NC
-0.039250356172352355,6561148,NC
-0.0692186975038275,6561149,NC
-0.10918707693060226,6561150,NC
-0.1291554944742715,6561151,NC
-0.10412395015640427,6561152,NC
-0.07909244399854336,6561153,NC
-0.07906097602220563,6561154,NC
-0.08902954624888182,6561155,NC
-0.09399815470003663,6561156,NC
-0.08896680139710858,6561157,NC
-0.0539354863615101,6561158,NC
-0.028904209614627502,6561159,NC
-0.03887297117782092,6561160,NC
-0.04384177107242437,6561161,NC
-0.05881060931974564,6561162,NC
-0.04377948594106634,6561163,NC
-0.028748400957641904,6561164,NC
-0.023717354390701502,6561165,NC
-0.03868634626144809,6561166,NC
-0.053655376591058374,6561167,NC
-0.07362444540068279,6561168,NC
-0.08859355271144548,6561169,NC
-0.09356269854444432,6561170,NC
-0.08853188292075087,6561171,NC
-0.08850110586141036,6561172,NC
-0.09847036738744167,6561173,NC
-0.11843966751983734,6561174,NC
-0.10340900627956356,6561175,NC
-0.09837838368756013,6561176,NC
-0.08334779976474047,6561177,NC
-0.0933172545319915,6561178,NC
-0.08828674801017386,6561179,NC
-0.10325628022012168,6561180,NC
-0.10322585118264262,6561181,NC
-0.09819546091851789,6561182,NC
-0.11816510944850223,6561183,NC
-0.1381347967933239,6561184,NC
-0.1681045229736846,6561185,NC
-0.20307428801025962,6561186,NC
-0.20304409192369754,6561187,NC
-0.20301393473462054,6561188,NC
-0.17298381646362415,6561189,NC
-0.17295373713127737,6561190,NC
-0.16292369675812257,6561191,NC
-0.16789369536467555,6561192,NC
-0.16286373297142548,6561193,NC
-0.16783380959883487,6561194,NC
-0.15280392526733957,6561195,NC
-0.13777407999734886,6561196,NC
-0.14274427380924523,6561197,NC
-0.13771450672338453,6561198,NC
-0.14268477876009591,6561199,NC
-0.1476550899396818,6561200,NC
-0.15262544028241787,6561201,NC
-0.1575958298085531,6561202,NC
-0.17256625853830967,6561203,NC
-0.19253672649188297,6561204,NC
-0.19750723368944162,6561205,NC
-0.19247778015112746,6561206,NC
-0.17744836589705548,6561207,NC
-0.17241899094731394,6561208,NC
-0.1673896553219641,6561209,NC
-0.1673603590410404,6561210,NC
-0.17233110212455055,6561211,NC
-0.1573018845924752,6561212,NC
-0.14727270646476823,6561213,NC
-0.15724356776135656,6561214,NC
-0.17721446850214012,6561215,NC
-0.1721854087069921,6561216,NC
-0.15215638839575843,6561217,NC
-0.1671274075882584,6561218,NC
-0.14709846630428405,6561219,NC
-0.15206956456360066,6561220,NC
-0.16704070238594634,6561221,NC
-0.17201187979103225,6561222,NC
-0.15698309679854244,6561223,NC
-0.13195435342813405,6561224,NC
-0.09692564969943707,6561225,NC
-0.09189698563205441,6561226,NC
-0.09686836124556195,6561227,NC
-0.11183977655950841,6561228,NC
-0.07181123159341543,6561229,NC
-0.03678272636677752,6561230,NC
0.008245739100937947,6561231,NC
0.07327416479029077,6561232,NC
0.1633025506818679,6561233,NC
0.2333308967562834,6561234,NC
0.31335920299417874,6561235,NC
0.3633874693762223,6561236,NC
0.3784156958831099,6561237,NC
0.36344388249556453,6561238,NC
0.31847202919433637,6561239,NC
0.28350013596020296,6561240,NC
0.228528202773969,6561241,NC
0.20355622961646655,6561242,NC
0.20358421646855498,6561243,NC
0.21361216331112093,6561244,NC
0.26364007012507834,6561245,NC
0.35366793689136855,6561246,NC
0.4836957635909603,6561247,NC
0.6537235502048494,6561248,NC
0.7487512967140595,6561249,NC
0.8187790030996412,6561250,NC
0.8388066693426729,6561251,NC
0.7988342954242599,6561252,L
0.7188618813255355,6561253,NC
0.6188894270276601,6561254,NC
0.5489169325118216,6561255,NC
0.4789443977592354,6561256,NC
0.4239718227511444,6561257,NC
0.33899920746881906,6561258,NC
0.22902655189355703,6561259,NC
0.07905385600668385,6561260,NC
-0.07091888021044758,6561261,NC
-0.21589165677645683,6561262,NC
-0.3058644737099358,6561263,NC
-0.355837331029449,6561264,NC
-0.3858102287535332,6561265,NC
-0.3707831669006976,6561266,NC
-0.360756145489424,6561267,NC
-0.35072916453816616,6561268,NC
-0.3307022240653507,6561269,NC
-0.3206753240893762,6561270,NC
-0.2806484646286138,6561271,NC
-0.24062164570140687,6561272,NC
-0.2105948673260712,6561273,NC
-0.21556812952089477,6561274,NC
-0.22554143230413784,6561275,NC
-0.23551477569403315,6561276,NC
-0.2254881597087855,6561277,NC
-0.22546158436657204,6561278,NC
-0.19543504968554218,6561279,NC
-0.19040855568381743,6561280,NC
-0.18538210237949165,6561281,NC
-0.20535568979063093,6561282,NC
-0.2153293179352734,6561283,NC
-0.22530298683142946,6561284,NC
-0.22527669649708176,6561285,NC
-0.24025044695018505,6561286,NC
-0.23022423820866605,6561287,NC
-0.22019807029042396,6561288,NC
-0.21017194321332977,6561289,NC
-0.1951458569952267,6561290,NC
-0.17511981165393015,6561291,NC
-0.17009380720722758,6561292,NC
-0.16006784367287835,6561293,NC
-0.15504192106861409,6561294,NC
-0.17501603941213834,6561295,NC
-0.18999019872112677,6561296,NC
-0.199964399013227,6561297,NC
-0.20993864030605872,6561298,NC
-0.20991292261721356,6561299,NC
-0.20488724596425514,6561300,NC
-0.17486161036471912,6561301,NC
-0.1498360158361131,6561302,NC
-0.15481046239591661,6561303,NC
-0.12978495006158114,6561304,NC
-0.12975947885053002,6561305,NC
-0.1497340487801586,6561306,NC
-0.12970865986783414,6561307,NC
-0.11468331213089568,6561308,NC
-0.09465800558665427,6561309,NC
-0.09463274025239277,6561310,NC
-0.09960751614536584,6561311,NC
-0.09958233328280011,6561312,NC
-0.07455719168189393,6561313,NC
-0.05453209135981749,6561314,NC
-0.01950703233371285,6561315,NC
-0.004482014620693822,6561316,NC
-0.009457038237846008,6561317,NC
-0.004432103202226791,6561318,NC
0.010592790469134701,6561319,NC
0.005617642759237568,6561320,NC
0.010642453651109177,6561321,NC
0.0006672231278051777,6561322,NC
0.015691951172409492,6561323,NC
0.03571663776803434,6561324,NC
0.04574128289782025,6561325,NC
0.09576588654493608,6561326,NC
0.12079044869257899,6561327,NC
0.13081496932397452,6561328,NC
0.13083944842237652,6561329,NC
0.12586388597106724,6561330,NC
0.1508882819533573,6561331,NC
0.1709126363525857,6561332,NC
0.1859369491521198,6561333,NC
0.19096122033535548,6561334,NC
0.19098544988571692,6561335,NC
0.2010096377866568,6561336,NC
0.20603378402165617,6561337,NC
0.2310578885742247,6561338,NC
0.24608195142790038,6561339,NC
0.27110597256624963,6561340,NC
0.2661299519728676,6561341,NC
0.26615388963137765,6561342,NC
0.2811777855254319,6561343,NC
0.29620163963871077,6561344,NC
0.31622545195492346,6561345,NC
0.3212492224578074,6561346,NC
0.28627295113112894,6561347,NC
0.2612966379586827,6561348,NC
0.261320282924292,6561349,NC
0.25134388601180874,6561350,NC
0.23636744720511346,6561351,NC
0.22139096648811527,6561352,NC
0.18141444384475186,6561353,NC
0.14643787925898966,6561354,NC
0.14646127271482362,6561355,NC
0.13148462419627743,6561356,NC
0.1065079336874034,6561357,NC
0.09653120117228259,6561358,NC
0.06155442663502464,6561359,NC
0.04657761005976799,6561360,NC
0.03660075143067972,6561361,NC
0.03662385073195566,6561362,NC
0.021646907947820385,6561363,NC
0.006669923062527172,6561364,NC
-0.0033071039396419255,6561365,NC
-0.0232841730743761,6561366,NC
-0.02326128435733575,6561367,NC
-0.003238437804152512,6561368,NC
0.0017843665695708097,6561369,NC
-0.00819287125173987,6561370,NC
-0.038170151283629696,6561371,NC
-0.0731474735416151,6561372,NC
-0.08812483804118357,6561373,NC
-0.09310224479779387,6561374,NC
-0.09807969382687581,6561375,NC
-0.07305718514383033,6561376,NC
-0.08303471876402951,6561377,NC
-0.07801229470281663,6561378,NC
-0.0779899129755059,6561379,NC
-0.06296757359738273,6561380,NC
-0.05794527658370358,6561381,NC
-0.062923021949696,6561382,NC
-0.07290080971055854,6561383,NC
-0.08287863988146085,6561384,NC
-0.06285651247754362,6561385,NC
-0.07283442751391851,6561386,NC
-0.05781238500566826,6561387,NC
-0.06279038496784657,6561388,NC
-0.06276842741547817,6561389,NC
-0.08274651236355873,6561390,NC
-0.08772463982705495,6561391,NC
-0.057702809820904456,6561392,NC
-0.04768102236001584,6561393,NC
-0.057659277459268625,6561394,NC
-0.06263757513351331,6561395,NC
-0.08761591539757124,6561396,NC
-0.08259429826623477,6561397,NC
-0.05757272375426709,6561398,NC
-0.052551191876402316,6561399,NC
-0.0475297026473454,6561400,NC
-0.05250825608177224,6561401,NC
-0.06748685219432954,6561402,NC
-0.06246549099963489,6561403,NC
-0.0474441725122767,6561404,NC
-0.02742289674681421,6561405,NC
-0.04240166371777754,6561406,NC
-0.05238047343966755,6561407,NC
-0.06735932592695595,6561408,NC
-0.06733822119408521,6561409,NC
-0.06731715925546862,6561410,NC
-0.0622961401254902,6561411,NC
-0.07227516381850481,6561412,NC
-0.08725423034883796,6561413,NC
-0.10723333973078601,6561414,NC
-0.09721249197861598,6561415,NC
-0.05719168710656562,6561416,NC
-0.05217092512884346,6561417,NC
-0.05215020605962867,6561418,NC
-0.06712952991307113,6561419,NC
-0.08210889670329138,6561420,NC
-0.07208830644438077,6561421,NC
-0.05706775915040113,6561422,NC
-0.04704725483538508,6561423,NC
-0.02702679351333581,6561424,NC
-0.027006375198227198,6561425,NC
-0.04698599990400375,6561426,NC
-0.06196566764458053,6561427,NC
-0.07194537843384331,6561428,NC
-0.06692513228564839,6561429,NC
-0.09190492921382266,6561430,NC
-0.10688476923216365,6561431,NC
-0.1368646523544394,6561432,NC
-0.1418445785943885,6561433,NC
-0.12682454796572024,6561434,NC
-0.13180456048211422,6561435,NC
-0.09678461615722077,6561436,NC
-0.10676471500466066,6561437,NC
-0.11174485703802516,6561438,NC
-0.1167250422708761,6561439,NC
-0.09670527071674581,6561440,NC
-0.08168554238913703,6561441,NC
-0.07666585730152307,6561442,NC
-0.09664621546734765,6561443,NC
-0.09662661690002497,6561444,NC
-0.09660706161293968,6561445,NC
-0.08158754961944688,6561446,NC
-0.07656808093287212,6561447,NC
-0.08654865556651128,6561448,NC
-0.10652927353363081,6561449,NC
-0.11150993484746742,6561450,NC
-0.10149063952122833,6561451,NC
-0.07647138756809105,6561452,NC
-0.07645217900120353,6561453,NC
-0.08643301383368406,6561454,NC
-0.09141389207862134,6561455,NC
-0.09639481374907437,6561456,NC
-0.07637577885807252,6561457,NC
-0.03635678741861545,6561458,NC
-0.0413378394436732,6561459,NC
-0.04631893494618612,6561460,NC
-0.06130007393906485,6561461,NC
-0.0562812564351903,6561462,NC
-0.03126248244741375,6561463,NC
-0.0012437519885566822,6561464,NC
-0.01122506507141087,6561465,NC
-0.056206421708738394,6561466,NC
-0.09618782191327155,6561467,NC
-0.10616926569771287,6561468,NC
-0.09115075307473515,6561469,NC
-0.07613228405698144,6561470,NC
-0.06111385865706491,6561471,NC
-0.04109547688756905,6561472,NC
-0.041077138761047516,6561473,NC
-0.04105884429002414,6561474,NC
-0.03604059348699297,6561475,NC
-0.021022386364418194,6561476,NC
0.003995777065265826,6561477,NC
-0.010986103210345488,6561478,NC
-0.01596802720362682,6561479,NC
-0.025949994926922973,6561480,NC
-0.01593200639254895,6561481,NC
-0.010914061612789822,6561482,NC
0.009103839400099172,6561483,NC
-0.010878303366107261,6561484,NC
-0.025860489923604568,6561485,NC
-0.05584272028455825,6561486,NC
-0.050824994461103945,6561487,NC
-0.05080731246534727,6561488,NC
-0.04078967430936402,6561489,NC
-0.0457720800052,6561490,NC
-0.05575452956487105,6561491,NC
-0.060737023000363086,6561492,NC
-0.08071956032363203,6561493,NC
-0.06070214154660389,6561494,NC
-0.05068476668117461,6561495,NC
-0.0756674357392102,6561496,NC
-0.06565014873254665,6561497,NC
-0.07063290567298997,6561498,NC
-0.0606157065723161,6561499,NC
-0.060598551442271054,6561500,NC
-0.06558144029457075,6561501,NC
-0.07556437314090104,6561502,NC
-0.1155473499929178,6561503,NC
-0.14053037086224685,6561504,NC
-0.15051343576048387,6561505,NC
-0.11549654469919456,6561506,NC
-0.1004796976899145,6561507,NC
-0.09546289474414917,6561508,NC
-0.12044613587337401,6561509,NC
-0.14042942108903428,6561510,NC
-0.1354127504025453,6561511,NC
-0.12539612382529197,6561512,NC
-0.1053795413686294,6561513,NC
-0.11536300304388233,6561514,NC
-0.1453465088623455,6561515,NC
-0.15533005883528345,6561516,NC
-0.12531365297393054,6561517,NC
-0.12529729128949102,6561518,NC
-0.11528097379313891,6561519,NC
-0.1152647004960181,6561520,NC
-0.13524847140924232,6561521,NC
-0.13523228654389502,6561522,NC
-0.13021614591102948,6561523,NC
-0.12020004952166884,6561524,NC
-0.10518399738680595,6561525,NC
-0.11016798951740343,6561526,NC
-0.1351520259243938,6561527,NC
-0.1451361066186791,6561528,NC
-0.14012023161113135,6561529,NC
-0.12510440091259226,6561530,NC
-0.11008861453387317,6561531,NC
-0.11007287248575529,6561532,NC
-0.1200571747789895,6561533,NC
-0.13504152142429637,6561534,NC
-0.12002591243236621,6561535,NC
-0.12001034781385905,6561536,NC
-0.09999482757940457,6561537,NC
-0.09497935173960219,6561538,NC
-0.09496392030502097,6561539,NC
-0.09494853328619965,6561540,NC
-0.06993319069364666,6561541,NC
-0.044917892537840065,6561542,NC
-0.019902638829227604,6561543,NC
-0.024887429578226622,6561544,NC
-0.03487226479522418,6561545,NC
-0.0048571444905768785,6561546,NC
0.05015793132538901,6561547,NC
0.1351729626423776,6561548,NC
0.2201879494501234,6561549,NC
0.26020289173839134,6561550,NC
0.2752177894969766,6561551,NC
0.3002326427157051,6561552,NC
0.3252474513844329,6561553,NC
0.3052622154930465,6561554,NC
0.22027693503146292,6561555,NC
0.11029160998962965,6561556,NC
0.035306240357524526,6561557,NC
0.035320826125155885,6561558,NC
0.11533536728256251,6561559,NC
0.2603498638198137,6561560,NC
0.4203643157270091,6561561,NC
0.5803787229942791,6561562,NC
0.7003930856117841,6561563,NC
0.7954074035697155,6561564,NC
0.8554216768582951,6561565,NC
0.8704359054677748,6561566,NC
0.8204500893884374,6561567,L
0.7204642286105964,6561568,NC
0.5754783231245952,6561569,NC
0.45049237292080824,6561570,NC
0.35550637798964035,6561571,NC
0.3005203383215269,6561572,NC
0.2005342539069338,6561573,NC
0.08054812473635753,6561574,NC
-0.06943804919967485,6561575,NC
-0.1994242679106057,6561576,NC
-0.2644105314058468,6561577,NC
-0.30439683969477943,6561578,NC
-0.31438319278675414,6561579,NC
-0.33936959069109107,6561580,NC
-0.35435603341707944,6561581,NC
-0.3493425209739782,6561582,NC
-0.3143290533710156,6561583,NC
-0.25431563061738904,6561584,NC
-0.2093022527222656,6561585,NC
-0.17428891969478144,6561586,NC
-0.1542756315440424,6561587,NC
-0.16426238827912337,6561588,NC
-0.16924918990906873,6561589,NC
-0.16423603644289225,6561590,NC
-0.17922292788957683,6561591,NC
-0.20420986425807497,6561592,NC
-0.21919684555730823,6561593,NC
-0.24418387179616768,6561594,NC
-0.2341709429835136,6561595,NC
-0.21415805912817565,6561596,NC
-0.17914522023895263,6561597,NC
-0.1591324263246128,6561598,NC
-0.16411967739389366,6561599,NC
-0.16910697345550188,6561600,NC
-0.1640943145181136,6561601,NC
-0.14408170059037403,6561602,NC
-0.13406913168089782,6561603,NC
-0.1290566077982687,6561604,NC
-0.13404412895103976,6561605,NC
-0.1440316951477333,6561606,NC
-0.13401930639684093,6561607,NC
-0.12400696270682335,6561608,NC
-0.10899466408611057,6561609,NC
-0.11398241054310186,6561610,NC
-0.10397020208616566,6561611,NC
-0.11895803872363954,6561612,NC
-0.1089459204638304,6561613,NC
-0.09393384731501433,6561614,NC
-0.0839218192854365,6561615,NC
-0.08390983638331138,6561616,NC
-0.07889789861682255,6561617,NC
-0.08888600599412282,6561618,NC
-0.0888741585233341,6561619,NC
-0.06386235621254756,6561620,NC
-0.033850599069823434,6561621,NC
-0.03383888710319115,6561622,NC
-0.04882722032064929,6561623,NC
-0.058815598730165564,6561624,NC
-0.03880402233967682,6561625,NC
-0.023792491157089077,6561626,NC
0.016218994809722567,6561627,NC
0.016230435552913924,6561628,NC
0.006241831064671605,6561629,NC
0.02625318133721318,6561630,NC
0.041264486362787074,6561631,NC
0.05127574613367265,6561632,NC
0.07628696064218013,6561633,NC
0.0812981298806507,6561634,NC
0.08130925384145643,6561635,NC
0.0763203325170003,6561636,NC
0.10133136589971627,6561637,NC
0.12134235398206916,6561638,NC
0.14135329675655478,6561639,NC
0.15136419421569988,6561640,NC
0.15637504635206212,6561641,NC
0.16138585315823017,6561642,NC
0.18139661462682366,6561643,NC
0.21640733075049304,6561644,NC
0.22641800152191993,6561645,NC
0.2364286269338168,6561646,NC
0.2414392069789271,6561647,NC
0.22144974165002534,6561648,NC
0.27646023093991695,6561649,NC
0.3214706748414384,6561650,NC
0.35648107334745704,6561651,NC
0.3664914264508714,6561652,NC
0.33150173414461087,6561653,NC
0.24651199642163596,6561654,NC
0.21152221327493814,6561655,NC
0.20653238469753987,6561656,NC
0.2315425106824947,6561657,NC
0.29655259122288724,6561658,NC
0.32656262631183297,6561659,NC
0.34157261594247856,6561660,NC
0.3365825601080018,6561661,NC
0.34159245880161127,6561662,NC
0.3416023120165468,6561663,NC
0.3216121197460793,6561664,NC
0.30662188198351054,6561665,NC
0.29663159872217365,6561666,NC
0.29164126995543255,6561667,NC
0.29665089567668246,6561668,NC
0.3016604758793495,6561669,NC
0.306670010556891,6561670,NC
0.2966794997027955,6561671,NC
0.2766889433105822,6561672,NC
0.24669834137380184,6561673,NC
0.18670769388603609,6561674,NC
0.13671700084089772,6561675,NC
0.05672626223203062,6561676,NC
0.011735478053109878,6561677,NC
-0.02325535170215841,6561678,NC
-0.03824622704003697,6561679,NC
-0.0432371479667574,6561680,NC
-0.04322811448852017,6561681,NC
-0.03321912661149459,6561682,NC
-0.04321018434181885,6561683,NC
-0.04820128768559999,6561684,NC
-0.05319243664891388,6561685,NC
-0.03818363123780527,6561686,NC
-0.038174871458287726,6561687,NC
-0.038166157316343666,6561688,NC
-0.04315748881792429,6561689,NC
-0.0781488659689497,6561690,NC
-0.08814028877530879,6561691,NC
-0.08313175724285923,6561692,NC
-0.0781232713774276,6561693,NC
-0.06811483118480921,6561694,NC
-0.0581064366707682,6561695,NC
-0.06309808784103754,6561696,NC
-0.06308978470131897,6561697,NC
-0.07308152725728306,6561698,NC
-0.04807331551456913,6561699,NC
-0.07806514947878529,6561700,NC
-0.09305702915550852,6561701,NC
-0.09804895455028446,6561702,NC
-0.10804092566862758,6561703,NC
-0.08303294251602118,6561704,NC
-0.08302500509791724,6561705,NC
-0.08801711341973655,6561706,NC
-0.09300926748686865,6561707,NC
-0.09800146730467184,6561708,NC
-0.08799371287847317,6561709,NC
-0.07298600421356849,6561710,NC
-0.06797834131522232,6561711,NC
-0.07297072418866798,6561712,NC
-0.0979631528391075,6561713,NC
-0.08295562727171166,6561714,NC
-0.07794814749161998,6561715,NC
-0.05794071350394073,6561716,NC
-0.06293332531375083,6561717,NC
-0.06792598292609602,6561718,NC
-0.08791868634599066,6561719,NC
-0.09791143557841793,6561720,NC
-0.09290423062832963,6561721,NC
-0.08789707150064634,6561722,NC
-0.07788995820025729,6561723,NC
-0.07788289073202048,6561724,NC
-0.09287586910076255,6561725,NC
-0.08286889331127882,6561726,NC
-0.07786196336833338,6561727,NC
-0.08285507927665897,6561728,NC
-0.05284824104095698,6561729,NC
-0.07284144866589756,6561730,NC
-0.07783470215611944,6561731,NC
-0.09782800151623015,6561732,NC
-0.08282134675080575,6561733,NC
-0.06281473786439112,6561734,NC
-0.07280817486149971,6561735,NC
-0.06280165774661364,6561736,NC
-0.07279518652418374,6561737,NC
-0.1077887611986294,6561738,NC
-0.11778238177433883,6561739,NC
-0.12777604825566877,6561740,NC
-0.12276976064694459,6561741,NC
-0.13776351895246036,6561742,NC
-0.14775732317647883,6561743,NC
-0.15275117332323135,6561744,NC
-0.15274506939691784,6561745,NC
-0.14273901140170692,6561746,NC
-0.11773299934173592,6561747,NC
-0.11272703322111063,6561748,NC
-0.12272111304390562,6561749,NC
-0.12271523881416398,6561750,NC
-0.11770941053589745,6561751,NC
-0.12770362821308645,6561752,NC
-0.1276978918496799,6561753,NC
-0.12269220144959539,6561754,NC
-0.13768655701671917,6561755,NC
-0.13768095855490603,6561756,NC
-0.1326754060679794,6561757,NC
-0.1276698995597313,6561758,NC
-0.13266443903392228,6561759,NC
-0.1376590244942816,6561760,NC
-0.16265365594450715,6561761,NC
-0.1776483333882652,6561762,NC
-0.16264305682919078,6561763,NC
-0.15263782627088746,6561764,NC
-0.13763264171692743,6561765,NC
-0.13262750317085145,6561766,NC
-0.15762241063616877,6561767,NC
-0.18761736411635732,6561768,NC
-0.19261236361486356,6561769,NC
-0.19760740913510255,6561770,NC
-0.1676025006804579,6561771,NC
-0.18759763825428183,6561772,NC
-0.192592821859895,6561773,NC
-0.2075880515005868,6561774,NC
-0.20758332717961506,6561775,NC
-0.1775786489002062,6561776,NC
-0.1525740166655552,6561777,NC
-0.14756943047882567,6561778,NC
-0.15756489034314966,6561779,NC
-0.17756039626162778,6561780,NC
-0.17255594823732925,6561781,NC
-0.1425515462732918,6561782,NC
-0.13254719037252174,6561783,NC
-0.13254288053799385,6561784,NC
-0.15253861677265146,6561785,NC
-0.17253439907940654,6561786,NC
-0.16753022746113946,6561787,NC
-0.12752610192069927,6561788,NC
-0.11752202246090336,6561789,NC
-0.09751798908453785,6561790,NC
-0.09251400179435722,6561791,NC
-0.1075100605930846,6561792,NC
-0.0825061654834116,6561793,NC
-0.08250231646799831,6561794,NC
-0.09749851354947342,6561795,NC
-0.14249475673043405,6561796,NC
-0.15749104601344593,6561797,NC
-0.1874873814010432,6561798,NC
-0.17748376289572865,6561799,NC
-0.17748019049997343,6561800,NC
-0.1924766642162173,6561801,NC
-0.2174731840468685,6561802,NC
-0.2174697499943038,6561803,NC
-0.21746636206086842,6561804,NC
-0.2074630202488762,6561805,NC
-0.20245972456060926,6561806,NC
-0.17745647499831843,6561807,NC
-0.18245327156422297,6561808,NC
-0.20745011426051066,6561809,NC
-0.23744700308933767,6561810,NC
-0.24744393805282883,6561811,NC
-0.2424409191530773,6561812,NC
-0.21243794639214492,6561813,NC
-0.22243501977206176,6561814,NC
-0.21743213929482663,6561815,NC
-0.24242930496240672,6561816,NC
-0.2724265167767377,6561817,NC
-0.25742377473972367,6561818,NC
-0.26242107885323734,6561819,NC
-0.2524184291191198,6561820,NC
-0.2674158255391808,6561821,NC
-0.2724132681151982,6561822,NC
-0.2724107568489188,6561823,NC
-0.2774082917420574,6561824,NC
-0.2624058727962978,6561825,NC
-0.2574035000132917,6561826,NC
-0.27740117339465975,6561827,NC
-0.28239889294199094,6561828,NC
-0.29239665865684256,6561829,NC
-0.2923944705407405,6561830,NC
-0.26239232859517925,6561831,NC
-0.2823902328216214,6561832,NC
-0.2873881832214984,6561833,NC
-0.29738617979621,6561834,NC
-0.2923842225471244,6561835,NC
-0.29238231147557825,6561836,NC
-0.2673804465828768,6561837,NC
-0.26737862787029354,6561838,NC
-0.2973768553390705,6561839,NC
-0.2923751289904184,6561840,NC
-0.2923734488255161,6561841,NC
-0.28237181484551105,6561842,NC
-0.26737022705151925,6561843,NC
-0.272368685444625,6561844,NC
-0.28736719002588107,6561845,NC
-0.2773657407963089,6561846,NC
-0.27736433775689806,6561847,NC
-0.25736298090860693,6561848,NC
-0.257361670252362,6561849,NC
-0.2673604057890584,6561850,NC
-0.2773591875195597,6561851,NC
-0.28235801544469785,6561852,NC
-0.2723568895652735,6561853,NC
-0.2523558098820553,6561854,NC
-0.22735477639578075,6561855,NC
-0.20735378910715568,6561856,NC
-0.16735284801685427,6561857,NC
-0.1423519531255193,6561858,NC
-0.07735110443376185,6561859,NC
0.03264969805783838,6561860,NC
0.12265045434873342,6561861,NC
0.20765116443840675,6561862,NC
0.22765182832637335,6561863,NC
0.21265244601217992,6561864,NC
0.11765301749540456,6561865,NC
-0.022346457224343003,6561866,NC
-0.14734597814742148,6561867,NC
-0.1523455452741581,6561868,NC
-0.04734515860484846,6561869,NC
0.12265518186024338,6561870,NC
0.2876554761208849,6561871,NC
0.42765572417687503,6561872,NC
0.5276559260280446,6561873,NC
0.5626560816742555,6561874,L
0.5176561911154016,6561875,NC
0.4076562543514081,6561876,NC
0.2876562713822318,6561877,NC
0.1776562422078611,6561878,NC
0.07765616682831591,6561879,NC
-0.042343954756352276,6561880,NC
-0.15734412254606045,6561881,NC
-0.267344336540694,6561882,NC
-0.34734459674010676,6561883,NC
-0.39734490314412113,6561884,NC
-0.4273452557525277,6561885,NC
-0.4773456545650858,6561886,NC
-0.49734609958152287,6561887,NC
-0.5173465908015353,6561888,NC
-0.5023471282247873,6561889,NC
-0.4673477118509122,6561890,NC
-0.427348341679511,6561891,NC
-0.39734901771015385,6561892,NC
-0.387349739942379,6561893,NC
-0.36235050837569305,6561894,NC
-0.34235132300957144,6561895,NC
-0.32235218384345776,6561896,NC
-0.31235309087676405,6561897,NC
-0.31735404410887086,6561898,NC
-0.31235504353912724,6561899,NC
-0.3323560891668506,6561900,NC
-0.35235718099132685,6561901,NC
-0.33735831901181035,6561902,NC
-0.33235950322752394,6561903,NC
-0.34736073363765874,6561904,NC
-0.3473620102413746,6561905,NC
-0.3823633330377996,6561906,NC
-0.3523647020260303,6561907,NC
-0.31236611720513197,6561908,NC
-0.28736757857413786,6561909,NC
-0.28736908613205014,6561910,NC
-0.31237063987783914,6561911,NC
-0.3073722398104437,6561912,NC
-0.30737388592877135,6561913,NC
-0.2873755782316977,6561914,NC
-0.2673773167180671,6561915,NC
-0.2773791013866922,6561916,NC
-0.2973809322363542,6561917,NC
-0.32238280926580287,6561918,NC
-0.2923847324737561,6561919,NC
-0.2823867018589006,6561920,NC
-0.24738871741989138,6561921,NC
-0.2373907791553519,6561922,NC
-0.2373928870638741,6561923,NC
-0.22739504114401843,6561924,NC
-0.1923972413943138,6561925,NC
-0.15239948781325752,6561926,NC
-0.11240178039931545,6561927,NC
-0.11740411915092192,6561928,NC
-0.15740650406647966,6561929,NC
-0.20240893514435992,6561930,NC
-0.23741141238290242,6561931,NC
-0.22241393578041535,6561932,NC
-0.21741650533517543,6561933,NC
-0.21241912104542782,6561934,NC
-0.21742178290938596,6561935,NC
-0.22742449092523215,6561936,NC
-0.20242724509111698,6561937,NC
-0.16743004540515938,6561938,NC
-0.137432891865447,6561939,NC
-0.12243578447003586,6561940,NC
-0.08743872321695048,6561941,NC
-0.08244170810418386,6561942,NC
-0.04744473912969753,6561943,NC
-0.012447816291421457,6561944,NC
0.022549060412745875,6561945,NC
0.04254589098493749,6561946,NC
0.032542675427317896,6561947,NC
0.03253941374208316,6561948,NC
0.03753610593146081,6561949,NC
0.052532751997709876,6561950,NC
0.10252935194312089,6561951,NC
0.1225259057700159,6561952,NC
0.1275224134807484,6561953,NC
0.1275188750777035,6561954,NC
0.1525152905632976,6561955,NC
0.1575116599399788,6561956,NC
0.19250798321022655,6561957,NC
0.19250426037655188,6561958,NC
0.18250049144149727,6561959,NC
0.1924966764076366,6561960,NC
0.19749281527757537,6561961,NC
0.20248890805395048,6561962,NC
0.21248495473943035,6561963,NC
0.20748095533671487,6561964,NC
0.20747690984853534,6561965,NC
0.21247281827765463,6561966,NC
0.242468680626867,6561967,NC
0.2674644968989983,6561968,NC
0.27246026709690563,6561969,NC
0.28245599122347786,6561970,NC
0.25245166928163504,6561971,NC
0.2524473012743288,6561972,NC
0.2524428872045423,6561973,NC
0.25743842707529,6561974,NC
0.24743392088961796,6561975,NC
0.20242936865060365,6561976,NC
0.16742477036135592,6561977,NC
0.12742012602501515,6561978,NC
0.11241543564475318,6561979,NC
0.1124106992237732,6561980,NC
0.11240591676530994,6561981,NC
0.09240108827262952,6561982,NC
0.05739621374902953,6561983,NC
0.0073912931978389745,6561984,NC
-0.01761367337758174,6561985,NC
-0.017618685973840698,6561986,NC
-0.012623744587514599,6561987,NC
-0.022628849215148725,6561988,NC
-0.05263399985325691,6561989,NC
-0.05263919649832159,6561990,NC
-0.04764443914679378,6561991,NC
-0.03264972779509302,6561992,NC
-0.012655062439607498,6561993,NC
-0.03766044307669397,6561994,NC
-0.06766586970267781,6561995,NC
-0.08767134231385292,6561996,NC
-0.09267686090648183,6561997,NC
-0.0876824254767957,6561998,NC
-0.07268803602099426,6561999,NC
-0.0926936925352458,6562000,NC
-0.0926993950156873,6562001,NC
-0.10770514345842429,6562002,NC
-0.10271093785953096,6562003,NC
-0.08771677821505003,6562004,NC
-0.07272266452099291,6562005,NC
-0.08772859677333959,6562006,NC
-0.10773457496803872,6562007,NC
-0.11274059910100753,6562008,NC
-0.11274666916813192,6562009,NC
-0.11775278516526637,6562010,NC
-0.11775894708823403,6562011,NC
-0.10776515493282667,6562012,NC
-0.10777140869480471,6562013,NC
-0.1127777083698972,6562014,NC
-0.09278405395380186,6562015,NC
-0.08279044544218499,6562016,NC
-0.07279688283068164,6562017,NC
-0.0728033661148954,6562018,NC
-0.07280989529039861,6562019,NC
-0.08281647035273218,6562020,NC
-0.09782309129740585,6562021,NC
-0.0978297581198978,6562022,NC
-0.10283647081565503,6562023,NC
-0.10284322938009317,6562024,NC
-0.09785003380859651,6562025,NC
-0.13285688409651808,6562026,NC
-0.10786378023917943,6562027,NC
-0.07787072223187104,6562028,NC
-0.06287771006985188,6562029,NC
-0.07788474374834965,6562030,NC
-0.07289182326256083,6562031,NC
-0.08789894860765048,6562032,NC
-0.07790611977875242,6562033,NC
-0.07291333677096923,6562034,NC
-0.06292059957937204,6562035,NC
-0.07292790819900087,6562036,NC
-0.0879352626248643,6562037,NC
-0.09294266285193975,6562038,NC
-0.08295010887517326,6562039,NC
-0.0629576006894797,6562040,NC
-0.06296513828974255,6562041,NC
-0.04797272167081412,6562042,NC
-0.057980350827515376,6562043,NC
-0.06298802575463609,6562044,NC
-0.07299574644693475,6562045,NC
-0.08300351289913853,6562046,NC
-0.10301132510594349,6562047,NC
-0.11801918306201428,6562048,NC
-0.10302708676198445,6562049,NC
-0.0980350362004562,6562050,NC
-0.08804303137200055,6562051,NC
-0.09305107227115728,6562052,NC
-0.06805915889243493,6562053,NC
-0.08806729123031082,6562054,NC
-0.09307546927923106,6562055,NC
-0.11308369303361052,6562056,NC
-0.10809196248783287,6562057,NC
-0.0981002776362506,6562058,NC
-0.08310863847318488,6562059,NC
-0.08311704499292583,6562060,NC
-0.09812549718973226,6562061,NC
-0.10813399505783183,6562062,NC
-0.10814253859142102,6562063,NC
-0.10815112778466511,6562064,NC
-0.08815976263169818,6562065,NC
-0.07316844312662316,6562066,NC
-0.09317716926351173,6562067,NC
-0.10818594103640453,6562068,NC
-0.11319475843931094,6562069,NC
-0.09820362146620921,6562070,NC
-0.0932125301110464,6562071,NC
-0.07822148436773842,6562072,NC
-0.10323048423017012,6562073,NC
-0.10823952969219505,6562074,NC
-0.10324862074763577,6562075,NC
-0.09325775739028358,6562076,NC
-0.08326693961389871,6562077,NC
-0.09327616741221027,6562078,NC
-0.1032854407789162,6562079,NC
-0.09829475970768335,6562080,NC
-0.09830412419214746,6562081,NC
-0.07831353422591313,6562082,NC
-0.08332298980255388,6562083,NC
-0.08833249091561213,6562084,NC
-0.10334203755859916,6562085,NC
-0.11335162972499517,6562086,NC
-0.09836126740824934,6562087,NC
-0.07837095060177965,6562088,NC
-0.05338067929897308,6562089,NC
-0.06339045349318553,6562090,NC
-0.06840027317774178,6562091,NC
-0.06841013834593558,6562092,NC
-0.06842004899102962,6562093,NC
-0.038430005106255466,6562094,NC
-0.023440006684813774,6562095,NC
-0.00845005371987402,6562096,NC
-0.003460146204574674,6562097,NC
0.006529715867976835,6562098,NC
-0.0034804674952959164,6562099,NC
-0.00849069628743826,6562100,NC
0.006499029498535397,6562101,NC
-0.0035112901303582245,6562102,NC
-0.023521655167071442,6562103,NC
-0.03353206560452557,6562104,NC
-0.033542521435610886,6562105,NC
-0.01355302265318667,6562106,NC
-0.018563569250081263,6562107,NC
-0.0335741612190919,6562108,NC
-0.05858479855298496,6562109,NC
-0.05859548124449575,6562110,NC
-0.07860620928632861,6562111,NC
-0.06861698267115701,6562112,NC
-0.05862780139162327,6562113,NC
-0.07863866544033889,6562114,NC
-0.0886495748098844,6562115,NC
-0.10366052949280934,6562116,NC
-0.10367152948163229,6562117,NC
-0.09368257476884093,6562118,NC
-0.08869366534689196,6562119,NC
-0.07870480120821123,6562120,NC
-0.07871598234519357,6562121,NC
-0.08372720875020298,6562122,NC
-0.07873848041557244,6562123,NC
-0.09374979733360411,6562124,NC
-0.10376115949656921,6562125,NC
-0.11877256689670801,6562126,NC
-0.13378401952622998,6562127,NC
-0.14379551737731366,6562128,NC
-0.13880706044210672,6562129,NC
-0.1188186487127259,6562130,NC
-0.10883028218125712,6562131,NC
-0.13384196083975544,6562132,NC
-0.14385368468024495,6562133,NC
-0.15386545369471905,6562134,NC
-0.14387726787514016,6562135,NC
-0.13388912721343998,6562136,NC
-0.11890103170151917,6562137,NC
-0.11391298133124773,6562138,NC
-0.11892497609446481,6562139,NC
-0.12393701598297867,6562140,NC
-0.14394910098856678,6562141,NC
-0.1289612311029758,6562142,NC
-0.11897340631792161,6562143,NC
-0.09898562662508925,6562144,NC
-0.12399789201613298,6562145,NC
-0.16901020248267623,6562146,NC
-0.1990225580163118,6562147,NC
-0.2040349586086015,6562148,NC
-0.16904740425107645,6562149,NC
-0.1540598949352371,6562150,NC
-0.14407243065255304,6562151,NC
-0.15408501139446307,6562152,NC
-0.15909763715237532,6562153,NC
-0.15911030791766717,6562154,NC
-0.15412302368168523,6562155,NC
-0.15413578443574538,6562156,NC
-0.16914859017113282,6562157,NC
-0.164161440879102,6562158,NC
-0.1541743365508766,6562159,NC
-0.13918727717764964,6562160,NC
-0.12420026275058355,6562161,NC
-0.11921329326080984,6562162,NC
-0.10422636869942956,6562163,NC
-0.10923948905751284,6562164,NC
-0.10925265432609935,6562165,NC
-0.09426586449619799,6562166,NC
-0.059279119558786966,6562167,NC
-0.034292419504813904,6562168,NC
0.0006942356748043249,6562169,NC
0.05568084598918139,6562170,NC
0.11066741144746164,6562171,NC
0.1956539320588201,6562172,NC
0.26064040783246234,6562173,NC
0.3056268387776247,6562174,NC
0.2906132249035739,6562175,NC
0.2505995662196075,6562176,NC
0.1605858627350535,6562177,NC
0.08057211445927062,6562178,NC
0.025558321401648078,6562179,NC
0.03054448357160572,6562180,NC
0.06553060097859394,6562181,NC
0.14051667363209375,6562182,NC
0.2805027015416167,6562183,NC
0.4404886847167048,6562184,NC
0.5854746231669309,6562185,NC
0.685460516901898,6562186,NC
0.7304463659312399,6562187,NC
0.7504321702646211,6562188,NC
0.7304179299117359,6562189,L
0.6554036448823098,6562190,NC
0.560389315186099,6562191,NC
0.47037494083288944,6562192,NC
0.380360521832498,6562193,NC
0.2803460581947721,6562194,NC
0.20033154992958946,6562195,NC
0.09031699704685833,6562196,NC
-0.014697600443482423,6562197,NC
-0.1447122425314637,6562198,NC
-0.26972692920708574,6562199,NC
-0.3397416604603185,6562200,NC
-0.3647564362811013,6562201,NC
-0.3597712566593433,6562202,NC
-0.339786121584923,6562203,NC
-0.3348010310476885,6562204,NC
-0.33481598503745746,6562205,NC
-0.3548309835440173,6562206,NC
-0.319846026557125,6562207,NC
-0.27486111406650704,6562208,NC
-0.20987624606185942,6562209,NC
-0.184891422532848,6562210,NC
-0.17990664346910812,6562211,NC
-0.18992190886024485,6562212,NC
-0.1899372186958328,6562213,NC
-0.20995257296541625,6562214,NC
-0.20496797165850916,6562215,NC
-0.20498341476459514,6562216,NC
-0.1949989022731275,6562217,NC
-0.18501443417352914,6562218,NC
-0.18503001045519277,6562219,NC
-0.18004563110748067,6562220,NC
-0.1900612961197249,6562221,NC
-0.19007700548122713,6562222,NC
-0.19009275918125887,6562223,NC
-0.19510855720906126,6562224,NC
-0.17512439955384515,6562225,NC
-0.15014028620479125,6562226,NC
-0.12015621715104988,6562227,NC
-0.09517219238174114,6562228,NC
-0.10518821188595491,6562229,NC
-0.13020427565275083,6562230,NC
-0.1402203836711583,6562231,NC
-0.14523653593017652,6562232,NC
-0.16025273241877447,6562233,NC
-0.17026897312589084,6562234,NC
-0.18528525804043433,6562235,NC
-0.17030158715128318,6562236,NC
-0.17031796044728567,6562237,NC
-0.1353343779172598,6562238,NC
-0.1403508395499934,6562239,NC
-0.13036734533424416,6562240,NC
-0.15038389525873957,6562241,NC
-0.13040048931217713,6562242,NC
-0.10041712748322401,6562243,NC
-0.06543380976051735,6562244,NC
-0.04545053613266416,6562245,NC
-0.030467306588241316,6562246,NC
-0.030484121115795598,6562247,NC
-0.025500979703843685,6562248,NC
-0.010517882340872198,6562249,NC
0.024465170984662395,6562250,NC
0.059448180284333664,6562251,NC
0.0794311455697452,6562252,NC
0.07441406685253071,6562253,NC
0.07439694414435397,6562254,NC
0.07937977745690875,6562255,NC
0.07436256680191886,6562256,NC
0.06934531219113817,6562257,NC
0.06432801363635052,6562258,NC
0.0743106711493698,6562259,NC
0.10929328474203992,6562260,NC
0.12427585442623473,6562261,NC
0.14925838021385812,6562262,NC
0.17924086211684392,6562263,NC
0.19922330014715595,6562264,NC
0.20420569431678795,6562265,NC
0.19918804463776368,6562266,NC
0.21917035112213684,6562267,NC
0.254152613781991,6562268,NC
0.25913483262943976,6562269,NC
0.25411700767662654,6562270,NC
0.22409913893572475,6562271,NC
0.23408122641893764,6562272,NC
0.24906327013849838,6562273,NC
0.27404527010667007,6562274,NC
0.31402722633574565,6562275,NC
0.31400913883804793,6562276,NC
0.3189910076259297,6562277,NC
0.3089728327117733,6562278,NC
0.3189546141079912,6562279,NC
0.3239363518270256,6562280,NC
0.30891804588134864,6562281,NC
0.3088996962834621,6562282,NC
0.2838813030458977,6562283,NC
0.23386286618121688,6562284,NC
0.21884438570201092,6562285,NC
0.19882586162090093,6562286,NC
0.19380729395053775,6562287,NC
0.17878868270360193,6562288,NC
0.1387700278928039,6562289,NC
0.09875132953088377,6562290,NC
0.07373258763061136,6562291,NC
0.053713802204786325,6562292,NC
0.04369497326623796,6562293,NC
0.02367610082782532,6562294,NC
-0.011342815097562839,6562295,NC
-0.026361774497008092,6562296,NC
-0.026380777357562293,6562297,NC
-0.01139982366624763,6562298,NC
-0.0014189134100565798,6562299,NC
-0.0014380465759520206,6562300,NC
-0.026457223150867126,6562301,NC
-0.05647644312170544,6562302,NC
-0.0664957064753409,6562303,NC
-0.06651501319861773,6562304,NC
-0.051534363278350634,6562305,NC
-0.06655375670132466,6562306,NC
-0.07657319345429524,6562307,NC
-0.10159267352398822,6562308,NC
-0.1216121968970999,6562309,NC
-0.121631763560297,6562310,NC
-0.1316513735002166,6562311,NC
-0.12167102670346634,6562312,NC
-0.1116907231566242,6562313,NC
-0.13171046284623877,6562314,NC
-0.11673024575882888,6562315,NC
-0.09675007188088412,6562316,NC
-0.08176994119886435,6562317,NC
-0.07678985369920005,6562318,NC
-0.09180980936829214,6562319,NC
-0.1118298081925121,6562320,NC
-0.10184985015820197,6562321,NC
-0.0818699352516742,6562322,NC
-0.07689006345921197,6562323,NC
-0.06691023476706881,6562324,NC
-0.076930449161469,6562325,NC
-0.08695070662860727,6562326,NC
-0.08697100715464899,6562327,NC
-0.07199135072573017,6562328,NC
-0.05201173732795726,6562329,NC
-0.047032166947407514,6562330,NC
-0.04205263957012868,6562331,NC
-0.047073155182139184,6562332,NC
-0.06209371376942811,6562333,NC
-0.05711431531795515,6562334,NC
-0.0671349598136507,6562335,NC
-0.08715564724241574,6562336,NC
-0.09717637759012207,6562337,NC
-0.11219715084261203,6562338,NC
-0.11221796698569879,6562339,NC
-0.10723882600516614,6562340,NC
-0.1072597278867686,6562341,NC
-0.10728067261623145,6562342,NC
-0.11730166017925066,6562343,NC
-0.12732269056149303,6562344,NC
-0.11734376374859604,6562345,NC
-0.10236487972616796,6562346,NC
-0.10738603847978784,6562347,NC
-0.1274072399950055,6562348,NC
-0.14242848425734156,6562349,NC
-0.14244977125228753,6562350,NC
-0.13247110096530562,6562351,NC
-0.12249247338182885,6562352,NC
-0.10251388848726123,6562353,NC
-0.11253534626697743,6562354,NC
-0.12755684670632317,6562355,NC
-0.13257838979061487,6562356,NC
-0.1375999755051399,6562357,NC
-0.12262160383515647,6562358,NC
-0.11264327476589375,6562359,NC
-0.10766498828255186,6562360,NC
-0.12768674437030164,6562361,NC
-0.13270854301428509,6562362,NC
-0.13273038419961494,6562363,NC
-0.12275226791137503,6562364,NC
-0.0977741941346201,6562365,NC
-0.10279616285437579,6562366,NC
-0.1128181740556388,6562367,NC
-0.12284022772337683,6562368,NC
-0.1278623238425285,6562369,NC
-0.1278844623980035,6562370,NC
-0.1379066433746825,6562371,NC
-0.14792886675741723,6562372,NC
-0.13795113253103045,6562373,NC
-0.14797344068031593,6562374,NC
-0.14799579119003858,6562375,NC
-0.13301818404493437,6562376,NC
-0.12804061922971022,6562377,NC
-0.16806309672904432,6562378,NC
-0.16308561652758582,6562379,NC
-0.18310817860995507,6562380,NC
-0.1781307829607435,6562381,NC
-0.14815342956451372,6562382,NC
-0.15317611840579942,6562383,NC
-0.13819884946910554,6562384,NC
-0.153221622738908,6562385,NC
-0.16324443819965412,6562386,NC
-0.14326729583576225,6562387,NC
-0.12829019563162203,6562388,NC
-0.11331313757159422,6562389,NC
-0.10833612164001091,6562390,NC
-0.09835914782117527,6562391,NC
-0.10338221609936185,6562392,NC
-0.10340532645881638,6562393,NC
-0.09342847888375584,6562394,NC
-0.09345167335836854,6562395,NC
-0.08847490986681403,6562396,NC
-0.09349818839322317,6562397,NC
-0.08352150892169809,6562398,NC
-0.06854487143631229,6562399,NC
-0.03856827592111055,6562400,NC
0.006408277639891026,6562401,NC
0.0213847892627049,6562402,NC
0.016361258963372254,6562403,NC
-0.02866231324203712,6562404,NC
-0.0836859273374248,6562405,NC
-0.12870958330666382,6562406,NC
-0.14373328113359848,6562407,NC
-0.14375702080204467,6562408,NC
-0.13878080229578957,6562409,NC
-0.15380462559859182,6562410,NC
-0.16882849069418154,6562411,NC
-0.1688523975662603,6562412,NC
-0.15887634619850116,6562413,NC
-0.1639003365745486,6562414,NC
-0.21392436867801862,6562415,NC
-0.22394844249249873,6562416,NC
-0.23897255800154799,6562417,NC
-0.21399671518869695,6562418,NC
-0.2090209140374476,6562419,NC
-0.19904515453127364,6562420,NC
-0.22906943665362026,6562421,NC
-0.24409376038790426,6562422,NC
-0.22411812571751388,6562423,NC
-0.20414253262580917,6562424,NC
-0.19416698109612157,6562425,NC
-0.2141914711117543,6562426,NC
-0.23921600265598209,6562427,NC
-0.2592405757120514,6562428,NC
-0.2542651902631803,6562429,NC
-0.23428984629255842,6562430,NC
-0.20931454378334735,6562431,NC
-0.21933928271868003,6562432,NC
-0.24436406308166128,6562433,NC
-0.24938888485536762,6562434,NC
-0.2544137480228472,6562435,NC
-0.24443865256712008,6562436,NC
-0.22946359847117784,6562437,NC
-0.22948858571798395,6562438,NC
-0.2445136142904736,6562439,NC
-0.2745386841715538,6562440,NC
-0.26456379534410324,6562441,NC
-0.2595889477909726,6562442,NC
-0.2546141414949841,6562443,NC
-0.25963937643893215,6562444,NC
-0.27966465260558265,6562445,NC
-0.27968996997767354,6562446,NC
-0.2747153285379145,6562447,NC
-0.2697407282689872,6562448,NC
-0.23476616915354517,6562449,NC
-0.24979165117421376,6562450,NC
-0.2698171743135903,6562451,NC
-0.274842738554244,6562452,NC
-0.269868343878716,6562453,NC
-0.2598939902695193,6562454,NC
-0.23991967770913913,6562455,NC
-0.2549454061800324,6562456,NC
-0.26497117566462813,6562457,NC
-0.27499698614532725,6562458,NC
-0.26502283760450274,6562459,NC
-0.2500487300244997,6562460,NC
-0.24007466338763503,6562461,NC
-0.24510063767619786,6562462,NC
-0.2451266528724493,6562463,NC
-0.26515270895862253,6562464,NC
-0.25517880591692277,6562465,NC
-0.21520494372952736,6562466,NC
-0.18023112237858568,6562467,NC
-0.1402573418462194,6562468,NC
-0.11528360211452211,6562469,NC
-0.07530990316555966,6562470,NC
-0.005336244981369913,6562471,NC
0.07963737245603694,6562472,NC
0.14961094916467862,6562473,NC
0.20958448516260067,6562474,NC
0.19455798046787648,6562475,NC
0.15453143509860706,6562476,NC
0.0745048490729214,6562477,NC
-0.025521777591023864,6562478,NC
-0.12054844487504429,6562479,NC
-0.18557515276092773,6562480,NC
-0.1906019012304343,6562481,NC
-0.11562869026529639,6562482,NC
0.03434448015278131,6562483,NC
0.20431761004212182,6562484,NC
0.38929069942107586,6562485,NC
0.4942637483080216,6562486,NC
0.5392367567213653,6562487,NC
0.5342097246795404,6562488,NC
0.49918265220100827,6562489,L
0.4241555393042578,6562490,NC
0.3391283860078054,6562491,NC
0.22910119233019527,6562492,NC
0.11407395828999893,6562493,NC
-0.0309533160941843,6562494,NC
-0.14598063080372767,6562495,NC
-0.25100798581997685,6562496,NC
-0.3410353811242501,6562497,NC
-0.3960628166978379,6562498,NC
-0.46109029252200345,6562499,NC
-0.5211178085779824,6562500,NC
-0.5311453648469829,6562501,NC
-0.5261729613101859,6562502,NC
-0.5062005979487443,6562503,NC
-0.4712282747437842,6562504,NC
-0.46125599167640385,6562505,NC
-0.4312837487276743,6562506,NC
-0.3963115458786391,6562507,NC
-0.35133938311031443,6562508,NC
-0.3213672604036893,6562509,NC
-0.336395177739725,6562510,NC
-0.3664231350993557,6562511,NC
-0.3714511324634882,6562512,NC
-0.366479169813002,6562513,NC
-0.3265072471287493,6562514,NC
-0.2965353643915548,6562515,NC
-0.3215635215822163,6562516,NC
-0.326591718681504,6562517,NC
-0.33661995567016095,6562518,NC
-0.336648232528903,6562519,NC
-0.3266765492384188,6562520,NC
-0.32170490577936967,6562521,NC
-0.31173330213238976,6562522,NC
-0.32676173827808613,6562523,NC
-0.3567902141970385,6562524,NC
-0.3718187298697996,6562525,NC
-0.3418472852768949,6562526,NC
-0.3268758803988227,6562527,NC
-0.31690451521605434,6562528,NC
-0.30193318970903393,6562529,NC
-0.3069619038581784,6562530,NC
-0.30199065764387784,6562531,NC
-0.29201945104649507,6562532,NC
-0.27204828404636594,6562533,NC
-0.26207715662379916,6562534,NC
-0.26210606875907655,6562535,NC
-0.2721350204324528,6562536,NC
-0.2771640116241557,6562537,NC
-0.23219304231438592,6562538,NC
-0.20222211248331737,6562539,NC
-0.19725122211109672,6562540,NC
-0.2022803711778439,6562541,NC
-0.2173095596636518,6562542,NC
-0.20233878754858647,6562543,NC
-0.16236805481268696,6562544,NC
-0.1523973614359655,6562545,NC
-0.13742670739840745,6562546,NC
-0.13745609267997122,6562547,NC
-0.12748551726058843,6562548,NC
-0.10751498112016387,6562549,NC
-0.09754448423857545,6562550,NC
-0.08257402659567434,6562551,NC
-0.08260360817128484,6562552,NC
-0.06263322894520448,6562553,NC
-0.04766288889720409,6562554,NC
0.002307411992972311,6562555,NC
0.05727767374560748,6562556,NC
0.07224789638101083,6562557,NC
0.06721807991951852,6562558,NC
0.022188224381493434,6562559,NC
-0.012841670212674884,6562560,NC
-0.0028716038425701945,6562561,NC
0.05209842351225035,6562562,NC
0.1020684118722563,6562563,NC
0.11703836125794383,6562564,NC
0.12200827168983569,6562565,NC
0.12197814318848124,6562566,NC
0.14694797577445648,6562567,NC
0.17691776946836396,6562568,NC
0.21188752429083274,6562569,NC
0.2168572402625185,6562570,NC
0.20182691740410347,6562571,NC
0.18179655573629627,6562572,NC
0.17176615527983216,6562573,NC
0.17673571605547278,6562574,NC
0.19170523808400639,6562575,NC
0.17667472138624754,6562576,NC
0.15664416598303735,6562577,NC
0.14661357189524335,6562578,NC
0.13658293914375946,6562579,NC
0.121552267749506,6562580,NC
0.10152155773342975,6562581,NC
0.06649080911650379,6562582,NC
0.041460021919727585,6562583,NC
0.006429196164126953,6562584,NC
-0.01860166812924595,6562585,NC
-0.013632570939312666,6562586,NC
-0.0036635122449683866,6562587,NC
-0.023694492025082094,6562588,NC
-0.06872551025849641,6562589,NC
-0.09875656692402775,6562590,NC
-0.12378766200046626,6562591,NC
-0.13881879546657586,6562592,NC
-0.15384996730109424,6562593,NC
-0.1488811774827329,6562594,NC
-0.13891242599017722,6562595,NC
-0.13394371280208625,6562596,NC
-0.12397503789709297,6562597,NC
-0.09400640125380424,6562598,NC
-0.09403780285080075,6562599,NC
-0.11906924266663707,6562600,NC
-0.16910072067984172,6562601,NC
-0.18413223686891705,6562602,NC
-0.19416379121233943,6562603,NC
-0.15919538368855907,6562604,NC
-0.14922701427600027,6562605,NC
-0.15925868295306117,6562606,NC
-0.15929038969811396,6562607,NC
-0.15932213448950483,6562608,NC
-0.144353917305554,6562609,NC
-0.13938573812455568,6562610,NC
-0.13441759692477817,6562611,NC
-0.15444949368446378,6562612,NC
-0.169481428381829,6562613,NC
-0.16951340099506426,6562614,NC
-0.1545454115023342,6562615,NC
-0.15457745988177757,6562616,NC
-0.17460954611150725,6562617,NC
-0.1946416701696102,6562618,NC
-0.20967383203414766,6562619,NC
-0.204706031683155,6562620,NC
-0.1697382690946417,6562621,NC
-0.14477054424659164,6562622,NC
-0.11980285711696276,6562623,NC
-0.13483520768368734,6562624,NC
-0.12486759592467181,6562625,NC
-0.149900021817797,6562626,NC
-0.16493248534091792,6562627,NC
-0.13996498647186395,6562628,NC
-0.1149975251884387,6562629,NC
-0.12003010146842022,6562630,NC
-0.11506271528956089,6562631,NC
-0.13509536662958732,6562632,NC
-0.13012805546620065,6562633,NC
-0.10516078177707638,6562634,NC
-0.08519354553986437,6562635,NC
-0.10022634673218889,6562636,NC
-0.09525918533164873,6562637,NC
-0.10029206131581708,6562638,NC
-0.1053249746622416,6562639,NC
-0.08535792534844444,6562640,NC
-0.08039091335192225,6562641,NC
-0.09042393865014617,6562642,NC
-0.10045700122056192,6562643,NC
-0.12049010104058971,6562644,NC
-0.1205232380876244,6562645,NC
-0.10555641233903532,6562646,NC
-0.09058962377216642,6562647,NC
-0.0856228723643363,6562648,NC
-0.09065615809283814,6562649,NC
-0.0956894809349398,6562650,NC
-0.08572284086788376,6562651,NC
-0.08575623786888717,6562652,NC
-0.08578967191514186,6562653,NC
-0.1108231429838144,6562654,NC
-0.13085665105204602,6562655,NC
-0.13589019609695271,6562656,NC
-0.11592377809562525,6562657,NC
-0.10095739702512908,6562658,NC
-0.09099105286250453,6562659,NC
-0.09102474558476663,6562660,NC
-0.11605847516890531,6562661,NC
-0.10609224159188524,6562662,NC
-0.10612604483064597,6562663,NC
-0.08615988486210194,6562664,NC
-0.09119376166314237,6562665,NC
-0.09122767521063148,6562666,NC
-0.11126162548140832,6562667,NC
-0.1162956124522869,6562668,NC
-0.12132963610005609,6562669,NC
-0.11636369640147987,6562670,NC
-0.10639779333329699,6562671,NC
-0.11143192687222132,6562672,NC
-0.1064660969949417,6562673,NC
-0.10650030367812197,6562674,NC
-0.10653454689840099,6562675,NC
-0.1015688266323927,6562676,NC
-0.07660314285668611,6562677,NC
-0.06663749554784525,6562678,NC
-0.0716718846824093,6562679,NC
-0.08170631023689254,6562680,NC
-0.06674077218778435,6562681,NC
-0.051775270511549294,6562682,NC
-0.03680980518462707,6562683,NC
-0.04184437618343255,6562684,NC
-0.06687898348435581,6562685,NC
-0.08691362706376216,6562686,NC
-0.06694830689799204,6562687,NC
-0.021983022963361257,6562688,NC
0.0029822247638392196,6562689,NC
0.012947436307343109,6562690,NC
-0.007087388309091135,6562691,NC
-0.027122249061680398,6562692,NC
-0.022157145926616856,6562693,NC
-0.02219207888006801,6562694,NC
-0.012227047898176795,6562695,NC
-0.04226205295706142,6562696,NC
-0.04229709403281552,6562697,NC
-0.052332171101508146,6562698,NC
-0.03736728413918374,6562699,NC
-0.03240243312186222,6562700,NC
-0.0324376180255389,6562701,NC
-0.03747283882618459,6562702,NC
-0.04250809549974558,6562703,NC
-0.06754338802214371,6562704,NC
-0.07257871636927626,6562705,NC
-0.0826140805170161,6562706,NC
-0.07264948044121161,6562707,NC
-0.08268491611768676,6562708,NC
-0.09272038752224107,6562709,NC
-0.08275589463064975,6562710,NC
-0.07779143741866351,6562711,NC
-0.07282701586200876,6562712,NC
-0.07786262993638755,6562713,NC
-0.07789827961747761,6562714,NC
-0.10793396488093235,6562715,NC
-0.11796968570238082,6562716,NC
-0.13300544205742784,6562717,NC
-0.12304123392165398,6562718,NC
-0.11307706127061554,6562719,NC
-0.07811292407984452,6562720,NC
-0.09814882232484881,6562721,NC
-0.10818475598111205,6562722,NC
-0.12822072502409365,6562723,NC
-0.093256729429229,6562724,NC
-0.06829276917192915,6562725,NC
-0.05832884422758116,6562726,NC
-0.05836495457154789,6562727,NC
-0.09840110017916813,6562728,NC
-0.14843728102575662,6562729,NC
-0.17847349708660398,6562730,NC
-0.15350974833697673,6562731,NC
-0.15854603475211757,6562732,NC
-0.163582356307245,6562733,NC
-0.15861871297755348,6562734,NC
-0.15865510473821368,6562735,NC
-0.14369153156437214,6562736,NC
-0.12872799343115154,6562737,NC
-0.13376449031365056,6562738,NC
-0.1438010221869441,6562739,NC
-0.14383758902608298,6562740,NC
-0.1538741908060942,6562741,NC
-0.1489108275019811,6562742,NC
-0.13894749908872284,6562743,NC
-0.138984205541275,6562744,NC
-0.14902094683456923,6562745,NC
-0.1490577229435134,6562746,NC
-0.14409453384299167,6562747,NC
-0.10413137950786436,6562748,NC
-0.1041682599129681,6562749,NC
-0.09920517503311574,6562750,NC
-0.10924212484309652,6562751,NC
-0.10927910931767588,6562752,NC
-0.08431612843159567,6562753,NC
-0.07435318215957397,6562754,NC
-0.07439027047630536,6562755,NC
-0.08442739335646074,6562756,NC
-0.07946455077468734,6562757,NC
-0.07450174270560891,6562758,NC
-0.029538969123825552,6562759,NC
0.030423769996086116,6562760,NC
0.09538647467957308,6562761,NC
0.15534914495210578,6562762,NC
0.18531178083917826,6562763,NC
0.23527438236630793,6562764,NC
0.2752369495590357,6562765,NC
0.320199482442926,6562766,NC
0.33516198104356654,6562767,NC
0.2951244453865687,6562768,NC
0.21508687549756694,6562769,NC
0.11504927140221927,6562770,NC
0.06501163312620709,6562771,NC
0.07497396069523506,6562772,NC
0.11993625413503123,6562773,NC
0.21489851347134692,6562774,NC
0.32486073872995674,6562775,NC
0.4498229299366586,6562776,NC
0.5797850871172737,6562777,NC
0.6997472102976463,6562778,NC
0.7597092995036441,6562779,NC
0.7596713547611578,6562780,NC
0.7196333760961016,6562781,L
0.6145953635344124,6562782,NC
0.5245573171020508,6562783,NC
0.44451923682500005,6562784,NC
0.3744811227292667,6562785,NC
0.28944297484088044,6562786,NC
0.18440479318589406,6562787,NC
0.04936657779038327,6562788,NC
-0.07067167131955306,6562789,NC
-0.14570995411779308,6562790,NC
-0.18574827057819188,6562791,NC
-0.23078662067458172,6562792,NC
-0.2808250043807717,6562793,NC
-0.310863421670548,6562794,NC
-0.3059018725176739,6562795,NC
-0.2759403568958899,6562796,NC
-0.2509788747789133,6562797,NC
-0.22601742614043885,6562798,NC
-0.2060560109541381,6562799,NC
-0.18609462919366004,6562800,NC
-0.17113328083263074,6562801,NC
-0.14117196584465336,6562802,NC
-0.13121068420330836,6562803,NC
-0.13124943588215343,6562804,NC
-0.14628822085472348,6562805,NC
-0.16632703909453067,6562806,NC
-0.1563658905750645,6562807,NC
-0.12140477526979175,6562808,NC
-0.10644369315215642,6562809,NC
-0.10648264419557996,6562810,NC
-0.11652162837346111,6562811,NC
-0.13656064565917603,6562812,NC
-0.15659969602607823,6562813,NC
-0.14163877944749864,6562814,NC
-0.13167789589674564,6562815,NC
-0.12671704534710498,6562816,NC
-0.13175622777183998,6562817,NC
-0.15679544314419136,6562818,NC
-0.14683469143737737,6562819,NC
-0.12187397262459373,6562820,NC
-0.10191328667901375,6562821,NC
-0.10195263357378832,6562822,NC
-0.11199201328204583,6562823,NC
-0.10703142577689227,6562824,NC
-0.09707087103141127,6562825,NC
-0.07711034901866409,6562826,NC
-0.09714985971168963,6562827,NC
-0.09718940308350442,6562828,NC
-0.10722897910710272,6562829,NC
-0.10226858775545644,6562830,NC
-0.07230822900151529,6562831,NC
-0.0323479028182066,6562832,NC
0.0026123908215644684,6562833,NC
0.03257265194491494,6562834,NC
0.022532880578984123,6562835,NC
-0.007506923249066509,6562836,NC
-0.03754675951205332,6562837,NC
-0.017586628182770528,6562838,NC
-0.0026265292339901977,6562839,NC
0.007333537361537697,6562840,NC
0.012293571631085284,6562841,NC
0.0022535736019468136,6562842,NC
0.012213543301438472,6562843,NC
0.02217348075689865,6562844,NC
0.0621333859956876,6562845,NC
0.08209325904518769,6562846,NC
0.07705309993280321,6562847,NC
0.05701290868596046,6562848,NC
0.06697268533210765,6562849,NC
0.10193242989871493,6562850,NC
0.13189214241327438,6562851,NC
0.1518518229032999,6562852,NC
0.15681147139632737,6562853,NC
0.1517710879199144,6562854,NC
0.15673067250164052,6562855,NC
0.17169022516910706,6562856,NC
0.1966497459499371,6562857,NC
0.21160923487177558,6562858,NC
0.2365686919622891,6562859,NC
0.2365281172491661,6562860,NC
0.2464875107601166,6562861,NC
0.2414468725228725,6562862,NC
0.2664062025651872,6562863,NC
0.26136550091483596,6562864,NC
0.2763247675996155,6562865,NC
0.27628400264734426,6562866,NC
0.2812432060858623,6562867,NC
0.29120237794303117,6562868,NC
0.31116151824673416,6562869,NC
0.29612062702487585,6562870,NC
0.27107970430538264,6562871,NC
0.2510387501162022,6562872,NC
0.2309977644853039,6562873,NC
0.22595674744067842,6562874,NC
0.205915699010338,6562875,NC
0.18087461922231618,6562876,NC
0.13083350810466804,6562877,NC
0.08079236568547009,6562878,NC
0.05075119199282005,6562879,NC
0.06070998705483713,6562880,NC
0.07066875089966185,6562881,NC
0.04562748355545604,6562882,NC
0.03058618505040283,6562883,NC
0.005544855412706634,6562884,NC
0.010503494670593111,6562885,NC
0.005462102852309213,6562886,NC
-0.01457932001387692,6562887,NC
-0.019620773899675988,6562888,NC
-0.03966225877677744,6562889,NC
-0.03970377461684957,6562890,NC
-0.04974532139153953,6562891,NC
-0.04978689907247339,6562892,NC
-0.04482850763125603,6562893,NC
-0.054870147039471316,6562894,NC
-0.06991181726868202,6562895,NC
-0.07495351829042984,6562896,NC
-0.07499525007623549,6562897,NC
-0.07003701259759867,6562898,NC
-0.05007880582599803,6562899,NC
-0.07012062973289132,6562900,NC
-0.07016248428971528,6562901,NC
-0.09020436946788578,6562902,NC
-0.09024628523879771,6562903,NC
-0.08028823157382511,6562904,NC
-0.07033020844432117,6562905,NC
-0.07037221582161812,6562906,NC
-0.07541425367702749,6562907,NC
-0.08045632198183994,6562908,NC
-0.07049842070732532,6562909,NC
-0.050540549824732675,6562910,NC
-0.05558270930529038,6562911,NC
-0.050624899120206,6562912,NC
-0.09066711924066642,6562913,NC
-0.07070936963783779,6562914,NC
-0.06575165028286567,6562915,NC
-0.06579396114687486,6562916,NC
-0.05583630220096957,6562917,NC
-0.050878673416233394,6562918,NC
-0.07092107476372933,6562919,NC
-0.07096350621449976,6562920,NC
-0.08100596773956657,6562921,NC
-0.06604845930993106,6562922,NC
-0.056090980896574036,6562923,NC
-0.07113353247045576,6562924,NC
-0.08617611400251607,6562925,NC
-0.09621872546367433,6562926,NC
-0.09126136682482944,6562927,NC
-0.0863040380568599,6562928,NC
-0.0663467391306238,6562929,NC
-0.07138947001695889,6562930,NC
-0.08143223068668248,6562931,NC
-0.10147502111059159,6562932,NC
-0.10151784125946292,6562933,NC
-0.08656069110405291,6562934,NC
-0.061603570615097615,6562935,NC
-0.08164647976331293,6562936,NC
-0.09668941851939446,6562937,NC
-0.11173238685401754,6562938,NC
-0.10677538473783743,6562939,NC
-0.09181841214148917,6562940,NC
-0.0818614690355875,6562941,NC
-0.0869045553907272,6562942,NC
-0.10694767117748288,6562943,NC
-0.11199081636640901,6562944,NC
-0.10703399092803999,6562945,NC
-0.09207719483289019,6562946,NC
-0.08212042805145389,6562947,NC
-0.09216369055420545,6562948,NC
-0.1272069823115991,6562949,NC
-0.10725030329406918,6562950,NC
-0.11729365347203005,6562951,NC
-0.09733703281587608,6562952,NC
-0.09238044129598183,6562953,NC
-0.10742387888270186,6562954,NC
-0.12746734554637093,6562955,NC
-0.14751084125730385,6562956,NC
-0.13755436598579568,6562957,NC
-0.10759791970212165,6562958,NC
-0.10264150237653713,6562959,NC
-0.10268511397927776,6562960,NC
-0.13272875448055943,6562961,NC
-0.1527724238505783,6562962,NC
-0.13781612205951077,6562963,NC
-0.1228598490775136,6562964,NC
-0.10290360487472378,6562965,NC
-0.11794738942125882,6562966,NC
-0.09799120268721641,6562967,NC
-0.0980350446426747,6562968,NC
-0.08807891525769229,6562969,NC
-0.07812281450230814,6562970,NC
-0.07316674234654172,6562971,NC
-0.07821069876039288,6562972,NC
-0.0832546837138421,6562973,NC
-0.09829869717685025,6562974,NC
-0.08834273911935869,6562975,NC
-0.06338680951128949,6562976,NC
-0.05343090832254517,6562977,NC
-0.048475035523008865,6562978,NC
-0.053519191082544354,6562979,NC
-0.06356337497099598,6562980,NC
-0.06360758715818884,6562981,NC
-0.05365182761392864,6562982,NC
-0.038696096308001776,6562983,NC
-0.04374039321017537,6562984,NC
-0.06878471829019728,6562985,NC
-0.08882907151779615,6562986,NC
-0.08387345286268133,6562987,NC
-0.06391786229454303,6562988,NC
-0.06896229978305225,6562989,NC
-0.08400676529786087,6562990,NC
-0.0940512588086016,6562991,NC
-0.11909578028488799,6562992,NC
-0.11914032969631455,6562993,NC
-0.11918490701245668,6562994,NC
-0.10422951220287073,6562995,NC
-0.10427414523709405,6562996,NC
-0.12931880608464494,6562997,NC
-0.14436349471502263,6562998,NC
-0.12940821109770756,6562999,NC
-0.12445295520216104,6563000,NC
-0.12449772699782555,6563001,NC
-0.1395425264541246,6563002,NC
-0.15458735354046288,6563003,NC
-0.17463220822622613,6563004,NC
-0.17467709048078128,6563005,NC
-0.16472200027347644,6563006,NC
-0.17976693757364093,6563007,NC
-0.1848119023505852,6563008,NC
-0.189856894573601,6563009,NC
-0.20490191421196136,6563010,NC
-0.20494696123492054,6563011,NC
-0.18999203561171413,6563012,NC
-0.17003713731155895,6563013,NC
-0.1750822663036533,6563014,NC
-0.1951274225571768,6563015,NC
-0.19517260604129036,6563016,NC
-0.19521781672513633,6563017,NC
-0.20526305457783864,6563018,NC
-0.19030831956850242,6563019,NC
-0.19035361166621445,6563020,NC
-0.19539893084004284,6563021,NC
-0.21044427705903743,6563022,NC
-0.21048965029222935,6563023,NC
-0.2005350505086314,6563024,NC
-0.19558047767723805,6563025,NC
-0.18062593176702516,6563026,NC
-0.19567141274695027,6563027,NC
-0.2007169205859527,6563028,NC
-0.19576245525295322,6563029,NC
-0.19080801671685443,6563030,NC
-0.1808536049465405,6563031,NC
-0.17589921991087748,6563032,NC
-0.190944861578713,6563033,NC
-0.20099052991887653,6563034,NC
-0.20603622490017937,6563035,NC
-0.1960819464914145,6563036,NC
-0.1761276946613569,6563037,NC
-0.1711734693787632,6563038,NC
-0.1862192706123721,6563039,NC
-0.196265098330904,6563040,NC
-0.18631095250306137,6563041,NC
-0.17635683309752853,6563042,NC
-0.17640274008297174,6563043,NC
-0.16644867342803932,6563044,NC
-0.16149463310136147,6563045,NC
-0.17654061907155055,6563046,NC
-0.16658663130720083,6563047,NC
-0.11663266977688877,6563048,NC
-0.08667873444917279,6563049,NC
-0.07672482529259345,6563050,NC
-0.051770942275673505,6563051,NC
-0.021817085366917795,6563052,NC
0.06313674546518666,6563053,NC
0.14809055025217066,6563054,NC
0.24304432902558276,6563055,NC
0.30299808181698934,6563056,NC
0.3529518086579744,6563057,NC
0.36290550958013984,6563058,NC
0.3778591846151051,6563059,NC
0.33781283379450733,6563060,NC
0.2827664571500014,6563061,NC
0.20272005471325993,6563062,NC
0.15267362651597288,6563063,NC
0.14262717258984794,6563064,NC
0.19258069296661037,6563065,NC
0.297534187678003,6563066,NC
0.4324876567557862,6563067,NC
0.5824411002317378,6563068,NC
0.712394518137653,6563069,NC
0.7823479105053447,6563070,NC
0.8473012773666432,6563071,NC
0.887254618753396,6563072,NC
0.8972079346974682,6563073,L
0.8271612252307423,6563074,NC
0.702114490385118,6563075,NC
0.6070677301925124,6563076,NC
0.5120209446848599,6563077,NC
0.4269741338941124,6563078,NC
0.3269272978522386,6563079,NC
0.19188043659122495,6563080,NC
0.04683355014307473,6563081,NC
-0.09821336146019134,6563082,NC
-0.19326029818653542,6563083,NC
-0.25830726000390253,6563084,NC
-0.30335424688022067,6563085,NC
-0.35840125878340046,6563086,NC
-0.3884482956813356,6563087,NC
-0.4134953575419028,6563088,NC
-0.3935424443329615,6563089,NC
-0.35358955602235426,6563090,NC
-0.3136366925779066,6563091,NC
-0.2786838539674272,6563092,NC
-0.2737310401587074,6563093,NC
-0.27877825111952215,6563094,NC
-0.2788254868176289,6563095,NC
-0.25387274722076864,6563096,NC
-0.23392003229666536,6563097,NC
-0.24396734201302608,6563098,NC
-0.2490146763375411,6563099,NC
-0.2590620352378839,6563100,NC
-0.2291094186817113,6563101,NC
-0.21415682663666308,6563102,NC
-0.20420425907036252,6563103,NC
-0.21925171595041612,6563104,NC
-0.2192991972444136,6563105,NC
-0.24934670291992805,6563106,NC
-0.254394232944516,6563107,NC
-0.22444178728571734,6563108,NC
-0.20948936591105516,6563109,NC
-0.2045369687880361,6563110,NC
-0.21958459588415033,6563111,NC
-0.24463224716687137,6563112,NC
-0.23467992260365617,6563113,NC
-0.2297276221619453,6563114,NC
-0.1947753458091628,6563115,NC
-0.19982309351271627,6563116,NC
-0.2048708652399969,6563117,NC
-0.20991866095837944,6563118,NC
-0.1999664806352222,6563119,NC
-0.17501432423786734,6563120,NC
-0.16006219173364042,6563121,NC
-0.1651100830898508,6563122,NC
-0.2051579982737916,6563123,NC
-0.1852059372527396,6563124,NC
-0.1902538999939553,6563125,NC
-0.15530188646468304,6563126,NC
-0.1453498966321509,6563127,NC
-0.1403979304635708,6563128,NC
-0.13044598792613854,6563129,NC
-0.1404940689870337,6563130,NC
-0.13054217361341988,6563131,NC
-0.12059030177244437,6563132,NC
-0.09063845343123858,6563133,NC
-0.09068662855691777,6563134,NC
-0.10573482711658123,6563135,NC
-0.1057830490773122,6563136,NC
-0.09583129440617796,6563137,NC
-0.09587956307022982,6563138,NC
-0.0659278550365032,6563139,NC
-0.05597617027201755,6563140,NC
-0.041024508743776465,6563141,NC
-0.056072870418767636,6563142,NC
-0.03612125526396294,6563143,NC
-0.026169663246318385,6563144,NC
0.008781905667225753,6563145,NC
0.02373345150974504,6563146,NC
0.02868497431433079,6563147,NC
0.02863647411408998,6563148,NC
0.01858795094214538,6563149,NC
0.013539404831635415,6563150,NC
0.038490835815714185,6563151,NC
0.05344224392755144,6563152,NC
0.06839362920033251,6563153,NC
0.0833449916672584,6563154,NC
0.10829633136154558,6563155,NC
0.12324764831642618,6563156,NC
0.14819894256514782,6563157,NC
0.15815021414097355,6563158,NC
0.16310146307718204,6563159,NC
0.15305268940706732,6563160,NC
0.15300389316393892,6563161,NC
0.15795507438112177,6563162,NC
0.18290623309195614,6563163,NC
0.1778573693297978,6563164,NC
0.1678084831280177,6563165,NC
0.1827595745200022,6563166,NC
0.19771064353915302,6563167,NC
0.212661690218887,6563168,NC
0.23761271459263644,6563169,NC
0.22756371669384873,6563170,NC
0.20751469655598648,6563171,NC
0.1924656542125276,6563172,NC
0.18241658969696495,6563173,NC
0.1923675030428068,6563174,NC
0.18231839428357635,6563175,NC
0.16226926345281192,6563176,NC
0.11222011058406696,6563177,NC
0.08217093571090994,6563178,NC
0.06212173886692438,6563179,NC
0.0570725200857088,6563180,NC
0.03202327940087664,6563181,NC
0.0019740168460563798,6563182,NC
-0.018075267545108617,6563183,NC
-0.043124573738960024,6563184,NC
-0.053173901701824657,6563185,NC
-0.03322325140001449,6563186,NC
-0.038272622799826614,6563187,NC
-0.0583220158675433,6563188,NC
-0.09837143056943204,6563189,NC
-0.12842086687174553,6563190,NC
-0.14847032474072175,6563191,NC
-0.13851980414258394,6563192,NC
-0.12356930504354055,6563193,NC
-0.13861882740978548,6563194,NC
-0.14866837120749787,6563195,NC
-0.15871793640284235,6563196,NC
-0.16876752296196876,6563197,NC
-0.15881713085101246,6563198,NC
-0.14886676003609425,6563199,NC
-0.17891641048332035,6563200,NC
-0.19396608215878247,6563201,NC
-0.1890157750285578,6563202,NC
-0.19906548905870905,6563203,NC
-0.1841152242152846,6563204,NC
-0.17416498046431822,6563205,NC
-0.17921475777182938,6563206,NC
-0.1792645561038232,6563207,NC
-0.20431437542629036,6563208,NC
-0.20436421570520721,6563209,NC
-0.17941407690653588,6563210,NC
-0.1644639589962241,6563211,NC
-0.15451386194020536,6563212,NC
-0.18456378570439894,6563213,NC
-0.2046137302547099,6563214,NC
-0.22966369555702917,6563215,NC
-0.22971368157723332,6563216,NC
-0.2247636882811849,6563217,NC
-0.23481371563473236,6563218,NC
-0.23986376360370998,6563219,NC
-0.239913832153938,6563220,NC
-0.22996392125122253,6563221,NC
-0.22501403086135574,6563222,NC
-0.20506416095011581,6563223,NC
-0.20511431148326684,6563224,NC
-0.22516448242655904,6563225,NC
-0.2452146737457286,6563226,NC
-0.2502648854064979,6563227,NC
-0.23031511737457527,6563228,NC
-0.20536536961565535,6563229,NC
-0.2204156420954189,6563230,NC
-0.22046593477953275,6563231,NC
-0.25051624763365005,6563232,NC
-0.2505665806234101,6563233,NC
-0.2456169337144384,6563234,NC
-0.2206673068723469,6563235,NC
-0.2157177000627337,6563236,NC
-0.2257681132511833,6563237,NC
-0.2558185464032664,6563238,NC
-0.23586899948454032,6563239,NC
-0.22591947246054847,6563240,NC
-0.22096996529682086,6563241,NC
-0.21602047795887397,6563242,NC
-0.24607101041221063,6563243,NC
-0.2611215626223201,6563244,NC
-0.27117213455467837,6563245,NC
-0.2762227261747478,6563246,NC
-0.24627333744797728,6563247,NC
-0.23632396833980235,6563248,NC
-0.26137461881564505,6563249,NC
-0.2864252888409144,6563250,NC
-0.29147597838100553,6563251,NC
-0.2815266874013006,6563252,NC
-0.25657741586716837,6563253,NC
-0.27162816374396437,6563254,NC
-0.28667893099703073,6563255,NC
-0.3067297175916966,6563256,NC
-0.31678052349327757,6563257,NC
-0.27183134866707637,6563258,NC
-0.2518821930783825,6563259,NC
-0.24693305669247212,6563260,NC
-0.26698393947460847,6563261,NC
-0.29203484139004166,6563262,NC
-0.31208576240400876,6563263,NC
-0.3121367024817337,6563264,NC
-0.3071876615884275,6563265,NC
-0.307238639689288,6563266,NC
-0.30728963674950033,6563267,NC
-0.3073406527342365,6563268,NC
-0.31739168760865566,6563269,NC
-0.30244274133790405,6563270,NC
-0.31249381388711495,6563271,NC
-0.3075449052214089,6563272,NC
-0.30259601530589364,6563273,NC
-0.3026471441056639,6563274,NC
-0.28269829158580184,6563275,NC
-0.25774945771137675,6563276,NC
-0.2528006424474453,6563277,NC
-0.25785184575905123,6563278,NC
-0.25290306761122594,6563279,NC
-0.2579543079689877,6563280,NC
-0.2780055667973426,6563281,NC
-0.2630568440612839,6563282,NC
-0.27810813972579224,6563283,NC
-0.29315945375583574,6563284,NC
-0.28321078611636996,6563285,NC
-0.2882621367723381,6563286,NC
-0.2633135056886705,6563287,NC
-0.2333648928302855,6563288,NC
-0.2034162981620886,6563289,NC
-0.19846772164897303,6563290,NC
-0.1935191632558197,6563291,NC
-0.19357062294749697,6563292,NC
-0.213622100688861,6563293,NC
-0.21867359644475556,6563294,NC
-0.22872511018001213,6563295,NC
-0.23877664185944986,6563296,NC
-0.26882819144787573,6563297,NC
-0.28387975891008443,6563298,NC
-0.27893134421085847,6563299,NC
-0.2689829473149682,6563300,NC
-0.24403456818717176,6563301,NC
-0.24408620679221513,6563302,NC
-0.2541378630948323,6563303,NC
-0.24918953705974498,6563304,NC
-0.259241228651663,6563305,NC
-0.2442929378352842,6563306,NC
-0.24934466457529417,6563307,NC
-0.2793964088363666,6563308,NC
-0.2694481705831634,6563309,NC
-0.2644999497803342,6563310,NC
-0.25955174639251705,6563311,NC
-0.24460356038433798,6563312,NC
-0.229655391720411,6563313,NC
-0.24970724036533845,6563314,NC
-0.26975910628371075,6563315,NC
-0.2948109894401067,6563316,NC
-0.2998628897990931,6563317,NC
-0.2949148073252251,6563318,NC
-0.29496674198304623,6563319,NC
-0.31501869373708813,6563320,NC
-0.32507066255187084,6563321,NC
-0.30512264839190284,6563322,NC
-0.28017465122168084,6563323,NC
-0.26022667100568997,6563324,NC
-0.27527870770840396,6563325,NC
-0.3003307612942848,6563326,NC
-0.32538283172778293,6563327,NC
-0.3154349189733374,6563328,NC
-0.29548702299537577,6563329,NC
-0.290539143758314,6563330,NC
-0.2805912812265568,6563331,NC
-0.2806434353644974,6563332,NC
-0.2856956061365175,6563333,NC
-0.28574779350698776,6563334,NC
-0.2807999974402673,6563335,NC
-0.2808522179007038,6563336,NC
-0.2709044548526339,6563337,NC
-0.265956708260383,6563338,NC
-0.2710089780882649,6563339,NC
-0.27106126430058264,6563340,NC
-0.2711135668616277,6563341,NC
-0.24616588573568068,6563342,NC
-0.2462182208870108,6563343,NC
-0.23127057227987635,6563344,NC
-0.24632293987852447,6563345,NC
-0.2513753236471912,6563346,NC
-0.25142772355010146,6563347,NC
-0.2414801395514693,6563348,NC
-0.21653257161549777,6563349,NC
-0.2165850197063789,6563350,NC
-0.23663748378829372,6563351,NC
-0.2666899638254124,6563352,NC
-0.2617424597818942,6563353,NC
-0.2517949716218877,6563354,NC
-0.24684749930953012,6563355,NC
-0.24190004280894842,6563356,NC
-0.25195260208425846,6563357,NC
-0.2570051770995654,6563358,NC
-0.2520577678189636,6563359,NC
-0.22211037420653676,6563360,NC
-0.1921629962263579,6563361,NC
-0.1672156338424893,6563362,NC
-0.1572682870189826,6563363,NC
-0.14732095571987885,6563364,NC
-0.11737363990920846,6563365,NC
-0.05742633955099123,6563366,NC
-0.012479054609236508,6563367,NC
0.052468214952056974,6563368,NC
0.09741546916890095,6563369,NC
0.17236270807731763,6563370,NC
0.23730993171333975,6563371,NC
0.27225714011301033,6563372,NC
0.2772043333123829,6563373,NC
0.2321515113475214,6563374,NC
0.12209867425450006,6563375,NC
0.037045822069403433,6563376,NC
-0.028007045171673583,6563377,NC
-0.038059927432625804,6563378,NC
-0.0031128246773377867,6563379,NC
0.05683426313031608,6563380,NC
0.1417813360264717,6563381,NC
0.2467283940472751,6563382,NC
0.3966754372288825,6563383,NC
0.5166224656074603,6563384,NC
0.6315694792191848,6563385,NC
0.6965164781002428,6563386,NC
0.7014634622868307,6563387,NC
0.6564104318151551,6563388,L
0.5813573867214328,6563389,NC
0.4913043270418903,6563390,NC
0.43625125281276433,6563391,NC
0.37619816407030127,6563392,NC
0.29114506085075775,6563393,NC
0.1860919431903999,6563394,NC
0.07603881112550398,6563395,NC
-0.02901433530764393,6563396,NC
-0.13406749607274804,6563397,NC
-0.22912067113350265,6563398,NC
-0.28917386045359245,6563399,NC
-0.3342270639966923,6563400,NC
-0.3692802817264674,6563401,NC
-0.3793335136065731,6563402,NC
-0.3743867596006552,6563403,NC
-0.37944001967234997,6563404,NC
-0.3844932937852839,6563405,NC
-0.38954658190307395,6563406,NC
-0.3695998839893276,6563407,NC
-0.33465320000764254,6563408,NC
-0.29470652992160734,6563409,NC
-0.27975987369480065,6563410,NC
-0.27981323129079194,6563411,NC
-0.2848666026731411,6563412,NC
-0.2799199878053988,6563413,NC
-0.27997338665110605,6563414,NC
-0.25002679917379467,6563415,NC
-0.24508022533698712,6563416,NC
-0.25013366510419643,6563417,NC
-0.24018711843892654,6563418,NC
-0.245240585304672,6563419,NC
-0.24029406566491804,6563420,NC
-0.22534755948314084,6563421,NC
-0.23540106672280733,6563422,NC
-0.23045458734737523,6563423,NC
-0.25050812132029315,6563424,NC
-0.23556166860500055,6563425,NC
-0.23061522916492785,6563426,NC
-0.22566880296349645,6563427,NC
-0.2507223899641186,6563428,NC
-0.26077599013019753,6563429,NC
-0.26582960342512757,6563430,NC
-0.25588322981229406,6563431,NC
-0.23093686925507334,6563432,NC
-0.2059905217168329,6563433,NC
-0.22604418716093128,6563434,NC
-0.24109786555071822,6563435,NC
-0.24115155684953457,6563436,NC
-0.20120526102071237,6563437,NC
-0.1712589780275749,6563438,NC
-0.14131270783343663,6563439,NC
-0.13636645040160328,6563440,NC
-0.14142020569537195,6563441,NC
-0.14647397367803097,6563442,NC
-0.15152775431286,6563443,NC
-0.15158154756313008,6563444,NC
-0.1516353533921036,6563445,NC
-0.1616891717630344,6563446,NC
-0.16674300263916783,6563447,NC
-0.16679684598374053,6563448,NC
-0.15185070175998075,6563449,NC
-0.12190456993110818,6563450,NC
-0.09195845046033406,6563451,NC
-0.05701234331086125,6563452,NC
-0.042066248445884136,6563453,NC
-0.0271201658285887,6563454,NC
-0.042174095422152634,6563455,NC
-0.07222803718974523,6563456,NC
-0.09228199109452748,6563457,NC
-0.10233595709965207,6563458,NC
-0.09238993516826347,6563459,NC
-0.07244392526349784,6563460,NC
-0.047497927348483224,6563461,NC
-0.012551941386339367,6563462,NC
0.017394032659822093,6563463,NC
-0.002660005173102397,6563464,NC
-0.007714054848208193,6563465,NC
-0.02276811632858256,6563466,NC
-0.012822189577304789,6563467,NC
0.02712372544255394,6563468,NC
0.05706962876793044,6563469,NC
0.07201552043576952,6563470,NC
0.07696140048302391,6563471,NC
0.07190726894665436,6563472,NC
0.07185312586362948,6563473,NC
0.09679897127092568,6563474,NC
0.11674480520552738,6563475,NC
0.13169062770442677,6563476,NC
0.1366364388046238,6563477,NC
0.1315822385431263,6563478,NC
0.14652802695694983,6563479,NC
0.1664738040831176,6563480,NC
0.19141956995866063,6563481,NC
0.2113653246206177,6563482,NC
0.21131106810603492,6563483,NC
0.20625680045196637,6563484,NC
0.20120252169547362,6563485,NC
0.17614823187362583,6563486,NC
0.1860939310234997,6563487,NC
0.1710396191821794,6563488,NC
0.15098529638675676,6563489,NC
0.13593096267433097,6563490,NC
0.12087661808200875,6563491,NC
0.10582226264690418,6563492,NC
0.11576789640613877,6563493,NC
0.08571351939684141,6563494,NC
0.04565913165614836,6563495,NC
-0.009395266778796782,6563496,NC
-0.05444967587084315,6563497,NC
-0.07450409558283255,6563498,NC
-0.06955852587759963,6563499,NC
-0.09461296671797169,6563500,NC
-0.12966741806676887,6563501,NC
-0.14972187988680424,6563502,NC
-0.14477635214088355,6563503,NC
-0.13483083479180555,6563504,NC
-0.1048853278023618,6563505,NC
-0.13493983113533686,6563506,NC
-0.1499943447535082,6563507,NC
-0.17504886861964625,6563508,NC
-0.17010340269651447,6563509,NC
-0.15515794694686935,6563510,NC
-0.1302125013334604,6563511,NC
-0.14526706581903032,6563512,NC
-0.16032164036631472,6563513,NC
-0.1953762249380425,6563514,NC
-0.20043081949693564,6563515,NC
-0.18548542400570933,6563516,NC
-0.16054003842707187,6563517,NC
-0.16059466272372497,6563518,NC
-0.18064929685836348,6563519,NC
-0.18570394079367547,6563520,NC
-0.2057585944923425,6563521,NC
-0.2058132579170393,6563522,NC
-0.20086793103043402,6563523,NC
-0.2009226137951882,6563524,NC
-0.20097730617395676,6563525,NC
-0.19603200812938806,6563526,NC
-0.19608671962412397,6563527,NC
-0.18114144062079982,6563528,NC
-0.1561961710820443,6563529,NC
-0.15625091097047994,6563530,NC
-0.16630566024872256,6563531,NC
-0.20136041887938175,6563532,NC
-0.18641518682506056,6563533,NC
-0.1864699640483558,6563534,NC
-0.17652475051185787,6563535,NC
-0.16657954617815088,6563536,NC
-0.17163435100981267,6563537,NC
-0.17168916496941483,6563538,NC
-0.1667439880195227,6563539,NC
-0.1617988201226954,6563540,NC
-0.14185366124148585,6563541,NC
-0.16190851133844086,6563542,NC
-0.20196337037610113,6563543,NC
-0.21701823831700112,6563544,NC
-0.22707311512366937,6563545,NC
-0.2071280007586283,6563546,NC
-0.2121828951843943,6563547,NC
-0.21723779836347767,6563548,NC
-0.20729271025838292,6563549,NC
-0.21734763083160846,6563550,NC
-0.21240256004564684,6563551,NC
-0.19245749786298463,6563552,NC
-0.18751244424610267,6563553,NC
-0.19756739915747576,6563554,NC
-0.21762236255957307,6563555,NC
-0.21267733441485775,6563556,NC
-0.19773231468578745,6563557,NC
-0.19278730333481384,6563558,NC
-0.177842300324383,6563559,NC
-0.17289730561693525,6563560,NC
-0.18795231917490526,6563561,NC
-0.17800734096072204,6563562,NC
-0.208062370936809,6563563,NC
-0.18811740906558397,6563564,NC
-0.18817245530945914,6563565,NC
-0.1832275096308413,6563566,NC
-0.18828257199213158,6563567,NC
-0.19833764235572565,6563568,NC
-0.17839272068401382,6563569,NC
-0.16844780693938077,6563570,NC
-0.14850290108420602,6563571,NC
-0.17355800308086342,6563572,NC
-0.19861311289172168,6563573,NC
-0.22866823047914403,6563574,NC
-0.2087233558054885,6563575,NC
-0.19377848883310775,6563576,NC
-0.18883362952434926,6563577,NC
-0.22888877784155515,6563578,NC
-0.2739439337470625,6563579,NC
-0.28399909720320304,6563580,NC
-0.2590542681723035,6563581,NC
-0.24910944661668533,6563582,NC
-0.209164632498665,6563583,NC
-0.21421982578055376,6563584,NC
-0.224275026424658,6563585,NC
-0.23433023439327894,6563586,NC
-0.2343854496487128,6563587,NC
-0.22444067215325092,6563588,NC
-0.20449590186917957,6563589,NC
-0.20955113875878018,6563590,NC
-0.21460638278432925,6563591,NC
-0.22966163390809838,6563592,NC
-0.22971689209235435,6563593,NC
-0.20977215729935916,6563594,NC
-0.20482742949136998,6563595,NC
-0.19988270863063912,6563596,NC
-0.20993799467941432,6563597,NC
-0.20499328759993846,6563598,NC
-0.19004858735444982,6563599,NC
-0.1651038939051819,6563600,NC
-0.1351592072143637,6563601,NC
-0.1502145272442195,6563602,NC
-0.18526985395696896,6563603,NC
-0.20032518731482732,6563604,NC
-0.24038052728000522,6563605,NC
-0.23543587381470868,6563606,NC
-0.21549122688113942,6563607,NC
-0.20554658644149448,6563608,NC
-0.2006019524579667,6563609,NC
-0.18065732489274433,6563610,NC
-0.16071270370801133,6563611,NC
-0.1357680888659472,6563612,NC
-0.11082348032872733,6563613,NC
-0.11087887805852253,6563614,NC
-0.14093428201749952,6563615,NC
-0.1459896921678207,6563616,NC
-0.16104510847164424,6563617,NC
-0.15610053089112408,6563618,NC
-0.13615595938841002,6563619,NC
-0.12121139392564778,6563620,NC
-0.11626683446497876,6563621,NC
-0.11132228096854047,6563622,NC
-0.11637773339846626,6563623,NC
-0.13143319171688542,6563624,NC
-0.17148865588592316,6563625,NC
-0.24154412586770088,6563626,NC
-0.3015996016243358,6563627,NC
-0.34165508311794135,6563628,NC
-0.32671057031062695,6563629,NC
-0.2667660631644982,6563630,NC
-0.22682156164165662,6563631,NC
-0.22187706570420032,6563632,NC
-0.2519325753142232,6563633,NC
-0.25698809043381554,6563634,NC
-0.26204361102506385,6563635,NC
-0.23209913705005075,6563636,NC
-0.22215466847085547,6563637,NC
-0.24221020524955322,6563638,NC
-0.27726574734821574,6563639,NC
-0.28232129472891115,6563640,NC
-0.2773768473537038,6563641,NC
-0.2574324051846547,6563642,NC
-0.23248796818382106,6563643,NC
-0.2375435363132567,6563644,NC
-0.2375991095350119,6563645,NC
-0.2576546878111335,6563646,NC
-0.26271027110366474,6563647,NC
-0.2727658593746457,6563648,NC
-0.2428214525861128,6563649,NC
-0.25287705070009925,6563650,NC
-0.26293265367863483,6563651,NC
-0.29298826148374607,6563652,NC
-0.2830438740774561,6563653,NC
-0.26809949142178496,6563654,NC
-0.25815511347874914,6563655,NC
-0.27321074021036224,6563656,NC
-0.25826637157863447,6563657,NC
-0.2733220075455729,6563658,NC
-0.27837764807318144,6563659,NC
-0.26843329312346115,6563660,NC
-0.25348894265840954,6563661,NC
-0.23854459664002145,6563662,NC
-0.23860025503028845,6563663,NC
-0.24365591779119924,6563664,NC
-0.22371158488473944,6563665,NC
-0.21876725627289176,6563666,NC
-0.21882293191763594,6563667,NC
-0.24387861178094886,6563668,NC
-0.2939342958248045,6563669,NC
-0.343989984011174,6563670,NC
-0.34404567630202565,6563671,NC
-0.3141013726593249,6563672,NC
-0.2841570730450345,6563673,NC
-0.2642127774211144,6563674,NC
-0.27426848574952184,6563675,NC
-0.27432419799221136,6563676,NC
-0.26937991411113477,6563677,NC
-0.2544356340682413,6563678,NC
-0.2244913578254777,6563679,NC
-0.21454708534478778,6563680,NC
-0.21960281658811306,6563681,NC
-0.21965855151739241,6563682,NC
-0.1947142900945622,6563683,NC
-0.1597700322815563,6563684,NC
-0.09982577804030614,6563685,NC
-0.04988152733274069,6563686,NC
6.271987921351637e-05,6563687,NC
0.030006963633632255,6563688,NC
0.059951203968593735,6563689,NC
0.0898954409221785,6563690,NC
0.08983967453246933,6563691,NC
0.049783904837551386,6563692,NC
-0.03527186812448797,6563693,NC
-0.13532764431555916,6563694,NC
-0.2503834236975703,6563695,NC
-0.3304392062324275,6563696,NC
-0.3204949918820345,6563697,NC
-0.28055078060829314,6563698,NC
-0.23560657237310306,6563699,NC
-0.15566236713836173,6563700,NC
-0.07071816486596472,6563701,NC
0.03922603448219452,6563702,NC
0.1491702309442245,6563703,NC
0.21911442455823568,6563704,NC
0.2940586153623405,6563705,NC
0.3340028033946534,6563706,NC
0.31394698869329046,6563707,L
0.2588911712963699,6563708,NC
0.1788353512420116,6563709,NC
0.08877952856833742,6563710,NC
-0.0012762966865291774,6563711,NC
-0.08133212448446284,6563712,NC
-0.1513879547873365,6563713,NC
-0.2364437875570214,6563714,NC
-0.3014996227553871,6563715,NC
-0.3565554603443015,6563716,NC
-0.4216113002856309,6563717,NC
-0.4716671425412398,6563718,NC
-0.5017229870729915,6563719,NC
-0.48677883384274734,6563720,NC
-0.4618346828123674,6563721,NC
-0.4468905339437101,6563722,NC
-0.4269463871986324,6563723,NC
-0.39200224253899013,6563724,NC
-0.3470580999266371,6563725,NC
-0.2971139593234262,6563726,NC
-0.2521698206912089,6563727,NC
-0.22722568399183507,6563728,NC
-0.21228154918715342,6563729,NC
-0.18233741623901142,6563730,NC
-0.18739328510925518,6563731,NC
-0.20244915575972958,6563732,NC
-0.20750502815227828,6563733,NC
-0.20756090224874385,6563734,NC
-0.21261677801096757,6563735,NC
-0.21267265540078964,6563736,NC
-0.20772853438004912,6563737,NC
-0.17778441491058403,6563738,NC
-0.1678402969542313,6563739,NC
-0.1678961804728268,6563740,NC
-0.15295206542820547,6563741,NC
-0.15800795178220114,6563742,NC
-0.13806383949664686,6563743,NC
-0.1231197285333746,6563744,NC
-0.11817561885421553,6563745,NC
-0.10823151042099986,6563746,NC
-0.11328740319555701,6563747,NC
-0.11834329713971552,6563748,NC
-0.12339919221530318,6563749,NC
-0.09345508838414701,6563750,NC
-0.0735109856080732,6563751,NC
-0.06356688384890734,6563752,NC
-0.09362278306847428,6563753,NC
-0.09867868322859817,6563754,NC
-0.10373458429110254,6563755,NC
-0.0687904862178103,6563756,NC
-0.03384638897054375,6563757,NC
-0.03890229251112467,6563758,NC
-0.02895819680137427,6563759,NC
-0.034014101803113275,6563760,NC
-0.039070007478161854,6563761,NC
-0.024125913788339837,6563762,NC
-0.01418182069546652,6563763,NC
-0.014237728161360829,6563764,NC
-0.019293636147841298,6563765,NC
-0.029349544616726102,6563766,NC
-0.01940545352983311,6563767,NC
0.015538637151020138,6563768,NC
0.05548272746401637,6563769,NC
0.07542681744733859,6563770,NC
0.07537090713916994,6563771,NC
0.05531499657769386,6563772,NC
0.07025908580109393,6563773,NC
0.08020317484755385,6563774,NC
0.11014726375525749,6563775,NC
0.12509135256238876,6563776,NC
0.1300354413071317,6563777,NC
0.12497953002767037,6563778,NC
0.12992361876218878,6563779,NC
0.17486770754887104,6563780,NC
0.18481179642590112,6563781,NC
0.214755885431463,6563782,NC
0.22469997460374058,6563783,NC
0.22464406398091757,6563784,NC
0.22958815360117762,6563785,NC
0.26453224350270416,6563786,NC
0.2944763337236805,6563787,NC
0.2844204243022896,6563788,NC
0.2743645152767144,6563789,NC
0.26930860668513723,6563790,NC
0.27425269856574047,6563791,NC
0.3091967909567059,6563792,NC
0.34914088389621517,6563793,NC
0.3490849774224495,6563794,NC
0.3340290715735897,6563795,NC
0.2989731663878159,6563796,NC
0.2539172619033082,6563797,NC
0.24886135815824606,6563798,NC
0.24880545519080827,6563799,NC
0.2637495530391733,6563800,NC
0.27369365174151894,6563801,NC
0.2736377513360224,6563802,NC
0.2835818518608604,6563803,NC
0.278525953354209,6563804,NC
0.28847005585424335,6563805,NC
0.2684141593991383,6563806,NC
0.24335826402706764,6563807,NC
0.20330236977620472,6563808,NC
0.18324647668472185,6563809,NC
0.17319058479079072,6563810,NC
0.17313469413258215,6563811,NC
0.14307880474826615,6563812,NC
0.10802291667601183,6563813,NC
0.057967029953987365,6563814,NC
0.022911144620360084,6563815,NC
-0.002144739286703674,6563816,NC
-0.012200621729038505,6563817,NC
-0.012256502668480097,6563818,NC
-0.027312382066865076,6563819,NC
-0.05236825988603115,6563820,NC
-0.04742413608781709,6563821,NC
-0.03748001063406282,6563822,NC
-0.02753588348660932,6563823,NC
-0.03259175460729879,6563824,NC
-0.07264762395797457,6563825,NC
-0.11770349150048125,6563826,NC
-0.13775935719666466,6563827,NC
-0.1128152210083718,6563828,NC
-0.08787108289745106,6563829,NC
-0.07292694282575207,6563830,NC
-0.0729828007551259,6563831,NC
-0.07803865664742488,6563832,NC
-0.12809451046450276,6563833,NC
-0.17315036216821475,6563834,NC
-0.20820621172041742,6563835,NC
-0.2282620590829689,6563836,NC
-0.22831790421772877,6563837,NC
-0.22837374708655814,6563838,NC
-0.19842958765131966,6563839,NC
-0.16848542587387755,6563840,NC
-0.1535412617160976,6563841,NC
-0.16359709513984735,6563842,NC
-0.16365292610699586,6563843,NC
-0.18370875457941385,6563844,NC
-0.17376458051897395,6563845,NC
-0.16382040388755023,6563846,NC
-0.14387622464701877,6563847,NC
-0.14893204275925725,6563848,NC
-0.14898785818614527,6563849,NC
-0.15904367088956423,6563850,NC
-0.15909948083139736,6563851,NC
-0.15415528797352981,6563852,NC
-0.1292110922778486,6563853,NC
-0.1242668937062428,6563854,NC
-0.15432269222060332,6563855,NC
-0.1393784877828231,6563856,NC
-0.14443428035479713,6563857,NC
-0.12449006989842237,6563858,NC
-0.11954585637559795,6563859,NC
-0.12960163974822497,6563860,NC
-0.14965741997820675,6563861,NC
-0.16471319702744877,6563862,NC
-0.15976897085785852,6563863,NC
-0.16482474143134593,6563864,NC
-0.14488050870982297,6563865,NC
-0.12493627265520386,6563866,NC
-0.15999203322940528,6563867,NC
-0.14004779039434598,6563868,NC
-0.15010354411194718,6563869,NC
-0.15015929434413244,6563870,NC
-0.11521504105282768,6563871,NC
-0.12027078419996115,6563872,NC
-0.1253265237474637,6563873,NC
-0.14038225965726853,6563874,NC
-0.14043799189131131,6563875,NC
-0.14049372041153027,6563876,NC
-0.13054944517986614,6563877,NC
-0.14060516615826227,6563878,NC
-0.1456608833086645,6563879,NC
-0.15071659659302136,6563880,NC
-0.15577230597328404,6563881,NC
-0.15082801141140628,6563882,NC
-0.13588371286934472,6563883,NC
-0.14093941030905852,6563884,NC
-0.14599510369250962,6563885,NC
-0.1560507929816628,6563886,NC
-0.14110647813848562,6563887,NC
-0.10116215912494837,6563888,NC
-0.07121783590302433,6563889,NC
-0.08627350843468956,6563890,NC
-0.131329176681923,6563891,NC
-0.19638484060670666,6563892,NC
-0.22144050017102535,6563893,NC
-0.2064961553368669,6563894,NC
-0.19655180606622213,6563895,NC
-0.20160745232108498,6563896,NC
-0.21666309406345233,6563897,NC
-0.22671873125532424,6563898,NC
-0.21677436385870377,6563899,NC
-0.2068299918355972,6563900,NC
-0.1818856151480139,6563901,NC
-0.1769412337579666,6563902,NC
-0.19199684762747096,6563903,NC
-0.18705245671854612,6563904,NC
-0.19210806099321434,6563905,NC
-0.18216366041350124,6563906,NC
-0.16721925494143575,6563907,NC
-0.16727484453905006,6563908,NC
-0.1773304291683799,6563909,NC
-0.19238600879146417,6563910,NC
-0.1674415833703454,6563911,NC
-0.13249715286706945,6563912,NC
-0.10255271724368564,6563913,NC
-0.13260827646224685,6563914,NC
-0.16766383048480943,6563915,NC
-0.1877193792734333,6563916,NC
-0.21277492279018195,6563917,NC
-0.2028304609971225,6563918,NC
-0.1928859938563256,6563919,NC
-0.18794152132986572,6563920,NC
-0.1779970433798209,6563921,NC
-0.1730525599682728,6563922,NC
-0.15810807105730698,6563923,NC
-0.12316357660901267,6563924,NC
-0.12821907658548287,6563925,NC
-0.15327457094881441,6563926,NC
-0.17833005966110804,6563927,NC
-0.23838554268446813,6563928,NC
-0.2084410199810032,6563929,NC
-0.18349649151282552,6563930,NC
-0.13855195724205138,6563931,NC
-0.12360741713080096,6563932,NC
-0.1236628711411985,6563933,NC
-0.11371831923537216,6563934,NC
-0.1037737613754543,6563935,NC
-0.08382919752358119,6563936,NC
-0.07388462764189326,6563937,NC
-0.093940051692535,6563938,NC
-0.11399546963765517,6563939,NC
-0.1340508814394066,6563940,NC
-0.1541062870599463,6563941,NC
-0.1641616864614356,6563942,NC
-0.14921707960603997,6563943,NC
-0.14427246645592923,6563944,NC
-0.1343278469732774,6563945,NC
-0.13438322112026296,6563946,NC
-0.16443858885906865,6563947,NC
-0.17949395015188163,6563948,NC
-0.1995493049608934,6563949,NC
-0.2046046532483,6563950,NC
-0.21965999497630176,6563951,NC
-0.22471533010710365,6563952,NC
-0.21477065860291505,6563953,NC
-0.16482598042594995,6563954,NC
-0.1248812955384268,6563955,NC
-0.10993660390256865,6563956,NC
-0.12499190548060327,6563957,NC
-0.13004720023476293,6563958,NC
-0.13010248812728464,6563959,NC
-0.18015776912041004,6563960,NC
-0.2652130431763855,6563961,NC
-0.3302683102574622,6563962,NC
-0.35032357032589606,6563963,NC
-0.29537882334394755,6563964,NC
-0.21043406927388242,6563965,NC
-0.15548930807797076,6563966,NC
-0.17054453971848793,6563967,NC
-0.25059976415771396,6563968,NC
-0.33565498135793387,6563969,NC
-0.41071019128143754,6563970,NC
-0.42076539389052,6563971,NC
-0.37082058914748106,6563972,NC
-0.3158757770146257,6563973,NC
-0.28593095745426395,6563974,NC
-0.3159861304287107,6563975,NC
-0.34104129590028637,6563976,NC
-0.336096453831316,6563977,NC
-0.3211516041841301,6563978,NC
-0.31120674692106426,6563979,NC
-0.3012618820044593,6563980,NC
-0.3113170093966613,6563981,NC
-0.31137212906002143,6563982,NC
-0.3164272409568963,6563983,NC
-0.29648234504964777,6563984,NC
-0.2815374413006431,6563985,NC
-0.29159252967225474,6563986,NC
-0.31664761012686066,6563987,NC
-0.3267026826268442,6563988,NC
-0.3167577471345942,6563989,NC
-0.28181280361250477,6563990,NC
-0.2518678520229757,6563991,NC
-0.24692289232841214,6563992,NC
-0.2519779244912249,6563993,NC
-0.2770329484738303,6563994,NC
-0.3070879642386502,6563995,NC
-0.31714297174811223,6563996,NC
-0.2971979709646494,6563997,NC
-0.28225296185070065,6563998,NC
-0.2673079443687104,6563999,NC
-0.2723629184811289,6564000,NC
-0.2624178841504121,6564001,NC
-0.2224728413390218,6564002,NC
-0.18752779000942543,6564003,NC
-0.1275827301240964,6564004,NC
-0.07763766164551383,6564005,NC
-0.017692584536162823,6564006,NC
0.007252501241465712,6564007,NC
0.007197595724874899,6564008,NC
-0.017857301048438072,6564009,NC
-0.11791218904098198,6564010,NC
-0.2729670682152716,6564011,NC
-0.4480219385338277,6564012,NC
-0.6130767999591772,6564013,NC
-0.678131652453853,6564014,NC
-0.6331864959803941,6564015,NC
-0.4982413305013456,6564016,NC
-0.3232961559792589,6564017,NC
-0.15835097237669146,6564018,NC
-0.013405779656206885,6564019,NC
0.10153942221962492,6564020,NC
0.14148463328822777,6564021,NC
0.11142985358701926,6564022,L
0.02637508315341062,6564023,NC
-0.0786796779751932,6564024,NC
-0.1837344297613936,6564025,NC
-0.2637891721677984,6564026,NC
-0.32384390515702177,6564027,NC
-0.4188986286916844,6564028,NC
-0.5089533427344133,6564029,NC
-0.5940080472478421,6564030,NC
-0.629062742194611,6564031,NC
-0.5991174275373664,6564032,NC
-0.5541721032387616,6564033,NC
-0.47922676926145635,6564034,NC
-0.43928142556811695,6564035,NC
-0.3793360721214165,6564036,NC
-0.3393907088840346,6564037,NC
-0.33944533581865766,6564038,NC
-0.3344999528879787,6564039,NC
-0.3395545600546975,6564040,NC
-0.31460915728152067,6564041,NC
-0.2946637445311616,6564042,NC
-0.29971832176634033,6564043,NC
-0.28977288894978404,6564044,NC
-0.29982744604422645,6564045,NC
-0.31488199301240843,6564046,NC
-0.2999365298170776,6564047,NC
-0.29999105642098856,6564048,NC
-0.30004557278690286,6564049,NC
-0.29010007887758926,6564050,NC
-0.25515457465582314,6564051,NC
-0.23520906008438727,6564052,NC
-0.24026353512607132,6564053,NC
-0.250317999743672,6564054,NC
-0.2653724538999934,6564055,NC
-0.2754268975578465,6564056,NC
-0.25048133068004946,6564057,NC
-0.2455357532294278,6564058,NC
-0.24559016516881413,6564059,NC
-0.25564456646104833,6564060,NC
-0.2706989570689776,6564061,NC
-0.29075333695545647,6564062,NC
-0.27580770608334654,6564063,NC
-0.265862064415517,6564064,NC
-0.2559164119148445,6564065,NC
-0.2609707485442128,6564066,NC
-0.2360250742665133,6564067,NC
-0.20107938904464467,6564068,NC
-0.1511336928415133,6564069,NC
-0.14618798562003285,6564070,NC
-0.1512422673431246,6564071,NC
-0.1462965379737174,6564072,NC
-0.12135079747474761,6564073,NC
-0.11140504580915928,6564074,NC
-0.101459282939904,6564075,NC
-0.10651350882994104,6564076,NC
-0.11156772344223737,6564077,NC
-0.07162192673976767,6564078,NC
-0.02667611868551429,6564079,NC
0.03326970075753261,6564080,NC
0.07321553162637512,6564081,NC
0.07316137395800755,6564082,NC
0.04310722778941632,6564083,NC
-0.016946906842419944,6564084,NC
-0.052001029900530536,6564085,NC
-0.017055141347952604,6564086,NC
0.047890758852268685,6564087,NC
0.07783667073708028,6564088,NC
0.08278259434342117,6564089,NC
0.05772852970822228,6564090,NC
0.022674476868406516,6564091,NC
0.03262043586088875,6564092,NC
0.06756640672257577,6564093,NC
0.10751238949036623,6564094,NC
0.1324583842011507,6564095,NC
0.1374043908918116,6564096,NC
0.14235040959922307,6564097,NC
0.14729644036025114,6564098,NC
0.17224248321175356,6564099,NC
0.1771885381905799,6564100,NC
0.1771346053335713,6564101,NC
0.19208068467756073,6564102,NC
0.1920267762593728,6564103,NC
0.21697288011582372,6564104,NC
0.22691899628372136,6564105,NC
0.23186512479986512,6564106,NC
0.23181126570104602,6564107,NC
0.23675741902404662,6564108,NC
0.231703584805641,6564109,NC
0.24164976308259467,6564110,NC
0.2115959538916647,6564111,NC
0.1315421572695995,6564112,NC
0.031488373253139024,6564113,NC
-0.0035653981209854725,6564114,NC
-0.018619156816051398,6564115,NC
0.016327097204655295,6564116,NC
0.04627336397783982,6564117,NC
0.041219643540198816,6564118,NC
-0.008834064071579878,6564119,NC
-0.08388775882081717,6564120,NC
-0.11894144067084275,6564121,NC
-0.14399510958499512,6564122,NC
-0.1490487655266216,6564123,NC
-0.17410240845907837,6564124,NC
-0.17415603834573057,6564125,NC
-0.17420965514995215,6564126,NC
-0.19926325883512605,6564127,NC
-0.20431684936464414,6564128,NC
-0.20437042670190728,6564129,NC
-0.19442399081032535,6564130,NC
-0.1994775416533173,6564131,NC
-0.20453107919431104,6564132,NC
-0.20458460339674367,6564133,NC
-0.18463811422406137,6564134,NC
-0.19469161163971935,6564135,NC
-0.2197450956071822,6564136,NC
-0.28479856608992343,6564137,NC
-0.30985202305142595,6564138,NC
-0.29990546645518196,6564139,NC
-0.2549588962646926,6564140,NC
-0.22001231244346858,6564141,NC
-0.2050657149550299,6564142,NC
-0.20011910376290573,6564143,NC
-0.21017247883063483,6564144,NC
-0.25022584012176513,6564145,NC
-0.27027918759985403,6564146,NC
-0.27533252122846846,6564147,NC
-0.2553858409711847,6564148,NC
-0.24043914679158856,6564149,NC
-0.2554924386532753,6564150,NC
-0.2655457165198498,6564151,NC
-0.2605989803549265,6564152,NC
-0.24565223012212933,6564153,NC
-0.24070546578509186,6564154,NC
-0.23575868730745733,6564155,NC
-0.26081189465287863,6564156,NC
-0.2508650877850183,6564157,NC
-0.22091826666754866,6564158,NC
-0.21597143126415164,6564159,NC
-0.20102458153851896,6564160,NC
-0.19607771745435226,6564161,NC
-0.22113083897536287,6564162,NC
-0.21118394606527188,6564163,NC
-0.23623703868781037,6564164,NC
-0.21129011680671927,6564165,NC
-0.19134318038574935,6564166,NC
-0.16139622938866138,6564167,NC
-0.18144926377922602,6564168,NC
-0.19650228352122398,6564169,NC
-0.21655528857844594,6564170,NC
-0.18660827891469264,6564171,NC
-0.1466612544937748,6564172,NC
-0.15171421527951326,6564173,NC
-0.19676716123573898,6564174,NC
-0.24182009232629306,6564175,NC
-0.2518730085150267,6564176,NC
-0.25192590976580126,6564177,NC
-0.22697879604248838,6564178,NC
-0.20703166730896988,6564179,NC
-0.2020845235291379,6564180,NC
-0.19713736466689472,6564181,NC
-0.18719019068615306,6564182,NC
-0.15224300155083587,6564183,NC
-0.13729579722487645,6564184,NC
-0.13234857767221855,6564185,NC
-0.13240134285681626,6564186,NC
-0.16245409274263414,6564187,NC
-0.20250682729364708,6564188,NC
-0.21255954647384065,6564189,NC
-0.21261225024721073,6564190,NC
-0.21266493857776378,6564191,NC
-0.18771761142951687,6564192,NC
-0.2027702687664975,6564193,NC
-0.18782291055274392,6564194,NC
-0.20287553675230488,6564195,NC
-0.2079281473292399,6564196,NC
-0.19798074224761905,6564197,NC
-0.21803332147152316,6564198,NC
-0.2330858849650437,6564199,NC
-0.21313843269228305,6564200,NC
-0.18319096461735418,6564201,NC
-0.1832434807043809,6564202,NC
-0.16329598091749792,6564203,NC
-0.17334846522085068,6564204,NC
-0.16840093357859554,6564205,NC
-0.16845338595489978,6564206,NC
-0.1585058223139415,6564207,NC
-0.18355824261990983,6564208,NC
-0.20361064683700486,6564209,NC
-0.22366303492943762,6564210,NC
-0.21371540686143012,6564211,NC
-0.2037677625972155,6564212,NC
-0.17882010210103794,6564213,NC
-0.17387242533715264,6564214,NC
-0.17392473226982597,6564215,NC
-0.1639770228633354,6564216,NC
-0.1390292970819696,6564217,NC
-0.1240815548900284,6564218,NC
-0.10413379625182284,6564219,NC
-0.12418602113167515,6564220,NC
-0.1342382294939189,6564221,NC
-0.14929042130289888,6564222,NC
-0.15934259652297122,6564223,NC
-0.1393947551185033,6564224,NC
-0.10944689705387399,6564225,NC
-0.08949902229347337,6564226,NC
-0.09455113080170312,6564227,NC
-0.11960322254297616,6564228,NC
-0.13965529748171698,6564229,NC
-0.11970735558236148,6564230,NC
-0.0897593968093571,6564231,NC
-0.07981142112716277,6564232,NC
-0.08986342850024903,6564233,NC
-0.1649154188930979,6564234,NC
-0.20996739227020306,6564235,NC
-0.2050193485960698,6564236,NC
-0.16007128783521507,6564237,NC
-0.15512320995216747,6564238,NC
-0.13017511491146724,6564239,NC
-0.13022700267766646,6564240,NC
-0.12027887321532885,6564241,NC
-0.12033072648902991,6564242,NC
-0.11038256246335698,6564243,NC
-0.13543438110290915,6564244,NC
-0.17048618237229743,6564245,NC
-0.1705379662361446,6564246,NC
-0.17558973265908542,6564247,NC
-0.1706414816057665,6564248,NC
-0.1656932130408464,6564249,NC
-0.18574492692899558,6564250,NC
-0.24079662323489662,6564251,NC
-0.265848301923244,6564252,NC
-0.28589996295874426,6564253,NC
-0.24595160630611596,6564254,NC
-0.23100323193008981,6564255,NC
-0.20605483979540862,6564256,NC
-0.18110642986682726,6564257,NC
-0.15115800210911282,6564258,NC
-0.1462095564870445,6564259,NC
-0.16626109296541378,6564260,NC
-0.20131261150902424,6564261,NC
-0.2313641120826919,6564262,NC
-0.23641559465124487,6564263,NC
-0.24146705917952366,6564264,NC
-0.23651850563238105,6564265,NC
-0.2315699339746822,6564266,NC
-0.24162134417130465,6564267,NC
-0.24167273618713825,6564268,NC
-0.25172410998708533,6564269,NC
-0.24677546553606067,6564270,NC
-0.25182680279899144,6564271,NC
-0.2118781217408175,6564272,NC
-0.1969294223264909,6564273,NC
-0.19698070452097652,6564274,NC
-0.21203196828925164,6564275,NC
-0.23708321359630616,6564276,NC
-0.23213444040714262,6564277,NC
-0.19718564868677618,6564278,NC
-0.18723683840023458,6564279,NC
-0.21228800951255833,6564280,NC
-0.23733916198880065,6564281,NC
-0.2673902957940274,6564282,NC
-0.26744141089331724,6564283,NC
-0.2274925072517617,6564284,NC
-0.17754358483446492,6564285,NC
-0.14259464360654403,6564286,NC
-0.13764568353312887,6564287,NC
-0.15769670457936225,6564288,NC
-0.15774770671039984,6564289,NC
-0.1727986898914102,6564290,NC
-0.1728496540875749,6564291,NC
-0.16290059926408848,6564292,NC
-0.14295152538615832,6564293,NC
-0.148002432419005,6564294,NC
-0.148053320327862,6564295,NC
-0.14810418907797596,6564296,NC
-0.14315503863460655,6564297,NC
-0.10320586896302651,6564298,NC
-0.10825668002852185,6564299,NC
-0.09330747179639157,6564300,NC
-0.09335824423194794,6564301,NC
-0.028408997300516447,6564302,NC
0.05654026903256425,6564303,NC
0.09648955480194218,6564304,NC
0.1064388600422522,6564305,NC
0.05138818478811574,6564306,NC
-0.008662470925858985,6564307,NC
-0.07371310706507717,6564308,NC
-0.1787637235949573,6564309,NC
-0.26881432048093135,6564310,NC
-0.33886489768844474,6564311,NC
-0.3289154551829561,6564312,NC
-0.26896599292993784,6564313,NC
-0.20901651089487558,6564314,NC
-0.11406700904326864,6564315,NC
0.025882512659370267,6564316,NC
0.16583205424751477,6564317,NC
0.285781615755625,6564318,NC
0.3857311972181473,6564319,NC
0.4206807986695147,6564320,NC
0.37063042014414627,6564321,L
0.23558006167644754,6564322,NC
0.0755297233008104,6564323,NC
-0.05952059494838704,6564324,NC
-0.13957089303678047,6564325,NC
-0.1596211709300193,6564326,NC
-0.14967142859376667,6564327,NC
-0.12972166599369964,6564328,NC
-0.17477188309550906,6564329,NC
-0.21482207986489965,6564330,NC
-0.25487225626759,6564331,NC
-0.3249224122693127,6564332,NC
-0.3849725478358141,6564333,NC
-0.4500226629328546,6564334,NC
-0.4150727575262086,6564335,NC
-0.3451228315816645,6564336,NC
-0.24017288506502468,6564337,NC
-0.17022291794210567,6564338,NC
-0.15527293017873794,6564339,NC
-0.18532292174076612,6564340,NC
-0.24037289259404895,6564341,NC
-0.26042284270445937,6564342,NC
-0.2054727720378844,6564343,NC
-0.12052268056022529,6564344,NC
-0.060572568237397505,6564345,NC
-0.0806224350353307,6564346,NC
-0.12567228091996888,6564347,NC
-0.1957221058572703,6564348,NC
-0.23077190981320744,6564349,NC
-0.24582169275376714,6564350,NC
-0.23587145464495074,6564351,NC
-0.23092119545277381,6564352,NC
-0.19597091514326628,6564353,NC
-0.1510206136824726,6564354,NC
-0.08107029103645166,6564355,NC
-0.041119947171276754,6564356,NC
-0.05116958205303575,6564357,NC
-0.09121919564783096,6564358,NC
-0.15626878792177928,6564359,NC
-0.19631835884101212,6564360,NC
-0.17636790837167549,6564361,NC
-0.13641743647993007,6564362,NC
-0.0914669431319511,6564363,NC
-0.08151642829392847,6564364,NC
-0.07156589193206675,6564365,NC
-0.0766153340125853,6564366,NC
-0.07666475450171809,6564367,NC
-0.06171415336571386,6564368,NC
-0.09176353057083617,6564369,NC
-0.10681288608336331,6564370,NC
-0.08186221986958843,6564371,NC
-0.041911531895819476,6564372,NC
0.008039177871620708,6564373,NC
0.04298990946639442,6564374,NC
0.05794066292214902,6564375,NC
0.01789143827251699,6564376,NC
-0.03715776444888422,6564377,NC
-0.07220694520845207,6564378,NC
-0.06725610397259904,6564379,NC
-0.027305240707752598,6564380,NC
0.022645644619644675,6564381,NC
0.08259655204313518,6564382,NC
0.10254748159624624,6564383,NC
0.08749843331249002,6564384,NC
0.10244940722536355,6564385,NC
0.13740040336834877,6564386,NC
0.1473514217749123,6564387,NC
0.13230246247850577,6564388,NC
0.08725352551256535,6564389,NC
0.08220461091051212,6564390,NC
0.12215571870575181,6564391,NC
0.1571068489316749,6564392,NC
0.22205800162165654,6564393,NC
0.24700917680905649,6564394,NC
0.25196037452721914,6564395,NC
0.26691159480947363,6564396,NC
0.32186283768913354,6564397,NC
0.3868141031994971,6564398,NC
0.42676539137384706,6564399,NC
0.3867167022454506,6564400,NC
0.26666803584755966,6564401,NC
0.15161939221341036,6564402,NC
0.13157077137622344,6564403,NC
0.21652217336920399,6564404,NC
0.3164735982255415,6564405,NC
0.35142504597841007,6564406,NC
0.3213765166609678,6564407,NC
0.26132801030635744,6564408,NC
0.20627952694770588,6564409,NC
0.2212310666181244,6564410,NC
0.23118262935070844,6564411,NC
0.2611342151785378,6564412,NC
0.30108582413467655,6564413,NC
0.33103745625217273,6564414,NC
0.37098911156405884,6564415,NC
0.35594079010335133,6564416,NC
0.27589249190305093,6564417,NC
0.1558442169961424,6564418,NC
0.05079596541559466,6564419,NC
-0.06425226280563939,6564420,NC
-0.10430046763462272,6564421,NC
-0.10434864903843433,6564422,NC
-0.0693968069841692,6564423,NC
-0.01944494143893831,6564424,NC
0.010506947630131283,6564425,NC
-0.02454113974410352,6564426,NC
-0.03458920352880192,6564427,NC
-0.04463724369113918,6564428,NC
-0.029685260198306796,6564429,NC
0.025266746982487653,6564430,NC
0.07021877788402045,6564431,NC
0.12517083253905154,6564432,NC
0.11012291098032478,6564433,NC
-0.009924986759432257,6564434,NC
-0.1599728606475083,6564435,NC
-0.26502071065120836,6564436,NC
-0.27006853673785364,6564437,NC
-0.1901163388747819,6564438,NC
-0.12016411702934707,6564439,NC
-0.05021187116891951,6564440,NC
-0.03525960126088604,6564441,NC
-0.05530730727264985,6564442,NC
-0.09035498917163054,6564443,NC
-0.12040264692526427,6564444,NC
-0.1004502805010036,6564445,NC
-0.035497889866317675,6564446,NC
-0.010545474988692113,6564447,NC
0.004406964164370891,6564448,NC
-0.04064057237464748,6564449,NC
-0.09068808457328259,6564450,NC
-0.060735572399086446,6564451,NC
0.009216964180372308,6564452,NC
0.01416952519750836,6564453,NC
-0.05587788931528029,6564454,NC
-0.1609252793256124,6564455,NC
-0.24097264480112338,6564456,NC
-0.2010199857094655,6564457,NC
-0.10606730201830766,6564458,NC
-0.05111459369533566,6564459,NC
-0.04116186070825217,6564460,NC
-0.0512091030247766,6564461,NC
-0.061256320612645285,6564462,NC
-0.051303513439611405,6564463,NC
-0.04635068147344511,6564464,NC
-0.04139782468193342,6564465,NC
-0.04644494303288035,6564466,NC
-0.06149203649410685,6564467,NC
-0.05653910503345094,6564468,NC
-0.006586148618767627,6564469,NC
0.033366832782071094,6564470,NC
0.06831983920117608,6564471,NC
0.038272870670641175,6564472,NC
-0.021774072777456938,6564473,NC
-0.06182099111105868,6564474,NC
-0.08686788429812164,6564475,NC
-0.13191475230662053,6564476,NC
-0.16696159510454736,6564477,NC
-0.17200841265991126,6564478,NC
-0.12705520494073863,6564479,NC
-0.06210197191507313,6564480,NC
-0.02214871355097575,6564481,NC
-0.0021954298165247146,6564482,NC
0.0027578793201843907,6564483,NC
-0.042288786108961356,6564484,NC
-0.10733542607209226,6564485,NC
-0.162382040537356,6564486,NC
-0.16742862947291767,6564487,NC
-0.12247519284695985,6564488,NC
-0.057521730627682496,6564489,NC
-0.042568242783303095,6564490,NC
-0.022614729282056628,6564491,NC
-0.04266119009219558,6564492,NC
-0.03770762518199,6564493,NC
-0.03775403451972749,6564494,NC
-0.022800418073713205,6564495,NC
-0.02784677581227002,6564496,NC
-0.04289310770373833,6564497,NC
-0.09793941371647621,6564498,NC
-0.15298569381885946,6564499,NC
-0.18803194797928147,6564500,NC
-0.15807817616615344,6564501,NC
-0.10312437834790428,6564502,NC
-0.07817055449298066,6564503,NC
-0.04821670456984701,6564504,NC
0.006737171453014383,6564505,NC
-0.008308926392896508,6564506,NC
-0.05335499807609767,6564507,NC
-0.13840104356512486,6564508,NC
-0.18844706282853174,6564509,NC
-0.16849305583488997,6564510,NC
-0.133539022552789,6564511,NC
-0.1185849629508363,6564512,NC
-0.10863087699765736,6564513,NC
-0.0936767646618956,6564514,NC
-0.06872262591221251,6564515,NC
-0.01876846071728761,6564516,NC
0.006185730954181574,6564517,NC
