channel_0,sample #,type
0.05732932850251175,6796932,NC
0.04241336843697729,6796933,NC
0.0024974449439259007,6796934,NC
-0.0374184421514848,6796935,NC
-0.047334293024172656,6796936,NC
-0.04725010784913107,6796937,NC
-0.0671658868014282,6796938,NC
-0.08208163005620699,6796939,NC
-0.13199733778868442,6796940,NC
-0.17691301017415156,6796941,NC
-0.1768286473879728,6796942,NC
-0.1967442496055858,6796943,NC
-0.22165981700250087,6796944,NC
-0.22157534975430093,6796945,NC
-0.2564908480366407,6796946,NC
-0.2764063120252468,6796947,NC
-0.296321741895917,6796948,NC
-0.31123713782452006,6796949,NC
-0.29615249998699544,6796950,NC
-0.30106782855935266,6796951,NC
-0.3059831237176712,6796952,NC
-0.33589838563810015,6796953,NC
-0.3558136144968573,6796954,NC
-0.33072881047022956,6796955,NC
-0.34064397373457217,6796956,NC
-0.3205591044663083,6796957,NC
-0.3254742028419288,6796958,NC
-0.35038926903799195,6796959,NC
-0.3553043032311226,6796960,NC
-0.34521930559801256,6796961,NC
-0.34513427631541954,6796962,NC
-0.3250492155601673,6796963,NC
-0.34996412350914474,6796964,NC
-0.37987900033930616,6796965,NC
-0.3797938462276703,6796966,NC
-0.3697086613513206,6796967,NC
-0.3596234458874039,6796968,NC
-0.33953820001313145,6796969,NC
-0.35945292390577693,6796970,NC
-0.3643676177426774,6796971,NC
-0.3592822817012323,6796972,NC
-0.34919691595890306,6796973,NC
-0.34411152069321316,6796974,NC
-0.33902609608174716,6796975,NC
-0.34394064230215093,6796976,NC
-0.3588551595321307,6796977,NC
-0.3687696479494534,6796978,NC
-0.36368410773194537,6796979,NC
-0.343598539057493,6796980,NC
-0.3485129421040414,6796981,NC
-0.34842731704959484,6796982,NC
-0.3683416640722158,6796983,NC
-0.358255983350025,6796984,NC
-0.34317027506120074,6796985,NC
-0.35308453938397877,6796986,NC
-0.3379987764966515,6796987,NC
-0.3429129865775683,6796988,NC
-0.3628271698051345,6796989,NC
-0.36274132635781153,6796990,NC
-0.3576554564141159,6796991,NC
-0.3275695601526197,6796992,NC
-0.32748363775194916,6796993,NC
-0.3323976893907855,6796994,NC
-0.3473117152478635,6796995,NC
-0.3522257155019717,6796996,NC
-0.36713969033195176,6796997,NC
-0.3370536399166985,6796998,NC
-0.33196756443515896,6796999,NC
-0.32688146406633245,6797000,NC
-0.3567953389892699,6797001,NC
-0.35670918938307383,6797002,NC
-0.3416230154268976,6797003,NC
-0.33153681729994516,6797004,NC
-0.33645059518147097,6797005,NC
-0.3363643492507791,6797006,NC
-0.35627807968722336,6797007,NC
-0.36119178667020657,6797008,NC
-0.3561054703791805,6797009,NC
-0.35101913099364507,6797010,NC
-0.3509327686931483,6797011,NC
-0.34584638365728604,6797012,NC
-0.36075997606570115,6797013,NC
-0.3756735460980837,6797014,NC
-0.36558709393417,6797015,NC
-0.3455006197537427,6797016,NC
-0.33041412373663015,6797017,NC
-0.3503276060627062,6797018,NC
-0.3702410669118896,6797019,NC
-0.3751545064641439,6797020,NC
-0.3600679248994769,6797021,NC
-0.34498132239794027,6797022,NC
-0.34989469913962923,6797023,NC
-0.3498080553046821,6797024,NC
-0.3647213910732802,6797025,NC
-0.36963470662564707,6797026,NC
-0.3595480021420484,6797027,NC
-0.3494612778027915,6797028,NC
-0.3393745337882249,6797029,NC
-0.3492877702787382,6797030,NC
-0.3692009874547614,6797031,NC
-0.3791141854967647,6797032,NC
-0.3640273645852582,6797033,NC
-0.35894052490079126,6797034,NC
-0.35385366662395246,6797035,NC
-0.34876678993536886,6797036,NC
-0.3536798950157058,6797037,NC
-0.3685929820456667,6797038,NC
-0.3635060512059925,6797039,NC
-0.33841910267746117,6797040,NC
-0.33333213664088746,6797041,NC
-0.3382451532771227,6797042,NC
-0.363158152767054,6797043,NC
-0.35807113529160445,6797044,NC
-0.34798410103173216,6797045,NC
-0.3328970501684303,6797046,NC
-0.33280998288272634,6797047,NC
-0.31772289935568226,6797048,NC
-0.3276357997683935,6797049,NC
-0.3275486843019891,6797050,NC
-0.30746155313763085,6797051,NC
-0.2923744064565136,6797052,NC
-0.2872872444398641,6797053,NC
-0.3072000672689411,6797054,NC
-0.307112875125035,6797055,NC
-0.29702566818946724,6797056,NC
-0.2869384466435899,6797057,NC
-0.27185121066878565,6797058,NC
-0.256763960446467,6797059,NC
-0.25167669615807625,6797060,NC
-0.26658941798508473,6797061,NC
-0.2765021261089929,6797062,NC
-0.2764148207113295,6797063,NC
-0.2563275019736515,6797064,NC
-0.27124017007754364,6797065,NC
-0.281152825204618,6797066,NC
-0.2960654675365134,6797067,NC
-0.29597809725489577,6797068,NC
-0.2958907145414568,6797069,NC
-0.2908033195779144,6797070,NC
-0.29071591254601153,6797071,NC
-0.30562849362751676,6797072,NC
-0.3255410630042229,6797073,NC
-0.34045362085794745,6797074,NC
-0.33536616737053165,6797075,NC
-0.33027870272384047,6797076,NC
-0.325191227099762,6797077,NC
-0.32010374068020714,6797078,NC
-0.3450162436471094,6797079,NC
-0.3499287361824241,6797080,NC
-0.3498412184681286,6797081,NC
-0.3297536906862212,6797082,NC
-0.3346661530187214,6797083,NC
-0.34957860564766896,6797084,NC
-0.3544910487551244,6797085,NC
-0.37440348252316735,6797086,NC
-0.3793159071338974,6797087,NC
-0.3692283227694328,6797088,NC
-0.36914072961191075,6797089,NC
-0.3740531278434865,6797090,NC
-0.3839655176463334,6797091,NC
-0.3938778992026422,6797092,NC
-0.4037902726946209,6797093,NC
-0.3837026383044942,6797094,NC
-0.3786149962145032,6797095,NC
-0.39352734660690497,6797096,NC
-0.3884396896639724,6797097,NC
-0.3983520255679934,6797098,NC
-0.39326435450127084,6797099,NC
-0.3731766766461221,6797100,NC
-0.37308899218487873,6797101,NC
-0.3780013012998859,6797102,NC
-0.38291360417350234,6797103,NC
-0.3928259009880995,6797104,NC
-0.39273819192606163,6797105,NC
-0.37765047716978495,6797106,NC
-0.36256275690167794,6797107,NC
-0.3824750313041601,6797108,NC
-0.38738730055966236,6797109,NC
-0.3972995648506262,6797110,NC
-0.40721182435950326,6797111,NC
-0.37712407926875535,6797112,NC
-0.36703632976085393,6797113,NC
-0.3769485760182794,6797114,NC
-0.376860818223521,6797115,NC
-0.4067730565590767,6797116,NC
-0.381685291207452,6797117,NC
-0.3715975223511605,6797118,NC
-0.3665097501727229,6797119,NC
-0.366421974854667,6797120,NC
-0.3813341965795267,6797121,NC
-0.3962464155298426,6797122,NC
-0.38115863188816057,6797123,NC
-0.37107084583703226,6797124,NC
-0.34598305755901404,6797125,NC
-0.3558952672366672,6797126,NC
-0.36080747505255695,6797127,NC
-0.3607196811892527,6797128,NC
-0.34563188582932697,6797129,NC
-0.3205440891553559,6797130,NC
-0.29545629134991785,6797131,NC
-0.2703684925955939,6797132,NC
-0.25028069307496686,6797133,NC
-0.21519289297062136,6797134,NC
-0.14510509246514297,6797135,NC
-0.06501729174111842,6797136,NC
7.050901886544089e-05,6797137,NC
0.015158309632221405,6797138,NC
0.0352461099163628,6797139,NC
0.03533390968870342,6797140,NC
-0.004578291233341668,6797141,NC
-0.04949049303235615,6797142,NC
-0.1344026958909217,6797143,NC
-0.24931489999161793,6797144,NC
-0.30922710551702176,6797145,NC
-0.31413931264970735,6797146,NC
-0.24405152157224522,6797147,NC
-0.13896373246720234,6797148,NC
-0.01887594551714163,6797149,NC
0.08621183909537863,6797150,NC
0.17629962118780482,6797151,NC
0.2363874005775888,6797152,NC
0.2714751770821879,6797153,NC
0.28656295051906533,6797154,L
0.24165072070569096,6797155,NC
0.13173848745954134,6797156,NC
0.0018262505980999502,6797157,NC
-0.11808599006114193,6797158,NC
-0.21799823470068538,6797159,NC
-0.3079104835030229,6797160,NC
-0.39282273665063877,6797161,NC
-0.5127349943260077,6797162,NC
-0.6176472567115954,6797163,NC
-0.6875595239898575,6797164,NC
-0.7324717963432399,6797165,NC
-0.7123840739541774,6797166,NC
-0.7022963570050941,6797167,NC
-0.6922086456784028,6797168,NC
-0.6821209401565048,6797169,NC
-0.6420332406217889,6797170,NC
-0.5869455472566317,6797171,NC
-0.5268578602433972,6797172,NC
-0.48177017976443565,6797173,NC
-0.45168250600208415,6797174,NC
-0.43159483913866564,6797175,NC
-0.41650717935648873,6797176,NC
-0.42141952683784745,6797177,NC
-0.3913318817650205,6797178,NC
-0.37624424432027126,6797179,NC
-0.3861566146858471,6797180,NC
-0.3960689930439794,6797181,NC
-0.3909813795768826,6797182,NC
-0.39089377446675444,6797183,NC
-0.3658061778957751,6797184,NC
-0.36571859004610685,6797185,NC
-0.35063101109989425,6797186,NC
-0.3655434412392631,6797187,NC
-0.37545588064632024,6797188,NC
-0.3403683295031532,6797189,NC
-0.34028078799183026,6797190,NC
-0.33019325629439916,6797191,NC
-0.3301057345928875,6797192,NC
-0.345018223069302,6797193,NC
-0.3549307219056284,6797194,NC
-0.3348432312838307,6797195,NC
-0.329755751385851,6797196,NC
-0.32466828239360906,6797197,NC
-0.3195808244890022,6797198,NC
-0.3344933778539044,6797199,NC
-0.3394059426701663,6797200,NC
-0.3343185191196149,6797201,NC
-0.3042311073840528,6797202,NC
-0.274143707645258,6797203,NC
-0.27405632008498365,6797204,NC
-0.27396894488495754,6797205,NC
-0.27888158222688186,6797206,NC
-0.2587942322924327,6797207,NC
-0.23370689526325947,6797208,NC
-0.21861957132098495,6797209,NC
-0.2085322606472047,6797210,NC
-0.21344496342348657,6797211,NC
-0.21335767983137058,6797212,NC
-0.19827041005236826,6797213,NC
-0.16318315426796262,6797214,NC
-0.15309591265960726,6797215,NC
-0.1530086854087266,6797216,NC
-0.162921472696715,6797217,NC
-0.13783427470493675,6797218,NC
-0.12774709161472536,6797219,NC
-0.0976599236073835,6797220,NC
-0.07757277086418239,6797221,NC
-0.07748563356636146,6797222,NC
-0.06239851189512817,6797223,NC
-0.06231140603165732,6797224,NC
-0.05222431615709101,6797225,NC
-0.0321372424525379,6797226,NC
-0.002050185099073211,6797227,NC
-0.006963144277737974,6797228,NC
-0.011876120169539038,6797229,NC
-0.0017891129554482854,6797230,NC
0.01829787718359732,6797231,NC
0.04838485006669653,6797232,NC
0.06347180551298377,6797233,NC
0.06855874334162995,6797234,NC
0.06364566337184241,6797235,NC
0.07873256542286569,6797236,NC
0.0838194493139815,6797237,NC
0.10890631486450958,6797238,NC
0.12899316189380752,6797239,NC
0.14407999022127174,6797240,NC
0.13416679966633724,6797241,NC
0.12425359004847855,6797242,NC
0.12434036118720962,6797243,NC
0.14942711290208463,6797244,NC
0.16451384501269795,6797245,NC
0.16960055733868493,6797246,NC
0.1496872496997218,6797247,NC
0.13477392191552662,6797248,NC
0.11986057380585904,6797249,NC
0.11994720519052125,6797250,NC
0.10003381588935782,6797251,NC
0.07012040572225661,6797252,NC
0.03520697450914859,6797253,NC
0.01029352207000871,6797254,NC
-0.00461995177514396,6797255,NC
-0.024533447206245947,6797256,NC
-0.05444696440318887,6797257,NC
-0.06436050354581899,6797258,NC
-0.09927406481393694,6797259,NC
-0.14418764838729747,6797260,NC
-0.1491012544456088,6797261,NC
-0.1590148831685325,6797262,NC
-0.16392853473568283,6797263,NC
-0.16884220932662689,6797264,NC
-0.2087559071208835,6797265,NC
-0.2086696282979235,6797266,NC
-0.20358337303716892,6797267,NC
-0.20849714151799303,6797268,NC
-0.21341093391971946,6797269,NC
-0.2133247504216223,6797270,NC
-0.23823859120292534,6797271,NC
-0.25315245644280215,6797272,NC
-0.25306634632037506,6797273,NC
-0.23798026101471548,6797274,NC
-0.2278942007048431,6797275,NC
-0.23780816556972564,6797276,NC
-0.26772215578827846,6797277,NC
-0.2726361715393641,6797278,NC
-0.26755021300179227,6797279,NC
-0.2524642803543189,6797280,NC
-0.25237837377564626,6797281,NC
-0.26229249344442246,6797282,NC
-0.2572066395392407,6797283,NC
-0.2721208122386397,6797284,NC
-0.27703501172110256,6797285,NC
-0.25194923816505677,6797286,NC
-0.23686349174887356,6797287,NC
-0.251777772650868,6797288,NC
-0.2666920810492982,6797289,NC
-0.26660641712236516,6797290,NC
-0.26652078104821225,6797291,NC
-0.24143517300492495,6797292,NC
-0.23134959317053047,6797293,NC
-0.25126404172299743,6797294,NC
-0.25617851884023524,6797295,NC
-0.26609302470009394,6797296,NC
-0.26100755948036397,6797297,NC
-0.24592212335877545,6797298,NC
-0.2308367165129981,6797299,NC
-0.2357513391206407,6797300,NC
-0.25566599135925083,6797301,NC
-0.2655806734063143,6797302,NC
-0.2404953854392552,6797303,NC
-0.23541012763543492,6797304,NC
-0.2303249001721525,6797305,NC
-0.23023970322664358,6797306,NC
-0.25515453697608054,6797307,NC
-0.25006940159757174,6797308,NC
-0.2599842972681615,6797309,NC
-0.24489922416482948,6797310,NC
-0.2348141824644905,6797311,NC
-0.23472917234399393,6797312,NC
-0.24964419398012366,6797313,NC
-0.26955924754959726,6797314,NC
-0.25947433322906627,6797315,NC
-0.24438945119511502,6797316,NC
-0.23930460162426112,6797317,NC
-0.24921978469295436,6797318,NC
-0.2641350005775769,6797319,NC
-0.2690502494544422,6797320,NC
-0.2689655314997959,6797321,NC
-0.2688808468898139,6797322,NC
-0.2587961958006032,6797323,NC
-0.2637115784082008,6797324,NC
-0.2686269948885739,6797325,NC
-0.2885424454176191,6797326,NC
-0.2734579301711622,6797327,NC
-0.26837344932495794,6797328,NC
-0.2632890030546894,6797329,NC
-0.2832045915359677,6797330,NC
-0.2731202149443319,6797331,NC
-0.2830358734552484,6797332,NC
-0.2879515672441103,6797333,NC
-0.28286729648623776,6797334,NC
-0.26278306135687685,6797335,NC
-0.28269886203119976,6797336,NC
-0.30261469868430424,6797337,NC
-0.3025305714912131,6797338,NC
-0.29744648062687395,6797339,NC
-0.272362426266159,6797340,NC
-0.2672784085838644,6797341,NC
-0.28719442775471027,6797342,NC
-0.2921104839533397,6797343,NC
-0.3020265773543192,6797344,NC
-0.3069427081321375,6797345,NC
-0.2818588764612059,6797346,NC
-0.26677508251585746,6797347,NC
-0.271691326470347,6797348,NC
-0.29660760849885026,6797349,NC
-0.30152392877546397,6797350,NC
-0.29644028747420514,6797351,NC
-0.28635668476901116,6797352,NC
-0.2762731208337389,6797353,NC
-0.2761895958421648,6797354,NC
-0.2761061099679841,6797355,NC
-0.30102266338481104,6797356,NC
-0.29093925626617767,6797357,NC
-0.25585588878553434,6797358,NC
-0.2407725611162488,6797359,NC
-0.25068927343160624,6797360,NC
-0.24560602590480832,6797361,NC
-0.24552281870897347,6797362,NC
-0.24043965201713619,6797363,NC
-0.23035652600224676,6797364,NC
-0.21527344083717082,6797365,NC
-0.21519039669468903,6797366,NC
-0.20010739374749692,6797367,NC
-0.21002443216820416,6797368,NC
-0.18994151212933444,6797369,NC
-0.1848586338033251,6797370,NC
-0.18477579736252675,6797371,NC
-0.21969300297920283,6797372,NC
-0.2196102508255294,6797373,NC
-0.22952754107359458,6797374,NC
-0.2294448738953985,6797375,NC
-0.22936224946285255,6797376,NC
-0.2392796679477794,6797377,NC
-0.23919712952191233,6797378,NC
-0.25911463435689513,6797379,NC
-0.26903218262428147,6797380,NC
-0.283949774495535,6797381,NC
-0.2738674101420283,6797382,NC
-0.25878508973504327,6797383,NC
-0.2837028134457701,6797384,NC
-0.28862058144530756,6797385,NC
-0.2935383939046621,6797386,NC
-0.3034562509947477,6797387,NC
-0.2833741528863856,6797388,NC
-0.27329209975030405,6797389,NC
-0.2932100917571374,6797390,NC
-0.31812812907742644,6797391,NC
-0.3180462118816175,6797392,NC
-0.31796434034006255,6797393,NC
-0.3178825146230185,6797394,NC
-0.30280073490064674,6797395,NC
-0.3027190013430135,6797396,NC
-0.31763731412008867,6797397,NC
-0.3225556734017458,6797398,NC
-0.33747407935776186,6797399,NC
-0.32739253215781666,6797400,NC
-0.3273110319714926,6797401,NC
-0.32722957896827437,6797402,NC
-0.3371481733175485,6797403,NC
-0.342066815188603,6797404,NC
-0.34698550475062717,6797405,NC
-0.3269042421727111,6797406,NC
-0.31682302762384523,6797407,NC
-0.32674186127292026,6797408,NC
-0.35166074328872665,6797409,NC
-0.3465796738399542,6797410,NC
-0.3314986530951918,6797411,NC
-0.3214176812229271,6797412,NC
-0.3213367583915461,6797413,NC
-0.3112558847693328,6797414,NC
-0.3261750605244689,6797415,NC
-0.33609428582503337,6797416,NC
-0.33101356083900213,6797417,NC
-0.33593288573424784,6797418,NC
-0.3208522606785393,6797419,NC
-0.31077168583954135,6797420,NC
-0.32569116138481413,6797421,NC
-0.33061068748181344,6797422,NC
-0.3505302642978896,6797423,NC
-0.33044989200028757,6797424,NC
-0.3103695707561465,6797425,NC
-0.3102893007324994,6797426,NC
-0.3352090820962726,6797427,NC
-0.3401289150142859,6797428,NC
-0.33004879965325146,6797429,NC
-0.3199687361797743,6797430,NC
-0.2948887247603512,6797431,NC
-0.2898087655613709,6797432,NC
-0.3047288587491135,6797433,NC
-0.27964900448975005,6797434,NC
-0.2495692029493425,6797435,NC
-0.2094894542938429,6797436,NC
-0.1644097586890937,6797437,NC
-0.1143301163008267,6797438,NC
-0.05425052729466319,6797439,NC
-0.009170991836113328,6797440,NC
0.05590848990942389,6797441,NC
0.09598791777666141,6797442,NC
0.11606729160042394,6797443,NC
0.11114661121564887,6797444,NC
0.07122587645738604,6797445,NC
-0.003694912839201349,6797446,NC
-0.10861575683883698,6797447,NC
-0.18853665570613048,6797448,NC
-0.22845760960557768,6797449,NC
-0.20837861870155966,6797450,NC
-0.14329968315834302,6797451,NC
-0.058220803140078936,6797452,NC
0.06685802118919663,6797453,NC
0.1819367896655637,6797454,NC
0.2920155021252183,6797455,NC
0.34709415840447316,6797456,NC
0.3671727583397576,6797457,NC
0.3422513017676182,6797458,L
0.2873297885247191,6797459,NC
0.17740821844784227,6797460,NC
0.08248659137388781,6797461,NC
-0.04243509286012551,6797462,NC
-0.16735683441706026,6797463,NC
-0.26227863345965957,6797464,NC
-0.3622004901505473,6797465,NC
-0.4371224046522271,6797466,NC
-0.5220443771270827,6797467,NC
-0.5969664077373771,6797468,NC
-0.6668884966452523,6797469,NC
-0.6868106440127295,6797470,NC
-0.6767328500017079,6797471,NC
-0.656655114773965,6797472,NC
-0.6115774384911558,6797473,NC
-0.586499821314813,6797474,NC
-0.5564222634063464,6797475,NC
-0.5313447649270425,6797476,NC
-0.4712673260380638,6797477,NC
-0.42118994690044964,6797478,NC
-0.3861126276751144,6797479,NC
-0.3860353685228484,6797480,NC
-0.3909581696043167,6797481,NC
-0.40088103108005924,6797482,NC
-0.3858039531104902,6797483,NC
-0.37072693585589817,6797484,NC
-0.3456499794764451,6797485,NC
-0.3655730841321666,6797486,NC
-0.37049624998297126,6797487,NC
-0.37041947718864043,6797488,NC
-0.3553427659088278,6797489,NC
-0.36526611630305933,6797490,NC
-0.3401895285307324,6797491,NC
-0.3451130027511162,6797492,NC
-0.36503653912335077,6797493,NC
-0.3799601378064468,6797494,NC
-0.34988379895928556,6797495,NC
-0.31980752274061847,6797496,NC
-0.3097313093090666,6797497,NC
-0.31465515882312045,6797498,NC
-0.3195790714411396,6797499,NC
-0.33950304732135256,6797500,NC
-0.31942708662185604,6797501,NC
-0.3143511895006151,6797502,NC
-0.2892753561154624,6797503,NC
-0.2941995866240982,6797504,NC
-0.2941238811840897,6797505,NC
-0.30404823995287117,6797506,NC
-0.3039726630877431,6797507,NC
-0.2788971507458723,6797508,NC
-0.2638217030842913,6797509,NC
-0.26874632025989814,6797510,NC
-0.2736710024294561,6797511,NC
-0.28859574974959323,6797512,NC
-0.2535205623768021,6797513,NC
-0.22344544046743944,6797514,NC
-0.19837038417772596,6797515,NC
-0.19329539366374576,6797516,NC
-0.1882204690814463,6797517,NC
-0.18814561058663776,6797518,NC
-0.17807081833499314,6797519,NC
-0.1679960924820474,6797520,NC
-0.13292143318319763,6797521,NC
-0.14284684059370234,6797522,NC
-0.13777231486868158,6797523,NC
-0.14269785616311598,6797524,NC
-0.1176234646318472,6797525,NC
-0.09254914042957685,6797526,NC
-0.0574748837108668,6797527,NC
-0.05240069463013838,6797528,NC
-0.052326573341672414,6797529,NC
-0.04725251999960862,6797530,NC
-0.027178534757945565,6797531,NC
-0.007104617770540021,6797532,NC
0.01796923080889299,6797533,NC
0.023043010826780896,6797534,NC
0.028116722129693513,6797535,NC
0.023190364564343743,6797536,NC
0.033263937977587525,6797537,NC
0.06333744221642448,6797538,NC
0.08341087712799797,6797539,NC
0.08348424255959563,6797540,NC
0.08355753835864947,6797541,NC
0.09363076437273637,6797542,NC
0.08870392044957841,6797543,NC
0.11377700643704294,6797544,NC
0.12385002218314314,6797545,NC
0.12392296753603829,6797546,NC
0.1239958423440341,6797547,NC
0.10906864645558283,6797548,NC
0.10914137971928392,6797549,NC
0.134214041983884,6797550,NC
0.1292866330982775,6797551,NC
0.10935915291150669,6797552,NC
0.07943160127276211,6797553,NC
0.04950397803138295,6797554,NC
0.029576283036857356,6797555,NC
0.009648516138822526,6797556,NC
-0.0002793228129346348,6797557,NC
-0.030207233968477562,6797558,NC
-0.07513521747771935,6797559,NC
-0.1100632734904228,6797560,NC
-0.13999140215619982,6797561,NC
-0.14991960362451134,6797562,NC
-0.16984787804466672,6797563,NC
-0.18477622556582385,6797564,NC
-0.20970464633698832,6797565,NC
-0.23463314050701367,6797566,NC
-0.2445617082246006,6797567,NC
-0.244490349638297,6797568,NC
-0.22941906489649733,6797569,NC
-0.24434785414744276,6797570,NC
-0.2692767175392202,6797571,NC
-0.28920565521976294,6797572,NC
-0.2991346673368491,6797573,NC
-0.28906375403810264,6797574,NC
-0.293992915470992,6797575,NC
-0.3089221517828302,6797576,NC
-0.30385146312077493,6797577,NC
-0.3337808496318275,6797578,NC
-0.328710311462833,6797579,NC
-0.31363984876047996,6797580,NC
-0.2935694616712998,6797581,NC
-0.3084991503416669,6797582,NC
-0.313428914917798,6797583,NC
-0.33335875554575195,6797584,NC
-0.33328867237142945,6797585,NC
-0.3132186655405728,6797586,NC
-0.3181487351987656,6797587,NC
-0.31307888149143215,6797588,NC
-0.33800910456383765,6797589,NC
-0.34793940456108746,6797590,NC
-0.3428697816281271,6797591,NC
-0.3328002359097416,6797592,NC
-0.30773076755055573,6797593,NC
-0.3076613766950331,6797594,NC
-0.3325920634874764,6797595,NC
-0.3425228280720265,6797596,NC
-0.3324536705926629,6797597,NC
-0.3173845911932027,6797598,NC
-0.3223155900173009,6797599,NC
-0.31724666720844963,6797600,NC
-0.3221778229099781,6797601,NC
-0.35210905726505226,6797602,NC
-0.3420403704166745,6797603,NC
-0.3369717625076834,6797604,NC
-0.3269032336807533,6797605,NC
-0.32683478407839406,6797606,NC
-0.33176641384295097,6797607,NC
-0.34169812311660397,6797608,NC
-0.33662991204136805,6797609,NC
-0.3265617807590921,6797610,NC
-0.3214937294114595,6797611,NC
-0.32642575813998714,6797612,NC
-0.3313578670860255,6797613,NC
-0.3512900563907581,6797614,NC
-0.3462223261952016,6797615,NC
-0.33115467664020504,6797616,NC
-0.32108710786644984,6797617,NC
-0.33101962001444946,6797618,NC
-0.35595221322454895,6797619,NC
-0.37088488763692495,6797620,NC
-0.35581764339158517,6797621,NC
-0.3407504806283681,6797622,NC
-0.3306833994869429,6797623,NC
-0.340616400106809,6797624,NC
-0.3555494826272956,6797625,NC
-0.36548264718756174,6797626,NC
-0.36041589392659584,6797627,NC
-0.35034922298321547,6797628,NC
-0.3352826344960669,6797629,NC
-0.34521612860362505,6797630,NC
-0.3751497054441929,6797631,NC
-0.36508336515590173,6797632,NC
-0.36001710787671,6797633,NC
-0.35495093374440395,6797634,NC
-0.35488484289659666,6797635,NC
-0.35481883547072823,6797636,NC
-0.3747529116040651,6797637,NC
-0.3696870714337,6797638,NC
-0.37962131509655167,6797639,NC
-0.35955564272936447,6797640,NC
-0.359490054468708,6797641,NC
-0.3744245504509772,6797642,NC
-0.3793591308123917,6797643,NC
-0.3842937956889957,6797644,NC
-0.3892285452166575,6797645,NC
-0.37416337953106954,6797646,NC
-0.3590982987677479,6797647,NC
-0.3690333030620319,6797648,NC
-0.38896839254908433,6797649,NC
-0.3939035673638905,6797650,NC
-0.3838388276412582,6797651,NC
-0.36377417351581803,6797652,NC
-0.3687096051220219,6797653,NC
-0.37364512259414384,6797654,NC
-0.39858072606627937,6797655,NC
-0.4085164156723449,6797656,NC
-0.3934521915460779,6797657,NC
-0.38338805382103636,6797658,NC
-0.36832400263059867,6797659,NC
-0.36326003810796326,6797660,NC
-0.37319616038614817,6797661,NC
-0.3781323695979912,6797662,NC
-0.3630686658761491,6797663,NC
-0.34800504935309773,6797664,NC
-0.34294152016113155,6797665,NC
-0.32787807843236344,6797666,NC
-0.34281472429872445,6797667,NC
-0.35275145789196327,6797668,NC
-0.3476882793436464,6797669,NC
-0.3376251887851574,6797670,NC
-0.32256218634769707,6797671,NC
-0.3174992721622828,6797672,NC
-0.3174364463597486,6797673,NC
-0.3173737090707445,6797674,NC
-0.31231106042573664,6797675,NC
-0.30724850055500663,6797676,NC
-0.30218602958865165,6797677,NC
-0.3071236476565839,6797678,NC
-0.34706135488853046,6797679,NC
-0.35199915141403293,6797680,NC
-0.3469370373624473,6797681,NC
-0.3418750128629436,6797682,NC
-0.3368130780445055,6797683,NC
-0.3367512330359303,6797684,NC
-0.3516894779658286,6797685,NC
-0.3716278129626237,6797686,NC
-0.38656623815455193,6797687,NC
-0.37150475366966185,6797688,NC
-0.3664433596358142,6797689,NC
-0.37638205618068166,6797690,NC
-0.4163208434317486,6797691,NC
-0.4062597215163105,6797692,NC
-0.4011986905614744,6797693,NC
-0.3861377506941578,6797694,NC
-0.38107690204108885,6797695,NC
-0.40601614472880626,6797696,NC
-0.42595547888365837,6797697,NC
-0.44089490463180375,6797698,NC
-0.43083442209921013,6797699,NC
-0.4157740314116548,6797700,NC
-0.42571373269472373,6797701,NC
-0.43565352607381197,6797702,NC
-0.4455934116741228,6797703,NC
-0.4405333896206679,6797704,NC
-0.44047346003826676,6797705,NC
-0.4254136230515467,6797706,NC
-0.4203538787849424,6797707,NC
-0.43529422736269563,6797708,NC
-0.44523466890885527,6797709,NC
-0.45517520354727686,6797710,NC
-0.4601158314016222,6797711,NC
-0.45005655259535937,6797712,NC
-0.44499736725176225,6797713,NC
-0.4499382754939104,6797714,NC
-0.4848792774446889,6797715,NC
-0.4748203732267876,6797716,NC
-0.4747615629627016,6797717,NC
-0.4547028467747305,6797718,NC
-0.4546442247849781,6797719,NC
-0.43958569711535245,6797720,NC
-0.46952726388756555,6797721,NC
-0.4694689252231329,6797722,NC
-0.4644106812433732,6797723,NC
-0.45935253206940846,6797724,NC
-0.4492944778221635,6797725,NC
-0.4392365186223656,6797726,NC
-0.4541786545905447,6797727,NC
-0.46412088584703237,6797728,NC
-0.4590632125119624,6797729,NC
-0.44400563470527005,6797730,NC
-0.4289481525466919,6797731,NC
-0.44389076615576556,6797732,NC
-0.4488334756518296,6797733,NC
-0.45377628115402324,6797734,NC
-0.4537191827812859,6797735,NC
-0.4436621806523571,6797736,NC
-0.4286052748857764,6797737,NC
-0.4435484655998827,6797738,NC
-0.4534917529128145,6797739,NC
-0.4634351369425093,6797740,NC
-0.4483786178067035,6797741,NC
-0.4283221956229321,6797742,NC
-0.3832658705085286,6797743,NC
-0.36820964258062444,6797744,NC
-0.35815351195614914,6797745,NC
-0.3280974787518296,6797746,NC
-0.2680415430841906,6797747,NC
-0.17798570506955358,6797748,NC
-0.10792996482403719,6797749,NC
-0.05287432246355674,6797750,NC
-0.017818778103823957,6797751,NC
-0.037763331860346694,6797752,NC
-0.05270798384842888,6797753,NC
-0.07765273418317006,6797754,NC
-0.15759758297946538,6797755,NC
-0.28254253035200516,6797756,NC
-0.3974875764152746,6797757,NC
-0.47243272128355396,6797758,NC
-0.45237796507091776,6797759,NC
-0.36232330789123496,6797760,NC
-0.24726874985816855,6797761,NC
-0.15721429108517526,6797762,NC
-0.08715993168550554,6797763,NC
-0.012105671772203015,6797764,NC
0.047948488541895457,6797765,NC
0.10300254914416015,6797766,NC
0.10805650992216868,6797767,L
0.04811037076370634,6797768,NC
-0.051835868443233804,6797769,NC
-0.16678220781045064,6797770,NC
-0.2667286474495348,6797771,NC
-0.3516751874718683,6797772,NC
-0.4116218279886245,6797773,NC
-0.4765685691107677,6797774,NC
-0.531515410949053,6797775,NC
-0.5764623536140261,6797776,NC
-0.636409397216023,6797777,NC
-0.6763565418651697,6797778,NC
-0.6913037876713822,6797779,NC
-0.7012511347443662,6797780,NC
-0.7011985831936166,6797781,NC
-0.6861461331284177,6797782,NC
-0.6460937846578424,6797783,NC
-0.6160415378907529,6797784,NC
-0.5809893929357992,6797785,NC
-0.5559373499014202,6797786,NC
-0.5508854088958426,6797787,NC
-0.5458335700270808,6797788,NC
-0.5357818334029368,6797789,NC
-0.5257301991310005,6797790,NC
-0.49567866731864824,6797791,NC
-0.4956272380730436,6797792,NC
-0.5155759115011369,6797793,NC
-0.530524687709665,6797794,NC
-0.5304735668051508,6797795,NC
-0.5104225488939035,6797796,NC
-0.4853716340820179,6797797,NC
-0.49032082247537445,6797798,NC
-0.49027011417963906,6797799,NC
-0.49521950930026276,6797800,NC
-0.49516900794248153,6797801,NC
-0.47511861021131596,6797802,NC
-0.46006831621157135,6797803,NC
-0.46001812604783715,6797804,NC
-0.4799680398244869,6797805,NC
-0.49491805764567787,6797806,NC
-0.47486817961535116,6797807,NC
-0.4598184058372312,6797808,NC
-0.43976873641482567,6797809,NC
-0.44971917145142515,6797810,NC
-0.45466971105010306,6797811,NC
-0.45462035531371525,6797812,NC
-0.44457110434490016,6797813,NC
-0.4445219582460781,6797814,NC
-0.4144729171194515,6797815,NC
-0.4044239810670043,6797816,NC
-0.4143751501905021,6797817,NC
-0.41432642459149166,6797818,NC
-0.39427780437130094,6797819,NC
-0.36922928963103857,6797820,NC
-0.3491808804715941,6797821,NC
-0.3591325769936372,6797822,NC
-0.3440843792976181,6797823,NC
-0.3540362874837667,6797824,NC
-0.3339883016520929,6797825,NC
-0.29894042190238634,6797826,NC
-0.2888926483342158,6797827,NC
-0.26384498104692927,6797828,NC
-0.258797420139654,6797829,NC
-0.2587499657112957,6797830,NC
-0.2537026178605388,6797831,NC
-0.2186553766858462,6797832,NC
-0.18360824228545858,6797833,NC
-0.16856121475739502,6797834,NC
-0.17351429419945208,6797835,NC
-0.1834674807092039,6797836,NC
-0.1434207743840022,6797837,NC
-0.12337417532097547,6797838,NC
-0.08332768361702941,6797839,NC
-0.06828129936884636,6797840,NC
-0.06323502267288526,6797841,NC
-0.06318885362538132,6797842,NC
-0.04814279232234588,6797843,NC
-0.018096838859566332,6797844,NC
-0.008050993332605644,6797845,NC
0.006994744163197501,6797846,NC
0.002040373532729234,6797847,NC
0.002085894681100424,6797848,NC
0.01713130751364708,6797849,NC
0.042176611935930385,6797850,NC
0.062221807853737036,6797851,NC
0.0572668951730793,6797852,NC
0.057311873800195375,6797853,NC
0.05235674364154938,6797854,NC
0.04240150460383177,6797855,NC
0.05244615659395931,6797856,NC
0.05249069951907551,6797857,NC
0.027535133286550537,6797858,NC
-0.0024205421960183243,6797859,NC
-0.03237632702080661,6797860,NC
-0.06733222127976252,6797861,NC
-0.07228822506460669,6797862,NC
-0.08224433846683196,6797863,NC
-0.12720056157770313,6797864,NC
-0.162156894488257,6797865,NC
-0.20211333728930198,6797866,NC
-0.21206989007141797,6797867,NC
-0.207026552924956,6797868,NC
-0.2219833259400385,6797869,NC
-0.2419402092065585,6797870,NC
-0.26689720281418006,6797871,NC
-0.2868543068523375,6797872,NC
-0.2968115214102356,6797873,NC
-0.30176884657684944,6797874,NC
-0.29672628244092386,6797875,NC
-0.30668382909097364,6797876,NC
-0.32664148661528314,6797877,NC
-0.34659925510190615,6797878,NC
-0.35155713463866567,6797879,NC
-0.3365151253131538,6797880,NC
-0.3214732272127315,6797881,NC
-0.33643144042452855,6797882,NC
-0.34638976503544305,6797883,NC
-0.3563482011321415,6797884,NC
-0.3563067488010587,6797885,NC
-0.34626540812839735,6797886,NC
-0.3312241792001278,6797887,NC
-0.33618306210198823,6797888,NC
-0.3611420569194841,6797889,NC
-0.3761011637378883,6797890,NC
-0.3560603826422407,6797891,NC
-0.34601971371734813,6797892,NC
-0.33597915704778397,6797893,NC
-0.33593871271788844,6797894,NC
-0.340898380811768,6797895,NC
-0.3608581614132953,6797896,NC
-0.35081805460610915,6797897,NC
-0.3407780604736139,6797898,NC
-0.3307381790989801,6797899,NC
-0.3306984105651433,6797900,NC
-0.3356587549548048,6797901,NC
-0.3506192123504307,6797902,NC
-0.3405797828342524,6797903,NC
-0.3405404664882659,6797904,NC
-0.3255012633942321,6797905,NC
-0.3104621736336761,6797906,NC
-0.3154231972878876,6797907,NC
-0.3353843344379203,6797908,NC
-0.3353455851645918,6797909,NC
-0.3153069495484836,6797910,NC
-0.3002684276699409,6797911,NC
-0.3002300196090723,6797912,NC
-0.32019172544574975,6797913,NC
-0.32015354525960826,6797914,NC
-0.33011547913004596,6797915,NC
-0.3150775271362236,6797916,NC
-0.31503968935706483,6797917,NC
-0.3100019658712555,6797918,NC
-0.30496435675724404,6797919,NC
-0.31492686209324083,6797920,NC
-0.3198894819572184,6797921,NC
-0.30485221642691096,6797922,NC
-0.28481506557981456,6797923,NC
-0.2897780294931866,6797924,NC
-0.2897411082440459,6797925,NC
-0.30970430190917264,6797926,NC
-0.2896676105651076,6797927,NC
-0.27963103428815295,6797928,NC
-0.2795945731543711,6797929,NC
-0.2795582272395853,6797930,NC
-0.29952199661937906,6797931,NC
-0.33448588136909635,6797932,NC
-0.30444988156384084,6797933,NC
-0.2994139972784765,6797934,NC
-0.2793782285876269,6797935,NC
-0.2843425755656752,6797936,NC
-0.29930703828676397,6797937,NC
-0.3142716168247953,6797938,NC
-0.2942363112534302,6797939,NC
-0.2892011216460889,6797940,NC
-0.2791660480759503,6797941,NC
-0.279131090615952,6797942,NC
-0.29409624933879014,6797943,NC
-0.31406152431691947,6797944,NC
-0.3040269156225527,6797945,NC
-0.29399242332766073,6797946,NC
-0.2839580475039725,6797947,NC
-0.27892378822297464,6797948,NC
-0.2988896455559113,6797949,NC
-0.3038556195737844,6797950,NC
-0.30382171034735295,6797951,NC
-0.3087879179471334,6797952,NC
-0.303754242443399,6797953,NC
-0.27372068390618015,6797954,NC
-0.2836872424052639,6797955,NC
-0.3136539180101937,6797956,NC
-0.3086207107902699,6797957,NC
-0.2735876208145489,6797958,NC
-0.2635546481518434,6797959,NC
-0.25852179287072186,6797960,NC
-0.25848905503950914,6797961,NC
-0.2634564347262854,6797962,NC
-0.28342393199888666,6797963,NC
-0.25839154692490424,6797964,NC
-0.24835927957168505,6797965,NC
-0.24332713000633094,6797966,NC
-0.23829509829569895,6797967,NC
-0.24826318450640097,6797968,NC
-0.2332313887048037,6797969,NC
-0.2231997109570285,6797970,NC
-0.1881681513289511,6797971,NC
-0.1931367098862018,6797972,NC
-0.20310538669416495,6797973,NC
-0.22807418181797903,6797974,NC
-0.22804309532253658,6797975,NC
-0.22801212727248382,6797976,NC
-0.22798127773222077,6797977,NC
-0.24295054676590094,6797978,NC
-0.2429199344374312,6797979,NC
-0.2528894408104718,6797980,NC
-0.2628590659484362,6797981,NC
-0.25782880991449075,6797982,NC
-0.24279867277155462,6797983,NC
-0.2477686545823,6797984,NC
-0.2727387554091515,6797985,NC
-0.2927089753142863,6797986,NC
-0.2926793143596339,6797987,NC
-0.2876497726068762,6797988,NC
-0.28262035011744696,6797989,NC
-0.2825910469525322,6797990,NC
-0.30256186317306943,6797991,NC
-0.31753279883974833,6797992,NC
-0.2975038540130099,6797993,NC
-0.29747502875304666,6797994,NC
-0.28744632311980256,6797995,NC
-0.3024177371729727,6797996,NC
-0.3173892709720033,6797997,NC
-0.3373609245760917,6797998,NC
-0.3373326980441858,6797999,NC
-0.32230459143498447,6798000,NC
-0.2922766048069372,6798001,NC
-0.2972487382182438,6798002,NC
-0.3172209917268547,6798003,NC
-0.34219336539047035,6798004,NC
-0.33216585926654135,6798005,NC
-0.3371384734122685,6798006,NC
-0.3121112078846023,6798007,NC
-0.3170840627402431,6798008,NC
-0.3370570380356409,6798009,NC
-0.3520301338269952,6798010,NC
-0.34700335017025513,6798011,NC
-0.3319766871211188,6798012,NC
-0.31695014473503363,6798013,NC
-0.31692372306719624,6798014,NC
-0.3318974221725521,6798015,NC
-0.3368712421057955,6798016,NC
-0.35184518292136946,6798017,NC
-0.33181924467346585,6798018,NC
-0.3117934274160246,6798019,NC
-0.3117677312027345,6798020,NC
-0.32174215608703227,6798021,NC
-0.331716702122103,6798022,NC
-0.3266913693608798,6798023,NC
-0.30666615785604356,6798024,NC
-0.30164106766002335,6798025,NC
-0.3116160988249957,6798026,NC
-0.3215912514028848,6798027,NC
-0.33156652544536247,6798028,NC
-0.32154192100384776,6798029,NC
-0.31151743812950716,6798030,NC
-0.2964930768732544,6798031,NC
-0.28646883728575007,6798032,NC
-0.31144471941740204,6798033,NC
-0.2964207233183647,6798034,NC
-0.2913968490385397,6798035,NC
-0.2763730966275748,6798036,NC
-0.22634946613486473,6798037,NC
-0.21132595760955056,6798038,NC
-0.18130257110051964,6798039,NC
-0.14627930665640573,6798040,NC
-0.08625616432558868,6798041,NC
-0.0012331441561943338,6798042,NC
0.08378975380390541,6798043,NC
0.12881252950709285,6798044,NC
0.1538351829060045,6798045,NC
0.14885771395353126,6798046,NC
0.13388012260281834,6798047,NC
0.07390240880726565,6798048,NC
0.008924572520527654,6798049,NC
-0.07605338630348649,6798050,NC
-0.12603146771061272,6798051,NC
-0.09100967174643215,6798052,NC
-0.005987998456270793,6798053,NC
0.10403355211480039,6798054,NC
0.21905497992196568,6798055,NC
0.3190762849206646,6798056,NC
0.36909746706659213,6798057,NC
0.40911852631569867,6798058,NC
0.4141394626241902,6798059,L
0.3941602759485285,6798060,NC
0.3041809662454308,6798061,NC
0.19920153347187042,6798062,NC
0.09422197758507658,6798063,NC
-0.0007577014574655372,6798064,NC
-0.09073750369801459,6798065,NC
-0.1557174291785731,6798066,NC
-0.23069747794088719,6798067,NC
-0.3206776500264468,6798068,NC
-0.40065794547648526,6798069,NC
-0.4806383643319794,6798070,NC
-0.5256189066336492,6798071,NC
-0.5355995724219585,6798072,NC
-0.5355803617371138,6798073,NC
-0.5255612746190649,6798074,NC
-0.5305423111075046,6798075,NC
-0.4905234712418689,6798076,NC
-0.4505047550613362,6798077,NC
-0.40548616260482806,6798078,NC
-0.37046769391100864,6798079,NC
-0.35044934901828473,6798080,NC
-0.35043112796480563,6798081,NC
-0.3704130307884632,6798082,NC
-0.36039505752689155,6798083,NC
-0.3453772082174673,6798084,NC
-0.3203594828973091,6798085,NC
-0.3253418816032778,6798086,NC
-0.3403244043719765,6798087,NC
-0.3403070512397501,6798088,NC
-0.34028982224268556,6798089,NC
-0.3252727174166115,6798090,NC
-0.3252557367970986,6798091,NC
-0.32023888041945914,6798092,NC
-0.3202221483187469,6798093,NC
-0.3452055405297573,6798094,NC
-0.3251890570870273,6798095,NC
-0.3151726980248352,6798096,NC
-0.29515646337720075,6798097,NC
-0.29514035317788484,6798098,NC
-0.3051243674603897,6798099,NC
-0.31510850625795844,6798100,NC
-0.30509276960357556,6798101,NC
-0.3050771575299664,6798102,NC
-0.27506167006959714,6798103,NC
-0.275046307254675,6798104,NC
-0.28503106911714776,6798105,NC
-0.29001595568870425,6798106,NC
-0.2850009670007736,6798107,NC
-0.2699861030845259,6798108,NC
-0.2499713639708714,6798109,NC
-0.2599567496904611,6798110,NC
-0.2499422602736862,6798111,NC
-0.24992789575067845,6798112,NC
-0.2399136561513097,6798113,NC
-0.22489954150519206,6798114,NC
-0.19988555184167786,6798115,NC
-0.1998716871898594,6798116,NC
-0.20485794757856912,6798117,NC
-0.19984433303637938,6798118,NC
-0.1848308435916024,6798119,NC
-0.16481747927229043,6798120,NC
-0.1448042401062353,6798121,NC
-0.12479112612096871,6798122,NC
-0.124778137343762,6798123,NC
-0.11976527380162609,6798124,NC
-0.11475253552131157,6798125,NC
-0.08973992252930844,6798126,NC
-0.0647274348518462,6798127,NC
-0.059715072514893754,6798128,NC
-0.06970283554415932,6798129,NC
-0.06469072396509046,6798130,NC
-0.04967873780287392,6798131,NC
-0.014666877082435685,6798132,NC
0.005344858171559157,6798133,NC
0.010356467934706418,6798134,NC
0.0003679521828628962,6798135,NC
0.02037931089214637,6798136,NC
0.0353905440389357,6798137,NC
0.04540165159987089,6798138,NC
0.07041263355185307,6798139,NC
0.08042348987204459,6798140,NC
0.08043422053786908,6798141,NC
0.08044482552701143,6798142,NC
0.10045530481741796,6798143,NC
0.1104656583872963,6798144,NC
0.1404758862151156,6798145,NC
0.15048598827960638,6798146,NC
0.1504959645597609,6798147,NC
0.14550581503483276,6798148,NC
0.14551553968433734,6798149,NC
0.16552513848805162,6798150,NC
0.17553461142601434,6798151,NC
0.16054395847852587,6798152,NC
0.1455531796261485,6798153,NC
0.11556227484970627,6798154,NC
0.09057124413028507,6798155,NC
0.08058008744923277,6798156,NC
0.07558880478815913,6798157,NC
0.05559739612893589,6798158,NC
0.020605861453696847,6798159,NC
-0.01438579925516216,6798160,NC
-0.04437758601498321,6798161,NC
-0.03436949884284625,6798162,NC
-0.049361537755569035,6798163,NC
-0.07435370276970715,6798164,NC
-0.10934599390155392,6798165,NC
-0.14433841116714038,6798166,NC
-0.15433095458223536,6798167,NC
-0.14932362416234524,6798168,NC
-0.1443164199227141,6798169,NC
-0.14430934187832362,6798170,NC
-0.169302390043893,6798171,NC
-0.18429556443387896,6798172,NC
-0.1892888650624759,6798173,NC
-0.18428229194361545,6798174,NC
-0.17927584509096686,6798175,NC
-0.18426952451793677,6798176,NC
-0.19926333023766923,6798177,NC
-0.2142572622630456,6798178,NC
-0.20925132060668455,6798179,NC
-0.1942455052809422,6798180,NC
-0.19923981629791182,6798181,NC
-0.20923425366942405,6798182,NC
-0.2142288174070467,6798183,NC
-0.23922350752208477,6798184,NC
-0.22421832402558053,6798185,NC
-0.20921326692831346,6798186,NC
-0.19420833624079997,6798187,NC
-0.1992035319732938,6798188,NC
-0.2091988541357857,6798189,NC
-0.22419430273800348,6798190,NC
-0.22918987778941213,6798191,NC
-0.2141855792992136,6798192,NC
-0.19918140727634684,6798193,NC
-0.2041773617294878,6798194,NC
-0.21917344266704947,6798195,NC
-0.21916965009718178,6798196,NC
-0.2141659840277716,6798197,NC
-0.22416244446644273,6798198,NC
-0.18415903142055598,6798199,NC
-0.19915574489720894,6798200,NC
-0.20415258490323615,6798201,NC
-0.20914955144520897,6798202,NC
-0.20914664452943574,6798203,NC
-0.20414386416196148,6798204,NC
-0.18914121034856818,6798205,NC
-0.18913868309477463,6798206,NC
-0.19913628240583642,6798207,NC
-0.20413400828674588,6798208,NC
-0.21913186074223218,6798209,NC
-0.1941298397767613,6798210,NC
-0.17912794539453594,6798211,NC
-0.17912617759949562,6798212,NC
-0.20412453639531655,6798213,NC
-0.20912302178541176,6798214,NC
-0.20912163377293086,6798215,NC
-0.20412037236076044,6798216,NC
-0.1891192375515236,6798217,NC
-0.19911822934758028,6798218,NC
-0.21411734775102714,6798219,NC
-0.2291165927636974,6798220,NC
-0.21911596438716124,6798221,NC
-0.2091154626227253,6798222,NC
-0.19911508747143306,6798223,NC
-0.1841148389340647,6798224,NC
-0.20411471701113704,6798225,NC
-0.21911472170290366,6798226,NC
-0.22411485300935471,6798227,NC
-0.2191151109302173,6798228,NC
-0.20911549546495492,6798229,NC
-0.20411600661276794,6798230,NC
-0.22911664437259338,6798231,NC
-0.21411740874310511,6798232,NC
-0.22411829972271335,6798233,NC
-0.22411931730956547,6798234,NC
-0.20412046150154523,6798235,NC
-0.20412173229627323,6798236,NC
-0.21912312969110675,6798237,NC
-0.22912465368313978,6798238,NC
-0.23412630426920322,6798239,NC
-0.22412808144586446,6798240,NC
-0.2141299852094279,6798241,NC
-0.22413201555593426,6798242,NC
-0.2241341724811616,6798243,NC
-0.23413645598062433,6798244,NC
-0.22913886604957379,6798245,NC
-0.2241414026829981,6798246,NC
-0.19914406587562217,6798247,NC
-0.2041468556219077,6798248,NC
-0.22414977191605326,6798249,NC
-0.22915281475199428,6798250,NC
-0.23915598412340294,6798251,NC
-0.2191592800236884,6798252,NC
-0.20916270244599655,6798253,NC
-0.19416625138321025,6798254,NC
-0.21416992682794936,6798255,NC
-0.21417372877257052,6798256,NC
-0.22417765720916727,6798257,NC
-0.20918171212957035,6798258,NC
-0.17418589352534714,6798259,NC
-0.17919020138780228,6798260,NC
-0.17919463570797725,6798261,NC
-0.19419919647665065,6798262,NC
-0.18920388368433805,6798263,NC
-0.16920869732129212,6798264,NC
-0.1542136373775026,6798265,NC
-0.1442187038426963,6798266,NC
-0.15922389670633733,6798267,NC
-0.16922921595762666,6798268,NC
-0.15923466158550265,6798269,NC
-0.14424023357864074,6798270,NC
-0.1342459319254537,6798271,NC
-0.1192517566140914,6798272,NC
-0.1242577076324411,6798273,NC
-0.12926378496812724,6798274,NC
-0.1492699886085116,6798275,NC
-0.13927631854069344,6798276,NC
-0.12428277475150915,6798277,NC
-0.1242893572275327,6798278,NC
-0.15429606595507545,6798279,NC
-0.16930290092018618,6798280,NC
-0.17430986210865107,6798281,NC
-0.16931694950599405,6798282,NC
-0.13932416309747633,6798283,NC
-0.16933150286809684,6798284,NC
-0.19433896880259205,6798285,NC
-0.20434656088543615,6798286,NC
-0.20435427910084086,6798287,NC
-0.1893621234327557,6798288,NC
-0.17937009386486796,6798289,NC
-0.18437819038060257,6798290,NC
-0.19938641296312234,6798291,NC
-0.21939476159532792,6798292,NC
-0.2094032362598578,6798293,NC
-0.20441183693908838,6798294,NC
-0.179420563615134,6798295,NC
-0.1994294162698471,6798296,NC
-0.21443839488481797,6798297,NC
-0.24444749944137495,6798298,NC
-0.2494567299205847,6798299,NC
-0.23446608630325178,6798300,NC
-0.21447556856991912,6798301,NC
-0.2044851767008676,6798302,NC
-0.21949491067611665,6798303,NC
-0.24450477047542377,6798304,NC
-0.254514756078285,6798305,NC
-0.2395248674639346,6798306,NC
-0.2345351046113453,6798307,NC
-0.24454546749922845,6798308,NC
-0.25455595610603365,6798309,NC
-0.25956657040994924,6798310,NC
-0.24957731038890213,6798311,NC
-0.24458817602055788,6798312,NC
-0.2295991672823207,6798313,NC
-0.24461028415133362,6798314,NC
-0.23962152660447844,6798315,NC
-0.24463289461837578,6798316,NC
-0.2546443881693851,6798317,NC
-0.2346560072336049,6798318,NC
-0.22466775178687262,6798319,NC
-0.23467962180476476,6798320,NC
-0.23969161726259686,6798321,NC
-0.2497037381354236,6798322,NC
-0.2497159843980389,6798323,NC
-0.22472835602497593,6798324,NC
-0.20974085299050713,6798325,NC
-0.2247534752686442,6798326,NC
-0.22476622283313843,6798327,NC
-0.2447790956574805,6798328,NC
-0.2447920937149005,6798329,NC
-0.2398052169783682,6798330,NC
-0.22481846542059294,6798331,NC
-0.21983183901402387,6798332,NC
-0.20984533773084965,6798333,NC
-0.21985896154299892,6798334,NC
-0.22487271042214008,6798335,NC
-0.1998865843396816,6798336,NC
-0.1699005832667717,6798337,NC
-0.14491470717429883,6798338,NC
-0.12992895603289142,6798339,NC
-0.09494332981291809,6798340,NC
-0.04495782848448768,6798341,NC
0.035027547982550686,6798342,NC
0.12501279961860756,6798343,NC
0.20499792645435305,6798344,NC
0.2799829285207168,6798345,NC
0.299967805848888,6798346,NC
0.3099525584703151,6798347,NC
0.28993718641670607,6798348,NC
0.24492168972002792,6798349,NC
0.14990606841250703,6798350,NC
0.07489032252662892,6798351,NC
0.06487445209513806,6798352,NC
0.12485845715103804,6798353,NC
0.26484233772759125,6798354,NC
0.40982609385831914,6798355,NC
0.5448097255770018,6798356,NC
0.6147932329176781,6798357,NC
0.6697766159146453,6798358,NC
0.6797598746024598,6798359,L
0.6547430090159361,6798360,NC
0.5647260191901471,6798361,NC
0.41470890516042436,6798362,NC
0.2996916669623574,6798363,NC
0.18967430463179427,6798364,NC
0.08465681820484092,6798365,NC
-0.015360792282138575,6798366,NC
-0.12037852679252206,6798367,NC
-0.24039638528942955,6798368,NC
-0.3704143677357232,6798369,NC
-0.45043247409400744,6798370,NC
-0.475450704326629,6798371,NC
-0.47046905839567693,6798372,NC
-0.4554875362629828,6798373,NC
-0.4405061378901207,6798374,NC
-0.41052486323840753,6798375,NC
-0.39554371226890284,6798376,NC
-0.3555626849424086,6798377,NC
-0.32558178121947035,6798378,NC
-0.2906010010603759,6798379,NC
-0.2756203444251566,6798380,NC
-0.2706398112735866,6798381,NC
-0.29065940156518344,6798382,NC
-0.2906791152592079,6798383,NC
-0.2856989523146642,6798384,NC
-0.2657189126902999,6798385,NC
-0.2707389963446062,6798386,NC
-0.26075920323581786,6798387,NC
-0.2707795333219134,6798388,NC
-0.2757999865606152,6798389,NC
-0.25082056290938953,6798390,NC
-0.2308412623254465,6798391,NC
-0.2308620847657405,6798392,NC
-0.24088303018696988,6798393,NC
-0.24590409854557743,6798394,NC
-0.2559252897977502,6798395,NC
-0.24094660389941963,6798396,NC
-0.22596804080626176,6798397,NC
-0.21598960047369725,6798398,NC
-0.22601128285689134,6798399,NC
-0.2360330879107543,6798400,NC
-0.23105501558994113,6798401,NC
-0.2160770658488519,6798402,NC
-0.19109923864163164,6798403,NC
-0.20112153392217078,6798404,NC
-0.20614395164410484,6798405,NC
-0.2111664917608148,6798406,NC
-0.20118915422542716,6798407,NC
-0.19621193899081385,6798408,NC
-0.17123484600959255,6798409,NC
-0.15625787523412676,6798410,NC
-0.16128102661652577,6798411,NC
-0.16630430010864483,6798412,NC
-0.16132769566208532,6798413,NC
-0.14135121322819472,6798414,NC
-0.1113748527580668,6798415,NC
-0.10139861420254169,6798416,NC
-0.10642249751220603,6798417,NC
-0.11144650263739302,6798418,NC
-0.09647062952818247,6798419,NC
-0.06649487813440107,6798420,NC
-0.05651924840562238,6798421,NC
-0.04654374029116684,6798422,NC
-0.04156835374010213,6798423,NC
-0.04659308870124305,6798424,NC
-0.0266179451231517,6798425,NC
0.00835707704586236,6798426,NC
0.03833197785774206,6798427,NC
0.0533067573646827,6798428,NC
0.04828141561913188,6798429,NC
0.0582559526737893,6798430,NC
0.07323036858160673,6798431,NC
0.09820466339578782,6798432,NC
0.11317883716978816,6798433,NC
0.13315288995731495,6798434,NC
0.12812682181232699,6798435,NC
0.1331006327890346,6798436,NC
0.14307432294189948,6798437,NC
0.1680478923256346,6798438,NC
0.188021340995204,6798439,NC
0.2029946690058228,6798440,NC
0.21796787641295715,6798441,NC
0.20294096327232378,6798442,NC
0.20291392963989027,6798443,NC
0.23788677557187476,6798444,NC
0.2478595011247457,6798445,NC
0.23783210635522206,6798446,NC
0.22780459132027298,6798447,NC
0.1977769560771176,6798448,NC
0.1777492006832251,6798449,NC
0.15772132519631463,6798450,NC
0.13269332967435488,6798451,NC
0.12266521417556431,6798452,NC
0.09263697875841082,6798453,NC
0.052608623481611654,6798454,NC
0.03758014840413343,6798455,NC
0.01755155358519181,6798456,NC
0.012522839084251412,6798457,NC
-0.0125059950389741,6798458,NC
-0.02253494872452242,6798459,NC
-0.06756402191218261,6798460,NC
-0.09259321454149518,6798461,NC
-0.07762252655175222,6798462,NC
-0.06265195788199762,6798463,NC
-0.08768150847102715,6798464,NC
-0.1027111782573885,6798465,NC
-0.11774096717938151,6798466,NC
-0.12277087517505832,6798467,NC
-0.11280090218222341,6798468,NC
-0.10283104813843374,6798469,NC
-0.10786131298099902,6798470,NC
-0.13289169664698153,6798471,NC
-0.1579221990731966,6798472,NC
-0.15795282019621265,6798473,NC
-0.13298355995235106,6798474,NC
-0.12801441827768664,6798475,NC
-0.1230453951080476,6798476,NC
-0.13307649037901575,6798477,NC
-0.15310770402592658,6798478,NC
-0.1531390359838693,6798479,NC
-0.13817048618768724,6798480,NC
-0.13320205457197776,6798481,NC
-0.14323374107109244,6798482,NC
-0.1482655456191372,6798483,NC
-0.15829746814997267,6798484,NC
-0.16832950859721385,6798485,NC
-0.14836166689423075,6798486,NC
-0.12339394297414816,6798487,NC
-0.13342633676984597,6798488,NC
-0.15845884821395934,6798489,NC
-0.1634914772388787,6798490,NC
-0.16352422377674994,6798491,NC
-0.14855708775947463,6798492,NC
-0.1385900691187102,6798493,NC
-0.13862316778586978,6798494,NC
-0.14365638369212264,6798495,NC
-0.14368971676839432,6798496,NC
-0.1587231669453666,6798497,NC
-0.14375673415347778,6798498,NC
-0.1287904183229228,6798499,NC
-0.12882421938365332,6798500,NC
-0.14385813726537802,6798501,NC
-0.1488921718975625,6798502,NC
-0.15392632320942973,6798503,NC
-0.1439605911299599,6798504,NC
-0.13399497558789075,6798505,NC
-0.13902947651171776,6798506,NC
-0.144064093829694,6798507,NC
-0.15409882746983072,6798508,NC
-0.15913367735989717,6798509,NC
-0.16416864342742085,6798510,NC
-0.1542037255996877,6798511,NC
-0.1592389238037421,6798512,NC
-0.15427423796638728,6798513,NC
-0.16930966801418532,6798514,NC
-0.16934521387345713,6798515,NC
-0.14938087547028295,6798516,NC
-0.13941665273050233,6798517,NC
-0.1344525455797142,6798518,NC
-0.15448855394327726,6798519,NC
-0.16952467774630983,6798520,NC
-0.16456091691369024,6798521,NC
-0.15459727137005697,6798522,NC
-0.1346337410398086,6798523,NC
-0.13467032584710426,6798524,NC
-0.15470702571586353,6798525,NC
-0.15974384056976687,6798526,NC
-0.17478077033225553,6798527,NC
-0.17981781492653168,6798528,NC
-0.1598549742755589,6798529,NC
-0.14989224830206202,6798530,NC
-0.16992963692852736,6798531,NC
-0.169967140077203,6798532,NC
-0.18000475767009882,6798533,NC
-0.1750424896289868,6798534,NC
-0.1550803358754009,6798535,NC
-0.16511829633063763,6798536,NC
-0.17015637091575575,6798537,NC
-0.1951945595515769,6798538,NC
-0.1852328621586855,6798539,NC
-0.17527127865742884,6798540,NC
-0.15530980896791743,6798541,NC
-0.1703484530100252,6798542,NC
-0.16538721070338946,6798543,NC
-0.1854260819674112,6798544,NC
-0.1904650667212552,6798545,NC
-0.18050416488385027,6798546,NC
-0.17054337637388947,6798547,NC
-0.18558270110982994,6798548,NC
-0.17562213900989354,6798549,NC
-0.20066168999206677,6798550,NC
-0.19570135397410085,6798551,NC
-0.2007411308735122,6798552,NC
-0.18578102060758217,6798553,NC
-0.15582102309335766,6798554,NC
-0.16086113824765114,6798555,NC
-0.1559013659870405,6798556,NC
-0.15594170622786976,6798557,NC
-0.13598215888624893,6798558,NC
-0.12102272387805418,6798559,NC
-0.1210634011189282,6798560,NC
-0.12110419052428002,6798561,NC
-0.14614509200928566,6798562,NC
-0.15118610548888797,6798563,NC
-0.1312272308777968,6798564,NC
-0.11626846809048946,6798565,NC
-0.10630981704121059,6798566,NC
-0.1113512776439725,6798567,NC
-0.11139284981255539,6798568,NC
-0.11143453346050725,6798569,NC
-0.10647632850114441,6798570,NC
-0.10151823484755157,6798571,NC
-0.1065602524125819,6798572,NC
-0.12160238110885717,6798573,NC
-0.13664462084876827,6798574,NC
-0.13668697154447504,6798575,NC
-0.13172943310790658,6798576,NC
-0.1317720054507615,6798577,NC
-0.13681468848450795,6798578,NC
-0.1468574821203839,6798579,NC
-0.16690038626939746,6798580,NC
-0.17694340084232674,6798581,NC
-0.17698652574972024,6798582,NC
-0.1670297609018971,6798583,NC
-0.1770731062089472,6798584,NC
-0.19211656158073132,6798585,NC
-0.19716012692688126,6798586,NC
-0.21720380215680024,6798587,NC
-0.19724758717966293,6798588,NC
-0.19729148190441567,6798589,NC
-0.19233548623977667,6798590,NC
-0.21237960009423623,6798591,NC
-0.22242382337605687,6798592,NC
-0.22746815599327358,6798593,NC
-0.23251259785369383,6798594,NC
-0.23255714886489814,6798595,NC
-0.21260180893424008,6798596,NC
-0.21764657796884598,6798597,NC
-0.22269145587561606,6798598,NC
-0.2227364425612239,6798599,NC
-0.21778153793211694,6798600,NC
-0.2128267418945166,6798601,NC
-0.21787205435441845,6798602,NC
-0.22791747521759237,6798603,NC
-0.257963004389583,6798604,NC
-0.2680086417757095,6798605,NC
-0.23805438728106615,6798606,NC
-0.21810024081052243,6798607,NC
-0.223146202268723,6798608,NC
-0.2431922715600882,6798609,NC
-0.24823844858881425,6798610,NC
-0.26328473325887297,6798611,NC
-0.24333112547401264,6798612,NC
-0.24337762513775782,6798613,NC
-0.23342423215340952,6798614,NC
-0.2384709464240456,6798615,NC
-0.2585177678525209,6798616,NC
-0.26856469634146735,6798617,NC
-0.24361173179329426,6798618,NC
-0.2436588741101885,6798619,NC
-0.2287061231941148,6798620,NC
-0.2337534789468157,6798621,NC
-0.248800941269812,6798622,NC
-0.2588485100644029,6798623,NC
-0.2538961852316661,6798624,NC
-0.23894396667245826,6798625,NC
-0.23399185428741498,6798626,NC
-0.23403984797695082,6798627,NC
-0.2540879476412601,6798628,NC
-0.24913615318031657,6798629,NC
-0.23918446449387376,6798630,NC
-0.21923288148146547,6798631,NC
-0.19928140404240546,6798632,NC
-0.20933003207578815,6798633,NC
-0.21437876548048856,6798634,NC
-0.1844276041551625,6798635,NC
-0.144476547998247,6798636,NC
-0.09452559690796036,6798637,NC
-0.06457475078230226,6798638,NC
-0.009624009519054247,6798639,NC
0.05532662698422028,6798640,NC
0.12027715883017574,6798641,NC
0.20522758612168418,6798642,NC
0.24517790896183508,6798643,NC
0.28512812745393523,6798644,NC
0.2600782417015083,6798645,NC
0.19002825180829477,6798646,NC
0.10497815787825174,6798647,NC
0.0499279600155526,6798648,NC
-0.00012234167541311236,6798649,NC
0.01982725290996009,6798650,NC
0.08977674387649327,6798651,NC
0.18472613132922322,6798652,NC
0.3146754153734018,6798653,NC
0.4446245961144959,6798654,NC
0.5745736736581873,6798655,NC
0.6395226481103725,6798656,NC
0.6594715195771622,6798657,NC
0.6244202881648813,6798658,L
0.5593689539800687,6798659,NC
0.439317517129477,6798660,NC
0.35426597772007223,6798661,NC
0.23921433585903387,6798662,NC
0.13416259165375433,6798663,NC
0.01411074521183886,6798664,NC
-0.11094120335889468,6798665,NC
-0.21099325395041607,6798666,NC
-0.3260454064544829,6798667,NC
-0.4260976607626407,6798668,NC
-0.4911500167662236,6798669,NC
-0.5412024743563539,6798670,NC
-0.566255033423943,6798671,NC
-0.551307693859691,6798672,NC
-0.5313604555540872,6798673,NC
-0.4914133183974105,6798674,NC
-0.45646628227972935,6798675,NC
-0.431519347090902,6798676,NC
-0.40157251272057704,6798677,NC
-0.38162577905819317,6798678,NC
-0.3266791459929799,6798679,NC
-0.31673261341395725,6798680,NC
-0.3217861812099365,6798681,NC
-0.33183984926952015,6798682,NC
-0.3268936174811021,6798683,NC
-0.3169474857328681,6798684,NC
-0.29200145391279575,6798685,NC
-0.2970555219086548,6798686,NC
-0.2971096896080078,6798687,NC
-0.31716395689820953,6798688,NC
-0.3072183236664078,6798689,NC
-0.2972727897995435,6798690,NC
-0.27732735518435114,6798691,NC
-0.2623820197073586,6798692,NC
-0.2724367832548875,6798693,NC
-0.28749164571305375,6798694,NC
-0.28754660696776757,6798695,NC
-0.2776016669047335,6798696,NC
-0.267656825409451,6798697,NC
-0.2677120823672148,6798698,NC
-0.2527674376631144,6798699,NC
-0.2728228911820353,6798700,NC
-0.2878784428086582,6798701,NC
-0.24793409242746026,6798702,NC
-0.24798983992271473,6798703,NC
-0.24304568517849107,6798704,NC
-0.23810162807865573,6798705,NC
-0.243157668506872,6798706,NC
-0.2482138063466004,6798707,NC
-0.2282700414810989,6798708,NC
-0.22332637379342282,6798709,NC
-0.20838280316642582,6798710,NC
-0.20843932948275964,6798711,NC
-0.2134959526248741,6798712,NC
-0.20355267247501804,6798713,NC
-0.193609488915239,6798714,NC
-0.1736664018273837,6798715,NC
-0.1687234110930982,6798716,NC
-0.16378051659382836,6798717,NC
-0.1688377182108196,6798718,NC
-0.16889501582511773,6798719,NC
-0.16395240931756885,6798720,NC
-0.12900989856881956,6798721,NC
-0.10906748345931751,6798722,NC
-0.10412516386931132,6798723,NC
-0.10918293967885107,6798724,NC
-0.09924081076778846,6798725,NC
-0.08429877701577687,6798726,NC
-0.05935683830227196,6798727,NC
-0.05441499450653182,6798728,NC
-0.04447324550761687,6798729,NC
-0.05453159118439065,6798730,NC
-0.03959003141551974,6798731,NC
-0.024648566079474077,6798732,NC
0.015292804945472721,6798733,NC
0.03523408178124333,6798734,NC
0.04017526454995613,6798735,NC
0.0351163533739251,6798736,NC
0.04505734837565982,6798737,NC
0.06999824967786472,6798738,NC
0.09493905740343919,6798739,NC
0.0998797716754772,6798740,NC
0.10982039261726706,6798741,NC
0.10476092035229115,6798742,NC
0.11970135500422581,6798743,NC
0.1296416966969408,6798744,NC
0.15458194555449914,6798745,NC
0.1645221017011572,6798746,NC
0.15446216526136383,6798747,NC
0.1644021363597606,6798748,NC
0.16434201512118127,6798749,NC
0.1792818016706516,6798750,NC
0.2042214961333893,6798751,NC
0.18916109863480338,6798752,NC
0.1791006093004941,6798753,NC
0.16404002825625286,6798754,NC
0.16397935562806165,6798755,NC
0.1739185915420929,6798756,NC
0.1538577361247092,6798757,NC
0.14379678950246333,6798758,NC
0.1287357518020974,6798759,NC
0.08867462315054309,6798760,NC
0.06361340367492112,6798761,NC
0.05355209350254131,6798762,NC
0.04349069276090186,6798763,NC
0.018429201577689402,6798764,NC
-0.021632379919221366,6798765,NC
-0.061694051601768,6798766,NC
-0.07175581334170031,6798767,NC
-0.08681766501058102,6798768,NC
-0.09687960647978586,6798769,NC
-0.10194163762050353,6798770,NC
-0.1320037583037366,6798771,NC
-0.15706596840030126,6798772,NC
-0.16712826778082776,6798773,NC
-0.16719065631576072,6798774,NC
-0.16225313387535945,6798775,NC
-0.16231570032969778,6798776,NC
-0.1823783555486651,6798777,NC
-0.19744109940196602,6798778,NC
-0.20250393175912074,6798779,NC
-0.19256685248946553,6798780,NC
-0.1826298614621529,6798781,NC
-0.18269295854615178,6798782,NC
-0.20275614361024796,6798783,NC
-0.22781941652304416,6798784,NC
-0.2178827771529604,6798785,NC
-0.20794622536823448,6798786,NC
-0.20800976103692181,6798787,NC
-0.20807338402689612,6798788,NC
-0.21313709420584945,6798789,NC
-0.24320089144129264,6798790,NC
-0.2532647756005553,6798791,NC
-0.22832874655078653,6798792,NC
-0.2133928041589547,6798793,NC
-0.22345694829184803,6798794,NC
-0.2185211788160749,6798795,NC
-0.24358549559806397,6798796,NC
-0.2386498985040646,6798797,NC
-0.22371438740014687,6798798,NC
-0.2237789621522023,6798799,NC
-0.20884362262594353,6798800,NC
-0.23390836868690526,6798801,NC
-0.2339732002004441,6798802,NC
-0.23403811703173874,6798803,NC
-0.22910311904579078,6798804,NC
-0.2241682061074245,6798805,NC
-0.2092333780812873,6798806,NC
-0.23429863483185015,6798807,NC
-0.2543639762234076,6798808,NC
-0.23942940212007816,6798809,NC
-0.2294949123858046,6798810,NC
-0.22456050688435444,6798811,NC
-0.21462618547931972,6798812,NC
-0.22469194803411782,6798813,NC
-0.2347577944119915,6798814,NC
-0.2448237244760091,6798815,NC
-0.2298897380890651,6798816,NC
-0.21995583511387995,6798817,NC
-0.21502201541300095,6798818,NC
-0.22508827884880214,6798819,NC
-0.24515462528348445,6798820,NC
-0.2552210545790765,6798821,NC
-0.24528756659743445,6798822,NC
-0.23035416120024263,6798823,NC
-0.23042083824901316,6798824,NC
-0.24548759760508715,6798825,NC
-0.26555443912963456,6798826,NC
-0.26062136268365405,6798827,NC
-0.2506883681279741,6798828,NC
-0.2307554553232529,6798829,NC
-0.22582262412997825,6798830,NC
-0.23088987440846861,6798831,NC
-0.26095720601887296,6798832,NC
-0.2610246188211709,6798833,NC
-0.26609211267517346,6798834,NC
-0.2361596874405231,6798835,NC
-0.23622734297669373,6798836,NC
-0.2412950791429916,6798837,NC
-0.27136289579855516,6798838,NC
-0.2564307928023555,6798839,NC
-0.2664987700131967,6798840,NC
-0.25156682728971597,6798841,NC
-0.2416349644903839,6798842,NC
-0.25170318147350496,6798843,NC
-0.281771478097218,6798844,NC
-0.27183985421949564,6798845,NC
-0.2669083096981457,6798846,NC
-0.2619768443908108,6798847,NC
-0.2570454581549689,6798848,NC
-0.25711415084793326,6798849,NC
-0.2721829223268533,6798850,NC
-0.2922517724487146,6798851,NC
-0.27732070107033885,6798852,NC
-0.2823897080483849,6798853,NC
-0.27245879323934846,6798854,NC
-0.2825279564995627,6798855,NC
-0.2825971976851983,6798856,NC
-0.29266651665226384,6798857,NC
-0.2977359132566064,6798858,NC
-0.28280538735391153,6798859,NC
-0.2778749387997034,6798860,NC
-0.2929445674493455,6798861,NC
-0.3080142731580408,6798862,NC
-0.30308405578083214,6798863,NC
-0.30815391517260204,6798864,NC
-0.3032238511880739,6798865,NC
-0.2932938636818111,6798866,NC
-0.2983639525082185,6798867,NC
-0.3034341175215422,6798868,NC
-0.28850435857586954,6798869,NC
-0.27357467552512993,6798870,NC
-0.2586450682230951,6798871,NC
-0.23371553652337898,6798872,NC
-0.23878608027943854,6798873,NC
-0.25885669934457345,6798874,NC
-0.26892739357192724,6798875,NC
-0.26399816281448685,6798876,NC
-0.24406900692508332,6798877,NC
-0.24913992575639177,6798878,NC
-0.24921091916093233,6798879,NC
-0.24928198699106976,6798880,NC
-0.25935312909901426,6798881,NC
-0.23442434533682124,6798882,NC
-0.2144956355563922,6798883,NC
-0.20956699960947486,6798884,NC
-0.20963843734766313,6798885,NC
-0.2347099486223979,6798886,NC
-0.24978153328496705,6798887,NC
-0.24485319118650595,6798888,NC
-0.23492492217799754,6798889,NC
-0.23999672611027273,6798890,NC
-0.25506860283401084,6798891,NC
-0.27514055219974,6798892,NC
-0.29021257405783674,6798893,NC
-0.2952846682585274,6798894,NC
-0.2803568346518876,6798895,NC
-0.3004290730878429,6798896,NC
-0.3105013834161689,6798897,NC
-0.3155737654864921,6798898,NC
-0.32564621914828923,6798899,NC
-0.3307187442508886,6798900,NC
-0.3157913406434698,6798901,NC
-0.31086400817506404,6798902,NC
-0.3309367466945548,6798903,NC
-0.3460095560506779,6798904,NC
-0.3460824360920217,6798905,NC
-0.33615538666702777,6798906,NC
-0.3312284076239908,6798907,NC
-0.33130149881105925,6798908,NC
-0.3463746600762356,6798909,NC
-0.3714478912673763,6798910,NC
-0.3865211922321926,6798911,NC
-0.3865945628182508,6798912,NC
-0.3616680028729722,6798913,NC
-0.37174151224363366,6798914,NC
-0.3718150907773678,6798915,NC
-0.3868887383211636,6798916,NC
-0.38696245472186663,6798917,NC
-0.3820362398261789,6798918,NC
-0.3871100934806598,6798919,NC
-0.37718401553172604,6798920,NC
-0.3872580058256523,6798921,NC
-0.40233206420857115,6798922,NC
-0.4124061905264736,6798923,NC
-0.4024803846252094,6798924,NC
-0.3925546463504875,6798925,NC
-0.3826289755478758,6798926,NC
-0.3977033720628023,6798927,NC
-0.40777783574055493,6798928,NC
-0.41785236642628176,6798929,NC
-0.3979269639649918,6798930,NC
-0.3980016282015548,6798931,NC
-0.3930763589807018,6798932,NC
-0.41315115614702563,6798933,NC
-0.40822601954498106,6798934,NC
-0.40830094901888486,6798935,NC
-0.3983759444129166,6798936,NC
-0.39345100557111884,6798937,NC
-0.3985261323373973,6798938,NC
-0.41360132455552123,6798939,NC
-0.43867658206912363,6798940,NC
-0.443751904721702,6798941,NC
-0.4288272923566184,6798942,NC
-0.41390274481709927,6798943,NC
-0.4089782619462367,6798944,NC
-0.39905384358698825,6798945,NC
-0.4141294895821772,6798946,NC
-0.4292051997744931,6798947,NC
-0.42428097400649184,6798948,NC
-0.38935681212059625,6798949,NC
-0.3644327139590965,6798950,NC
-0.3595086793641497,6798951,NC
-0.34958470817778137,6798952,NC
-0.33466080024188477,6798953,NC
-0.2847369553982219,6798954,NC
-0.21481317348842346,6798955,NC
-0.13988945435398903,6798956,NC
-0.059965797836287964,6798957,NC
-0.01504220377655939,6798958,NC
0.01988132798408774,6798959,NC
0.03980479760467374,6798960,NC
0.04972820524434825,6798961,NC
0.024651551062389795,6798962,NC
-0.05542516478179453,6798963,NC
-0.1605019421286695,6798964,NC
-0.26557878081857167,6798965,NC
-0.3356556806917105,6798966,NC
-0.33573264158816785,6798967,NC
-0.2758096633478987,6798968,NC
-0.19088674581073173,6798969,NC
-0.06596388881636911,6798970,NC
0.04895890779561275,6798971,NC
0.16388164418576295,6798972,NC
0.22380432051475613,6798973,NC
0.25372693694339155,6798974,NC
0.25864949363259293,6798975,L
0.19857199074340867,6798976,NC
0.10849442843701067,6798977,NC
-0.01658319312530546,6798978,NC
-0.11666087378212099,6798979,NC
-0.22173861337189407,6798980,NC
-0.33181641173296045,6798981,NC
-0.4368942687035339,6798982,NC
-0.5419721841217056,6798983,NC
-0.627050157825446,6798984,NC
-0.6871281896526038,6798985,NC
-0.7172062794409072,6798986,NC
-0.7472844270279635,6798987,NC
-0.7623626322512602,6798988,NC
-0.7674408949481645,6798989,NC
-0.7375192149559242,6798990,NC
-0.6925975921116684,6798991,NC
-0.6576760262524067,6798992,NC
-0.6377545172150305,6798993,NC
-0.6178330648363132,6798994,NC
-0.5929116689529099,6798995,NC
-0.5529903294013586,6798996,NC
-0.5280690460180805,6798997,NC
-0.5181478186393788,6798998,NC
-0.5282266471014414,6798999,NC
-0.5433055312403396,6799000,NC
-0.5333844708920291,6799001,NC
-0.5184634658923498,6799002,NC
-0.5085425160770268,6799003,NC
-0.4986216212816705,6799004,NC
-0.5087007813417768,6799005,NC
-0.5237799960927272,6799006,NC
-0.5188592653697899,6799007,NC
-0.4989385890081196,6799008,NC
-0.48901796684275783,6799009,NC
-0.48909739870863356,6799010,NC
-0.49417688444056335,6799011,NC
-0.5042564238732518,6799012,NC
-0.5143360168412915,6799013,NC
-0.4944156631791641,6799014,NC
-0.4794953627212403,6799015,NC
-0.48457511530177977,6799016,NC
-0.4846549207549322,6799017,NC
-0.48973477891473727,6799018,NC
-0.499814689615125,6799019,NC
-0.4798946526899161,6799020,NC
-0.4599746679728226,6799021,NC
-0.4600547352974476,6799022,NC
-0.46013485449728625,6799023,NC
-0.4702150254057259,6799024,NC
-0.4652952478560459,6799025,NC
-0.45037552168141887,6799026,NC
-0.43045584671491055,6799027,NC
-0.4205362227894799,6799028,NC
-0.4306166497379801,6799029,NC
-0.4306971273931583,6799030,NC
-0.4207776555876562,6799031,NC
-0.39585823415401045,6799032,NC
-0.37593886292465317,6799033,NC
-0.3660195417319116,6799034,NC
-0.3761002704080093,6799035,NC
-0.38118104878506603,6799036,NC
-0.37126187669509825,6799037,NC
-0.3463427539700192,6799038,NC
-0.3164236804416397,6799039,NC
-0.3015046559416682,6799040,NC
-0.32158568030171103,6799041,NC
-0.3166667533532732,6799042,NC
-0.3017478749277582,6799043,NC
-0.2718290448564687,6799044,NC
-0.24691026297060703,6799045,NC
-0.22199152910127487,6799046,NC
-0.22207284307947442,6799047,NC
-0.22715420473610837,6799048,NC
-0.21223561390197992,6799049,NC
-0.1823170704077938,6799050,NC
-0.1523985740841562,6799051,NC
-0.13248012476157522,6799052,NC
-0.12756172227046114,6799053,NC
-0.12264336644112711,6799054,NC
-0.1277250571037888,6799055,NC
-0.08780679408856557,6799056,NC
-0.06788857722548038,6799057,NC
-0.06797040634446001,6799058,NC
-0.04805228127533586,6799059,NC
-0.04813420184784396,6799060,NC
-0.053216167891625435,6799061,NC
-0.033298179236226966,6799062,NC
-0.0233802357111007,6799063,NC
-0.003462337145605253,6799064,NC
-0.028544483369005634,6799065,NC
-0.008626674210473813,6799066,NC
-0.013708909499088682,6799067,NC
0.0012088109361630163,6799068,NC
0.0011264872663866894,6799069,NC
-0.003955880337220621,6799070,NC
-0.0190382917033702,6799071,NC
-0.04412074666068265,6799072,NC
-0.05920324503768792,6799073,NC
-0.08428578666282532,6799074,NC
-0.09936837136444461,6799075,NC
-0.1194509989708058,6799076,NC
-0.14453366931007966,6799077,NC
-0.19461638221034827,6799078,NC
-0.22469913749960485,6799079,NC
-0.23478193500575478,6799080,NC
-0.23986477455661565,6799081,NC
-0.2549476559799173,6799082,NC
-0.2750305791033028,6799083,NC
-0.31511354375432854,6799084,NC
-0.32019654976046424,6799085,NC
-0.3352795969490938,6799086,NC
-0.33536268514751577,6799087,NC
-0.3454458141829428,6799088,NC
-0.375528983882503,6799089,NC
-0.40061219407324,6799090,NC
-0.40569544458211293,6799091,NC
-0.4107787352359973,6799092,NC
-0.40086206586168505,6799093,NC
-0.400945436285885,6799094,NC
-0.4060288463352234,6799095,NC
-0.42611229583624366,6799096,NC
-0.43619578461540753,6799097,NC
-0.421279312499095,6799098,NC
-0.41636287931360455,6799099,NC
-0.4214464848851539,6799100,NC
-0.43153012903988014,6799101,NC
-0.4516138116038401,6799102,NC
-0.4416975324030109,6799103,NC
-0.4367812912632897,6799104,NC
-0.4318650880104949,6799105,NC
-0.4219489224703661,6799106,NC
-0.4370327944685642,6799107,NC
-0.4571167038306723,6799108,NC
-0.45720065038219576,6799109,NC
-0.4422846339485626,6799110,NC
-0.42736865435512367,6799111,NC
-0.4274527114271536,6799112,NC
-0.43753680498985026,6799113,NC
-0.44262093486833604,6799114,NC
-0.4627051008876577,6799115,NC
-0.4477893028727868,6799116,NC
-0.43287354064862005,6799117,NC
-0.43795781403997985,6799118,NC
-0.4480421228716146,6799119,NC
-0.4681264669681988,6799120,NC
-0.4532108461543337,6799121,NC
-0.4482952602545477,6799122,NC
-0.4483797090932963,6799123,NC
-0.4334641924949631,6799124,NC
-0.44354871028385956,6799125,NC
-0.4436332622842258,6799126,NC
-0.4587178483202306,6799127,NC
-0.4438024682159724,6799128,NC
-0.42888712179547855,6799129,NC
-0.4339718088827069,6799130,NC
-0.4290565293015456,6799131,NC
-0.4541412828758129,6799132,NC
-0.45422606942925886,6799133,NC
-0.4443108887855646,6799134,NC
-0.4193957407683428,6799135,NC
-0.41948062520113893,6799136,NC
-0.4295655419074303,6799137,NC
-0.4296504907106274,6799138,NC
-0.43973547143407415,6799139,NC
-0.4298204839010477,6799140,NC
-0.41490552793475943,6799141,NC
-0.40999060335835513,6799142,NC
-0.4150757099949151,6799143,NC
-0.430160847667455,6799144,NC
-0.43524601619892583,6799145,NC
-0.41533121541221407,6799146,NC
-0.40541644513014297,6799147,NC
-0.4055017051754722,6799148,NC
-0.4155869953708979,6799149,NC
-0.43567231553905406,6799150,NC
-0.42575766550251204,6799151,NC
-0.4108430450837815,6799152,NC
-0.4109284541053103,6799153,NC
-0.411013892389485,6799154,NC
-0.4010993597586315,6799155,NC
-0.41618485603501526,6799156,NC
-0.43627038104084126,6799157,NC
-0.41635593459825515,6799158,NC
-0.39644151652934295,6799159,NC
-0.381527126656132,6799160,NC
-0.3966127648005905,6799161,NC
-0.40669843078462875,6799162,NC
-0.43178412443009906,6799163,NC
-0.4168698455587963,6799164,NC
-0.386955593992458,6799165,NC
-0.392041369552765,6799166,NC
-0.40212717206134174,6799167,NC
-0.40721300133975674,6799168,NC
-0.4072988572095227,6799169,NC
-0.40738473949209697,6799170,NC
-0.3824706480088821,6799171,NC
-0.3675565825812261,6799172,NC
-0.3626425430304226,6799173,NC
-0.37272852917771165,6799174,NC
-0.35281454084427966,6799175,NC
-0.37290057785126024,6799176,NC
-0.347986640019734,6799177,NC
-0.3230727271707296,6799178,NC
-0.3281588391252232,6799179,NC
-0.3282449757041398,6799180,NC
-0.33833113672835313,6799181,NC
-0.313417322018686,6799182,NC
-0.29850353139591074,6799183,NC
-0.2785897646807497,6799184,NC
-0.28867602169387546,6799185,NC
-0.2937623022559114,6799186,NC
-0.3038486061874315,6799187,NC
-0.2889349333089615,6799188,NC
-0.284021283440979,6799189,NC
-0.2741076564039134,6799190,NC
-0.29419405201814686,6799191,NC
-0.3042804701040144,6799192,NC
-0.29936691048180425,6799193,NC
-0.2944533729717585,6799194,NC
-0.2895398573940728,6799195,NC
-0.2796263635688976,6799196,NC
-0.29971289131633816,6799197,NC
-0.31979944045645436,6799198,NC
-0.3348860108092621,6799199,NC
-0.3199726021947331,6799200,NC
-0.3050592144327951,6799201,NC
-0.3001458473433328,6799202,NC
-0.31023250074618747,6799203,NC
-0.32531917446115816,6799204,NC
-0.3304058683080016,6799205,NC
-0.3254925821064325,6799206,NC
-0.3155793156761242,6799207,NC
-0.3156660688367089,6799208,NC
-0.32575284140777805,6799209,NC
-0.3458396332088828,6799210,NC
-0.36592644405953434,6799211,NC
-0.34601327377920393,6799212,NC
-0.32610012218732404,6799213,NC
-0.31618698910328796,6799214,NC
-0.31627387434645055,6799215,NC
-0.32136077773612864,6799216,NC
-0.32144769909160126,6799217,NC
-0.3265346382321101,6799218,NC
-0.30162159497686003,6799219,NC
-0.3067085691450189,6799220,NC
-0.31179556055571866,6799221,NC
-0.32688256902805546,6799222,NC
-0.3269695943810896,6799223,NC
-0.3270566364338466,6799224,NC
-0.32214369500531714,6799225,NC
-0.2972307699144576,6799226,NC
-0.29731786098019036,6799227,NC
-0.30740496802140405,6799228,NC
-0.3224920908569544,6799229,NC
-0.30757922930566406,6799230,NC
-0.2876663831863231,6799231,NC
-0.2827535523176898,6799232,NC
-0.2928407365184906,6799233,NC
-0.31292793560742055,6799234,NC
-0.31301514940314384,6799235,NC
-0.29310237772429387,6799236,NC
-0.27318962038947414,6799237,NC
-0.27327687721725813,6799238,NC
-0.27836414802618964,6799239,NC
-0.28845143263478396,6799240,NC
-0.27853873086152725,6799241,NC
-0.27362604252487754,6799242,NC
-0.2487133674432647,6799243,NC
-0.2438007054350914,6799244,NC
-0.24888805631873276,6799245,NC
-0.26397541991253726,6799246,NC
-0.284062796034827,6799247,NC
-0.27415018450389783,6799248,NC
-0.2542375851380201,6799249,NC
-0.2443249977554388,6799250,NC
-0.23941242217437408,6799251,NC
-0.24449985821302153,6799252,NC
-0.2395873056895523,6799253,NC
-0.21467476442211417,6799254,NC
-0.18976223422883132,6799255,NC
-0.15984971492780475,6799256,NC
-0.13493720633711306,6799257,NC
-0.11502470827481245,6799258,NC
-0.07011222055893741,6799259,NC
-0.00019974300750051372,6799260,NC
0.07471272456150646,6799261,NC
0.14462518233011248,6799262,NC
0.18953763048036718,6799263,NC
0.19945006919433997,6799264,NC
0.20936249865411988,6799265,NC
0.23427491904181533,6799266,NC
0.1941873305395534,6799267,NC
0.13909973332947975,6799268,NC
0.04901212759375833,6799269,NC
-0.0260754864854294,6799270,NC
-0.0461631087258847,6799271,NC
-0.006250738945391503,6799272,NC
0.06866162303828251,6799273,NC
0.14857397740738598,6799274,NC
0.24348632434418344,6799275,NC
0.3133986640309548,6799276,NC
0.398310996649995,6799277,NC
0.46822332238361386,6799278,NC
0.5281356414141354,6799279,NC
0.5080479539238975,6799280,L
0.45796026009525187,6799281,NC
0.3428725601105631,6799282,NC
0.24278485415220874,6799283,NC
0.16769714240257866,6799284,NC
0.11260942504407499,6799285,NC
0.02252170225911131,6799286,NC
-0.05756602576988757,6799287,NC
-0.1476537588604856,6799288,NC
-0.2327414968302365,6799289,NC
-0.30282923949668383,6799290,NC
-0.3579169866773612,6799291,NC
-0.4230047381897932,6799292,NC
-0.47309249385149477,6799293,NC
-0.5031802534799729,6799294,NC
-0.5432680168927261,6799295,NC
-0.5133557839072445,6799296,NC
-0.49344355434101156,6799297,NC
-0.44853132801150325,6799298,NC
-0.4186191047361887,6799299,NC
-0.39870688433253093,6799300,NC
-0.38879466661798684,6799301,NC
-0.35388245141000757,6799302,NC
-0.3289702385260395,6799303,NC
-0.30905802778352387,6799304,NC
-0.29914581899989734,6799305,NC
-0.3242336119925928,6799306,NC
-0.3243214065790393,6799307,NC
-0.3194092025766626,6799308,NC
-0.3044969998028855,6799309,NC
-0.2945847980751284,6799310,NC
-0.29967259721080913,6799311,NC
-0.31476039702734415,6799312,NC
-0.3098481973421484,6799313,NC
-0.2999359979726355,6799314,NC
-0.30002379873621876,6799315,NC
-0.29511159945031107,6799316,NC
-0.28519939993232557,6799317,NC
-0.29028719999967556,6799318,NC
-0.3153749994697755,6799319,NC
-0.29046279816004095,6799320,NC
-0.2755505958878891,6799321,NC
-0.2606383924707392,6799322,NC
-0.2757261877260129,6799323,NC
-0.27581398147113445,6799324,NC
-0.28590177352353147,6799325,NC
-0.28098956370063494,6799326,NC
-0.25607735181987973,6799327,NC
-0.2511651376987052,6799328,NC
-0.25125292115455494,6799329,NC
-0.2663407020048781,6799330,NC
-0.2664284800671288,6799331,NC
-0.25651625515876736,6799332,NC
-0.2266040270972599,6799333,NC
-0.22169179570007946,6799334,NC
-0.2417795607847056,6799335,NC
-0.24186732216862555,6799336,NC
-0.23695507966933418,6799337,NC
-0.2320428331043342,6799338,NC
-0.21213058229113702,6799339,NC
-0.18721832704726277,6799340,NC
-0.18730606719024087,6799341,NC
-0.1923938025376104,6799342,NC
-0.19248153290692008,6799343,NC
-0.18256925811572927,6799344,NC
-0.1576569779816082,6799345,NC
-0.1377446923221377,6799346,NC
-0.14783240095491051,6799347,NC
-0.14792010369753122,6799348,NC
-0.13300780036761653,6799349,NC
-0.11809549078279588,6799350,NC
-0.10318317476071148,6799351,NC
-0.08827085211901921,6799352,NC
-0.08835852267538868,6799353,NC
-0.0784461862475034,6799354,NC
-0.05853384265306165,6799355,NC
-0.04362149170977655,6799356,NC
-0.033709133235376484,6799357,NC
-0.0037967670476056286,6799358,NC
0.0011156070357761557,6799359,NC
0.0010279891969922428,6799360,NC
-0.0040596203817507845,6799361,NC
0.010852778481736804,6799362,NC
0.035765185969626856,6799363,NC
0.05067760226407339,6799364,NC
0.05059002754721211,6799365,NC
0.06050246200116005,6799366,NC
0.07541490580801502,6799367,NC
0.10032735914985574,6799368,NC
0.1252398222087408,6799369,NC
0.14015229516670846,6799370,NC
0.14506477820577693,6799371,NC
0.14497727150794293,6799372,NC
0.16488977525518203,6799373,NC
0.18480228962944809,6799374,NC
0.18471481481267274,6799375,NC
0.1896273509867655,6799376,NC
0.20453989833361258,6799377,NC
0.18445245703507718,6799378,NC
0.16936502727299893,6799379,NC
0.16427760922919343,6799380,NC
0.1741902030854518,6799381,NC
0.15910280902354054,6799382,NC
0.13401542722520085,6799383,NC
0.08892805787214877,6799384,NC
0.05384070114607415,6799385,NC
0.04875335722864059,6799386,NC
0.03366602630148533,6799387,NC
0.0035787085462183205,6799388,NC
-0.0315085958555778,6799389,NC
-0.04159588672234815,6799390,NC
-0.0816831638725661,6799391,NC
-0.08677042712473323,6799392,NC
-0.09685767629738036,6799393,NC
-0.10194491120906755,6799394,NC
-0.11703213167838424,6799395,NC
-0.14211933752395017,6799396,NC
-0.1522065285644154,6799397,NC
-0.16229370461846088,6799398,NC
-0.15238086550479857,6799399,NC
-0.15246801104217214,6799400,NC
-0.16755514104935693,6799401,NC
-0.19264225534516075,6799402,NC
-0.1927293537484242,6799403,NC
-0.1978164360780206,6799404,NC
-0.18790350215285698,6799405,NC
-0.18299055179187404,6799406,NC
-0.19807758481404678,6799407,NC
-0.21316460103838467,6799408,NC
-0.21825160028393198,6799409,NC
-0.20833858236976854,6799410,NC
-0.20342554711500976,6799411,NC
-0.19351249433880696,6799412,NC
-0.20859942386034816,6799413,NC
-0.23368633549885803,6799414,NC
-0.23877322907359858,6799415,NC
-0.21386010440386902,6799416,NC
-0.2139469613090069,6799417,NC
-0.199033799608388,6799418,NC
-0.1991206191214267,6799419,NC
-0.21420741966757637,6799420,NC
-0.23429420106633003,6799421,NC
-0.20438096313722037,6799422,NC
-0.19446770569982033,6799423,NC
-0.18955442857374355,6799424,NC
-0.19464113157864424,6799425,NC
-0.2097278145342183,6799426,NC
-0.20481447726020321,6799427,NC
-0.1999011195763784,6799428,NC
-0.18998774130256585,6799429,NC
-0.17507434225863042,6799430,NC
-0.18016092226448005,6799431,NC
-0.19524748114006626,6799432,NC
-0.1903340187053847,6799433,NC
-0.20542053478047495,6799434,NC
-0.1805070291854216,6799435,NC
-0.18059350174035435,6799436,NC
-0.1856799522654479,6799437,NC
-0.20576638058092328,6799438,NC
-0.21585278650704737,6799439,NC
-0.21093916986413386,6799440,NC
-0.20102553047254323,6799441,NC
-0.18111186815268313,6799442,NC
-0.1811981827250091,6799443,NC
-0.2012844740100248,6799444,NC
-0.21137074182828203,6799445,NC
-0.2064569860003816,6799446,NC
-0.19154320634697342,6799447,NC
-0.18662940268875713,6799448,NC
-0.1867155748464819,6799449,NC
-0.20680172264094757,6799450,NC
-0.20688784589300452,6799451,NC
-0.19697394442355398,6799452,NC
-0.1970600180535489,6799453,NC
-0.1821460666039938,6799454,NC
-0.18723208989594542,6799455,NC
-0.2073180877505131,6799456,NC
-0.21240405998885906,6799457,NC
-0.21249000643219854,6799458,NC
-0.1925759269018007,6799459,NC
-0.17766182121898877,6799460,NC
-0.18774768920514,6799461,NC
-0.21283353068168678,6799462,NC
-0.22791934547011639,6799463,NC
-0.20800513339197177,6799464,NC
-0.19809089426885162,6799465,NC
-0.19817662792241103,6799466,NC
-0.20826233417436138,6799467,NC
-0.21334801284647134,6799468,NC
-0.22843366376056695,6799469,NC
-0.21851928673853163,6799470,NC
-0.20860488160230728,6799471,NC
-0.21369044817389407,6799472,NC
-0.22877598627535115,6799473,NC
-0.21886149572879657,6799474,NC
-0.2389469763564083,6799475,NC
-0.22903242798042406,6799476,NC
-0.22411785042314206,6799477,NC
-0.20920324350692088,6799478,NC
-0.22428860705418038,6799479,NC
-0.23437394088740193,6799480,NC
-0.22945924482912855,6799481,NC
-0.22954451870196532,6799482,NC
-0.21462976232858005,6799483,NC
-0.20971497553170346,6799484,NC
-0.19980015813412924,6799485,NC
-0.20988530995871504,6799486,NC
-0.2049704308283824,6799487,NC
-0.19005552056611721,6799488,NC
-0.17014057899497018,6799489,NC
-0.15522560593805712,6799490,NC
-0.16031060121855906,6799491,NC
-0.18039556465972323,6799492,NC
-0.18048049608486297,6799493,NC
-0.16056539531735797,6799494,NC
-0.14565026218065516,6799495,NC
-0.13073509649826867,6799496,NC
-0.1358198980937803,6799497,NC
-0.14590466679083997,6799498,NC
-0.16598940241316595,6799499,NC
-0.1510741047845452,6799500,NC
-0.14115877372883395,6799501,NC
-0.14124340906995805,6799502,NC
-0.15132801063191292,6799503,NC
-0.17641257823876447,6799504,NC
-0.17649711171464916,6799505,NC
-0.17658161088377453,6799506,NC
-0.17166607557041916,6799507,NC
-0.17675050559893363,6799508,NC
-0.19183490079374055,6799509,NC
-0.22691926097933482,6799510,NC
-0.2520035859802843,6799511,NC
-0.23708787562122988,6799512,NC
-0.23717212972688612,6799513,NC
-0.22225634812204145,6799514,NC
-0.22734053063155862,6799515,NC
-0.2424246770803747,6799516,NC
-0.2425087872935021,6799517,NC
-0.2475928610960285,6799518,NC
-0.23767689831311706,6799519,NC
-0.23776089877000736,6799520,NC
-0.26284486229201526,6799521,NC
-0.27292878870453346,6799522,NC
-0.28301267783303174,6799523,NC
-0.2780965295030577,6799524,NC
-0.26818034354023634,6799525,NC
-0.2582641197702714,6799526,NC
-0.27834785801894507,6799527,NC
-0.30343155811211836,6799528,NC
-0.32351521987573184,6799529,NC
-0.3085988431358057,6799530,NC
-0.2836824277184405,6799531,NC
-0.27376597344981646,6799532,NC
-0.28384948015619543,6799533,NC
-0.29393294766392,6799534,NC
-0.30401637579941426,6799535,NC
-0.3040997643891844,6799536,NC
-0.29418311325981866,6799537,NC
-0.28426642223798787,6799538,NC
-0.28434969115044606,6799539,NC
-0.30443291982403015,6799540,NC
-0.29451610808566114,6799541,NC
-0.294599255762344,6799542,NC
-0.2746823626811678,6799543,NC
-0.2647654286693067,6799544,NC
-0.2748484535540199,6799545,NC
-0.28493143716265196,6799546,NC
-0.30501437932263337,6799547,NC
-0.29009727986148104,6799548,NC
-0.2701801386067978,6799549,NC
-0.25526295538627397,6799550,NC
-0.26534573002768713,6799551,NC
-0.280428462358902,6799552,NC
-0.2905111522078718,6799553,NC
-0.27059379940263784,6799554,NC
-0.26567640377133017,6799555,NC
-0.250758965142168,6799556,NC
-0.2558414833434599,6799557,NC
-0.2509239582036041,6799558,NC
-0.26100638955108896,6799559,NC
-0.2310887772144937,6799560,NC
-0.19617112102248782,6799561,NC
-0.15625342080383245,6799562,NC
-0.13133567638738006,6799563,NC
-0.09641788760207523,6799564,NC
-0.03150005427695449,6799565,NC
0.03341782375885273,6799566,NC
0.143335746676124,6799567,NC
0.21825371464554388,6799568,NC
0.2681717278377029,6799569,NC
0.28308978642309773,6799570,NC
0.26300789057213053,6799571,NC
0.2179260404551087,6799572,NC
0.1728442362422448,6799573,NC
0.14276247810365555,6799574,NC
0.10268076620936203,6799575,NC
0.12259910072928931,6799576,NC
0.1575174818332657,6799577,NC
0.2374359096910227,6799578,NC
0.3673543844721946,6799579,NC
0.49727290634631816,6799580,NC
0.617191475482832,6799581,NC
0.6971100920510768,6799582,NC
0.7620287562202944,6799583,NC
0.7719474681596276,6799584,NC
0.7618662280381199,6799585,L
0.6717850360247151,6799586,NC
0.5567038922882572,6799587,NC
0.44662279699748947,6799588,NC
0.37154175032105446,6799589,NC
0.3014607524274939,6799590,NC
0.22137980348524783,6799591,NC
0.12629890366265442,6799592,NC
0.011218053127950062,6799593,NC
-0.0888627479507317,6799594,NC
-0.22894349940536002,6799595,NC
-0.3290242010680073,6799596,NC
-0.39410485277084956,6799597,NC
-0.4591854543461664,6799598,NC
-0.48926600562634204,6799599,NC
-0.5293465064438652,6799600,NC
-0.5294269566313292,6799601,NC
-0.509507356021433,6799602,NC
-0.4595877044469814,6799603,NC
-0.42966800174088465,6799604,NC
-0.40974824773615975,6799605,NC
-0.40982844226592996,6799606,NC
-0.414908585163426,6799607,NC
-0.3949886762619858,6799608,NC
-0.3750687153950549,6799609,NC
-0.360148702396187,6799610,NC
-0.3702286370990442,6799611,NC
-0.39530851933739747,6799612,NC
-0.39038834894512664,6799613,NC
-0.37546812575622135,6799614,NC
-0.37554784960478055,6799615,NC
-0.3756275203250137,6799616,NC
-0.3857071377512407,6799617,NC
-0.38578670171789203,6799618,NC
-0.39086621205950967,6799619,NC
-0.3809456686107469,6799620,NC
-0.356025071206369,6799621,NC
-0.3511044196812534,6799622,NC
-0.35118371387038994,6799623,NC
-0.36626295360888156,6799624,NC
-0.37634213873194433,6799625,NC
-0.3664212690749079,6799626,NC
-0.36650034447321583,6799627,NC
-0.35157936476242596,6799628,NC
-0.34665832977821076,6799629,NC
-0.3717372393563577,6799630,NC
-0.37681609333276933,6799631,NC
-0.356894891543464,6799632,NC
-0.331973633824576,6799633,NC
-0.32205232001235584,6799634,NC
-0.33213094994317083,6799635,NC
-0.3422095234535051,6799636,NC
-0.35228804037996025,6799637,NC
-0.3273665005592556,6799638,NC
-0.32244490382822816,6799639,NC
-0.31752325002383364,6799640,NC
-0.3076015389831464,6799641,NC
-0.31767977054335944,6799642,NC
-0.32275794454178564,6799643,NC
-0.3178360608158573,6799644,NC
-0.2929141192031269,6799645,NC
-0.277992119541267,6799646,NC
-0.2880700616680714,6799647,NC
-0.2731479454214544,6799648,NC
-0.27322577063945197,6799649,NC
-0.258303537160222,6799650,NC
-0.24338124482204387,6799651,NC
-0.22345889346331996,6799652,NC
-0.21353648292257504,6799653,NC
-0.22361401303845713,6799654,NC
-0.22869148364973763,6799655,NC
-0.20876889459531145,6799656,NC
-0.17884624571419783,6799657,NC
-0.16392353684554054,6799658,NC
-0.14400076782860763,6799659,NC
-0.14407793850279263,6799660,NC
-0.1491550487076144,6799661,NC
-0.12423209828271752,6799662,NC
-0.08430908706787274,6799663,NC
-0.06938601490297694,6799664,NC
-0.06946288162805407,6799665,NC
-0.05953968708325512,6799666,NC
-0.054616431108858235,6799667,NC
-0.034693113545269584,6799668,NC
-0.01976973423302332,6799669,NC
0.005153706987218003,6799670,NC
0.020077210274662975,6799671,NC
0.015000775788391409,6799672,NC
0.01492440368735343,6799673,NC
0.03484809413036945,6799674,NC
0.04477184727613004,6799675,NC
0.06969566328319517,6799676,NC
0.07961954230999412,6799677,NC
0.07954348451482515,6799678,NC
0.07946749005585513,6799679,NC
0.09439155909111911,6799680,NC
0.1193156917785204,6799681,NC
0.12423988827582967,6799682,NC
0.10416414874068486,6799683,NC
0.08408847333059118,6799684,NC
0.0590128622029202,6799685,NC
0.05893731551490994,6799686,NC
0.058861833423664384,6799687,NC
0.038786416086153096,6799688,NC
0.02371106365921124,6799689,NC
-0.016364223700461256,6799690,NC
-0.06643944583629979,6799691,NC
-0.06651460259187508,6799692,NC
-0.08158969381089418,6799693,NC
-0.08666471933720021,6799694,NC
-0.11673967901477314,6799695,NC
-0.15681457268772944,6799696,NC
-0.18688940020032324,6799697,NC
-0.1819641613969462,6799698,NC
-0.19203885612212768,6799699,NC
-0.1921134842205354,6799700,NC
-0.20718804553697567,6799701,NC
-0.23226253991639373,6799702,NC
-0.2573369672038738,6799703,NC
-0.2524113272446399,6799704,NC
-0.24748561988405554,6799705,NC
-0.25755984496762474,6799706,NC
-0.27263400234099194,6799707,NC
-0.28770809184994217,6799708,NC
-0.2977821133404018,6799709,NC
-0.3028560666584385,6799710,NC
-0.2829299516502619,6799711,NC
-0.29300376816222357,6799712,NC
-0.28307751604081766,6799713,NC
-0.31815119513268064,6799714,NC
-0.31822480528459257,6799715,NC
-0.3182983463434764,6799716,NC
-0.30337181815639913,6799717,NC
-0.30344522057057144,6799718,NC
-0.31351855343334867,6799719,NC
-0.30359181659223045,6799720,NC
-0.3236650098948617,6799721,NC
-0.3187381331890323,6799722,NC
-0.29881118632267806,6799723,NC
-0.2888841691438802,6799724,NC
-0.3039570815008666,6799725,NC
-0.32902992324201147,6799726,NC
-0.32910269421583604,6799727,NC
-0.3241753942710085,6799728,NC
-0.3192480232563447,6799729,NC
-0.2993205810208081,6799730,NC
-0.29939306741351046,6799731,NC
-0.31946548228371163,6799732,NC
-0.3095378254808207,6799733,NC
-0.3146100968543954,6799734,NC
-0.29968229625414294,6799735,NC
-0.2897544235299203,6799736,NC
-0.29982647853173444,6799737,NC
-0.32989846110974236,6799738,NC
-0.33497037111425193,6799739,NC
-0.32504220839572195,6799740,NC
-0.3201139728047623,6799741,NC
-0.30018566419213444,6799742,NC
-0.3102572824087518,6799743,NC
-0.32532882730567975,6799744,NC
-0.34540029873413647,6799745,NC
-0.34047169654549264,6799746,NC
-0.33054302059127205,6799747,NC
-0.3106142707231521,6799748,NC
-0.31568544679296356,6799749,NC
-0.33075654865269144,6799750,NC
-0.35082757615447524,6799751,NC
-0.3408985291506087,6799752,NC
-0.33096940749354076,6799753,NC
-0.33604021103587567,6799754,NC
-0.32111093963037296,6799755,NC
-0.3511815931299482,6799756,NC
-0.36125217138767296,6799757,NC
-0.34632267425677554,6799758,NC
-0.33639310159064095,6799759,NC
-0.33146345324281107,6799760,NC
-0.33153372906698536,6799761,NC
-0.3516039289170211,6799762,NC
-0.3516740526469331,6799763,NC
-0.35174410011089485,6799764,NC
-0.3318140711632383,6799765,NC
-0.3368839656584544,6799766,NC
-0.3419537834511932,6799767,NC
-0.3570235243962644,6799768,NC
-0.3620931883486373,6799769,NC
-0.36216277516344153,6799770,NC
-0.35223228469596685,6799771,NC
-0.35230171680166406,6799772,NC
-0.3573710713361448,6799773,NC
-0.357440348155182,6799774,NC
-0.3825095471147102,6799775,NC
-0.36757866807082606,6799776,NC
-0.3476477108797882,6799777,NC
-0.3477166753980178,6799778,NC
-0.3677855614820991,6799779,NC
-0.367854368988779,6799780,NC
-0.37792309777496824,6799781,NC
-0.38299174769774086,6799782,NC
-0.36306031861433535,6799783,NC
-0.35812881038215416,6799784,NC
-0.36319722285876443,6799785,NC
-0.3832655559018982,6799786,NC
-0.40333380936945284,6799787,NC
-0.39340198311949093,6799788,NC
-0.38847007701024094,6799789,NC
-0.3635380909000975,6799790,NC
-0.3536060246476215,6799791,NC
-0.35367387811154044,6799792,NC
-0.3587416511507491,6799793,NC
-0.323809343624309,6799794,NC
-0.3088769553914498,6799795,NC
-0.2989444863115684,6799796,NC
-0.30401193624423023,6799797,NC
-0.31907930504916887,6799798,NC
-0.32414659258628675,6799799,NC
-0.3242137987156555,6799800,NC
-0.30928092329751566,6799801,NC
-0.29434796619227754,6799802,NC
-0.2844149272605214,6799803,NC
-0.27948180636299746,6799804,NC
-0.2845486033606266,6799805,NC
-0.27461531811450035,6799806,NC
-0.2646819504858812,6799807,NC
-0.2547485003362031,6799808,NC
-0.28481496752707147,6799809,NC
-0.2998813519202638,6799810,NC
-0.30994765337772956,6799811,NC
-0.3050138717615909,6799812,NC
-0.3100800069341425,6799813,NC
-0.2901460587578522,6799814,NC
-0.3052120270953612,6799815,NC
-0.33027791180948424,6799816,NC
-0.3453437127632101,6799817,NC
-0.3504094298197016,6799818,NC
-0.33547506284229595,6799819,NC
-0.34554061169450556,6799820,NC
-0.34560607624001727,6799821,NC
-0.3656714563426936,6799822,NC
-0.37073675186657257,6799823,NC
-0.3658019626758681,6799824,NC
-0.3658670886349704,6799825,NC
-0.345932129608446,6799826,NC
-0.36099708546103826,6799827,NC
-0.36606195605766734,6799828,NC
-0.3761267412634309,6799829,NC
-0.38119144094360413,6799830,NC
-0.38625605496363996,6799831,NC
-0.3713205831891697,6799832,NC
-0.39138502548600285,6799833,NC
-0.3914493817201277,6799834,NC
-0.4015136517577116,6799835,NC
-0.39657783546510095,6799836,NC
-0.3716419327088218,6799837,NC
-0.3867059433555799,6799838,NC
-0.3917698672722614,6799839,NC
-0.4168337043259323,6799840,NC
-0.4268974543838397,6799841,NC
-0.4169611173134113,6799842,NC
-0.41202469298225625,6799843,NC
-0.3920881812581649,6799844,NC
-0.4021515820091097,6799845,NC
-0.4322148951032448,6799846,NC
-0.43227812040890645,6799847,NC
-0.427341257794614,6799848,NC
-0.4174043071290693,6799849,NC
-0.39246726828115736,6799850,NC
-0.4225301411199467,6799851,NC
-0.43259292551468925,6799852,NC
-0.4276556213348211,6799853,NC
-0.43271822844996244,6799854,NC
-0.41278074672991766,6799855,NC
-0.41784317604467647,6799856,NC
-0.4129055162644131,6799857,NC
-0.4229677672594872,6799858,NC
-0.4280299289004441,6799859,NC
-0.4280920010580149,6799860,NC
-0.39815398360311655,6799861,NC
-0.38821587640685257,6799862,NC
-0.40827767934051323,6799863,NC
-0.4083393922755753,6799864,NC
-0.41840101508370303,6799865,NC
-0.408462547636748,6799866,NC
-0.38852398980674946,6799867,NC
-0.38858534146593465,6799868,NC
-0.3936466024867191,6799869,NC
-0.3987077727417066,6799870,NC
-0.40876885210368996,6799871,NC
-0.3788298404456508,6799872,NC
-0.33889073764076005,6799873,NC
-0.3089515435623784,6799874,NC
-0.2840122580840561,6799875,NC
-0.25407288107953363,6799876,NC
-0.19413341242274162,6799877,NC
-0.08919385198780162,6799878,NC
-0.0042541996490256945,6799879,NC
0.09068554471908291,6799880,NC
0.1256253812418294,6799881,NC
0.12556531004432742,6799882,NC
0.10550533125149875,6799883,NC
0.06544544498807295,6799884,NC
0.005385651378587146,6799885,NC
-0.06467404945261403,6799886,NC
-0.11973365738137917,6799887,NC
-0.10479317228374979,6799888,NC
-0.059852594035961035,6799889,NC
0.08508807748555827,6799890,NC
0.2250288424041854,6799891,NC
0.3749697008431032,6799892,NC
0.4899106529253004,6799893,NC
0.5498516987735705,6799894,NC
0.5847928385105127,6799895,NC
0.5497340722585301,6799896,L
0.4696754001398311,6799897,NC
0.3646168222764278,6799898,NC
0.2395583387901365,6799899,NC
0.1294999498025772,6799900,NC
0.03444165543517342,6799901,NC
-0.08561654419084815,6799902,NC
-0.18567464895445784,6799903,NC
-0.3107326587348232,6799904,NC
-0.4407905734113092,6799905,NC
-0.5558483928634788,6799906,NC
-0.6159061169710927,6799907,NC
-0.6509637456141104,6799908,NC
-0.6560212786726894,6799909,NC
-0.6510787160271863,6799910,NC
-0.6361360575581564,6799911,NC
-0.6111933031463546,6799912,NC
-0.586250452672735,6799913,NC
-0.5613075060184518,6799914,NC
-0.516364463064859,6799915,NC
-0.4814213236935108,6799916,NC
-0.4714780877861623,6799917,NC
-0.4815347552247689,6799918,NC
-0.4865913258914872,6799919,NC
-0.48164779966867494,6799920,NC
-0.46670417643889156,6799921,NC
-0.446760456084898,6799922,NC
-0.46181663848965726,6799923,NC
-0.4818727235363346,6799924,NC
-0.4869287111082978,6799925,NC
-0.46698460108911705,6799926,NC
-0.452040393362566,6799927,NC
-0.4420960878126209,6799928,NC
-0.44215168432346186,6799929,NC
-0.44220718277947246,6799930,NC
-0.4522625830652402,6799931,NC
-0.44731788506555686,6799932,NC
-0.42737308866541845,6799933,NC
-0.40742819375002576,6799934,NC
-0.41748320020478435,6799935,NC
-0.432538107915305,6799936,NC
-0.43259291676740363,6799937,NC
-0.42264762664710176,6799938,NC
-0.417702237440627,6799939,NC
-0.4027567490344128,6799940,NC
-0.3978111613150989,6799941,NC
-0.4128654741695317,6799942,NC
-0.3929196874847642,6799943,NC
-0.3879738011480565,6799944,NC
-0.373027815046876,6799945,NC
-0.35808172906889724,6799946,NC
-0.3581355431020028,6799947,NC
-0.35818925703428317,6799948,NC
-0.3582428707540369,6799949,NC
-0.3482963841497708,6799950,NC
-0.33334979711020074,6799951,NC
-0.313403109524251,6799952,NC
-0.3084563212810551,6799953,NC
-0.32350943226995604,6799954,NC
-0.3085624423805061,6799955,NC
-0.30861535150246766,6799956,NC
-0.2736681595258128,6799957,NC
-0.2587208663407241,6799958,NC
-0.2487734718375944,6799959,NC
-0.25382597590702743,6799960,NC
-0.24387837843983767,6799961,NC
-0.22893067932705088,6799962,NC
-0.20398287845990404,6799963,NC
-0.17903497572984595,6799964,NC
-0.15908697102853703,6799965,NC
-0.16913886424784996,6799966,NC
-0.17419065527986954,6799967,NC
-0.14424234401689318,6799968,NC
-0.1092939303514309,6799969,NC
-0.08934541417620581,6799970,NC
-0.07439679538415406,6799971,NC
-0.07444807386842525,6799972,NC
-0.07449924952238268,6799973,NC
-0.05455032223960341,6799974,NC
-0.034601291913878576,6799975,NC
-0.01965215843921366,6799976,NC
-0.00970292170982847,6799977,NC
-0.009753581620157797,6799978,NC
-0.014804138064851091,6799979,NC
-0.004854590938773197,6799980,NC
0.005095059862995757,6799981,NC
0.04504481444516003,6799982,NC
0.05499467291220804,6799983,NC
0.04494463536841216,6799984,NC
0.04989470191782865,6799985,NC
0.03984487266429713,6799986,NC
0.059795147711440545,6799987,NC
0.08974552716266512,6799988,NC
0.06969601112115976,6799989,NC
0.05464659968989615,6799990,NC
0.024597292971628396,6799991,NC
0.004548091068892847,6799992,NC
0.009498994084007825,6799993,NC
-0.005549997880926333,6799994,NC
-0.04059888472402796,6799995,NC
-0.07564766634363371,6799996,NC
-0.11569634263829928,6799997,NC
-0.13074491350679934,6799998,NC
-0.13079337884812772,6799999,NC
-0.1608417385614978,6800000,NC
-0.18088999254634264,6800001,NC
-0.21093814070231498,6800002,NC
-0.23598618292928786,6800003,NC
-0.25103411912735446,6800004,NC
-0.2460819491968285,6800005,NC
-0.2511296730382444,6800006,NC
-0.27117729055235756,6800007,NC
-0.28622480164014436,6800008,NC
-0.3062722062028027,6800009,NC
-0.3113195041417517,6800010,NC
-0.3113666953586325,6800011,NC
-0.3014137797553079,6800012,NC
-0.3114607572338632,6800013,NC
-0.3365076276966057,6800014,NC
-0.3865543910460655,6800015,NC
-0.3616010471849952,6800016,NC
-0.3416475960163706,6800017,NC
-0.33169403744339054,6800018,NC
-0.3417403713694771,6800019,NC
-0.35678659769827625,6800020,NC
-0.3718327163336572,6800021,NC
-0.36687872717971365,6800022,NC
-0.36692463014076304,6800023,NC
-0.35697042512134747,6800024,NC
-0.34701611202623334,6800025,NC
-0.3620616907604121,6800026,NC
-0.38710716122909977,6800027,NC
-0.37715252333773785,6800028,NC
-0.3621977769919929,6800029,NC
-0.3572429220977573,6800030,NC
-0.3422879585611489,6800031,NC
-0.36733288628851174,6800032,NC
-0.3723777051864158,6800033,NC
-0.38242241516165737,6800034,NC
-0.3724670161212593,6800035,NC
-0.35251150797247116,6800036,NC
-0.3625558906227695,6800037,NC
-0.38760016397985775,6800038,NC
-0.39264432795166676,6800039,NC
-0.39268838244635484,6800040,NC
-0.36773232737230793,6800041,NC
-0.34277616263814,6800042,NC
-0.34781988815269277,6800043,NC
-0.3678635038250364,6800044,NC
-0.3729070095644693,6800045,NC
-0.37295040528051876,6800046,NC
-0.36799369088294065,6800047,NC
-0.34803686628171987,6800048,NC
-0.35807993138707056,6800049,NC
-0.3631228861094362,6800050,NC
-0.3731657303594898,6800051,NC
-0.373208464048134,6800052,NC
-0.3632510870865016,6800053,NC
-0.3532935993859552,6800054,NC
-0.3583360008580881,6800055,NC
-0.3783782914147236,6800056,NC
-0.388420470967916,6800057,NC
-0.3834625394299503,6800058,NC
-0.36350449671334256,6800059,NC
-0.35854634273083996,6800060,NC
-0.35858807739542126,6800061,NC
-0.36862970062029654,6800062,NC
-0.3836712123189078,6800063,NC
-0.3937126124049288,6800064,NC
-0.3787539007922656,6800065,NC
-0.35379507739505645,6800066,NC
-0.37883614212767214,6800067,NC
-0.388877094904716,6800068,NC
-0.398917935641024,6800069,NC
-0.3989586642516656,6800070,NC
-0.38899928065194306,6800071,NC
-0.35903978475739196,6800072,NC
-0.36408017648378166,6800073,NC
-0.38412045574711506,6800074,NC
-0.3841606224636288,6800075,NC
-0.38420067654979395,6800076,NC
-0.37424061792231544,6800077,NC
-0.3592804464981327,6800078,NC
-0.3793201621944198,6800079,NC
-0.3893597649285855,6800080,NC
-0.39939925461827347,6800081,NC
-0.3944386311813625,6800082,NC
-0.37447789453596664,6800083,NC
-0.3695170446004352,6800084,NC
-0.3745560812933533,6800085,NC
-0.3895950045335418,6800086,NC
-0.4046338142400572,6800087,NC
-0.39967251033219253,6800088,NC
-0.39471109272947685,6800089,NC
-0.3797495613516756,6800090,NC
-0.379787916118791,6800091,NC
-0.38982615695106193,6800092,NC
-0.4098642837689642,6800093,NC
-0.4149022964932108,6800094,NC
-0.38494019504475185,6800095,NC
-0.37997797934477506,6800096,NC
-0.37001564931470554,6800097,NC
-0.3800532048762064,6800098,NC
-0.37009064595117847,6800099,NC
-0.37012797246176077,6800100,NC
-0.34516518433033044,6800101,NC
-0.33520228147950326,6800102,NC
-0.34023926383213315,6800103,NC
-0.3552761313113133,6800104,NC
-0.36031288384037546,6800105,NC
-0.34034952134289037,6800106,NC
-0.3353860437426683,6800107,NC
-0.32042245096375843,6800108,NC
-0.3004587429304498,6800109,NC
-0.3154949195672711,6800110,NC
-0.3305309807989907,6800111,NC
-0.32556692655061703,6800112,NC
-0.3106027567473988,6800113,NC
-0.31063847131482475,6800114,NC
-0.31567407017862437,6800115,NC
-0.3357095532647677,6800116,NC
-0.3557449204994652,6800117,NC
-0.3507801718091688,6800118,NC
-0.34581530712057107,6800119,NC
-0.3458503263606061,6800120,NC
-0.34588522945644906,6800121,NC
-0.37092001633551697,6800122,NC
-0.3909546869254683,6800123,NC
-0.3909892411542034,6800124,NC
-0.38602367894986467,6800125,NC
-0.39105800024083665,6800126,NC
-0.4110922049557459,6800127,NC
-0.42112629302346183,6800128,NC
-0.42616026437309606,6800129,NC
-0.43119411893400317,6800130,NC
-0.42122785663578044,6800131,NC
-0.4062614774082683,6800132,NC
-0.4162949811815503,6800133,NC
-0.43632836788595325,6800134,NC
-0.4563616374520474,6800135,NC
-0.4613947898106467,6800136,NC
-0.4414278248928087,6800137,NC
-0.41646074262983496,6800138,NC
-0.42149354295327107,6800139,NC
-0.43652622579490674,6800140,NC
-0.4615587910867759,6800141,NC
-0.47159123876115705,6800142,NC
-0.4666235687505733,6800143,NC
-0.4366557809877924,6800144,NC
-0.44168787540582705,6800145,NC
-0.46671985193793486,6800146,NC
-0.47175171051761877,6800147,NC
-0.46678345107862684,6800148,NC
-0.4668150735549527,6800149,NC
-0.44184657788083537,6800150,NC
-0.4468779639907597,6800151,NC
-0.46690923181945626,6800152,NC
-0.48194038130190175,6800153,NC
-0.47197141237331897,6800154,NC
-0.46700232496917676,6800155,NC
-0.4570331190251906,6800156,NC
-0.4470637944773223,6800157,NC
-0.46709435126178034,6800158,NC
-0.46712478931502005,6800159,NC
-0.4821551085737436,6800160,NC
-0.4721853089749002,6800161,NC
-0.4472153904556863,6800162,NC
-0.4522453529535456,6800163,NC
-0.4672751964061692,6800164,NC
-0.462304920751496,6800165,NC
-0.46233452592771207,6800166,NC
-0.43736401187325186,6800167,NC
-0.42739337852679743,6800168,NC
-0.4324226258272791,6800169,NC
-0.44245175371387513,6800170,NC
-0.4424807621260125,6800171,NC
-0.4325096510033663,6800172,NC
-0.4075384202858604,6800173,NC
-0.3675670699136673,6800174,NC
-0.3575955998272083,6800175,NC
-0.3376240099671537,6800176,NC
-0.31765230027442287,6800177,NC
-0.2476804706901843,6800178,NC
-0.16770852115585602,6800179,NC
-0.08773645161310525,6800180,NC
-0.02776426200384894,6800181,NC
-0.007791952270253671,6800182,NC
-0.007819522354735785,6800183,NC
-0.02284697219996166,6800184,NC
-0.06787430174884757,6800185,NC
-0.14790151094456006,6800186,NC
-0.24792859973051598,6800187,NC
-0.2929555680503825,6800188,NC
-0.2779824158480773,6800189,NC
-0.15800914306776886,6800190,NC
-0.03803574965387614,6800191,NC
0.1269377644489308,6800192,NC
0.2619113992957311,6800193,NC
0.36688515494135265,6800194,NC
0.42685903144037224,6800195,NC
0.4368330288471153,6800196,L
0.3868071472156558,6800197,NC
0.28178138659981616,6800198,NC
0.14175574705316724,6800199,NC
0.016730228629027927,6800200,NC
-0.09329516861953449,6800201,NC
-0.20332044463970492,6800202,NC
-0.30834559937892037,6800203,NC
-0.43337063278487,6800204,NC
-0.5633955448054953,6800205,NC
-0.66842033538899,6800206,NC
-0.718445004483801,6800207,NC
-0.743469552038627,6800208,NC
-0.73849397800242,6800209,NC
-0.6935182823243845,6800210,NC
-0.6435424649539785,6800211,NC
-0.6135665258409126,6800212,NC
-0.5885904649351507,6800213,NC
-0.5436142821869098,6800214,NC
-0.5286379775466608,6800215,NC
-0.5036615509651274,6800216,NC
-0.5036850023932875,6800217,NC
-0.5087083317823723,6800218,NC
-0.5087315390838669,6800219,NC
-0.5237546242495102,6800220,NC
-0.5187775872312954,6800221,NC
-0.4888004279814693,6800222,NC
-0.4738231464525333,6800223,NC
-0.503845742597243,6800224,NC
-0.49886821636860823,6800225,NC
-0.4988905677198934,6800226,NC
-0.4789127966046175,6800227,NC
-0.45893490297655426,6800228,NC
-0.458956886789732,6800229,NC
-0.4789787479984341,6800230,NC
-0.47400048655719884,6800231,NC
-0.46902210242081954,6800232,NC
-0.45404359554434476,6800233,NC
-0.4340649658830781,6800234,NC
-0.43408621339257863,6800235,NC
-0.43910733802866087,6800236,NC
-0.4541283397473949,6800237,NC
-0.4341492185051063,6800238,NC
-0.43416997425837645,6800239,NC
-0.41419060696404236,6800240,NC
-0.4092111165791972,6800241,NC
-0.4142315030611899,6800242,NC
-0.4042517663676255,6800243,NC
-0.39427190645636523,6800244,NC
-0.3742919232855265,6800245,NC
-0.3443118168134831,6800246,NC
-0.34933158699886524,6800247,NC
-0.35935123380055967,6800248,NC
-0.34937075717770943,6800249,NC
-0.3443901570897147,6800250,NC
-0.31440943349623207,6800251,NC
-0.28442858635717505,6800252,NC
-0.30444761563271405,6800253,NC
-0.30446652128327656,6800254,NC
-0.28948530326954713,6800255,NC
-0.27450396155246753,6800256,NC
-0.24452249609323662,6800257,NC
-0.20954090685331067,6800258,NC
-0.1945591937944034,6800259,NC
-0.19457735687848599,6800260,NC
-0.1845953960677872,6800261,NC
-0.1746133113247934,6800262,NC
-0.13463110261224875,6800263,NC
-0.09964876989315513,6800264,NC
-0.08966631313077236,6800265,NC
-0.09468373228861823,6800266,NC
-0.09970102733046846,6800267,NC
-0.08471819822035699,6800268,NC
-0.054735244922575886,6800269,NC
-0.029752167401675488,6800270,NC
-0.004768965622464448,6800271,NC
-0.00978563955000987,6800272,NC
-0.024802189149637235,6800273,NC
-0.009818614386930664,6800274,NC
0.010165084772267116,6800275,NC
0.03514890836185474,6800276,NC
0.05013285641547205,6800277,NC
0.03511692896650004,6800278,NC
0.025101126048060834,6800279,NC
0.03508544769301755,6800280,NC
0.050069893933974305,6800281,NC
0.060054464803276086,6800282,NC
0.050039160333008766,6800283,NC
0.035023980554998904,6800284,NC
8.925500813772302e-06,6800285,NC
-0.020006004798238705,6800286,NC
-0.030020810311110056,6800287,NC
-0.035035491007011296,6800288,NC
-0.07505004685541306,6800289,NC
-0.11506447782604551,6800290,NC
-0.14507878388889855,6800291,NC
-0.17509296501422186,6800292,NC
-0.18010702117252492,6800293,NC
-0.1951209523345771,6800294,NC
-0.21013475847140767,6800295,NC
-0.25514843955430594,6800296,NC
-0.27516199555482124,6800297,NC
-0.29517542644476297,6800298,NC
-0.2901887321962009,6800299,NC
-0.2952019127814648,6800300,NC
-0.31521496817314487,6800301,NC
-0.35022789834409157,6800302,NC
-0.36024070326741586,6800303,NC
-0.38025338291648914,6800304,NC
-0.3702659372649433,6800305,NC
-0.3602783662866707,6800306,NC
-0.3802906699558245,6800307,NC
-0.3803028482468185,6800308,NC
-0.3953149011343271,6800309,NC
-0.39532682859328566,6800310,NC
-0.3803386305988902,6800311,NC
-0.37535030712659784,6800312,NC
-0.39036185815212643,6800313,NC
-0.4053732836514549,6800314,NC
-0.41538458360082336,6800315,NC
-0.41539575797673267,6800316,NC
-0.4104068067559452,6800317,NC
-0.40041772991548424,6800318,NC
-0.4004285274326344,6800319,NC
-0.41543919928494155,6800320,NC
-0.4204497454502131,6800321,NC
-0.4254601659065174,6800322,NC
-0.4104704606321846,6800323,NC
-0.4004806296058063,6800324,NC
-0.4054906728062352,6800325,NC
-0.4255005902125861,6800326,NC
-0.4405103818042351,6800327,NC
-0.44552004756081987,6800328,NC
-0.4155295874622399,6800329,NC
-0.41553900148865647,6800330,NC
-0.4255482896204925,6800331,NC
-0.4405574518384327,6800332,NC
-0.44556648812342375,6800333,NC
-0.44557539845667404,6800334,NC
-0.43558418281965405,6800335,NC
-0.4155928411940961,6800336,NC
-0.4256013735619947,6800337,NC
-0.4306097799056061,6800338,NC
-0.4406180602074489,6800339,NC
-0.4406262144503037,6800340,NC
-0.4356342426172132,6800341,NC
-0.4256421446914823,6800342,NC
-0.4206499206566782,6800343,NC
-0.4306575704966304,6800344,NC
-0.45566509419543044,6800345,NC
-0.45567249173743235,6800346,NC
-0.44567976310725255,6800347,NC
-0.4306869082897697,6800348,NC
-0.435693927270125,6800349,NC
-0.4507008200337221,6800350,NC
-0.46570758656622696,6800351,NC
-0.4507142268535682,6800352,NC
-0.43572074088193696,6800353,NC
-0.4307271286377869,6800354,NC
-0.4307333901078343,6800355,NC
-0.4457395252790581,6800356,NC
-0.4457455341386997,6800357,NC
-0.45575141667426344,6800358,NC
-0.4357571728735161,6800359,NC
-0.4257628027244874,6800360,NC
-0.4257683062154697,6800361,NC
-0.45577368333501816,6800362,NC
-0.4757789340719507,6800363,NC
-0.46078405841534814,6800364,NC
-0.445789056354554,6800365,NC
-0.4457939278791748,6800366,NC
-0.43579867297908,6800367,NC
-0.45580329164440175,6800368,NC
-0.47080778386553523,6800369,NC
-0.4758121496331388,6800370,NC
-0.4558163889381333,6800371,NC
-0.440820501771703,6800372,NC
-0.450824488125295,6800373,NC
-0.4558283479906194,6800374,NC
-0.4658320813596494,6800375,NC
-0.4758356882246211,6800376,NC
-0.46083916857803403,6800377,NC
-0.4508425224126504,6800378,NC
-0.4608457497214958,6800379,NC
-0.4658488504978588,6800380,NC
-0.4758518247352911,6800381,NC
-0.48085467242760765,6800382,NC
-0.4708573935688865,6800383,NC
-0.4658599881534689,6800384,NC
-0.4758624561759592,6800385,NC
-0.47586479763122497,6800386,NC
-0.48586701251439707,6800387,NC
-0.4858691008208695,6800388,NC
-0.4658710625462995,6800389,NC
-0.45087289768660754,6800390,NC
-0.45087460623797726,6800391,NC
-0.4458761881968557,6800392,NC
-0.4558776435599531,6800393,NC
-0.4558789723242429,6800394,NC
-0.4408801744869618,6800395,NC
-0.41088125004560994,6800396,NC
-0.4258821989979506,6800397,NC
-0.42088302134201033,6800398,NC
-0.44088371707607904,6800399,NC
-0.4308842861987099,6800400,NC
-0.4108847287087194,6800401,NC
-0.3958850446051873,6800402,NC
-0.38588523388745666,6800403,NC
-0.4008852965551339,6800404,NC
-0.39588523260808867,6800405,NC
-0.3958850420464539,6800406,NC
-0.38088472487062597,6800407,NC
-0.39088428108126444,6800408,NC
-0.3908837106792922,6800409,NC
-0.4008830136658954,6800410,NC
-0.4208821900425235,6800411,NC
-0.4258812398108893,6800412,NC
-0.42088016297296893,6800413,NC
-0.4208789595310017,6800414,NC
-0.41587762948749024,6800415,NC
-0.4458761728452004,6800416,NC
-0.4608745896071615,6800417,NC
-0.4708728797766658,6800418,NC
-0.4808710433572691,6800419,NC
-0.4608690803527904,6800420,NC
-0.4608669907673118,6800421,NC
-0.47086477460517867,6800422,NC
-0.48586243187099976,6800423,NC
-0.5108599625696469,6800424,NC
-0.48585736670625523,6800425,NC
-0.4808546442862229,6800426,NC
-0.49585179531521134,6800427,NC
-0.5108488197991452,6800428,NC
-0.5208457177442123,6800429,NC
-0.5508424891568635,6800430,NC
-0.5258391340438129,6800431,NC
-0.5308356524120375,6800432,NC
-0.5108320442687777,6800433,NC
-0.5258283096215369,6800434,NC
-0.5308244484780814,6800435,NC
-0.5458204608464409,6800436,NC
-0.5258163467349076,6800437,NC
-0.5108121061520373,6800438,NC
-0.5258077391066486,6800439,NC
-0.5308032456078227,6800440,NC
-0.5407986256649044,6800441,NC
-0.5457938792875012,6800442,NC
-0.5407890064854832,6800443,NC
-0.5257840072689841,6800444,NC
-0.5207788816483996,6800445,NC
-0.535773629634389,6800446,NC
-0.5457682512378743,6800447,NC
-0.54076274647004,6800448,NC
-0.5357571153423337,6800449,NC
-0.5257513578664657,6800450,NC
-0.525745474054409,6800451,NC
-0.5407394639183991,6800452,NC
-0.5757333274709349,6800453,NC
-0.5507270647247773,6800454,NC
-0.5457206756929499,6800455,NC
-0.5407141603887393,6800456,NC
-0.5307075188256946,6800457,NC
-0.5507007510176269,6800458,NC
-0.5556938569786107,6800459,NC
-0.5456868367229825,6800460,NC
-0.5406796902653411,6800461,NC
-0.5356724176205483,6800462,NC
-0.5456650188037278,6800463,NC
-0.545657493830266,6800464,NC
-0.5456498427158115,6800465,NC
-0.5456420654762753,6800466,NC
-0.5206341621278306,6800467,NC
-0.510626132686913,6800468,NC
-0.5056179771702202,6800469,NC
-0.5056096955947119,6800470,NC
-0.4956012879776104,6800471,NC
-0.4755927543363997,6800472,NC
-0.42558409468882613,6800473,NC
-0.36557530905289787,6800474,NC
-0.2955663974468853,6800475,NC
-0.22055735988932054,6800476,NC
-0.17054819639899782,6800477,NC
-0.13053890699497314,6800478,NC
-0.11552949169656443,6800479,NC
-0.14551995052335134,6800480,NC
-0.20051028349517536,6800481,NC
-0.31550049063213964,6800482,NC
-0.45549057195460907,6800483,NC
-0.5654805274832102,6800484,NC
-0.600470357238831,6800485,NC
-0.5404600612426211,6800486,NC
-0.44544963951599187,6800487,NC
-0.35043909208061574,6800488,NC
-0.22542841895842688,6800489,NC
-0.12541762017162061,6800490,NC
-0.050406695742653704,6800491,NC
-0.00039564569424418994,6800492,NC
