channel_0,sample #,type
0.15149418291118377,6775677,NC
0.08643847707335513,6775678,NC
-0.03861722926843203,6775679,NC
-0.15367293609466143,6775680,NC
-0.27372864338581665,6775681,NC
-0.35378435112238105,6775682,NC
-0.423840059284838,6775683,NC
-0.5188957678536705,6775684,NC
-0.6189514768093617,6775685,NC
-0.6790071861323942,6775686,NC
-0.7190628958032508,6775687,NC
-0.7541186058024141,6775688,NC
-0.7491743161103664,6775689,L
-0.7542300267075903,6775690,NC
-0.7592857375745681,6775691,NC
-0.7493414486917817,6775692,NC
-0.6943971600397131,6775693,NC
-0.6394528715988447,6775694,NC
-0.5995085833496582,6775695,NC
-0.5745642952726353,6775696,NC
-0.579620007348258,6775697,NC
-0.5796757195570079,6775698,NC
-0.5697314318793669,6775699,NC
-0.5447871442958165,6775700,NC
-0.5148428567868383,6775701,NC
-0.5148985693329139,6775702,NC
-0.5349542819145249,6775703,NC
-0.5500099945121528,6775704,NC
-0.5400657071062793,6775705,NC
-0.5201214196773858,6775706,NC
-0.4951771322059539,6775707,NC
-0.4902328446724652,6775708,NC
-0.5102885570574014,6775709,NC
-0.515344269341244,6775710,NC
-0.5153999815044746,6775711,NC
-0.5104556935275751,6775712,NC
-0.4905114053910271,6775713,NC
-0.5055671170753124,6775714,NC
-0.5106228285609131,6775715,NC
-0.5006785398283109,6775716,NC
-0.4907342508579879,6775717,NC
-0.4807899616304262,6775718,NC
-0.48084567212610807,6775719,NC
-0.47590138232551565,6775720,NC
-0.4909570922091315,6775721,NC
-0.48601280175743794,6775722,NC
-0.47106851095091773,6775723,NC
-0.45612421977005363,6775724,NC
-0.4361799281953284,6775725,NC
-0.43623563620722516,6775726,NC
-0.44129134378622703,6775727,NC
-0.4363470509128173,6775728,NC
-0.41640275756747946,6775729,NC
-0.40145846373069716,6775730,NC
-0.39651416938295425,6775731,NC
-0.39656987450473463,6775732,NC
-0.3966255790765225,6775733,NC
-0.40168128307880224,6775734,NC
-0.3817369864920584,6775735,NC
-0.35679268929677577,6775736,NC
-0.33184839147343936,6775737,NC
-0.3369040930025343,6775738,NC
-0.32695979386454604,6775739,NC
-0.3270154940399603,6775740,NC
-0.30707119350926293,6775741,NC
-0.25712689225294016,6775742,NC
-0.22218259025147832,6775743,NC
-0.23223828748536413,6775744,NC
-0.22229398393508445,6775745,NC
-0.21234967958112658,6775746,NC
-0.19240537440397792,6775747,NC
-0.16246106838412636,6775748,NC
-0.15251676150205992,6775749,NC
-0.142572453738267,6775750,NC
-0.1226281450732362,6775751,NC
-0.13268383548745666,6775752,NC
-0.1027395249614176,6775753,NC
-0.08279521347560871,6775754,NC
-0.057850901010519956,6775755,NC
-0.03290658754664173,6775756,NC
-0.0229622730644647,6775757,NC
-0.033017957544479885,6775758,NC
-0.0130736409671787,6775759,NC
0.0018706766869470847,6775760,NC
-0.008185004562594687,6775761,NC
-0.01324068469629655,6775762,NC
-0.05329636369465139,6775763,NC
-0.08835204153815263,6775764,NC
-0.11840771820729393,6775765,NC
-0.12846339368256943,6775766,NC
-0.15351906794447373,6775767,NC
-0.19357474097350177,6775768,NC
-0.248630412750149,6775769,NC
-0.28868608325491124,6775770,NC
-0.29874175246828477,6775771,NC
-0.29379742037076645,6775772,NC
-0.2938530869428534,6775773,NC
-0.3189087521650434,6775774,NC
-0.3539644160178344,6775775,NC
-0.36402007848172524,6775776,NC
-0.37907573953721496,6775777,NC
-0.38413139916480316,6775778,NC
-0.3741870573449899,6775779,NC
-0.38924271405827593,6775780,NC
-0.40429836928516233,6775781,NC
-0.41435402300615065,6775782,NC
-0.4044096752017432,6775783,NC
-0.39946532585244265,6775784,NC
-0.38452097493875226,6775785,NC
-0.40457662244117587,6775786,NC
-0.41963226834021766,6775787,NC
-0.4396879126163828,6775788,NC
-0.44474355525017667,6775789,NC
-0.4297991962221053,6775790,NC
-0.4398548355126754,6775791,NC
-0.4399104731023942,6775792,NC
-0.44496610897176947,6775793,NC
-0.4400217431013097,6775794,NC
-0.45507737547152394,6775795,NC
-0.4551330060629218,6775796,NC
-0.4451886348560136,6775797,NC
-0.44024426183131027,6775798,NC
-0.4452998869693233,6775799,NC
-0.435355510250565,6775800,NC
-0.4304111316555481,6775801,NC
-0.43046675116478617,6775802,NC
-0.44052236875879336,6775803,NC
-0.4305779844180844,6775804,NC
-0.440633598123175,6775805,NC
-0.4556892098545813,6775806,NC
-0.4407448195928201,6775807,NC
-0.420800427318409,6775808,NC
-0.42585603301186636,6775809,NC
-0.43591163665371124,6775810,NC
-0.4509672382244633,6775811,NC
-0.45102283770464285,6775812,NC
-0.41607843507477127,6775813,NC
-0.41613403031537044,6775814,NC
-0.40118962340696307,6775815,NC
-0.40624521433007243,6775816,NC
-0.42130080306522283,6775817,NC
-0.43135638959293915,6775818,NC
-0.4164119738937472,6775819,NC
-0.4114675559481734,6775820,NC
-0.40652313573674503,6775821,NC
-0.4165787132399902,6775822,NC
-0.42163428843843787,6775823,NC
-0.4216898613126176,6775824,NC
-0.42174543184306,6775825,NC
-0.3968010000102964,6775826,NC
-0.3868565657948588,6775827,NC
-0.3769121291772803,6775828,NC
-0.39196769013809474,6775829,NC
-0.4070232486578368,6775830,NC
-0.412078804717042,6775831,NC
-0.4021343582962467,6775832,NC
-0.38218990937598823,6775833,NC
-0.3822454579368047,6775834,NC
-0.3673010039592351,6775835,NC
-0.35235654742381933,6775836,NC
-0.3424120883110983,6775837,NC
-0.3474676266016137,6775838,NC
-0.38752316227590805,6775839,NC
-0.44257869531452493,6775840,NC
-0.48263422569800885,6775841,NC
-0.4926897534069052,6775842,NC
-0.4677452784217603,6775843,NC
-0.4478008007231213,6775844,NC
-0.4078563202915366,6775845,NC
-0.4079118371075553,6775846,NC
-0.40796735115172755,6775847,NC
-0.4280228624046044,6775848,NC
-0.42807837084673805,6775849,NC
-0.4081338764586816,6775850,NC
-0.403189379220989,6775851,NC
-0.3882448791142154,6775852,NC
-0.3933003761189168,6775853,NC
-0.39835587021565033,6775854,NC
-0.3884113613849741,6775855,NC
-0.37346684960744725,6775856,NC
-0.37352233486362996,6775857,NC
-0.3635778171340833,6775858,NC
-0.3886332963993698,6775859,NC
-0.3886887726400524,6775860,NC
-0.3587442458366957,6775861,NC
-0.318799715969865,6775862,NC
-0.2938551830201269,6775863,NC
-0.288910646968049,6775864,NC
-0.2839661077941999,6775865,NC
-0.29902156547914926,6775866,NC
-0.32407702000346816,6775867,NC
-0.34413247134772845,6775868,NC
-0.3141879194925031,6775869,NC
-0.2892433644183665,6775870,NC
-0.2792988061058939,6775871,NC
-0.2693542445356618,6775872,NC
-0.2744096796882478,6775873,NC
-0.2694651115442306,6775874,NC
-0.26952054008419013,6775875,NC
-0.2745759652887075,6775876,NC
-0.27963138713836494,6775877,NC
-0.27968680561374576,6775878,NC
-0.27474222069543475,6775879,NC
-0.26979763236401755,6775880,NC
-0.2648530406000812,6775881,NC
-0.28490844538421384,6775882,NC
-0.29496384669700487,6775883,NC
-0.305019244519045,6775884,NC
-0.285074638830926,6775885,NC
-0.27013002961324084,6775886,NC
-0.23518541684658392,6775887,NC
-0.23524080051155077,6775888,NC
-0.2302961805887382,6775889,NC
-0.2553515570587442,6775890,NC
-0.26540692990216813,6775891,NC
-0.29046229909961063,6775892,NC
-0.2855176646316734,6775893,NC
-0.28557302647895966,6775894,NC
-0.2806283846220739,6775895,NC
-0.28068373904162186,6775896,NC
-0.2707390897182105,6775897,NC
-0.26579443663244817,6775898,NC
-0.2758497797649446,6775899,NC
-0.3009051190963108,6775900,NC
-0.33096045460715906,6775901,NC
-0.35601578627810293,6775902,NC
-0.3610711140897576,6775903,NC
-0.3461264380227394,6775904,NC
-0.3161817580576659,6775905,NC
-0.2962370741751564,6775906,NC
-0.2862923863558312,6775907,NC
-0.30134769458031213,6775908,NC
-0.2964029988292225,6775909,NC
-0.29145829908318693,6775910,NC
-0.29651359532283134,6775911,NC
-0.3065688875287832,6775912,NC
-0.3166241756816714,6775913,NC
-0.33167945976212615,6775914,NC
-0.32173473975077915,6775915,NC
-0.3067900156282634,6775916,NC
-0.29184528737521365,6775917,NC
-0.3069005549722657,6775918,NC
-0.31195581840005715,6775919,NC
-0.3070110776392269,6775920,NC
-0.3020663326704153,6775921,NC
-0.28712158347426425,6775922,NC
-0.28717683003141703,6775923,NC
-0.28723207232251846,6775924,NC
-0.30728731032821494,6775925,NC
-0.3223425440291542,6775926,NC
-0.3023977734059856,6775927,NC
-0.2774529984393601,6775928,NC
-0.2625082191099299,6775929,NC
-0.28756343539834905,6775930,NC
-0.2926186472852728,6775931,NC
-0.3276738547513583,6775932,NC
-0.32272905777726396,6775933,NC
-0.2877842563436499,6775934,NC
-0.2578394504311778,6775935,NC
-0.25789464002051077,6775936,NC
-0.2729498250923137,6775937,NC
-0.31300500562725286,6775938,NC
-0.3180601816059963,6775939,NC
-0.29311535300921354,6775940,NC
-0.2631705198175757,6775941,NC
-0.25322568201175555,6775942,NC
-0.24828083957242753,6775943,NC
-0.24333599248026766,6775944,NC
-0.2133911407159535,6775945,NC
-0.17344628426016434,6775946,NC
-0.10350142309358112,6775947,NC
-0.028556557196886413,6775948,NC
0.011388313449235575,6775949,NC
0.06633318886409895,6775950,NC
0.1162780690670162,6775951,NC
0.181222954077298,6775952,NC
0.24116784391425344,6775953,NC
0.25611273859718997,6775954,NC
0.22605763814541321,6775955,NC
0.15100254257822723,6775956,NC
0.07094745191493426,6775957,NC
0.015892366174834867,6775958,NC
-0.004162714622772158,6775959,NC
0.010782209541410315,6775960,NC
0.030727138686677643,6775961,NC
0.10067207283232346,6775962,NC
0.1756170119976396,6775963,NC
0.26056195620191624,6775964,NC
0.3605069054644416,6775965,NC
0.42045185980450234,6775966,NC
0.4553968192413832,6775967,NC
0.46534178379436725,6775968,NC
0.4202867534827357,6775969,L
0.3602317283257679,6775970,NC
0.2951767083427414,6775971,NC
0.22012169355293215,6775972,NC
0.12006668397561407,6775973,NC
0.040011679630059256,6775974,NC
-0.04004331946446189,6775975,NC
-0.10009831328868099,6775976,NC
-0.14515330182333136,6775977,NC
-0.21520828504914824,6775978,NC
-0.3152632629468687,6775979,NC
-0.40031823549723167,6775980,NC
-0.47037320268097804,6775981,NC
-0.5104281644788504,6775982,NC
-0.5104831208715934,6775983,NC
-0.4905380718399536,6775984,NC
-0.47059301736467934,6775985,NC
-0.46064795742652087,6775986,NC
-0.41570289200623045,6775987,NC
-0.37575782108456207,6775988,NC
-0.35081274464227197,6775989,NC
-0.34086766266011803,6775990,NC
-0.3459225751188602,6775991,NC
-0.3409774819992603,6775992,NC
-0.3460323832820823,6775993,NC
-0.33608727894809187,6775994,NC
-0.3261421689780568,6775995,NC
-0.34619705335274686,6775996,NC
-0.38125193205293373,6775997,NC
-0.39630680505939114,6775998,NC
-0.3913616723528947,6775999,NC
-0.3664165339142222,6776000,NC
-0.35147138972415337,6776001,NC
-0.34652623976346986,6776002,NC
-0.35158108401295546,6776003,NC
-0.3416359224533959,6776004,NC
-0.336690755065579,6776005,NC
-0.3167455818302946,6776006,NC
-0.32680040272833466,6776007,NC
-0.3218552177404931,6776008,NC
-0.3419100268475659,6776009,NC
-0.36696483003035113,6776010,NC
-0.36201962726964904,6776011,NC
-0.33707441854626186,6776012,NC
-0.32712920384099387,6776013,NC
-0.32718398313465147,6776014,NC
-0.32723875640804323,6776015,NC
-0.3272935236419798,6776016,NC
-0.3273482848172739,6776017,NC
-0.3074030399147405,6776018,NC
-0.3024577889151965,6776019,NC
-0.28251253179946106,6776020,NC
-0.2925672685483555,6776021,NC
-0.26762199914270324,6776022,NC
-0.2476767235633299,6776023,NC
-0.2277314417910631,6776024,NC
-0.22278615380673294,6776025,NC
-0.23784085959117146,6776026,NC
-0.2578955591252129,6776027,NC
-0.2629502523896938,6776028,NC
-0.2630049393654527,6776029,NC
-0.2680596200333306,6776030,NC
-0.2431142943741706,6776031,NC
-0.2281689623688178,6776032,NC
-0.22322362399811996,6776033,NC
-0.20827827924292674,6776034,NC
-0.19833292808409012,6776035,NC
-0.16838757050246433,6776036,NC
-0.1584422064789059,6776037,NC
-0.16349683599427345,6776038,NC
-0.1735514590294281,6776039,NC
-0.15860607556523304,6776040,NC
-0.1286606855825539,6776041,NC
-0.11371528906225847,6776042,NC
-0.09876988598521688,6776043,NC
-0.09382447633230157,6776044,NC
-0.11387906008438722,6776045,NC
-0.08393363722235092,6776046,NC
-0.06898820772707198,6776047,NC
-0.03404277157943209,6776048,NC
-0.019097328760315224,6776049,NC
-0.004151879250607806,6776050,NC
0.010793576968801524,6776051,NC
0.030739039917021725,6776052,NC
0.0656845096131594,6776053,NC
0.10062998607631876,6776054,NC
0.1305754693256017,6776055,NC
0.12052095938010782,6776056,NC
0.125466456258934,6776057,NC
0.1304119599811751,6776058,NC
0.13035747056592342,6776059,NC
0.15030298803226888,6776060,NC
0.1552485123992989,6776061,NC
0.15019404368609873,6776062,NC
0.11513958191175089,6776063,NC
0.11508512709533565,6776064,NC
0.10003067925593084,6776065,NC
0.06997623841261176,6776066,NC
0.06492180458445133,6776067,NC
0.034867377790519974,6776068,NC
0.004812958049885692,6776069,NC
-0.025241454618386033,6776070,NC
-0.05029586019523216,6776071,NC
-0.05535025866159217,6776072,NC
-0.06040464999840793,6776073,NC
-0.075459034186624,6776074,NC
-0.11051341120718727,6776075,NC
-0.14556778104104723,6776076,NC
-0.15562214366915586,6776077,NC
-0.17067649907246762,6776078,NC
-0.18073084723193958,6776079,NC
-0.1957851881285313,6776080,NC
-0.2108395217432049,6776081,NC
-0.21089384805692507,6776082,NC
-0.24094816705065902,6776083,NC
-0.25100247870537656,6776084,NC
-0.22605678300205,6776085,NC
-0.24111107992165437,6776086,NC
-0.23616536944516708,6776087,NC
-0.25121965155356835,6776088,NC
-0.2462739262278408,6776089,NC
-0.23132819344896985,6776090,NC
-0.22638245319794337,6776091,NC
-0.22143670545575195,6776092,NC
-0.23649095020338867,6776093,NC
-0.24154518742184944,6776094,NC
-0.24159941709213262,6776095,NC
-0.22165363919523934,6776096,NC
-0.21670785371217327,6776097,NC
-0.23176206062394092,6776098,NC
-0.22681625991155127,6776099,NC
-0.23687045155601608,6776100,NC
-0.23692463553834975,6776101,NC
-0.23197881183956934,6776102,NC
-0.22703298044069467,6776103,NC
-0.25208714132274823,6776104,NC
-0.27214129446675517,6776105,NC
-0.26719543985374333,6776106,NC
-0.24224957746474343,6776107,NC
-0.23230370728078878,6776108,NC
-0.22735782928291545,6776109,NC
-0.23741194345216224,6776110,NC
-0.26746604976957067,6776111,NC
-0.2675201482161851,6776112,NC
-0.24757423877305249,6776113,NC
-0.23262832142122272,6776114,NC
-0.21768239614174845,6776115,NC
-0.21773646291568496,6776116,NC
-0.23779052172409043,6776117,NC
-0.22284457254802584,6776118,NC
-0.22289861536855488,6776119,NC
-0.20295265016674408,6776120,NC
-0.19300667692366288,6776121,NC
-0.20306069562038334,6776122,NC
-0.2181147062379806,6776123,NC
-0.2681687087575324,6776124,NC
-0.2582227031601194,6776125,NC
-0.27327668942682515,6776126,NC
-0.283330667538736,6776127,NC
-0.27338463747694114,6776128,NC
-0.2884385992225326,6776129,NC
-0.2934925527566055,6776130,NC
-0.2935464980602575,6776131,NC
-0.2736004351145894,6776132,NC
-0.26365436390070474,6776133,NC
-0.24370828439971012,6776134,NC
-0.2537621965927149,6776135,NC
-0.27381610046083127,6776136,NC
-0.27386999598517453,6776137,NC
-0.2789238831468629,6776138,NC
-0.24897776192701743,6776139,NC
-0.2440316323067621,6776140,NC
-0.2740854942672239,6776141,NC
-0.2741393477895327,6776142,NC
-0.2691931928548214,6776143,NC
-0.25924702944422584,6776144,NC
-0.2493008575388848,6776145,NC
-0.24435467711994008,6776146,NC
-0.2644084881685363,6776147,NC
-0.2844622906658214,6776148,NC
-0.2845160845929461,6776149,NC
-0.279569869931064,6776150,NC
-0.2646236466613319,6776151,NC
-0.28467741476490965,6776152,NC
-0.28473117422296,6776153,NC
-0.28478492501664876,6776154,NC
-0.2798386671271448,6776155,NC
-0.26989240053561997,6776156,NC
-0.2599461252232493,6776157,NC
-0.2799998411712107,6776158,NC
-0.2800535483606853,6776159,NC
-0.29510724677285727,6776160,NC
-0.2951609363889137,6776161,NC
-0.28521461719004493,6776162,NC
-0.2652682891574443,6776163,NC
-0.2653219522723084,6776164,NC
-0.27037560651583675,6776165,NC
-0.28542925186923196,6776166,NC
-0.27548288831369994,6776167,NC
-0.2505365158304495,6776168,NC
-0.2505901344006927,6776169,NC
-0.24064374400564476,6776170,NC
-0.24569734462652398,6776171,NC
-0.23575093624455187,6776172,NC
-0.210804518840953,6776173,NC
-0.20585809239695518,6776174,NC
-0.19591165689378937,6776175,NC
-0.2359652123126896,6776176,NC
-0.27101875863489333,6776177,NC
-0.2910722958416409,6776178,NC
-0.25612582391417604,6776179,NC
-0.2161793428337457,6776180,NC
-0.21123285258159993,6776181,NC
-0.201286353138992,6776182,NC
-0.2213398444871785,6776183,NC
-0.22639332660741912,6776184,NC
-0.21644679948097686,6776185,NC
-0.19650026308911794,6776186,NC
-0.21655371741311183,6776187,NC
-0.2216071624342313,6776188,NC
-0.24166059813375226,6776189,NC
-0.24171402449295398,6776190,NC
-0.251767441493119,6776191,NC
-0.2518208491155331,6776192,NC
-0.23687424734148538,6776193,NC
-0.25192763615226815,6776194,NC
-0.2569810155291772,6776195,NC
-0.2620343854535113,6776196,NC
-0.267087745906573,6776197,NC
-0.2571410968696678,6776198,NC
-0.2421944383241046,6776199,NC
-0.24224777025119568,6776200,NC
-0.26730109263225665,6776201,NC
-0.29235440544860647,6776202,NC
-0.3074077086815674,6776203,NC
-0.2924610023124651,6776204,NC
-0.2725142863226286,6776205,NC
-0.2875675606933903,6776206,NC
-0.30262082540608604,6776207,NC
-0.31767408044205475,6776208,NC
-0.3277273257826392,6776209,NC
-0.32278056140918526,6776210,NC
-0.2928337873030422,6776211,NC
-0.28788700344556284,6776212,NC
-0.3079402098181033,6776213,NC
-0.30299340640202327,6776214,NC
-0.31804659317868555,6776215,NC
-0.31309977012945683,6776216,NC
-0.3131529372357069,6776217,NC
-0.3082060944788092,6776218,NC
-0.33825924184014033,6776219,NC
-0.3483123793010807,6776220,NC
-0.34336550684301403,6776221,NC
-0.3284186244473275,6776222,NC
-0.3034717320954119,6776223,NC
-0.30352482976866124,6776224,NC
-0.32857791744847326,6776225,NC
-0.3486309951162492,6776226,NC
-0.3636840627533936,6776227,NC
-0.3337371203413147,6776228,NC
-0.3137901678614243,6776229,NC
-0.3188432052951376,6776230,NC
-0.32389623262387335,6776231,NC
-0.33394924982905394,6776232,NC
-0.3390022568921051,6776233,NC
-0.3390552537944564,6776234,NC
-0.3391082405175406,6776235,NC
-0.32416121704279444,6776236,NC
-0.339214183351658,6776237,NC
-0.33426713942557496,6776238,NC
-0.3243200852459925,6776239,NC
-0.3093730207943617,6776240,NC
-0.2894259460521368,6776241,NC
-0.28447886100077596,6776242,NC
-0.29953176562174094,6776243,NC
-0.32458465989649693,6776244,NC
-0.31963754380651294,6776245,NC
-0.3046904173332616,6776246,NC
-0.27974328045821895,6776247,NC
-0.2597961331628649,6776248,NC
-0.24484897542868295,6776249,NC
-0.22990180723716025,6776250,NC
-0.1749546285697876,6776251,NC
-0.10500743940805948,6776252,NC
-0.010060239733474113,6776253,NC
0.09488697047246672,6776254,NC
0.19983419122825746,6776255,NC
0.27478142255238885,6776256,NC
0.34972866446334805,6776257,NC
0.37967591697961833,6776258,NC
0.41462318011967936,6776259,NC
0.3695704539020071,6776260,NC
0.30951773834507373,6776261,NC
0.24446503346734763,6776262,NC
0.21941233928729353,6776263,NC
0.2593596558233725,6776264,NC
0.3543069830940417,6776265,NC
0.4642543211177545,6776266,NC
0.5742016699129607,6776267,NC
0.6641490294981063,6776268,NC
0.7790963998916333,6776269,NC
0.8790437811119799,6776270,NC
0.9089911731775807,6776271,NC
0.8839385761068669,6776272,L
0.7988859899182648,6776273,NC
0.688833414630198,6776274,NC
0.5987808502610856,6776275,NC
0.5337282968293432,6776276,NC
0.4536757543533824,6776277,NC
0.38362322285161105,6776278,NC
0.28357070234243303,6776279,NC
0.1585181928442486,6776280,NC
0.04346569437545391,6776281,NC
-0.07658679304555856,6776282,NC
-0.18163926940040032,6776283,NC
-0.29169173467068665,6776284,NC
-0.3617441888380369,6776285,NC
-0.421796631884074,6776286,NC
-0.44684906379042516,6776287,NC
-0.4469014845387212,6776288,NC
-0.42195389411059697,6776289,NC
-0.4120062924876912,6776290,NC
-0.40705867965164655,6776291,NC
-0.4171110555841096,6776292,NC
-0.40216342026673085,6776293,NC
-0.3822157736811649,6776294,NC
-0.38726811580907006,6776295,NC
-0.3973204466321087,6776296,NC
-0.4323727661319472,6776297,NC
-0.4274250742902558,6776298,NC
-0.44247737108870877,6776299,NC
-0.42752965650898445,6776300,NC
-0.4025819305327649,6776301,NC
-0.40763419314173654,6776302,NC
-0.42268644431758956,6776303,NC
-0.4227386840420181,6776304,NC
-0.3927909122967205,6776305,NC
-0.38284312906339896,6776306,NC
-0.37789533432375977,6776307,NC
-0.3979475280595134,6776308,NC
-0.43799971025237394,6776309,NC
-0.45305188088406,6776310,NC
-0.44310403993629394,6776311,NC
-0.4131561873908024,6776312,NC
-0.39320832322931576,6776313,NC
-0.39826044743356875,6776314,NC
-0.42831255998530016,6776315,NC
-0.4383646608662527,6776316,NC
-0.42841675005817326,6776317,NC
-0.4184688275428128,6776318,NC
-0.4035208933019265,6776319,NC
-0.39857294731727344,6776320,NC
-0.3986249895706171,6776321,NC
-0.39867702004372474,6776322,NC
-0.39872903871836796,6776323,NC
-0.3737810455763225,6776324,NC
-0.3588330405993681,6776325,NC
-0.3538850237692888,6776326,NC
-0.3739369950678728,6776327,NC
-0.38398895447691217,6776328,NC
-0.3790409019782036,6776329,NC
-0.3540928375535476,6776330,NC
-0.32914476118474895,6776331,NC
-0.3241966728536167,6776332,NC
-0.319248572541964,6776333,NC
-0.33930046023160815,6776334,NC
-0.3143523359043709,6776335,NC
-0.29440419954207786,6776336,NC
-0.28445605112655914,6776337,NC
-0.284507890639649,6776338,NC
-0.28955971806318576,6776339,NC
-0.29461153337901225,6776340,NC
-0.28466333656897524,6776341,NC
-0.2597151276149261,6776342,NC
-0.2197669064987202,6776343,NC
-0.20981867320221717,6776344,NC
-0.2048704277072811,6776345,NC
-0.2149221699957801,6776346,NC
-0.19497390004958676,6776347,NC
-0.1750256178505779,6776348,NC
-0.14007732338063456,6776349,NC
-0.1251290166216421,6776350,NC
-0.12018069755549038,6776351,NC
-0.1202323661640733,6776352,NC
-0.10528402242928922,6776353,NC
-0.07533566633304077,6776354,NC
-0.050387297857234975,6776355,NC
-0.045438916983783134,6776356,NC
-0.03049052369460092,6776357,NC
-0.020542117971608355,6776358,NC
0.014406300203270238,6776359,NC
0.044354730848106025,6776360,NC
0.06930317398096594,6776361,NC
0.06925162961991255,6776362,NC
0.05920009778300394,6776363,NC
0.06414857848829389,6776364,NC
0.06409707175383175,6776365,NC
0.0740455775976625,6776366,NC
0.058994096037826634,6776367,NC
0.018942627092360324,6776368,NC
-0.02610882922070472,6776369,NC
-0.0461602728833412,6776370,NC
-0.06621170387752626,6776371,NC
-0.06626312218524147,6776372,NC
-0.07631452778847286,6776373,NC
-0.10136592066921091,6776374,NC
-0.12641730080945046,6776375,NC
-0.1714686681911911,6776376,NC
-0.18652002279643654,6776377,NC
-0.18157136460719514,6776378,NC
-0.1716226936054798,6776379,NC
-0.19667400977330773,6776380,NC
-0.2467253130927008,6776381,NC
-0.26177660354568527,6776382,NC
-0.266827881114292,6776383,NC
-0.2618791457805563,6776384,NC
-0.251930397526518,6776385,NC
-0.2519816363342216,6776386,NC
-0.26203286218571586,6776387,NC
-0.26708407506305426,6776388,NC
-0.2721352749482948,6776389,NC
-0.2721864618235001,6776390,NC
-0.26223763567073716,6776391,NC
-0.2672887964720777,6776392,NC
-0.2773399442095979,6776393,NC
-0.2973910788653787,6776394,NC
-0.3174422004215054,6776395,NC
-0.28749330886006796,6776396,NC
-0.297544404163161,6776397,NC
-0.2925954863128838,6776398,NC
-0.28764655529134,6776399,NC
-0.287697611080638,6776400,NC
-0.28774865366289104,6776401,NC
-0.2877996830202166,6776402,NC
-0.282850699134737,6776403,NC
-0.2929017019885791,6776404,NC
-0.28795269156387465,6776405,NC
-0.2830036678427597,6776406,NC
-0.28305463080737525,6776407,NC
-0.26310558043986676,6776408,NC
-0.24315651672238453,6776409,NC
-0.2582074396370834,6776410,NC
-0.278258349166123,6776411,NC
-0.3133092452916676,6776412,NC
-0.3183601279958861,6776413,NC
-0.3134109972609522,6776414,NC
-0.2884618530690442,6776415,NC
-0.2785126954023453,6776416,NC
-0.2785635242430433,6776417,NC
-0.28361433957333076,6776418,NC
-0.2986651413754049,6776419,NC
-0.2837159296314677,6776420,NC
-0.2787667043237259,6776421,NC
-0.2838174654343911,6776422,NC
-0.29886821294567956,6776423,NC
-0.3089189468398123,6776424,NC
-0.303969667099015,6776425,NC
-0.28902037370551836,6776426,NC
-0.27907106664155773,6776427,NC
-0.2841217458893733,6776428,NC
-0.2891724114312099,6776429,NC
-0.28922306324931735,6776430,NC
-0.28427370132595026,6776431,NC
-0.28432432564336785,6776432,NC
-0.2743749361838344,6776433,NC
-0.284425532929619,6776434,NC
-0.28447611586299537,6776435,NC
-0.2995266849662423,6776436,NC
-0.3045772402216433,6776437,NC
-0.2996277816114867,6776438,NC
-0.28467830911806574,6776439,NC
-0.29472882272367856,6776440,NC
-0.3047793224106282,6776441,NC
-0.3198298081612225,6776442,NC
-0.30988027995777406,6776443,NC
-0.29493073778260065,6776444,NC
-0.29998118161802473,6776445,NC
-0.29503161144637374,6776446,NC
-0.31508202724997997,6776447,NC
-0.32513242901118067,6776448,NC
-0.325182816712318,6776449,NC
-0.2852331903357392,6776450,NC
-0.2752835498637961,6776451,NC
-0.2703338952788457,6776452,NC
-0.2803842265632499,6776453,NC
-0.29543454369937566,6776454,NC
-0.3104848466695946,6776455,NC
-0.2955351354562836,6776456,NC
-0.2955854100418244,6776457,NC
-0.3056356704086038,6776458,NC
-0.31068591653901334,6776459,NC
-0.32073614841544973,6776460,NC
-0.32078636602031474,6776461,NC
-0.32583656933601496,6776462,NC
-0.32088675834496216,6776463,NC
-0.33593693302957295,6776464,NC
-0.3559870933722691,6776465,NC
-0.3560372393554774,6776466,NC
-0.37108737096162947,6776467,NC
-0.32613748817316224,6776468,NC
-0.3061875909725176,6776469,NC
-0.3012376793421423,6776470,NC
-0.30628775326448837,6776471,NC
-0.3013378127220129,6776472,NC
-0.2813878576971778,6776473,NC
-0.26143788817245034,6776474,NC
-0.23148790413030282,6776475,NC
-0.23153790555321246,6776476,NC
-0.25658789242366176,6776477,NC
-0.26663786472413814,6776478,NC
-0.2666878224371343,6776479,NC
-0.25173776554514793,6776480,NC
-0.24178769403068187,6776481,NC
-0.2368376078762441,6776482,NC
-0.23688750706434775,6776483,NC
-0.241937391577511,6776484,NC
-0.24698726139825725,6776485,NC
-0.24203711650911508,6776486,NC
-0.22208695689261804,6776487,NC
-0.22213678253130506,6776488,NC
-0.24218659340772009,6776489,NC
-0.25223638950441235,6776490,NC
-0.2622861708039362,6776491,NC
-0.2423359372888511,6776492,NC
-0.23238568894172185,6776493,NC
-0.22743542574511832,6776494,NC
-0.2524851476816157,6776495,NC
-0.2725348547337942,6776496,NC
-0.2875845468842395,6776497,NC
-0.29263422411554224,6776498,NC
-0.2876838864102986,6776499,NC
-0.2927335337511096,6776500,NC
-0.29278316612058186,6776501,NC
-0.31283278350132704,6776502,NC
-0.31288238587596207,6776503,NC
-0.2979319732271091,6776504,NC
-0.2879815455373958,6776505,NC
-0.31303110278945484,6776506,NC
-0.3030806449659242,6776507,NC
-0.30813017204944726,6776508,NC
-0.3281796840226725,6776509,NC
-0.32322918086825403,6776510,NC
-0.3382786625688508,6776511,NC
-0.34332812910712746,6776512,NC
-0.34337758046575373,6776513,NC
-0.3334270166274048,6776514,NC
-0.33847643757476115,6776515,NC
-0.3385258432905085,6776516,NC
-0.323575233757338,6776517,NC
-0.333624608957946,6776518,NC
-0.3386739688750344,6776519,NC
-0.34872331349131047,6776520,NC
-0.3587726427894865,6776521,NC
-0.3488219567522806,6776522,NC
-0.3438712553624159,6776523,NC
-0.35392053860262107,6776524,NC
-0.36396980645563015,6776525,NC
-0.35401905890418256,6776526,NC
-0.3490682959310231,6776527,NC
-0.34911751751890197,6776528,NC
-0.33416672365057487,6776529,NC
-0.3342159143088027,6776530,NC
-0.3492650894763521,6776531,NC
-0.3543142491359948,6776532,NC
-0.36436339327050826,6776533,NC
-0.3594125218626751,6776534,NC
-0.3444616348952836,6776535,NC
-0.3445107323511274,6776536,NC
-0.35955981421300565,6776537,NC
-0.3596088804637229,6776538,NC
-0.3696579310860892,6776539,NC
-0.34970696606292,6776540,NC
-0.33975598537703644,6776541,NC
-0.3298049890112649,6776542,NC
-0.3498539769484375,6776543,NC
-0.3649029491713916,6776544,NC
-0.36495190566297014,6776545,NC
-0.3350008464060217,6776546,NC
-0.3050497713834004,6776547,NC
-0.3050986805779656,6776548,NC
-0.2951475739725824,6776549,NC
-0.2801964515501215,6776550,NC
-0.24524531329345903,6776551,NC
-0.20029415918547658,6776552,NC
-0.1103429892090615,6776553,NC
-0.030391803347106568,6776554,NC
0.0695593984174899,6776555,NC
0.14451061610182386,6776556,NC
0.21946184972298588,6776557,NC
0.2744130992980608,6776558,NC
0.2943643648441279,6776559,NC
0.254315646378261,6776560,NC
0.1842669439175281,6776561,NC
0.1042182574789918,6776562,NC
0.05416958707970887,6776563,NC
0.06912093273673071,6776564,NC
0.12907229446710286,6776565,NC
0.2490236722878654,6776566,NC
0.35897506621605274,6776567,NC
0.49892647626869346,6776568,NC
0.6238779024628108,6776569,NC
0.708829344815422,6776570,NC
0.7487808033435392,6776571,NC
0.7387322780641682,6776572,L
0.6386837689943095,6776573,NC
0.5336352761509576,6776574,NC
0.423586799551102,6776575,NC
0.32353833921172587,6776576,NC
0.23348989514980692,6776577,NC
0.1484414673823171,6776578,NC
0.01839305592622264,6776579,NC
-0.12165533920151585,6776580,NC
-0.26170371798394354,6776581,NC
-0.3617520804041114,6776582,NC
-0.4168004264450759,6776583,NC
-0.48184875608989963,6776584,NC
-0.5318970693216505,6776585,NC
-0.5769453661234025,6776586,NC
-0.5769936464782351,6776587,NC
-0.5720419103692338,6776588,NC
-0.5570901577794898,6776589,NC
-0.5321383886920998,6776590,NC
-0.5121866030901667,6776591,NC
-0.49223480095679895,6776592,NC
-0.4922829822751108,6776593,NC
-0.47233114702822226,6776594,NC
-0.45737929519925935,6776595,NC
-0.44742742677135366,6776596,NC
-0.4674755417276427,6776597,NC
-0.46752364005126984,6776598,NC
-0.4825717217253842,6776599,NC
-0.46761978673314075,6776600,NC
-0.4576678350577003,6776601,NC
-0.4477158666822296,6776602,NC
-0.45776388158990106,6776603,NC
-0.46281187976389315,6776604,NC
-0.4828598611873901,6776605,NC
-0.467907825843582,6776606,NC
-0.45795577371566476,6776607,NC
-0.4580037047868403,6776608,NC
-0.4780516190403164,6776609,NC
-0.46809951645930664,6776610,NC
-0.4681473970270306,6776611,NC
-0.45319526072671373,6776612,NC
-0.43824310754158735,6776613,NC
-0.43329093745488867,6776614,NC
-0.448338750449861,6776615,NC
-0.4533865465097534,6776616,NC
-0.4534343256178208,6776617,NC
-0.45848208775732435,6776618,NC
-0.42352983291153096,6776619,NC
-0.41357756106371346,6776620,NC
-0.4136252721971507,6776621,NC
-0.41867296629512746,6776622,NC
-0.41872064334093456,6776623,NC
-0.3987683033178687,6776624,NC
-0.3788159462092327,6776625,NC
-0.3638635719983351,6776626,NC
-0.38891118066849073,6776627,NC
-0.3789587722030202,6776628,NC
-0.3640063465852503,6776629,NC
-0.33905390379851363,6776630,NC
-0.3141014438261491,6776631,NC
-0.2891489666515012,6776632,NC
-0.30419647225792096,6776633,NC
-0.31924396062876503,6776634,NC
-0.3242914317473962,6776635,NC
-0.2993388855971836,6776636,NC
-0.28438632216150184,6776637,NC
-0.2844337414237322,6776638,NC
-0.2744811433672616,6776639,NC
-0.2545285279754832,6776640,NC
-0.23957589523179618,6776641,NC
-0.19962324511960575,6776642,NC
-0.17967057762232347,6776643,NC
-0.17471789272336652,6776644,NC
-0.16476519040615867,6776645,NC
-0.15981247065412946,6776646,NC
-0.12485973345071465,6776647,NC
-0.10490697877935615,6776648,NC
-0.08995420662350194,6776649,NC
-0.07000141696660613,6776650,NC
-0.06504860979212893,6776651,NC
-0.0650957850835368,6776652,NC
-0.04514294282430223,6776653,NC
-0.04019008299790391,6776654,NC
-0.02023720558782665,6776655,NC
-0.020284310577561457,6776656,NC
-0.020331397950605484,6776657,NC
-0.03037846769046206,6776658,NC
-0.015425519780640697,6776659,NC
-0.0004725542046570483,6776660,NC
0.019480429053966943,6776661,NC
0.014433430011703226,6776662,NC
0.014386448685017525,6776663,NC
0.024339485090369373,6776664,NC
0.024292539244212062,6776665,NC
0.019245611162992678,6776666,NC
0.034198700863152125,6776667,NC
0.014151808361124937,6776668,NC
0.004104933673339639,6776669,NC
-0.035941923183781706,6776670,NC
-0.05098876219382315,6776671,NC
-0.08103558334037506,6776672,NC
-0.11608238660703399,6776673,NC
-0.15112917197740283,6776674,NC
-0.18117593943509072,6776675,NC
-0.196222688963713,6776676,NC
-0.2262694205468915,6776677,NC
-0.21631613416825413,6776678,NC
-0.2263628298114351,6776679,NC
-0.24140950746007506,6776680,NC
-0.26645616709782083,6776681,NC
-0.2915028087083256,6776682,NC
-0.32154943227524896,6776683,NC
-0.31659603778225665,6776684,NC
-0.30664262521302077,6776685,NC
-0.31668919455121985,6776686,NC
-0.33173574578053877,6776687,NC
-0.3617822788846686,6776688,NC
-0.3618287938473069,6776689,NC
-0.3568752906521575,6776690,NC
-0.34692176928293067,6776691,NC
-0.34696822972334296,6776692,NC
-0.3520146719571175,6776693,NC
-0.3620610959679834,6776694,NC
-0.36710750173967654,6776695,NC
-0.36215388925593905,6776696,NC
-0.35220025850051934,6776697,NC
-0.35224660945717245,6776698,NC
-0.3572929421096597,6776699,NC
-0.3773392564417487,6776700,NC
-0.39238555243721374,6776701,NC
-0.3674318300798354,6776702,NC
-0.36747808935340054,6776703,NC
-0.3575243302417028,6776704,NC
-0.362570552728542,6776705,NC
-0.38761675679772445,6776706,NC
-0.39266294243306293,6776707,NC
-0.39770910961837663,6776708,NC
-0.37275525833749146,6776709,NC
-0.3828013885742394,6776710,NC
-0.39284750031245924,6776711,NC
-0.40789359353599597,6776712,NC
-0.40793966822870137,6776713,NC
-0.3829857243744335,6776714,NC
-0.3680317619570569,6776715,NC
-0.36307778096044274,6776716,NC
-0.37812378136846864,6776717,NC
-0.3931697631650188,6776718,NC
-0.4032157263339837,6776719,NC
-0.40826167085926074,6776720,NC
-0.38330759672475356,6776721,NC
-0.38835350391437234,6776722,NC
-0.393399392412034,6776723,NC
-0.3984452622016617,6776724,NC
-0.39849111326718556,6776725,NC
-0.39353694559254193,6776726,NC
-0.3885827591616738,6776727,NC
-0.37862855395853084,6776728,NC
-0.39867432996706914,6776729,NC
-0.4037200871712516,6776730,NC
-0.4087658255550474,6776731,NC
-0.3988115451024326,6776732,NC
-0.3888572457973897,6776733,NC
-0.3839029276239078,6776734,NC
-0.39894859056598264,6776735,NC
-0.40399423460761663,6776736,NC
-0.4090398597328188,6776737,NC
-0.40408546592560474,6776738,NC
-0.3891310531699967,6776739,NC
-0.3841766214500234,6776740,NC
-0.3842221707497207,6776741,NC
-0.4042677010531304,6776742,NC
-0.4193132123443017,6776743,NC
-0.40435870460728984,6776744,NC
-0.39440417782615717,6776745,NC
-0.39944963198497235,6776746,NC
-0.41449506706781103,6776747,NC
-0.4195404830587553,6776748,NC
-0.4145858799418941,6776749,NC
-0.39963125770132296,6776750,NC
-0.3896766163211443,6776751,NC
-0.389721955785467,6776752,NC
-0.4047672760784067,6776753,NC
-0.4248125771840859,6776754,NC
-0.4148578590866337,6776755,NC
-0.39990312177018594,6776756,NC
-0.39994836521888527,6776757,NC
-0.399993589416881,6776758,NC
-0.4150387943483292,6776759,NC
-0.4150839799973927,6776760,NC
-0.4301291463482411,6776761,NC
-0.42017429338505075,6776762,NC
-0.40521942109200465,6776763,NC
-0.42026452945329285,6776764,NC
-0.4153096184531119,6776765,NC
-0.4203546880756653,6776766,NC
-0.4253997383051632,6776767,NC
-0.40544476912582267,6776768,NC
-0.38548978052186766,6776769,NC
-0.3805347724775286,6776770,NC
-0.39057974497704306,6776771,NC
-0.40062469800465517,6776772,NC
-0.4056696315446162,6776773,NC
-0.3907145455811839,6776774,NC
-0.37575944009862317,6776775,NC
-0.36580431508120537,6776776,NC
-0.36584917051320903,6776777,NC
-0.3758940063789195,6776778,NC
-0.3709388226626288,6776779,NC
-0.3559836193486359,6776780,NC
-0.3510283964212468,6776781,NC
-0.3460731538647741,6776782,NC
-0.36611789166353736,6776783,NC
-0.3761626098018632,6776784,NC
-0.4012073082640849,6776785,NC
-0.3762519870345428,6776786,NC
-0.376296646097584,6776787,NC
-0.3813412854375626,6776788,NC
-0.3813859050388395,6776789,NC
-0.41643050488578265,6776790,NC
-0.4164750849627669,6776791,NC
-0.41151964525417395,6776792,NC
-0.39156418574439256,6776793,NC
-0.3966087064178182,6776794,NC
-0.4016532072588534,6776795,NC
-0.4316976882519078,6776796,NC
-0.4267421493813978,6776797,NC
-0.42678659063174684,6776798,NC
-0.43183101198738516,6776799,NC
-0.41687541343275025,6776800,NC
-0.43191979495228644,6776801,NC
-0.456964156530445,6776802,NC
-0.4720084981516841,6776803,NC
-0.45205281980046924,6776804,NC
-0.4270971214612725,6776805,NC
-0.42214140311857323,6776806,NC
-0.4221856647568578,6776807,NC
-0.44222990636061943,6776808,NC
-0.45227412791435845,6776809,NC
-0.4323183294025822,6776810,NC
-0.412362510809805,6776811,NC
-0.41240667212054843,6776812,NC
-0.4224508133193408,6776813,NC
-0.4374949343907177,6776814,NC
-0.42753903531922155,6776815,NC
-0.4175831160894021,6776816,NC
-0.3926271766858159,6776817,NC
-0.3976712170930268,6776818,NC
-0.41271523729560544,6776819,NC
-0.40275923727812984,6776820,NC
-0.402803217025185,6776821,NC
-0.3878471765213629,6776822,NC
-0.3728911157512627,6776823,NC
-0.37293503469949074,6776824,NC
-0.37297893335066024,6776825,NC
-0.3730228116893918,6776826,NC
-0.37806666970031294,6776827,NC
-0.3631105073680584,6776828,NC
-0.3431543246772699,6776829,NC
-0.32819812161259665,6776830,NC
-0.3282418981586946,6776831,NC
-0.33828565430022695,6776832,NC
-0.32832939002186423,6776833,NC
-0.3133731053082839,6776834,NC
-0.2934168001441707,6776835,NC
-0.26846047451421656,6776836,NC
-0.27850412840312044,6776837,NC
-0.2685477617955886,6776838,NC
-0.2285913746763345,6776839,NC
-0.1886349670300786,6776840,NC
-0.12867853884154878,6776841,NC
-0.06872209009548,6776842,NC
-0.0037656207766144367,6776843,NC
0.03619086913029852,6776844,NC
0.0761473796405023,6776845,NC
0.13110391076923303,6776846,NC
0.16106046253171974,6776847,NC
0.14101703494318407,6776848,NC
0.08097362801884064,6776849,NC
-0.024069758226103417,6776850,NC
-0.14911312377644803,6776851,NC
-0.22415646861700048,6776852,NC
-0.2541997927325752,6776853,NC
-0.23924309610799396,6776854,NC
-0.1892863787280859,6776855,NC
-0.12932964057768712,6776856,NC
-0.034372881641641304,6776857,NC
0.07058389809520071,6776858,NC
0.17554069864798078,6776859,NC
0.25049752003183345,6776860,NC
0.3004543622618861,6776861,NC
0.29541122535325853,6776862,NC
0.25036810932106357,6776863,L
0.20532501418040644,6776864,NC
0.13028193994638523,6776865,NC
0.05023888663409058,6776866,NC
-0.019804145741394108,6776867,NC
-0.07984715716499279,6776868,NC
-0.14489014762163677,6776869,NC
-0.1899331170962647,6776870,NC
-0.23497606557382258,6776871,NC
-0.3050189930392638,6776872,NC
-0.37006189947754903,6776873,NC
-0.42010478487364633,6776874,NC
-0.4401476492125313,6776875,NC
-0.45519049247918664,6776876,NC
-0.4452333146586026,6776877,NC
-0.4302761157357768,6776878,NC
-0.4153188956957142,6776879,NC
-0.4053616545234272,6776880,NC
-0.38540439220393574,6776881,NC
-0.32044710872226684,6776882,NC
-0.2754898040634552,6776883,NC
-0.2555324782125429,6776884,NC
-0.2605751311545793,6776885,NC
-0.27561776287462136,6776886,NC
-0.2806603733577335,6776887,NC
-0.2657029625889873,6776888,NC
-0.2607455305534621,6776889,NC
-0.2507880772362446,6776890,NC
-0.2508306026224288,6776891,NC
-0.2608731066971164,6776892,NC
-0.2659155894454164,6776893,NC
-0.2509580508524453,6776894,NC
-0.25100049090332716,6776895,NC
-0.24104290958319338,6776896,NC
-0.24608530687718297,6776897,NC
-0.2661276827704424,6776898,NC
-0.25117003724812564,6776899,NC
-0.2462123702953941,6776900,NC
-0.2362546818974168,6776901,NC
-0.24629697203937023,6776902,NC
-0.2463392407064383,6776903,NC
-0.2613814878838126,6776904,NC
-0.2464237135566922,6776905,NC
-0.23646591771028364,6776906,NC
-0.21650810032980106,6776907,NC
-0.20155026140046617,6776908,NC
-0.2115924009075081,6776909,NC
-0.22663451883616373,6776910,NC
-0.24667661517167733,6776911,NC
-0.2117186898993008,6776912,NC
-0.20676074300429356,6776913,NC
-0.1968027744719228,6776914,NC
-0.191844784287463,6776915,NC
-0.20188677243619646,6776916,NC
-0.19192873890341292,6776917,NC
-0.1819706836744098,6776918,NC
-0.15701260673449213,6776919,NC
-0.13205450806897243,6776920,NC
-0.13709638766317103,6776921,NC
-0.14713824550241567,6776922,NC
-0.1371800815720418,6776923,NC
-0.1272218958573926,6776924,NC
-0.10226368834381869,6776925,NC
-0.09230545901667844,6776926,NC
-0.09734720786133787,6776927,NC
-0.09238893486317058,6776928,NC
-0.07743064000755785,6776929,NC
-0.05247232327988868,6776930,NC
-0.037513984665559684,6776931,NC
-0.03255562414997509,6776932,NC
-0.017597241718546888,6776933,NC
-0.03263883735669469,6776934,NC
-0.022680411049845826,6776935,NC
-0.0027219627834352833,6776936,NC
0.01723650745709425,6776937,NC
0.032194999686292386,6776938,NC
0.02715351391870098,6776939,NC
0.027112050168854276,6776940,NC
0.04707060845127872,6776941,NC
0.0670291887804931,6776942,NC
0.08698779117100841,6776943,NC
0.10694641563732804,6776944,NC
0.10690506219394752,6776945,NC
0.09186373085535461,6776946,NC
0.11182242163602955,6776947,NC
0.12178113455044458,6776948,NC
0.1567398696130643,6776949,NC
0.17169862683834555,6776950,NC
0.17665740624073742,6776951,NC
0.17161620783468118,6776952,NC
0.1865750316346103,6776953,NC
0.20653387765495068,6776954,NC
0.23649274591012004,6776955,NC
0.24145163641452871,6776956,NC
0.24141054918257904,6776957,NC
0.23136948422866557,6776958,NC
0.22632844156717508,6776959,NC
0.2212874212124865,6776960,NC
0.23624642317897104,6776961,NC
0.22120544748099194,6776962,NC
0.20116449413290477,6776963,NC
0.15112356314905712,6776964,NC
0.13108265454378884,6776965,NC
0.09104176833143195,6776966,NC
0.09600090452631056,6776967,NC
0.07596006314274102,6776968,NC
0.040919244195031707,6776969,NC
0.010878447697483265,6776970,NC
-0.019162326335611657,6776971,NC
-0.02420307788996818,6776972,NC
-0.04924380695130935,6776973,NC
-0.05928451350536606,6776974,NC
-0.08932519753787713,6776975,NC
-0.11936585903458921,6776976,NC
-0.1344064979812569,6776977,NC
-0.12444711436364272,6776978,NC
-0.119487708167517,6776979,NC
-0.13452827937865808,6776980,NC
-0.15956882798285216,6776981,NC
-0.16460935396589338,6776982,NC
-0.17464985731358373,6776983,NC
-0.17969033801173334,6776984,NC
-0.16973079604615998,6776985,NC
-0.1597712314026896,6776986,NC
-0.169811644067156,6776987,NC
-0.19485203402540094,6776988,NC
-0.19489240126327412,6776989,NC
-0.18993274576663322,6776990,NC
-0.17497306752134384,6776991,NC
-0.18001336651327965,6776992,NC
-0.1800536427283222,6776993,NC
-0.20509389615236112,6776994,NC
-0.20013412677129377,6776995,NC
-0.2001743345710259,6776996,NC
-0.19021451953747093,6776997,NC
-0.17525468165655045,6776998,NC
-0.20529482091419393,6776999,NC
-0.20033493729633894,6777000,NC
-0.210375030788931,6777001,NC
-0.2004151013779238,6777002,NC
-0.1754551490492788,6777003,NC
-0.17049517378896575,6777004,NC
-0.18053517558296228,6777005,NC
-0.19557515441725404,6777006,NC
-0.19561511027783485,6777007,NC
-0.18565504315070647,6777008,NC
-0.18569495302187874,6777009,NC
-0.18573483987736958,6777010,NC
-0.18077470370320495,6777011,NC
-0.1908145444854189,6777012,NC
-0.2008543622100536,6777013,NC
-0.18589415686315913,6777014,NC
-0.19093392843079382,6777015,NC
-0.18097367689902405,6777016,NC
-0.18601340225392426,6777017,NC
-0.18605310448157697,6777018,NC
-0.19609278356807291,6777019,NC
-0.1761324394995107,6777020,NC
-0.17117207226199738,6777021,NC
-0.15121168184164785,6777022,NC
-0.16625126822458525,6777023,NC
-0.1762908313969408,6777024,NC
-0.18633037134485383,6777025,NC
-0.17636988805447196,6777026,NC
-0.16640938151195075,6777027,NC
-0.16144885170345402,6777028,NC
-0.16648829861515374,6777029,NC
-0.17152772223322993,6777030,NC
-0.18656712254387098,6777031,NC
-0.1716064995332732,6777032,NC
-0.16164585318764127,6777033,NC
-0.15668518349318789,6777034,NC
-0.17172449043613408,6777035,NC
-0.18676377400270894,6777036,NC
-0.18680303417914984,6777037,NC
-0.18184227095170227,6777038,NC
-0.17188148430661995,6777039,NC
-0.17192067423016483,6777040,NC
-0.18195984070860702,6777041,NC
-0.2069989837282249,6777042,NC
-0.20703810327530497,6777043,NC
-0.1970771993361421,6777044,NC
-0.19211627189703925,6777045,NC
-0.1871553209443077,6777046,NC
-0.197194346464267,6777047,NC
-0.2022333484432448,6777048,NC
-0.2022723268675771,6777049,NC
-0.19231128172360812,6777050,NC
-0.18235021299769041,6777051,NC
-0.19238912067618463,6777052,NC
-0.18742800474545984,6777053,NC
-0.2074668651918934,6777054,NC
-0.21750570200187078,6777055,NC
-0.21754451516178586,6777056,NC
-0.19758330465804075,6777057,NC
-0.18762207047704593,6777058,NC
-0.20266081260522,6777059,NC
-0.19769953102899013,6777060,NC
-0.20773822573479156,6777061,NC
-0.2077768967090679,6777062,NC
-0.19281554393827116,6777063,NC
-0.19785416740886153,6777064,NC
-0.19789276710730766,6777065,NC
-0.21293134302008643,6777066,NC
-0.2179698951336831,6777067,NC
-0.19800842343459124,6777068,NC
-0.19304692790931283,6777069,NC
-0.18808540854435807,6777070,NC
-0.19812386532624568,6777071,NC
-0.2081622982415026,6777072,NC
-0.22320070727666413,6777073,NC
-0.19323909241827406,6777074,NC
-0.17827745365288444,6777075,NC
-0.16831579096705573,6777076,NC
-0.17835410434735674,6777077,NC
-0.16839239378036477,6777078,NC
-0.16343065925266537,6777079,NC
-0.1584689007508526,6777080,NC
-0.15350711826152885,6777081,NC
-0.14354531177130486,6777082,NC
-0.1635834812668,6777083,NC
-0.18362162673464172,6777084,NC
-0.16865974816146628,6777085,NC
-0.15369784553391796,6777086,NC
-0.11873591883864978,6777087,NC
-0.10377396806232306,6777088,NC
-0.11381199319160752,6777089,NC
-0.14384999421318143,6777090,NC
-0.1588879711137314,6777091,NC
-0.15392592387995255,6777092,NC
-0.13896385249854848,6777093,NC
-0.15400175695623117,6777094,NC
-0.16403963723972112,6777095,NC
-0.1740774933357473,6777096,NC
-0.18411532523104712,6777097,NC
-0.1791531329123665,6777098,NC
-0.16419091636645988,6777099,NC
-0.16922867558009003,6777100,NC
-0.18926641054002843,6777101,NC
-0.18930412123305487,6777102,NC
-0.21434180764595778,6777103,NC
-0.20937946976553407,6777104,NC
-0.209417107578589,6777105,NC
-0.19445472107193656,6777106,NC
-0.20949231023239917,6777107,NC
-0.22952987504680783,6777108,NC
-0.2445674155020019,6777109,NC
-0.23460493158482948,6777110,NC
-0.2096424232821471,6777111,NC
-0.21467989058081982,6777112,NC
-0.21471733346772137,6777113,NC
-0.2497547519297339,6777114,NC
-0.27979214595374813,6777115,NC
-0.2798295155266634,6777116,NC
-0.2398668606353876,6777117,NC
-0.23490418126683715,6777118,NC
-0.2399414774079371,6777119,NC
-0.25997874904562107,6777120,NC
-0.26501599616683125,6777121,NC
-0.2700532187585184,6777122,NC
-0.24509041680764182,6777123,NC
-0.25012759030116966,6777124,NC
-0.2501647392260783,6777125,NC
-0.27020186356935316,6777126,NC
-0.28023896331798775,6777127,NC
-0.28527603845898475,6777128,NC
-0.265313088979355,6777129,NC
-0.2603501148661182,6777130,NC
-0.27538711610630273,6777131,NC
-0.27542409268694534,6777132,NC
-0.2804610445950918,6777133,NC
-0.2654979718177962,6777134,NC
-0.2605348743421214,6777135,NC
-0.2555717521551389,6777136,NC
-0.2656086052439289,6777137,NC
-0.27564543359558014,6777138,NC
-0.28568223719719027,6777139,NC
-0.26571901603586534,6777140,NC
-0.26575577009872015,6777141,NC
-0.2657924993728783,6777142,NC
-0.27082920384547204,6777143,NC
-0.2758658835036421,6777144,NC
-0.28090253833453827,6777145,NC
-0.2759391683253186,6777146,NC
-0.2459757734631503,6777147,NC
-0.2560123537352089,6777148,NC
-0.25604890912867895,6777149,NC
-0.2610854396307535,6777150,NC
-0.2711219452286343,6777151,NC
-0.23115842590953206,6777152,NC
-0.23119488166066599,6777153,NC
-0.2162313124692642,6777154,NC
-0.1912677183225633,6777155,NC
-0.16130409920780903,6777156,NC
-0.12134045511225547,6777157,NC
-0.036376786023165714,6777158,NC
0.04358690807218853,6777159,NC
0.13855062718652664,6777160,NC
0.21851437133255944,6777161,NC
0.2684781405229888,6777162,NC
0.3134419347705079,6777163,NC
0.32840575408780115,6777164,NC
0.308369598487544,6777165,NC
0.2733334679824035,6777166,NC
0.18829736258503751,6777167,NC
0.14326128230809534,6777168,NC
0.14322522716421732,6777169,NC
0.19318919716603522,6777170,NC
0.2931531923261717,6777171,NC
0.4181172126572408,6777172,NC
0.5330812581718477,6777173,NC
0.6180453288825888,6777174,NC
0.6930094248020517,6777175,NC
0.7629735459428149,6777176,NC
0.7829376923174484,6777177,NC
0.7529018639385131,6777178,L
0.6528660608185612,6777179,NC
0.5328302829701362,6777180,NC
0.4327945304057725,6777181,NC
0.3577588031379956,6777182,NC
0.2977231011793222,6777183,NC
0.21268742454226044,6777184,NC
0.0876517732393092,6777185,NC
-0.022383852717041464,6777186,NC
-0.14741945331431022,6777187,NC
-0.24245502854002465,6777188,NC
-0.3024905783817213,6777189,NC
-0.37252610282694565,6777190,NC
-0.4375616018632519,6777191,NC
-0.47259707547820334,6777192,NC
-0.48763252365937193,6777193,NC
-0.47766794639433896,6777194,NC
-0.4327033436706941,6777195,NC
-0.4077387154760364,6777196,NC
-0.3927740617979736,6777197,NC
-0.38280938262412223,6777198,NC
-0.3778446779421082,6777199,NC
-0.3678799477395659,6777200,NC
-0.34791519200413906,6777201,NC
-0.3529504107234799,6777202,NC
-0.3629856038852498,6777203,NC
-0.3680207714771195,6777204,NC
-0.3780559134867679,6777205,NC
-0.36309102990188363,6777206,NC
-0.34312612071016374,6777207,NC
-0.33816118589931454,6777208,NC
-0.34319622545705114,6777209,NC
-0.35823123937109774,6777210,NC
-0.35826622762918764,6777211,NC
-0.348301190219063,6777212,NC
-0.32833612712847465,6777213,NC
-0.33837103834518306,6777214,NC
-0.33340592385695733,6777215,NC
-0.34344078365157543,6777216,NC
-0.35347561771682473,6777217,NC
-0.3435104260405013,6777218,NC
-0.32354520861041025,6777219,NC
-0.313579965414366,6777220,NC
-0.3186146964401917,6777221,NC
-0.34864940167571956,6777222,NC
-0.32868408110879094,6777223,NC
-0.3137187347272562,6777224,NC
-0.30875336251897467,6777225,NC
-0.30878796447181495,6777226,NC
-0.32382254057365434,6777227,NC
-0.32885709081237946,6777228,NC
-0.32389161517588605,6777229,NC
-0.3139261136520785,6777230,NC
-0.2889605862288709,6777231,NC
-0.2989950328941857,6777232,NC
-0.28902945363595517,6777233,NC
-0.30406384844212,6777234,NC
-0.28909821730063034,6777235,NC
-0.2741325601994455,6777236,NC
-0.2691668771265335,6777237,NC
-0.2742011680698718,6777238,NC
-0.2642354330174469,6777239,NC
-0.26926967195725426,6777240,NC
-0.26930388487729856,6777241,NC
-0.2443380717655937,6777242,NC
-0.22937223261016243,6777243,NC
-0.22440636739903685,6777244,NC
-0.20944047612025823,6777245,NC
-0.20947455876187668,6777246,NC
-0.20450861531195177,6777247,NC
-0.18454264575855195,6777248,NC
-0.16457665008975503,6777249,NC
-0.14461062829364787,6777250,NC
-0.14464458035832647,6777251,NC
-0.14967850627189594,6777252,NC
-0.1347124060224707,6777253,NC
-0.11974627959817424,6777254,NC
-0.09478012698713921,6777255,NC
-0.06981394817750748,6777256,NC
-0.07484774315743006,6777257,NC
-0.0848815119150672,6777258,NC
-0.06991525443858822,6777259,NC
-0.04494897071617175,6777260,NC
-0.0049826607360056036,6777261,NC
-0.010016324486286712,6777262,NC
0.004950038044778685,6777263,NC
-8.35731310247223e-05,6777264,NC
0.014882841998078364,6777265,NC
0.044849283443854235,6777266,NC
0.05981575121805979,6777267,NC
0.07978224533244271,6777268,NC
0.08474876579874163,6777269,NC
0.09971531262868569,6777270,NC
0.09968188583399507,6777271,NC
0.11464848542638044,6777272,NC
0.14961511141754347,6777273,NC
0.14458176381917642,6777274,NC
0.13954844264296226,6777275,NC
0.1195151479005749,6777276,NC
0.10448187960367886,6777277,NC
0.09944863776392938,6777278,NC
0.07441542239297246,6777279,NC
0.0593822335024449,6777280,NC
0.04934907110397402,6777281,NC
0.009315935209178144,6777282,NC
-0.025717174170333992,6777283,NC
-0.04075025702296266,6777284,NC
-0.04578331333711762,6777285,NC
-0.06581634310121791,6777286,NC
-0.0858493463036917,6777287,NC
-0.13088232293297677,6777288,NC
-0.14591527297751986,6777289,NC
-0.15594819642577729,6777290,NC
-0.16098109326621457,6777291,NC
-0.16601396348730657,6777292,NC
-0.1810468070775375,6777293,NC
-0.22107962402540085,6777294,NC
-0.23111241431939955,6777295,NC
-0.23114517794804568,6777296,NC
-0.23617791489986087,6777297,NC
-0.2112106251633759,6777298,NC
-0.24124330872713107,6777299,NC
-0.24627596557967601,6777300,NC
-0.2463085957095696,6777301,NC
-0.2563411991053801,6777302,NC
-0.23637377575568527,6777303,NC
-0.24140632564907216,6777304,NC
-0.24643884877413708,6777305,NC
-0.2614713451194859,6777306,NC
-0.26650381467373374,6777307,NC
-0.26153625742550524,6777308,NC
-0.2515686733634343,6777309,NC
-0.2466010624761643,6777310,NC
-0.26163342475234797,6777311,NC
-0.27666576018064737,6777312,NC
-0.2816980687497342,6777313,NC
-0.2767303504482893,6777314,NC
-0.2717626052650032,6777315,NC
-0.26679483318857544,6777316,NC
-0.27182703420771537,6777317,NC
-0.27185920831114174,6777318,NC
-0.2768913554875825,6777319,NC
-0.2719234757257752,6777320,NC
-0.25695556901446664,6777321,NC
-0.2619876353424134,6777322,NC
-0.27201967469838123,6777323,NC
-0.28705168707114537,6777324,NC
-0.29708367244949063,6777325,NC
-0.27711563082221113,6777326,NC
-0.2621475621781105,6777327,NC
-0.26717946650600194,6777328,NC
-0.257211343794708,6777329,NC
-0.28224319403306064,6777330,NC
-0.2872750172099016,6777331,NC
-0.2823068133140817,6777332,NC
-0.26733858233446156,6777333,NC
-0.2623703242599111,6777334,NC
-0.27240203907930977,6777335,NC
-0.28743372678154666,6777336,NC
-0.30246538735552014,6777337,NC
-0.2874970207901383,6777338,NC
-0.26752862707431846,6777339,NC
-0.2675602061969878,6777340,NC
-0.2675917581470827,6777341,NC
-0.28762328291354927,6777342,NC
-0.2826547804853431,6777343,NC
-0.27768625085142923,6777344,NC
-0.2827176940007823,6777345,NC
-0.2727491099223863,6777346,NC
-0.28278049860523524,6777347,NC
-0.3028118600383321,6777348,NC
-0.2978431942106897,6777349,NC
-0.2978745011113305,6777350,NC
-0.2929057807292863,6777351,NC
-0.27293703305359857,6777352,NC
-0.27296825807331826,6777353,NC
-0.302999455777506,6777354,NC
-0.30303062615523185,6777355,NC
-0.28806176919557563,6777356,NC
-0.28309288488762663,6777357,NC
-0.28312397322048366,6777358,NC
-0.2831550341832552,6777359,NC
-0.30318606776505935,6777360,NC
-0.2982170739550237,6777361,NC
-0.3082480527422855,6777362,NC
-0.2832790041159916,6777363,NC
-0.2733099280652984,6777364,NC
-0.29334082457937205,6777365,NC
-0.30337169364738814,6777366,NC
-0.3234025352585319,6777367,NC
-0.30843334940199835,6777368,NC
-0.2984641360669919,6777369,NC
-0.28849489524272676,6777370,NC
-0.30852562691842667,6777371,NC
-0.3285563310833251,6777372,NC
-0.31858700772666504,6777373,NC
-0.3086176568376992,6777374,NC
-0.28864827840568996,6777375,NC
-0.29367887241990925,6777376,NC
-0.28870943886963873,6777377,NC
-0.32373997774416974,6777378,NC
-0.34377048903280316,6777379,NC
-0.32380097272484964,6777380,NC
-0.29383142880962954,6777381,NC
-0.28886185727647273,6777382,NC
-0.293892258114719,6777383,NC
-0.2989226313137174,6777384,NC
-0.3139529768628271,6777385,NC
-0.2989832947514169,6777386,NC
-0.2840135849688649,6777387,NC
-0.2790438475045595,6777388,NC
-0.2840740823478982,6777389,NC
-0.2991042894882886,6777390,NC
-0.30913446891514784,6777391,NC
-0.30416462061790284,6777392,NC
-0.27419474458599025,6777393,NC
-0.2692248408088562,6777394,NC
-0.2692549092759569,6777395,NC
-0.2642849499767581,6777396,NC
-0.25431496290073524,6777397,NC
-0.2543449480373735,6777398,NC
-0.219374905376168,6777399,NC
-0.21940483490662327,6777400,NC
-0.23943473661825376,6777401,NC
-0.2544646105005838,6777402,NC
-0.26449445654314707,6777403,NC
-0.23452427473548754,6777404,NC
-0.21955406506715847,6777405,NC
-0.1945838275277231,6777406,NC
-0.19461356210675446,6777407,NC
-0.20464326879383524,6777408,NC
-0.20967294757855792,6777409,NC
-0.2147025984505248,6777410,NC
-0.194732221399348,6777411,NC
-0.2047618164146493,6777412,NC
-0.20479138348606032,6777413,NC
-0.2098209226032226,6777414,NC
-0.2298504337557872,6777415,NC
-0.2198799169334153,6777416,NC
-0.21490937212577751,6777417,NC
-0.21993879932255467,6777418,NC
-0.22996819851343697,6777419,NC
-0.24999756968812484,6777420,NC
-0.2550269128363283,6777421,NC
-0.2550562279477671,6777422,NC
-0.23008551501217106,6777423,NC
-0.24011477401927966,6777424,NC
-0.22514400495884226,6777425,NC
-0.26517320782061804,6777426,NC
-0.265202382594376,6777427,NC
-0.26523152926989496,6777428,NC
-0.2602606478369638,6777429,NC
-0.24028973828538083,6777430,NC
-0.2503188006049546,6777431,NC
-0.2603478347855034,6777432,NC
-0.2703768408168552,6777433,NC
-0.2654058186888481,6777434,NC
-0.28543476839132986,6777435,NC
-0.26546368991415836,6777436,NC
-0.31049258324720097,6777437,NC
-0.30552144838033524,6777438,NC
-0.3055502853034485,6777439,NC
-0.28057909400643805,6777440,NC
-0.2706078744792109,6777441,NC
-0.2656366267116841,6777442,NC
-0.2756653506937845,6777443,NC
-0.29569404641544894,6777444,NC
-0.3107227138666241,6777445,NC
-0.3057513530372666,6777446,NC
-0.29577996391734285,6777447,NC
-0.28580854649682935,6777448,NC
-0.2908371007657124,6777449,NC
-0.3008656267139883,6777450,NC
-0.3058941243316632,6777451,NC
-0.3009225936087531,6777452,NC
-0.28095103453528414,6777453,NC
-0.2759794471012923,6777454,NC
-0.2660078312968233,6777455,NC
-0.2860361871119331,6777456,NC
-0.3010645145366876,6777457,NC
-0.28609281356116223,6777458,NC
-0.3011210841754429,6777459,NC
-0.27114932636962513,6777460,NC
-0.29617754013381453,6777461,NC
-0.3162057254581266,6777462,NC
-0.32623388233268685,6777463,NC
-0.28626201074763086,6777464,NC
-0.29129011069310395,6777465,NC
-0.28131818215926163,6777466,NC
-0.28134622513626917,6777467,NC
-0.2863742396143021,6777468,NC
-0.2964022255835457,6777469,NC
-0.28143018303419526,6777470,NC
-0.2714581119564562,6777471,NC
-0.25648601234054386,6777472,NC
-0.2565138841766835,6777473,NC
-0.25654172745511056,6777474,NC
-0.2465695421660703,6777475,NC
-0.23159732829981805,6777476,NC
-0.22162508584661925,6777477,NC
-0.18665281479674922,6777478,NC
-0.15168051514049338,6777479,NC
-0.13170818686814706,6777480,NC
-0.0767358299700158,6777481,NC
0.01323655556358494,6777482,NC
0.11820896974232974,6777483,NC
0.2081814125758829,6777484,NC
0.2581538840738991,6777485,NC
0.2731263842460224,6777486,NC
0.2630989131018875,6777487,NC
0.22807147065111844,6777488,NC
0.18304405690332948,6777489,NC
0.13301667186812483,6777490,NC
0.10798931555509861,6777491,NC
0.10296198797383489,6777492,NC
0.14293468913390767,6777493,NC
0.2629074190448808,6777494,NC
0.40288017771630824,6777495,NC
0.5378529651577337,6777496,NC
0.6528257813786909,6777497,NC
0.7177986263887034,6777498,NC
0.7727715001972847,6777499,NC
0.7477444028139383,6777500,NC
0.7077173342481576,6777501,L
0.6126902945094257,6777502,NC
0.5076632836072159,6777503,NC
0.39263630155099116,6777504,NC
0.2976093483502045,6777505,NC
0.2125824240142986,6777506,NC
0.10755552855270631,6777507,NC
-0.012471338025149825,6777508,NC
-0.14749817570985735,6777509,NC
-0.27752498449201385,6777510,NC
-0.3825517643622271,6777511,NC
-0.42757851531111496,6777512,NC
-0.4526052373293056,6777513,NC
-0.497631930407437,6777514,NC
-0.5076585945361576,6777515,NC
-0.5076852297061257,6777516,NC
-0.49271183590801004,6777517,NC
-0.4427384131324893,6777518,NC
-0.42776496137025233,6777519,NC
-0.39779148061199826,6777520,NC
-0.37281797084843626,6777521,NC
-0.3728444320702856,6777522,NC
-0.387870864268276,6777523,NC
-0.37289726743314694,6777524,NC
-0.3629236415556485,6777525,NC
-0.3579499866265406,6777526,NC
-0.3529763026365934,6777527,NC
-0.3730025895765875,6777528,NC
-0.37302884743731335,6777529,NC
-0.3630550762095717,6777530,NC
-0.36308127588417366,6777531,NC
-0.35310744645194025,6777532,NC
-0.3681335879037029,6777533,NC
-0.3631597002303032,6777534,NC
-0.3781857834225928,6777535,NC
-0.3632118374714338,6777536,NC
-0.34823786236769827,6777537,NC
-0.3482638581022687,6777538,NC
-0.33328982466603757,6777539,NC
-0.3433157620499078,6777540,NC
-0.3633416702447925,6777541,NC
-0.3583675492416149,6777542,NC
-0.3383933990313085,6777543,NC
-0.33341921960481696,6777544,NC
-0.3334450109530943,6777545,NC
-0.3384707730671049,6777546,NC
-0.343496505937823,6777547,NC
-0.33852220955623336,6777548,NC
-0.308547883913331,6777549,NC
-0.2985735290001211,6777550,NC
-0.303599144807619,6777551,NC
-0.32362473132685055,6777552,NC
-0.33865028854885176,6777553,NC
-0.31867581646466875,6777554,NC
-0.293701315065358,6777555,NC
-0.28372678434198645,6777556,NC
-0.27875222428563107,6777557,NC
-0.29377763488737907,6777558,NC
-0.29380301613832827,6777559,NC
-0.2838283680295864,6777560,NC
-0.2738536905522717,6777561,NC
-0.2488789836975126,6777562,NC
-0.24890424745644785,6777563,NC
-0.2489294818202266,6777564,NC
-0.24395468678000806,6777565,NC
-0.21897986232696198,6777566,NC
-0.21400500845226827,6777567,NC
-0.18903012514711726,6777568,NC
-0.18905521240270945,6777569,NC
-0.19408027021025573,6777570,NC
-0.18910529856097735,6777571,NC
-0.1641302974461058,6777572,NC
-0.12415526685688297,6777573,NC
-0.10918020678456097,6777574,NC
-0.10920511722040238,6777575,NC
-0.10922999815567994,6777576,NC
-0.10925484958167689,6777577,NC
-0.08927967148968677,6777578,NC
-0.05930446387101337,6777579,NC
-0.03432922671697085,6777580,NC
-0.03435396001888383,6777581,NC
-0.019378663768087195,6777582,NC
-0.014403337955926146,6777583,NC
-0.009427982573756308,6777584,NC
0.010547402387056301,6777585,NC
0.030522816935135463,6777586,NC
0.050498261079094386,6777587,NC
0.06047373482753608,6777588,NC
0.06544923818905307,6777589,NC
0.0704247711722276,6777590,NC
0.10540033378563146,6777591,NC
0.13037592603782605,6777592,NC
0.12035154793736241,6777593,NC
0.12032719949278131,6777594,NC
0.10530288071261298,6777595,NC
0.12027859160537722,6777596,NC
0.11525433217958367,6777597,NC
0.10023010244373123,6777598,NC
0.07020590240630876,6777599,NC
0.04518173207579443,6777600,NC
0.00015759146065619234,6777601,NC
-0.03986651943064855,6777602,NC
-0.04489060058967274,6777603,NC
-0.04991465200797969,6777604,NC
-0.07993867367714325,6777605,NC
-0.10496266558874759,6777606,NC
-0.13998662773438736,6777607,NC
-0.1600105601056676,6777608,NC
-0.15003446269420379,6777609,NC
-0.15505833549162196,6777610,NC
-0.1600821784895583,6777611,NC
-0.20510599167965982,6777612,NC
-0.21012977505358355,6777613,NC
-0.23015352860299737,6777614,NC
-0.2201772523195793,6777615,NC
-0.21520094619501795,6777616,NC
-0.24022461022101244,6777617,NC
-0.23524824438927222,6777618,NC
-0.2602718486915172,6777619,NC
-0.2702954231194779,6777620,NC
-0.25531896766489526,6777621,NC
-0.23534248231952046,6777622,NC
-0.2603659670751155,6777623,NC
-0.2653894219234526,6777624,NC
-0.2704128468563146,6777625,NC
-0.29043624186549477,6777626,NC
-0.2704596069427968,6777627,NC
-0.2554829420800351,6777628,NC
-0.2605062472690341,6777629,NC
-0.2805295225016293,6777630,NC
-0.2755527677696663,6777631,NC
-0.2655759830650013,6777632,NC
-0.250599168379501,6777633,NC
-0.2506223237050427,6777634,NC
-0.2706454490335141,6777635,NC
-0.28566854435681344,6777636,NC
-0.2956916096668493,6777637,NC
-0.2957146449555412,6777638,NC
-0.2707376502148187,6777639,NC
-0.26576062543662227,6777640,NC
-0.27578357061290265,6777641,NC
-0.2908064857356211,6777642,NC
-0.3008293707967497,6777643,NC
-0.28585222578827074,6777644,NC
-0.2858750507021771,6777645,NC
-0.28589784553047237,6777646,NC
-0.29592061026517047,6777647,NC
-0.3109433448982961,6777648,NC
-0.3109660494218843,6777649,NC
-0.3109887238279807,6777650,NC
-0.30601136810864155,6777651,NC
-0.28103398225593357,6777652,NC
-0.29105656626193416,6777653,NC
-0.3060791201187311,6777654,NC
-0.29610164381842297,6777655,NC
-0.28612413735311865,6777656,NC
-0.3061466007149377,6777657,NC
-0.2761690338960104,6777658,NC
-0.28119143688847736,6777659,NC
-0.30121380968448996,6777660,NC
-0.29623615227621003,6777661,NC
-0.30125846465581,6777662,NC
-0.281280746815473,6777663,NC
-0.27130299874739255,6777664,NC
-0.28632522044377295,6777665,NC
-0.30134741189682895,6777666,NC
-0.3063695730987861,6777667,NC
-0.3113917040418802,6777668,NC
-0.291413804718358,6777669,NC
-0.29143587512047664,6777670,NC
-0.28645791524050407,6777671,NC
-0.31147992507071853,6777672,NC
-0.32650190460340917,6777673,NC
-0.31152385383087566,6777674,NC
-0.28654577274542825,6777675,NC
-0.2965676613393877,6777676,NC
-0.30158951960508573,6777677,NC
-0.3316113475348643,6777678,NC
-0.33163314512107633,6777679,NC
-0.31665491235608517,6777680,NC
-0.2966766492322648,6777681,NC
-0.2866983557419999,6777682,NC
-0.30172003187768576,6777683,NC
-0.31174167763172833,6777684,NC
-0.3267632929965443,6777685,NC
-0.3367848779645608,6777686,NC
-0.32680643252821573,6777687,NC
-0.31682795667995767,6777688,NC
-0.31684945041224577,6777689,NC
-0.33687091371754985,6777690,NC
-0.3268923465883505,6777691,NC
-0.3319137490171389,6777692,NC
-0.32193512099641675,6777693,NC
-0.3219564625186967,6777694,NC
-0.3169777735765018,6777695,NC
-0.3269990541623661,6777696,NC
-0.33702030426883384,6777697,NC
-0.35704152388846044,6777698,NC
-0.33706271301381174,6777699,NC
-0.3270838716374643,6777700,NC
-0.33210499975200525,6777701,NC
-0.3371260973500327,6777702,NC
-0.3421471644241552,6777703,NC
-0.33716820096699207,6777704,NC
-0.3221892069711734,6777705,NC
-0.31221018242933984,6777706,NC
-0.3072311273341429,6777707,NC
-0.3072520416782445,6777708,NC
-0.3022729254543177,6777709,NC
-0.27229377865504595,6777710,NC
-0.25231460127312355,6777711,NC
-0.2523353933012553,6777712,NC
-0.2623561547321571,6777713,NC
-0.28237688555855534,6777714,NC
-0.292397585773187,6777715,NC
-0.27741825536880005,6777716,NC
-0.24243889433815297,6777717,NC
-0.23745950267401517,6777718,NC
-0.23748008036916662,6777719,NC
-0.23750062741639816,6777720,NC
-0.24252114380851125,6777721,NC
-0.25754162953831816,6777722,NC
-0.2325620845986418,6777723,NC
-0.23258250898231608,6777724,NC
-0.24260290268218543,6777725,NC
-0.27262326569110495,6777726,NC
-0.27764359800194083,6777727,NC
-0.27266389960756965,6777728,NC
-0.267684170500879,6777729,NC
-0.2527044106747671,6777730,NC
-0.26772462012214304,6777731,NC
-0.2877447988359265,6777732,NC
-0.30776494680904815,6777733,NC
-0.3227850640344492,6777734,NC
-0.3028051505050819,6777735,NC
-0.29782520621390896,6777736,NC
-0.30784523115390405,6777737,NC
-0.32786522531805173,6777738,NC
-0.32788518869934713,6777739,NC
-0.3329051212907962,6777740,NC
-0.32292502308541576,6777741,NC
-0.31294489407623344,6777742,NC
-0.32296473425628747,6777743,NC
-0.32798454361862717,6777744,NC
-0.3480043221563124,6777745,NC
-0.35302406986241386,6777746,NC
-0.3530437867300132,6777747,NC
-0.35306347275220273,6777748,NC
-0.37308312792208564,6777749,NC
-0.368102752232776,6777750,NC
-0.3731223456773983,6777751,NC
-0.3681419082490885,6777752,NC
-0.3681614399409928,6777753,NC
-0.36318094074626844,6777754,NC
-0.36320041065808356,6777755,NC
-0.383219849669617,6777756,NC
-0.3782392577740584,6777757,NC
-0.3932586349646084,6777758,NC
-0.3632779812344783,6777759,NC
-0.36329729657689036,6777760,NC
-0.36831658098507747,6777761,NC
-0.3883358344522836,6777762,NC
-0.3833550569717635,6777763,NC
-0.3833742485367826,6777764,NC
-0.37839340914061736,6777765,NC
-0.3634125387765551,6777766,NC
-0.3884316374378938,6777767,NC
-0.3834507051179424,6777768,NC
-0.3884697418100207,6777769,NC
-0.3784887475074594,6777770,NC
-0.37350772220360007,6777771,NC
-0.36352666589179494,6777772,NC
-0.37354557856540727,6777773,NC
-0.3785644602178113,6777774,NC
-0.39858331084239185,6777775,NC
-0.3936021304325449,6777776,NC
-0.37362091898167693,6777777,NC
-0.3586396764832058,6777778,NC
-0.35865840293055984,6777779,NC
-0.3786770983171783,6777780,NC
-0.38869576263651157,6777781,NC
-0.3837143958820207,6777782,NC
-0.3737329980471777,6777783,NC
-0.35875156912546546,6777784,NC
-0.34877010911037776,6777785,NC
-0.35878861799541917,6777786,NC
-0.3788070957741054,6777787,NC
-0.36382554243996285,6777788,NC
-0.3538439579865289,6777789,NC
-0.3388623424073517,6777790,NC
-0.3138806956959906,6777791,NC
-0.2888990178460156,6777792,NC
-0.23391730885100764,6777793,NC
-0.13393556870455875,6777794,NC
-0.013953797400271598,6777795,NC
0.08102800506824002,6777796,NC
0.16100983870735147,6777797,NC
0.20599170352342716,6777798,NC
0.21597359952282064,6777799,NC
0.18595552671187454,6777800,NC
0.15093748509692034,6777801,NC
0.08591947468427899,6777802,NC
0.06090149548026014,6777803,NC
0.020883547491162738,6777804,NC
0.050865630723274685,6777805,NC
0.1458477451828729,6777806,NC
0.28582989087622357,6777807,NC
0.4058120678095817,6777808,NC
0.5457942759891915,6777809,NC
0.6407765154212861,6777810,NC
0.680758786112088,6777811,NC
0.7007410880678082,6777812,NC
0.6557234212946472,6777813,L
0.5707057857987946,6777814,NC
0.4606881815864286,6777815,NC
0.3656706086637167,6777816,NC
0.24065306703681552,6777817,NC
0.16563555671187064,6777818,NC
0.08061807769501658,6777819,NC
-0.019399370007623,6777820,NC
-0.15441678638993545,6777821,NC
-0.28943417144581907,6777822,NC
-0.40945152516918315,6777823,NC
-0.494468847553948,6777824,NC
-0.5494861385940447,6777825,NC
-0.5745033982834157,6777826,NC
-0.6145206266160141,6777827,NC
-0.6295378235858042,6777828,NC
-0.619554989186761,6777829,NC
-0.5995721234128708,6777830,NC
-0.5695892262581307,6777831,NC
-0.5346062977165489,6777832,NC
-0.5296233377821447,6777833,NC
-0.5096403464489478,6777834,NC
-0.4996573237109999,6777835,NC
-0.514674269562353,6777836,NC
-0.49969118399706997,6777837,NC
-0.4847080670092253,6777838,NC
-0.514724918592904,6777839,NC
-0.5347417387422024,6777840,NC
-0.5497585274512277,6777841,NC
-0.5347752847140979,6777842,NC
-0.5247920105249423,6777843,NC
-0.4948087048779013,6777844,NC
-0.48982536776712604,6777845,NC
-0.49484199918677896,6777846,NC
-0.5148585991310332,6777847,NC
-0.49987516759407313,6777848,NC
-0.48989170457009434,6777849,NC
-0.46490821005330296,6777850,NC
-0.4599246840379166,6777851,NC
-0.46494112651816366,6777852,NC
-0.4699575374882837,6777853,NC
-0.4599739169425273,6777854,NC
-0.454990264875156,6777855,NC
-0.4500065812804424,6777856,NC
-0.4450228661526703,6777857,NC
-0.4600391194861343,6777858,NC
-0.46505534127514025,6777859,NC
-0.45007153151400503,6777860,NC
-0.4400876901970564,6777861,NC
-0.4251038173186334,6777862,NC
-0.41011991287308597,6777863,NC
-0.4301359768547752,6777864,NC
-0.4401520092580732,6777865,NC
-0.40516801007736314,6777866,NC
-0.3851839793070393,6777867,NC
-0.36019991694150694,6777868,NC
-0.36021582297518245,6777869,NC
-0.3502316974024933,6777870,NC
-0.3702475402178781,6777871,NC
-0.3652633514157863,6777872,NC
-0.37027913099067866,6777873,NC
-0.34029487893702687,6777874,NC
-0.33531059524931384,6777875,NC
-0.3303262799220335,6777876,NC
-0.33034193294969083,6777877,NC
-0.3303575543268019,6777878,NC
-0.29537314404789394,6777879,NC
-0.26538870210750515,6777880,NC
-0.26540422850018497,6777881,NC
-0.26041972322049384,6777882,NC
-0.2554351862630032,6777883,NC
-0.23045061762229588,6777884,NC
-0.2004660172929655,6777885,NC
-0.18048138526961696,6777886,NC
-0.16049672154686623,6777887,NC
-0.16051202611934037,6777888,NC
-0.1605272989816775,6777889,NC
-0.16554254012852698,6777890,NC
-0.11555774955454912,6777891,NC
-0.0905729272544155,6777892,NC
-0.08058807322280867,6777893,NC
-0.0806031874544224,6777894,NC
-0.08061826994396157,6777895,NC
-0.05063332068614209,6777896,NC
-0.03564833967569111,6777897,NC
-0.02066332690734682,6777898,NC
-0.005678282375858615,6777899,NC
-0.000693206075986913,6777900,NC
0.014291901997496637,6777901,NC
0.01927704184980933,6777902,NC
0.044262213486157276,6777903,NC
0.059247416911735476,6777904,NC
0.0392326521317278,6777905,NC
-0.005782080848693069,6777906,NC
-0.015796782024365533,6777907,NC
-0.03581145139013916,6777908,NC
-0.06582608894087466,6777909,NC
-0.09084069467144387,6777910,NC
-0.11085526857672982,6777911,NC
-0.16586981065162665,6777912,NC
-0.21088432089103964,6777913,NC
-0.24589879928988534,6777914,NC
-0.2609132458430913,6777915,NC
-0.2709276605455962,6777916,NC
-0.2809420433923501,6777917,NC
-0.31095639437831407,6777918,NC
-0.3209707134984603,6777919,NC
-0.31598500074777225,6777920,NC
-0.32599925612124453,6777921,NC
-0.3110134796138828,6777922,NC
-0.3410276712207041,6777923,NC
-0.3410418309367364,6777924,NC
-0.351055958757019,6777925,NC
-0.35607005467660235,6777926,NC
-0.35608411869054807,6777927,NC
-0.3560981507939289,6777928,NC
-0.3511121509818289,6777929,NC
-0.37112611924934313,6777930,NC
-0.3761400555915779,6777931,NC
-0.3761539600036509,6777932,NC
-0.36116783248069073,6777933,NC
-0.3561816730178372,6777934,NC
-0.3561954816102415,6777935,NC
-0.3762092582530658,6777936,NC
-0.3812230029414837,6777937,NC
-0.3762367156706798,6777938,NC
-0.36625039643584995,6777939,NC
-0.37126404523220125,6777940,NC
-0.37627766205495183,6777941,NC
-0.3962912468993313,6777942,NC
-0.3963047997605803,6777943,NC
-0.3863183206339506,6777944,NC
-0.3963318095147054,6777945,NC
-0.37134526639811893,6777946,NC
-0.37635869127947663,6777947,NC
-0.3963720841540752,6777948,NC
-0.3963854450172227,6777949,NC
-0.39639877386423816,6777950,NC
-0.37641207069045185,6777951,NC
-0.3764253354912055,6777952,NC
-0.39143856826185186,6777953,NC
-0.4164517689977548,6777954,NC
-0.4414649376942897,6777955,NC
-0.421478074346843,6777956,NC
-0.39149117895081226,6777957,NC
-0.39650425150160656,6777958,NC
-0.3865172919946459,6777959,NC
-0.4015303004253618,6777960,NC
-0.4115432767891967,6777961,NC
-0.40655622108160455,6777962,NC
-0.3865691332980504,6777963,NC
-0.38658201343401055,6777964,NC
-0.3915948614849726,6777965,NC
-0.42160767744643524,6777966,NC
-0.42662046131390857,6777967,NC
-0.42663321308291385,6777968,NC
-0.4216459327489836,6777969,NC
-0.4016586203076616,6777970,NC
-0.4066712757545029,6777971,NC
-0.42668389908507376,6777972,NC
-0.4516964902949516,6777973,NC
-0.46670904937972535,6777974,NC
-0.446721576334995,6777975,NC
-0.42673407115637174,6777976,NC
-0.4167465338394782,6777977,NC
-0.41675896437994814,6777978,NC
-0.43177136277342665,6777979,NC
-0.44178372901557,6777980,NC
-0.4317960631020459,6777981,NC
-0.44180836502853305,6777982,NC
-0.4518206347907217,6777983,NC
-0.4818328723843132,6777984,NC
-0.4768450778050202,6777985,NC
-0.47185725104856663,6777986,NC
-0.46186939211068767,6777987,NC
-0.45188150098712987,6777988,NC
-0.43689357767365095,6777989,NC
-0.46190562216601994,6777990,NC
-0.46191763446001716,6777991,NC
-0.4769296145514342,6777992,NC
-0.4719415624360739,6777993,NC
-0.4519534781097504,6777994,NC
-0.46696536156828927,6777995,NC
-0.47697721280752714,6777996,NC
-0.48198903182331204,6777997,NC
-0.4720008186115033,6777998,NC
-0.45701257316797145,6777999,NC
-0.44202429548859845,6778000,NC
-0.45703598556927744,6778001,NC
-0.472047643405913,6778002,NC
-0.49205926899442076,6778003,NC
-0.49707086233072784,6778004,NC
-0.4820824234107726,6778005,NC
-0.47709395223050477,6778006,NC
-0.49210544878588525,6778007,NC
-0.5121169130728864,6778008,NC
-0.5221283450874917,6778009,NC
-0.5121397448256961,6778010,NC
-0.49715111228350595,6778011,NC
-0.4771624474569384,6778012,NC
-0.4771737503420226,6778013,NC
-0.4771850209347984,6778014,NC
-0.4971962592313175,6778015,NC
-0.5022074652276425,6778016,NC
-0.4772186389198475,6778017,NC
-0.45222978030401795,6778018,NC
-0.44724088937625045,6778019,NC
-0.4472519661326531,6778020,NC
-0.45726301056934526,6778021,NC
-0.4622740226824576,6778022,NC
-0.452285002468132,6778023,NC
-0.44229594992252197,6778024,NC
-0.44230686504179206,6778025,NC
-0.45731774782211826,6778026,NC
-0.4623285982596879,6778027,NC
-0.4523394163506996,6778028,NC
-0.4423502020913633,6778029,NC
-0.4173609554779003,6778030,NC
-0.4223716765065434,6778031,NC
-0.42738236517353634,6778032,NC
-0.44239302147513454,6778033,NC
-0.4474036454076047,6778034,NC
-0.4324142369672248,6778035,NC
-0.4324247961502841,6778036,NC
-0.4424353229530833,6778037,NC
-0.44744581737193456,6778038,NC
-0.46745627940316103,6778039,NC
-0.4524667090430976,6778040,NC
-0.47247710628809025,6778041,NC
-0.4574874711344964,6778042,NC
-0.47749780357868477,6778043,NC
-0.49750810361703557,6778044,NC
-0.5075183712459401,6778045,NC
-0.5075286064618014,6778046,NC
-0.48753880926103366,6778047,NC
-0.47754897964006215,6778048,NC
-0.487559117595324,6778049,NC
-0.5275692231232673,6778050,NC
-0.5525792962203517,6778051,NC
-0.5275893368830483,6778052,NC
-0.5275993451078393,6778053,NC
-0.5026093208912185,6778054,NC
-0.5276192642296909,6778055,NC
-0.5376291751197729,6778056,NC
-0.5626390535579924,6778057,NC
-0.5576488995408885,6778058,NC
-0.5426587130650118,6778059,NC
-0.5276684941269241,6778060,NC
-0.5176782427231987,6778061,NC
-0.5376879588504205,6778062,NC
-0.5526976425051853,6778063,NC
-0.5577072936841005,6778064,NC
-0.5677169123837851,6778065,NC
-0.542726498600869,6778066,NC
-0.542736052331994,6778067,NC
-0.5627455735738127,6778068,NC
-0.5577550623229899,6778069,NC
-0.5577645185762008,6778070,NC
-0.5677739423301327,6778071,NC
-0.5527833335814841,6778072,NC
-0.5427926923269649,6778073,NC
-0.5578020185632963,6778074,NC
-0.5678113122872106,6778075,NC
-0.5678205734954523,6778076,NC
-0.5928298021847767,6778077,NC
-0.5578389983519504,6778078,NC
-0.5528481619937518,6778079,NC
-0.5628572931069703,6778080,NC
-0.572866391688407,6778081,NC
-0.5678754577348744,6778082,NC
-0.5578844912431962,6778083,NC
-0.5428934922102076,6778084,NC
-0.5479024606327549,6778085,NC
-0.5779113965076965,6778086,NC
-0.5779202998319017,6778087,NC
-0.5579291706022512,6778088,NC
-0.5479380088156371,6778089,NC
-0.5229468144689633,6778090,NC
-0.5379555875591446,6778091,NC
-0.5629643280831074,6778092,NC
-0.5729730360377896,6778093,NC
-0.5679817114201404,6778094,NC
-0.5279903542271206,6778095,NC
-0.517998964455702,6778096,NC
-0.5080075421028684,6778097,NC
-0.5030160871656144,6778098,NC
-0.49802459964094653,6778099,NC
-0.48303307952588237,6778100,NC
-0.42804152681745106,6778101,NC
-0.3730499415126932,6778102,NC
-0.2980583236086608,6778103,NC
-0.22306667310241723,6778104,NC
-0.17307498999103738,6778105,NC
-0.11808327427160739,6778106,NC
-0.093091525941225,6778107,NC
-0.09309974499699927,6778108,NC
-0.13310793143605076,6778109,NC
-0.23311608525551142,6778110,NC
-0.33812420645252456,6778111,NC
-0.4331322950242451,6778112,NC
-0.5031403509678392,6778113,NC
-0.4931483742804844,6778114,NC
-0.43315636495937004,6778115,NC
-0.3631643230016966,6778116,NC
-0.2531722484046759,6778117,NC
-0.15318014116553147,6778118,NC
-0.058188001281498106,6778119,NC
0.021804171250177903,6778120,NC
0.05679637643223885,6778121,NC
0.046788614267415624,6778122,NC
0.006780884758427558,6778123,L
-0.06322681209201733,6778124,NC
-0.13323447628122248,6778125,NC
-0.2282421078065029,6778126,NC
-0.3282497066651848,6778127,NC
-0.39825727285460616,6778128,NC
-0.48326480637211616,6778129,NC
-0.5532723072150754,6778130,NC
-0.6032797753808562,6778131,NC
-0.6632872108668418,6778132,NC
-0.7182946136704278,6778133,NC
-0.7783019837890203,6778134,NC
-0.8133093212200372,6778135,NC
-0.8333166259609082,6778136,NC
-0.8183238980090737,6778137,NC
-0.8033311373619865,6778138,NC
-0.7833383440171099,6778139,NC
-0.7733455179719195,6778140,NC
-0.7733526592239017,6778141,NC
-0.7383597677705547,6778142,NC
-0.7033668436093881,6778143,NC
-0.6733738867379229,6778144,NC
-0.6533808971536916,6778145,NC
-0.6483878748542382,6778146,NC
-0.658394819837118,6778147,NC
-0.658401732099898,6778148,NC
-0.6484086116401568,6778149,NC
-0.6384154584554838,6778150,NC
-0.6284222725434803,6778151,NC
-0.6434290539017592,6778152,NC
-0.6584358025279445,6778153,NC
-0.6484425184196724,6778154,NC
-0.6384492015745894,6778155,NC
-0.6284558519903545,6778156,NC
-0.6334624696646376,6778157,NC
-0.6384690545951204,6778158,NC
-0.6434756067794958,6778159,NC
-0.6384821262154683,6778160,NC
-0.618488612900754,6778161,NC
-0.6084950668330802,6778162,NC
-0.6185014880101859,6778163,NC
-0.6335078764298215,6778164,NC
-0.6335142320897489,6778165,NC
-0.6335205549877413,6778166,NC
-0.6185268451215835,6778167,NC
-0.6035331024890721,6778168,NC
-0.5935393270880146,6778169,NC
-0.6035455189162304,6778170,NC
-0.6185516779715503,6778171,NC
-0.6185578042518163,6778172,NC
-0.5935638977548823,6778173,NC
-0.5685699584786135,6778174,NC
-0.5685759864208864,6778175,NC
-0.5835819815795893,6778176,NC
-0.5985879439526218,6778177,NC
-0.563593873537895,6778178,NC
-0.5485997703333317,6778179,NC
-0.5386056343368659,6778180,NC
-0.5286114655464431,6778181,NC
-0.5286172639600204,6778182,NC
-0.5286230295755665,6778183,NC
-0.5186287623910614,6778184,NC
-0.5036344624044966,6778185,NC
-0.46364012961387524,6778186,NC
-0.4686457640172118,6778187,NC
-0.4836513656125323,6778188,NC
-0.4836569343978743,6778189,NC
-0.4686624703712869,6778190,NC
-0.4336679735308305,6778191,NC
-0.41367344387457705,6778192,NC
-0.40367888140061026,6778193,NC
-0.41368428610702507,6778194,NC
-0.4036896579919279,6778195,NC
-0.3786949970534368,6778196,NC
-0.36370030328968134,6778197,NC
-0.3387055766988024,6778198,NC
-0.3337108172789526,6778199,NC
-0.3487160250282959,6778200,NC
-0.33372119994500776,6778201,NC
-0.3237263420272753,6778202,NC
-0.3037314512732969,6778203,NC
-0.2687365276812827,6778204,NC
-0.2587415712494542,6778205,NC
-0.24874658197604438,6778206,NC
-0.24875155985929778,6778207,NC
-0.23375650489747046,6778208,NC
-0.21376141708882995,6778209,NC
-0.19876629643165533,6778210,NC
-0.18877114292423716,6778211,NC
-0.1787759565648775,6778212,NC
-0.18878073735188994,6778213,NC
-0.16878548528359955,6778214,NC
-0.1337902003583429,6778215,NC
-0.1387948825744682,6778216,NC
-0.11879953193033502,6778217,NC
-0.1238041484243145,6778218,NC
-0.13880873205478927,6778219,NC
-0.1388132828201535,6778220,NC
-0.1338178007188129,6778221,NC
-0.14382228574918465,6778222,NC
-0.15382673790969742,6778223,NC
-0.18383115719879148,6778224,NC
-0.21383554361491852,6778225,NC
-0.23383989715654188,6778226,NC
-0.25884421782213624,6778227,NC
-0.2588485056101879,6778228,NC
-0.28885276051919473,6778229,NC
-0.32385698254766604,6778230,NC
-0.3588611716941226,6778231,NC
-0.3788653279570969,6778232,NC
-0.3788694513351327,6778233,NC
-0.3838735418267855,6778234,NC
-0.4038775994306223,6778235,NC
-0.44388162414522137,6778236,NC
-0.45388561596917276,6778237,NC
-0.468889574901078,6778238,NC
-0.4688935009395501,6778239,NC
-0.4588973940832136,6778240,NC
-0.46890125433070456,6778241,NC
-0.5139050816806705,6778242,NC
-0.5039088761317707,6778243,NC
-0.5039126376826758,6778244,NC
-0.5039163663320678,6778245,NC
-0.4739200620786405,6778246,NC
-0.49392372492109915,6778247,NC
-0.5089273548581604,6778248,NC
-0.5289309518885528,6778249,NC
-0.5289345160110157,6778250,NC
-0.5139380472243009,6778251,NC
-0.493941545527171,6778252,NC
-0.5189450109184005,6778253,NC
-0.5289484433967753,6778254,NC
-0.5289518429610929,6778255,NC
-0.5389552096101622,6778256,NC
-0.5289585433428037,6778257,NC
-0.5039618441578496,6778258,NC
-0.5189651120541434,6778259,NC
-0.5439683470305403,6778260,NC
-0.5439715490859068,6778261,NC
-0.5389747182191212,6778262,NC
-0.5289778544290733,6778263,NC
-0.5139809577146641,6778264,NC
-0.5189840280748067,6778265,NC
-0.5389870655084252,6778266,NC
-0.5589900700144556,6778267,NC
-0.528993041591845,6778268,NC
-0.5139959802395526,6778269,NC
-0.508998885956549,6778270,NC
-0.49400175874181596,6778271,NC
-0.514004598594347,6778272,NC
-0.5390074055131474,6778273,NC
-0.5290101794972337,6778274,NC
-0.5140129205456339,6778275,NC
-0.5040156286573879,6778276,NC
-0.49901830383154694,6778277,NC
-0.5090209460671736,6778278,NC
-0.5140235553633423,6778279,NC
-0.519026131719139,6778280,NC
-0.519028675133661,6778281,NC
-0.5090311856060172,6778282,NC
-0.504033663135328,6778283,NC
-0.5140361077207257,6778284,NC
-0.4990385193613538,6778285,NC
-0.5140408980563671,6778286,NC
-0.4990432438049325,6778287,NC
-0.4990455566062281,6778288,NC
-0.5040478364594436,6778289,NC
-0.5090500833637804,6778290,NC
-0.5240522973184513,6778291,NC
-0.4990544783226806,6778292,NC
-0.49905662637570414,6778293,NC
-0.4890587414767694,6778294,NC
-0.47906082362513547,6778295,NC
-0.5090628728200728,6778296,NC
-0.5090648890608634,6778297,NC
-0.5040668723468011,6778298,NC
-0.489068822677191,6778299,NC
-0.4790707400513497,6778300,NC
-0.4790726244686056,6778301,NC
-0.47907447592829844,6778302,NC
-0.48907629442977957,6778303,NC
-0.49407807997241193,6778304,NC
-0.4790798325555699,6778305,NC
-0.46908155217863956,6778306,NC
-0.4740832388410185,6778307,NC
-0.4890848925421157,6778308,NC
-0.4940865132813518,6778309,NC
-0.49408810105815903,6778310,NC
-0.4790896558719811,6778311,NC
-0.4640911777222734,6778312,NC
-0.4690926666085026,6778313,NC
-0.47909412253014716,6778314,NC
-0.48909554548669704,6778315,NC
-0.47909693547765364,6778316,NC
-0.47909829250253005,6778317,NC
-0.44909961656085085,6778318,NC
-0.45910090765215217,6778319,NC
-0.4591021657759816,6778320,NC
-0.4591033909318985,6778321,NC
-0.44910458311947354,6778322,NC
-0.43410574233828914,6778323,NC
-0.40410686858793904,6778324,NC
-0.41410796186802884,6778325,NC
-0.42910902217817537,6778326,NC
-0.42411004951800724,6778327,NC
-0.41411104388716447,6778328,NC
-0.38911200528529877,6778329,NC
-0.3741129337120733,6778330,NC
-0.36911382916716273,6778331,NC
-0.3791146916502534,6778332,NC
-0.3691155211610432,6778333,NC
-0.3741163176992414,6778334,NC
-0.34411708126456897,6778335,NC
-0.3341178118567585,6778336,NC
-0.3291185094755539,6778337,NC
-0.3491191741207108,6778338,NC
-0.36911980579199644,6778339,NC
-0.37412040448918943,6778340,NC
-0.36912097021208,6778341,NC
-0.34912150296047,6778342,NC
-0.3441220027341728,6778343,NC
-0.3691224695330133,6778344,NC
-0.3841229033568279,6778345,NC
-0.3941233042054647,6778346,NC
-0.3791236720787832,6778347,NC
-0.35412400697665464,6778348,NC
-0.3591243088989615,6778349,NC
-0.3941245778455982,6778350,NC
-0.39412481381647035,6778351,NC
-0.37912501681149535,6778352,NC
-0.37412518683060214,6778353,NC
-0.36912532387373104,6778354,NC
-0.3741254279408341,6778355,NC
-0.3891254990318748,6778356,NC
-0.3891255371468284,6778357,NC
-0.39912554228568137,6778358,NC
-0.384125514448432,6778359,NC
-0.3741254536350901,6778360,NC
-0.36912535984567674,6778361,NC
-0.35412523308022503,6778362,NC
-0.35412507333877924,6778363,NC
-0.3491248806213954,6778364,NC
-0.33912465492814103,6778365,NC
-0.3241243962590951,6778366,NC
-0.3341241046143484,6778367,NC
-0.33912377999400295,6778368,NC
-0.3591234223981726,6778369,NC
-0.35412303182698246,6778370,NC
-0.33912260828056956,6778371,NC
-0.3091221517590822,6778372,NC
-0.2991216622626803,6778373,NC
-0.3191211397915354,6778374,NC
-0.32912058434583047,6778375,NC
-0.33411999592576014,6778376,NC
-0.3191193745315306,6778377,NC
-0.29411872016335955,6778378,NC
-0.2891180328214762,6778379,NC
-0.2991173125061213,6778380,NC
-0.31411655921754733,6778381,NC
-0.3141157729560181,6778382,NC
-0.2891149537218091,6778383,NC
-0.2691141015152074,6778384,NC
-0.2641132163365115,6778385,NC
-0.27911229818603156,6778386,NC
-0.28411134706408914,6778387,NC
-0.2841103629710176,6778388,NC
-0.27410934590716163,6778389,NC
-0.2541082958728776,6778390,NC
-0.24410721286853326,6778391,NC
-0.26910609689450815,6778392,NC
-0.2741049479511932,6778393,NC
-0.269103766038991,6778394,NC
-0.24910255115831553,6778395,NC
-0.23410130330959245,6778396,NC
-0.21910002249325888,6778397,NC
-0.20409870870976365,6778398,NC
-0.19409736195956695,6778399,NC
-0.14909598224314066,6778400,NC
-0.1090945695609681,6778401,NC
-0.0390931239135442,6778402,NC
0.010908354698624528,6778403,NC
0.07590986627502012,6778404,NC
0.13091141081511296,6778405,NC
0.19091298831836193,6778406,NC
0.24091459878421445,6778407,NC
0.2659162422121062,6778408,NC
0.2659179186014614,6778409,NC
0.1959196279516929,6778410,NC
0.11592137026220173,6778411,NC
0.0459231455323775,6778412,NC
-0.00907504623840176,6778413,NC
-0.009073205050769514,6778414,NC
0.010928669094629154,6778415,NC
0.08093057619713769,6778416,NC
0.16093251625608795,6778417,NC
0.2659344892708002,6778418,NC
0.37593649524058337,6778419,NC
0.4659385341647345,6778420,NC
0.5059406060425393,6778421,NC
0.510942710873272,6778422,NC
0.4559448486561952,6778423,L
0.3659470193905598,6778424,NC
0.28594922307560533,6778425,NC
0.20095145971055986,6778426,NC
0.11595372929463976,6778427,NC
0.01595603182704987,6778428,NC
-0.07904163269301646,6778429,NC
-0.14903926426637748,6778430,NC
-0.20903686289386292,6778431,NC
-0.27403442857631405,6778432,NC
-0.3290319613145838,6778433,NC
-0.39902946110953647,6778434,NC
-0.449026927962048,6778435,NC
-0.44902436187300593,6778436,NC
-0.42902176284330923,6778437,NC
-0.38901913087386836,6778438,NC
-0.35401646596560554,6778439,NC
-0.33401376811945427,6778440,NC
-0.3190110373363599,6778441,NC
-0.28400827361727893,6778442,NC
-0.2590054769631797,6778443,NC
-0.24900264737504202,6778444,NC
-0.2639997848538572,6778445,NC
-0.26899688940062805,6778446,NC
-0.2789939610163691,6778447,NC
-0.2739909997021061,6778448,NC
-0.28398800545887665,6778449,NC
-0.24398497828772972,6778450,NC
-0.22898191818972585,6778451,NC
-0.2389788251659371,6778452,NC
-0.25397569921744717,6778453,NC
-0.2639725403453511,6778454,NC
-0.2639693485507557,6778455,NC
-0.24896612383477904,6778456,NC
-0.23896286619855095,6778457,NC
-0.24895957564321275,6778458,NC
-0.2489562521699172,6778459,NC
-0.2539528957798287,6778460,NC
-0.25394950647412307,6778461,NC
-0.2539460842539878,6778462,NC
-0.2639426291206218,6778463,NC
-0.25393914107523546,6778464,NC
-0.24893562011905096,6778465,NC
-0.24393206625330172,6778466,NC
-0.22392847947923283,6778467,NC
-0.2139248597981009,6778468,NC
-0.21392120721117408,6778469,NC
-0.22391752171973198,6778470,NC
-0.22891380332506578,6778471,NC
-0.1989100520284782,6778472,NC
-0.1789062678312835,6778473,NC
-0.17390245073480742,6778474,NC
-0.18889860074038722,6778475,NC
-0.17889471784937178,6778476,NC
-0.18889080206312137,6778477,NC
-0.1688868533830079,6778478,NC
-0.14388287181041476,6778479,NC
-0.11887885734673681,6778480,NC
-0.12387480999338055,6778481,NC
-0.12387072975176389,6778482,NC
-0.12886661662331633,6778483,NC
-0.12886247060947884,6778484,NC
-0.11385829171170397,6778485,NC
-0.08885407993145578,6778486,NC
-0.0988498352702098,6778487,NC
-0.08884555772945309,6778488,NC
-0.07884124731068431,6778489,NC
-0.05883690401541354,6778490,NC
-0.028832527845162437,6778491,NC
0.001171881198535854,6778492,NC
0.011176323114136646,6778493,NC
0.006180797900083787,6778494,NC
0.011185305554809538,6778495,NC
0.011189846076734691,6778496,NC
0.016194419464268528,6778497,NC
0.011199025715808775,6778498,NC
-0.003796335170258333,6778499,NC
-0.013791663195558038,6778500,NC
-0.008786958361727146,6778501,NC
0.02121777932958603,6778502,NC
0.06122254987672171,6778503,NC
0.09122735327800853,6778504,NC
0.11623218953176369,6778505,NC
0.12623705863629286,6778506,NC
0.12124196058989015,6778507,NC
0.15124689539083822,6778508,NC
0.17125186303740825,6778509,NC
0.18125686352785977,6778510,NC
0.20126189686044094,6778511,NC
0.22626696303338842,6778512,NC
0.22127206204492728,6778513,NC
0.2212771938932711,6778514,NC
0.23628235857662205,6778515,NC
0.2512875560931706,6778516,NC
0.23129278644109602,6778517,NC
0.20629804961856574,6778518,NC
0.181303345623736,6778519,NC
0.1463086744547512,6778520,NC
0.14131403610974458,6778521,NC
0.1163194305868377,6778522,NC
0.09132485788414063,6778523,NC
0.07633031799975197,6778524,NC
0.04133581093175877,6778525,NC
0.006341336678236692,6778526,NC
-0.0036531047627502145,6778527,NC
-0.0036475133931493237,6778528,NC
-0.03864188921491949,6778529,NC
-0.06363623223003116,6778530,NC
-0.09363054244046617,6778531,NC
-0.10362481984821792,6778532,NC
-0.09361906445529124,6778533,NC
-0.0986132762637025,6778534,NC
-0.10360745527547954,6778535,NC
-0.11360160149266173,6778536,NC
-0.10859571491729983,6778537,NC
-0.11858979555145618,6778538,NC
-0.12358384339720463,6778539,NC
-0.1085778584566304,6778540,NC
-0.12357184073183029,6778541,NC
-0.14356579022491256,6778542,NC
-0.13855970693799696,6778543,NC
-0.1385535908732147,6778544,NC
-0.14354744203270853,6778545,NC
-0.1285412604186326,6778546,NC
-0.1285350460331526,6778547,NC
-0.1285287988784457,6778548,NC
-0.15352251895670055,6778549,NC
-0.15851620627011728,6778550,NC
-0.1385098608209074,6778551,NC
-0.1435034826112941,6778552,NC
-0.15349707164351184,6778553,NC
-0.15349062791980672,6778554,NC
-0.16348415144243622,6778555,NC
-0.16347764221366928,6778556,NC
-0.1284711002357864,6778557,NC
-0.1184645255110795,6778558,NC
-0.13345791804185198,6778559,NC
-0.13845127783041872,6778560,NC
-0.138444604879106,6778561,NC
-0.14343789919025174,6778562,NC
-0.14343116076620516,6778563,NC
-0.12342438960932699,6778564,NC
-0.12841758572198947,6778565,NC
-0.13341074910657633,6778566,NC
-0.15340387976548264,6778567,NC
-0.1383969777011151,6778568,NC
-0.12839004291589173,6778569,NC
-0.1183830754122421,6778570,NC
-0.11337607519260723,6778571,NC
-0.12836904225943954,6778572,NC
-0.148361976615203,6778573,NC
-0.15335487826237298,6778574,NC
-0.15334774720343636,6778575,NC
-0.11334058344089143,6778576,NC
-0.11833338697724793,6778577,NC
-0.12832615781502715,6778578,NC
-0.13331889595676166,6778579,NC
-0.1483116014049957,6778580,NC
-0.15830427416228476,6778581,NC
-0.12329691423119596,6778582,NC
-0.13828952161430774,6778583,NC
-0.13828209631421007,6778584,NC
-0.14327463833350434,6778585,NC
-0.13326714767480335,6778586,NC
-0.11325962434073146,6778587,NC
-0.09325206833392433,6778588,NC
-0.09824447965702922,6778589,NC
-0.1182368583127047,6778590,NC
-0.1282292043036209,6778591,NC
-0.13322151763245926,6778592,NC
-0.15321379830191284,6778593,NC
-0.16820604631468594,6778594,NC
-0.2031982616734945,6778595,NC
-0.23319044438106576,6778596,NC
-0.2431825944401384,6778597,NC
-0.2231747118534627,6778598,NC
-0.1981667966238001,6778599,NC
-0.16815884875392378,6778600,NC
-0.17315086824661813,6778601,NC
-0.1881428551046791,6778602,NC
-0.18813480933091398,6778603,NC
-0.20812673092814155,6778604,NC
-0.18811861989919204,6778605,NC
-0.15811047624690708,6778606,NC
-0.16310229997413972,6778607,NC
-0.1730940910837544,6778608,NC
-0.1780858495786271,6778609,NC
-0.17307757546164518,6778610,NC
-0.17306926873570733,6778611,NC
-0.1530609294037238,6778612,NC
-0.1530525574686162,6778613,NC
-0.16804415293331756,6778614,NC
-0.18803571580077233,6778615,NC
-0.2030272460739364,6778616,NC
-0.1930187437557771,6778617,NC
-0.15801020884927308,6778618,NC
-0.17800164135741453,6778619,NC
-0.18299304128320293,6778620,NC
-0.18798440862965135,6778621,NC
-0.19797574339978408,6778622,NC
-0.17296704559663692,6778623,NC
-0.14795831522325711,6778624,NC
-0.13294955228270328,6778625,NC
-0.1379407567780454,6778626,NC
-0.1529319287123649,6778627,NC
-0.15292306808875467,6778628,NC
-0.12791417491031892,6778629,NC
-0.10790524918017333,6778630,NC
-0.12289629090144491,6778631,NC
-0.13788730007727218,6778632,NC
-0.12287827671080492,6778633,NC
-0.12286922080520446,6778634,NC
-0.10286013236364343,6778635,NC
-0.0878510113893059,6778636,NC
-0.10284185788538734,6778637,NC
-0.11783267185509458,6778638,NC
-0.13782345330164586,6778639,NC
-0.13781420222827087,6778640,NC
-0.13280491863821062,6778641,NC
-0.12279560253471752,6778642,NC
-0.15778625392105544,6778643,NC
-0.16777687280049952,6778644,NC
-0.1777674591763364,6778645,NC
-0.19275801305186407,6778646,NC
-0.1877485344303919,6778647,NC
-0.18773902331524062,6778648,NC
-0.1927294797097424,6778649,NC
-0.18271990361724072,6778650,NC
-0.19771029504109056,6778651,NC
-0.19770065398465814,6778652,NC
-0.20769098045132117,6778653,NC
-0.1826812744444686,6778654,NC
-0.18267153596750096,6778655,NC
-0.19266176502383003,6778656,NC
-0.21265196161687888,6778657,NC
-0.21764212575008218,6778658,NC
-0.21763225742688574,6778659,NC
-0.21762235665074692,6778660,NC
-0.21761242342513434,6778661,NC
-0.23260245775352806,6778662,NC
-0.22759245963941938,6778663,NC
-0.22758242908631116,6778664,NC
-0.23757236609771742,6778665,NC
-0.23756227067716373,6778666,NC
-0.23255214282818695,6778667,NC
-0.2525419825543352,6778668,NC
-0.2525317898591681,6778669,NC
-0.24252156474625658,6778670,NC
-0.2325113072191829,6778671,NC
-0.2225010172815407,6778672,NC
-0.22249069493693502,6778673,NC
-0.23248034018898214,6778674,NC
-0.2424699530413098,6778675,NC
-0.24745953349755706,6778676,NC
-0.2374490815613743,6778677,NC
-0.21743859723642328,6778678,NC
-0.22242808052637708,6778679,NC
-0.23741753143492014,6778680,NC
-0.23740694996574827,6778681,NC
-0.2423963361225686,6778682,NC
-0.22738568990909958,6778683,NC
-0.21737501132907106,6778684,NC
-0.22736430038622413,6778685,NC
-0.23235355708431132,6778686,NC
-0.23734278142709647,6778687,NC
-0.2323319734183547,6778688,NC
-0.22232113306187257,6778689,NC
-0.20731026036144784,6778690,NC
-0.2072993553208897,6778691,NC
-0.21228841794401865,6778692,NC
-0.22227744823466647,6778693,NC
-0.20226644619667636,6778694,NC
-0.19225541183390277,6778695,NC
-0.16724434515021147,6778696,NC
-0.15723324614947964,6778697,NC
-0.15722211483559567,6778698,NC
-0.12221095121245937,6778699,NC
-0.09719975528398178,6778700,NC
-0.007188527054085278,6778701,NC
0.08782273347329633,6778702,NC
0.1628340262942181,6778703,NC
0.2678453514047236,6778704,NC
0.3428567088008453,6778705,NC
0.38786809847860404,6778706,NC
0.44787952043400975,6778707,NC
0.4428909746630607,6778708,NC
0.39290246116174404,6778709,NC
0.3079139799260356,6778710,NC
0.24792553095189984,6778711,NC
0.24293711423528994,6778712,NC
0.2729487297721478,6778713,NC
0.36296037755840405,6778714,NC
0.467972057589978,6778715,NC
0.5729837698627775,6778716,NC
0.6829955143726995,6778717,NC
0.8030072911156292,6778718,NC
0.8930191000874408,6778719,NC
0.913030941283997,6778720,NC
0.8630428147011495,6778721,L
0.7580547203347386,6778722,NC
0.6330666581805932,6778723,NC
0.5430786282345308,6778724,NC
0.4780906304923579,6778725,NC
0.4031026649498697,6778726,NC
0.29311473160284995,6778727,NC
0.17312683044707117,6778728,NC
0.028138961478294672,6778729,NC
-0.09684887530772956,6778730,NC
-0.19683667991526277,6778731,NC
-0.2768244523485776,6778732,NC
-0.3518121926119578,6778733,NC
-0.3917999007096985,6778734,NC
-0.41178757664610605,6778735,NC
-0.4067752204254981,6778736,NC
-0.3617628320522035,6778737,NC
-0.3367504115305625,6778738,NC
-0.3267379588649264,6778739,NC
-0.31672547405965806,6778740,NC
-0.3267129571191313,6778741,NC
-0.32170040804773137,6778742,NC
-0.3066878268498547,6778743,NC
-0.296675213529909,6778744,NC
-0.3166625680923134,6778745,NC
-0.31664989054149795,6778746,NC
-0.3216371808819041,6778747,NC
-0.32662443911798467,6778748,NC
-0.3066116652542037,6778749,NC
-0.3015988592950362,6778750,NC
-0.2965860212449688,6778751,NC
-0.31657315110849915,6778752,NC
-0.32156024889013624,6778753,NC
-0.3215473145944001,6778754,NC
-0.3115343482258224,6778755,NC
-0.3065213497889456,6778756,NC
-0.3065083192883236,6778757,NC
-0.29649525672852167,6778758,NC
-0.30648216211411605,6778759,NC
-0.3064690354496944,6778760,NC
-0.30145587673985547,6778761,NC
-0.27644268598920935,6778762,NC
-0.2814294632023773,6778763,NC
-0.28141620838399184,6778764,NC
-0.3014029215386966,6778765,NC
-0.29638960267114656,6778766,NC
-0.28137625178600795,6778767,NC
-0.26136286888795807,6778768,NC
-0.2613494539816855,6778769,NC
-0.2763360070718901,6778770,NC
-0.2763225281632828,6778771,NC
-0.27130901726058587,6778772,NC
-0.2512954743685327,6778773,NC
-0.22628189949186805,6778774,NC
-0.22126829263534764,6778775,NC
-0.22125465380373854,6778776,NC
-0.23124098300181906,6778777,NC
-0.2262272802343786,6778778,NC
-0.19621354550621783,6778779,NC
-0.1861997788221486,6778780,NC
-0.17618598018699394,6778781,NC
-0.18117214960558808,6778782,NC
-0.17615828708277648,6778783,NC
-0.17114439262341577,6778784,NC
-0.1511304662323737,6778785,NC
-0.10611650791452931,6778786,NC
-0.12110251767477276,6778787,NC
-0.12108849551800543,6778788,NC
-0.12607444144913987,6778789,NC
-0.12106035547309978,6778790,NC
-0.0860462375948201,6778791,NC
-0.06603208781924688,6778792,NC
-0.05101790615133738,6778793,NC
-0.036003692596060045,6778794,NC
-0.03598944715839448,6778795,NC
-0.010975169843331453,6778796,NC
-0.0009608606558728638,6778797,NC
0.03405348039896813,6778798,NC
0.03906785331616727,6778799,NC
0.04408225809068918,6778800,NC
0.06409669471748716,6778801,NC
0.06411116319150356,6778802,NC
0.09912566350766941,6778803,NC
0.12414019566090467,6778804,NC
0.1441547596461181,6778805,NC
0.15916935545820737,6778806,NC
0.12418398309205893,6778807,NC
0.15419864254254811,6778808,NC
0.16421333380453906,6778809,NC
0.1792280568728849,6778810,NC
0.17924281174242745,6778811,NC
0.15425759840799746,6778812,NC
0.11427241686441464,6778813,NC
0.08428726710648736,6778814,NC
0.07430214912901306,6778815,NC
0.06431706292677783,6778816,NC
0.039332008494556814,6778817,NC
-0.0006530141728860323,6778818,NC
-0.040638005080797915,6778819,NC
-0.045622964234437166,6778820,NC
-0.07060789163907316,6778821,NC
-0.0755927872999865,6778822,NC
-0.07057765122246888,6778823,NC
-0.0955624834118231,6778824,NC
-0.120547283873363,6778825,NC
-0.1405320526124137,6778826,NC
-0.1355167896343113,6778827,NC
-0.14550149494440306,6778828,NC
-0.16048616854804737,6778829,NC
-0.17047081045061369,6778830,NC
-0.19545542065748261,6778831,NC
-0.21543999917404583,6778832,NC
-0.17542454600570606,6778833,NC
-0.17040906115787732,6778834,NC
-0.1753935446359845,6778835,NC
-0.19037799644546372,6778836,NC
-0.21536241659176214,6778837,NC
-0.21534680508033804,6778838,NC
-0.2153311619166608,6778839,NC
-0.21531548710621085,6778840,NC
-0.21029978065447974,6778841,NC
-0.21528404256697012,6778842,NC
-0.22526827284919565,6778843,NC
-0.21525247150668114,6778844,NC
-0.21023663854496244,6778845,NC
-0.2002207739695866,6778846,NC
-0.19520487778611145,6778847,NC
-0.2101889500001063,6778848,NC
-0.23017299061715119,6778849,NC
-0.24015699964283732,6778850,NC
-0.20514097708276713,6778851,NC
-0.21012492294255386,6778852,NC
-0.21010883722782203,6778853,NC
-0.2200927199442071,6778854,NC
-0.22007657109735568,6778855,NC
-0.23006039069292528,6778856,NC
-0.21004417873658465,6778857,NC
-0.19502793523401346,6778858,NC
-0.17501166019090258,6778859,NC
-0.19999535361295379,6778860,NC
-0.2299790155058799,6778861,NC
-0.23496264587540489,6778862,NC
-0.23994624472726375,6778863,NC
-0.2099298120672024,6778864,NC
-0.214913347900978,6778865,NC
-0.22989685223435852,6778866,NC
-0.2598803250731232,6778867,NC
-0.259863766423062,6778868,NC
-0.25484717628997633,6778869,NC
-0.2548305546796783,6778870,NC
-0.24481390159799116,6778871,NC
-0.25979721705074915,6778872,NC
-0.2797805010437976,6778873,NC
-0.2697637535829928,6778874,NC
-0.25974697467420216,6778875,NC
-0.2347301643233039,6778876,NC
-0.2247133225361875,6778877,NC
-0.2296964493187533,6778878,NC
-0.24467954467691266,6778879,NC
-0.24466260861658803,6778880,NC
-0.2496456411437128,6778881,NC
-0.24962864226423137,6778882,NC
-0.2446116119840992,6778883,NC
-0.2745945503092826,6778884,NC
-0.2945774572457591,6778885,NC
-0.28956033279951715,6778886,NC
-0.284543176976556,6778887,NC
-0.25452598978288615,6778888,NC
-0.254508771224529,6778889,NC
-0.26949152130751686,6778890,NC
-0.29947424003789314,6778891,NC
-0.28445692742171225,6778892,NC
-0.2694395834650394,6778893,NC
-0.25442220817395095,6778894,NC
-0.2544048015545342,6778895,NC
-0.26438736361288745,6778896,NC
-0.2743698943551199,6778897,NC
-0.2793523937873517,6778898,NC
-0.26433486191571415,6778899,NC
-0.2643172987463493,6778900,NC
-0.27429970428541034,6778901,NC
-0.2792820785390613,6778902,NC
-0.2842644215134772,6778903,NC
-0.28924673321484395,6778904,NC
-0.2892290136493587,6778905,NC
-0.2692112628232292,6778906,NC
-0.28419348074267436,6778907,NC
-0.27417566741392396,6778908,NC
-0.28415782284321883,6778909,NC
-0.28413994703681056,6778910,NC
-0.27412204000096185,6778911,NC
-0.2841041017419463,6778912,NC
-0.2990861322660483,6778913,NC
-0.29906813157956347,6778914,NC
-0.3140500996887981,6778915,NC
-0.31403203660006956,6778916,NC
-0.2990139423197061,6778917,NC
-0.2789958168540469,6778918,NC
-0.27897766020944204,6778919,NC
-0.2539594723922526,6778920,NC
-0.25894125340885044,6778921,NC
-0.2439230032656185,6778922,NC
-0.23890472196895057,6778923,NC
-0.21888640952525135,6778924,NC
-0.22886806594093642,6778925,NC
-0.23884969122243233,6778926,NC
-0.2538312853761765,6778927,NC
-0.24381284840861722,6778928,NC
-0.2537943803262138,6778929,NC
-0.23877588113543635,6778930,NC
-0.21875735084276596,6778931,NC
-0.22873878945469445,6778932,NC
-0.21872019697772477,6778933,NC
-0.2337015734183705,6778934,NC
-0.23868291878315642,6778935,NC
-0.2386642330786179,6778936,NC
-0.24364551631130138,6778937,NC
-0.24362676848776404,6778938,NC
-0.24860798961457417,6778939,NC
-0.24858917969831068,6778940,NC
-0.2285703387455635,6778941,NC
-0.2135514667629334,6778942,NC
-0.223532563757032,6778943,NC
-0.23351362973448186,6778944,NC
-0.2484946647019164,6778945,NC
-0.2534756686659797,6778946,NC
-0.25845664163332693,6778947,NC
-0.26843758361062414,6778948,NC
-0.2934184946045481,6778949,NC
-0.28339937462178644,6778950,NC
-0.28838022366903776,6778951,NC
-0.2783610417530114,6778952,NC
-0.2733418288804276,6778953,NC
-0.2683225850580173,6778954,NC
-0.28830331029252265,6778955,NC
-0.3182840045906962,6778956,NC
-0.32826466795930165,6778957,NC
-0.3332453004051134,6778958,NC
-0.3082259019349168,6778959,NC
-0.29320647255550775,6778960,NC
-0.2981870122736933,6778961,NC
-0.29816752109629124,6778962,NC
-0.30314799903013,6778963,NC
-0.30812844608204915,6778964,NC
-0.2881088622588987,6778965,NC
-0.27808924756753983,6778966,NC
-0.2780696020148444,6778967,NC
-0.31304992560769496,6778968,NC
-0.353030218352985,6778969,NC
-0.36801048025761884,6778970,NC
-0.34799071132851156,6778971,NC
-0.32297091157258895,6778972,NC
-0.3079510809967878,6778973,NC
-0.31793121960805554,6778974,NC
-0.3279113274133504,6778975,NC
-0.33289140441964155,6778976,NC
-0.3278714506339087,6778977,NC
-0.3278514660631427,6778978,NC
-0.3278314507143448,6778979,NC
-0.32281140459452723,6778980,NC
-0.3077913277107131,6778981,NC
-0.30277122006993606,6778982,NC
-0.2877510816792407,6778983,NC
-0.2777309125456823,6778984,NC
-0.282710712676327,6778985,NC
-0.30269048207825167,6778986,NC
-0.3026702207585439,6778987,NC
-0.292649928724302,6778988,NC
-0.26262960598263524,6778989,NC
-0.2626092525406635,6778990,NC
-0.23758886840551738,6778991,NC
-0.21756845358433835,6778992,NC
-0.18754800808427852,6778993,NC
-0.13752753191250083,6778994,NC
-0.03750702507617898,6778995,NC
0.05751351241750269,6778996,NC
0.15253408056134904,6778997,NC
0.19755467934815416,6778998,NC
0.20757530877070143,6778999,NC
0.21259596882176357,6779000,NC
0.16761665949410243,6779001,NC
0.10263738078046922,6779002,NC
0.03265813267360443,6779003,NC
-0.04232108483376219,6779004,NC
-0.057300271748911655,6779005,NC
-0.0022794280791356286,6779006,NC
0.1077414461682635,6779007,NC
0.2327623509859726,6779008,NC
0.3527832863666678,6779009,NC
0.47280425230301465,6779010,NC
0.5378252487876678,6779011,NC
0.5578462758132714,6779012,NC
0.5378673333724587,6779013,L
0.46788842145785253,6779014,NC
0.35790954006206466,6779015,NC
0.2129306891776965,6779016,NC
0.09295186879733858,6779017,NC
0.002973078913570834,6779018,NC
-0.0920056804810376,6779019,NC
-0.2119844093939281,6779020,NC
-0.3319631078325529,6779021,NC
-0.44694177580437483,6779022,NC
-0.5619204133168673,6779023,NC
-0.6068990203775145,6779024,NC
-0.5868775969938114,6779025,NC
-0.5668561431732633,6779026,NC
-0.5518346589233865,6779027,NC
-0.5468131442517078,6779028,NC
-0.5267915991657647,6779029,NC
-0.49677002367310524,6779030,NC
-0.43174841778128836,6779031,NC
-0.3867267814978835,6779032,NC
-0.3667051148304707,6779033,NC
-0.35168341778664064,6779034,NC
-0.35166169037399475,6779035,NC
-0.35663993260014504,6779036,NC
-0.3416181444727142,6779037,NC
-0.3215963259993355,6779038,NC
-0.32157447718765286,6779039,NC
-0.3365525980453208,6779040,NC
-0.34653068858000463,6779041,NC
-0.3415087487993799,6779042,NC
-0.3164867787111333,6779043,NC
-0.29146477832296164,6779044,NC
-0.28644274764257277,6779045,NC
-0.3014206866776848,6779046,NC
-0.3263985954360266,6779047,NC
-0.32137647392533786,6779048,NC
-0.3113543221533685,6779049,NC
-0.3013321401278792,6779050,NC
-0.2813099278566413,6779051,NC
-0.2862876853474367,6779052,NC
-0.29126541260805777,6779053,NC
-0.30124310964630774,6779054,NC
-0.2812207764700001,6779055,NC
-0.27119841308695924,6779056,NC
-0.2561760195050199,6779057,NC
-0.2761535957320275,6779058,NC
-0.27613114177583814,6779059,NC
-0.27110865764431813,6779060,NC
-0.25608614334534485,6779061,NC
-0.2310635988868058,6779062,NC
-0.21604102427659938,6779063,NC
-0.22601841952263435,6779064,NC
-0.22599578463283015,6779065,NC
-0.23597311961511663,6779066,NC
-0.2009504244774344,6779067,NC
-0.19592769922773443,6779068,NC
-0.1709049438739784,6779069,NC
-0.1708821584241384,6779070,NC
-0.1758593428861971,6779071,NC
-0.15083649726814785,6779072,NC
-0.1558136215779943,6779073,NC
-0.12079071582375081,6779074,NC
-0.11576778001344219,6779075,NC
-0.1057448141551039,6779076,NC
-0.10072181825678174,6779077,NC
-0.10569879232653215,6779078,NC
-0.08067573637242209,6779079,NC
-0.055652650402529064,6779080,NC
-0.04062953442494101,6779081,NC
-0.04060638844775637,6779082,NC
-0.04558321247908422,6779083,NC
-0.03056000652704407,6779084,NC
-0.010536770599765849,6779085,NC
0.01948649529460987,6779086,NC
0.03450979114793204,6779087,NC
0.034533116952039186,6779088,NC
0.03455647269875936,6779089,NC
0.04457985837991002,6779090,NC
0.06960327398729811,6779091,NC
0.10462671951272032,6779092,NC
0.11465019494796264,6779093,NC
0.11467370028480058,6779094,NC
0.10469723551499928,6779095,NC
0.11972080063031341,6779096,NC
0.13474439562248713,6779097,NC
0.1597680204832541,6779098,NC
0.1897916752043375,6779099,NC
0.1848153597774502,6779100,NC
0.1798390741942944,6779101,NC
0.184862818446562,6779102,NC
0.18488659252593442,6779103,NC
0.20491039642408254,6779104,NC
0.23493423013266693,6779105,NC
0.20995809364333765,6779106,NC
0.19498198694773433,6779107,NC
0.18000591003748603,6779108,NC
0.17502986290421158,6779109,NC
0.16505384553951935,6779110,NC
0.1450778579350071,6779111,NC
0.10510190008226236,6779112,NC
0.0751259719728622,6779113,NC
0.040150073598373165,6779114,NC
0.03517420495035142,6779115,NC
0.01519836602034283,6779116,NC
0.005222556799882747,6779117,NC
-0.01475322271950387,6779118,NC
-0.06472897254630254,6779119,NC
-0.07470469268900905,6779120,NC
-0.07968038315612959,6779121,NC
-0.0846560439561809,6779122,NC
-0.08963167509768999,6779123,NC
-0.10460727658919422,6779124,NC
-0.12458284843924147,6779125,NC
-0.13955839065638995,6779126,NC
-0.13953390324920822,6779127,NC
-0.13450938622627523,6779128,NC
-0.1294848395961803,6779129,NC
-0.13946026336752318,6779130,NC
-0.17943565754891397,6779131,NC
-0.16941102214897302,6779132,NC
-0.16438635717633124,6779133,NC
-0.15436166263962975,6779134,NC
-0.16433693854752002,6779135,NC
-0.154312184908664,6779136,NC
-0.1742874017317339,6779137,NC
-0.17426258902541236,6779138,NC
-0.1742377467983922,6779139,NC
-0.16421287505937676,6779140,NC
-0.16918797381707967,6779141,NC
-0.17916304308022482,6779142,NC
-0.19413808285754647,6779143,NC
-0.1941130931577893,6779144,NC
-0.19908807398970818,6779145,NC
-0.18406302536206837,6779146,NC
-0.16403794728364549,6779147,NC
-0.1790128397632254,6779148,NC
-0.18398770280960433,6779149,NC
-0.19396253643158878,6779150,NC
-0.16893734063799565,6779151,NC
-0.163912115437652,6779152,NC
-0.15888686083939527,6779153,NC
-0.17386157685207326,6779154,NC
-0.18883626348454396,6779155,NC
-0.19881092074567572,6779156,NC
-0.1887855486443471,6779157,NC
-0.1737601471894471,6779158,NC
-0.18373471638987487,6779159,NC
-0.1737092562545398,6779160,NC
-0.18868376679236176,6779161,NC
-0.18865824801227077,6779162,NC
-0.173632699923207,6779163,NC
-0.15860712253412107,6779164,NC
-0.1485815158539739,6779165,NC
-0.16855587989173643,6779166,NC
-0.16853021465639006,6779167,NC
-0.1735045201569264,6779168,NC
-0.17347879640234737,6779169,NC
-0.15345304340166502,6779170,NC
-0.15842726116390163,6779171,NC
-0.1734014496980899,6779172,NC
-0.1883756090132726,6779173,NC
-0.18834973911850283,6779174,NC
-0.17832384002284385,6779175,NC
-0.1732979117353693,6779176,NC
-0.1682719542651628,6779177,NC
-0.1732459676213184,6779178,NC
-0.1932199518129403,6779179,NC
-0.20319390684914296,6779180,NC
-0.178167832739051,6779181,NC
-0.1631417294917992,6779182,NC
-0.1581155971165327,6779183,NC
-0.17808943562240673,6779184,NC
-0.18806324501858673,6779185,NC
-0.20803702531424836,6779186,NC
-0.18801077651857756,6779187,NC
-0.17798449864077026,6779188,NC
-0.1679581916900328,6779189,NC
-0.1779318556755815,6779190,NC
-0.20290549060664306,6779191,NC
-0.1928790964924542,6779192,NC
-0.1828526733422619,6779193,NC
-0.17782622116532332,6779194,NC
-0.18779973997090568,6779195,NC
-0.18777322976828648,6779196,NC
-0.19774669056675342,6779197,NC
-0.21272012237560425,6779198,NC
-0.19769352520414685,6779199,NC
-0.19766689906169937,6779200,NC
-0.1876402439575901,6779201,NC
-0.1826135599011574,6779202,NC
-0.20258684690174972,6779203,NC
-0.1975601049687259,6779204,NC
-0.20753333411145466,6779205,NC
-0.1775065343393149,6779206,NC
-0.1824797056616958,6779207,NC
-0.1774528480879965,6779208,NC
-0.20242596162762638,6779209,NC
-0.21239904629000483,6779210,NC
-0.2023721020845614,6779211,NC
-0.19734512902073595,6779212,NC
-0.18731812710797802,6779213,NC
-0.1872910963557476,6779214,NC
-0.20226403677351473,6779215,NC
-0.22223694837075955,6779216,NC
-0.1972098311569721,6779217,NC
-0.18218268514165278,6779218,NC
-0.197155510334312,6779219,NC
-0.19712830674447018,6779220,NC
-0.2071010743816578,6779221,NC
-0.20207381325541565,6779222,NC
-0.18204652337529437,6779223,NC
-0.17701920475085464,6779224,NC
-0.16699185739166744,6779225,NC
-0.16196448130731367,6779226,NC
-0.16693707650738432,6779227,NC
-0.1669096430014803,6779228,NC
-0.1718821807992129,6779229,NC
-0.14685468991020326,6779230,NC
-0.13682717034408243,6779231,NC
-0.13679962211049174,6779232,NC
-0.15177204521908255,6779233,NC
-0.14174443967951614,6779234,NC
-0.13171680550146386,6779235,NC
-0.11168914269460717,6779236,NC
-0.09666145126863745,6779237,NC
-0.10163373123325617,6779238,NC
-0.11660598259817483,6779239,NC
-0.11657820537311496,6779240,NC
-0.12655039956780806,6779241,NC
-0.1115225651919956,6779242,NC
-0.12149470225542924,6779243,NC
-0.13646681076787048,6779244,NC
-0.15643889073909079,6779245,NC
-0.1564109421788718,6779246,NC
-0.15138296509700508,6779247,NC
-0.14635495950329214,6779248,NC
-0.13632692540754446,6779249,NC
-0.14129886281958356,6779250,NC
-0.17127077174924105,6779251,NC
-0.18124265220635832,6779252,NC
-0.16121450420078676,6779253,NC
-0.1611863277423879,6779254,NC
-0.17115812284103304,6779255,NC
-0.18612988950660359,6779256,NC
-0.20110162774899082,6779257,NC
-0.22107333757809605,6779258,NC
-0.20604501900383052,6779259,NC
-0.20101667203611528,6779260,NC
-0.2059882966848816,6779261,NC
-0.21095989296007053,6779262,NC
-0.23593146087163303,6779263,NC
-0.23590300042953,6779264,NC
-0.23087451164373246,6779265,NC
-0.2258459945242211,6779266,NC
-0.21581744908098668,6779267,NC
-0.22078887532402988,6779268,NC
-0.2357602732633613,6779269,NC
-0.2357316429090014,6779270,NC
-0.21070298427098055,6779271,NC
-0.20567429735933918,6779272,NC
-0.20564558218412743,6779273,NC
-0.2206168387554054,6779274,NC
-0.24058806708324312,6779275,NC
-0.24555926717772064,6779276,NC
-0.23553043904892756,6779277,NC
-0.2255015827069637,6779278,NC
-0.22547269816193866,6779279,NC
-0.2254437854239718,6779280,NC
-0.23041484450319255,6779281,NC
-0.23538587540974004,6779282,NC
-0.2453568781537635,6779283,NC
-0.2153278527454217,6779284,NC
-0.22029879919488354,6779285,NC
-0.22526971751232766,6779286,NC
-0.24524060770794265,6779287,NC
-0.24021146979192678,6779288,NC
-0.22518230377448833,6779289,NC
-0.22015310966584545,6779290,NC
-0.220123887476226,6779291,NC
-0.2250946372158676,6779292,NC
-0.24006535889501807,6779293,NC
-0.24003605252393467,6779294,NC
-0.23000671811288464,6779295,NC
-0.2199773556721451,6779296,NC
-0.20994796521200293,6779297,NC
-0.2099185467427549,6779298,NC
-0.21988910027470737,6779299,NC
-0.21485962581817675,6779300,NC
-0.2248301233834892,6779301,NC
-0.18980059298098068,6779302,NC
-0.1947710346209968,6779303,NC
-0.19474144831389317,6779304,NC
-0.19971183407003512,6779305,NC
-0.17968219189979767,6779306,NC
-0.14465252181356575,6779307,NC
-0.09462282382173413,6779308,NC
-0.04459309793470714,6779309,NC
-0.009563344162898987,6779310,NC
0.040466437483266296,6779311,NC
0.10549624699335494,6779312,NC
0.18552608435692347,6779313,NC
0.2505559495635186,6779314,NC
0.2955858426026773,6779315,NC
0.3156157634639267,6779316,NC
0.29064571213678453,6779317,NC
0.24567568861075828,6779318,NC
0.180705692875346,6779319,NC
0.145735724920036,6779320,NC
0.10576578473430678,6779321,NC
0.10579587230762709,6779322,NC
0.13082598762945602,6779323,NC
0.22085613068924298,6779324,NC
0.33588630147642745,6779325,NC
0.45091649998043953,6779326,NC
0.5559467261906993,6779327,NC
0.6209769800966173,6779328,NC
0.6460072616875944,6779329,NC
0.6560375709530215,6779330,NC
0.61606790788228,6779331,L
0.5560982724647421,6779332,NC
0.44612866468976914,6779333,NC
0.34115908454671384,6779334,NC
0.21118953202491877,6779335,NC
0.11122000711371695,6779336,NC
0.0112505098024316,6779337,NC
-0.08371895991962354,6779338,NC
-0.19868840206314453,6779339,NC
-0.3136578166388372,6779340,NC
-0.41362720365741673,6779341,NC
-0.48359656312960814,6779342,NC
-0.4935658950661461,6779343,NC
-0.483535199477775,6779344,NC
-0.47350447637524873,6779345,NC
-0.4734737257693308,6779346,NC
-0.45344294767079446,6779347,NC
-0.42341214209042266,6779348,NC
-0.3883813090390078,6779349,NC
-0.34335044852735197,6779350,NC
-0.30831956056626697,6779351,NC
-0.29328864516657405,6779352,NC
-0.2982577023391042,6779353,NC
-0.298226732094698,6779354,NC
-0.28819573444420565,6779355,NC
-0.2731647093984868,6779356,NC
-0.26313365696841085,6779357,NC
-0.2681025771648569,6779358,NC
-0.2880714699987134,6779359,NC
-0.28804033548087843,6779360,NC
-0.27300917362225985,6779361,NC
-0.25297798443377484,6779362,NC
-0.24294676792635028,6779363,NC
-0.2429155241109227,6779364,NC
-0.26788425299843804,6779365,NC
-0.26285295459985186,6779366,NC
-0.2528216289261293,6779367,NC
-0.25279027598824516,6779368,NC
-0.2427588957971836,6779369,NC
-0.24772748836393835,6779370,NC
-0.2476960536995128,6779371,NC
-0.25266459181491985,6779372,NC
-0.2326331027211819,6779373,NC
-0.2226015864293308,6779374,NC
-0.21757004295040822,6779375,NC
-0.20253847229546498,6779376,NC
-0.22750687447556162,6779377,NC
-0.22247524950176817,6779378,NC
-0.22244359738516428,6779379,NC
-0.187411918136839,6779380,NC
-0.1773802117678907,6779381,NC
-0.18234847828942763,6779382,NC
-0.1973167177125673,6779383,NC
-0.20228493004843678,6779384,NC
-0.17225311530817256,6779385,NC
-0.14722127350292072,6779386,NC
-0.15718940464383677,6779387,NC
-0.14215750874208563,6779388,NC
-0.14212558580884183,6779389,NC
-0.14209363585528934,6779390,NC
-0.11706165889262149,6779391,NC
-0.09702965493204115,6779392,NC
-0.08199762398476064,6779393,NC
-0.08196556606200187,6779394,NC
-0.08693348117499584,6779395,NC
-0.09190136933498336,6779396,NC
-0.056869230553214564,6779397,NC
-0.04183706484094897,6779398,NC
-0.02180487220945552,6779399,NC
-0.021772652670012667,6779400,NC
-0.02174040623390839,6779401,NC
-0.011708132912439731,6779402,NC
0.008324167283086492,6779403,NC
0.02335649434135416,6779404,NC
0.03838884825103776,6779405,NC
0.038421229000802457,6779406,NC
0.05345363657930381,6779407,NC
0.06348607097518816,6779408,NC
0.08351853217709239,6779409,NC
0.11855102017364397,6779410,NC
0.11858353495346097,6779411,NC
0.12861607650515208,6779412,NC
0.12364864481731681,6779413,NC
0.1086812398785449,6779414,NC
0.13371386167741706,6779415,NC
0.15874651020250458,6779416,NC
0.1787791854423692,6779417,NC
0.18881188738556343,6779418,NC
0.18384461602063043,6779419,NC
0.18887737133610405,6779420,NC
0.21391015332050867,6779421,NC
0.23394296196235945,6779422,NC
0.2339757972501621,6779423,NC
0.2290086591724131,6779424,NC
0.22904154771759946,6779425,NC
0.21907446287419902,6779426,NC
0.2191074046306803,6779427,NC
0.21914037297550232,6779428,NC
0.20417336789711493,6779429,NC
0.16920638938395854,6779430,NC
0.12923943742446453,6779431,NC
0.10427251200705472,6779432,NC
0.09430561312014162,6779433,NC
0.08433874075212858,6779434,NC
0.06437189489140968,6779435,NC
0.039405075526369515,6779436,NC
0.004438282645383609,6779437,NC
-0.035528483763181844,6779438,NC
-0.035495223710970004,6779439,NC
-0.040461937209633314,6779440,NC
-0.05542862427083335,6779441,NC
-0.055395284906241,6779442,NC
-0.08036191912753653,6779443,NC
-0.11032852694640928,6779444,NC
-0.09529510837455792,6779445,NC
-0.08026166342369039,6779446,NC
-0.10522819210552395,6779447,NC
-0.11019469443178483,6779448,NC
-0.13016117041420872,6779449,NC
-0.14512762006454055,6779450,NC
-0.15009404339453436,6779451,NC
-0.1350604404159534,6779452,NC
-0.12002681114057025,6779453,NC
-0.13999315558016676,6779454,NC
-0.14495947374653367,6779455,NC
-0.1549257656514712,6779456,NC
-0.13489203130678878,6779457,NC
-0.1348582707243049,6779458,NC
-0.12982448391584725,6779459,NC
-0.1347906708932528,6779460,NC
-0.15475683166836776,6779461,NC
-0.16472296625304733,6779462,NC
-0.1696890746591559,6779463,NC
-0.16465515689856725,6779464,NC
-0.1546212129831641,6779465,NC
-0.16458724292483845,6779466,NC
-0.16955324673549138,6779467,NC
-0.16951922442703327,6779468,NC
-0.16448517601138352,6779469,NC
-0.1494511015004706,6779470,NC
-0.14941700090623236,6779471,NC
-0.14438287424061566,6779472,NC
-0.16934872151557645,6779473,NC
-0.1643145427430798,6779474,NC
-0.1592803379351001,6779475,NC
-0.14924610710362057,6779476,NC
-0.14921185026063377,6779477,NC
-0.13917756741814127,6779478,NC
-0.15914325858815387,6779479,NC
-0.17410892378269133,6779480,NC
-0.16907456301378246,6779481,NC
-0.1390401762934654,6779482,NC
-0.13400576363378724,6779483,NC
-0.14397132504680415,6779484,NC
-0.14893686054458138,6779485,NC
-0.1789023701391933,6779486,NC
-0.1538678538427234,6779487,NC
-0.13883331166726398,6779488,NC
-0.14879874362491685,6779489,NC
-0.16876414972779252,6779490,NC
-0.1737295299880106,6779491,NC
-0.17369488441769995,6779492,NC
-0.14866021302899834,6779493,NC
-0.14362551583405261,6779494,NC
-0.14859079284501853,6779495,NC
-0.14355604407406114,6779496,NC
-0.1685212695333543,6779497,NC
-0.173486469235081,6779498,NC
-0.16845164319143324,6779499,NC
-0.15341679141461206,6779500,NC
-0.13838191391682753,6779501,NC
-0.14834701071029854,6779502,NC
-0.14831208180725325,6779503,NC
-0.1632771272199287,6779504,NC
-0.14824214696057098,6779505,NC
-0.14320714104143506,6779506,NC
-0.153172109474785,6779507,NC
-0.16313705227289382,6779508,NC
-0.1681019694480435,6779509,NC
-0.183066861012525,6779510,NC
-0.15803172697863838,6779511,NC
-0.1729965673586925,6779512,NC
-0.15796138216500513,6779513,NC
-0.1729261714099032,6779514,NC
-0.16789093510572264,6779515,NC
-0.17785567326480795,6779516,NC
-0.17282038589951293,6779517,NC
-0.16278507302220027,6779518,NC
-0.1577497346452415,6779519,NC
-0.1777143707810171,6779520,NC
-0.18767898144191653,6779521,NC
-0.18264356664033815,6779522,NC
-0.17760812638868928,6779523,NC
-0.16757266069938603,6779524,NC
-0.1575371695848536,6779525,NC
-0.157501653057526,6779526,NC
-0.172466111129846,6779527,NC
-0.1724305438142656,6779528,NC
-0.16239495112324548,6779529,NC
-0.1623593330692552,6779530,NC
-0.17232368966477324,6779531,NC
-0.16728802092228706,6779532,NC
-0.18225232685429282,6779533,NC
-0.1922166074732956,6779534,NC
-0.1821808627918095,6779535,NC
-0.16214509282235734,6779536,NC
-0.1521092975774708,6779537,NC
-0.15707347706969044,6779538,NC
-0.17703763131156575,6779539,NC
-0.17200176031565495,6779540,NC
-0.16196586409452507,6779541,NC
-0.14192994266075212,6779542,NC
-0.12189399602692096,6779543,NC
-0.1268580242056251,6779544,NC
-0.13182202720946692,6779545,NC
-0.14178600505105782,6779546,NC
-0.13674995774301774,6779547,NC
-0.12171388529797554,6779548,NC
-0.10167778772856897,6779549,NC
-0.11164166504744455,6779550,NC
-0.11160551726725751,6779551,NC
-0.11156934440067187,6779552,NC
-0.10153314646036053,6779553,NC
-0.08149692345900522,6779554,NC
-0.0814606754092963,6779555,NC
-0.08142440232393293,6779556,NC
-0.1113881042156232,6779557,NC
-0.11135178109708374,6779558,NC
-0.11631543298104007,6779559,NC
-0.10627905988022647,6779560,NC
-0.10624266180738601,6779561,NC
-0.11620623877527039,6779562,NC
-0.1311697907966401,6779563,NC
-0.13613331788426442,6779564,NC
-0.1410968200509214,6779565,NC
-0.1410602973093976,6779566,NC
-0.1360237496724885,6779567,NC
-0.1359871771529984,6779568,NC
-0.14095057976374006,6779569,NC
-0.15591395751753503,6779570,NC
-0.1508773104272137,6779571,NC
-0.14584063850561513,6779572,NC
-0.1458039417655868,6779573,NC
-0.1707672202199853,6779574,NC
-0.1657304738816757,6779575,NC
-0.18569370276353175,6779576,NC
-0.19565690687843582,6779577,NC
-0.18062008623927917,6779578,NC
-0.18058324085896157,6779579,NC
-0.1905463707503914,6779580,NC
-0.2155094759264859,6779581,NC
-0.2104725564001709,6779582,NC
-0.21043561218438078,6779583,NC
-0.19039864329205858,6779584,NC
-0.17036164973615617,6779585,NC
-0.18532463152963388,6779586,NC
-0.20028758868546065,6779587,NC
-0.22025052121661426,6779588,NC
-0.23021342913608095,6779589,NC
-0.21517631245685565,6779590,NC
-0.22013917119194176,6779591,NC
-0.21010200535435153,6779592,NC
-0.22506481495710567,6779593,NC
-0.22502760001323358,6779594,NC
-0.2199903605357731,6779595,NC
-0.20495309653777086,6779596,NC
-0.204915808032282,6779597,NC
-0.20987849503237008,6779598,NC
-0.22984115755110754,6779599,NC
-0.22980379560157527,6779600,NC
-0.21476640919686268,6779601,NC
-0.2097289983500678,6779602,NC
-0.19469156307429714,6779603,NC
-0.21465410338266594,6779604,NC
-0.23961661928829792,6779605,NC
-0.2545791108043251,6779606,NC
-0.22454157794388857,6779607,NC
-0.19950402072013745,6779608,NC
-0.19946643914622958,6779609,NC
-0.19442883323533144,6779610,NC
-0.20939120300061803,6779611,NC
-0.21435354845527263,6779612,NC
-0.22431586961248723,6779613,NC
-0.21427816648546238,6779614,NC
-0.20424043908740708,6779615,NC
-0.2242026874315386,6779616,NC
-0.2241649115310831,6779617,NC
-0.2191271113992751,6779618,NC
-0.2090892870493574,6779619,NC
-0.18405143849458147,6779620,NC
-0.18401356574820737,6779621,NC
-0.18897566882350342,6779622,NC
-0.17393774773374643,6779623,NC
-0.1738998024922218,6779624,NC
-0.14386183311222345,6779625,NC
-0.10382383960705346,6779626,NC
-0.04378582199002256,6779627,NC
0.016252219725550007,6779628,NC
0.07129028552633669,6779629,NC
0.13632837539900147,6779630,NC
0.2013664893301999,6779631,NC
0.266404627306579,6779632,NC
0.2914427893147774,6779633,NC
0.2814809753414255,6779634,NC
0.23651918537314517,6779635,NC
0.16655741939654958,6779636,NC
0.10659567739824408,6779637,NC
0.056633959364825154,6779638,NC
0.051672265282880936,6779639,NC
0.0917105951389914,6779640,NC
0.14674894891972798,6779641,NC
0.23678732661165375,6779642,NC
0.3718257282013233,6779643,NC
0.4868641536752831,6779644,NC
0.576902603020071,6779645,NC
0.6169410762222166,6779646,NC
0.621979573268241,6779647,NC
0.5970180941446577,6779648,L
0.5420566388379704,6779649,NC
0.4670952073346758,6779650,NC
0.35213379962126146,6779651,NC
0.24217241568420717,6779652,NC
0.12721105550998396,6779653,NC
0.022249719085054673,6779654,NC
-0.09271159360412615,6779655,NC
-0.19767288257111215,6779656,NC
-0.2976341478294656,6779657,NC
-0.40759538939275686,6779658,NC
-0.5025566072745645,6779659,NC
-0.5425178014884756,6779660,NC
-0.5574789720480855,6779661,NC
-0.5574401189669976,6779662,NC
-0.532401242258824,6779663,NC
-0.5073623419371847,6779664,NC
-0.49232341801570806,6779665,NC
-0.4472844705080308,6779666,NC
-0.4122454994277978,6779667,NC
-0.37220650478866246,6779668,NC
-0.342167486604286,6779669,NC
-0.3221284448883381,6779670,NC
-0.32208937965449685,6779671,NC
-0.32205029091644843,6779672,NC
-0.32201117868788715,6779673,NC
-0.3119720429825157,6779674,NC
-0.28193288381404497,6779675,NC
-0.28689370119619406,6779676,NC
-0.3118544951426902,6779677,NC
-0.291815265667269,6779678,NC
-0.29677601278367416,6779679,NC
-0.2717367365056575,6779680,NC
-0.2666974368469792,6779681,NC
-0.2666581138214077,6779682,NC
-0.2716187674427193,6779683,NC
-0.28157939772469875,6779684,NC
-0.2715400046811389,6779685,NC
-0.26650058832584095,6779686,NC
-0.2514611486726137,6779687,NC
-0.24642168573527484,6779688,NC
-0.2713821995276498,6779689,NC
-0.26634269006357225,6779690,NC
-0.24630315735688385,6779691,NC
-0.23626360142143474,6779692,NC
-0.226224022271083,6779693,NC
-0.2311844199196948,6779694,NC
-0.23614479438114444,6779695,NC
-0.2561051456693145,6779696,NC
-0.2310654737980956,6779697,NC
-0.22102577878138632,6779698,NC
-0.21598606063309356,6779699,NC
-0.21094631936713226,6779700,NC
-0.20590655499742544,6779701,NC
-0.20586676753790414,6779702,NC
-0.2008269570025077,6779703,NC
-0.17578712340518327,6779704,NC
-0.17074726675988625,6779705,NC
-0.1657073870805802,6779706,NC
-0.17566748438123653,6779707,NC
-0.16062755867583478,6779708,NC
-0.15558760997836266,6779709,NC
-0.1255476383028159,6779710,NC
-0.10050764366319823,6779711,NC
-0.10546762607352131,6779712,NC
-0.1004275855478051,6779713,NC
-0.1003875221000775,6779714,NC
-0.09534743574437432,6779715,NC
-0.07030732649473946,6779716,NC
-0.030267194365224945,6779717,NC
-0.030227039369890712,6779718,NC
-0.030186861522804642,6779719,NC
-0.030146660838042794,6779720,NC
-0.005106437329689198,6779721,NC
0.014933808988164252,6779722,NC
0.024974078101417635,6779723,NC
0.05001436999596297,6779724,NC
0.04005468465768422,6779725,NC
0.05009502207245757,6779726,NC
0.08013538222615117,6779727,NC
0.0901757651046251,6779728,NC
0.11021617069373159,6779729,NC
0.12025659897931494,6779730,NC
0.11529704994721138,6779731,NC
0.11033752358324916,6779732,NC
0.14037801987324877,6779733,NC
0.16041853880302276,6779734,NC
0.18045908035837555,6779735,NC
0.19049964452510365,6779736,NC
0.17054023128899587,6779737,NC
0.16558084063583303,6779738,NC
0.19062147255138784,6779739,NC
0.21066212702142528,6779740,NC
0.23070280403170249,6779741,NC
0.22574350356796855,6779742,NC
0.2157842256159646,6779743,NC
0.20582497016142426,6779744,NC
0.21086573719007287,6779745,NC
0.20090652668762798,6779746,NC
0.20094733863979938,6779747,NC
0.16098817303228904,6779748,NC
0.12602902985079084,6779749,NC
0.09606990908099095,6779750,NC
0.08111081070856778,6779751,NC
0.07115173471919171,6779752,NC
0.06619268109852529,6779753,NC
0.03623364983222335,6779754,NC
0.00627464090593291,6779755,NC
-0.023684345694707003,6779756,NC
-0.038643309984065184,6779757,NC
-0.04860225197651791,6779758,NC
-0.05356117168644966,6779759,NC
-0.07852006912825261,6779760,NC
-0.10347894431632665,6779761,NC
-0.12843779726507948,6779762,NC
-0.1483966279889266,6779763,NC
-0.1383554365022915,6779764,NC
-0.11831422281960516,6779765,NC
-0.13827298695530638,6779766,NC
-0.15323172892384193,6779767,NC
-0.1781904487396662,6779768,NC
-0.17314914641724122,6779769,NC
-0.15810782197103704,6779770,NC
-0.15806647541553137,6779771,NC
-0.1580251067652096,6779772,NC
-0.1779837160345648,6779773,NC
-0.19794230323809792,6779774,NC
-0.1979008683903177,6779775,NC
-0.1828594115057404,6779776,NC
-0.17781793259889006,6779777,NC
-0.18277643168429852,6779778,NC
-0.19273490877650534,6779779,NC
-0.20269336389005754,6779780,NC
-0.2026517970395102,6779781,NC
-0.18761020823942587,6779782,NC
-0.17256859750437487,6779783,NC
-0.1675269648489351,6779784,NC
-0.19248531028769228,6779785,NC
-0.19744363383523975,6779786,NC
-0.1924019355061784,6779787,NC
-0.182360215315117,6779788,NC
-0.17231847327667188,6779789,NC
-0.17727670940546694,6779790,NC
-0.19223492371613382,6779791,NC
-0.19719311622331187,6779792,NC
-0.18215128694164795,6779793,NC
-0.18710943588579654,6779794,NC
-0.16706756307041984,6779795,NC
-0.17202566851018775,6779796,NC
-0.18198375221977758,6779797,NC
-0.19194181421387435,6779798,NC
-0.19189985450717076,6779799,NC
-0.18185787311436696,6779800,NC
-0.1868158700501708,6779801,NC
-0.17677384532929774,6779802,NC
-0.18673179896647082,6779803,NC
-0.20168973097642062,6779804,NC
-0.18164764137388517,6779805,NC
-0.18660553017361037,6779806,NC
-0.16656339739034962,6779807,NC
-0.1715212430388635,6779808,NC
-0.19647906713392063,6779809,NC
-0.201436869690297,6779810,NC
-0.1963946507227761,6779811,NC
-0.19135241024614888,6779812,NC
-0.1913101482752141,6779813,NC
-0.18626786482477783,6779814,NC
-0.20622555990965377,6779815,NC
-0.216183233544663,6779816,NC
-0.2061408857446343,6779817,NC
-0.19109851652440385,6779818,NC
-0.1960561258988153,6779819,NC
-0.20601371388271986,6779820,NC
-0.23097128049097637,6779821,NC
-0.22592882573845086,6779822,NC
-0.21088634964001698,6779823,NC
-0.200843852210556,6779824,NC
-0.20080133346495652,6779825,NC
-0.2007587934181146,6779826,NC
-0.2207162320849337,6779827,NC
-0.23567364948032501,6779828,NC
-0.23563104561920692,6779829,NC
-0.21058842051650525,6779830,NC
-0.1955457741871535,6779831,NC
-0.20550310664609234,6779832,NC
-0.22046041790826998,6779833,NC
-0.2404177079886421,6779834,NC
-0.24037497690217188,6779835,NC
-0.2303322246638297,6779836,NC
-0.20028945128859338,6779837,NC
-0.20024665679144832,6779838,NC
-0.2202038411873872,6779839,NC
-0.23516100449141003,6779840,NC
-0.2251181467185244,6779841,NC
-0.22007526788374515,6779842,NC
-0.21003236800209454,6779843,NC
-0.22498944708860208,6779844,NC
-0.22994650515830484,6779845,NC
-0.23990354222624719,6779846,NC
-0.23486055830748084,6779847,NC
-0.22481755341706475,6779848,NC
-0.21477452757006543,6779849,NC
-0.2147314807815566,6779850,NC
-0.2296884130666193,6779851,NC
-0.22464532444034196,6779852,NC
-0.2196022149178204,6779853,NC
-0.2095590845141576,6779854,NC
-0.19951593324446396,6779855,NC
-0.20447276112385712,6779856,NC
-0.22942956816746224,6779857,NC
-0.23938635439041148,6779858,NC
-0.2193431198078444,6779859,NC
-0.199299864434908,6779860,NC
-0.2042565882867563,6779861,NC
-0.18921329137855084,6779862,NC
-0.19416997372546024,6779863,NC
-0.20412663534266062,6779864,NC
-0.19408327624533517,6779865,NC
-0.18403989644867425,6779866,NC
-0.1639964959678758,6779867,NC
-0.15895307481814477,6779868,NC
-0.17390963301469328,6779869,NC
-0.16886617057274092,6779870,NC
-0.15382268750751443,6779871,NC
-0.13877918383424767,6779872,NC
-0.11873565956818175,6779873,NC
-0.12369211472456518,6779874,NC
-0.1236485493186534,6779875,NC
-0.14360496336570922,6779876,NC
-0.14356135688100258,6779877,NC
-0.13851772987981084,6779878,NC
-0.1334740823774181,6779879,NC
-0.13343041438911601,6779880,NC
-0.14838672593020336,6779881,NC
-0.15834301701598597,6779882,NC
-0.16829928766177685,6779883,NC
-0.15825553788289626,6779884,NC
-0.15321176769467162,6779885,NC
-0.16816797711243744,6779886,NC
-0.17312416615153528,6779887,NC
-0.18808033482731407,6779888,NC
-0.19303648315512972,6779889,NC
-0.19299261115034522,6779890,NC
-0.19794871882833084,6779891,NC
-0.2079048062044639,6779892,NC
-0.21786087329412882,6779893,NC
-0.23781692011271705,6779894,NC
-0.22277294667562728,6779895,NC
-0.2277289529982653,6779896,NC
-0.20768493909604385,6779897,NC
-0.2076409049843828,6779898,NC
-0.23259685067870928,6779899,NC
-0.23755277619445725,6779900,NC
-0.23750868154706778,6779901,NC
-0.23746456675198913,6779902,NC
-0.24242043182467662,6779903,NC
-0.2323762767805925,6779904,NC
-0.24733210163520605,6779905,NC
-0.24228790640399372,6779906,NC
-0.23724369110243904,6779907,NC
-0.24219945574603235,6779908,NC
-0.23715520035027116,6779909,NC
-0.24211092493066003,6779910,NC
-0.2620666295027104,6779911,NC
-0.2620223140819409,6779912,NC
-0.26197797868387707,6779913,NC
-0.2469336233240514,6779914,NC
-0.2318892480180033,6779915,NC
-0.2518448527812795,6779916,NC
-0.26180043762943345,6779917,NC
-0.2767560025780256,6779918,NC
-0.26171154764262333,6779919,NC
-0.2416670728388012,6779920,NC
-0.23662257818214052,6779921,NC
-0.24657806368822957,6779922,NC
-0.2565335293726637,6779923,NC
-0.25648897525104514,6779924,NC
-0.2564444013389831,6779925,NC
-0.2463998076520935,6779926,NC
-0.23635519420599949,6779927,NC
-0.2413105610163312,6779928,NC
-0.2562659080987251,6779929,NC
-0.26122123546882525,6779930,NC
-0.2511765431422823,6779931,NC
-0.24113183113475387,6779932,NC
-0.23108709946190426,6779933,NC
-0.24604234813940498,6779934,NC
-0.2509975771829343,6779935,NC
-0.2509527866081773,6779936,NC
-0.240907976430826,6779937,NC
-0.23086314666657928,6779938,NC
-0.2158182973311429,6779939,NC
-0.21077342844022934,6779940,NC
-0.21572854000955813,6779941,NC
-0.21568363205485563,6779942,NC
-0.1906387045918549,6779943,NC
-0.1505937576362958,6779944,NC
-0.12554879120392523,6779945,NC
-0.10550380531049686,6779946,NC
-0.08045879997177108,6779947,NC
-0.025413775203515024,6779948,NC
0.04963126897849708,6779949,NC
0.13467633255848446,6779950,NC
0.18972141552065952,6779951,NC
0.24976651784922776,6779952,NC
0.24481163952838791,6779953,NC
0.21485678054233204,6779954,NC
0.1849019408752453,6779955,NC
0.11994712051130621,6779956,NC
0.0699923194346864,6779957,NC
0.025037537629550896,6779958,NC
0.015082775080057766,6779959,NC
0.07512803177035848,6779960,NC
0.17017330768459782,6779961,NC
0.31021860280691366,6779962,NC
0.4252639171214372,6779963,NC
0.5203092506122929,6779964,NC
0.5553546032635989,6779965,NC
0.5603999750594658,6779966,L
0.5354453659839982,6779967,NC
0.4654907760212938,6779968,NC
0.3705362051554435,6779969,NC
0.23558165337053155,6779970,NC
0.10562712065063565,6779971,NC
-0.009327393020173338,6779972,NC
-0.10928188765783114,6779973,NC
-0.20923636327828032,6779974,NC
-0.31919081989746984,6779975,NC
-0.4241452575313554,6779976,NC
-0.5190996761958995,6779977,NC
-0.5740540759070712,6779978,NC
-0.5840084566808461,6779979,NC
-0.5639628185332065,6779980,NC
-0.5489171614801415,6779981,NC
-0.5288714855376465,6779982,NC
-0.5088257907217237,6779983,NC
-0.483780077048382,6779984,NC
-0.44373434453363686,6779985,NC
-0.3886885931935101,6779986,NC
-0.35864282304403033,6779987,NC
-0.3385970341012329,6779988,NC
-0.3335512263811596,6779989,NC
-0.3385053998998585,6779990,NC
-0.31845955467338477,6779991,NC
-0.3084136907177999,6779992,NC
-0.3083678080491719,6779993,NC
-0.29832190668357533,6779994,NC
-0.3082759866370914,6779995,NC
-0.3032300479258079,6779996,NC
-0.3031840905658189,6779997,NC
-0.2831381145732253,6779998,NC
-0.2680921199641344,6779999,NC
-0.26304610675466006,6780000,NC
-0.2830000749609225,6780001,NC
-0.2879540245990487,6780002,NC
-0.28290795568517196,6780003,NC
-0.2628618682354321,6780004,NC
-0.2578157622659755,6780005,NC
-0.2677696377929552,6780006,NC
-0.2627234948325303,6780007,NC
-0.26767733340086663,6780008,NC
-0.2576311535141365,6780009,NC
-0.23758495518851874,6780010,NC
-0.22253873844019836,6780011,NC
-0.22749250328536708,6780012,NC
-0.23244624974022313,6780013,NC
-0.24239997782097097,6780014,NC
-0.2323536875438215,6780015,NC
-0.21730737892499222,6780016,NC
-0.20226105198070699,6780017,NC
-0.19721470672719607,6780018,NC
-0.20216834318069604,6780019,NC
-0.2021219613574501,6780020,NC
-0.20207556127370768,6780021,NC
-0.1770291429457246,6780022,NC
-0.14698270638976324,6780023,NC
-0.1519362516220923,6780024,NC
-0.1468897786589867,6780025,NC
-0.15184328751672785,6780026,NC
-0.1367967782116036,6780027,NC
-0.11175025075990816,6780028,NC
-0.08670370517794199,6780029,NC
-0.08665714148201181,6780030,NC
-0.08161055968843103,6780031,NC
-0.08156395981351912,6780032,NC
-0.07651734187360187,6780033,NC
-0.03647070588501155,6780034,NC
-0.02142405186408678,6780035,NC
-0.016377379827172314,6780036,NC
-0.016330689790619288,6780037,NC
-0.02128398177078527,6780038,NC
0.008762744215966026,6780039,NC
0.02380948815326462,6780040,NC
0.06385625002473408,6780041,NC
0.06390302981399171,6780042,NC
0.06394982750464867,6780043,NC
0.058996643080309843,6780044,NC
0.08404347652457364,6780045,NC
0.10409032782103242,6780046,NC
0.11913719695327231,6780047,NC
0.134184083904873,6780048,NC
0.11423098865940792,6780049,NC
0.13927791120044464,6780050,NC
0.14432485151154412,6780051,NC
0.14937180957626112,6780052,NC
0.1844187853781443,6780053,NC
0.17446577890073625,6780054,NC
0.19951279012757306,6780055,NC
0.19955981904218462,6780056,NC
0.20460686562809488,6780057,NC
0.22465392986882154,6780058,NC
0.24470101174787579,6780059,NC
0.22974811124876307,6780060,NC
0.19479522835498242,6780061,NC
0.17484236305002682,6780062,NC
0.16988951531738283,6780063,NC
0.16493668514053117,6780064,NC
0.14998387250294634,6780065,NC
0.1200310773880966,6780066,NC
0.07007829977944396,6780067,NC
0.03012553966044461,6780068,NC
-0.004827202985451529,6780069,NC
-0.0047799281748008085,6780070,NC
-0.014732635924165481,6780071,NC
-0.049685326250113966,6780072,NC
-0.10963799916922085,6780073,NC
-0.10959065469806684,6780074,NC
-0.10954329285323866,6780075,NC
-0.09949591365132902,6780076,NC
-0.10944851710893692,6780077,NC
-0.12940110324266743,6780078,NC
-0.14435367206913152,6780079,NC
-0.1693062236049462,6780080,NC
-0.16425875786673486,6780081,NC
-0.1642112748711266,6780082,NC
-0.15416377463475664,6780083,NC
-0.15411625717426644,6780084,NC
-0.16906872250630328,6780085,NC
-0.1890211706475205,6780086,NC
-0.18897360161457746,6780087,NC
-0.17892601542413974,6780088,NC
-0.15887841209287867,6780089,NC
-0.1688307916374716,6780090,NC
-0.19378315407460214,6780091,NC
-0.18873549942095963,6780092,NC
-0.1936878276932394,6780093,NC
-0.1736401389081429,6780094,NC
-0.16859243308237756,6780095,NC
-0.1685447102326567,6780096,NC
-0.19349697037569955,6780097,NC
-0.20844921352823143,6780098,NC
-0.19340143970698356,6780099,NC
-0.17835364892869315,6780100,NC
-0.18330584121010315,6780101,NC
-0.18325801656796276,6780102,NC
-0.16821017501902685,6780103,NC
-0.19816231658005629,6780104,NC
-0.18811444126781796,6780105,NC
-0.1730665490990846,6780106,NC
-0.18801864009063476,6780107,NC
-0.17297071425925292,6780108,NC
-0.1879227716217296,6780109,NC
-0.19287481219486116,6780110,NC
-0.1878268359954496,6780111,NC
-0.18777884304030307,6780112,NC
-0.16273083334623556,6780113,NC
-0.17768280693006686,6780114,NC
-0.18763476380862248,6780115,NC
-0.19258670399873404,6780116,NC
-0.19253862751723896,6780117,NC
-0.1824905343809804,6780118,NC
-0.16744242460680728,6780119,NC
-0.1723942982115746,6780120,NC
-0.18734615521214298,6780121,NC
-0.20229799562537887,6780122,NC
-0.2122498194681546,6780123,NC
-0.1922016267573484,6780124,NC
-0.18715341750984413,6780125,NC
-0.19710519174253138,6780126,NC
-0.21205694947230583,6780127,NC
-0.22700869071606866,6780128,NC
-0.21196041549072686,6780129,NC
-0.20191212381319343,6780130,NC
-0.18686381570038685,6780131,NC
-0.2018154911692314,6780132,NC
-0.20176715023665723,6780133,NC
-0.22671879291960031,6780134,NC
-0.2216704192350021,6780135,NC
-0.2166220291998099,6780136,NC
-0.2115736228309768,6780137,NC
-0.2065252001454616,6780138,NC
-0.2114767611602288,6780139,NC
-0.23142830589224844,6780140,NC
-0.23137983435849663,6780141,NC
-0.22633134657595488,6780142,NC
-0.2112828425616104,6780143,NC
-0.21623432233245624,6780144,NC
-0.2361857859054911,6780145,NC
-0.2361372332977193,6780146,NC
-0.24108866452615074,6780147,NC
-0.23104007960780115,6780148,NC
-0.22599147855969198,6780149,NC
-0.21094286139885007,6780150,NC
-0.23589422814230798,6780151,NC
-0.2508455788071041,6780152,NC
-0.24079691341028236,6780153,NC
-0.23574823196889205,6780154,NC
-0.22069953449998841,6780155,NC
-0.25565082102063236,6780156,NC
-0.24060209154789014,6780157,NC
-0.25055334609883356,6780158,NC
-0.24550458469054043,6780159,NC
-0.23045580734009388,6780160,NC
-0.22540701406458244,6780161,NC
-0.2353582048811006,6780162,NC
-0.24030937980674827,6780163,NC
-0.25526053885863087,6780164,NC
-0.24521168205385932,6780165,NC
-0.23016280940955028,6780166,NC
-0.21511392094282603,6780167,NC
-0.22006501667081393,6780168,NC
-0.22501609661064736,6780169,NC
-0.2249671607794651,6780170,NC
-0.21991820919441135,6780171,NC
-0.20986924187263586,6780172,NC
-0.199820258831294,6780173,NC
-0.19977126008754653,6780174,NC
-0.2047222456585597,6780175,NC
-0.21467321556150537,6780176,NC
-0.19462416981356084,6780177,NC
-0.1795751084319089,6780178,NC
-0.15952603143373767,6780179,NC
-0.15947693883624103,6780180,NC
-0.1744278306566181,6780181,NC
-0.18437870691207345,6780182,NC
-0.1643295676198172,6780183,NC
-0.14928041279706505,6780184,NC
-0.14423124246103786,6780185,NC
-0.16418205662896196,6780186,NC
-0.17413285531806932,6780187,NC
-0.18408363854559726,6780188,NC
-0.20403440632878836,6780189,NC
-0.2039851586848907,6780190,NC
-0.18393589563115792,6780191,NC
-0.19388661718484881,6780192,NC
-0.21383732336322764,6780193,NC
-0.22878801418356412,6780194,NC
-0.2487386896631334,6780195,NC
-0.22868934981921588,6780196,NC
-0.22863999466909724,6780197,NC
-0.23359062423006877,6780198,NC
-0.23854123851942702,6780199,NC
-0.2584918375544738,6780200,NC
-0.2634424213525163,6780201,NC
-0.2533929899308671,6780202,NC
-0.2433435433068442,6780203,NC
-0.2532940814977706,6780204,NC
-0.273244604520975,6780205,NC
-0.28819511239379114,6780206,NC
-0.3131456051335584,6780207,NC
-0.3030960827576209,6780208,NC
-0.2780465452833286,6780209,NC
-0.2879969927280366,6780210,NC
-0.302947425109105,6780211,NC
-0.3078978424438996,6780212,NC
-0.30284824474979133,6780213,NC
-0.302798632044156,6780214,NC
-0.2927490043443753,6780215,NC
-0.2976993616678359,6780216,NC
-0.31764970403192955,6780217,NC
-0.3176000314540534,6780218,NC
-0.31755034395160986,6780219,NC
-0.3025006415420066,6780220,NC
-0.3074509242426564,6780221,NC
-0.3124011920709773,6780222,NC
-0.3223514450443925,6780223,NC
-0.3123016831803306,6780224,NC
-0.32225190649622504,6780225,NC
-0.3122021150095148,6780226,NC
-0.30715230873764393,6780227,NC
-0.3271024876980616,6780228,NC
-0.33205265190822225,6780229,NC
-0.34700280138558537,6780230,NC
-0.34695293614761585,6780231,NC
-0.3219030562117833,6780232,NC
-0.3068531615955628,6780233,NC
-0.3068032523164347,6780234,NC
-0.31675332839188414,6780235,NC
-0.3367033898394015,6780236,NC
-0.3216534366764825,6780237,NC
-0.30660346892062773,6780238,NC
-0.29155348658934305,6780239,NC
-0.3015034897001392,6780240,NC
-0.32645347827053234,6780241,NC
-0.3314034523180435,6780242,NC
-0.31635341186019883,6780243,NC
-0.30630335691452953,6780244,NC
-0.27125328749857214,6780245,NC
-0.2662032036298679,6780246,NC
-0.26615310532596326,6780247,NC
-0.24610299260440974,6780248,NC
-0.2210528654827641,6780249,NC
-0.16600272397858784,6780250,NC
-0.10095256810944753,6780251,NC
-0.030902397892915025,6780252,NC
0.03414778665343302,6780253,NC
0.09919798551201499,6780254,NC
0.15424819866524392,6780255,NC
0.17429842609552815,6780256,NC
0.18434866778527098,6780257,NC
0.11939892371687061,6780258,NC
0.014449193872720187,6780259,NC
-0.050500521764791945,6780260,NC
-0.0754502232132824,6780261,NC
-0.030399910490373036,6780262,NC
0.0796504163863096,6780263,NC
0.19470075739913395,6780264,NC
0.3197511125304634,6780265,NC
0.41980148176265647,6780266,NC
0.4798518650780666,6780267,NC
0.5249022624590426,6780268,NC
0.49995267388792813,6780269,L
0.4150030993470618,6780270,NC
0.2900535388187776,6780271,NC
0.1451039922854045,6780272,NC
0.03515445972926643,6780273,NC
-0.054795058867317344,6780274,NC
-0.15974456352203253,6780275,NC
-0.28969405425256983,6780276,NC
-0.4046435310766248,6780277,NC
-0.5195929940118977,6780278,NC
-0.6095424430760938,6780279,NC
-0.6544918782869233,6780280,NC
-0.6594412996621012,6780281,NC
-0.679390707219347,6780282,NC
-0.6643401009763856,6780283,NC
-0.6642894809509464,6780284,NC
-0.6092388471607637,6780285,NC
-0.5691881996235766,6780286,NC
-0.5241375383571291,6780287,NC
-0.4940868633791699,6780288,NC
-0.4690361747074527,6780289,NC
-0.4539854723597356,6780290,NC
-0.42893475635378203,6780291,NC
-0.41388402670735974,6780292,NC
-0.40383328343824143,6780293,NC
-0.4037825265642046,6780294,NC
-0.4087317561030317,6780295,NC
-0.42368097207250954,6780296,NC
-0.4136301744904298,6780297,NC
-0.4135793633745892,6780298,NC
-0.39852853874278893,6780299,NC
-0.3984777006128349,6780300,NC
-0.39842684900253794,6780301,NC
-0.4033759839297134,6780302,NC
-0.4083251054121814,6780303,NC
-0.3932742134677669,6780304,NC
-0.37322330811429955,6780305,NC
-0.37317238936961344,6780306,NC
-0.37312145725154755,6780307,NC
-0.38807051177794555,6780308,NC
-0.39801955296665587,6780309,NC
-0.3779685808355315,6780310,NC
-0.35791759540242984,6780311,NC
-0.35786659668521353,6780312,NC
-0.35281558470174945,6780313,NC
-0.3577645594699091,6780314,NC
-0.3527135210075688,6780315,NC
-0.32766246933260956,6780316,NC
-0.3026114044629169,6780317,NC
-0.3275603264163808,6780318,NC
-0.3175092352108962,6780319,NC
-0.32245813086436237,6780320,NC
-0.3024070133946835,6780321,NC
-0.2973558828197679,6780322,NC
-0.27730473915752885,6780323,NC
-0.27725358242588416,6780324,NC
-0.2872024126427561,6780325,NC
-0.29215122982607156,6780326,NC
-0.27210003399376215,6780327,NC
-0.2520488251637638,6780328,NC
-0.24199760335401707,6780329,NC
-0.22694636858246714,6780330,NC
-0.23189512086706374,6780331,NC
-0.221843860225761,6780332,NC
-0.20179258667651764,6780333,NC
-0.19674130023729705,6780334,NC
-0.17169000092606693,6780335,NC
-0.16663868876079946,6780336,NC
-0.16158736375947155,6780337,NC
-0.1615360259400646,6780338,NC
-0.14648467532056417,6780339,NC
-0.11643331191896059,6780340,NC
-0.08138193575324867,6780341,NC
-0.07133054684142762,6780342,NC
-0.071279145201501,6780343,NC
-0.0812277308514771,6780344,NC
-0.06617630380936843,6780345,NC
-0.03612486409319196,6780346,NC
-0.02107341172096925,6780347,NC
-0.016021946710726275,6780348,NC
-0.015970469080493304,6780349,NC
-0.01091897884830502,6780350,NC
-0.01086747603220068,6780351,NC
0.009184039349775984,6780352,NC
0.0342355672795773,6780353,NC
0.03928710773915071,6780354,NC
0.039338660710439385,6780355,NC
0.024390226175382237,6780356,NC
0.04944180411591383,6780357,NC
0.05949339451396415,6780358,NC
0.09454499735145888,6780359,NC
0.09459661261031946,6780360,NC
0.07964824027246298,6780361,NC
0.05969988031980197,6780362,NC
0.06975153273424486,6780363,NC
0.06980319749769572,6780364,NC
0.07485487459205414,6780365,NC
0.05490656399921543,6780366,NC
0.0399582657010707,6780367,NC
0.010009979679506759,6780368,NC
-0.019938294083594037,6780369,NC
-0.029886555606353612,6780370,NC
-0.04983480490689803,6780371,NC
-0.08978304200335765,6780372,NC
-0.12973126691386735,6780373,NC
-0.164679479656566,6780374,NC
-0.18462768024959675,6780375,NC
-0.1895758687111072,6780376,NC
-0.17952404505924913,6780377,NC
-0.1944722093121785,6780378,NC
-0.22942036148805545,6780379,NC
-0.25436850160504454,6780380,NC
-0.25931662968131436,6780381,NC
-0.2692647457350378,6780382,NC
-0.264212849784392,6780383,NC
-0.2841609418475585,6780384,NC
-0.30910902194272244,6780385,NC
-0.31905709008807365,6780386,NC
-0.3090051463018062,6780387,NC
-0.303953190602118,6780388,NC
-0.2989012230072113,6780389,NC
-0.30884924353529253,6780390,NC
-0.31379725220457233,6780391,NC
-0.3337452490332654,6780392,NC
-0.3436932340395905,6780393,NC
-0.3436412072417709,6780394,NC
-0.33858916865803357,6780395,NC
-0.33853711830660976,6780396,NC
-0.358485056205735,6780397,NC
-0.3584329823736488,6780398,NC
-0.3333808968285948,6780399,NC
-0.32832879958882055,6780400,NC
-0.32327669067257814,6780401,NC
-0.3382245700981235,6780402,NC
-0.3331724378837164,6780403,NC
-0.34812029404762107,6780404,NC
-0.34806813860810576,6780405,NC
-0.32801597158344253,6780406,NC
-0.3229637929919077,6780407,NC
-0.32291160285178167,6780408,NC
-0.34785940118134884,6780409,NC
-0.35780718799889766,6780410,NC
-0.3527549633227203,6780411,NC
-0.3427027271711136,6780412,NC
-0.3376504795623779,6780413,NC
-0.3275982205148177,6780414,NC
-0.34254595004674154,6780415,NC
-0.352493668176462,6780416,NC
-0.3524413749222956,6780417,NC
-0.3423890703025627,6780418,NC
-0.33733675433558785,6780419,NC
-0.34228442703969975,6780420,NC
-0.34723208843323056,6780421,NC
-0.3571797385345167,6780422,NC
-0.3671273773618987,6780423,NC
-0.3620750049337207,6780424,NC
-0.3520226212683309,6780425,NC
-0.34697022638408165,6780426,NC
-0.346917820299329,6780427,NC
-0.3518654030324329,6780428,NC
-0.35681297460175737,6780429,NC
-0.3617605350256704,6780430,NC
-0.33670808432254357,6780431,NC
-0.3566556225107526,6780432,NC
-0.37160314960867713,6780433,NC
-0.38155066563470047,6780434,NC
-0.37649817060721,6780435,NC
-0.35644566454459703,6780436,NC
-0.3413931474652565,6780437,NC
-0.3513406193875874,6780438,NC
-0.3612880803299924,6780439,NC
-0.37623553031087814,6780440,NC
-0.37618296934865525,6780441,NC
-0.3661303974617379,6780442,NC
-0.3410778146685442,6780443,NC
-0.34102522098749616,6780444,NC
-0.3659726164370195,6780445,NC
-0.36592000103554373,6780446,NC
-0.3658673748015022,6780447,NC
-0.35081473775333233,6780448,NC
-0.3307620899094748,6780449,NC
-0.34070943128837444,6780450,NC
-0.3506567619084797,6780451,NC
-0.3656040817882431,6780452,NC
-0.36055139094612043,6780453,NC
-0.35049868940057144,6780454,NC
-0.35544597717005993,6780455,NC
-0.3703932542730531,6780456,NC
-0.37534052072802176,6780457,NC
-0.3802877765534409,6780458,NC
-0.38523502176778907,6780459,NC
-0.38018225638954833,6780460,NC
-0.3501294804372046,6780461,NC
-0.36007669392924746,6780462,NC
-0.3650238968841705,6780463,NC
-0.37997108932047025,6780464,NC
-0.3799182712566477,6780465,NC
-0.37486544271120725,6780466,NC
-0.3498126037026569,6780467,NC
-0.35475975424950823,6780468,NC
-0.3597068943702768,6780469,NC
-0.3696540240834816,6780470,NC
-0.36960114340764505,6780471,NC
-0.3645482523612937,6780472,NC
-0.3344953509629575,6780473,NC
-0.32944243923116984,6780474,NC
-0.329389517184468,6780475,NC
-0.3493365848413929,6780476,NC
-0.3292836422204888,6780477,NC
-0.3242306893403037,6780478,NC
-0.30417772621938927,6780479,NC
-0.3041247528763007,6780480,NC
-0.3240717693295967,6780481,NC
-0.31901877559783964,6780482,NC
-0.3139657716995955,6780483,NC
-0.28891275765343377,6780484,NC
-0.26385973347792724,6780485,NC
-0.2738066991916527,6780486,NC
-0.2787536548131903,6780487,NC
-0.29370060036112366,6780488,NC
-0.30364753585403986,6780489,NC
-0.2885944613105297,6780490,NC
-0.28354137674918745,6780491,NC
-0.2884882821886108,6780492,NC
-0.3084351776474009,6780493,NC
-0.31838206314416256,6780494,NC
-0.30832893869750416,6780495,NC
-0.313275804326037,6780496,NC
-0.2982226600483767,6780497,NC
-0.3231695058831417,6780498,NC
-0.3331163418489542,6780499,NC
-0.3630631679644397,6780500,NC
-0.35300998424822727,6780501,NC
-0.3379567907189494,6780502,NC
-0.322903587395242,6780503,NC
-0.3328503742957443,6780504,NC
-0.3427971514390993,6780505,NC
-0.357743918843953,6780506,NC
-0.37769067652895494,6780507,NC
-0.3726374245127583,6780508,NC
-0.36258416281401956,6780509,NC
-0.37253089145139817,6780510,NC
-0.39247761044355756,6780511,NC
-0.40242431980916427,6780512,NC
-0.3923710195668882,6780513,NC
-0.3773177097354026,6780514,NC
-0.3522643903333842,6780515,NC
-0.352211061379513,6780516,NC
-0.37715772289247224,6780517,NC
-0.39710437489094874,6780518,NC
-0.4020510173936326,6780519,NC
-0.39699765041921703,6780520,NC
-0.3719442739863987,6780521,NC
-0.3918908881138776,6780522,NC
-0.39183749282035735,6780523,NC
-0.40678408812454403,6780524,NC
-0.39673067404514784,6780525,NC
-0.3866772506008819,6780526,NC
-0.38162381781046273,6780527,NC
-0.3715703756926099,6780528,NC
-0.38651692426604656,6780529,NC
-0.41146346354949903,6780530,NC
-0.4064099935616967,6780531,NC
-0.38135651432137224,6780532,NC
-0.3863030258472619,6780533,NC
-0.3712495281581048,6780534,NC
-0.38619602127264335,6780535,NC
-0.39614250520962335,6780536,NC
-0.3910889799877937,6780537,NC
-0.38603544562590647,6780538,NC
-0.36098190214271697,6780539,NC
-0.3609283495569837,6780540,NC
-0.37087478788746847,6780541,NC
-0.38082121715293615,6780542,NC
-0.38576763737215464,6780543,NC
-0.35571404856389544,6780544,NC
-0.3556604507469327,6780545,NC
-0.350606843940044,6780546,NC
-0.3555532281620101,6780547,NC
-0.36049960343161497,6780548,NC
-0.3554459697676454,6780549,NC
-0.34039232718889145,6780550,NC
-0.3103386757141466,6780551,NC
-0.3002850153622071,6780552,NC
-0.28523134615187223,6780553,NC
-0.2551776681019447,6780554,NC
-0.2001239812312303,6780555,NC
-0.0850702855585375,6780556,NC
0.019983418897321723,6780557,NC
0.09503713211753237,6780558,NC
0.1400908540832766,6780559,NC
0.14014458477573336,6780560,NC
0.1151983241760785,6780561,NC
0.05525207226548481,6780562,NC
-0.019694170974877846,6780563,NC
-0.1346404055638426,6780564,NC
-0.22458663152024594,6780565,NC
-0.254532848862927,6780566,NC
-0.229479057610728,6780567,NC
-0.10442525778249445,6780568,NC
0.010628550602925366,6780569,NC
0.11068236752668015,6780570,NC
0.18073619296991567,6780571,NC
0.24079002691377457,6780572,NC
0.26084386933939646,6780573,NC
0.27089772022791825,6780574,L
0.2159515795604737,6780575,NC
0.11100544731819358,6780576,NC
0.0010593234822057623,6780577,NC
-0.10388679196636469,6780578,NC
-0.18383289904639585,6780579,NC
-0.25877899777676877,6780580,NC
-0.3237250881763672,6780581,NC
-0.3836711702640779,6780582,NC
-0.45361724405879056,6780583,NC
-0.513563309579398,6780584,NC
-0.5535093668447955,6780585,NC
-0.5634554158738813,6780586,NC
-0.563401456685557,6780587,NC
-0.5733474892987267,6780588,NC
-0.5832935137322971,6780589,NC
-0.5682395300051785,6780590,NC
-0.5281855381362834,6780591,NC
-0.49313153814452754,6780592,NC
-0.4480775300488293,6780593,NC
-0.43802351386811,6780594,NC
-0.42796948962129383,6780595,NC
-0.4129154573273075,6780596,NC
-0.407861417005081,6780597,NC
-0.3928073686735469,6780598,NC
-0.39275331235164035,6780599,NC
-0.39269924805829975,6780600,NC
-0.4126451758124661,6780601,NC
-0.4125910956330831,6780602,NC
-0.42253700753909723,6780603,NC
-0.40248291154945787,6780604,NC
-0.36742880768311714,6780605,NC
-0.39237469595902974,6780606,NC
-0.4073205763961534,6780607,NC
-0.4172664490134484,6780608,NC
-0.4072123138298779,6780609,NC
-0.3971581708644075,6780610,NC
-0.3871040201360059,6780611,NC
-0.37704986166364446,6780612,NC
-0.381995695466297,6780613,NC
-0.40194152156294016,6780614,NC
-0.4018873399725535,6780615,NC
-0.3668331507141189,6780616,NC
-0.3417789538066212,6780617,NC
-0.33172474926904777,6780618,NC
-0.34667053712038887,6780619,NC
-0.3566163173796372,6780620,NC
-0.3515620900657881,6780621,NC
-0.3415078551978397,6780622,NC
-0.3064536127947929,6780623,NC
-0.30639936287565095,6780624,NC
-0.3163451054594198,6780625,NC
-0.3262908405651082,6780626,NC
-0.31623656821172735,6780627,NC
-0.28118228841829107,6780628,NC
-0.26112800120381585,6780629,NC
-0.2560737065873209,6780630,NC
-0.2610194045878278,6780631,NC
-0.2359650952243607,6780632,NC
-0.22591077851594651,6780633,NC
-0.18585645448161486,6780634,NC
-0.16080212314039735,6780635,NC
-0.15074778451132864,6780636,NC
-0.14569343861344597,6780637,NC
-0.14563908546578888,6780638,NC
-0.17058472508739944,6780639,NC
-0.16553035749732253,6780640,NC
-0.13547598271460531,6780641,NC
-0.12042160075829743,6780642,NC
-0.12036721164745126,6780643,NC
-0.10031281540112172,6780644,NC
-0.09025841203836579,6780645,NC
-0.06520400157824335,6780646,NC
-0.045149584039816774,6780647,NC
-0.025095159442150697,6780648,NC
-0.030040727804312245,6780649,NC
-0.004986289145371175,6780650,NC
0.015068156515600305,6780651,NC
0.04012260915952767,6780652,NC
0.065177068767334,6780653,NC
0.07523153531993966,6780654,NC
0.0752860087982628,6780655,NC
0.08034048918321919,6780656,NC
0.09039497645572198,6780657,NC
0.11544947059668195,6780658,NC
0.13050397158700758,6780659,NC
0.13555847940760501,6780660,NC
0.12061299403937782,6780661,NC
0.09566751546322712,6780662,NC
0.09072204366005188,6780663,NC
0.0957765786107487,6780664,NC
0.11083112029621155,6780665,NC
0.10088566869733226,6780666,NC
0.08094022379500036,6780667,NC
0.04599478557010282,6780668,NC
0.01604935400352431,6780669,NC
-0.0138960709238527,6780670,NC
-0.03884148923114804,6780671,NC
-0.08378690093748403,6780672,NC
-0.12873230606198532,6780673,NC
-0.1686777046237787,6780674,NC
-0.18862309664199323,6780675,NC
-0.16856848213576053,6780676,NC
-0.17351386112421424,6780677,NC
-0.18345923362649036,6780678,NC
-0.18340459966172717,6780679,NC
-0.20334995924906546,6780680,NC
-0.20329531240764767,6780681,NC
-0.2082406591566191,6780682,NC
-0.22318599951512705,6780683,NC
-0.2531313335023211,6780684,NC
-0.26807666113735285,6780685,NC
-0.28802198243937654,6780686,NC
-0.28796729742754823,6780687,NC
-0.2879126061210264,6780688,NC
-0.2678579085389717,6780689,NC
-0.27280320470054703,6780690,NC
-0.26774849462491745,6780691,NC
-0.28769377833125,6780692,NC
-0.2776390558387142,6780693,NC
-0.2775843271664817,6780694,NC
-0.24252959233372615,6780695,NC
-0.25247485135962333,6780696,NC
-0.28242010426335157,6780697,NC
-0.3123653510640908,6780698,NC
-0.3273105917810234,6780699,NC
-0.3122558264333339,6780700,NC
-0.2772010550402089,6780701,NC
-0.2621462776208371,6780702,NC
-0.26209149419440914,6780703,NC
-0.30203670478011807,6780704,NC
-0.30698190939715914,6780705,NC
-0.301927108064729,6780706,NC
-0.2618723008020271,6780707,NC
-0.25181748762825473,6780708,NC
-0.26176266856261526,6780709,NC
-0.31170784362431386,6780710,NC
-0.31665301283255815,6780711,NC
-0.32659817620655773,6780712,NC
-0.30154333376552406,6780713,NC
-0.2814884855286707,6780714,NC
-0.27643363151521333,6780715,NC
-0.2763787717443696,6780716,NC
-0.26132390623535906,6780717,NC
-0.24626903500740355,6780718,NC
-0.23621415807972668,6780719,NC
-0.25615927547155415,6780720,NC
-0.25610438720211354,6780721,NC
-0.27104949329063466,6780722,NC
-0.29599459375634907,6780723,NC
-0.26593968861849016,6780724,NC
-0.2608847778962937,6780725,NC
-0.25082986160899734,6780726,NC
-0.24577493977584022,6780727,NC
-0.2557200124160639,6780728,NC
-0.2456650795489118,6780729,NC
-0.23061014119362913,6780730,NC
-0.220555197369463,6780731,NC
-0.2305002480956626,6780732,NC
-0.25544529339147903,6780733,NC
-0.24039033327616516,6780734,NC
-0.23533536776897568,6780735,NC
-0.2352803968891675,6780736,NC
-0.22522542065599913,6780737,NC
-0.23517043908873092,6780738,NC
-0.24011545220662533,6780739,NC
-0.23006046002894662,6780740,NC
-0.23000546257496074,6780741,NC
-0.21495045986393557,6780742,NC
-0.19489545191514088,6780743,NC
-0.21484043874784836,6780744,NC
-0.2297854203813313,6780745,NC
-0.23473039683486485,6780746,NC
-0.21467536812772628,6780747,NC
-0.20462033427919427,6780748,NC
-0.19956529530854944,6780749,NC
-0.20951025123507436,6780750,NC
-0.23945520207805324,6780751,NC
-0.2394001478567721,6780752,NC
-0.23934508859051862,6780753,NC
-0.2192900242985824,6780754,NC
-0.20423495500025501,6780755,NC
-0.1941798807148291,6780756,NC
-0.1891248014615997,6780757,NC
-0.18406971725986349,6780758,NC
-0.1690146281289186,6780759,NC
-0.168959534088065,6780760,NC
-0.14390443515660453,6780761,NC
-0.13384933135384072,6780762,NC
-0.13879422269907862,6780763,NC
-0.13873910921162502,6780764,NC
-0.1286839909107887,6780765,NC
-0.13862886781587969,6780766,NC
-0.10357373994620993,6780767,NC
-0.07851860732109314,6780768,NC
-0.0784634699598445,6780769,NC
-0.08340832788178086,6780770,NC
-0.06335318110622083,6780771,NC
-0.058298029652484734,6780772,NC
-0.04324287353989435,6780773,NC
-0.04818771278777308,6780774,NC
-0.05813254741544618,6780775,NC
-0.06807737744224032,6780776,NC
-0.06302220288748375,6780777,NC
-0.0479670237705065,6780778,NC
-0.0379118401106402,6780779,NC
-0.037856651927217905,6780780,NC
-0.047801459239574254,6780781,NC
-0.07274626206704563,6780782,NC
-0.07269106042896997,6780783,NC
-0.06263585434468666,6780784,NC
-0.04258064383353659,6780785,NC
-0.04252542891486247,6780786,NC
-0.07747020960800831,6780787,NC
-0.06741498593231965,6780788,NC
-0.07235975790714373,6780789,NC
-0.062304525551829325,6780790,NC
-0.04724928888572653,6780791,NC
-0.032194047928186975,6780792,NC
-0.06713880269856395,6780793,NC
-0.07708355321621227,6780794,NC
-0.09702829950048802,6780795,NC
-0.10697304157074881,6780796,NC
-0.10191777944635395,6780797,NC
-0.09186251314666402,6780798,NC
-0.10180724269104098,6780799,NC
-0.1017519680988485,6780800,NC
-0.11669668938945163,6780801,NC
-0.08664140658221672,6780802,NC
-0.08658611969651159,6780803,NC
-0.061530828751705596,6780804,NC
-0.07647553376716965,6780805,NC
-0.08142023476227553,6780806,NC
-0.08136493175639696,6780807,NC
-0.07630962476890898,6780808,NC
-0.07125431381918786,6780809,NC
-0.10119899892661123,6780810,NC
-0.10614368011055839,6780811,NC
-0.11108835739040972,6780812,NC
-0.116033030785547,6780813,NC
-0.08597770031535353,6780814,NC
-0.08092236599921399,6780815,NC
-0.06586702785651417,6780816,NC
-0.07581168590664128,6780817,NC
-0.08075634016898407,6780818,NC
-0.08070099066293238,6780819,NC
-0.06564563740787735,6780820,NC
-0.055590280423211624,6780821,NC
-0.04053491972832916,6780822,NC
-0.06547955534262502,6780823,NC
-0.07042418728549558,6780824,NC
-0.07536881557633866,6780825,NC
-0.08031344023455345,6780826,NC
-0.0602580612795399,6780827,NC
-0.05520267873069973,6780828,NC
-0.050147292607435855,6780829,NC
-0.06009190292915225,6780830,NC
-0.07503650971525415,6780831,NC
-0.04998111298514818,6780832,NC
-0.02492571275824222,6780833,NC
-0.014870309053945197,6780834,NC
-0.029814901891667252,6780835,NC
-0.014759491290819986,6780836,NC
-0.004704077270815967,6780837,NC
0.015351340148931053,6780838,NC
0.05040676094900595,6780839,NC
0.09046218510999243,6780840,NC
0.13551761261247317,6780841,NC
0.2055730434370297,6780842,NC
0.2856284775642422,6780843,NC
0.3756839149746897,6780844,NC
0.45573935564895035,6780845,NC
0.46579479956760084,6780846,NC
0.46585024671121683,6780847,NC
0.4009056970603729,6780848,NC
0.35596115059564265,6780849,NC
0.2960166072975982,6780850,NC
0.26107206714681075,6780851,NC
0.2361275301238505,6780852,NC
0.25118299620928647,6780853,NC
0.2762384653836864,6780854,NC
0.3512939376276173,6780855,NC
0.446349412921645,6780856,NC
0.5614048912463339,6780857,NC
0.6564603725822479,6780858,NC
0.7165158569099495,6780859,NC
0.7315713442100001,6780860,NC
0.7166268344629603,6780861,L
0.6616823276493896,6780862,NC
0.5867378237498463,6780863,NC
0.49679332274488797,6780864,NC
0.40184882461507077,6780865,NC
0.31190432934095025,6780866,NC
0.21695983690308074,6780867,NC
0.1470153472820156,6780868,NC
0.08207086045830722,6780869,NC
-0.0028736235874928457,6780870,NC
-0.09281810487483426,6780871,NC
-0.1777625834231676,6780872,NC
-0.25270705925194425,6780873,NC
-0.2676515323806167,6780874,NC
-0.2875960028286382,6780875,NC
-0.28754047061546334,6780876,NC
-0.27748493576054706,6780877,NC
-0.2674293982833456,6780878,NC
-0.2323738582033163,6780879,NC
-0.18731831553991693,6780880,NC
-0.14226277031260642,6780881,NC
-0.1272072225408446,6780882,NC
-0.1321516722440923,6780883,NC
-0.137096119441811,6780884,NC
-0.14204056415346306,6780885,NC
-0.141985006398512,6780886,NC
-0.11192944619642192,6780887,NC
-0.09687388356665781,6780888,NC
-0.12681831852868566,6780889,NC
-0.13176275110197233,6780890,NC
-0.13170718130598524,6780891,NC
-0.1316516091601928,6780892,NC
-0.11659603468406442,6780893,NC
-0.12154045789707002,6780894,NC
-0.1314848788186804,6780895,NC
-0.1314292974683674,6780896,NC
-0.12637371386560342,6780897,NC
-0.1013181280298616,6780898,NC
-0.09126253998061609,6780899,NC
-0.09620694973734176,6780900,NC
-0.10115135731951412,6780901,NC
-0.10609576274660944,6780902,NC
-0.10604016603810486,6780903,NC
-0.08598456721347833,6780904,NC
-0.08092896629220837,6780905,NC
-0.08587336329377421,6780906,NC
-0.10581775823765606,6780907,NC
-0.1107621511433346,6780908,NC
-0.09070654203029124,6780909,NC
-0.07565093091800826,6780910,NC
-0.07559531782596861,6780911,NC
-0.055539702773655816,6780912,NC
-0.07048408578055405,6780913,NC
-0.05542846686614838,6780914,NC
-0.04037284604992448,6780915,NC
-0.01531722335136856,6780916,NC
-0.010261598789967503,6780917,NC
-0.00020597238520907255,6780918,NC
-0.010150344156581434,6780919,NC
-0.005094714123573391,6780920,NC
-3.908230567454835e-05,6780921,NC
0.020016551277624868,6780922,NC
0.05007218660683417,6780923,NC
0.05012782366246207,6780924,NC
0.055183462425016504,6780925,NC
0.04023910287500481,6780926,NC
0.04529474499293391,6780927,NC
0.0703503887593101,6780928,NC
0.08540603415463893,6780929,NC
0.07546168115942556,6780930,NC
0.0655173297541746,6780931,NC
0.06057297991938994,6780932,NC
0.08562863163557492,6780933,NC
0.12068428488323255,6780934,NC
0.1457399396428652,6780935,NC
0.17079559589497456,6780936,NC
0.185851253620062,6780937,NC
0.19090691279862837,6780938,NC
0.20096257341117377,6780939,NC
0.20601823543819808,6780940,NC
0.22607389886020063,6780941,NC
0.2261295636576801,6780942,NC
0.24118522981113474,6780943,NC
0.2612408973010625,6780944,NC
0.2712965661079607,6780945,NC
0.3013522362123262,6780946,NC
0.3314079075946554,6780947,NC
0.3364635802354444,6780948,NC
0.35651925411518876,6780949,NC
0.35657492921438344,6780950,NC
0.3666306055135233,6780951,NC
0.3866862829931026,6780952,NC
0.4067419616336151,6780953,NC
0.3867976414155543,6780954,NC
0.3818533223194132,6780955,NC
0.34190900432568455,6780956,NC
0.3419646874148605,6780957,NC
0.3370203715674331,6780958,NC
0.3270760567638938,6780959,NC
0.2921317429847337,6780960,NC
0.25218743021044365,6780961,NC
0.23724311842151402,6780962,NC
0.19229880759843507,6780963,NC
0.16735449772169644,6780964,NC
0.16241018877178748,6780965,NC
0.14246588072919739,6780966,NC
0.11752157357441503,6780967,NC
0.10257726728792872,6780968,NC
0.09263296185022671,6780969,NC
0.08268865724179694,6780970,NC
0.07774435344312691,6780971,NC
0.06780005043470387,6780972,NC
0.032855748197014874,6780973,NC
0.00791144671054678,6780974,NC
-0.012032854044214086,6780975,NC
-0.001977154086781413,6780976,NC
0.003078546563330865,6780977,NC
0.018134247886608404,6780978,NC
0.008189949863536624,6780979,NC
-0.0067543475253991165,6780980,NC
-0.006698644299713682,6780981,NC
-0.006642940478922402,6780982,NC
-0.0015872360825405635,6780983,NC
0.008468468869916344,6780984,NC
-0.006475825641067532,6780985,NC
-0.01142011963500823,6780986,NC
-0.0163644131314218,6780987,NC
-0.016308706149824475,6780988,NC
0.0037470012902671027,6780989,NC
0.0038027091693363766,6780990,NC
0.003858417467866637,6780991,NC
-0.02108587383365914,6780992,NC
-0.031030164754758113,6780993,NC
-0.01597445531494742,6780994,NC
-0.010918745533744313,6780995,NC
-0.015863035430666333,6780996,NC
-0.005807325025231225,6780997,NC
-0.02575161433695633,6780998,NC
-0.025695903385359587,6780999,NC
-0.015640192189958955,6781000,NC
-0.0005844807702723033,6781001,NC
-0.005528769145817583,6781002,NC
-0.0004730573361129817,6781003,NC
-0.010417345360676754,6781004,NC
-0.02036163323902704,6781005,NC
-0.010305920990682045,6781006,NC
-0.005250208635160252,6781007,NC
-0.0051944961919799405,6781008,NC
-0.015138783680659417,6781009,NC
-0.020083071120717187,6781010,NC
-0.02002735853167176,6781011,NC
-0.024971645933041502,6781012,NC
-0.009915933344344768,6781013,NC
-0.02486022078510009,6781014,NC
-0.04480450827482598,6781015,NC
-0.054748795833040785,6781016,NC
-0.05469308347926279,6781017,NC
-0.04463737123301054,6781018,NC
-0.029581659113802262,6781019,NC
-0.01952594714115616,6781020,NC
-0.029470235334590623,6781021,NC
-0.04441452371362374,6781022,NC
-0.04935881229777354,6781023,NC
-0.054303101106558116,6781024,NC
-0.02424739015949552,6781025,NC
-0.029191679476103537,6781026,NC
-0.05913596907589985,6781027,NC
-0.06908025897840232,6781028,NC
-0.06902454920312842,6781029,NC
-0.06396883976959551,6781030,NC
-0.058913130697321035,6781031,NC
-0.048857422005822285,6781032,NC
-0.05880171371461625,6781033,NC
-0.08374600584321978,6781034,NC
-0.08869029841114975,6781035,NC
-0.0836345914379229,6781036,NC
-0.06357888494305558,6781037,NC
-0.06852317894606406,6781038,NC
-0.08346747346646462,6781039,NC
-0.08341176852377312,6781040,NC
-0.09335606413750523,6781041,NC
-0.07830036032717665,6781042,NC
-0.0732446571123028,6781043,NC
-0.08818895451239875,6781044,NC
-0.07813325254697938,6781045,NC
-0.08307755123555947,6781046,NC
-0.09302185059765362,6781047,NC
-0.08296615065277599,6781048,NC
-0.07791045142044051,6781049,NC
-0.08285475292016112,6781050,NC
-0.07779905517145122,6781051,NC
-0.09274335819382398,6781052,NC
-0.10268766200679248,6781053,NC
-0.10763196662986949,6781054,NC
-0.07257627208256731,6781055,NC
-0.06752057838439803,6781056,NC
-0.06246488555487351,6781057,NC
-0.08240919361350547,6781058,NC
-0.06735350257980477,6781059,NC
-0.05229781247328246,6781060,NC
-0.032242123313449216,6781061,NC
-0.02718643511981516,6781062,NC
-0.022130747911890132,6781063,NC
-0.03207506170918384,6781064,NC
-0.04201937653120538,6781065,NC
-0.02196369239746354,6781066,NC
-0.011908009327466858,6781067,NC
-0.01685232734072361,6781068,NC
-0.021796646456741182,6781069,NC
-0.01674096669502707,6781070,NC
-0.02668528807508831,6781071,NC
-0.03162961061643135,6781072,NC
-0.0065739343385622555,6781073,NC
-0.01151825926098682,6781074,NC
-0.036462585403210436,6781075,NC
-0.03140691278473789,6781076,NC
-0.03635124142507353,6781077,NC
-0.046295571343721545,6781078,NC
-0.031239902560185377,6781079,NC
-0.03618423509396805,6781080,NC
-0.061128568964572284,6781081,NC
-0.07607290419150033,6781082,NC
-0.08101724079425379,6781083,NC
-0.08596157879233378,6781084,NC
-0.07090591820524113,6781085,NC
-0.07585025905247612,6781086,NC
-0.0707946013535384,6781087,NC
-0.09073894512792713,6781088,NC
-0.11068329039514113,6781089,NC
-0.11062763717467851,6781090,NC
-0.0805719854860368,6781091,NC
-0.09051633534871324,6781092,NC
-0.11546068678220445,6781093,NC
-0.12540503980600637,6781094,NC
-0.13534939443961436,6781095,NC
-0.14529375070252337,6781096,NC
-0.14023810861422786,6781097,NC
-0.11018246819422149,6781098,NC
-0.12012682946199729,6781099,NC
-0.14507119243704802,6781100,NC
-0.15501555713886556,6781101,NC
-0.14995992358694119,6781102,NC
-0.13490429180076577,6781103,NC
-0.14984866179982947,6781104,NC
-0.14979303360362178,6781105,NC
-0.15473740723163146,6781106,NC
-0.14968178270334687,6781107,NC
-0.1446261600382556,6781108,NC
-0.14457053925584445,6781109,NC
-0.1295149203755999,6781110,NC
-0.1444593034170074,6781111,NC
-0.15940368839955196,6781112,NC
-0.15434807534271777,6781113,NC
-0.15429246426598858,6781114,NC
-0.13923685518884713,6781115,NC
-0.13918124813077554,6781116,NC
-0.1541256431112554,6781117,NC
-0.14907004014976755,6781118,NC
-0.1640144392657918,6781119,NC
-0.1489588404788075,6781120,NC
-0.1289032438082934,6781121,NC
-0.12384764927372721,6781122,NC
-0.13379205689458595,6781123,NC
-0.143736466690346,6781124,NC
-0.14368087868048304,6781125,NC
-0.1736252928844718,6781126,NC
-0.14356970932178617,6781127,NC
-0.13351412801189963,6781128,NC
-0.12845854897428444,6781129,NC
-0.14340297222841225,6781130,NC
-0.12834739779375398,6781131,NC
-0.11329182568977975,6781132,NC
-0.0982362559359587,6781133,NC
-0.05318068855175915,6781134,NC
-0.04312512355664876,6781135,NC
-0.0030695609700943406,6781136,NC
0.0769859991884383,6781137,NC
0.19204155689948418,6781138,NC
0.307097112143579,6781139,NC
0.3871526649012595,6781140,NC
0.4472082151530633,6781141,NC
0.43726376287952873,6781142,NC
0.4173193080611951,6781143,NC
0.38237485067860266,6781144,NC
0.3574303907122925,6781145,NC
0.34748592814280665,6781146,NC
0.38254146295068797,6781147,NC
0.4675969951164805,6781148,NC
0.5876525246207287,6781149,NC
0.7277080514439784,6781150,NC
0.8477635755667764,6781151,NC
0.9578190969696702,6781152,NC
0.9728746156332081,6781153,NC
0.9479301315379398,6781154,L
0.8579856446644158,6781155,NC
0.7680411549931877,6781156,NC
0.6830966625048075,6781157,NC
0.5931521671798287,6781158,NC
0.4882076689988059,6781159,NC
0.3632631679422944,6781160,NC
0.2533186639908506,6781161,NC
0.14337415712503201,6781162,NC
0.04342964732539696,6781163,NC
-0.08151486542749513,6781164,NC
-0.17645938115308368,6781165,NC
-0.2714038998708071,6781166,NC
-0.3013484216001027,6781167,NC
-0.3112929463604072,6781168,NC
-0.2962374741711556,6781169,NC
-0.2811820050517821,6781170,NC
-0.27612653902172,6781171,NC
-0.2710710761004014,6781172,NC
-0.27101561630725696,6781173,NC
-0.2259601596617168,6781174,NC
-0.22090470618320973,6781175,NC
-0.20584925589116335,6781176,NC
-0.21079380880500415,6781177,NC
-0.23573836494415756,6781178,NC
-0.24068292432804814,6781179,NC
-0.24062748697609865,6781180,NC
-0.2205720529077313,6781181,NC
-0.230516622142367,6781182,NC
-0.22046119469942546,6781183,NC
-0.2504057705983251,6781184,NC
-0.24035034985848328,6781185,NC
-0.2352949324993164,6781186,NC
-0.21023951854023937,6781187,NC
-0.2101841080006659,6781188,NC
-0.22512870090000878,6781189,NC
-0.2300732972576794,6781190,NC
-0.2300178970930878,6781191,NC
-0.23496250042564315,6781192,NC
-0.21990710727475318,6781193,NC
-0.2048517176598243,6781194,NC
-0.2147963316002619,6781195,NC
-0.2197409491154701,6781196,NC
-0.22468557022485158,6781197,NC
-0.21463019494780788,6781198,NC
-0.18957482330373937,6781199,NC
-0.18451945531204494,6781200,NC
-0.18446409099212227,6781201,NC
-0.20940873036336785,6781202,NC
-0.21435337344517694,6781203,NC
-0.18429802025694322,6781204,NC
-0.1842426708180592,6781205,NC
-0.17418732514791613,6781206,NC
-0.17413198326590404,6781207,NC
-0.19407664519141138,6781208,NC
-0.19402131094382533,6781209,NC
-0.17896598054253196,6781210,NC
-0.16891065400691566,6781211,NC
-0.1388553313563596,6781212,NC
-0.15380001261024573,6781213,NC
-0.1537446977879545,6781214,NC
-0.15868938690886497,6781215,NC
-0.13863407999235475,6781216,NC
-0.12357877705780028,6781217,NC
-0.11852347812457652,6781218,NC
-0.11846818321205693,6781219,NC
-0.12841289233961356,6781220,NC
-0.12335760552661722,6781221,NC
-0.10330232279243715,6781222,NC
-0.07824704415644108,6781223,NC
-0.06319176963799554,6781224,NC
-0.05813649925646558,6781225,NC
-0.0630812330312146,6781226,NC
-0.048025970981604604,6781227,NC
-0.03297071312699627,6781228,NC
-0.007915459486748913,6781229,NC
0.00713978991978017,6781230,NC
0.002195035073234628,6781231,NC
0.0022502759542597055,6781232,NC
0.0073055125435022945,6781233,NC
0.0473607448216108,6781234,NC
0.0724159727692349,6781235,NC
0.08747119636702598,6781236,NC
0.09752641559563706,6781237,NC
0.0975816304357224,6781238,NC
0.0926368408679378,6781239,NC
0.12269204687294107,6781240,NC
0.15774724843139107,6781241,NC
0.16780244552394835,6781242,NC
0.1628576381312751,6781243,NC
0.17291282623403514,6781244,NC
0.17796800981289373,6781245,NC
0.20302318884851764,6781246,NC
0.23307836332157544,6781247,NC
0.2381335332127373,6781248,NC
0.23818869850267477,6781249,NC
0.2332438591720612,6781250,NC
0.21829901520157155,6781251,NC
0.23835416657188238,6781252,NC
0.2434093132636717,6781253,NC
