channel_0,sample #,type
0.07400077306636295,6763011,NC
0.05395042281764629,6763012,NC
0.02390005348674164,6763013,NC
-0.011150334904481946,6763014,NC
-0.016200742334147,6763015,NC
-0.03625116878036795,6763016,NC
-0.046301614221250814,6763017,NC
-0.046352078634893414,6763018,NC
-0.0664025619993854,6763019,NC
-0.1064530642928081,6763020,NC
-0.10150358549323471,6763021,NC
-0.11155412557873012,6763022,NC
-0.10160468452735112,6763023,NC
-0.09665526231714627,6763024,NC
-0.11670585892615587,6763025,NC
-0.1217564743324122,6763026,NC
-0.13180710851393923,6763027,NC
-0.12685776144875294,6763028,NC
-0.116908433114861,6763029,NC
-0.11195912349026302,6763030,NC
-0.13200983255295057,6763031,NC
-0.1370605602809069,6763032,NC
-0.14711130665210748,6763033,NC
-0.1321620716445193,6763034,NC
-0.11721285523610152,6763035,NC
-0.12226365740480519,6763036,NC
-0.1323144781285732,6763037,NC
-0.13236531738534052,6763038,NC
-0.15241617515303396,6763039,NC
-0.1324670514095723,6763040,NC
-0.11751794613286642,6763041,NC
-0.11756885930081898,6763042,NC
-0.12261979089132484,6763043,NC
-0.12767074088227068,6763044,NC
-0.1477217092515353,6763045,NC
-0.1327726959769895,6763046,NC
-0.11282370103649612,6763047,NC
-0.12287472440791003,6763048,NC
-0.13292576606907805,6763049,NC
-0.13297682599783928,6763050,NC
-0.13302790417202467,6763051,NC
-0.14307900056945735,6763052,NC
-0.1331301151679526,6763053,NC
-0.11818124794531759,6763054,NC
-0.12323239887935188,6763055,NC
-0.1282835679478469,6763056,NC
-0.12833475512858633,6763057,NC
-0.12838596039934597,6763058,NC
-0.1234371837378937,6763059,NC
-0.1184884251219897,6763060,NC
-0.11353968452938615,6763061,NC
-0.13359096193782755,6763062,NC
-0.15364225732505052,6763063,NC
-0.15869357066878376,6763064,NC
-0.1287449019467484,6763065,NC
-0.12379625113665758,6763066,NC
-0.12884761821621685,6763067,NC
-0.1388990031631238,6763068,NC
-0.13395040595506838,6763069,NC
-0.1390018265697328,6763070,NC
-0.13905326498479145,6763071,NC
-0.11910472117791113,6763072,NC
-0.13415619512675073,6763073,NC
-0.14920768680896157,6763074,NC
-0.13925919620218724,6763075,NC
-0.15431072328406364,6763076,NC
-0.12936226803221898,6763077,NC
-0.10441383042427377,6763078,NC
-0.1344654104378409,6763079,NC
-0.1395170080505257,6763080,NC
-0.12956862323992563,6763081,NC
-0.1396202559836307,6763082,NC
-0.11467190625922326,6763083,NC
-0.11972357404427805,6763084,NC
-0.11977525931636217,6763085,NC
-0.1498269620530351,6763086,NC
-0.16987868223184888,6763087,NC
-0.14493041983034785,6763088,NC
-0.12498217482606883,6763089,NC
-0.12003394719654106,6763090,NC
-0.12508573691928626,6763091,NC
-0.1451375439718186,6763092,NC
-0.15518936833164476,6763093,NC
-0.1502412099762639,6763094,NC
-0.14529306888316762,6763095,NC
-0.14034494502984007,6763096,NC
-0.15039683839375795,6763097,NC
-0.15044874895239035,6763098,NC
-0.1505006766831991,6763099,NC
-0.14055262156363835,6763100,NC
-0.13560458357115504,6763101,NC
-0.1356565626831885,6763102,NC
-0.1457085588771706,6763103,NC
-0.16076057213052602,6763104,NC
-0.15581260242067174,6763105,NC
-0.15086464972501762,6763106,NC
-0.15091671402096593,6763107,NC
-0.13596879528591166,6763108,NC
-0.15602089349724244,6763109,NC
-0.18607300863233844,6763110,NC
-0.18612514066857266,6763111,NC
-0.17617728958331058,6763112,NC
-0.17622945535391044,6763113,NC
-0.1612816379577232,6763114,NC
-0.17133383737209235,6763115,NC
-0.17638605357435433,6763116,NC
-0.1814382865418381,6763117,NC
-0.16149053625186535,6763118,NC
-0.1465428026817506,6763119,NC
-0.12659508580880102,6763120,NC
-0.11664738561031662,6763121,NC
-0.11669970206359005,6763122,NC
-0.13675203514590686,6763123,NC
-0.13180438483454535,6763124,NC
-0.12185675110677643,6763125,NC
-0.1319091339398641,6763126,NC
-0.11196153331106493,6763127,NC
-0.1270139491976285,6763128,NC
-0.1270663815767971,6763129,NC
-0.1021188304258058,6763130,NC
-0.08717129572188272,6763131,NC
-0.06722377744224864,6763132,NC
-0.08227627556411737,6763133,NC
-0.1023287900646955,6763134,NC
-0.11238132092118244,6763135,NC
-0.11243386811077072,6763136,NC
-0.10248643161064556,6763137,NC
-0.10253901139798526,6763138,NC
-0.11259160744996086,6763139,NC
-0.1326442197437366,6763140,NC
-0.14269684825646942,6763141,NC
-0.14774949296530931,6763142,NC
-0.12780215384739935,6763143,NC
-0.12785483087987537,6763144,NC
-0.14790752403986634,6763145,NC
-0.16796023330449422,6763146,NC
-0.18301295865087389,6763147,NC
-0.17306570005611335,6763148,NC
-0.16811845749731358,6763149,NC
-0.15817123095156863,6763150,NC
-0.16322402039596554,6763151,NC
-0.18327682580758436,6763152,NC
-0.20832964716349844,6763153,NC
-0.2033824844407739,6763154,NC
-0.18843533761647024,6763155,NC
-0.17348820666763984,6763156,NC
-0.1985410915713282,6763157,NC
-0.21359399230457418,6763158,NC
-0.2186469088444094,6763159,NC
-0.21369984116785892,6763160,NC
-0.19375278925194078,6763161,NC
-0.19880575307366627,6763162,NC
-0.2088587326100398,6763163,NC
-0.2239117278380589,6763164,NC
-0.22896473873471446,6763165,NC
-0.22401776527699033,6763166,NC
-0.2140708074418638,6763167,NC
-0.20412386520630524,6763168,NC
-0.21917693854727827,6763169,NC
-0.2392300274417398,6763170,NC
-0.24928313186663978,6763171,NC
-0.22933625179892186,6763172,NC
-0.22438938721552246,6763173,NC
-0.2094425380933715,6763174,NC
-0.2194957044093923,6763175,NC
-0.22454888614050128,6763176,NC
-0.2396020832636083,6763177,NC
-0.21965529575561638,6763178,NC
-0.20970852359342207,6763179,NC
-0.20476176675391514,6763180,NC
-0.21981502521397867,6763181,NC
-0.22486829895048924,6763182,NC
-0.2299215879403166,6763183,NC
-0.2149748921603241,6763184,NC
-0.19502821158736833,6763185,NC
-0.2000815461982992,6763186,NC
-0.2001348959699603,6763187,NC
-0.21518826087918838,6763188,NC
-0.22024164090281378,6763189,NC
-0.22029503601766018,6763190,NC
-0.2103484462005447,6763191,NC
-0.21540187142827802,6763192,NC
-0.21545531167766419,6763193,NC
-0.22050876692550078,6763194,NC
-0.23556223714857882,6763195,NC
-0.21561572232368292,6763196,NC
-0.21566922242759112,6763197,NC
-0.19572273743707494,6763198,NC
-0.19577626732889955,6763199,NC
-0.21082981207982354,6763200,NC
-0.21588337166659916,6763201,NC
-0.19593694606597212,6763202,NC
-0.17099053525468172,6763203,NC
-0.15104413920946091,6763204,NC
-0.12609775790703615,6763205,NC
-0.12615139132412753,6763206,NC
-0.10120503943744874,6763207,NC
-0.04625870222370711,6763208,NC
0.01868762034039643,6763209,NC
0.12863392827816733,6763210,NC
0.22358022161291727,6763211,NC
0.3185265003679644,6763212,NC
0.3934727645666332,6763213,NC
0.4434190142322544,6763214,NC
0.4333652493881651,6763215,NC
0.37831147005770854,6763216,NC
0.28825767626423454,6763217,NC
0.19820386803109896,6763218,NC
0.17815004538166393,6763219,NC
0.2230962083392981,6763220,NC
0.31304235692737603,6763221,NC
0.4479884911692787,6763222,NC
0.5829346110883934,6763223,NC
0.6878807167081133,6763224,NC
0.7528268080518382,6763225,NC
0.817772885142974,6763226,NC
0.8277189480049324,6763227,NC
0.7576649966611317,6763228,L
0.6326110311349963,6763229,NC
0.5075570514499568,6763230,NC
0.4425030576294495,6763231,NC
0.3624490496969176,6763232,NC
0.2923950276758097,6763233,NC
0.20234099158958097,6763234,NC
0.07728694146169246,6763235,NC
-0.05776712268438853,6763236,NC
-0.17282120082518868,6763237,NC
-0.2728752929372287,6763238,NC
-0.34792939899702297,6763239,NC
-0.3979835189810801,6763240,NC
-0.44303765286590246,6763241,NC
-0.4680918006279865,6763242,NC
-0.4731459622438226,6763243,NC
-0.443200137689895,6763244,NC
-0.3932543269426823,6763245,NC
-0.3433085299786567,6763246,NC
-0.33336274677428457,6763247,NC
-0.32341697730602637,6763248,NC
-0.33847122155033654,6763249,NC
-0.32852547948366356,6763250,NC
-0.31857975108244996,6763251,NC
-0.3186340363231324,6763252,NC
-0.30868833518214156,6763253,NC
-0.3237426476359021,6763254,NC
-0.32379697366083304,6763255,NC
-0.30885131323334736,6763256,NC
-0.30890566632985206,6763257,NC
-0.27396003292674836,6763258,NC
-0.28901441300043174,6763259,NC
-0.2990688065272917,6763260,NC
-0.2891232134837118,6763261,NC
-0.28917763384607,6763262,NC
-0.26423206759073825,6763263,NC
-0.2792865146940828,6763264,NC
-0.269340975132464,6763265,NC
-0.2993954488822366,6763266,NC
-0.2894499359197494,6763267,NC
-0.27450443622134535,6763268,NC
-0.26955894976336187,6763269,NC
-0.25961347652213057,6763270,NC
-0.2546680164739772,6763271,NC
-0.2747225695952219,6763272,NC
-0.269777135862179,6763273,NC
-0.26983171525115723,6763274,NC
-0.2498863077384596,6763275,NC
-0.22994091330038324,6763276,NC
-0.21999553191321997,6763277,NC
-0.22505016355325558,6763278,NC
-0.22010480819677045,6763279,NC
-0.22515946582003918,6763280,NC
-0.2102141363993308,6763281,NC
-0.21026881991090868,6763282,NC
-0.2153235163310306,6763283,NC
-0.20537822563594876,6763284,NC
-0.20043294780190968,6763285,NC
-0.2004876828051544,6763286,NC
-0.19054243062191825,6763287,NC
-0.1655971912284311,6763288,NC
-0.15565196460091735,6763289,NC
-0.15570675071559562,6763290,NC
-0.1457615495486792,6763291,NC
-0.13581636107637585,6763292,NC
-0.1258711852748876,6763293,NC
-0.11092602212041132,6763294,NC
-0.08598087158913803,6763295,NC
-0.08603573365725359,6763296,NC
-0.07109060830093818,6763297,NC
-0.06114549549636653,6763298,NC
-0.031200395219708098,6763299,NC
-0.006255307447126681,6763300,NC
-0.0013102321547808077,6763301,NC
0.003634830681176489,6763302,NC
0.013579881084597616,6763303,NC
0.02352491907934026,6763304,NC
0.053469944689267634,6763305,NC
0.06841495793824819,6763306,NC
0.07835995885015584,6763307,NC
0.06830494744886989,6763308,NC
0.07824992375827486,6763309,NC
0.10319488780226072,6763310,NC
0.13813983960472268,6763311,NC
0.14808477918956134,6763312,NC
0.15802970658068255,6763313,NC
0.15797462180199748,6763314,NC
0.16791952487742265,6763315,NC
0.17286441583087964,6763316,NC
0.19780929468629563,6763317,NC
0.21275416146760265,6763318,NC
0.1976990161987383,6763319,NC
0.1776438589036453,6763320,NC
0.15758868960627156,6763321,NC
0.15253350833057025,6763322,NC
0.13247831510049965,6763323,NC
0.10742310994002338,6763324,NC
0.0823678928731101,6763325,NC
0.04731266392373369,6763326,NC
0.007257423115873268,6763327,NC
-0.022797829526487057,6763328,NC
-0.012853093979357872,6763329,NC
-0.0279083702187448,6763330,NC
-0.047963658220648214,6763331,NC
-0.08301895796106341,6763332,NC
-0.09807426941598067,6763333,NC
-0.09312959256138505,6763334,NC
-0.10318492737325669,6763335,NC
-0.12324027382757052,6763336,NC
-0.13329563190029647,6763337,NC
-0.16835100156739952,6763338,NC
-0.1734063828048394,6763339,NC
-0.16846177558857103,6763340,NC
-0.15851717989454422,6763341,NC
-0.14857259569870376,6763342,NC
-0.17362802297698954,6763343,NC
-0.18868346170533631,6763344,NC
-0.20373891185967405,6763345,NC
-0.18879437341592759,6763346,NC
-0.1738498463500169,6763347,NC
-0.17890533063785702,6763348,NC
-0.17896082625535806,6763349,NC
-0.1890163331784252,6763350,NC
-0.19407185138295863,6763351,NC
-0.19912738084485382,6763352,NC
-0.17918292154000118,6763353,NC
-0.16923847344428633,6763354,NC
-0.17429403653359005,6763355,NC
-0.1893496107837881,6763356,NC
-0.19440519617075164,6763357,NC
-0.1944607926703468,6763358,NC
-0.17951640025843493,6763359,NC
-0.1695720189108727,6763360,NC
-0.17962764860351174,6763361,NC
-0.1896832893121991,6763362,NC
-0.1997389410127769,6763363,NC
-0.18979460368108259,6763364,NC
-0.17485027729294883,6763365,NC
-0.1749059618242034,6763366,NC
-0.18996165725066955,6763367,NC
-0.20001736354816568,6763368,NC
-0.20507308069250552,6763369,NC
-0.20512880865949804,6763370,NC
-0.19518454742494748,6763371,NC
-0.1902402969646535,6763372,NC
-0.18529605725441103,6763373,NC
-0.19535182827001035,6763374,NC
-0.215407609987237,6763375,NC
-0.21046340238187194,6763376,NC
-0.19051920542969158,6763377,NC
-0.18057501910646748,6763378,NC
-0.19063084338796688,6763379,NC
-0.19568667824995212,6763380,NC
-0.21074252366818108,6763381,NC
-0.2007983796184072,6763382,NC
-0.19085424607637905,6763383,NC
-0.2009101230178409,6763384,NC
-0.20096601041853232,6763385,NC
-0.21602190825418832,6763386,NC
-0.2260778165005396,6763387,NC
-0.221133735133312,6763388,NC
-0.20118966412822717,6763389,NC
-0.186245603461002,6763390,NC
-0.19130155310734914,6763391,NC
-0.21135751304297656,6763392,NC
-0.22641348324358784,6763393,NC
-0.21646946368488212,6763394,NC
-0.19652545434255406,6763395,NC
-0.19158145519229394,6763396,NC
-0.19663746620978753,6763397,NC
-0.2216934873707162,6763398,NC
-0.22174951865075704,6763399,NC
-0.21680556002558254,6763400,NC
-0.21686161147086105,6763401,NC
-0.1819176729622563,6763402,NC
-0.20697374447542788,6763403,NC
-0.22702982598603083,6763404,NC
-0.22208591746971593,6763405,NC
-0.21714201890212975,6763406,NC
-0.18719813025891432,6763407,NC
-0.1972542515157076,6763408,NC
-0.20231038264814305,6763409,NC
-0.21736652363184988,6763410,NC
-0.22742267444245315,6763411,NC
-0.22247883505557348,6763412,NC
-0.2025350054468274,6763413,NC
-0.20259118559182707,6763414,NC
-0.20764737546618045,6763415,NC
-0.2177035750454913,6763416,NC
-0.2177597843053591,6763417,NC
-0.21781600322137928,6763418,NC
-0.22287223176914295,6763419,NC
-0.207928469924237,6763420,NC
-0.20298471766224424,6763421,NC
-0.2280409749587433,6763422,NC
-0.22809724178930865,6763423,NC
-0.22315351812951065,6763424,NC
-0.20820980395491545,6763425,NC
-0.20326609924108516,6763426,NC
-0.2133224039635777,6763427,NC
-0.2233787180979471,6763428,NC
-0.223435041619743,6763429,NC
-0.22349137450451123,6763430,NC
-0.18354771672779338,6763431,NC
-0.18360406826512704,6763432,NC
-0.1936604290920458,6763433,NC
-0.19371679918407914,6763434,NC
-0.2037731785167526,6763435,NC
-0.1688295670655877,6763436,NC
-0.1638859648061018,6763437,NC
-0.1639423717138085,6763438,NC
-0.16399878776421725,6763439,NC
-0.1790552129328337,6763440,NC
-0.18411164719515927,6763441,NC
-0.17916809052669178,6763442,NC
-0.15422454290292478,6763443,NC
-0.13928100429934812,6763444,NC
-0.13933747469144767,6763445,NC
-0.1443939540547053,6763446,NC
-0.13945044236459914,6763447,NC
-0.13950693959660335,6763448,NC
-0.12456344572618816,6763449,NC
-0.1396199607288201,6763450,NC
-0.15467648457996167,6763451,NC
-0.16473301725507172,6763452,NC
-0.18478955872960504,6763453,NC
-0.17984610897901276,6763454,NC
-0.1649026679787422,6763455,NC
-0.15995923570423676,6763456,NC
-0.17501581213093623,6763457,NC
-0.20507239723427645,6763458,NC
-0.21512899098968952,6763459,NC
-0.22518559337260396,6763460,NC
-0.21024220435844432,6763461,NC
-0.19029882392263153,6763462,NC
-0.1953554520405828,6763463,NC
-0.21541208868771156,6763464,NC
-0.23546873383942762,6763465,NC
-0.22552538747113698,6763466,NC
-0.23058204955824213,6763467,NC
-0.22063872007614171,6763468,NC
-0.24069539900023085,6763469,NC
-0.25575208630590096,6763470,NC
-0.27580878196853964,6763471,NC
-0.2558654859635313,6763472,NC
-0.23092219826625623,6763473,NC
-0.22597891885209154,6763474,NC
-0.2210356476964104,6763475,NC
-0.22609238477458268,6763476,NC
-0.2561491300619745,6763477,NC
-0.25120588353394835,6763478,NC
-0.25626264516586345,6763479,NC
-0.2463194149330751,6763480,NC
-0.2613761928109355,6763481,NC
-0.29143297877479285,6763482,NC
-0.28148977279999227,6763483,NC
-0.27654657486187517,6763484,NC
-0.26160338493577945,6763485,NC
-0.2566602029970396,6763486,NC
-0.25671702902098664,6763487,NC
-0.27177386298294803,6763488,NC
-0.27683070485824796,6763489,NC
-0.25188755462220713,6763490,NC
-0.23694441225014262,6763491,NC
-0.2370012777173684,6763492,NC
-0.24705815099919481,6763493,NC
-0.26711503207092885,6763494,NC
-0.2671719209078742,6763495,NC
-0.2722288174853313,6763496,NC
-0.2472857217785968,6763497,NC
-0.23234263376296435,6763498,NC
-0.2323995534137242,6763499,NC
-0.24745648070616325,6763500,NC
-0.24751341561556506,6763501,NC
-0.24257035811720987,6763502,NC
-0.20762730818637465,6763503,NC
-0.20768426579833316,6763504,NC
-0.22274123092835574,6763505,NC
-0.22279820355170957,6763506,NC
-0.24285518364365855,6763507,NC
-0.24291217117946332,6763508,NC
-0.21796916613438125,6763509,NC
-0.20802616848366665,6763510,NC
-0.20308317820257044,6763511,NC
-0.22314019526634035,6763512,NC
-0.21319721965022112,6763513,NC
-0.198254251329454,6763514,NC
-0.15831129027927743,6763515,NC
-0.12336833647492641,6763516,NC
-0.08842538989163283,6763517,NC
-0.05848245050462562,6763518,NC
0.02146048171086962,6763519,NC
0.11140340677963023,6763520,NC
0.2013463247264368,6763521,NC
0.28628923557607294,6763522,NC
0.3262321393533253,6763523,NC
0.3411750360829837,6763524,NC
0.33111792578984095,6763525,NC
0.2710608084986929,6763526,NC
0.20600368423433857,6763527,NC
0.13594655302157976,6763528,NC
0.12088941488522155,6763529,NC
0.13583226985007182,6763530,NC
0.2207751179409416,6763531,NC
0.3607179591826448,6763532,NC
0.5306607935999984,6763533,NC
0.6756036212178222,6763534,NC
0.7405464420609391,6763535,NC
0.7804892561541749,6763536,NC
0.7354320635223581,6763537,L
0.6553748641903205,6763538,NC
0.5753176581828968,6763539,NC
0.4852604455249241,6763540,NC
0.3802032262412429,6763541,NC
0.2901460003566965,6763542,NC
0.19008876789613074,6763543,NC
0.08003152888439471,6763544,NC
-0.03502571665365993,6763545,NC
-0.1550829686931785,6763546,NC
-0.2601402272093037,6763547,NC
-0.3601974921771751,6763548,NC
-0.4152547635719298,6763549,NC
-0.43531204136870205,6763550,NC
-0.465369325542623,6763551,NC
-0.43542661606882155,6763552,NC
-0.42048391292242343,6763553,NC
-0.3955412160785517,6763554,NC
-0.3805985255123269,6763555,NC
-0.34565584119886655,6763556,NC
-0.32571316311328574,6763557,NC
-0.3007704912306965,6763558,NC
-0.3058278255262086,6763559,NC
-0.31588516597492877,6763560,NC
-0.3209425125519612,6763561,NC
-0.3109998652324075,6763562,NC
-0.30605722399136653,6763563,NC
-0.30111458880393455,6763564,NC
-0.3061719596452051,6763565,NC
-0.30122933649026923,6763566,NC
-0.3112867193142153,6763567,NC
-0.29634410809212913,6763568,NC
-0.291401502799094,6763569,NC
-0.2814589034101904,6763570,NC
-0.27651630990049647,6763571,NC
-0.2915737222450878,6763572,NC
-0.29663114041903726,6763573,NC
-0.29168856439741536,6763574,NC
-0.28674599415529,6763575,NC
-0.2818034296677266,6763576,NC
-0.2818608709097881,6763577,NC
-0.28191831785653493,6763578,NC
-0.29197577048302503,6763579,NC
-0.27703322876431385,6763580,NC
-0.26709069267545454,6763581,NC
-0.25214816219149755,6763582,NC
-0.26220563728749113,6763583,NC
-0.2722631179384809,6763584,NC
-0.2723206041195103,6763585,NC
-0.2523780958056203,6763586,NC
-0.2324355929718493,6763587,NC
-0.22749309559323344,6763588,NC
-0.22755060364480661,6763589,NC
-0.22260811710160014,6763590,NC
-0.2326656359386432,6763591,NC
-0.21272316013096243,6763592,NC
-0.19778068965358234,6763593,NC
-0.16283822448152496,6763594,NC
-0.16289576458981012,6763595,NC
-0.16795330995345534,6763596,NC
-0.16801086054747577,6763597,NC
-0.1530684163468845,6763598,NC
-0.13812597732669213,6763599,NC
-0.12818354346190708,6763600,NC
-0.11324111472753562,6763601,NC
-0.11829869109858168,6763602,NC
-0.12335627255004708,6763603,NC
-0.10341385905693133,6763604,NC
-0.06347145059423176,6763605,NC
-0.04352904713694365,6763606,NC
-0.043586648660059894,6763607,NC
-0.028644255138571426,6763608,NC
-0.028701866547466884,6763609,NC
-0.008759482861732793,6763610,NC
0.031182895943646358,6763611,NC
0.04612526989368835,6763612,NC
0.046067639013412896,6763613,NC
0.05101000332784195,6763614,NC
0.04595236286199955,6763615,NC
0.07589471764091169,6763616,NC
0.10083706768960654,6763617,NC
0.12577941303311424,6763618,NC
0.1257217536964671,6763619,NC
0.13066408970469928,6763620,NC
0.12560642108284711,6763621,NC
0.15054874785594896,6763622,NC
0.17549107004904496,6763623,NC
0.20043338768717747,6763624,NC
0.1903757007953908,6763625,NC
0.1953180093987311,6763626,NC
0.18526031352224656,6763627,NC
0.18020261319098735,6763628,NC
0.1751449084300055,6763629,NC
0.1900871992643549,6763630,NC
0.16002948571909162,6763631,NC
0.12997176781927333,6763632,NC
0.10991404558995975,6763633,NC
0.09985631905621246,6763634,NC
0.07979858824309488,6763635,NC
0.05474085317567233,6763636,NC
0.024683113879011898,6763637,NC
-0.00037462962181741485,6763638,NC
-0.04043237730174477,6763639,NC
-0.0654901291356976,6763640,NC
-0.06554788509860145,6763641,NC
-0.06560564516538014,6763642,NC
-0.09566340931095568,6763643,NC
-0.12072117751024826,6763644,NC
-0.1357789497381764,6763645,NC
-0.13583672596965676,6763646,NC
-0.14089450617960442,6763647,NC
-0.13595229034293257,6763648,NC
-0.1560100784345528,6763649,NC
-0.1660678704293749,6763650,NC
-0.18612566630230704,6763651,NC
-0.1861834660282557,6763652,NC
-0.17624126958212563,6763653,NC
-0.16629907693881996,6763654,NC
-0.1863568880732402,6763655,NC
-0.2114147029602861,6763656,NC
-0.22147252157485597,6763657,NC
-0.23153034389184632,6763658,NC
-0.21158816988615217,6763659,NC
-0.19664599953266684,6763660,NC
-0.21170383280628224,6763661,NC
-0.22176166968188854,6763662,NC
-0.2218195101343743,6763663,NC
-0.21687735413862674,6763664,NC
-0.2069352016695314,6763665,NC
-0.19699305270197223,6763666,NC
-0.19705090721083188,6763667,NC
-0.21210876517099123,6763668,NC
-0.21716662655732988,6763669,NC
-0.21722449134472574,6763670,NC
-0.20728235950805546,6763671,NC
-0.18734023102219405,6763672,NC
-0.20239810586201507,6763673,NC
-0.21245598400239082,6763674,NC
-0.21751386541819195,6763675,NC
-0.21257175008428786,6763676,NC
-0.20762963797554637,6763677,NC
-0.197687529066834,6763678,NC
-0.21274542333301596,6763679,NC
-0.22280332074895587,6763680,NC
-0.2228612212895162,6763681,NC
-0.22291912492955787,6763682,NC
-0.2179770316439406,6763683,NC
-0.19803494140752276,6763684,NC
-0.20309285419516127,6763685,NC
-0.22315076998171196,6763686,NC
-0.22820868874202907,6763687,NC
-0.23326661045096583,6763688,NC
-0.22332453508337405,6763689,NC
-0.2133824626141042,6763690,NC
-0.21844039301800566,6763691,NC
-0.22349832626992647,6763692,NC
-0.23855626234471336,6763693,NC
-0.22361420121721204,6763694,NC
-0.20867214286226676,6763695,NC
-0.2037300872547208,6763696,NC
-0.22878803436941605,6763697,NC
-0.2388459841811934,6763698,NC
-0.24890393666489238,6763699,NC
-0.2489618917953515,6763700,NC
-0.2640198495474081,6763701,NC
-0.25907780989589824,6763702,NC
-0.2491357728156571,6763703,NC
-0.24919373828151856,6763704,NC
-0.2542517062683154,6763705,NC
-0.24430967675087945,6763706,NC
-0.23436764970404123,6763707,NC
-0.22442562510263048,6763708,NC
-0.24948360292147556,6763709,NC
-0.24954158313540403,6763710,NC
-0.2895995657192423,6763711,NC
-0.2896575506478157,6763712,NC
-0.27971553789594866,6763713,NC
-0.26977352743846456,6763714,NC
-0.2698315192501857,6763715,NC
-0.25988951330593363,6763716,NC
-0.26994750958052854,6763717,NC
-0.2550055080487901,6763718,NC
-0.2500635086855366,6763719,NC
-0.23012151146558574,6763720,NC
-0.24517951636375412,6763721,NC
-0.26023752335485745,6763722,NC
-0.27529553241371046,6763723,NC
-0.2753535435151271,6763724,NC
-0.2504115566339204,6763725,NC
-0.24046957174490247,6763726,NC
-0.2755275888228846,6763727,NC
-0.28058560784267716,6763728,NC
-0.2806436287790897,6763729,NC
-0.2707016516069312,6763730,NC
-0.2457596763010093,6763731,NC
-0.2558177028361312,6763732,NC
-0.2708757311871033,6763733,NC
-0.270933761328731,6763734,NC
-0.27599179323581907,6763735,NC
-0.2660498268831716,6763736,NC
-0.2561078622455916,6763737,NC
-0.25116589929788175,6763738,NC
-0.2562239380148437,6763739,NC
-0.26128197837127853,6763740,NC
-0.2563400203419865,6763741,NC
-0.24139806390176724,6763742,NC
-0.23145610902541963,6763743,NC
-0.22151415568774205,6763744,NC
-0.2015722038635319,6763745,NC
-0.20663025352758616,6763746,NC
-0.22668830465470113,6763747,NC
-0.2117463572196724,6763748,NC
-0.18680441119729502,6763749,NC
-0.18186246656236338,6763750,NC
-0.1869205232896712,6763751,NC
-0.18697858135401182,6763752,NC
-0.19203664073017773,6763753,NC
-0.17209470139296107,6763754,NC
-0.15715276331715333,6763755,NC
-0.14221082647754535,6763756,NC
-0.1372688908489277,6763757,NC
-0.14732695640609014,6763758,NC
-0.16238502312382214,6763759,NC
-0.17744309097691247,6763760,NC
-0.16250115994014955,6763761,NC
-0.15255922998832125,6763762,NC
-0.17261730109621498,6763763,NC
-0.1826753732386178,6763764,NC
-0.1927334463903161,6763765,NC
-0.20279152052609595,6763766,NC
-0.1928495956207431,6763767,NC
-0.1979076716490427,6763768,NC
-0.20796574858577957,6763769,NC
-0.2280238264057382,6763770,NC
-0.24808190508370254,6763771,NC
-0.24813998459445633,6763772,NC
-0.2281980649127829,6763773,NC
-0.2282561460134652,6763774,NC
-0.23331422787128575,6763775,NC
-0.24337231046102695,6763776,NC
-0.24343039375747078,6763777,NC
-0.2484884777353988,6763778,NC
-0.24854656236959252,6763779,NC
-0.26360464763483293,6763780,NC
-0.2686627335059009,6763781,NC
-0.28372081995757686,6763782,NC
-0.26877890696464135,6763783,NC
-0.2538369945018742,6763784,NC
-0.2638950825440553,6763785,NC
-0.25895317106596427,6763786,NC
-0.26401126004238046,6763787,NC
-0.2790693494480832,6763788,NC
-0.2841274392578514,6763789,NC
-0.2791855294464639,6763790,NC
-0.27424361998869945,6763791,NC
-0.2743017108593364,6763792,NC
-0.25935980203315334,6763793,NC
-0.26941789348492845,6763794,NC
-0.2794759851894398,6763795,NC
-0.2645340771214654,6763796,NC
-0.2595921692557832,6763797,NC
-0.2546502615671711,6763798,NC
-0.25970835403040676,6763799,NC
-0.2697664466202679,6763800,NC
-0.27482453931153217,6763801,NC
-0.27488263207897706,6763802,NC
-0.2649407248973803,6763803,NC
-0.24999881774151925,6763804,NC
-0.24505691058617152,6763805,NC
-0.26011500340611465,6763806,NC
-0.2801730961761261,6763807,NC
-0.2652311888709835,6763808,NC
-0.24528928146546441,6763809,NC
-0.22534737393434645,6763810,NC
-0.24040546625240725,6763811,NC
-0.2604635583944247,6763812,NC
-0.26052165033517655,6763813,NC
-0.2605797420494407,6763814,NC
-0.23563783351199505,6763815,NC
-0.21569592469761792,6763816,NC
-0.2257540155810875,6763817,NC
-0.23081210613718217,6763818,NC
-0.24587019634068033,6763819,NC
-0.2309282861663608,6763820,NC
-0.21598637558900227,6763821,NC
-0.1660444645833839,6763822,NC
-0.1161025531242848,6763823,NC
-0.05616064118648432,6763824,NC
0.01878127125523786,6763825,NC
0.113723184226102,6763826,NC
0.21366509775132794,6763827,NC
0.2786070118561355,6763828,NC
0.3135489265657441,6763829,NC
0.278490841905373,6763830,NC
0.21843275790024103,6763831,NC
0.13837467457556688,6763832,NC
0.06331659195656883,6763833,NC
0.03825851006846503,6763834,NC
0.06820042893647311,6763835,NC
0.13314234858581053,6763836,NC
0.24808426904169428,6763837,NC
0.41302619032934107,6763838,NC
0.5829681124739673,6763839,NC
0.6879100355007889,6763840,NC
0.7278519594350216,6763841,NC
0.6877938843018802,6763842,L
0.6077358101265798,6763843,NC
0.4726777369343349,6763844,NC
0.3726196647503592,6763845,NC
0.2875615935998662,6763846,NC
0.18750352350806906,6763847,NC
0.04244545450018038,6763848,NC
-0.11261261339858779,6763849,NC
-0.2676706801630237,6763850,NC
-0.3877287457679163,6763851,NC
-0.43278681018805487,6763852,NC
-0.4978448733982293,6763853,NC
-0.53290293537323,6763854,NC
-0.5179609960878477,6763855,NC
-0.4880190555168742,6763856,NC
-0.4380771136351014,6763857,NC
-0.3931351704173217,6763858,NC
-0.37319322583832854,6763859,NC
-0.36325127987291556,6763860,NC
-0.3683093324958772,6763861,NC
-0.35836738368200843,6763862,NC
-0.3434254334061048,6763863,NC
-0.3434834816429626,6763864,NC
-0.34354152836737867,6763865,NC
-0.3585995735541506,6763866,NC
-0.3536576171780767,6763867,NC
-0.34871565921395564,6763868,NC
-0.32377369963658725,6763869,NC
-0.3138317384207716,6763870,NC
-0.3238897755413098,6763871,NC
-0.32394781097300357,6763872,NC
-0.32900584469065525,6763873,NC
-0.31406387666906815,6763874,NC
-0.2941219068830461,6763875,NC
-0.28417993530739405,6763876,NC
-0.2942379619169172,6763877,NC
-0.329295986686422,6763878,NC
-0.32935400959071554,6763879,NC
-0.3194120306046056,6763880,NC
-0.304470049702901,6763881,NC
-0.2845280668604112,6763882,NC
-0.2895860820519465,6763883,NC
-0.2996440952523184,6763884,NC
-0.3147021064363388,6763885,NC
-0.29476011557882076,6763886,NC
-0.2548181226545781,6763887,NC
-0.24487612763842553,6763888,NC
-0.2549341305051788,6763889,NC
-0.25999213122965453,6763890,NC
-0.25505012978667013,6763891,NC
-0.2451081261510441,6763892,NC
-0.22016612029759594,6763893,NC
-0.2052241122011459,6763894,NC
-0.20528210183651538,6763895,NC
-0.2103400891785267,6763896,NC
-0.20539807420200323,6763897,NC
-0.19045605688176925,6763898,NC
-0.17051403719265013,6763899,NC
-0.15057201510947224,6763900,NC
-0.15562999060706306,6763901,NC
-0.145687963660251,6763902,NC
-0.14574593424386564,6763903,NC
-0.12080390233273748,6763904,NC
-0.10086186790169835,6763905,NC
-0.07591983092558095,6763906,NC
-0.05597779137921915,6763907,NC
-0.06103574923744801,6763908,NC
-0.0710937044751036,6763909,NC
-0.051151657067023265,6763910,NC
-0.03120960698804538,6763911,NC
-0.01126755421300947,6763912,NC
-0.006325498716756368,6763913,NC
0.013616559525872079,6763914,NC
0.023558620540032667,6763915,NC
0.03350068435088112,6763916,NC
0.058442750983571934,6763917,NC
0.08338482046325826,6763918,NC
0.09332689281509221,6763919,NC
0.08326896806422442,6763920,NC
0.09321104623580445,6763921,NC
0.09315312735498055,6763922,NC
0.11809521144689963,6763923,NC
0.14303729853670732,6763924,NC
0.15297938864954802,6763925,NC
0.14292148181056474,6763926,NC
0.12286357804489928,6763927,NC
0.1378056773776919,6763928,NC
0.14774777983408177,6763929,NC
0.16268988543920646,6763930,NC
0.16263199421820237,6763931,NC
0.13757410619620433,6763932,NC
0.11751622139834605,6763933,NC
0.10245833984975955,6763934,NC
0.0974004615755756,6763935,NC
0.08734258660092352,6763936,NC
0.06228471495093125,6763937,NC
0.01722684665072517,6763938,NC
-0.03283101827456976,6763939,NC
-0.06288887979982997,6763940,NC
-0.07294673789993339,6763941,NC
-0.08300459254975953,6763942,NC
-0.09806244372418926,6763943,NC
-0.12312029139810511,6763944,NC
-0.15317813554639098,6763945,NC
-0.1732359761439324,6763946,NC
-0.17829381316561643,6763947,NC
-0.18335164658633157,6763948,NC
-0.20340947638096812,6763949,NC
-0.22846730252441771,6763950,NC
-0.23352512499157366,6763951,NC
-0.22858294375733093,6763952,NC
-0.238640758796586,6763953,NC
-0.21369857008423704,6763954,NC
-0.22375637759518383,6763955,NC
-0.2438141813043277,6763956,NC
-0.2538719811865718,6763957,NC
-0.25392977721682075,6763958,NC
-0.24398756936998103,6763959,NC
-0.2440453576209607,6763960,NC
-0.2391031419446695,6763961,NC
-0.25416092231601883,6763962,NC
-0.2692186987099221,6763963,NC
-0.25927647110129404,6763964,NC
-0.24933423946505132,6763965,NC
-0.22439200377611238,6763966,NC
-0.2444497640093974,6763967,NC
-0.2645075201398283,6763968,NC
-0.2595652721423288,6763969,NC
-0.25962301999182436,6763970,NC
-0.24968076366324232,6763971,NC
-0.24473850313151183,6763972,NC
-0.25479623837156384,6763973,NC
-0.2698539693583311,6763974,NC
-0.27991169606674826,6763975,NC
-0.2749694184717518,6763976,NC
-0.25002713654828,6763977,NC
-0.24008485027127333,6763978,NC
-0.2451425596156737,6763979,NC
-0.25520026455642514,6763980,NC
-0.2752579650684738,6763981,NC
-0.28031566112676726,6763982,NC
-0.2653733527062555,6763983,NC
-0.2554310397818902,6763984,NC
-0.25048872232862507,6763985,NC
-0.2905464003214158,6763986,NC
-0.29060407373522,6763987,NC
-0.2756617425449973,6763988,NC
-0.25071940672570936,6763989,NC
-0.2457770662523197,6763990,NC
-0.26583472109979417,6763991,NC
-0.30089237124310025,6763992,NC
-0.32095001665720785,6763993,NC
-0.29600765731708867,6763994,NC
-0.27606529319771655,6763995,NC
-0.2611229242740674,6763996,NC
-0.27118055052111933,6763997,NC
-0.27123817191385236,6763998,NC
-0.2812957884272487,6763999,NC
-0.29635340003629274,6764000,NC
-0.2714110067159709,6764001,NC
-0.2714686084412718,6764002,NC
-0.2765262051871862,6764003,NC
-0.291583796928707,6764004,NC
-0.3016413836408292,6764005,NC
-0.27669896529855026,6764006,NC
-0.26675654187686954,6764007,NC
-0.2618141133507887,6764008,NC
-0.2818716796953116,6764009,NC
-0.3019292408854445,6764010,NC
-0.30698679689619557,6764011,NC
-0.30204434770257554,6764012,NC
-0.28710189327959734,6764013,NC
-0.27215943360227585,6764014,NC
-0.30221696864562864,6764015,NC
-0.3022744983846754,6764016,NC
-0.3173320227944382,6764017,NC
-0.3123895418499413,6764018,NC
-0.29244705552621125,6764019,NC
-0.2875045637982772,6764020,NC
-0.30256206664117036,6764021,NC
-0.3076195640299245,6764022,NC
-0.3226770559395757,6764023,NC
-0.2977345423451622,6764024,NC
-0.2927920232217251,6764025,NC
-0.2728494985443074,6764026,NC
-0.2829069682879548,6764027,NC
-0.29796443242771536,6764028,NC
-0.31802189093863964,6764029,NC
-0.30307934379578044,6764030,NC
-0.29813679097419327,6764031,NC
-0.288194232448936,6764032,NC
-0.30325166819506877,6764033,NC
-0.31330909818765457,6764034,NC
-0.31836652240175867,6764035,NC
-0.30842394081244884,6764036,NC
-0.31848135339479555,6764037,NC
-0.2985387601238716,6764038,NC
-0.2985961609747524,6764039,NC
-0.31865355592251593,6764040,NC
-0.3337109449422427,6764041,NC
-0.32876832800901584,6764042,NC
-0.308825705097921,6764043,NC
-0.2988830761840465,6764044,NC
-0.31394044124248327,6764045,NC
-0.3239978002483248,6764046,NC
-0.3340551531766672,6764047,NC
-0.32911250000260917,6764048,NC
-0.3041698407012523,6764049,NC
-0.29922717524770054,6764050,NC
-0.28928450361706076,6764051,NC
-0.30434182578444224,6764052,NC
-0.30939914172495725,6764053,NC
-0.2944564514137206,6764054,NC
-0.2745137548258498,6764055,NC
-0.2545710519364651,6764056,NC
-0.25962834272068963,6764057,NC
-0.264685627153649,6764058,NC
-0.28474290521047185,6764059,NC
-0.2698001768662893,6764060,NC
-0.2598574420962356,6764061,NC
-0.24991470087544754,6764062,NC
-0.24497195317906473,6764063,NC
-0.24002919898222963,6764064,NC
-0.24008643826008755,6764065,NC
-0.23514367098778663,6764066,NC
-0.2202008971404778,6764067,NC
-0.20025811669331486,6764068,NC
-0.2153153296214546,6764069,NC
-0.2303725359000564,6764070,NC
-0.2504297355042829,6764071,NC
-0.2554869284092993,6764072,NC
-0.24554411459027398,6764073,NC
-0.23060129402237795,6764074,NC
-0.24065846668078547,6764075,NC
-0.2607156325406735,6764076,NC
-0.30077279157722203,6764077,NC
-0.2958299437656141,6764078,NC
-0.28588708908103555,6764079,NC
-0.27594422749867525,6764080,NC
-0.2910013589937253,6764081,NC
-0.2960584835413805,6764082,NC
-0.31111560111683867,6764083,NC
-0.311172711695301,6764084,NC
-0.30122981525197134,6764085,NC
-0.30128691176205674,6764086,NC
-0.32134400120076745,6764087,NC
-0.32640108354331643,6764088,NC
-0.34145815876492003,6764089,NC
-0.33651522684079765,6764090,NC
-0.3265722877461717,6764091,NC
-0.3166293414562677,6764092,NC
-0.33168638794631444,6764093,NC
-0.36174342719154357,6764094,NC
-0.3718004591671903,6764095,NC
-0.3768574838484926,6764096,NC
-0.3569145012106918,6764097,NC
-0.3369715112290323,6764098,NC
-0.3270285138787618,6764099,NC
-0.35708550913513126,6764100,NC
-0.38214249697339464,6764101,NC
-0.3771994773688092,6764102,NC
-0.37225645029663557,6764103,NC
-0.3523134157321374,6764104,NC
-0.3623703736505818,6764105,NC
-0.377427324027239,6764106,NC
-0.3924842668373825,6764107,NC
-0.3975412020562893,6764108,NC
-0.37759812965923933,6764109,NC
-0.3676550496215162,6764110,NC
-0.36771196191840655,6764111,NC
-0.38776886652520054,6764112,NC
-0.39782576341719156,6764113,NC
-0.3928826525696764,6764114,NC
-0.3679395339579552,6764115,NC
-0.3629964075573315,6764116,NC
-0.3730532733431121,6764117,NC
-0.37811013129060733,6764118,NC
-0.38816698137513084,6764119,NC
-0.3932238235719998,6764120,NC
-0.3782806578565347,6764121,NC
-0.37333748420405943,6764122,NC
-0.3833943025899015,6764123,NC
-0.3734511129893917,6764124,NC
-0.40350791537786446,6764125,NC
-0.3985647097306574,6764126,NC
-0.3986214960231119,6764127,NC
-0.3736782742305728,6764128,NC
-0.36373504432838843,6764129,NC
-0.38379180629191056,6764130,NC
-0.3838485600964945,6764131,NC
-0.39390530571749927,6764132,NC
-0.36896204313028713,6764133,NC
-0.3490187723102244,6764134,NC
-0.3590754932326804,6764135,NC
-0.3641322058730283,6764136,NC
-0.3541889102066451,6764137,NC
-0.33924560620891103,6764138,NC
-0.3093022938552101,6764139,NC
-0.26435897312092993,6764140,NC
-0.23941564398146178,6764141,NC
-0.1994723064122006,6764142,NC
-0.1445289603885449,6764143,NC
-0.084585605885897,6764144,NC
-0.004642242879662795,6764145,NC
0.060301128654748154,6764146,NC
0.08524450874192244,6764147,NC
0.09018789740644312,6764148,NC
0.05513129467288935,6764149,NC
0.005074700565836688,6764150,NC
-0.06998188489014308,6764151,NC
-0.14503846167048198,6764152,NC
-0.2350950297506158,6764153,NC
-0.29015158910598404,6764154,NC
-0.27020813971203006,6764155,NC
-0.20026468154420085,6764156,NC
-0.0753212145779475,6764157,NC
0.06962226121127525,6764158,NC
0.22956574584800887,6764159,NC
0.32450923935679094,6764160,NC
0.3844527417621552,6764161,NC
0.41939625308863143,6764162,NC
0.4293397733607457,6764163,L
0.34428330260302,6764164,NC
0.22922684083997266,6764165,NC
0.1041703880961179,6764166,NC
-0.020886055604033806,6764167,NC
-0.1309424902359761,6764168,NC
-0.2209989157752064,6764169,NC
-0.3310553321972261,6764170,NC
-0.45111173947754063,6764171,NC
-0.5561681375916594,6764172,NC
-0.6462245265150955,6764173,NC
-0.6862809062233667,6764174,NC
-0.7113372766919938,6764175,NC
-0.7013936378965026,6764176,NC
-0.7064499898124221,6764177,NC
-0.7015063324152859,6764178,NC
-0.6815626656806313,6764179,NC
-0.6266189895839999,6764180,NC
-0.5866753041009372,6764181,NC
-0.5417316092069928,6764182,NC
-0.5167879048777204,6764183,NC
-0.526844191088678,6764184,NC
-0.5219004678154273,6764185,NC
-0.5019567350335344,6764186,NC
-0.48701299271856957,6764187,NC
-0.4820692408461069,6764188,NC
-0.47212547939172506,6764189,NC
-0.4821817083310065,6764190,NC
-0.49223792763953805,6764191,NC
-0.4872941372929107,6764192,NC
-0.47235033726671966,6764193,NC
-0.4624065275365642,6764194,NC
-0.45246270807804784,6764195,NC
-0.4625188788667785,6764196,NC
-0.46257503987836823,6764197,NC
-0.4576311910884332,6764198,NC
-0.45768733247259397,6764199,NC
-0.4227434640064754,6764200,NC
-0.4327995856657064,6764201,NC
-0.44285569742592057,6764202,NC
-0.4429117992627554,6764203,NC
-0.4579678911518529,6764204,NC
-0.4480239730688594,6764205,NC
-0.41808004498942547,6764206,NC
-0.41813610688920605,6764207,NC
-0.4281921587438605,6764208,NC
-0.4282482005290525,6764209,NC
-0.43830423222044995,6764210,NC
-0.4083602537937254,6764211,NC
-0.39841626522455575,6764212,NC
-0.38347226648862204,6764213,NC
-0.39852825756161,6764214,NC
-0.3935842384192097,6764215,NC
-0.4036402090371155,6764216,NC
-0.3886961693910265,6764217,NC
-0.36375211945664615,6764218,NC
-0.35380805920968206,6764219,NC
-0.3588639886258468,6764220,NC
-0.368919907680857,6764221,NC
-0.3689758163504342,6764222,NC
-0.3390317146103041,6764223,NC
-0.3090876024361971,6764224,NC
-0.29414347980384814,6764225,NC
-0.3141993466889965,6764226,NC
-0.30425520306738635,6764227,NC
-0.29931104891476606,6764228,NC
-0.27436688420688876,6764229,NC
-0.24942270891951226,6764230,NC
-0.24447852302839873,6764231,NC
-0.23953432650931517,6764232,NC
-0.23959011933803304,6764233,NC
-0.21964590149032842,6764234,NC
-0.1997016729419821,6764235,NC
-0.1947574336687796,6764236,NC
-0.16481318364651085,6764237,NC
-0.17486892285097067,6764238,NC
-0.18492465125795837,6764239,NC
-0.15998036884327818,6764240,NC
-0.12003607558273885,6764241,NC
-0.1000917714521539,6764242,NC
-0.10014745642734152,6764243,NC
-0.09020313048412472,6764244,NC
-0.09525879359833117,6764245,NC
-0.08531444574579329,6764246,NC
-0.07537008690234838,6764247,NC
-0.04042571704383833,6764248,NC
-0.03548133614610998,6764249,NC
-0.04053694418501483,6764250,NC
-0.055592541136409296,6764251,NC
-0.03564812697615454,6764252,NC
-0.01570370168011656,6764253,NC
0.014240734775833864,6764254,NC
-0.0008148175841790062,6764255,NC
-0.005870358736035735,6764256,NC
-0.0009258886556216608,6764257,NC
-0.01098140731882713,6764258,NC
-0.0010369147015472785,6764259,NC
0.018907589220317864,6764260,NC
0.02385210447086326,6764261,NC
-0.0012033689258209544,6764262,NC
-0.03125883094564956,6764263,NC
-0.03131428156454236,6764264,NC
-0.0413697207584241,6764265,NC
-0.06642514850322441,6764266,NC
-0.09148056477487793,6764267,NC
-0.12153596954932426,6764268,NC
-0.15659136280250804,6764269,NC
-0.18164674451037893,6764270,NC
-0.2017021146488915,6764271,NC
-0.21175747319400542,6764272,NC
-0.22681282012168544,6764273,NC
-0.2568681554079012,6764274,NC
-0.2969234790286275,6764275,NC
-0.3169787909598442,6764276,NC
-0.32703409117753623,6764277,NC
-0.32708937965769364,6764278,NC
-0.3521446563763115,6764279,NC
-0.37219992130939,6764280,NC
-0.40225517443293457,6764281,NC
-0.40231041572295556,6764282,NC
-0.39736564515546857,6764283,NC
-0.3924208627064944,6764284,NC
-0.39747606835205895,6764285,NC
-0.4175312620681933,6764286,NC
-0.44758644383093354,6764287,NC
-0.44264161361632137,6764288,NC
-0.43769677140040325,6764289,NC
-0.4327519171592312,6764290,NC
-0.4428070508688621,6764291,NC
-0.4478621725053583,6764292,NC
-0.4679172820447875,6764293,NC
-0.4579723794632223,6764294,NC
-0.4530274647367409,6764295,NC
-0.44808253784142654,6764296,NC
-0.4581375987533679,6764297,NC
-0.4481926474486589,6764298,NC
-0.47324768390339866,6764299,NC
-0.47330270809369185,6764300,NC
-0.46335771999564823,6764301,NC
-0.443412719585383,6764302,NC
-0.4584677068390168,6764303,NC
-0.4735226817326753,6764304,NC
-0.47857764424249,6764305,NC
-0.48863259434459744,6764306,NC
-0.4686875320151395,6764307,NC
-0.4737424572302638,6764308,NC
-0.4737973699661232,6764309,NC
-0.47385227019887577,6764310,NC
-0.5139071579046852,6764311,NC
-0.4939620330597208,6764312,NC
-0.4790168956401569,6764313,NC
-0.4640717456221737,6764314,NC
-0.4641265829819566,6764315,NC
-0.47418140769569656,6764316,NC
-0.49923621973959004,6764317,NC
-0.4842910190898391,6764318,NC
-0.46934580572265117,6764319,NC
-0.4494005796142392,6764320,NC
-0.4494553407408217,6764321,NC
-0.45451008907862284,6764322,NC
-0.4895648246038722,6764323,NC
-0.489619547292805,6764324,NC
-0.4796742571216619,6764325,NC
-0.4747289540666893,6764326,NC
-0.47978363810413915,6764327,NC
-0.504838309210269,6764328,NC
-0.5098929673613419,6764329,NC
-0.49994761253362685,6764330,NC
-0.48000224470339814,6764331,NC
-0.4750568638469358,6764332,NC
-0.4651114699405255,6764333,NC
-0.4801660629604588,6764334,NC
-0.5052206428830326,6764335,NC
-0.5102752096845496,6764336,NC
-0.4953297633413186,6764337,NC
-0.4853843038296533,6764338,NC
-0.5004388311258738,6764339,NC
-0.4954933452063058,6764340,NC
-0.5155478460472803,6764341,NC
-0.5006023336251346,6764342,NC
-0.4856568079162116,6764343,NC
-0.4807112688968598,6764344,NC
-0.4857657165434336,6764345,NC
-0.500820150832293,6764346,NC
-0.5058745717398044,6764347,NC
-0.5109289792423393,6764348,NC
-0.5009833733162753,6764349,NC
-0.4910377539379959,6764350,NC
-0.4860921210838904,6764351,NC
-0.4911464747303539,6764352,NC
-0.5112008148537872,6764353,NC
-0.5112551414305976,6764354,NC
-0.5063094544371974,6764355,NC
-0.4963637538500056,6764356,NC
-0.4964180396454464,6764357,NC
-0.5114723117999505,6764358,NC
-0.5115265702899541,6764359,NC
-0.5065808150918997,6764360,NC
-0.5066350461822352,6764361,NC
-0.5016892635374152,6764362,NC
-0.5167434671338996,6764363,NC
-0.5167976569481547,6764364,NC
-0.5168518329566526,6764365,NC
-0.5169059951358713,6764366,NC
-0.5119601434622949,6764367,NC
-0.5120142779124137,6764368,NC
-0.5120683984627238,6764369,NC
-0.5321225050897274,6764370,NC
-0.5271765977699325,6764371,NC
-0.5222306764798539,6764372,NC
-0.5172847411960114,6764373,NC
-0.5173387918949319,6764374,NC
-0.5173928285531476,6764375,NC
-0.5274468511471974,6764376,NC
-0.5375008596536256,6764377,NC
-0.5175548540489835,6764378,NC
-0.4976088343098278,6764379,NC
-0.4876628004127217,6764380,NC
-0.4777167523342344,6764381,NC
-0.4877706900509413,6764382,NC
-0.4928246135394241,6764383,NC
-0.4828785227762704,6764384,NC
-0.47793241773807416,6764385,NC
-0.46298629840143557,6764386,NC
-0.47304016474296107,6764387,NC
-0.46809401673926304,6764388,NC
-0.46814785436696044,6764389,NC
-0.4582016776026781,6764390,NC
-0.4332554864230475,6764391,NC
-0.4183092808047061,6764392,NC
-0.4133630607242977,6764393,NC
-0.4284168261584723,6764394,NC
-0.4334705770838865,6764395,NC
-0.4435243134772028,6764396,NC
-0.44857803531509016,6764397,NC
-0.44863174257422406,6764398,NC
-0.45868543523128597,6764399,NC
-0.46873911326296397,6764400,NC
-0.4837927766459523,6764401,NC
-0.4838464253569517,6764402,NC
-0.49390005937266923,6764403,NC
-0.4889536786698183,6764404,NC
-0.4890072832251187,6764405,NC
-0.4990608730152967,6764406,NC
-0.514114448017085,6764407,NC
-0.5141680082072225,6764408,NC
-0.5042215535624548,6764409,NC
-0.4842750840595339,6764410,NC
-0.499328599675218,6764411,NC
-0.514382100386272,6764412,NC
-0.5344355861694673,6764413,NC
-0.5444890570015817,6764414,NC
-0.5245425128593992,6764415,NC
-0.529595953719711,6764416,NC
-0.5396493795593142,6764417,NC
-0.5497027903550127,6764418,NC
-0.5547561860836165,6764419,NC
-0.549809566721943,6764420,NC
-0.5148629322468153,6764421,NC
-0.4999162826350637,6764422,NC
-0.5049696178635245,6764423,NC
-0.5300229379090409,6764424,NC
-0.5450762427484628,6764425,NC
-0.5451295323586465,6764426,NC
-0.5201828067164548,6764427,NC
-0.5152360657987576,6764428,NC
-0.5152893095824308,6764429,NC
-0.5353425380443575,6764430,NC
-0.5403957511614271,6764431,NC
-0.5354489489105358,6764432,NC
-0.5155021312685866,6764433,NC
-0.5055552982124888,6764434,NC
-0.5006084497191587,6764435,NC
-0.5206615857655192,6764436,NC
-0.5307147063285002,6764437,NC
-0.5257678113850377,6764438,NC
-0.520820900912075,6764439,NC
-0.5058739748865618,6764440,NC
-0.5059270332854549,6764441,NC
-0.5009800760857176,6764442,NC
-0.5210331032643197,6764443,NC
-0.5060861147982386,6764444,NC
-0.5011391106644577,6764445,NC
-0.4961920908399676,6764446,NC
-0.5062450553017656,6764447,NC
-0.4912980040268558,6764448,NC
-0.5113509369922492,6764449,NC
-0.5064038541749636,6764450,NC
-0.4864567555520238,6764451,NC
-0.4815096411004611,6764452,NC
-0.48156251079731405,6764453,NC
-0.4866153646196279,6764454,NC
-0.4816682025444548,6764455,NC
-0.49672102454885386,6764456,NC
-0.4717738306098911,6764457,NC
-0.4468266207046393,6764458,NC
-0.45187939481017847,6764459,NC
-0.46193215290359535,6764460,NC
-0.4519848949619836,6764461,NC
-0.4270376209624441,6764462,NC
-0.37209033088208426,6764463,NC
-0.3321430246980188,6764464,NC
-0.28719570238736963,6764465,NC
-0.24224836392726512,6764466,NC
-0.19730100929484104,6764467,NC
-0.12735363846724004,6764468,NC
-0.06240625142161184,6764469,NC
-0.002458848135113212,6764470,NC
-0.027511428584907967,6764471,NC
-0.042563992748166905,6764472,NC
-0.10261654060206805,6764473,NC
-0.18766907212379635,6764474,NC
-0.287721587290544,6764475,NC
-0.41277408607951016,6764476,NC
-0.5278265684679011,6764477,NC
-0.6128790344329303,6764478,NC
-0.6379314839518184,6764479,NC
-0.5879839170017932,6764480,NC
-0.4880363335600893,6764481,NC
-0.36808873360394884,6764482,NC
-0.27314111711062106,6764483,NC
-0.19319348405736228,6764484,NC
-0.12324583442143613,6764485,NC
-0.07829816818011334,6764486,NC
-0.05835048531067186,6764487,NC
-0.08840278579039693,6764488,NC
-0.1584550695965809,6764489,NC
-0.25350733670652353,6764490,NC
-0.3385595870975317,6764491,NC
-0.3986118207469195,6764492,NC
-0.45366403763200847,6764493,NC
-0.5187162377301273,6764494,NC
-0.568768421018612,6764495,NC
-0.6438205874748059,6764496,NC
-0.6888727370760596,6764497,NC
-0.7239248697997309,6764498,NC
-0.7239769856231851,6764499,L
-0.7040290845237951,6764500,NC
-0.7040811664789404,6764501,NC
-0.7041332314660086,6764502,NC
-0.6791852794623943,6764503,NC
-0.6392373104454995,6764504,NC
-0.5942893243927336,6764505,NC
-0.5443413212815136,6764506,NC
-0.5193933010892635,6764507,NC
-0.49444526379341514,6764508,NC
-0.48449720937140756,6764509,NC
-0.4595491378006872,6764510,NC
-0.4346010490587081,6764511,NC
-0.40965294312293155,6764512,NC
-0.4197048199708266,6764513,NC
-0.4247566795798695,6764514,NC
-0.4398085219275441,6764515,NC
-0.43986034699134174,6764516,NC
-0.41491215474876125,6764517,NC
-0.394963945177309,6764518,NC
-0.41001571825449884,6764519,NC
-0.4150674739578522,6764520,NC
-0.42511921226489807,6764521,NC
-0.4151709331531728,6764522,NC
-0.40022263660022067,6764523,NC
-0.3852743225835932,6764524,NC
-0.40032599108084965,6764525,NC
-0.41037764206955674,6764526,NC
-0.41542927552728903,6764527,NC
-0.4154808914316284,6764528,NC
-0.39553248976016464,6764529,NC
-0.38058407049049503,6764530,NC
-0.3606356336002243,6764531,NC
-0.38068717906696525,6764532,NC
-0.40573870686833796,6764533,NC
-0.3907902169819704,6764534,NC
-0.3658417093854982,6764535,NC
-0.3408931840565645,6764536,NC
-0.3459446409728203,6764537,NC
-0.3459960801119244,6764538,NC
-0.35604750145154307,6764539,NC
-0.33109890496935046,6764540,NC
-0.31615029064302846,6764541,NC
-0.30120165845026664,6764542,NC
-0.29125300836876244,6764543,NC
-0.29130434037622094,6764544,NC
-0.28635565445035505,6764545,NC
-0.28140695056888543,6764546,NC
-0.2464582287095406,6764547,NC
-0.23650948885005696,6764548,NC
-0.2215607309681785,6764549,NC
-0.23161195504165716,6764550,NC
-0.21666316104825278,6764551,NC
-0.21671434896573294,6764552,NC
-0.18176551877187314,6764553,NC
-0.14681667044445668,6764554,NC
-0.13686780396127476,6764555,NC
-0.13191891930012645,6764556,NC
-0.1369700164388188,6764557,NC
-0.11702109535516667,6764558,NC
-0.09707215602699287,6764559,NC
-0.062123198432128074,6764560,NC
-0.05717422254841093,6764561,NC
-0.062225228353688045,6764562,NC
-0.052276215825814,6764563,NC
-0.05232718494265126,6764564,NC
-0.02237813568207025,6764565,NC
-0.0024290680219494556,6764566,NC
0.017520018059824644,6764567,NC
0.02746912258535767,6764568,NC
0.037418245576747146,6764569,NC
0.037367387056082675,6764570,NC
0.05731654704544574,6764571,NC
0.08726572556690976,6764572,NC
0.08721492264254022,6764573,NC
0.08216413829439448,6764574,NC
0.07711337254452189,6764575,NC
0.08706262541496365,6764576,NC
0.12201189692775288,6764577,NC
0.14196118710491465,6764578,NC
0.136910495968466,6764579,NC
0.14185982354041562,6764580,NC
0.13680916984276437,6764581,NC
0.14175853489750473,6764582,NC
0.1567079187266212,6764583,NC
0.17665732135209003,6764584,NC
0.17160674279587942,6764585,NC
0.14155618307994927,6764586,NC
0.12650564222625138,6764587,NC
0.1214551202567293,6764588,NC
0.12140461719331846,6764589,NC
0.11635413305794606,6764590,NC
0.08630366787253108,6764591,NC
0.04625322165898414,6764592,NC
0.011202794439207853,6764593,NC
0.0011523862350964614,6764594,NC
-0.018898002931464056,6764595,NC
-0.04394837303859601,6764596,NC
-0.053998724064429904,6764597,NC
-0.08904905598710457,6764598,NC
-0.13409936878476708,6764599,NC
-0.17414966243557295,6764600,NC
-0.18919993691768583,6764601,NC
-0.1942501922092779,6764602,NC
-0.2143004282885295,6764603,NC
-0.2393506451336293,6764604,NC
-0.25940084272277436,6764605,NC
-0.2694510210341703,6764606,NC
-0.2545011800460308,6764607,NC
-0.23955131973657812,6764608,NC
-0.2646014400840428,6764609,NC
-0.2846515410666638,6764610,NC
-0.2897016226626886,6764611,NC
-0.29475168485037295,6764612,NC
-0.2998017276079811,6764613,NC
-0.28985175091378573,6764614,NC
-0.2849017547460679,6764615,NC
-0.2999517390831173,6764616,NC
-0.3300017039032318,6764617,NC
-0.31505164918471806,6764618,NC
-0.30010157490589096,6764619,NC
-0.29515148104507405,6764620,NC
-0.30520136758059935,6764621,NC
-0.3152512344908073,6764622,NC
-0.32030108175404687,6764623,NC
-0.32035090934867566,6764624,NC
-0.3104007172530598,6764625,NC
-0.30545050544557395,6764626,NC
-0.3005002739046012,6764627,NC
-0.30555002260853337,6764628,NC
-0.3155997515357708,6764629,NC
-0.3106494606647224,6764630,NC
-0.3006991499738057,6764631,NC
-0.2807488194414469,6764632,NC
-0.31079846904608066,6764633,NC
-0.3008480987661504,6764634,NC
-0.310897708580108,6764635,NC
-0.3059472984664143,6764636,NC
-0.29099686840353844,6764637,NC
-0.2910464183699584,6764638,NC
-0.28609594834416086,6764639,NC
-0.3011454583046412,6764640,NC
-0.30619494822990323,6764641,NC
-0.3112444180984598,6764642,NC
-0.2862938678888322,6764643,NC
-0.2813432975795506,6764644,NC
-0.276392707149154,6764645,NC
-0.2864420965761897,6764646,NC
-0.29149146583921426,6764647,NC
-0.30154081491679263,6764648,NC
-0.2865901437874987,6764649,NC
-0.27663945242991517,6764650,NC
-0.2966887408226333,6764651,NC
-0.29173800894425345,6764652,NC
-0.29178725677338446,6764653,NC
-0.3018364842886442,6764654,NC
-0.2768856914686594,6764655,NC
-0.27193487829206536,6764656,NC
-0.27198404473750654,6764657,NC
-0.27203319078363586,6764658,NC
-0.2920823164091155,6764659,NC
-0.3021314215926163,6764660,NC
-0.282180506312818,6764661,NC
-0.2772295705484092,6764662,NC
-0.2772786142780874,6764663,NC
-0.282327637480559,6764664,NC
-0.30237664013453946,6764665,NC
-0.30242562221875297,6764666,NC
-0.27747458371193273,6764667,NC
-0.27752352459282076,6764668,NC
-0.27757244484016835,6764669,NC
-0.29262134443273535,6764670,NC
-0.2976702233492909,6764671,NC
-0.31271908156861283,6764672,NC
-0.2877679190694882,6764673,NC
-0.287816735830713,6764674,NC
-0.28786553183109215,6764675,NC
-0.30291430704943967,6764676,NC
-0.32296306146457854,6764677,NC
-0.30801179505534076,6764678,NC
-0.3030605078005675,6764679,NC
-0.2881091996791088,6764680,NC
-0.2881578706698239,6764681,NC
-0.31820652075158107,6764682,NC
-0.31825514990325754,6764683,NC
-0.3183037581037399,6764684,NC
-0.30835234533192357,6764685,NC
-0.3084009115667132,6764686,NC
-0.3084494567870224,6764687,NC
-0.3034979809717743,6764688,NC
-0.31354648409990066,6764689,NC
-0.30859496615034276,6764690,NC
-0.29864342710205083,6764691,NC
-0.2936918669339843,6764692,NC
-0.29874028562511185,6764693,NC
-0.30378868315441127,6764694,NC
-0.31883705950086955,6764695,NC
-0.31388541464348285,6764696,NC
-0.29893374856125654,6764697,NC
-0.28398206123320524,6764698,NC
-0.2940303526383528,6764699,NC
-0.2990786227557324,6764700,NC
-0.32412687156438613,6764701,NC
-0.32917509904336567,6764702,NC
-0.3192233051717318,6764703,NC
-0.2992714899285546,6764704,NC
-0.31431965329291356,6764705,NC
-0.32436779524389725,6764706,NC
-0.3344159157606035,6764707,NC
-0.3344640148221397,6764708,NC
-0.3295120924076225,6764709,NC
-0.3045601484961777,6764710,NC
-0.30460818306694054,6764711,NC
-0.2996561960990556,6764712,NC
-0.3097041875716768,6764713,NC
-0.29975215746396744,6764714,NC
-0.27980010575510017,6764715,NC
-0.26984803242425703,6764716,NC
-0.25989593745062944,6764717,NC
-0.2749438208134183,6764718,NC
-0.29499168249183366,6764719,NC
-0.28503952246509534,6764720,NC
-0.2600873407124323,6764721,NC
-0.24513513721308305,6764722,NC
-0.2501829119462956,6764723,NC
-0.24523066489132728,6764724,NC
-0.26027839602744496,6764725,NC
-0.2403261053339249,6764726,NC
-0.22537379279005293,6764727,NC
-0.2154214583751244,6764728,NC
-0.22546910206844406,6764729,NC
-0.24051672384932615,6764730,NC
-0.2505643236970945,6764731,NC
-0.2306119015910824,6764732,NC
-0.2106594575106328,6764733,NC
-0.215706991435098,6764734,NC
-0.22575450334383995,6764735,NC
-0.25580199321623015,6764736,NC
-0.27584946103164976,6764737,NC
-0.2708969067694893,6764738,NC
-0.2809443304091491,6764739,NC
-0.28099173193003896,6764740,NC
-0.27103911131157826,6764741,NC
-0.2860864685331961,6764742,NC
-0.2911338035743311,6764743,NC
-0.2961811164144317,6764744,NC
-0.29122840703295555,6764745,NC
-0.29627567540937044,6764746,NC
-0.30632292152315366,6764747,NC
-0.32637014535379194,6764748,NC
-0.33641734688078195,6764749,NC
-0.32146452608362996,6764750,NC
-0.3165116829418519,6764751,NC
-0.3165588174349734,6764752,NC
-0.3116059295425299,6764753,NC
-0.31165301924406646,6764754,NC
-0.3217000865191379,6764755,NC
-0.3267471313473087,6764756,NC
-0.31679415370815317,6764757,NC
-0.30684115358125547,6764758,NC
-0.3218881309462094,6764759,NC
-0.32193508578261837,6764760,NC
-0.3569820180700959,6764761,NC
-0.34202892778826516,6764762,NC
-0.33707581491675914,6764763,NC
-0.32712267943522055,6764764,NC
-0.32216952132330184,6764765,NC
-0.3222163405606656,6764766,NC
-0.34726313712698403,6764767,NC
-0.35730991100193926,6764768,NC
-0.3273566621652232,6764769,NC
-0.3174033905965375,6764770,NC
-0.3324500962755941,6764771,NC
-0.3374967791821142,6764772,NC
-0.3425434392958296,6764773,NC
-0.3525900765964814,6764774,NC
-0.3376366910638209,6764775,NC
-0.3276832826776093,6764776,NC
-0.33272985141761763,6764777,NC
-0.3327763972636269,6764778,NC
-0.3378229201954279,6764779,NC
-0.34786942019282185,6764780,NC
-0.32291589723561936,6764781,NC
-0.3129623513036413,6764782,NC
-0.30800878237671847,6764783,NC
-0.3230551904346916,6764784,NC
-0.33310157545741154,6764785,NC
-0.3381479374247389,6764786,NC
-0.31819427631654473,6764787,NC
-0.2932405921127096,6764788,NC
-0.29328688479312437,6764789,NC
-0.31333315433768993,6764790,NC
-0.31337940072631726,6764791,NC
-0.31342562393892726,6764792,NC
-0.2784718239554509,6764793,NC
-0.2585180007558293,6764794,NC
-0.2435641543200137,6764795,NC
-0.2086102846279653,6764796,NC
-0.1886563916596555,6764797,NC
-0.15370247539506574,6764798,NC
-0.06874853581418755,6764799,NC
0.006205427102977244,6764800,NC
0.07615941337641693,6764801,NC
0.12111342302610943,6764802,NC
0.1610674560720227,6764803,NC
0.18602151253411442,6764804,NC
0.17597559243233216,6764805,NC
0.15592969578661323,6764806,NC
0.09588382261688487,6764807,NC
0.0008379729430640775,6764808,NC
-0.06920785321494233,6764809,NC
-0.10425365583723781,6764810,NC
-0.06429943490393598,6764811,NC
0.0056548096048392935,6764812,NC
0.10060907770895391,6764813,NC
0.2155633694282636,6764814,NC
0.32551768478261367,6764815,NC
0.4204720237918393,6764816,NC
0.5004263864757654,6764817,NC
0.5303807728542065,6764818,NC
0.5153351829469669,6764819,L
0.44028961677384076,6764820,NC
0.32024407435461166,6764821,NC
0.210198555709053,6764822,NC
0.12015306085692784,6764823,NC
0.06010758981798897,6764824,NC
-0.054937857388021226,6764825,NC
-0.18498328074137071,6764826,NC
-0.31502868022233776,6764827,NC
-0.42007405581121104,6764828,NC
-0.4651194074882896,6764829,NC
-0.5001647352338829,6764830,NC
-0.5452100390283107,6764831,NC
-0.5652553188519033,6764832,NC
-0.5803005746850012,6764833,NC
-0.5653458065079554,6764834,NC
-0.5353910143011275,6764835,NC
-0.49543619804488936,6764836,NC
-0.4604813577196233,6764837,NC
-0.440526493305722,6764838,NC
-0.4355716047835889,6764839,NC
-0.41561669213363756,6764840,NC
-0.3956617553362923,6764841,NC
-0.3807067943719876,6764842,NC
-0.3757518092211688,6764843,NC
-0.39079679986429144,6764844,NC
-0.4008417662818217,6764845,NC
-0.39588670845423646,6764846,NC
-0.37593162636202276,6764847,NC
-0.3509765199856783,6764848,NC
-0.36102138930571154,6764849,NC
-0.37606623430264124,6764850,NC
-0.3811110549569969,6764851,NC
-0.38615585124931834,6764852,NC
-0.37620062316015623,6764853,NC
-0.34624537067007166,6764854,NC
-0.35629009375963644,6764855,NC
-0.35633479240943283,6764856,NC
-0.3563794666000538,6764857,NC
-0.361424116312103,6764858,NC
-0.3614687415261945,6764859,NC
-0.33151334222295326,6764860,NC
-0.33655791838301463,6764861,NC
-0.3466024699870248,6764862,NC
-0.3566469970156406,6764863,NC
-0.35669149944952944,6764864,NC
-0.32673597726936954,6764865,NC
-0.31178043045584963,6764866,NC
-0.3118248589896693,6764867,NC
-0.3118692628515387,6764868,NC
-0.3119136420221789,6764869,NC
-0.3219579964823215,6764870,NC
-0.29200232621270883,6764871,NC
-0.28204663119409407,6764872,NC
-0.2720909114072411,6764873,NC
-0.2771351668329245,6764874,NC
-0.2771793974519297,6764875,NC
-0.2822236032450529,6764876,NC
-0.26726778419310093,6764877,NC
-0.23731194027689156,6764878,NC
-0.2273560714772533,6764879,NC
-0.24740017777502554,6764880,NC
-0.2374442591510583,6764881,NC
-0.22748831558621266,6764882,NC
-0.20753234706136028,6764883,NC
-0.1875763535573839,6764884,NC
-0.17762033505517688,6764885,NC
-0.17266429153564364,6764886,NC
-0.18270822297969924,6764887,NC
-0.16775212936826983,6764888,NC
-0.15779601068229235,6764889,NC
-0.13783986690271458,6764890,NC
-0.1228836980104952,6764891,NC
-0.11792750398660384,6764892,NC
-0.10297128481202106,6764893,NC
-0.10301504046773832,6764894,NC
-0.06805877093475797,6764895,NC
-0.058102476194093276,6764896,NC
-0.04814615622676855,6764897,NC
-0.05318981101381901,6764898,NC
-0.05323344053629081,6764899,NC
-0.03827704477524106,6764900,NC
-0.018320623711737892,6764901,NC
0.01663582267313956,6764902,NC
0.016592294398301254,6764903,NC
0.026548791482646043,6764904,NC
0.036505313945061825,6764905,NC
0.0414618618044255,6764906,NC
0.0664184350796029,6764907,NC
0.09137503378944886,6764908,NC
0.08633165795280709,6764909,NC
0.09128830758851036,6764910,NC
0.09624498271538032,6764911,NC
0.09620168335222756,6764912,NC
0.11115840951785157,6764913,NC
0.12111516123104075,6764914,NC
0.1160719385105725,6764915,NC
0.09102874137521308,6764916,NC
0.055985569843717574,6764917,NC
0.05094242393482995,6764918,NC
0.015899303667283163,6764919,NC
0.02085620905979895,6764920,NC
-0.0041868598689120545,6764921,NC
-0.039229903100150426,6764922,NC
-0.07427292061522782,6764923,NC
-0.10431591239546714,6764924,NC
-0.11935887842220237,6764925,NC
-0.13440181867677872,6764926,NC
-0.14944473314055262,6764927,NC
-0.1844876217948917,6764928,NC
-0.20953048462117468,6764929,NC
-0.22457332160079166,6764930,NC
-0.22461613271514386,6764931,NC
-0.2296589179456437,6764932,NC
-0.21970167727371495,6764933,NC
-0.24474441068079256,6764934,NC
-0.2697871181483227,6764935,NC
-0.2648297996577629,6764936,NC
-0.25987245519058183,6764937,NC
-0.2599150847282596,6764938,NC
-0.24995768825228742,6764939,NC
-0.26500026574416796,6764940,NC
-0.2950428171854151,6764941,NC
-0.2950853425575541,6764942,NC
-0.2851278418421214,6764943,NC
-0.255170315020665,6764944,NC
-0.27021276207474393,6764945,NC
-0.29025518298592884,6764946,NC
-0.29029757773580156,6764947,NC
-0.28533994630595544,6764948,NC
-0.30038228867799494,6764949,NC
-0.26542460483353614,6764950,NC
-0.27546689475420644,6764951,NC
-0.2855091584216445,6764952,NC
-0.30055139581750057,6764953,NC
-0.29559360692343617,6764954,NC
-0.2806357917211243,6764955,NC
-0.27567795019224933,6764956,NC
-0.26572008231850713,6764957,NC
-0.28076218808160497,6764958,NC
-0.2908042674632616,6764959,NC
-0.3008463204452071,6764960,NC
-0.2958883470091831,6764961,NC
-0.28093034713694287,6764962,NC
-0.2759723208102508,6764963,NC
-0.2910142680108831,6764964,NC
-0.29605618872062717,6764965,NC
-0.29609808292128226,6764966,NC
-0.2811399505946588,6764967,NC
-0.276181791722579,6764968,NC
-0.28122360628687637,6764969,NC
-0.2912653942693961,6764970,NC
-0.30130715565199484,6764971,NC
-0.29634889041654094,6764972,NC
-0.2963905985449141,6764973,NC
-0.2814322800190057,6764974,NC
-0.2764739348207187,6764975,NC
-0.27151556293196755,6764976,NC
-0.29655716433467844,6764977,NC
-0.29159873901078903,6764978,NC
-0.2966402869422486,6764979,NC
-0.28668180811101807,6764980,NC
-0.27172330249906995,6764981,NC
-0.28176477008838846,6764982,NC
-0.2968062108609694,6764983,NC
-0.30684762479882016,6764984,NC
-0.2918890118839599,6764985,NC
-0.28693037209841926,6764986,NC
-0.2919717054242408,6764987,NC
-0.30701301184347846,6764988,NC
-0.33205429133819814,6764989,NC
-0.31709554389047717,6764990,NC
-0.30713676948240487,6764991,NC
-0.297177968096082,6764992,NC
-0.2972191397136211,6764993,NC
-0.31226028431714664,6764994,NC
-0.3273014018887945,6764995,NC
-0.3223424924107125,6764996,NC
-0.3073835558650601,6764997,NC
-0.2924245922340087,6764998,NC
-0.2924656014997411,6764999,NC
-0.30750658364445227,6765000,NC
-0.31754753865034874,6765001,NC
-0.31258846649964883,6765002,NC
-0.30262936717458266,6765003,NC
-0.2926702406573922,6765004,NC
-0.2927110869303312,6765005,NC
-0.3027519059756652,6765006,NC
-0.32779269777567166,6765007,NC
-0.32783346231263966,6765008,NC
-0.3028741995688702,6765009,NC
-0.29291490952667637,6765010,NC
-0.29795559216838274,6765011,NC
-0.31799624747632604,6765012,NC
-0.3230368754328547,6765013,NC
-0.328077476020329,6765014,NC
-0.3181180492211212,6765015,NC
-0.30315859501761544,6765016,NC
-0.30319911339220773,6765017,NC
-0.308239604327306,6765018,NC
-0.32328006780533003,6765019,NC
-0.3183205038087117,6765020,NC
-0.3133609123198946,6765021,NC
-0.2984012933213343,6765022,NC
-0.29844164679549845,6765023,NC
-0.30848197272486666,6765024,NC
-0.3135222710919302,6765025,NC
-0.3185625418791927,6765026,NC
-0.30860278506916944,6765027,NC
-0.2836430006443879,6765028,NC
-0.27368318858738744,6765029,NC
-0.2787233488807194,6765030,NC
-0.2837634815069473,6765031,NC
-0.27880358644864645,6765032,NC
-0.2688436636884043,6765033,NC
-0.2638837132088203,6765034,NC
-0.253923734992506,6765035,NC
-0.2489637290220848,6765036,NC
-0.27400369528019236,6765037,NC
-0.2490436337494763,6765038,NC
-0.22908354441259632,6765039,NC
-0.21912342725222422,6765040,NC
-0.22916328225104388,6765041,NC
-0.21420310939175113,6765042,NC
-0.21924290865705412,6765043,NC
-0.23928268002967296,6765044,NC
-0.2243224234923399,6765045,NC
-0.21936213902779933,6765046,NC
-0.22940182661880767,6765047,NC
-0.2394414862481336,6765048,NC
-0.259481117898558,6765049,NC
-0.26952072155287354,6765050,NC
-0.2645602971938856,6765051,NC
-0.25459984480441106,6765052,NC
-0.25963936436727963,6765053,NC
-0.2846788558653327,6765054,NC
-0.3047183192814241,6765055,NC
-0.30975775459841987,6765056,NC
-0.299797161799198,6765057,NC
-0.28483654086664906,6765058,NC
-0.27987589178367545,6765059,NC
-0.30491521453319204,6765060,NC
-0.30995450909812594,6765061,NC
-0.31499377546141627,6765062,NC
-0.31003301360601465,6765063,NC
-0.2950722235148849,6765064,NC
-0.29011140517100287,6765065,NC
-0.300150558557357,6765066,NC
-0.3251896836569478,6765067,NC
-0.33022878045278814,6765068,NC
-0.3352678489279031,6765069,NC
-0.33030688906533023,6765070,NC
-0.31034590084811914,6765071,NC
-0.3103848842593319,6765072,NC
-0.330423839282043,6765073,NC
-0.35046276589933895,6765074,NC
-0.3405016640943189,6765075,NC
-0.3305405338500942,6765076,NC
-0.33557937514978853,6765077,NC
-0.3356181879765379,6765078,NC
-0.3456569723134909,6765079,NC
-0.38069572814380814,6765080,NC
-0.35073445545066295,6765081,NC
-0.34577315421724086,6765082,NC
-0.3558118244267397,6765083,NC
-0.36585046606237,6765084,NC
-0.36588907910735435,6765085,NC
-0.36092766354492806,6765086,NC
-0.3509662193583386,6765087,NC
-0.3310047465308461,6765088,NC
-0.35104324504572293,6765089,NC
-0.35108171488625406,6765090,NC
-0.3561201560357367,6765091,NC
-0.3511585684774808,6765092,NC
-0.3461969521948086,6765093,NC
-0.34123530717105477,6765094,NC
-0.3362736333895666,6765095,NC
-0.3413119308337037,6765096,NC
-0.3563501994868383,6765097,NC
-0.35138843933235514,6765098,NC
-0.3464266503536515,6765099,NC
-0.31646483253413693,6765100,NC
-0.3265029858572337,6765101,NC
-0.3365411103063767,6765102,NC
-0.3365792058650131,6765103,NC
-0.3366172725166028,6765104,NC
-0.32165531024461824,6765105,NC
-0.30169331903254426,6765106,NC
-0.29673129886387856,6765107,NC
-0.2817692497221311,6765108,NC
-0.2668071715908246,6765109,NC
-0.23684506445349435,6765110,NC
-0.18688292829368808,6765111,NC
-0.12192076309496644,6765112,NC
-0.046958568840902354,6765113,NC
0.018003654484918447,6765114,NC
0.07796590689889767,6765115,NC
0.11792818841742439,6765116,NC
0.1528904990568751,6765117,NC
0.13785283883361346,6765118,NC
0.08781520776399071,6765119,NC
-0.007222394135654717,6765120,NC
-0.11725996684899694,6765121,NC
-0.1672975103597229,6765122,NC
-0.1623350246515321,6765123,NC
-0.08237250970813677,6765124,NC
0.037590034486738186,6765125,NC
0.17755260794935518,6765126,NC
0.29751521069596387,6765127,NC
0.39247784274280123,6765128,NC
0.4774405041060915,6765129,NC
0.49240319480204614,6765130,L
0.437365914846864,6765131,NC
0.35232866425673104,6765132,NC
0.2222914430478206,6765133,NC
0.11725425123629324,6765134,NC
0.02221708883829665,6765135,NC
-0.07282004413003408,6765136,NC
-0.19785714765257684,6765137,NC
-0.3178942217132221,6765138,NC
-0.4529312662958733,6765139,NC
-0.5529682813844465,6765140,NC
-0.6080052669628708,6765141,NC
-0.6230422230150879,6765142,NC
-0.6330791495250523,6765143,NC
-0.6481160464767317,6765144,NC
-0.6231529138541061,6765145,NC
-0.6031897516411686,6765146,NC
-0.5532265598219251,6765147,NC
-0.4982633383803947,6765148,NC
-0.4633000873006089,6765149,NC
-0.438336806566612,6765150,NC
-0.4183734961624617,6765151,NC
-0.4034101560722282,6765152,NC
-0.39844678627999464,6765153,NC
-0.37848338676985704,6765154,NC
-0.3735199575259245,6765155,NC
-0.3885564985323188,6765156,NC
-0.39859300977317474,6765157,NC
-0.39362949123264007,6765158,NC
-0.3736659428948755,6765159,NC
-0.36370236474405443,6765160,NC
-0.34873875676436367,6765161,NC
-0.3687751189400025,6765162,NC
-0.3738114512551834,6765163,NC
-0.3638477536941318,6765164,NC
-0.3488840262410861,6765165,NC
-0.3389202688802976,6765166,NC
-0.33395648159603064,6765167,NC
-0.3539926643725626,6765168,NC
-0.3590288171941837,6765169,NC
-0.34906494004519756,6765170,NC
-0.3391010329099203,6765171,NC
-0.32413709577268124,6765172,NC
-0.31917312861782293,6765173,NC
-0.3142091314297007,6765174,NC
-0.3292451041926831,6765175,NC
-0.3292810468911515,6765176,NC
-0.3243169595095007,6765177,NC
-0.28435284203213806,6765178,NC
-0.2743886944434845,6765179,NC
-0.28942451672797365,6765180,NC
-0.2944603088700525,6765181,NC
-0.27949607085418077,6765182,NC
-0.2695318026648317,6765183,NC
-0.24956750428649127,6765184,NC
-0.2396031757036588,6765185,NC
-0.23463881690084665,6765186,NC
-0.24467442786258023,6765187,NC
-0.2447100085733982,6765188,NC
-0.21474555901785222,6765189,NC
-0.1847810791805073,6765190,NC
-0.17981656904594132,6765191,NC
-0.17485202859874555,6765192,NC
-0.16988745782352427,6765193,NC
-0.16992285670489504,6765194,NC
-0.16495822522748843,6765195,NC
-0.14499356337594843,6765196,NC
-0.11002887113493204,6765197,NC
-0.11006414848910945,6765198,NC
-0.1200993954231642,6765199,NC
-0.1151346119217929,6765200,NC
-0.08016979796970541,6765201,NC
-0.05520495355162483,6765202,NC
-0.035240078652287454,6765203,NC
-0.035275173256442846,6765204,NC
-0.03531023734885376,6765205,NC
-0.025345270914296295,6765206,NC
0.00461972606244028,6765207,NC
0.024584753596553433,6765208,NC
0.03954981170322737,6765209,NC
0.03951490039763292,6765210,NC
0.034480019694927755,6765211,NC
0.03944516961025621,6765212,NC
0.06441035015874934,6765213,NC
0.08937556135552491,6765214,NC
0.08434080321568728,6765215,NC
0.10430607575432763,6765216,NC
0.09927137898652379,6765217,NC
0.10923671292734023,6765218,NC
0.12420207759182805,6765219,NC
0.14916747299502509,6765220,NC
0.14913289915195577,6765221,NC
0.14909835607763128,6765222,NC
0.1440638437870493,6765223,NC
0.11902936229519426,6765224,NC
0.1439949116170372,6765225,NC
0.14896049176753565,6765226,NC
0.13892610276163392,6765227,NC
0.11389174461426288,6765228,NC
0.07385741734033995,6765229,NC
0.05382312095476921,6765230,NC
0.03878885547244129,6765231,NC
0.028754620908233428,6765232,NC
-0.00627958272299059,6765233,NC
-0.041313755406380326,6765234,NC
-0.07634789712709894,6765235,NC
-0.10138200787032291,6765236,NC
-0.11641608762124217,6765237,NC
-0.1164501363650601,6765238,NC
-0.1414841540869937,6765239,NC
-0.1665181407722732,6765240,NC
-0.19155209640614246,6765241,NC
-0.2115860209738588,6765242,NC
-0.20661991446069294,6765243,NC
-0.20165377685192926,6765244,NC
-0.23168760813286549,6765245,NC
-0.24172140828881297,6765246,NC
-0.2617551773050964,6765247,NC
-0.26178891516705427,6765248,NC
-0.2568226218600383,6765249,NC
-0.2468562973694139,6765250,NC
-0.24188994168056005,6765251,NC
-0.2419235547788692,6765252,NC
-0.26695713664974735,6765253,NC
-0.266990687278614,6765254,NC
-0.26202420665090254,6765255,NC
-0.24705769475205944,6765256,NC
-0.24709115156754508,6765257,NC
-0.2671245770828334,6765258,NC
-0.2771579712834118,6765259,NC
-0.2771913341547813,6765260,NC
-0.2622246656824567,6765261,NC
-0.25225796585196614,6765262,NC
-0.25229123464885156,6765263,NC
-0.2673244720586685,6765264,NC
-0.2773576780669861,6765265,NC
-0.26739085265938706,6765266,NC
-0.2724239958214678,6765267,NC
-0.25745710753883844,6765268,NC
-0.24749018779712267,6765269,NC
-0.26752323658195787,6765270,NC
-0.277556253878995,6765271,NC
-0.2675892396738989,6765272,NC
-0.26762219395234776,6765273,NC
-0.24265511670003387,6765274,NC
-0.24768800790266282,6765275,NC
-0.2577208675459541,6765276,NC
-0.2827536956156409,6765277,NC
-0.2777864920974701,6765278,NC
-0.2678192569772022,6765279,NC
-0.26285199024061157,6765280,NC
-0.25288469187348617,6765281,NC
-0.26291736186162784,6765282,NC
-0.2779500001908519,6765283,NC
-0.2929826068469879,6765284,NC
-0.2780151818158786,6765285,NC
-0.2630477250833808,6765286,NC
-0.258080236635365,6765287,NC
-0.26811271645771556,6765288,NC
-0.2781451645363305,6765289,NC
-0.28317758085712164,6765290,NC
-0.27820996540601467,6765291,NC
-0.26824231816894895,6765292,NC
-0.2632746391318778,6765293,NC
-0.2783069282807682,6765294,NC
-0.303339185601601,6765295,NC
-0.29337141108037085,6765296,NC
-0.2784036047030863,6765297,NC
-0.2734357664557696,6765298,NC
-0.273467896324457,6765299,NC
-0.27349999429519845,6765300,NC
-0.2985320603540578,6765301,NC
-0.29356409448711274,6765302,NC
-0.29359609668045494,6765303,NC
-0.2836280669201897,6765304,NC
-0.2786600051924364,6765305,NC
-0.2886919114833283,6765306,NC
-0.3087237857790123,6765307,NC
-0.3187556280656496,6765308,NC
-0.2987874383294149,6765309,NC
-0.27881921655649694,6765310,NC
-0.28885096273309857,6765311,NC
-0.2938826768454362,6765312,NC
-0.3039143588797405,6765313,NC
-0.30894600882225576,6765314,NC
-0.29897762665924055,6765315,NC
-0.2840092123769669,6765316,NC
-0.2940407659617214,6765317,NC
-0.3090722873998041,6765318,NC
-0.31910377667752915,6765319,NC
-0.3191352337812247,6765320,NC
-0.3141666586972328,6765321,NC
-0.3091980514119097,6765322,NC
-0.3042294119116254,6765323,NC
-0.29926074018276383,6765324,NC
-0.309292036211723,6765325,NC
-0.30432329998491514,6765326,NC
-0.29935453148876623,6765327,NC
-0.29438573070971624,6765328,NC
-0.3094168976342193,6765329,NC
-0.3044480322487435,6765330,NC
-0.31947913453977095,6765331,NC
-0.32451020449379775,6765332,NC
-0.30954124209733413,6765333,NC
-0.2895722473369044,6765334,NC
-0.2996032201990468,6765335,NC
-0.3046341606703137,6765336,NC
-0.3096650687372714,6765337,NC
-0.3046959443865005,6765338,NC
-0.2847267876045955,6765339,NC
-0.2647575983781651,6765340,NC
-0.2597883766938319,6765341,NC
-0.2648191225382329,6765342,NC
-0.27484983589801887,6765343,NC
-0.27988051675985487,6765344,NC
-0.26491116511042,6765345,NC
-0.24494178093640756,6765346,NC
-0.2399723642245249,6765347,NC
-0.26000291496149347,6765348,NC
-0.2600334331340489,6765349,NC
-0.25006391872894096,6765350,NC
-0.2300943717329336,6765351,NC
-0.22012479213280484,6765352,NC
-0.21015517991534693,6765353,NC
-0.22018553506736616,6765354,NC
-0.25521585757568316,6765355,NC
-0.25524614742713264,6765356,NC
-0.24027640460856345,6765357,NC
-0.22530662910683869,6765358,NC
-0.23033682090883562,6765359,NC
-0.24036698000144574,6765360,NC
-0.27039710637157466,6765361,NC
-0.2754272000061423,6765362,NC
-0.28545726089208273,6765363,NC
-0.2704872890163442,6765364,NC
-0.28051728436588935,6765365,NC
-0.29554724692769496,6765366,NC
-0.3055771766887519,6765367,NC
-0.31060707363606543,6765368,NC
-0.3056369377566551,6765369,NC
-0.29566676903755457,6765370,NC
-0.3056965674658119,6765371,NC
-0.31072633302848934,6765372,NC
-0.3157560657126634,6765373,NC
-0.3157857655054248,6765374,NC
-0.32081543239387883,6765375,NC
-0.3108450663651447,6765376,NC
-0.3258746674063561,6765377,NC
-0.34090423550466104,6765378,NC
-0.38093377064722167,6765379,NC
-0.3509632728212147,6765380,NC
-0.3309927420138309,6765381,NC
-0.3260221782122755,6765382,NC
-0.3310515814037681,6765383,NC
-0.34608095157554253,6765384,NC
-0.39111028871484693,6765385,NC
-0.36613959280894387,6765386,NC
-0.36616886384511027,6765387,NC
-0.34619810181063737,6765388,NC
-0.3362273066928307,6765389,NC
-0.3462564784790102,6765390,NC
-0.3762856171565103,6765391,NC
-0.38631472271267975,6765392,NC
-0.36134379513488146,6765393,NC
-0.34637283441049305,6765394,NC
-0.34140184052690636,6765395,NC
-0.3464308134715276,6765396,NC
-0.36145975323177737,6765397,NC
-0.36648865979509093,6765398,NC
-0.36151753314891755,6765399,NC
-0.34154637328072135,6765400,NC
-0.34657518017798056,6765401,NC
-0.3566039538281879,6765402,NC
-0.3716326942188505,6765403,NC
-0.36666140133749014,6765404,NC
-0.35669007517164286,6765405,NC
-0.33671871570885914,6765406,NC
-0.33674732293670406,6765407,NC
-0.3667758968427569,6765408,NC
-0.38180443741461173,6765409,NC
-0.3518329446398769,6765410,NC
-0.34686141850617525,6765411,NC
-0.33188985900114415,6765412,NC
-0.3419182661124354,6765413,NC
-0.33694663982771544,6765414,NC
-0.32697498013466497,6765415,NC
-0.30200328702097945,6765416,NC
-0.2820315604743686,6765417,NC
-0.22705980048255692,6765418,NC
-0.18708800703328315,6765419,NC
-0.13211618011430082,6765420,NC
-0.05714431971337787,6765421,NC
0.007827574181703281,6765422,NC
0.0527995015831456,6765423,NC
0.09777146250313745,6765424,NC
0.10774345695385279,6765425,NC
0.07771548494745087,6765426,NC
-0.012312453503923515,6765427,NC
-0.10734035838814018,6765428,NC
-0.19736822969308349,6765429,NC
-0.23239606740665247,6765430,NC
-0.2074238715167607,6765431,NC
-0.10745164201133622,6765432,NC
0.022520621121678214,6765433,NC
0.1674929178943252,6765434,NC
0.3124652483186328,6765435,NC
0.40243761240661446,6765436,NC
0.44241001017026915,6765437,NC
0.4073824416215809,6765438,L
0.31735490677251943,6765439,NC
0.1723274056350395,6765440,NC
0.0672999382210816,6765441,NC
-0.027727495457428586,6765442,NC
-0.13275489538858015,6765443,NC
-0.2527822615604767,6765444,NC
-0.39280959396123644,6765445,NC
-0.5178368925789923,6765446,NC
-0.6028641574018921,6765447,NC
-0.6578913884180979,6765448,NC
-0.6879185856157868,6765449,NC
-0.7229457489831503,6765450,NC
-0.727972878508395,6765451,NC
-0.7079999741797416,6765452,NC
-0.653027035985426,6765453,NC
-0.5830540639136987,6765454,NC
-0.5280810579528248,6765455,NC
-0.503108018091084,6765456,NC
-0.46313494431677105,6765457,NC
-0.4581618366181952,6765458,NC
-0.4331886949836804,6765459,NC
-0.40821551940156564,6765460,NC
-0.40824230986020416,6765461,NC
-0.4182690663479643,6765462,NC
-0.42329578885322905,6765463,NC
-0.4233224773643962,6765464,NC
-0.4183491318698783,6765465,NC
-0.38837575235810246,6765466,NC
-0.3734023388175108,6765467,NC
-0.38842889123656016,6765468,NC
-0.39345540960372216,6765469,NC
-0.3784818939074831,6765470,NC
-0.37350834413634415,6765471,NC
-0.3535347602788214,6765472,NC
-0.3535611423234455,6765473,NC
-0.363587490258762,6765474,NC
-0.3836138040733314,6765475,NC
-0.37364008375572877,6765476,NC
-0.3536663292945442,6765477,NC
-0.35369254067838246,6765478,NC
-0.3387187178958633,6765479,NC
-0.33874486093562106,6765480,NC
-0.33377096978630527,6765481,NC
-0.34379704443658,6765482,NC
-0.32382308487512423,6765483,NC
-0.308849091090632,6765484,NC
-0.288875063071812,6765485,NC
-0.2939010008073878,6765486,NC
-0.2939269042860978,6765487,NC
-0.3039527734966955,6765488,NC
-0.2739786084279491,6765489,NC
-0.25900440906864153,6765490,NC
-0.2440301754075711,6765491,NC
-0.23905590743355049,6765492,NC
-0.2540816051354075,6765493,NC
-0.23910726850198488,6765494,NC
-0.22413289752214022,6765495,NC
-0.194158492184746,6765496,NC
-0.1891840524786897,6765497,NC
-0.19920957839287357,6765498,NC
-0.19923506991621504,6765499,NC
-0.18426052703764623,6765500,NC
-0.16928594974611422,6765501,NC
-0.14931133803058128,6765502,NC
-0.1393366918800243,6765503,NC
-0.12436201128343528,6765504,NC
-0.1343872962298212,6765505,NC
-0.10941254670820394,6765506,NC
-0.1044377627076204,6765507,NC
-0.054462944217122354,6765508,NC
-0.03948809122577667,6765509,NC
-0.03951320372266511,6765510,NC
-0.03453828169688443,6765511,NC
-0.029563325137546434,6765512,NC
-0.009588334033777846,6765513,NC
0.01038669162527954,6765514,NC
0.020361751850468998,6765515,NC
0.040336846652618746,6765516,NC
0.035311976042542076,6765517,NC
0.05028714003103707,6765518,NC
0.065262338628887,6765519,NC
0.07523757184685999,6765520,NC
0.09521283969570915,6765521,NC
0.09518814218617261,6765522,NC
0.0851634793289734,6765523,NC
0.09513885113481949,6765524,NC
0.1101142576144039,6765525,NC
0.13008969877840443,6765526,NC
0.1150651746374841,6765527,NC
0.12504068520229047,6765528,NC
0.09501623048345638,6765529,NC
0.08999181049159949,6765530,NC
0.06496742523732221,6765531,NC
0.06994307473121214,6765532,NC
0.03991875898384163,6765533,NC
-0.00010552199423201347,6765534,NC
-0.035129768192466576,6765535,NC
-0.050153979600335005,6765536,NC
-0.08017815620732527,6765537,NC
-0.0952022980029405,6765538,NC
-0.11522640497669892,6765539,NC
-0.14025047711813388,6765540,NC
-0.1752745144167938,6765541,NC
-0.20029851686224234,6765542,NC
-0.21032248444405827,6765543,NC
-0.21034641715183533,6765544,NC
-0.21037031497518266,6765545,NC
-0.24039417790372428,6765546,NC
-0.2604180059270996,6765547,NC
-0.27544179903496313,6765548,NC
-0.2804655572169843,6765549,NC
-0.27048928046284804,6765550,NC
-0.26551296876225433,6765551,NC
-0.2805366221049182,6765552,NC
-0.31056024048057,6765553,NC
-0.3005838238789552,6765554,NC
-0.28060737228983446,6765555,NC
-0.2856308857029836,6765556,NC
-0.2906543641081938,6765557,NC
-0.2906778074952713,6765558,NC
-0.3007012158540374,6765559,NC
-0.31572458917432894,6765560,NC
-0.30074792744599776,6765561,NC
-0.30077123065891087,6765562,NC
-0.2907944988029507,6765563,NC
-0.30081773186801475,6765564,NC
-0.30084092984401584,6765565,NC
-0.3158640927208819,6765566,NC
-0.3008872204885562,6765567,NC
-0.28591031313699733,6765568,NC
-0.29093337065617897,6765569,NC
-0.30095639303609,6765570,NC
-0.3209793802667349,6765571,NC
-0.336002332338133,6765572,NC
-0.3260252492403191,6765573,NC
-0.3010481309633434,6765574,NC
-0.28607097749727095,6765575,NC
-0.30109378883218263,6765576,NC
-0.3111165649581742,6765577,NC
-0.31113930586535676,6765578,NC
-0.30616201154385686,6765579,NC
-0.2861846819838162,6765580,NC
-0.28620731717539194,6765581,NC
-0.29622991710875635,6765582,NC
-0.33125248177409705,6765583,NC
-0.3362750111616172,6765584,NC
-0.32129750526153483,6765585,NC
-0.3063199640640838,6765586,NC
-0.2963423875595129,6765587,NC
-0.3063647757380865,6765588,NC
-0.31138712859008416,6765589,NC
-0.3214094461058008,6765590,NC
-0.3114317282755468,6765591,NC
-0.3164539750896477,6765592,NC
-0.3164761865384445,6765593,NC
-0.33149836261229354,6765594,NC
-0.32652050330156657,6765595,NC
-0.3465426085966506,6765596,NC
-0.331564678487948,6765597,NC
-0.32158671296587665,6765598,NC
-0.3266087120208697,6765599,NC
-0.3366306756433758,6765600,NC
-0.3516526038238587,6765601,NC
-0.34667449655279786,6765602,NC
-0.33669635382068797,6765603,NC
-0.32671817561803906,6765604,NC
-0.31673996193537673,6765605,NC
-0.33176171276324196,6765606,NC
-0.3417834280921909,6765607,NC
-0.3518051079127955,6765608,NC
-0.3518267522156428,6765609,NC
-0.33184836099133536,6765610,NC
-0.3268699342304912,6765611,NC
-0.3368914719237438,6765612,NC
-0.351912974061742,6765613,NC
-0.35693444063515006,6765614,NC
-0.35695587163464776,6765615,NC
-0.3469772670509303,6765616,NC
-0.33199862687470827,6765617,NC
-0.3470199510967078,6765618,NC
-0.37204123970767045,6765619,NC
-0.36206249269835333,6765620,NC
-0.3570837100595287,6765621,NC
-0.3371048917819846,6765622,NC
-0.3321260378565245,6765623,NC
-0.34214714827396725,6765624,NC
-0.3471682230251472,6765625,NC
-0.36218926210091434,6765626,NC
-0.36221026549213386,6765627,NC
-0.3622312331896867,6765628,NC
-0.34225216518446916,6765629,NC
-0.3472730614673931,6765630,NC
-0.3572939220293859,6765631,NC
-0.3673147468613904,6765632,NC
-0.38733553595436493,6765633,NC
-0.34735628929928347,6765634,NC
-0.34737700688713535,6765635,NC
-0.34739768870892557,6765636,NC
-0.3574183347556745,6765637,NC
-0.3524389450184182,6765638,NC
-0.3424595194882083,6765639,NC
-0.31748005815611163,6765640,NC
-0.30250056101321104,6765641,NC
-0.30752102805060455,6765642,NC
-0.31754145925940597,6765643,NC
-0.3225618546307445,6765644,NC
-0.32258221415576505,6765645,NC
-0.29760253782562796,6765646,NC
-0.29762282563150916,6765647,NC
-0.2976430775646003,6765648,NC
-0.2826632936161084,6765649,NC
-0.2976834737772562,6765650,NC
-0.28270361803928196,6765651,NC
-0.27772372639343945,6765652,NC
-0.26774379883099825,6765653,NC
-0.29776383534324335,6765654,NC
-0.2977838359214754,6765655,NC
-0.3028038005570106,6765656,NC
-0.3028237292411809,6765657,NC
-0.29284362196533364,6765658,NC
-0.28786347872083196,6765659,NC
-0.3078832994990545,6765660,NC
-0.33290308429139565,6765661,NC
-0.34792283308926525,6765662,NC
-0.3429425458840889,6765663,NC
-0.3379622226673078,6765664,NC
-0.3429818634303788,6765665,NC
-0.3530014681647743,6765666,NC
-0.3680210368619824,6765667,NC
-0.3730405695135069,6765668,NC
-0.3680600661108673,6765669,NC
-0.3530795266455985,6765670,NC
-0.35309895110925127,6765671,NC
-0.358118339493392,6765672,NC
-0.37813769178960266,6765673,NC
-0.3931570079894811,6765674,NC
-0.3981762880846406,6765675,NC
-0.37819553206671025,6765676,NC
-0.3982147399273348,6765677,NC
-0.3932339116581747,6765678,NC
-0.393253047250906,6765679,NC
-0.3982721466972205,6765680,NC
-0.3882912099888257,6765681,NC
-0.3883102371174448,6765682,NC
-0.3933292280748167,6765683,NC
-0.413348182852696,6765684,NC
-0.42336710144285294,6765685,NC
-0.4183859838370736,6765686,NC
-0.40340483002715966,6765687,NC
-0.39842364000492864,6765688,NC
-0.38844241376221367,6765689,NC
-0.4034611512908637,6765690,NC
-0.4134798525827432,6765691,NC
-0.4184985176297328,6765692,NC
-0.40351714642372827,6765693,NC
-0.39353573895664173,6765694,NC
-0.39855429522040065,6765695,NC
-0.39357281520694826,6765696,NC
-0.40859129890824386,6765697,NC
-0.4136097463162621,6765698,NC
-0.4036281574229936,6765699,NC
-0.38864653222044476,6765700,NC
-0.3936648707006377,6765701,NC
-0.3986831728556103,6765702,NC
-0.4037014386774162,6765703,NC
-0.41871966815812484,6765704,NC
-0.39873786128982136,6765705,NC
-0.38875601806460686,6765706,NC
-0.3937741384745981,6765707,NC
-0.3887922225119276,6765708,NC
-0.3938102701687437,6765709,NC
-0.4088282814372106,6765710,NC
-0.39384625630950826,6765711,NC
-0.3788641947778324,6765712,NC
-0.34888209683439464,6765713,NC
-0.34389996247142224,6765714,NC
-0.33891779168115843,6765715,NC
-0.29393558445586226,6765716,NC
-0.2639533407878085,6765717,NC
-0.18897106066928782,6765718,NC
-0.10898874409260667,6765719,NC
-0.03900639105008731,6765720,NC
0.005975998465932109,6765721,NC
0.04095842446309761,6765722,NC
0.05094088694903939,6765723,NC
0.04092338593137182,6765724,NC
-0.009094078582306583,6765725,NC
-0.11411150658441319,6765726,NC
-0.23412889806738119,6765727,NC
-0.30914625302365956,6765728,NC
-0.3191635714457133,6765729,NC
-0.22418085332602317,6765730,NC
-0.09919809865708569,6765731,NC
0.035784692568586504,6765732,NC
0.1407675203584651,6765733,NC
0.2507503847200059,6765734,NC
0.3257332856606485,6765735,NC
0.36071622318781726,6765736,NC
0.33569919730892006,6765737,L
0.23568220803134926,6765738,NC
0.10066525536248103,6765739,NC
-0.029351660690324112,6765740,NC
-0.15936854011972162,6765741,NC
-0.2593853829183829,6765742,NC
-0.36940218907899525,6765743,NC
-0.49941895859426183,6765744,NC
-0.6244356914569017,6765745,NC
-0.7244523876596498,6765746,NC
-0.7644690471952573,6765747,NC
-0.7694856700564908,6765748,NC
-0.7695022562361331,6765749,NC
-0.7645188057269829,6765750,NC
-0.764535318521855,6765751,NC
-0.7195517946135797,6765752,NC
-0.6645682339950034,6765753,NC
-0.6195846366589891,6765754,NC
-0.5696010025984145,6765755,NC
-0.5296173318061743,6765756,NC
-0.5246336242751787,6765757,NC
-0.49464987999835375,6765758,NC
-0.4796660989686419,6765759,NC
-0.4596822811790009,6765760,NC
-0.4646984266224052,6765761,NC
-0.45971453529184464,6765762,NC
-0.46473060718032533,6765763,NC
-0.46974664228086915,6765764,NC
-0.44476264058651416,6765765,NC
-0.4397786020903142,6765766,NC
-0.42479452678533935,6765767,NC
-0.43481041466467524,6765768,NC
-0.4448262657214239,6765769,NC
-0.4448420799487032,6765770,NC
-0.449857857339647,6765771,NC
-0.4198735978874051,6765772,NC
-0.4048893015851433,6765773,NC
-0.4149049684260435,6765774,NC
-0.42992059840330354,6765775,NC
-0.43493619151013735,6765776,NC
-0.4149517477397747,6765777,NC
-0.3849672670854615,6765778,NC
-0.38498274954045947,6765779,NC
-0.3849981950980467,6765780,NC
-0.3900136037515171,6765781,NC
-0.3900289754941806,6765782,NC
-0.370044310319363,6765783,NC
-0.35505960822040655,6765784,NC
-0.34007486919066915,6765785,NC
-0.34509009322352485,6765786,NC
-0.36010528031236383,6765787,NC
-0.3451204304505921,6765788,NC
-0.335135543631632,6765789,NC
-0.3151506198489216,6765790,NC
-0.3001656590959153,6765791,NC
-0.3051806613660834,6765792,NC
-0.3101956266529123,6765793,NC
-0.2952105549499044,6765794,NC
-0.2852254462505782,6765795,NC
-0.2602403005484683,6765796,NC
-0.2502551178371254,6765797,NC
-0.245269898110116,6765798,NC
-0.2552846413610231,6765799,NC
-0.2402993475834453,6765800,NC
-0.20531401677099773,6765801,NC
-0.19032864891731133,6765802,NC
-0.17034324401603312,6765803,NC
-0.16535780206082634,6765804,NC
-0.17037232304537026,6765805,NC
-0.15538680696336016,6765806,NC
-0.1204012538085075,6765807,NC
-0.11041566357453983,6765808,NC
-0.08543003625520078,6765809,NC
-0.0804443718442501,6765810,NC
-0.11045867033546364,6765811,NC
-0.08047293172263331,6765812,NC
-0.06548715599956718,6765813,NC
-0.030501343160089463,6765814,NC
-0.015515493198040381,6765815,NC
-0.0005296061072763841,6765816,NC
-0.010543681881669986,6765817,NC
-0.005557720515109804,6765818,NC
0.004428277998499375,6765819,NC
0.039414313665236636,6765820,NC
0.059400386491164955,6765821,NC
0.05438649648233118,6765822,NC
0.049372643644765984,6765823,NC
0.04435882798448394,6765824,NC
0.06434504950748345,6765825,NC
0.08933130821974682,6765826,NC
0.08431760412724018,6765827,NC
0.08430393723591348,6765828,NC
0.05929030755170055,6765829,NC
0.054276715080519095,6765830,NC
0.03426315982827058,6765831,NC
0.03924964180084041,6765832,NC
0.029236161004097747,6765833,NC
-0.005777282556104393,6765834,NC
-0.040790688873929115,6765835,NC
-0.08580405794355574,6765836,NC
-0.09581738975917972,6765837,NC
-0.09583068431501277,6765838,NC
-0.12084394160528268,6765839,NC
-0.16085716162423347,6765840,NC
-0.19087034436612535,6765841,NC
-0.24588348982523467,6765842,NC
-0.230896597995854,6765843,NC
-0.2309096688722921,6765844,NC
-0.23592270244887395,6765845,NC
-0.2559356987199407,6765846,NC
-0.2859486576798496,6765847,NC
-0.30096157932297424,6765848,NC
-0.3109744636437044,6765849,NC
-0.295987310636446,6765850,NC
-0.3060001202956212,6765851,NC
-0.32101289261566834,6765852,NC
-0.336025627591042,6765853,NC
-0.34603832521621297,6765854,NC
-0.34105098548566826,6765855,NC
-0.33106360839391114,6765856,NC
-0.33607619393546095,6765857,NC
-0.3410887421048534,6765858,NC
-0.35610125289664046,6765859,NC
-0.3611137263053902,6765860,NC
-0.3561261623256869,6765861,NC
-0.35613856095213126,6765862,NC
-0.34615092217934,6765863,NC
-0.3511632460019463,6765864,NC
-0.36617553241459944,6765865,NC
-0.38118778141196474,6765866,NC
-0.3611999929887244,6765867,NC
-0.3562121671395761,6765868,NC
-0.35122430385923425,6765869,NC
-0.36123640314242944,6765870,NC
-0.3712484649839083,6765871,NC
-0.37626048937843404,6765872,NC
-0.376272476320786,6765873,NC
-0.3662844258057596,6765874,NC
-0.34129633782816665,6765875,NC
-0.3563082123828354,6765876,NC
-0.36632004946461005,6765877,NC
-0.36633184906835137,6765878,NC
-0.36134361118893615,6765879,NC
-0.3563553358212576,6765880,NC
-0.35136702296022526,6765881,NC
-0.3663786726007648,6765882,NC
-0.37639028473781816,6765883,NC
-0.36640185936634384,6765884,NC
-0.3614133964813162,6765885,NC
-0.3464248960777262,6765886,NC
-0.351436358150581,6765887,NC
-0.356447782694904,6765888,NC
-0.37145916970573506,6765889,NC
-0.3764705191781301,6765890,NC
-0.3814818311071616,6765891,NC
-0.36649310548791814,6765892,NC
-0.35150434231550454,6765893,NC
-0.3565155415850422,6765894,NC
-0.3665267032916686,6765895,NC
-0.37653782743053754,6765896,NC
-0.37654891399681933,6765897,NC
-0.3665599629857005,6765898,NC
-0.35657097439238367,6765899,NC
-0.36658194821208806,6765900,NC
-0.391592884440049,6765901,NC
-0.39160378307151844,6765902,NC
-0.3916146441017644,6765903,NC
-0.3816254675260712,6765904,NC
-0.36163625333973964,6765905,NC
-0.35664700153808676,6765906,NC
-0.38165771211644595,6765907,NC
-0.396668385070167,6765908,NC
-0.3766790203946159,6765909,NC
-0.3616896180851752,6765910,NC
-0.37170017813724343,6765911,NC
-0.38171070054623585,6765912,NC
-0.3917211853075838,6765913,NC
-0.40173163241673515,6765914,NC
-0.3917420418691539,6765915,NC
-0.37675241366032053,6765916,NC
-0.376762747785732,6765917,NC
-0.38177304424090136,6765918,NC
-0.4067833030213582,6765919,NC
-0.4067935241226484,6765920,NC
-0.39680370754033417,6765921,NC
-0.3818138532699942,6765922,NC
-0.3718239613072234,6765923,NC
-0.38683403164763314,6765924,NC
-0.40684406428685116,6765925,NC
-0.42185405922052144,6765926,NC
-0.4168640164443045,6765927,NC
-0.38687393595387715,6765928,NC
-0.3868838177449326,6765929,NC
-0.3918936618131803,6765930,NC
-0.4069034681543464,6765931,NC
-0.4219132367641731,6765932,NC
-0.4369229676384191,6765933,NC
-0.41693266077285956,6765934,NC
-0.3969423161632859,6765935,NC
-0.40195193380550603,6765936,NC
-0.42696151369534424,6765937,NC
-0.40697105582864107,6765938,NC
-0.4069805602012536,6765939,NC
-0.38199002680905536,6765940,NC
-0.3719994556479361,6765941,NC
-0.3670088467138021,6765942,NC
-0.37201820000257585,6765943,NC
-0.38202751551019654,6765944,NC
-0.3670367932326196,6765945,NC
-0.35204603316581684,6765946,NC
-0.35705523530577643,6765947,NC
-0.3470643996485031,6765948,NC
-0.34707352619001797,6765949,NC
-0.3470826149263584,6765950,NC
-0.33709166585357836,6765951,NC
-0.3171006789677482,6765952,NC
-0.30710965426495457,6765953,NC
-0.31211859174130063,6765954,NC
-0.327127491392906,6765955,NC
-0.3371363532159066,6765956,NC
-0.3521451772064549,6765957,NC
-0.33715396336071973,6765958,NC
-0.3271627116748863,6765959,NC
-0.35717142214515646,6765960,NC
-0.3571800947677482,6765961,NC
-0.37218872953889603,6765962,NC
-0.37719732645485116,6765963,NC
-0.3672058855118809,6765964,NC
-0.37221440670626904,6765965,NC
-0.382222890034316,6765966,NC
-0.39723133549233847,6765967,NC
-0.41223974307666966,6765968,NC
-0.39724811278365924,6765969,NC
-0.39725644460967324,6765970,NC
-0.3922647385510942,6765971,NC
-0.40227299460432114,6765972,NC
-0.41728121276576946,6765973,NC
-0.41728939303187096,6765974,NC
-0.437297535399074,6765975,NC
-0.4173056398638435,6765976,NC
-0.4273137064226606,6765977,NC
-0.4373217350720229,6765978,NC
-0.44232972580844476,6765979,NC
-0.44233767862845663,6765980,NC
-0.42734559352860574,6765981,NC
-0.4323534705054555,6765982,NC
-0.43736130955558594,6765983,NC
-0.4473691106755936,6765984,NC
-0.45237687386209147,6765985,NC
-0.4623845991117088,6765986,NC
-0.45239228642109164,6765987,NC
-0.4373999357869023,6765988,NC
-0.44240754720581954,6765989,NC
-0.43741512067453875,6765990,NC
-0.45742265618977174,6765991,NC
-0.4674301537482467,6765992,NC
-0.4624376133467084,6765993,NC
-0.4624450349819181,6765994,NC
-0.4324524186506534,6765995,NC
-0.4474597643497087,6765996,NC
-0.45746707207589454,6765997,NC
-0.47247434182603804,6765998,NC
-0.45248157359698293,6765999,NC
-0.43748876738558934,6766000,NC
-0.43749592318873387,6766001,NC
-0.4475030410033098,6766002,NC
-0.47251012082622657,6766003,NC
-0.46751716265441035,6766004,NC
-0.4625241664848037,6766005,NC
-0.44253113231436586,6766006,NC
-0.43253806014007234,6766007,NC
-0.4425449499589153,6766008,NC
-0.45255180176790333,6766009,NC
-0.4575586155640615,6766010,NC
-0.4325653913444315,6766011,NC
-0.40257212910607143,6766012,NC
-0.38257882884605593,6766013,NC
-0.38258549056147606,6766014,NC
-0.35759211424943965,6766015,NC
-0.33259869990707064,6766016,NC
-0.2576052475315098,6766017,NC
-0.16261175711991432,6766018,NC
-0.07261822866945793,6766019,NC
-0.012624662177330784,6766020,NC
0.03236894235926038,6766021,NC
0.04236258494309232,6766022,NC
0.032356265576925225,6766023,NC
-0.0026500157364971466,6766024,NC
-0.10765625899444764,6766025,NC
-0.22766246419421557,6766026,NC
-0.32766863133310675,6766027,NC
-0.34767476040844364,6766028,NC
-0.2826808514175651,6766029,NC
-0.14768690435782655,6766030,NC
-0.007692919226599995,6766031,NC
0.1073011039787261,6766032,NC
0.1822951652607467,6766033,NC
0.19228926462204027,6766034,NC
0.17228340206516868,6766035,NC
0.12227757759267732,6766036,NC
0.017271791207095072,6766037,NC
-0.1177339570890658,6766038,NC
-0.25273966729330954,6766039,NC
-0.3777453394031568,6766040,NC
-0.4727509734161451,6766041,NC
-0.5577565693298281,6766042,NC
-0.6427621271417763,6766043,NC
-0.7227676468495765,6766044,NC
-0.7777731284508324,6766045,NC
-0.8277785719431638,6766046,NC
-0.8427839773242074,6766047,L
-0.8077893445916163,6766048,NC
-0.7777946737430602,6766049,NC
-0.7627999647762254,6766050,NC
-0.7278052176888143,6766051,NC
-0.7028104324785465,6766052,NC
-0.6628156091431578,6766053,NC
-0.6028207476804007,6766054,NC
-0.5678258480880441,6766055,NC
-0.5628309103638736,6766056,NC
-0.5628359345056911,6766057,NC
-0.5578409205113154,6766058,NC
-0.5478458683785817,6766059,NC
-0.5278507781053418,6766060,NC
-0.5078556496894637,6766061,NC
-0.5178604831288327,6766062,NC
-0.5328652784213501,6766063,NC
-0.5428700355649339,6766064,NC
-0.5228747545575184,6766065,NC
-0.517879435397055,6766066,NC
-0.49788407808151147,6766067,NC
-0.502888682608872,6766068,NC
-0.5178932489771373,6766069,NC
-0.5278977771843247,6766070,NC
-0.5029022672284685,6766071,NC
-0.482906719107619,6766072,NC
-0.4779111328198433,6766073,NC
-0.4929155083632251,6766074,NC
-0.5029198457358647,6766075,NC
-0.5129241449358788,6766076,NC
-0.49292840596140103,6766077,NC
-0.46293262881058106,6766078,NC
-0.45793681348158566,6766079,NC
-0.4629409599725978,6766080,NC
-0.4729450682818173,6766081,NC
-0.48794913840746035,6766082,NC
-0.47295317034775985,6766083,NC
-0.44295716410096514,6766084,NC
-0.43296111966534234,6766085,NC
-0.43296503703917405,6766086,NC
-0.44796891622075935,6766087,NC
-0.44297275720841406,6766088,NC
-0.4179765600004705,6766089,NC
-0.39798032459527755,6766090,NC
-0.38798405099120076,6766091,NC
-0.37298773918662226,6766092,NC
-0.37799138917994063,6766093,NC
-0.38799500096957124,6766094,NC
-0.3579985745539459,6766095,NC
-0.343002109931513,6766096,NC
-0.32300560710073756,6766097,NC
-0.30300906606010125,6766098,NC
-0.3080124868081023,6766099,NC
-0.3080158693432554,6766100,NC
-0.2830192136640921,6766101,NC
-0.2630225197691602,6766102,NC
-0.2480257876570244,6766103,NC
-0.2430290173262658,6766104,NC
-0.24303220877548218,6766105,NC
-0.2330353620032879,6766106,NC
-0.20803847700831385,6766107,NC
-0.19304155378920765,6766108,NC
-0.1680445923446334,6766109,NC
-0.16304759267327182,6766110,NC
-0.16305055477382027,6766111,NC
-0.16305347864499264,6766112,NC
-0.14305636428551952,6766113,NC
-0.11305921169414798,6766114,NC
-0.09306202086964177,6766115,NC
-0.0980647918107812,6766116,NC
-0.09306752451636323,6766117,NC
-0.08307021898520134,6766118,NC
-0.0730728752161257,6766119,NC
-0.04807549320798301,6766120,NC
-0.03807807295963661,6766121,NC
-0.03808061446996644,6766122,NC
-0.04808311773786906,6766123,NC
-0.04808558276225757,6766124,NC
-0.018088009542061745,6766125,NC
-0.01309039807622793,6766126,NC
-0.01809274836371909,6766127,NC
-0.013095060403514783,6766128,NC
-0.018097334194611167,6766129,NC
-0.023099569736021036,6766130,NC
-0.028101767026773763,6766131,NC
-0.028103926065915344,6766132,NC
-0.03310604685250836,6766133,NC
-0.05810812938563205,6766134,NC
-0.0881101736643822,6766135,NC
-0.10811217968787126,6766136,NC
-0.12311414745522824,6766137,NC
-0.1331160769655988,6766138,NC
-0.14811796821814519,6766139,NC
-0.18311982121204629,6766140,NC
-0.22812163594649754,6766141,NC
-0.253123412420711,6766142,NC
-0.2631251506339155,6766143,NC
-0.26812685058535624,6766144,NC
-0.29312851227429515,6766145,NC
-0.3131301357000108,6766146,NC
-0.34813172086179833,6766147,NC
-0.38313326775896944,6766148,NC
-0.3631347763908526,6766149,NC
-0.3581362467567928,6766150,NC
-0.35313767885615155,6766151,NC
-0.36813907268830715,6766152,NC
-0.3881404282526544,6766153,NC
-0.4081417455486047,6766154,NC
-0.40314302457558626,6766155,NC
-0.3981442653330436,6766156,NC
-0.3881454678204381,6766157,NC
-0.40314663203724765,6766158,NC
-0.4231477579829668,6766159,NC
-0.43314884565710654,6766160,NC
-0.4281498950591949,6766161,NC
-0.42315090618877604,6766162,NC
-0.393151879045411,6766163,NC
-0.4081528136286774,6766164,NC
-0.4181537099381695,6766165,NC
-0.43315456797349816,6766166,NC
-0.4131553877342908,6766167,NC
-0.3981561692201915,6766168,NC
-0.3931569124308609,6766169,NC
-0.40315761736597644,6766170,NC
-0.41315828402523197,6766171,NC
-0.4181589124083381,6766172,NC
-0.4131595025150219,6766173,NC
-0.39316005434502727,6766174,NC
-0.3831605678981146,6766175,NC
-0.4031610431740609,6766176,NC
-0.40816148017265974,6766177,NC
-0.4181618788937215,6766178,NC
-0.413162239337073,6766179,NC
-0.3981625615025578,6766180,NC
-0.393162845390036,6766181,NC
-0.3931630909993843,6766182,NC
-0.40316329833049613,6766183,NC
-0.4081634673832814,6766184,NC
-0.3981635981576668,6766185,NC
-0.38316369065359546,6766186,NC
-0.3781637448710272,6766187,NC
-0.3731637608099387,6766188,NC
-0.38816373847032276,6766189,NC
-0.40316367785218926,6766190,NC
-0.3881635789555644,6766191,NC
-0.3681634417804913,6766192,NC
-0.37316326632702923,6766193,NC
-0.3781630525952546,6766194,NC
-0.3881628005852602,6766195,NC
-0.3981625102971554,6766196,NC
-0.38316218173106614,6766197,NC
-0.3581618148871352,6766198,NC
-0.3681614097655218,6766199,NC
-0.37316096636640184,6766200,NC
-0.3731604846899679,6766201,NC
-0.37815996473642893,6766202,NC
-0.3781594065060109,6766203,NC
-0.3631588099989561,6766204,NC
-0.36315817521552346,6766205,NC
-0.36315750215598863,6766206,NC
-0.36815679082064384,6766207,NC
-0.38315604120979785,6766208,NC
-0.3881552533237763,6766209,NC
-0.3631544271629212,6766210,NC
-0.35315356272759113,6766211,NC
-0.36315266001816154,6766212,NC
-0.3681517190350243,6766213,NC
-0.373150739778588,6766214,NC
-0.3681497222492778,6766215,NC
-0.35814866644753546,6766216,NC
-0.3431475723738194,6766217,NC
-0.3531464400286046,6766218,NC
-0.36814526941238285,6766219,NC
-0.3781440605256622,6766220,NC
-0.36314281336896764,6766221,NC
-0.3581415279428406,6766222,NC
-0.34314020424783925,6766223,NC
-0.35813884228453824,6766224,NC
-0.36313744205352894,6766225,NC
-0.37813600355541915,6766226,NC
-0.37313452679083364,6766227,NC
-0.34813301176041356,6766228,NC
-0.33813145846481657,6766229,NC
-0.3481298669047172,6766230,NC
-0.3581282370808064,6766231,NC
-0.36312656899379175,6766232,NC
-0.3581248626443976,6766233,NC
-0.3531231180333647,6766234,NC
-0.3481213351614506,6766235,NC
-0.34311951402942936,6766236,NC
-0.35311765463809164,6766237,NC
-0.3531157569882448,6766238,NC
-0.34311382108071264,6766239,NC
-0.3231118469163358,6766240,NC
-0.3031098344959714,6766241,NC
-0.2981077838204932,6766242,NC
-0.31810569489079144,6766243,NC
-0.31810356770777315,6766244,NC
-0.3181014022723619,6766245,NC
-0.30809919858549784,6766246,NC
-0.28309695664813783,6766247,NC
-0.2830946764612552,6766248,NC
-0.29309235802584,6766249,NC
-0.29309000134289875,6766250,NC
-0.27308760641345475,6766251,NC
-0.24808517323854784,6766252,NC
-0.24808270181923434,6766253,NC
-0.25308019215658734,6766254,NC
-0.26307764425169644,6766255,NC
-0.28307505810566796,6766256,NC
-0.28807243371962465,6766257,NC
-0.283069771094706,6766258,NC
-0.27806707023206806,6766259,NC
-0.2780643311328834,6766260,NC
-0.30306155379834143,6766261,NC
-0.3230587382296478,6766262,NC
-0.3080558844280251,6766263,NC
-0.2980529923947124,6766264,NC
-0.2980500621309652,6766265,NC
-0.31804709363805594,6766266,NC
-0.32804408691727327,6766267,NC
-0.3430410419699228,6766268,NC
-0.33803795879732645,6766269,NC
-0.3280348374008229,6766270,NC
-0.32303167778176745,6766271,NC
-0.33802847994153185,6766272,NC
-0.35802524388150453,6766273,NC
-0.3730219696030905,6766274,NC
-0.3630186571077114,6766275,NC
-0.34801530639680545,6766276,NC
-0.3480119174718274,6766277,NC
-0.3530084903342487,6766278,NC
-0.3730050249855572,6766279,NC
-0.39300152142725764,6766280,NC
-0.38299797966087107,6766281,NC
-0.37799439968793525,6766282,NC
-0.3579907815100046,6766283,NC
-0.36798712512864984,6766284,NC
-0.3779834305454587,6766285,NC
-0.41797969776203514,6766286,NC
-0.39797592677999993,6766287,NC
-0.39797211760099027,6766288,NC
-0.36796827022666007,6766289,NC
-0.3779643846586797,6766290,NC
-0.4029604608987363,6766291,NC
-0.39795649894853324,6766292,NC
-0.38795249880979094,6766293,NC
-0.387948460484246,6766294,NC
-0.3829443839736519,6766295,NC
-0.3879402692797784,6766296,NC
-0.4029361164044122,6766297,NC
-0.4179319253493562,6766298,NC
-0.4129276961164301,6766299,NC
-0.3929234287074701,6766300,NC
-0.37791912312432907,6766301,NC
-0.3829147793688764,6766302,NC
-0.392910397442998,6766303,NC
-0.4079059773485964,6766304,NC
-0.3929015190875907,6766305,NC
-0.3928970226619165,6766306,NC
-0.38789248807352616,6766307,NC
-0.3978879153243884,6766308,NC
-0.3978833044164886,6766309,NC
-0.40787865535182877,6766310,NC
-0.3928739681324273,6766311,NC
-0.37786924276031936,6766312,NC
-0.3678644792375566,6766313,NC
-0.38285967756620715,6766314,NC
-0.38785483774835583,6766315,NC
-0.3878499597861039,6766316,NC
-0.36284504368156945,6766317,NC
-0.34284008943688665,6766318,NC
-0.33283509705420666,6766319,NC
-0.3078300665356971,6766320,NC
-0.317824997883542,6766321,NC
-0.2928198910999421,6766322,NC
-0.2628147461871146,6766323,NC
-0.1978095631472933,6766324,NC
-0.11780434198272856,6766325,NC
-0.05279908269568728,6766326,NC
0.0022062147115470693,6766327,NC
0.03721155023667452,6766328,NC
0.057216923877378506,6766329,NC
0.09722233563132593,6766330,NC
0.08722778549616711,6766331,NC
0.03223327346953589,6766332,NC
-0.05276120045095048,6766333,NC
-0.15775563626769132,6766334,NC
-0.22775003398310245,6766335,NC
-0.22774439359961618,6766336,NC
-0.1877387151196815,6766337,NC
-0.09773299854576385,6766338,NC
-0.012727243880345213,6766339,NC
0.08727854887407586,6766340,NC
0.1972843797149843,6766341,NC
0.2972902486398486,6766342,NC
0.36729615564612045,6766343,NC
0.36230210073123525,6766344,NC
0.3273080838926118,6766345,L
0.22731410512765238,6766346,NC
0.11232016443374271,6766347,NC
0.04732626180825193,6766348,NC
-0.02766760275146725,6766349,NC
-0.1276614292480787,6766350,NC
-0.21765521768426277,6766351,NC
-0.3276489680627164,6766352,NC
-0.4026426803861529,6766353,NC
-0.4876363546573025,6766354,NC
-0.5576299908789114,6766355,NC
-0.6126235890537427,6766356,NC
-0.6576171491845759,6766357,NC
-0.6776106712742072,6766358,NC
-0.6726041553254488,6766359,NC
-0.6475976013411302,6766360,NC
-0.6075910093240965,6766361,NC
-0.5775843792772101,6766362,NC
-0.5325777112033495,6766363,NC
-0.50257100510541,6766364,NC
-0.4725642609863029,6766365,NC
-0.4425574788489566,6766366,NC
-0.4225506586963156,6766367,NC
-0.41754380053134105,6766368,NC
-0.4425369043570106,6766369,NC
-0.43752997017631845,6766370,NC
-0.44752299799227524,6766371,NC
-0.41751598780790816,6766372,NC
-0.3925089396262607,6766373,NC
-0.40250185345039313,6766374,NC
-0.4024947292833821,6766375,NC
-0.4174875671283207,6766376,NC
-0.4174803669883186,6766377,NC
-0.3974731288665018,6766378,NC
-0.3874658527660131,6766379,NC
-0.3924585386900115,6766380,NC
-0.4024511866416726,6766381,NC
-0.4124437966241885,6766382,NC
-0.40243636864076776,6766383,NC
-0.37242890269463536,6766384,NC
-0.3724213987890329,6766385,NC
-0.3874138569272184,6766386,NC
-0.38240627711246633,6766387,NC
-0.38239865934806766,6766388,NC
-0.3773910036373298,6766389,NC
-0.36238330998357676,6766390,NC
-0.34237557839014876,6766391,NC
-0.35236780886040286,6766392,NC
-0.3523600013977123,6766393,NC
-0.35235215600546693,6766394,NC
-0.34734427268707296,6766395,NC
-0.3373363514459532,6766396,NC
-0.3223283922855468,6766397,NC
-0.3223203952093095,6766398,NC
-0.3123123602207134,6766399,NC
-0.30730428732324705,6766400,NC
-0.30229617652041557,6766401,NC
-0.2872880278157404,6766402,NC
-0.2772798412127596,6766403,NC
-0.2622716167150275,6766404,NC
-0.26226335432611503,6766405,NC
-0.2522550540496095,6766406,NC
-0.23224671588911466,6766407,NC
-0.2172383398482508,6766408,NC
-0.1922299259306545,6766409,NC
-0.18222147413997894,6766410,NC
-0.18721298447989365,6766411,NC
-0.19720445695408464,6766412,NC
-0.17219589156625437,6766413,NC
-0.1571872883201217,6766414,NC
-0.1371786472194219,6766415,NC
-0.12716996826790686,6766416,NC
-0.1221612514693446,6766417,NC
-0.12215249682751984,6766418,NC
-0.1171437043462336,6766419,NC
-0.08713487402930337,6766420,NC
-0.07212600588056305,6766421,NC
-0.06211709990386296,6766422,NC
-0.06710815610306987,6766423,NC
-0.06709917448206695,6766424,NC
-0.05209015504475381,6766425,NC
-0.037081097795046467,6766426,NC
-0.0020720027368773125,6766427,NC
-0.007062869874195243,6766428,NC
-0.017053699210965514,6766429,NC
-0.01704449075116979,6766430,NC
-0.017035244498806154,6766431,NC
0.007974039542110886,6766432,NC
0.03298336136755041,6766433,NC
0.04299272097346518,6766434,NC
0.04800211835579142,6766435,NC
0.04801155351044904,6766436,NC
0.05302102643334154,6766437,NC
0.06803053712035599,6766438,NC
0.0730400855673631,6766439,NC
0.05304967177021719,6766440,NC
0.038059295724756095,6766441,NC
0.01806895742680141,6766442,NC
0.028078656872158228,6766443,NC
0.03308839405661529,6766444,NC
0.03309816897594495,6766445,NC
-0.006892018374096795,6766446,NC
-0.02688216799777038,6766447,NC
-0.051872279899352586,6766448,NC
-0.0718623540831366,6766449,NC
-0.08185239055343195,6766450,NC
-0.08684238931456455,6766451,NC
-0.1168323503708767,6766452,NC
-0.14682227372672707,6766453,NC
-0.1718121593864907,6766454,NC
-0.1918020073545589,6766455,NC
-0.20679181763533955,6766456,NC
-0.1917815902332567,6766457,NC
-0.21677132515275083,6766458,NC
-0.24176102239827885,6766459,NC
-0.25675068197431394,6766460,NC
-0.2567403038853456,6766461,NC
-0.24172988813587976,6766462,NC
-0.2567194347304388,6766463,NC
-0.2667089436735611,6766464,NC
-0.2916984149698018,6766465,NC
-0.3066878486237322,6766466,NC
-0.30667724463993984,6766467,NC
-0.2916666030230288,6766468,NC
-0.30165592377761935,6766469,NC
-0.3016452069083482,6766470,NC
-0.3116344524198683,6766471,NC
-0.316623660316849,6766472,NC
-0.30661283060397604,6766473,NC
-0.29160196328595134,6766474,NC
-0.2815910583674932,6766475,NC
-0.29658011585333627,6766476,NC
-0.3065691357482316,6766477,NC
-0.33155811805694635,6766478,NC
-0.33154706278426427,6766479,NC
-0.31653596993498523,6766480,NC
-0.30152483951392545,6766481,NC
-0.3165136715259175,6766482,NC
-0.33150246597581023,6766483,NC
-0.3214912228684688,6766484,NC
-0.33647994220877475,6766485,NC
-0.33646862400162586,6766486,NC
-0.30145726825193614,6766487,NC
-0.31144587496463605,6766488,NC
-0.3114344441446722,6766489,NC
-0.3214229757970076,6766490,NC
-0.33141146992662157,6766491,NC
-0.3113999265385097,6766492,NC
-0.3013883456376837,6766493,NC
-0.29637672722917185,6766494,NC
-0.3113650713180185,6766495,NC
-0.3313533779092843,6766496,NC
-0.30134164700804644,6766497,NC
-0.27132987861939806,6766498,NC
-0.27131807274844866,6766499,NC
-0.2713062294003241,6766500,NC
-0.30129434858016657,6766501,NC
-0.3112824302931343,6766502,NC
-0.3062704745444019,6766503,NC
-0.30125848133916033,6766504,NC
-0.3062464506826168,6766505,NC
-0.3212343825799946,6766506,NC
-0.3562222770365334,6766507,NC
-0.35621013405748925,6766508,NC
-0.3611979536481343,6766509,NC
-0.3511857358137569,6766510,NC
-0.33617348055966173,6766511,NC
-0.3311611878911698,6766512,NC
-0.33114885781361825,6766513,NC
-0.3461364903323605,6766514,NC
-0.3261240854527662,6766515,NC
-0.32111164318022123,6766516,NC
-0.32109916352012774,6766517,NC
-0.3310866464779041,6766518,NC
-0.3560740920589849,6766519,NC
-0.3660615002688209,6766520,NC
-0.3560488711128792,6766521,NC
-0.326036204596643,6766522,NC
-0.32602350072561187,6766523,NC
-0.3210107595053015,6766524,NC
-0.32599798094124377,6766525,NC
-0.3459851650389869,6766526,NC
-0.33597231180409515,6766527,NC
-0.3409594212421491,6766528,NC
-0.3409464933587456,6766529,NC
-0.33593352815949745,6766530,NC
-0.36092052565003396,6766531,NC
-0.35590748583600046,6766532,NC
-0.37089440872305846,6766533,NC
-0.3608812943168858,6766534,NC
-0.3458681426231764,6766535,NC
-0.34585495364764035,6766536,NC
-0.35084172739600405,6766537,NC
-0.36582846387401,6766538,NC
-0.3558151630874169,6766539,NC
-0.3558018250419996,6766540,NC
-0.34078844974354905,6766541,NC
-0.3457750371978727,6766542,NC
-0.3507615874107938,6766543,NC
-0.3557481003881519,6766544,NC
-0.3507345761358028,6766545,NC
-0.32072101465961833,6766546,NC
-0.3207074159654866,6766547,NC
-0.33569378005931183,6766548,NC
-0.35568010694701435,6766549,NC
-0.36566639663453077,6766550,NC
-0.3706526491278136,6766551,NC
-0.34063886443283187,6766552,NC
-0.33562504255557046,6766553,NC
-0.3456111835020305,6766554,NC
-0.36059728727822926,6766555,NC
-0.3505833538902,6766556,NC
-0.34056938334399245,6766557,NC
-0.3305553756456722,6766558,NC
-0.34054133080132104,6766559,NC
-0.3555272488170369,6766560,NC
-0.3705131296989338,6766561,NC
-0.390498973453142,6766562,NC
-0.35048478008580775,6766563,NC
-0.3404705496030933,6766564,NC
-0.32045628201117743,6766565,NC
-0.3204419773162546,6766566,NC
-0.3154276355245357,6766567,NC
-0.31541325664224745,6766568,NC
-0.30539884067563283,6766569,NC
-0.285384387630951,6766570,NC
-0.270369897514477,6766571,NC
-0.2553553703325021,6766572,NC
-0.24534080609133363,6766573,NC
-0.25032620479729506,6766574,NC
-0.26531156645672593,6766575,NC
-0.25029689107598185,6766576,NC
-0.21528217866143443,6766577,NC
-0.2152674292194715,6766578,NC
-0.22525264275649692,6766579,NC
-0.24523781927893054,6766580,NC
-0.22522295879320842,6766581,NC
-0.20020806130578256,6766582,NC
-0.19519312682312107,6766583,NC
-0.2501781553517082,6766584,NC
-0.34516314689804417,6766585,NC
-0.4051481014686452,6766586,NC
-0.44513301907004377,6766587,NC
-0.4551178997087882,6766588,NC
-0.44510274339144296,6766589,NC
-0.4450875501245886,6766590,NC
-0.42007231991482163,6766591,NC
-0.4350570527687546,6766592,NC
-0.4150417486930162,6766593,NC
-0.3950264076942509,6766594,NC
-0.3850110297791196,6766595,NC
-0.4049956149542989,6766596,NC
-0.40998016322648156,6766597,NC
-0.43496467460237637,6766598,NC
-0.434949149088708,6766599,NC
-0.4199335866922175,6766600,NC
-0.39491798741966133,6766601,NC
-0.3899023512778125,6766602,NC
-0.3998866782734598,6766603,NC
-0.39987096841340813,6766604,NC
-0.40485522170447824,6766605,NC
-0.404839438153507,6766606,NC
-0.3848236177673472,6766607,NC
-0.38480776055286775,6766608,NC
-0.4147918665169534,6766609,NC
-0.4247759356665049,6766610,NC
-0.4297599680084391,6766611,NC
-0.4097439635496888,6766612,NC
-0.38972792229720254,6766613,NC
-0.37971184425794524,6766614,NC
-0.4096957294388976,6766615,NC
-0.41467957784705617,6766616,NC
-0.4046633894894336,6766617,NC
-0.39464716437305847,6766618,NC
-0.38463090250497534,6766619,NC
-0.3996146038922447,6766620,NC
-0.42459826854194305,6766621,NC
-0.41958189646116273,6766622,NC
-0.40956548765701206,6766623,NC
-0.38454904213661545,6766624,NC
-0.4045325599071131,6766625,NC
-0.4595160409756611,6766626,NC
-0.4894994853494318,6766627,NC
-0.4944828930356129,6766628,NC
-0.46446626404140867,6766629,NC
-0.42944959837403884,6766630,NC
-0.4094328960407393,6766631,NC
-0.4144161570487618,6766632,NC
-0.4193993814053739,6766633,NC
-0.4343825691178593,6766634,NC
-0.42436572019351737,6766635,NC
-0.3993488346396636,6766636,NC
-0.3793319124636292,6766637,NC
-0.37431495367276135,6766638,NC
-0.36929795827442324,6766639,NC
-0.32428092627599375,6766640,NC
-0.2542638576848678,6766641,NC
-0.17924675250845618,6766642,NC
-0.08922961075418545,6766643,NC
-0.01921243242949819,6766644,NC
0.05080478245814722,6766645,NC
0.09082203390127644,6766646,NC
0.1508393218923994,6766647,NC
0.19085664642401,6766648,NC
0.15587400748858643,6766649,NC
0.030891405078590936,6766650,NC
-0.14409116081353018,6766651,NC
-0.2590736901953462,6766652,NC
-0.2740561830744426,6766653,NC
-0.1690386394584205,6766654,NC
-0.019021059354896827,6766655,NC
0.1459965572284955,6766656,NC
0.2760142102841078,6766657,NC
0.3560318998042755,6766658,NC
0.41604962578131843,6766659,NC
0.4260673882075402,6766660,NC
0.40108518707522894,6766661,L
0.3161030223766568,6766662,NC
0.17612089410408005,6766663,NC
0.05113880224973934,6766664,NC
-0.0388432531941407,6766665,NC
-0.1038252722353511,6766666,NC
-0.1838072548816988,6766667,NC
-0.2687892011410064,6766668,NC
-0.4087711110211125,6766669,NC
-0.5437529845298713,6766670,NC
-0.6637348216751527,6766671,NC
-0.713716622464843,6766672,NC
-0.7386983869068436,6766673,NC
-0.763680115009072,6766674,NC
-0.7586618067794612,6766675,NC
-0.7486434622259602,6766676,NC
-0.7036250813565341,6766677,NC
-0.6386066641791631,6766678,NC
-0.5885882107018436,6766679,NC
-0.5585697209325876,6766680,NC
-0.558551194879423,6766681,NC
-0.5385326325503932,6766682,NC
-0.5235140339535576,6766683,NC
-0.5534953990969912,6766684,NC
-0.5534767279887849,6766685,NC
-0.5334580206370452,6766686,NC
-0.5134392770498942,6766687,NC
-0.4634204972354702,6766688,NC
-0.41340168120192666,6766689,NC
-0.40838282895743316,6766690,NC
-0.4283639405101748,6766691,NC
-0.5083450158683527,6766692,NC
-0.5733260550401832,6766693,NC
-0.5683070580338987,6766694,NC
-0.5382880248577473,6766695,NC
-0.4982689555199928,6766696,NC
-0.45824985002891444,6766697,NC
-0.4432307083928075,6766698,NC
-0.46321153061998277,6766699,NC
-0.4981923167187666,6766700,NC
-0.5131730666975015,6766701,NC
-0.5031537805645452,6766702,NC
-0.47813445832827123,6766703,NC
-0.4681150999970688,6766704,NC
-0.4830957055793429,6766705,NC
-0.48807627508351414,6766706,NC
-0.4880568085180187,6766707,NC
-0.44803730589130836,6766708,NC
-0.44301776721185093,6766709,NC
-0.44299819248812944,6766710,NC
-0.44797858172864286,6766711,NC
-0.4479589349419056,6766712,NC
-0.42793925213644785,6766713,NC
-0.4029195333208154,6766714,NC
-0.3878997785035697,6766715,NC
-0.4028799876932878,6766716,NC
-0.39786016089856235,6766717,NC
-0.3978402981280017,6766718,NC
-0.38282039939022966,6766719,NC
-0.36280046469388594,6766720,NC
-0.3377804940476255,6766721,NC
-0.32276048746011926,6766722,NC
-0.3277404449400535,6766723,NC
-0.3177203664961302,6766724,NC
-0.3127002521370671,6766725,NC
-0.30268010187159705,6766726,NC
-0.272659915708469,6766727,NC
-0.2676396936564472,6766728,NC
-0.2826194357243116,6766729,NC
-0.3025991419208577,6766730,NC
-0.29257881225489657,6766731,NC
-0.2525584467352548,6766732,NC
-0.19753804537077466,6766733,NC
-0.18751760817031388,6766734,NC
-0.1974971351427458,6766735,NC
-0.23747662629695931,6766736,NC
-0.23245608164185882,6766737,NC
-0.2074355011863644,6766738,NC
-0.17241488493941143,6766739,NC
-0.17239423290995107,6766740,NC
-0.1523735451069499,6766741,NC
-0.15735282153939004,6766742,NC
-0.12733206221626914,6766743,NC
-0.10731126714660044,6766744,NC
-0.07729043633941263,6766745,NC
-0.08226956980374991,6766746,NC
-0.10224866754867205,6766747,NC
-0.11722772958325423,6766748,NC
-0.11220675591658723,6766749,NC
-0.08218574655777729,6766750,NC
-0.04216470151594617,6766751,NC
-0.02714362080023109,6766752,NC
-0.027122504419784817,6766753,NC
-0.04210135238377553,6766754,NC
-0.0670801647013869,6766755,NC
-0.07705894138181814,6766756,NC
-0.06703768243428389,6766757,NC
-0.062016387868014194,6766758,NC
-0.06699505769225468,6766759,NC
-0.0969736919162664,6766760,NC
-0.11195229054932579,6766761,NC
-0.14693085360072483,6766762,NC
-0.16190938107977093,6766763,NC
-0.1818878729957869,6766764,NC
-0.20686632935811106,6766765,NC
-0.23684475017609705,6766766,NC
-0.2718231354591141,6766767,NC
-0.3118014852165467,6766768,NC
-0.31177979945779494,6766769,NC
-0.2967580781922742,6766770,NC
-0.28673632142941524,6766771,NC
-0.3017145291786644,6766772,NC
-0.32169270144948336,6766773,NC
-0.35167083825134915,6766774,NC
-0.35664893959375427,6766775,NC
-0.3666270054862064,6766776,NC
-0.38160503593822903,6766777,NC
-0.39158303095936065,6766778,NC
-0.41156099055915535,6766779,NC
-0.4215389147471824,6766780,NC
-0.4115168035330267,6766781,NC
-0.41649465692628834,6766782,NC
-0.4014724749365829,6766783,NC
-0.41645025757354115,6766784,NC
-0.4264280048468093,6766785,NC
-0.4414057167660491,6766786,NC
-0.4163833933409374,6766787,NC
-0.4313610345811663,6766788,NC
-0.4313386404964437,6766789,NC
-0.43631621109649243,6766790,NC
-0.46629374639105087,6766791,NC
-0.4462712463898725,6766792,NC
-0.4162487111027263,6766793,NC
-0.4062261405393966,6766794,NC
-0.40120353470968295,6766795,NC
-0.4211808936234003,6766796,NC
-0.41115821729037866,6766797,NC
-0.4011355057204637,6766798,NC
-0.40611275892351617,6766799,NC
-0.4010899769094122,6766800,NC
-0.3910671596880432,6766801,NC
-0.41604430726931574,6766802,NC
-0.4460214196631519,6766803,NC
-0.4359984968794888,6766804,NC
-0.430975538928279,6766805,NC
-0.41595254581949037,6766806,NC
-0.43092951756310577,6766807,NC
-0.4309064541691236,6766808,NC
-0.41588335564755746,6766809,NC
-0.410860222008436,6766810,NC
-0.4008370532618034,6766811,NC
-0.43081384941771894,6766812,NC
-0.4507906104862572,6766813,NC
-0.46576733647750784,6766814,NC
-0.4357440274015759,6766815,NC
-0.4357206832685817,6766816,NC
-0.43569730408866053,6766817,NC
-0.46067388987196317,6766818,NC
-0.44565044062865544,6766819,NC
-0.4606269563689185,6766820,NC
-0.4506034371029485,6766821,NC
-0.43057988284095694,6766822,NC
-0.44055629359317067,6766823,NC
-0.4405326693698314,6766824,NC
-0.4505090101811962,6766825,NC
-0.4654853160375374,6766826,NC
-0.4504615869491423,6766827,NC
-0.4204378229263136,6766828,NC
-0.39041402397936886,6766829,NC
-0.4103901901186412,6766830,NC
-0.44536632135447857,6766831,NC
-0.46534241769724427,6766832,NC
-0.4653184791573166,6766833,NC
-0.45029450574508917,6766834,NC
-0.43027049747097057,6766835,NC
-0.42524645434538466,6766836,NC
-0.4652223763787704,6766837,NC
-0.4901982635815817,6766838,NC
-0.5001741159642878,6766839,NC
-0.4851499335373732,6766840,NC
-0.470125716311337,6766841,NC
-0.4701014642966939,6766842,NC
-0.4600771775039735,6766843,NC
-0.47505285594372054,6766844,NC
-0.4700284996264948,6766845,NC
-0.45500410856287116,6766846,NC
-0.4449796827634397,6766847,NC
-0.4749552222388055,6766848,NC
-0.4749307269995886,6766849,NC
-0.4949061970564243,6766850,NC
-0.484881632419963,6766851,NC
-0.46485703310086995,6766852,NC
-0.45483239910982554,6766853,NC
-0.45480773045752526,6766854,NC
-0.45978302715467967,6766855,NC
-0.48475828921201436,6766856,NC
-0.47973351664026986,6766857,NC
-0.46470870945020176,6766858,NC
-0.45968386765258085,6766859,NC
-0.4446589912581928,6766860,NC
-0.4496340802778383,6766861,NC
-0.46960913472233307,6766862,NC
-0.4695841546025079,6766863,NC
-0.4745591399292085,6766864,NC
-0.4895340907132956,6766865,NC
-0.48950900696564503,6766866,NC
-0.4894838886971475,6766867,NC
-0.4894587359187087,6766868,NC
-0.48443354864124943,6766869,NC
-0.45940832687570526,6766870,NC
-0.43938307063302695,6766871,NC
-0.41935777992418016,6766872,NC
-0.43933245476014543,6766873,NC
-0.4593070951519183,6766874,NC
-0.46428170111050937,6766875,NC
-0.459256272646944,6766876,NC
-0.44423080977226265,6766877,NC
-0.4492053124975207,6766878,NC
-0.44417978083378845,6766879,NC
-0.45415421479215107,6766880,NC
-0.42912861438370875,6766881,NC
-0.39910297961957647,6766882,NC
-0.4140773105108843,6766883,NC
-0.41405160706877714,6766884,NC
-0.4440258693044147,6766885,NC
-0.43900009722897165,6766886,NC
-0.4189742908536378,6766887,NC
-0.39394845018961744,6766888,NC
-0.37392257524813,6766889,NC
-0.36889666604040977,6766890,NC
-0.3838707225777059,6766891,NC
-0.4138447448712824,6766892,NC
-0.443818732932418,6766893,NC
-0.4687926867724067,6766894,NC
-0.483766606402557,6766895,NC
-0.4637404918341922,6766896,NC
-0.4537143430786508,6766897,NC
-0.45868816014728575,6766898,NC
-0.47366194305146525,6766899,NC
-0.478635691802572,6766900,NC
-0.4986094064120036,6766901,NC
-0.4985830868911726,6766902,NC
-0.49855673325150623,6766903,NC
-0.5235303455044467,6766904,NC
-0.5035039236614507,6766905,NC
-0.4684774677339902,6766906,NC
-0.45845097773355153,6766907,NC
-0.45842445367163603,6766908,NC
-0.4883978955597598,6766909,NC
-0.5183713034094538,6766910,NC
-0.5133446772322636,6766911,NC
-0.5083180170397497,6766912,NC
-0.5032913228434871,6766913,NC
-0.49826459465506595,6766914,NC
-0.49823783248609094,6766915,NC
-0.5082110363481815,6766916,NC
-0.4781842062529719,6766917,NC
-0.47815734221211104,6766918,NC
-0.48813044423726265,6766919,NC
-0.5181035123401052,6766920,NC
-0.5480765465323318,6766921,NC
-0.5630495468256504,6766922,NC
-0.5430225132317837,6766923,NC
-0.5429954457624688,6766924,NC
-0.5229683444294578,6766925,NC
-0.5429412092445174,6766926,NC
-0.5529140402194291,6766927,NC
-0.5778868373659891,6766928,NC
-0.5628596006960079,6766929,NC
-0.5378323302213115,6766930,NC
-0.5228050259537395,6766931,NC
-0.5177776879051471,6766932,NC
-0.5227503160874036,6766933,NC
-0.5327229105123934,6766934,NC
-0.5426954711920151,6766935,NC
-0.5326679981381823,6766936,NC
-0.5326404913628231,6766937,NC
-0.5376129508778803,6766938,NC
-0.5175853766953111,6766939,NC
-0.5225577688270879,6766940,NC
-0.507530127285197,6766941,NC
-0.5075024520816399,6766942,NC
-0.49247474322843227,6766943,NC
-0.5024470007376048,6766944,NC
-0.5174192246212026,6766945,NC
-0.5323914148912852,6766946,NC
-0.547363571559927,6766947,NC
-0.552335694639217,6766948,NC
-0.5473077841412584,6766949,NC
-0.5272798400781696,6766950,NC
-0.5122518624620829,6766951,NC
-0.5022238513051457,6766952,NC
-0.46719580661951965,6766953,NC
-0.42716772841738104,6766954,NC
-0.37713961671092083,6766955,NC
-0.30711147151234436,6766956,NC
-0.2420832928338716,6766957,NC
-0.18205508068773701,6766958,NC
-0.10202683508618968,6766959,NC
-0.036998556041493054,6766960,NC
-0.0019702435659252893,6766961,NC
0.013058102328221119,6766962,NC
-0.01191351837136094,6766963,NC
-0.06688510567699307,6766964,NC
-0.13185665960101137,6766965,NC
-0.19182818015576641,6766966,NC
-0.20179966735362326,6766967,NC
-0.16677112120696147,6766968,NC
-0.11674254172817514,6766969,NC
-0.04171392892967267,6766970,NC
0.07331471717612288,6766971,NC
0.2033433965767742,6766972,NC
0.30337210925982927,6766973,NC
0.35340085521282183,6766974,NC
0.33342963442327106,6766975,L
0.2584584468786818,6766976,NC
0.17348729256654427,6766977,NC
0.06351617147433453,6766978,NC
-0.03645491641048607,6766979,NC
-0.18142597110047032,6766980,NC
-0.30139699260818564,6766981,NC
-0.45136798094621383,6766982,NC
-0.5613389361271509,6766983,NC
-0.6613098581636074,6766984,NC
-0.7412807470682085,6766985,NC
-0.7962516028535931,6766986,NC
-0.8312224255324153,6766987,NC
-0.8661932151173429,6766988,NC
-0.8611639716210586,6766989,NC
-0.831134695056259,6766990,NC
-0.7861053854356552,6766991,NC
-0.741076042771973,6766992,NC
-0.7260466670779521,6766993,NC
-0.6910172583663465,6766994,NC
-0.660987816649925,6766995,NC
-0.6209583419414705,6766996,NC
-0.60592883425378,6766997,NC
-0.5908992935996651,6766998,NC
-0.6108697199919516,6766999,NC
-0.6108401134434797,6767000,NC
-0.5958104739671037,6767001,NC
-0.5957808015756925,6767002,NC
-0.5607510962821289,6767003,NC
-0.5457213580993104,6767004,NC
-0.5656915870401485,6767005,NC
-0.5856617831175691,6767006,NC
-0.5806319463445123,6767007,NC
-0.5606020767339325,6767008,NC
-0.5455721742987982,6767009,NC
-0.5455422390520925,6767010,NC
-0.5805122710068127,6767011,NC
-0.5904822701759698,6767012,NC
-0.5904522365725895,6767013,NC
-0.5654221702097119,6767014,NC
-0.5503920711003907,6767015,NC
-0.5653619392576945,6767016,NC
-0.5903317746947058,6767017,NC
-0.560301577424521,6767018,NC
-0.5452713474602514,6767019,NC
-0.5302410848150219,6767020,NC
-0.5102107895019717,6767021,NC
-0.5101804615342544,6767022,NC
-0.5201501009250378,6767023,NC
-0.5201197076875034,6767024,NC
-0.5200892818348475,6767025,NC
-0.50505882338028,6767026,NC
-0.48002833233702535,6767027,NC
-0.479997808718322,6767028,NC
-0.48996725253742246,6767029,NC
-0.5049366638075936,6767030,NC
-0.4849060425421163,6767031,NC
-0.4698753887542855,6767032,NC
-0.43984470245741014,6767033,NC
-0.41481398366481376,6767034,NC
-0.4197832323898335,6767035,NC
-0.43475244864582085,6767036,NC
-0.4197216324461414,6767037,NC
-0.3946907838041748,6767038,NC
-0.36465990273331467,6767039,NC
-0.3646289892469689,6767040,NC
-0.3495980433585593,6767041,NC
-0.35956706508152175,6767042,NC
-0.33453605442930645,6767043,NC
-0.32450501141537724,6767044,NC
-0.29447393605321237,6767045,NC
-0.2794428283563039,6767046,NC
-0.26441168833815815,6767047,NC
-0.2743805160122953,6767048,NC
-0.25934931139224954,6767049,NC
-0.2293180744915692,6767050,NC
-0.20428680532381654,6767051,NC
-0.1792555039025679,6767052,NC
-0.18922417024141353,6767053,NC
-0.18419280435395774,6767054,NC
-0.17916140625381888,6767055,NC
-0.1541299759546292,6767056,NC
-0.13409851347003493,6767057,NC
-0.11406701881369635,6767058,NC
-0.12403549199928766,6767059,NC
-0.15400393304049698,6767060,NC
-0.12897234195102644,6767061,NC
-0.11894071874459212,6767062,NC
-0.07390906343492405,6767063,NC
-0.06887737603576617,6767064,NC
-0.07384565656087638,6767065,NC
-0.09381390502402648,6767066,NC
-0.08378212143900224,6767067,NC
-0.08375030581960323,6767068,NC
-0.0787184581796431,6767069,NC
-0.10868657853294922,6767070,NC
-0.15365466689336296,6767071,NC
-0.1836227232747396,6767072,NC
-0.20859074769094826,6767073,NC
-0.22355874015587196,6767074,NC
-0.21852670068340754,6767075,NC
-0.2484946292874658,6767076,NC
-0.28846252598197136,6767077,NC
-0.30343039078086265,6767078,NC
-0.33839822369809197,6767079,NC
-0.34336602474762545,6767080,NC
-0.36833379394344307,6767081,NC
-0.3583015312995387,6767082,NC
-0.38326923682992,6767083,NC
-0.41323691054860845,6767084,NC
-0.40820455246963927,6767085,NC
-0.41317216260706147,6767086,NC
-0.413139740974938,6767087,NC
-0.4231072875873456,6767088,NC
-0.4480748024583746,6767089,NC
-0.45804228560212934,6767090,NC
-0.44300973703272783,6767091,NC
-0.43297715676430176,6767092,NC
-0.43794454481099676,6767093,NC
-0.4379119011869721,6767094,NC
-0.4428792259064009,6767095,NC
-0.46784651898346996,6767096,NC
-0.47781378043237965,6767097,NC
-0.4377810102673444,6767098,NC
-0.4427482085025922,6767099,NC
-0.45271537515236476,6767100,NC
-0.48768251023091735,6767101,NC
-0.48764961375251936,6767102,NC
-0.4776166857314535,6767103,NC
-0.46258372618201626,6767104,NC
-0.43755073511851794,6767105,NC
-0.45251771255528245,6767106,NC
-0.46248465850664733,6767107,NC
-0.4674515729869638,6767108,NC
-0.46741845601059684,6767109,NC
-0.46238530759192503,6767110,NC
-0.4373521277453405,6767111,NC
-0.4473189164852492,6767112,NC
-0.4722856738260707,6767113,NC
-0.472252399782238,6767114,NC
-0.4772190943681979,6767115,NC
-0.45718575759841085,6767116,NC
-0.45215238948735087,6767117,NC
-0.45211899004950545,6767118,NC
-0.45708555929937594,6767119,NC
-0.462052097251477,6767120,NC
-0.45701860392033716,6767121,NC
-0.4419850793204983,6767122,NC
-0.43195152346651605,6767123,NC
-0.4369179363729595,6767124,NC
-0.4568843180544114,6767125,NC
-0.4668506685254678,6767126,NC
-0.46681698780073866,6767127,NC
-0.45178327589484735,6767128,NC
-0.43174953282243056,6767129,NC
-0.44671575859813895,6767130,NC
-0.45168195323663624,6767131,NC
-0.4666481167526,6767132,NC
-0.4666142491607211,6767133,NC
-0.45658035047570406,6767134,NC
-0.4315464207122669,6767135,NC
-0.4365124598851411,6767136,NC
-0.4514784680090715,6767137,NC
-0.46644444509881666,6767138,NC
-0.46641039116914834,6767139,NC
-0.48137630623485195,6767140,NC
-0.4713421903107265,6767141,NC
-0.45630804341158404,6767142,NC
-0.4762738655522505,6767143,NC
-0.486239656747565,6767144,NC
-0.4962054170123801,6767145,NC
-0.4861711463615619,6767146,NC
-0.4661368448099899,6767147,NC
-0.4711025123725569,6767148,NC
-0.48606814906416923,6767149,NC
-0.4960337548997466,6767150,NC
-0.5009993298942221,6767151,NC
-0.4859648740625423,6767152,NC
-0.475930387419667,6767153,NC
-0.47589586998056943,6767154,NC
-0.49086132176023617,6767155,NC
-0.4908267427736673,6767156,NC
-0.5007921330358761,6767157,NC
-0.4857574925618893,6767158,NC
-0.465722821366747,6767159,NC
-0.4656881194655024,6767160,NC
-0.4806533868732223,6767161,NC
-0.5006186236049868,6767162,NC
-0.49058382967588915,6767163,NC
-0.4855490051010361,6767164,NC
-0.4605141498955476,6767165,NC
-0.47047926407455687,6767166,NC
-0.48044434765321054,6767167,NC
-0.49540940064666833,6767168,NC
-0.4803744230701035,6767169,NC
-0.4803394149387024,6767170,NC
-0.4453043762676647,6767171,NC
-0.44026930707220335,6767172,NC
-0.45523420736754455,6767173,NC
-0.4601990771689276,6767174,NC
-0.4501639164916053,6767175,NC
-0.43512872535084346,6767176,NC
-0.42509350376192123,6767177,NC
-0.4250582517401309,6767178,NC
-0.4450229693007782,6767179,NC
-0.4549876564591817,6767180,NC
-0.44995231323067353,6767181,NC
-0.4199169396305986,6767182,NC
-0.3898815356743156,6767183,NC
-0.38984610137719583,6767184,NC
-0.404810636754624,6767185,NC
-0.414775141821998,6767186,NC
-0.4147396165947288,6767187,NC
-0.3947040610882407,6767188,NC
-0.3846684753179709,6767189,NC
-0.3946328592993699,6767190,NC
-0.4145972130479013,6767191,NC
-0.42456153657904194,6767192,NC
-0.4145258299082814,6767193,NC
-0.41449009305112294,6767194,NC
-0.4144543260230824,6767195,NC
-0.414418528839689,6767196,NC
-0.42938270151648505,6767197,NC
-0.4493468440690258,6767198,NC
-0.45431095651287967,6767199,NC
-0.4392750388636282,6767200,NC
-0.45423909113686595,6767201,NC
-0.4642031133482006,6767202,NC
-0.4791671055132526,6767203,NC
-0.47913106764765584,6767204,NC
-0.4740949997670571,6767205,NC
-0.46405890188711607,6767206,NC
-0.4490227740235055,6767207,NC
-0.45898661619191133,6767208,NC
-0.4839504284080323,6767209,NC
-0.49391421068758046,6767210,NC
-0.4838779630462804,6767211,NC
-0.4788416854998701,6767212,NC
-0.4738053780641004,6767213,NC
-0.4887690407547349,6767214,NC
-0.5087326735875506,6767215,NC
-0.5086962765783369,6767216,NC
-0.5036598497428969,6767217,NC
-0.48862339309704594,6767218,NC
-0.46858690665661273,6767219,NC
-0.47855039043743863,6767220,NC
-0.49351384445537827,6767221,NC
-0.5184772687262988,6767222,NC
-0.5184406632660808,6767223,NC
-0.5034040280906172,6767224,NC
-0.4983673632158142,6767225,NC
-0.5033306686575908,6767226,NC
-0.5032939444318787,6767227,NC
-0.5282571905546228,6767228,NC
-0.5382204070417806,6767229,NC
-0.5081835939093229,6767230,NC
-0.4881467511732327,6767231,NC
-0.49810987884950647,6767232,NC
-0.5230729769541531,6767233,NC
-0.5280360455031945,6767234,NC
-0.5329990845126654,6767235,NC
-0.5179620939986134,6767236,NC
-0.4879250739770988,6767237,NC
-0.5028880244641948,6767238,NC
-0.5028509454759874,6767239,NC
-0.5178138370285754,6767240,NC
-0.5127766991380703,6767241,NC
-0.5027395318205967,6767242,NC
-0.49270233509229133,6767243,NC
-0.4876651089693044,6767244,NC
-0.5076278534677985,6767245,NC
-0.5075905686039488,6767246,NC
-0.5125532543939438,6767247,NC
-0.5025159108539844,6767248,NC
-0.477478538000284,6767249,NC
-0.48244113584906917,6767250,NC
-0.4924037044165789,6767251,NC
-0.4923662437190651,6767252,NC
-0.48232875377279216,6767253,NC
-0.4722912345940374,6767254,NC
-0.42225368619909054,6767255,NC
-0.4022161086042544,6767256,NC
-0.377178501825844,6767257,NC
-0.36714086588018746,6767258,NC
-0.31210320078362536,6767259,NC
-0.24206550655251086,6767260,NC
-0.15702778320320998,6767261,NC
-0.11199003075210115,6767262,NC
-0.08195224921557567,6767263,NC
-0.07691443861003722,6767264,NC
-0.0818765989519023,6767265,NC
-0.12183873025759998,6767266,NC
-0.16680083254357186,6767267,NC
-0.27176290582627216,6767268,NC
-0.35672495012216787,6767269,NC
-0.3816869654477383,6767270,NC
-0.3416489518194756,6767271,NC
-0.23661090925388406,6767272,NC
-0.11157283776748109,6767273,NC
0.028465262623203744,6767274,NC
0.11850339190162815,6767275,NC
0.18854155005123735,6767276,NC
0.23357973705546398,6767277,NC
0.23361795289772824,6767278,L
0.17865619756143775,6767279,NC
0.05869447102998758,6767280,NC
-0.0662672267132397,6767281,NC
-0.18622889568487389,6767282,NC
-0.2961905359015574,6767283,NC
-0.3761521473799451,6767284,NC
-0.4611137301367044,6767285,NC
-0.571075284188515,6767286,NC
-0.6860368095520692,6767287,NC
-0.765998306244072,6767288,NC
-0.8109597742812402,6767289,NC
-0.8359212136803036,6767290,NC
-0.8258826244580044,6767291,NC
-0.8108440066310968,6767292,NC
-0.815805360216348,6767293,NC
-0.770766685230537,6767294,NC
-0.7307279816904558,6767295,NC
-0.6956892496129083,6767296,NC
-0.6256504890147113,6767297,NC
-0.6006116999126935,6767298,NC
-0.580572882323696,6767299,NC
-0.5855340362645728,6767300,NC
-0.5704951617521897,6767301,NC
-0.5454562588034251,6767302,NC
-0.5454173274351697,6767303,NC
-0.5253783676643264,6767304,NC
-0.5303393795078108,6767305,NC
-0.5453003629825505,6767306,NC
-0.5452613181054854,6767307,NC
-0.5202222448935679,6767308,NC
-0.5101831433637627,6767309,NC
-0.5101440135330467,6767310,NC
-0.5101048554184091,6767311,NC
-0.5250656690368513,6767312,NC
-0.5150264544053871,6767313,NC
-0.5099872115410425,6767314,NC
-0.47494794046085587,6767315,NC
-0.4799086411818777,6767316,NC
-0.5048693137211707,6767317,NC
-0.49982995809581,6767318,NC
-0.5047905743228828,6767319,NC
-0.49475116241948847,6767320,NC
-0.45971172240273883,6767321,NC
-0.45467225428975766,6767322,NC
-0.46463275809768106,6767323,NC
-0.47459323384365726,6767324,NC
-0.4595536815448468,6767325,NC
-0.4445141012184223,6767326,NC
-0.42447449288156847,6767327,NC
-0.4244348565514824,6767328,NC
-0.43439519224537315,6767329,NC
-0.41935549998046195,6767330,NC
-0.4193157797739822,6767331,NC
-0.4042760316431796,6767332,NC
-0.3842362556053115,6767333,NC
-0.35919645167764785,6767334,NC
-0.36415661987747056,6767335,NC
-0.38411676022207353,6767336,NC
-0.37407687272876294,6767337,NC
-0.33403695741485684,6767338,NC
-0.31899701429768557,6767339,NC
-0.2989570433945914,6767340,NC
-0.29891704472292874,6767341,NC
-0.293877018300064,6767342,NC
-0.2888369641433756,6767343,NC
-0.2637968822702542,6767344,NC
-0.2437567726981022,6767345,NC
-0.23371663544433433,6767346,NC
-0.2336764705263771,6767347,NC
-0.22363627796166918,6767348,NC
-0.20359605776766115,6767349,NC
-0.18355580996181572,6767350,NC
-0.15351553456160738,6767351,NC
-0.14847523158452278,6767352,NC
-0.1434349010480604,6767353,NC
-0.15339454296973082,6767354,NC
-0.13335415736705653,6767355,NC
-0.1183137442575719,6767356,NC
-0.08827330365882338,6767357,NC
-0.0832328355883693,6767358,NC
-0.08319234006377979,6767359,NC
-0.08315181710263705,6767360,NC
-0.08311126672253523,6767361,NC
-0.06307068894108017,6767362,NC
-0.04803008377588981,6767363,NC
-0.027989451244593885,6767364,NC
-0.02794879136483408,6767365,NC
-0.03290810415426387,6767366,NC
-0.032867389630548666,6767367,NC
-0.02282664781136568,6767368,NC
-0.017785878714404083,6767369,NC
-0.027745082357364684,6767370,NC
-0.047704258757960374,6767371,NC
-0.07266340793391564,6767372,NC
-0.08762252990296696,6767373,NC
-0.12258162468286253,6767374,NC
-0.11254069229136245,6767375,NC
-0.1324997327462385,6767376,NC
-0.1674587460652743,6767377,NC
-0.19741773226626533,6767378,NC
-0.2273766913670187,6767379,NC
-0.23733562338535336,6767380,NC
-0.2472945283391001,6767381,NC
-0.2622534062461012,6767382,NC
-0.29721225712421095,6767383,NC
-0.3221710809912953,6767384,NC
-0.3421298778652319,6767385,NC
-0.35208864776391013,6767386,NC
-0.33704739070523115,6767387,NC
-0.3470061067071075,6767388,NC
-0.356964795787464,6767389,NC
-0.3769234579642367,6767390,NC
-0.3818820932553734,6767391,NC
-0.38184070167883366,6767392,NC
-0.3817992832525887,6767393,NC
-0.39175783799462144,6767394,NC
-0.40171636592292626,6767395,NC
-0.4166748670555094,6767396,NC
-0.4116333414103886,6767397,NC
-0.4015917890055934,6767398,NC
-0.40655020985916457,6767399,NC
-0.391508603989155,6767400,NC
-0.4114669714136288,6767401,NC
-0.4164253121506618,6767402,NC
-0.42138362621834147,6767403,NC
-0.40134191363476684,6767404,NC
-0.40630017441804833,6767405,NC
-0.4012584085863083,6767406,NC
-0.41621661615768024,6767407,NC
-0.41617479715030953,6767408,NC
-0.431132951582353,6767409,NC
-0.4110910794719787,6767410,NC
-0.4010491808373668,6767411,NC
-0.4060072556967083,6767412,NC
-0.41596530406820637,6767413,NC
-0.43092332597007516,6767414,NC
-0.42088132142054063,6767415,NC
-0.39583929043784016,6767416,NC
-0.38579723304022245,6767417,NC
-0.39075514924594784,6767418,NC
-0.41571303907328805,6767419,NC
-0.4156709025405263,6767420,NC
-0.4106287396659572,6767421,NC
-0.41058655046788683,6767422,NC
-0.3805443349646328,6767423,NC
-0.39050209317452395,6767424,NC
-0.40545982511590056,6767425,NC
-0.41041753080711446,6767426,NC
-0.4203752102665289,6767427,NC
-0.4203328635125182,6767428,NC
-0.40029049056346844,6767429,NC
-0.40524809143777674,6767430,NC
-0.4152056661538519,6767431,NC
-0.42516321473011387,6767432,NC
-0.43512073718499406,6767433,NC
-0.4000782335369351,6767434,NC
-0.39503570380439107,6767435,NC
-0.3999931480058273,6767436,NC
-0.4049505661597204,6767437,NC
-0.4199079582845586,6767438,NC
-0.43486532439884096,6767439,NC
-0.4048226645210782,6767440,NC
-0.39977997866979204,6767441,NC
-0.3997372668635157,6767442,NC
-0.4046945291207935,6767443,NC
-0.4146517654601813,6767444,NC
-0.4296089759002459,6767445,NC
-0.4145661604595655,6767446,NC
-0.3895233191567295,6767447,NC
-0.40448045201033855,6767448,NC
-0.4094375590390045,6767449,NC
-0.4193946402613503,6767450,NC
-0.4293516956960104,6767451,NC
-0.4143087253616302,6767452,NC
-0.4042657292768663,6767453,NC
-0.4092227074603867,6767454,NC
-0.4191796599308703,6767455,NC
-0.43413658670700733,6767456,NC
-0.42909348780749895,6767457,NC
-0.43405036325105784,6767458,NC
-0.41400721305640753,6767459,NC
-0.40396403724228275,6767460,NC
-0.4089208358274294,6767461,NC
-0.43387760883060444,6767462,NC
-0.43883435627057604,6767463,NC
-0.4337910781661233,6767464,NC
-0.4037477745360365,6767465,NC
-0.41370444539911716,6767466,NC
-0.42366109077417763,6767467,NC
-0.43361771068004135,6767468,NC
-0.43357430513554296,6767469,NC
-0.418530874159528,6767470,NC
-0.4084874177708532,6767471,NC
-0.41344393598838625,6767472,NC
-0.4234004288310058,6767473,NC
-0.44335689631760167,6767474,NC
-0.4433133384670746,6767475,NC
-0.45326975529833624,6767476,NC
-0.4282261468303094,6767477,NC
-0.41318251308192777,6767478,NC
-0.42313885407213603,6767479,NC
-0.42309516981988987,6767480,NC
-0.40805146034415596,6767481,NC
-0.3930077256639118,6767482,NC
-0.3779639657981459,6767483,NC
-0.36792018076585775,6767484,NC
-0.37787637058605783,6767485,NC
-0.3828325352777672,6767486,NC
-0.4027886748600183,6767487,NC
-0.3727447893518542,6767488,NC
-0.3577008787723287,6767489,NC
-0.3526569431405069,6767490,NC
-0.35761298247546447,6767491,NC
-0.35756899679628806,6767492,NC
-0.36252498612207523,6767493,NC
-0.33248095047193427,6767494,NC
-0.3174368898649844,6767495,NC
-0.3323928043203557,6767496,NC
-0.34734869385718875,6767497,NC
-0.37730455849463557,6767498,NC
-0.39726039825185855,6767499,NC
-0.38721621314803084,6767500,NC
-0.3621720032023366,6767501,NC
-0.3721277684339707,6767502,NC
-0.3820835088621388,6767503,NC
-0.40703922450605734,6767504,NC
-0.40199491538495347,6767505,NC
-0.40195058151806506,6767506,NC
-0.40190622292464084,6767507,NC
-0.3968618396239402,6767508,NC
-0.4318174316352333,6767509,NC
-0.43177299897780086,6767510,NC
-0.4317285416709346,6767511,NC
-0.42168405973393674,6767512,NC
-0.4316395531861202,6767513,NC
-0.42159502204680865,6767514,NC
-0.4415504663353365,6767515,NC
-0.46650588607104854,6767516,NC
-0.46146128127330066,6767517,NC
-0.4564166519614589,6767518,NC
-0.4513719981549004,6767519,NC
-0.4663273198730126,6767520,NC
-0.4862826171351939,6767521,NC
-0.4812378899608529,6767522,NC
-0.4811931383694092,6767523,NC
-0.4611483623802928,6767524,NC
-0.45610356201294433,6767525,NC
-0.4610587372868149,6767526,NC
-0.47601388822136637,6767527,NC
-0.4809690148360712,6767528,NC
-0.4909241171504121,6767529,NC
-0.4808791951838827,6767530,NC
-0.4658342489559869,6767531,NC
-0.48078927848623937,6767532,NC
-0.48074428379416506,6767533,NC
-0.4956992648992997,6767534,NC
-0.4906542218211892,6767535,NC
-0.4806091545793903,6767536,NC
-0.4755640631934699,6767537,NC
-0.48051894768300574,6767538,NC
-0.4904738080675858,6767539,NC
-0.49542864436680856,6767540,NC
-0.505383456600283,6767541,NC
-0.5003382447876286,6767542,NC
-0.4752930089484751,6767543,NC
-0.48024774910246293,6767544,NC
-0.4802024652692426,6767545,NC
-0.5151571574684755,6767546,NC
-0.5101118257198328,6767547,NC
-0.49006647004299675,6767548,NC
-0.48002109045765945,6767549,NC
-0.4749756869835237,6767550,NC
-0.48993025964030257,6767551,NC
-0.5098848084477194,6767552,NC
-0.5048393334255082,6767553,NC
-0.4847938345934129,6767554,NC
-0.46474831197118793,6767555,NC
-0.4497027655785983,6767556,NC
-0.44465719543541893,6767557,NC
-0.4496116015614353,6767558,NC
-0.40956598397644317,6767559,NC
-0.3795203427002486,6767560,NC
-0.3344746777526678,6767561,NC
-0.28942898915352744,6767562,NC
-0.22938327692266441,6767563,NC
-0.17933754107992586,6767564,NC
-0.1142917816451691,6767565,NC
-0.05424599863826166,6767566,NC
-0.019200192079081482,6767567,NC
-0.014154361987516649,6767568,NC
-0.05410850838346543,6767569,NC
-0.11906263128683635,6767570,NC
-0.2140167307175481,6767571,NC
-0.28897080669552955,6767572,NC
-0.34392485924071986,6767573,NC
-0.3388788883730682,6767574,NC
-0.288832894112534,6767575,NC
-0.20378687647908683,6767576,NC
-0.08374083549270642,6767577,NC
0.03630522882661739,6767578,NC
0.1663513164588846,6767579,NC
0.2513974273840851,6767580,NC
0.28644356158219864,6767581,NC
0.2614897190331949,6767582,L
0.1865358997170334,6767583,NC
0.08658210361366381,6767584,NC
-0.028371669296974635,6767585,NC
-0.1383254190349526,6767586,NC
-0.25827914562035065,6767587,NC
-0.3632328490732597,6767588,NC
-0.4781865294137805,6767589,NC
-0.5831401866620239,6767590,NC
-0.6630938208381107,6767591,NC
-0.753047431962172,6767592,NC
-0.8030010200543488,6767593,NC
-0.8329545851347917,6767594,NC
-0.8479081272236617,6767595,NC
-0.8278616463411296,6767596,NC
-0.7978151425073763,6767597,NC
-0.7477686157425926,6767598,NC
-0.7177220660669795,6767599,NC
-0.6876754935007474,6767600,NC
-0.642628898064117,6767601,NC
-0.5875822797773194,6767602,NC
-0.5675356386605943,6767603,NC
-0.5374889747341927,6767604,NC
-0.5524422880183747,6767605,NC
-0.5623955785334105,6767606,NC
-0.5523488462995803,6767607,NC
-0.5423020913371739,6767608,NC
-0.5222553136664914,6767609,NC
-0.5122085133078425,6767610,NC
-0.5221616902815465,6767611,NC
-0.537114844607933,6767612,NC
-0.5220679763073413,6767613,NC
-0.5020210854001202,6767614,NC
-0.506974171906629,6767615,NC
-0.48692723584723585,6767616,NC
-0.5068802772423195,6767617,NC
-0.5168332961122684,6767618,NC
-0.5067862924774802,6767619,NC
-0.49673926635836296,6767620,NC
-0.4816922177753342,6767621,NC
-0.4816451467488213,6767622,NC
-0.48159805329926136,6767623,NC
-0.5015509374471011,6767624,NC
-0.49650379921279714,6767625,NC
-0.4764566386168156,6767626,NC
-0.47640945567963255,6767627,NC
-0.4613622504217337,6767628,NC
-0.46631502286361426,6767629,NC
-0.47626777302577944,6767630,NC
-0.4612205009287439,6767631,NC
-0.446173206593032,6767632,NC
-0.42112589003917766,6767633,NC
-0.4160785512877248,6767634,NC
-0.41603119035922653,6767635,NC
-0.41598380727424583,6767636,NC
-0.4059364020533553,6767637,NC
-0.3908889747171372,6767638,NC
-0.3658415252861831,6767639,NC
-0.3557940537810945,6767640,NC
-0.36074656022248247,6767641,NC
-0.3706990446309674,6767642,NC
-0.35565150702717935,6767643,NC
-0.3356039474317581,6767644,NC
-0.30555636586535273,6767645,NC
-0.290508762348622,6767646,NC
-0.28546113690223424,6767647,NC
-0.28541348954686724,6767648,NC
-0.2753658203032083,6767649,NC
-0.24531812919195412,6767650,NC
-0.23027041623381111,6767651,NC
-0.21522268144949513,6767652,NC
-0.2051749248597313,6767653,NC
-0.22512714648525445,6767654,NC
-0.20507934634680866,6767655,NC
-0.17503152446514766,6767656,NC
-0.15998368086103448,6767657,NC
-0.14493581555524165,6767658,NC
-0.13988792856855115,6767659,NC
-0.14984001992175433,6767660,NC
-0.1297920896356518,6767661,NC
-0.11974413773105383,6767662,NC
-0.08469616422878001,6767663,NC
-0.07464816914965908,6767664,NC
-0.0946001525145294,6767665,NC
-0.08955211434423861,6767666,NC
-0.0795040546596437,6767667,NC
-0.064455973481611,6767668,NC
-0.03940787083101618,6767669,NC
-0.03935974672874419,6767670,NC
-0.02931160119568942,6767671,NC
-0.034263434252755326,6767672,NC
-0.039215245920854874,6767673,NC
-0.044167036220910325,6767674,NC
-0.04411880517385299,6767675,NC
-0.07407055280062366,6767676,NC
-0.06402227912217234,6767677,NC
-0.10397398415945829,6767678,NC
-0.12892566793344995,6767679,NC
-0.13387733046512504,6767680,NC
-0.14882897177547055,6767681,NC
-0.17878059188548256,6767682,NC
-0.22373219081616647,6767683,NC
-0.27368376858853677,6767684,NC
-0.2936353252236172,6767685,NC
-0.3035868607424407,6767686,NC
-0.3185383751660494,6767687,NC
-0.32348986851549444,6767688,NC
-0.35344134081183626,6767689,NC
-0.37339279207614445,6767690,NC
-0.3983442223294975,6767691,NC
-0.40329563159298343,6767692,NC
-0.40824701988769896,6767693,NC
-0.40319838723475016,6767694,NC
-0.4231497336552521,6767695,NC
-0.4281010591703289,6767696,NC
-0.443052363801114,6767697,NC
-0.4430036475687496,6767698,NC
-0.43795491049438706,6767699,NC
-0.447906152599187,6767700,NC
-0.4578573739043185,6767701,NC
-0.4828085744309605,6767702,NC
-0.47275975420030036,6767703,NC
-0.4527109132335346,6767704,NC
-0.44266205155186866,6767705,NC
-0.4526131691765172,6767706,NC
-0.4675642661287037,6767707,NC
-0.4825153424296607,6767708,NC
-0.47746639810062963,6767709,NC
-0.47241743316286094,6767710,NC
-0.46736844763761404,6767711,NC
-0.46231944154615706,6767712,NC
-0.47227041490976746,6767713,NC
-0.4922213677497312,6767714,NC
-0.49717230008734337,6767715,NC
-0.487123211943908,6767716,NC
-0.48207410334073797,6767717,NC
-0.487024974299155,6767718,NC
-0.4869758248404897,6767719,NC
-0.5119266549860816,6767720,NC
-0.4918774647572789,6767721,NC
-0.48182825417543884,6767722,NC
-0.4767790232619275,6767723,NC
-0.47672977203811967,6767724,NC
-0.491680500525399,6767725,NC
-0.5116312087451581,6767726,NC
-0.501581896718798,6767727,NC
-0.5015325644677291,6767728,NC
-0.48148321201336997,6767729,NC
-0.4764338393771483,6767730,NC
-0.48638444658050045,6767731,NC
-0.5013350336448716,6767732,NC
-0.5112856005917157,6767733,NC
-0.5012361474424951,6767734,NC
-0.4911866742186814,6767735,NC
-0.4861371809417545,6767736,NC
-0.5010876676332032,6767737,NC
-0.516038134314525,6767738,NC
-0.5109885810072261,6767739,NC
-0.5109390077328212,6767740,NC
-0.5008894145128338,6767741,NC
-0.5058398013687961,6767742,NC
-0.5307901683222488,6767743,NC
-0.5307405153947415,6767744,NC
-0.5356908426078322,6767745,NC
-0.5256411499830875,6767746,NC
-0.5205914375420828,6767747,NC
-0.5105417053064022,6767748,NC
-0.5354919532976379,6767749,NC
-0.5354421815373912,6767750,NC
-0.5303923900472716,6767751,NC
-0.5353425788488974,6767752,NC
-0.5152927479638953,6767753,NC
-0.535242897413901,6767754,NC
-0.5451930272205581,6767755,NC
-0.5601431374055189,6767756,NC
-0.5550932279904446,6767757,NC
-0.5500432989970044,6767758,NC
-0.5349933504468763,6767759,NC
-0.5399433823617469,6767760,NC
-0.544893394763311,6767761,NC
-0.5498433876732719,6767762,NC
-0.5597933611133414,6767763,NC
-0.5447433151052399,6767764,NC
-0.5346932496706962,6767765,NC
-0.5446431648314474,6767766,NC
-0.5595930606092391,6767767,NC
-0.5795429370258253,6767768,NC
-0.5744927941029685,6767769,NC
-0.5694426318624394,6767770,NC
-0.5443924503260172,6767771,NC
-0.5443422495154897,6767772,NC
-0.5592920294526527,6767773,NC
-0.5742417901593104,6767774,NC
-0.5891915316572757,6767775,NC
-0.5791412539683694,6767776,NC
-0.5540909571144208,6767777,NC
-0.5640406411172678,6767778,NC
-0.5739903059987562,6767779,NC
-0.5739399517807403,6767780,NC
-0.5638895784850826,6767781,NC
-0.543839186133654,6767782,NC
-0.5487887747483337,6767783,NC
-0.5287383443510087,6767784,NC
-0.5336878949635752,6767785,NC
-0.5336374266079367,6767786,NC
-0.5435869393060053,6767787,NC
-0.5535364330797016,6767788,NC
-0.5084859079509539,6767789,NC
-0.5084353639416992,6767790,NC
-0.5083848010738822,6767791,NC
-0.5083342193694561,6767792,NC
-0.5032836188503823,6767793,NC
-0.5032329995386304,6767794,NC
-0.4931823614561779,6767795,NC
-0.4981317046250106,6767796,NC
-0.5180810290671225,6767797,NC
-0.5380303348045158,6767798,NC
-0.5329796218592004,6767799,NC
-0.5229288902531949,6767800,NC
-0.5078781400085256,6767801,NC
-0.5228273711472269,6767802,NC
-0.5427765836913415,6767803,NC
-0.5677257776629201,6767804,NC
-0.5726749530840213,6767805,NC
-0.5576241099767119,6767806,NC
-0.5375732483630669,6767807,NC
-0.5575223682651689,6767808,NC
-0.5574714697051089,6767809,NC
-0.5674205527049857,6767810,NC
-0.5823696172869064,6767811,NC
-0.5773186634729858,6767812,NC
-0.5822676912853467,6767813,NC
-0.5872167007461201,6767814,NC
-0.6021656918774447,6767815,NC
-0.6221146647014675,6767816,NC
-0.612063619240343,6767817,NC
-0.607012555516234,6767818,NC
-0.6019614735513114,6767819,NC
-0.5919103733677531,6767820,NC
-0.6068592549877458,6767821,NC
-0.621808118433484,6767822,NC
-0.6217569637271698,6767823,NC
-0.6217057908910134,6767824,NC
-0.6216545999472327,6767825,NC
-0.6216033909180536,6767826,NC
-0.6165521638257098,6767827,NC
-0.6315009186924426,6767828,NC
-0.6464496555405017,6767829,NC
-0.6213983743921443,6767830,NC
-0.6213470752696351,6767831,NC
-0.6162957581952471,6767832,NC
-0.6262444231912608,6767833,NC
-0.6511930702799648,6767834,NC
-0.6311416994836551,6767835,NC
-0.6310903108246357,6767836,NC
-0.6260389043252182,6767837,NC
-0.6209874800077222,6767838,NC
-0.6259360378944747,6767839,NC
-0.6308845780078107,6767840,NC
-0.6458331003700727,6767841,NC
-0.6357816050036111,6767842,NC
-0.6207300919307839,6767843,NC
-0.6306785611739568,6767844,NC
-0.6256270127555033,6767845,NC
-0.6405754466978043,6767846,NC
-0.6455238630232485,6767847,NC
-0.6454722617542323,6767848,NC
-0.6354206429131597,6767849,NC
-0.6203690065224423,6767850,NC
-0.6153173526044995,6767851,NC
-0.6302656811817579,6767852,NC
-0.6252139922766521,6767853,NC
-0.6201622859116241,6767854,NC
-0.6001105621091237,6767855,NC
-0.580058820891608,6767856,NC
-0.5600070622815415,6767857,NC
-0.5449552863013968,6767858,NC
-0.5249034929736537,6767859,NC
-0.48485168232079956,6767860,NC
-0.41479985436532923,6767861,NC
-0.35474800912974525,6767862,NC
-0.2746961466365574,6767863,NC
-0.22464426690828318,6767864,NC
-0.1745923699674475,6767865,NC
-0.12454045583658277,6767866,NC
-0.11448852453822866,6767867,NC
-0.14943657609493263,6767868,NC
-0.21938461052924926,6767869,NC
-0.3243326278637408,6767870,NC
-0.4442806281209769,6767871,NC
-0.5242286113235344,6767872,NC
-0.5341765774939978,6767873,NC
-0.4791245266549589,6767874,NC
-0.404072458829017,6767875,NC
-0.3390203740387785,6767876,NC
-0.24896827230685736,6767877,NC
-0.14391615365587496,6767878,NC
-0.058864018108459815,6767879,NC
-0.023811865687247927,6767880,NC
