channel_0,sample #,type
0.01584721807254365,6689234,NC
0.0008570724806675027,6689235,NC
-0.02413307339097833,6689236,NC
-0.03912321954264776,6689237,NC
-0.059113365974594725,6689238,NC
-0.06410351268707312,6689239,NC
-0.05909365968033686,6689240,NC
-0.05408380695463983,6689241,NC
-0.07407395451023593,6689242,NC
-0.10906410234737902,6689243,NC
-0.10905425046632301,6689244,NC
-0.10404439886732177,6689245,NC
-0.10403454755062912,6689246,NC
-0.09402469651649892,6689247,NC
-0.09401484576518504,6689248,NC
-0.11400499529694132,6689249,NC
-0.13899514511202155,6689250,NC
-0.12398529521067961,6689251,NC
-0.12397544559316928,6689252,NC
-0.11896559625974437,6689253,NC
-0.13395574721065867,6689254,NC
-0.13394589844616603,6689255,NC
-0.15393604996652022,6689256,NC
-0.14892620177197494,6689257,NC
-0.13391635386278405,6689258,NC
-0.12390650623920131,6689259,NC
-0.13889665890148042,6689260,NC
-0.13388681184987516,6689261,NC
-0.14887696508463932,6689262,NC
-0.14886711860602658,6689263,NC
-0.1388572724142907,6689264,NC
-0.13884742650968535,6689265,NC
-0.13883758089246429,6689266,NC
-0.14382773556288123,6689267,NC
-0.14881789052118985,6689268,NC
-0.13380804576764382,6689269,NC
-0.11379820130249688,6689270,NC
-0.10378835712600265,6689271,NC
-0.12377851323841484,6689272,NC
-0.1287686696399871,6689273,NC
-0.14375882633097303,6689274,NC
-0.12874898331162637,6689275,NC
-0.1187391405822007,6689276,NC
-0.11872929814294966,6689277,NC
-0.1187194559941269,6689278,NC
-0.14370961413598599,6689279,NC
-0.1536997725687806,6689280,NC
-0.14368993129276428,6689281,NC
-0.1336800903081906,6689282,NC
-0.12367024961531327,6689283,NC
-0.12866040921438576,6689284,NC
-0.16365056910566161,6689285,NC
-0.15864072928939454,6689286,NC
-0.16363088976583792,6689287,NC
-0.14362105053524546,6689288,NC
-0.16361121159787057,6689289,NC
-0.16360137295396687,6689290,NC
-0.1685915346037879,6689291,NC
-0.1785816965475871,6689292,NC
-0.16357185878561803,6689293,NC
-0.17356202131813417,6689294,NC
-0.17355218414538906,6689295,NC
-0.17354234726763615,6689296,NC
-0.2035325106851289,6689297,NC
-0.20352267439812086,6689298,NC
-0.18851283840686542,6689299,NC
-0.16850300271161606,6689300,NC
-0.16349316731262625,6689301,NC
-0.18348333221014942,6689302,NC
-0.193473497404439,6689303,NC
-0.20846366289574844,6689304,NC
-0.19845382868433112,6689305,NC
-0.18344399477044052,6689306,NC
-0.16843416115432994,6689307,NC
-0.17842432783625287,6689308,NC
-0.18841449481646266,6689309,NC
-0.19840466209521268,6689310,NC
-0.18839482967275636,6689311,NC
-0.19338499754934696,6689312,NC
-0.16837516572523797,6689313,NC
-0.17336533420068265,6689314,NC
-0.20335550297593438,6689315,NC
-0.19334567205124645,6689316,NC
-0.20333584142687225,6689317,NC
-0.19332601110306508,6689318,NC
-0.17331618108007824,6689319,NC
-0.16830635135816502,6689320,NC
-0.1932965219375787,6689321,NC
-0.17828669281857268,6689322,NC
-0.1832768640014001,6689323,NC
-0.14826703548631434,6689324,NC
-0.12825720727356862,6689325,NC
-0.13824737936341616,6689326,NC
-0.13823755175611027,6689327,NC
-0.1532277244519042,6689328,NC
-0.1532178974510511,6689329,NC
-0.1432080707538043,6689330,NC
-0.11319824436041694,6689331,NC
-0.08818841827114228,6689332,NC
-0.10317859248623348,6689333,NC
-0.10316876700594378,6689334,NC
-0.11315894183052634,6689335,NC
-0.11314911696023434,6689336,NC
-0.11813929239532096,6689337,NC
-0.12312946813603937,6689338,NC
-0.1531196441826427,6689339,NC
-0.16310982053538411,6689340,NC
-0.16309999719451676,6689341,NC
-0.17309017416029376,6689342,NC
-0.16308035143296823,6689343,NC
-0.17307052901279332,6689344,NC
-0.1980607069000221,6689345,NC
-0.21305088509490772,6689346,NC
-0.19804106359770318,6689347,NC
-0.17803124240866164,6689348,NC
-0.17302142152803618,6689349,NC
-0.18301160095607982,6689350,NC
-0.21300178069304568,6689351,NC
-0.23299196073918674,6689352,NC
-0.2479821410947561,6689353,NC
-0.2479723217600068,6689354,NC
-0.22796250273519184,6689355,NC
-0.22295268402056423,6689356,NC
-0.21794286561637705,6689357,NC
-0.21793304752288323,6689358,NC
-0.2079232297403358,6689359,NC
-0.21791341226898775,6689360,NC
-0.21290359510909204,6689361,NC
-0.22289377826090165,6689362,NC
-0.2328839617246696,6689363,NC
-0.24287414550064879,6689364,NC
-0.23286432958909214,6689365,NC
-0.22285451399025263,6689366,NC
-0.20784469870438324,6689367,NC
-0.2128348837317368,6689368,NC
-0.2278250690725663,6689369,NC
-0.23781525472712461,6689370,NC
-0.2528054406956647,6689371,NC
-0.21279562697843932,6689372,NC
-0.21278581357570148,6689373,NC
-0.21277600048770398,6689374,NC
-0.23276618771469973,6689375,NC
-0.2377563752569416,6689376,NC
-0.23274656311468242,6689377,NC
-0.22273675128817502,6689378,NC
-0.23272693977767228,6689379,NC
-0.21271712858342698,6689380,NC
-0.22770731770569194,6689381,NC
-0.23769750714472002,6689382,NC
-0.242687696900764,6689383,NC
-0.20767788697407663,6689384,NC
-0.20766807736491075,6689385,NC
-0.2026582680735191,6689386,NC
-0.2126484591001545,6689387,NC
-0.23263865044506968,6689388,NC
-0.22262884210851738,6689389,NC
-0.2176190340907504,6689390,NC
-0.19260922639202135,6689391,NC
-0.18759941901258315,6689392,NC
-0.19758961195268834,6689393,NC
-0.18257980521258976,6689394,NC
-0.15256999879254005,6689395,NC
-0.11756019269279193,6689396,NC
-0.05255038691359806,6689397,NC
-0.022540581455211147,6689398,NC
0.02746922368211615,6689399,NC
0.10747902849813117,6689400,NC
0.20248883299258125,6689401,NC
0.2774986371652137,6689402,NC
0.32250844101577597,6689403,NC
0.3425182445440154,6689404,NC
0.2875280477496794,6689405,NC
0.2325378506325152,6689406,NC
0.16754765319227038,6689407,NC
0.11755745542869225,6689408,NC
0.10756725734152825,6689409,NC
0.12757705893052582,6689410,NC
0.17758686019543232,6689411,NC
0.2825966611359953,6689412,NC
0.43260646175196205,6689413,NC
0.6076162620430801,6689414,NC
0.757626062009097,6689415,NC
0.85763586164976,6689416,NC
0.9176456609648169,6689417,NC
0.907655459954015,6689418,NC
0.8376652586171016,6689419,L
0.7326750569538246,6689420,NC
0.6276848549639312,6689421,NC
0.5126946526471692,6689422,NC
0.4027044500032858,6689423,NC
0.2927142470320288,6689424,NC
0.2077240437331456,6689425,NC
0.09773384010638382,6689426,NC
0.0077436361514910046,6689427,NC
-0.10224656813178527,6689428,NC
-0.2272367727436974,6689429,NC
-0.31722697768449787,6689430,NC
-0.387217182954439,6689431,NC
-0.4172073885537732,6689432,NC
-0.42719759448275296,6689433,NC
-0.4171878007416305,6689434,NC
-0.4171780073306583,6689435,NC
-0.40716821425008864,6689436,NC
-0.382158421500174,6689437,NC
-0.3621486290811665,6689438,NC
-0.3371388369933187,6689439,NC
-0.3271290452368829,6689440,NC
-0.3271192538121113,6689441,NC
-0.33210946271925623,6689442,NC
-0.3370996719585701,6689443,NC
-0.30708988153030514,6689444,NC
-0.2920800914347136,6689445,NC
-0.2870703016720478,6689446,NC
-0.2970605122425599,6689447,NC
-0.3170507231465024,6689448,NC
-0.3070409343841273,6689449,NC
-0.3070311459556869,6689450,NC
-0.3020213578614336,6689451,NC
-0.3020115701016194,6689452,NC
-0.31700178267649665,6689453,NC
-0.29199199558631744,6689454,NC
-0.26698220883133417,6689455,NC
-0.24197242241179878,6689456,NC
-0.24196263632796364,6689457,NC
-0.2519528505800809,6689458,NC
-0.28194306516840256,6689459,NC
-0.286933280093181,6689460,NC
-0.2869234953546682,6689461,NC
-0.2669137109531164,6689462,NC
-0.25690392688877767,6689463,NC
-0.26689414316190413,6689464,NC
-0.2718843597727479,6689465,NC
-0.28187457672156113,6689466,NC
-0.2818647940085958,6689467,NC
-0.2468550116341042,6689468,NC
-0.24184522959833818,6689469,NC
-0.23683544790154992,6689470,NC
-0.25182566654399147,6689471,NC
-0.2618158855259149,6689472,NC
-0.25180610484757215,6689473,NC
-0.2367963245092154,6689474,NC
-0.21178654451109655,6689475,NC
-0.2117767648534677,6689476,NC
-0.2067669855365808,6689477,NC
-0.21675720656068787,6689478,NC
-0.2117474279260409,6689479,NC
-0.19173764963289186,6689480,NC
-0.17172787168149276,6689481,NC
-0.15671809407209553,6689482,NC
-0.1617083168049521,6689483,NC
-0.18169853988031445,6689484,NC
-0.1566887632984345,6689485,NC
-0.13167898705956418,6689486,NC
-0.10666921116395545,6689487,NC
-0.09665943561186015,6689488,NC
-0.10164966040353023,6689489,NC
-0.11163988553921754,6689490,NC
-0.081630111019174,6689491,NC
-0.056620336843651475,6689492,NC
-0.041610563012901815,6689493,NC
-0.036600789527176894,6689494,NC
-0.036591016386728556,6689495,NC
-0.021581243591808626,6689496,NC
-0.006571471142668947,6689497,NC
0.018438300960438664,6689498,NC
0.0334480727172624,6689499,NC
0.04845784412755044,6689500,NC
0.03846761519105101,6689501,NC
0.04347738590751232,6689502,NC
0.0634871562766826,6689503,NC
0.09849692629831007,6689504,NC
0.12850669597214298,6689505,NC
0.13851646529792955,6689506,NC
0.1435262342754181,6689507,NC
0.16353600290435685,6689508,NC
0.1835457711844941,6689509,NC
0.19855553911557813,6689510,NC
0.21356530669735727,6689511,NC
0.20357507392957974,6689512,NC
0.18858484081199392,6689513,NC
0.17359460734434815,6689514,NC
0.17360437352639072,6689515,NC
0.15361413935786997,6689516,NC
0.13362390483853426,6689517,NC
0.11363366996813194,6689518,NC
0.0736434347464114,6689519,NC
0.033653199173121005,6689520,NC
0.00866296324800914,6689521,NC
0.003672726970824205,6689522,NC
-0.021317509658685403,6689523,NC
-0.046307746640771266,6689524,NC
-0.09129798397568496,6689525,NC
-0.10128822166367807,6689526,NC
-0.12127845970500213,6689527,NC
-0.1262686980999087,6689528,NC
-0.12625893684864933,6689529,NC
-0.1362491759514755,6689530,NC
-0.14623941540863886,6689531,NC
-0.1812296552203908,6689532,NC
-0.17621989538698285,6689533,NC
-0.18621013590866656,6689534,NC
-0.16620037678569335,6689535,NC
-0.18119061801831474,6689536,NC
-0.19618085960678217,6689537,NC
-0.22617110155134712,6689538,NC
-0.22616134385226103,6689539,NC
-0.20115158650977535,6689540,NC
-0.1911418295241415,6689541,NC
-0.2011320728956109,6689542,NC
-0.221122316624435,6689543,NC
-0.23111256071086517,6689544,NC
-0.21110280515515278,6689545,NC
-0.19609304995754925,6689546,NC
-0.20108329511830597,6689547,NC
-0.21607354063767428,6689548,NC
-0.2310637865159055,6689549,NC
-0.23605403275325107,6689550,NC
-0.22604427934996227,6689551,NC
-0.19603452630629042,6689552,NC
-0.20602477362248692,6689553,NC
-0.20601502129880297,6689554,NC
-0.20600526933548996,6689555,NC
-0.2209955177327991,6689556,NC
-0.22598576649098176,6689557,NC
-0.20097601561028916,6689558,NC
-0.2109662650909726,6689559,NC
-0.20095651493328331,6689560,NC
-0.21094676513747254,6689561,NC
-0.23093701570379152,6689562,NC
-0.2259272666324915,6689563,NC
-0.21091751792382368,6689564,NC
-0.20090776957803924,6689565,NC
-0.20589802159538947,6689566,NC
-0.21588827397612548,6689567,NC
-0.21587852672049848,6689568,NC
-0.2008687798287596,6689569,NC
-0.1858590333011601,6689570,NC
-0.19084928713795102,6689571,NC
-0.19583954133938355,6689572,NC
-0.22082979590570886,6689573,NC
-0.23582005083717805,6689574,NC
-0.23081030613404221,6689575,NC
-0.21580056179655246,6689576,NC
-0.2057908178249599,6689577,NC
-0.21078107421951564,6689578,NC
-0.2257713309804707,6689579,NC
-0.2507615881080762,6689580,NC
-0.2507518456025832,6689581,NC
-0.23074210346424268,6689582,NC
-0.22573236169330574,6689583,NC
-0.2257226202900234,6689584,NC
-0.21571287925464672,6689585,NC
-0.2357031385874266,6689586,NC
-0.23069339828861418,6689587,NC
-0.21568365835846037,6689588,NC
-0.21067391879721614,6689589,NC
-0.2156641796051325,6689590,NC
-0.24065444078246043,6689591,NC
-0.24064470232945082,6689592,NC
-0.2506349642463547,6689593,NC
-0.2306252265334229,6689594,NC
-0.22061548919090643,6689595,NC
-0.22560575221905618,6689596,NC
-0.26059601561812307,6689597,NC
-0.255586279388358,6689598,NC
-0.2505765435300118,6689599,NC
-0.23056680804333538,6689600,NC
-0.22555707292857963,6689601,NC
-0.22554733818599537,6689602,NC
-0.23553760381583352,6689603,NC
-0.25552786981834485,6689604,NC
-0.24551813619378024,6689605,NC
-0.23550840294239045,6689606,NC
-0.23049867006442634,6689607,NC
-0.2304889375601387,6689608,NC
-0.2404792054297783,6689609,NC
-0.25046947367359595,6689610,NC
-0.25545974229184243,6689611,NC
-0.23545001128476842,6689612,NC
-0.23044028065262476,6689613,NC
-0.22543055039566218,6689614,NC
-0.2254208205141314,6689615,NC
-0.23041109100828314,6689616,NC
-0.23040136187836813,6689617,NC
-0.21039163312463705,6689618,NC
-0.21038190474734061,6689619,NC
-0.2053721767467295,6689620,NC
-0.22036244912305436,6689621,NC
-0.21535272187656596,6689622,NC
-0.2053429950075148,6689623,NC
-0.18533326851615164,6689624,NC
-0.17532354240272707,6689625,NC
-0.18531381666749175,6689626,NC
-0.19030409131069626,6689627,NC
-0.18529436633259122,6689628,NC
-0.17528464173342725,6689629,NC
-0.1452749175134549,6689630,NC
-0.13026519367292475,6689631,NC
-0.14525547021208743,6689632,NC
-0.15524574713119343,6689633,NC
-0.1702360244304933,6689634,NC
-0.17522630211023763,6689635,NC
-0.1652165801706769,6689636,NC
-0.17020685861206164,6689637,NC
-0.19019713743464237,6689638,NC
-0.1951874166386696,6689639,NC
-0.2151776962243938,6689640,NC
-0.22016797619206546,6689641,NC
-0.21515825654193507,6689642,NC
-0.19514853727425302,6689643,NC
-0.20013881838926983,6689644,NC
-0.2351290998872359,6689645,NC
-0.2401193817684017,6689646,NC
-0.2301096640330176,6689647,NC
-0.22509994668133404,6689648,NC
-0.21509022971360145,6689649,NC
-0.23008051313007016,6689650,NC
-0.27007079693099056,6689651,NC
-0.2750610811166131,6689652,NC
-0.27005136568718807,6689653,NC
-0.2700416506429658,6689654,NC
-0.2650319359841967,6689655,NC
-0.28502222171113106,6689656,NC
-0.31001250782401923,6689657,NC
-0.3100027943231115,6689658,NC
-0.2699930812086581,6689659,NC
-0.24998336848090946,6689660,NC
-0.2549736561401158,6689661,NC
-0.26496394418652736,6689662,NC
-0.26495423262039447,6689663,NC
-0.26994452144196723,6689664,NC
-0.2749348106514961,6689665,NC
-0.26992510024923116,6689666,NC
-0.26491539023542277,6689667,NC
-0.2699056806103209,6689668,NC
-0.274895971374176,6689669,NC
-0.2848862625272381,6689670,NC
-0.2798765540697575,6689671,NC
-0.26986684600198424,6689672,NC
-0.26985713832416863,6689673,NC
-0.27984743103656073,6689674,NC
-0.2848377241394107,6689675,NC
-0.3048280176329687,6689676,NC
-0.2898183115174848,6689677,NC
-0.2848086057932091,6689678,NC
-0.27479890046039174,6689679,NC
-0.2747891955192828,6689680,NC
-0.28477949097013244,6689681,NC
-0.2947697868131906,6689682,NC
-0.2797600830487074,6689683,NC
-0.27975037967693295,6689684,NC
-0.2647406766981172,6689685,NC
-0.2697309741125102,6689686,NC
-0.27972127192036195,6689687,NC
-0.3047115701219225,6689688,NC
-0.2897018687174419,6689689,NC
-0.26969216770717,6689690,NC
-0.25468246709135695,6689691,NC
-0.2546727668702526,6689692,NC
-0.2646630670441069,6689693,NC
-0.2596533676131699,6689694,NC
-0.24464366857769143,6689695,NC
-0.2396339699379215,6689696,NC
-0.22462427169410995,6689697,NC
-0.2396145738465068,6689698,NC
-0.23460487639536184,6689699,NC
-0.219595179340925,6689700,NC
-0.1595854826834462,6689701,NC
-0.11457578642317523,6689702,NC
-0.03956609056036199,6689703,NC
0.015443604904743667,6689704,NC
0.08045329997189192,6689705,NC
0.14546299464083295,6689706,NC
0.2304726889113169,6689707,NC
0.285482382783094,6689708,NC
0.2954920762559145,6689709,NC
0.2605017693295285,6689710,NC
0.15551146200368632,6689711,NC
0.045521154278138125,6689712,NC
-0.06446915384736579,6689713,NC
-0.12445946237307519,6689714,NC
-0.15444977129923979,6689715,NC
-0.10944008062610931,6689716,NC
-0.0544303903539335,6689717,NC
0.045579299517037965,6689718,NC
0.19558898898655538,6689719,NC
0.3305986780543691,6689720,NC
0.43560836672022935,6689721,NC
0.5206180549838866,6689722,NC
0.5406277428450911,6689723,NC
0.5106374303035932,6689724,NC
0.4306471173591434,6689725,L
0.345656804011492,6689726,NC
0.27066649026038936,6689727,NC
0.1906761761055859,6689728,NC
0.07068586154683207,6689729,NC
-0.029304453416121767,6689730,NC
-0.11929476878352517,6689731,NC
-0.17928508455562767,6689732,NC
-0.24927540073267881,6689733,NC
-0.3342657173149281,6689734,NC
-0.4092560343026252,6689735,NC
-0.4742463516960195,6689736,NC
-0.5042366694953605,6689737,NC
-0.4992269877008978,6689738,NC
-0.4642173063128808,6689739,NC
-0.449207625331559,6689740,NC
-0.4291979447571818,6689741,NC
-0.39918826458999873,6689742,NC
-0.37917858483025924,6689743,NC
-0.3541689054782127,6689744,NC
-0.3241592265341086,6689745,NC
-0.31914954799819634,6689746,NC
-0.31913986987072523,6689747,NC
-0.31913019215194477,6689748,NC
-0.33912051484210426,6689749,NC
-0.3191108379414532,6689750,NC
-0.31910116145024076,6689751,NC
-0.3140914853687164,6689752,NC
-0.31408180969712945,6689753,NC
-0.33407213443572925,6689754,NC
-0.3240624595847651,6689755,NC
-0.3290527851444862,6689756,NC
-0.3190431111151421,6689757,NC
-0.30903343749698187,6689758,NC
-0.3040237642902548,6689759,NC
-0.3240140914952102,6689760,NC
-0.33400441911209733,6689761,NC
-0.3139947471411655,6689762,NC
-0.29398507558266374,6689763,NC
-0.28897540443684144,6689764,NC
-0.3039657337039478,6689765,NC
-0.318956063384232,6689766,NC
-0.3089463934779431,6689767,NC
-0.2839367239853305,6689768,NC
-0.26392705490664325,6689769,NC
-0.2739173862421304,6689770,NC
-0.27890771799204134,6689771,NC
-0.298898050156625,6689772,NC
-0.29388838273613066,6689773,NC
-0.2838787157308073,6689774,NC
-0.26386904914090414,6689775,NC
-0.2688593829666701,6689776,NC
-0.2638497172083545,6689777,NC
-0.26384005186620624,6689778,NC
-0.24883038694047438,6689779,NC
-0.22882072243140802,6689780,NC
-0.23881105833925625,6689781,NC
-0.223801394664268,6689782,NC
-0.22379173140669234,6689783,NC
-0.2287820685667783,6689784,NC
-0.21377240614477483,6689785,NC
-0.19376274414093092,6689786,NC
-0.17375308255549557,6689787,NC
-0.15874342138871772,6689788,NC
-0.15373376064084635,6689789,NC
-0.15372410031213035,6689790,NC
-0.14871444040281873,6689791,NC
-0.11870478091316032,6689792,NC
-0.0986951218434041,6689793,NC
-0.09368546319379893,6689794,NC
-0.08367580496459374,6689795,NC
-0.07866614715603737,6689796,NC
-0.06365648976837869,6689797,NC
-0.048646832801866574,6689798,NC
-0.04363717625674984,6689799,NC
-0.008627520133277361,6689800,NC
-0.008617864431697923,6689801,NC
-0.008608209152260356,6689802,NC
0.006401445704786542,6689803,NC
0.026411100139193983,6689804,NC
0.07142075415071318,6689805,NC
0.09143040773909537,6689806,NC
0.09144006090409179,6689807,NC
0.10144971364545372,6689808,NC
0.1264593659629324,6689809,NC
0.1564690178562791,6689810,NC
0.1814786693252451,6689811,NC
0.2014883203695817,6689812,NC
0.1914979709890402,6689813,NC
0.16650762118337198,6689814,NC
0.19151727095232832,6689815,NC
0.22652692029566054,6689816,NC
0.2665365692131201,6689817,NC
0.2515462177044582,6689818,NC
0.23655586576942628,6689819,NC
0.2115655134077758,6689820,NC
0.18657516061925805,6689821,NC
0.17158480740362447,6689822,NC
0.15659445376062653,6689823,NC
0.1116040996900156,6689824,NC
0.061613745191543126,6689825,NC
0.01662339026496058,6689826,NC
-0.003366965089980592,6689827,NC
-0.008357320873528914,6689828,NC
-0.013347677085932898,6689829,NC
-0.03333803372744106,6689830,NC
-0.06332839079830188,6689831,NC
-0.07831874829876384,6689832,NC
-0.08330910622907543,6689833,NC
-0.0782994645894851,6689834,NC
-0.0782898233802413,6689835,NC
-0.08828018260159247,6689836,NC
-0.10327054225378703,6689837,NC
-0.12326090233707343,6689838,NC
-0.12325126285170003,6689839,NC
-0.10324162379791522,6689840,NC
-0.10323198517596743,6689841,NC
-0.12822234698610502,6689842,NC
-0.14321270922857632,6689843,NC
-0.1382030719036297,6689844,NC
-0.1331934350115135,6689845,NC
-0.13318379855247608,6689846,NC
-0.1131741625267657,6689847,NC
-0.11316452693463068,6689848,NC
-0.11815489177631934,6689849,NC
-0.1331452570520799,6689850,NC
-0.1381356227621607,6689851,NC
-0.11812598890681002,6689852,NC
-0.11311635548627602,6689853,NC
-0.118106722500807,6689854,NC
-0.13309708995065114,6689855,NC
-0.13808745783605672,6689856,NC
-0.1480778261572719,6689857,NC
-0.11306819491454491,6689858,NC
-0.09305856410812388,6689859,NC
-0.09804893373825702,6689860,NC
-0.10803930380519246,6689861,NC
-0.11302967430917837,6689862,NC
-0.1130200452504629,6689863,NC
-0.10301041662929414,6689864,NC
-0.11800078844592023,6689865,NC
-0.11299116070058926,6689866,NC
-0.12298153339354934,6689867,NC
-0.1329719065250485,6689868,NC
-0.12296228009533489,6689869,NC
-0.0929526541046565,6689870,NC
-0.08294302855326141,6689871,NC
-0.09293340344139764,6689872,NC
-0.08292377876931323,6689873,NC
-0.10291415453725618,6689874,NC
-0.10290453074547448,6689875,NC
-0.08289490739421616,6689876,NC
-0.08788528448372916,6689877,NC
-0.08787566201426146,6689878,NC
-0.10286603998606102,6689879,NC
-0.10785641839937579,6689880,NC
-0.11784679725445368,6689881,NC
-0.09283717655154264,6689882,NC
-0.08282755629089056,6689883,NC
-0.08281793647274534,6689884,NC
-0.08780831709735487,6689885,NC
-0.10279869816496703,6689886,NC
-0.08778907967582969,6689887,NC
-0.0727794616301907,6689888,NC
-0.07276984402829789,6689889,NC
-0.0827602268703991,6689890,NC
-0.09775061015674216,6689891,NC
-0.11774099388757486,6689892,NC
-0.107731378063145,6689893,NC
-0.09772176268370036,6689894,NC
-0.08271214774948875,6689895,NC
-0.09770253326075787,6689896,NC
-0.11269291921775551,6689897,NC
-0.12268330562072942,6689898,NC
-0.09767369246992728,6689899,NC
-0.10266407976559684,6689900,NC
-0.0726544675079858,6689901,NC
-0.08264485569734187,6689902,NC
-0.10263524433391269,6689903,NC
-0.10262563341794595,6689904,NC
-0.10261602294968933,6689905,NC
-0.08760641292939045,6689906,NC
-0.08759680335729694,6689907,NC
-0.08758719423365645,6689908,NC
-0.10257758555871657,6689909,NC
-0.10256797733272491,6689910,NC
-0.09755836955592907,6689911,NC
-0.0925487622285766,6689912,NC
-0.08753915535091507,6689913,NC
-0.09252954892319207,6689914,NC
-0.10251994294565508,6689915,NC
-0.1025103374185517,6689916,NC
-0.0875007323421294,6689917,NC
-0.062491127716635717,6689918,NC
-0.05248152354231813,6689919,NC
-0.057471919819424115,6689920,NC
-0.05746231654820117,6689921,NC
-0.07245271372889675,6689922,NC
-0.05744311136175829,6689923,NC
-0.03243350944703324,6689924,NC
-0.02242390798496902,6689925,NC
-0.027414306975813044,6689926,NC
-0.047404706419812724,6689927,NC
-0.05739510631721544,6689928,NC
-0.03238550666826859,6689929,NC
-0.012375907473219514,6689930,NC
0.00263369126768441,6689931,NC
-0.0073567104458041495,6689932,NC
-0.00734711261393254,6689933,NC
-0.042337515236948065,6689934,NC
-0.04232791831509805,6689935,NC
-0.03231832184862979,6689936,NC
-0.012308725837790548,6689937,NC
-0.012299130282827628,6689938,NC
-0.032289535183988284,6689939,NC
-0.04727994054151975,6689940,NC
-0.052270346355669295,6689941,NC
-0.05226075262668412,6689942,NC
-0.04225115935481144,6689943,NC
-0.04224156654029848,6689944,NC
-0.06223197418339242,6689945,NC
-0.07222238228434043,6689946,NC
-0.0672127908433897,6689947,NC
-0.05720319986078736,6689948,NC
-0.04719360933678059,6689949,NC
-0.08218401927161648,6689950,NC
-0.07717442966554218,6689951,NC
-0.0971648405188048,6689952,NC
-0.11215525183165141,6689953,NC
-0.09714566360432914,6689954,NC
-0.09213607583708501,6689955,NC
-0.11212648853016612,6689956,NC
-0.1271169016838195,6689957,NC
-0.1571073152982922,6689958,NC
-0.14709772937383125,6689959,NC
-0.11208814391068367,6689960,NC
-0.08207855890909643,6689961,NC
-0.08706897436931654,6689962,NC
-0.10705939029159098,6689963,NC
-0.13204980667616673,6689964,NC
-0.1270402235232907,6689965,NC
-0.1170306408332099,6689966,NC
-0.1120210586061712,6689967,NC
-0.10701147684242154,6689968,NC
-0.13200189554220784,6689969,NC
-0.12699231470577696,6689970,NC
-0.11698273433337586,6689971,NC
-0.1019731544252513,6689972,NC
-0.11696357498165023,6689973,NC
-0.11695399600281947,6689974,NC
-0.1269444174890058,6689975,NC
-0.12193483944045617,6689976,NC
-0.11692526185741728,6689977,NC
-0.10691568474013594,6689978,NC
-0.10190610808885898,6689979,NC
-0.11189653190383317,6689980,NC
-0.12188695618530525,6689981,NC
-0.13187738093352197,6689982,NC
-0.11686780614873009,6689983,NC
-0.10685823183117632,6689984,NC
-0.09684865798110738,6689985,NC
-0.09683908459876998,6689986,NC
-0.10682951168441081,6689987,NC
-0.12681993923827653,6689988,NC
-0.13681036726061385,6689989,NC
-0.11680079575166938,6689990,NC
-0.08679122471168978,6689991,NC
-0.08678165414092168,6689992,NC
-0.09177208403961169,6689993,NC
-0.09676251440800644,6689994,NC
-0.0917529452463525,6689995,NC
-0.08174337655489647,6689996,NC
-0.06673380833388491,6689997,NC
-0.07172424058356437,6689998,NC
-0.06171467330418142,6689999,NC
-0.051705106495982575,6690000,NC
-0.02169554015921436,6690001,NC
0.013314025705876715,6690002,NC
0.08332359109904416,6690003,NC
0.14833315602004146,6690004,NC
0.2183427204686222,6690005,NC
0.2983522844445399,6690006,NC
0.368361847947548,6690007,NC
0.4583714109774002,6690008,NC
0.51338097353385,6690009,NC
0.4733905356166511,6690010,NC
0.433400097225557,6690011,NC
0.35840965836032135,6690012,NC
0.2834192190206978,6690013,NC
0.2284287792064398,6690014,NC
0.22343833891730122,6690015,NC
0.25844789815303565,6690016,NC
0.3184574569133968,6690017,NC
0.4234670151981383,6690018,NC
0.5584765730070138,6690019,NC
0.733486130339777,6690020,NC
0.8634956871961819,6690021,NC
0.953505243575982,6690022,NC
0.993514799478931,6690023,NC
0.9585243549047827,6690024,L
0.853533909853291,6690025,NC
0.7185434643242096,6690026,NC
0.6385530183172922,6690027,NC
0.5435625718322928,6690028,NC
0.433572124868965,6690029,NC
0.2985816774270629,6690030,NC
0.20859122950634007,6690031,NC
0.11360078110655056,6690032,NC
0.013610332227448153,6690033,NC
-0.08638011713121323,6690034,NC
-0.19637056696967972,6690035,NC
-0.2663610172881974,6690036,NC
-0.30135146808701235,6690037,NC
-0.2763419193663706,6690038,NC
-0.2563323711265183,6690039,NC
-0.2263228233677014,6690040,NC
-0.21631327609016596,6690041,NC
-0.20630372929415802,6690042,NC
-0.17129418297992358,6690043,NC
-0.1562846371477086,6690044,NC
-0.1262750917977591,6690045,NC
-0.13126554693032103,6690046,NC
-0.13125600254564035,6690047,NC
-0.161246458643963,6690048,NC
-0.15623691522553493,6690049,NC
-0.14622737229060204,6690050,NC
-0.1262178298394102,6690051,NC
-0.1312082878722054,6690052,NC
-0.13119874638923346,6690053,NC
-0.13618920539074023,6690054,NC
-0.13117966487697158,6690055,NC
-0.1161701248481734,6690056,NC
-0.11616058530459149,6690057,NC
-0.1261510462464716,6690058,NC
-0.12614150767405968,6690059,NC
-0.14613196958760144,6690060,NC
-0.1311224319873426,6690061,NC
-0.11611289487352908,6690062,NC
-0.1061033582464065,6690063,NC
-0.10109382210622067,6690064,NC
-0.12108428645321732,6690065,NC
-0.13107475128764212,6690066,NC
-0.12106521660974087,6690067,NC
-0.10105568241975915,6690068,NC
-0.09104614871794274,6690069,NC
-0.08603661550453724,6690070,NC
-0.08602708277978835,6690071,NC
-0.0960175505439417,6690072,NC
-0.07600801879724291,6690073,NC
-0.0659984875399376,6690074,NC
-0.05098895677227138,6690075,NC
-0.04097942649448984,6690076,NC
-0.050969896706838574,6690077,NC
-0.05596036740956313,6690078,NC
-0.05095083860290908,6690079,NC
-0.06094131028712196,6690080,NC
-0.015931782462447287,6690081,NC
0.004077744870869409,6690082,NC
-0.005912728287417381,6690083,NC
-0.01590320193755314,6690084,NC
-0.0058936760797833505,6690085,NC
0.024115849285646525,6690086,NC
0.034125374158491026,6690087,NC
0.04413489853850472,6690088,NC
0.03914442242544217,6690089,NC
0.04915394581905797,6690090,NC
0.0641634687191067,6690091,NC
0.089172991125343,6690092,NC
0.09918251303752146,6690093,NC
0.11419203445539675,6690094,NC
0.11920155537872347,6690095,NC
0.11921107580725632,6690096,NC
0.12422059574074995,6690097,NC
0.1592301151789591,6690098,NC
0.17423963412163837,6690099,NC
0.19424915256854255,6690100,NC
0.19425867051942636,6690101,NC
0.18926818797404452,6690102,NC
0.19427770493215174,6690103,NC
0.22928722139350288,6690104,NC
0.26429673735785264,6690105,NC
0.2593062528249558,6690106,NC
0.2643157677945672,6690107,NC
0.2943252822664417,6690108,NC
0.324334796240334,6690109,NC
0.33934430971599905,6690110,NC
0.3843538226931917,6690111,NC
0.3693633351716667,6690112,NC
0.369372847151179,6690113,NC
0.3593823586314836,6690114,NC
0.35439186961233526,6690115,NC
0.34940138009348887,6690116,NC
0.3344108900746995,6690117,NC
0.324420399555722,6690118,NC
0.2694299085363113,6690119,NC
0.24443941701622252,6690120,NC
0.2194489249952105,6690121,NC
0.18445843247303026,6690122,NC
0.1944679394494368,6690123,NC
0.16947744592418518,6690124,NC
0.11948695189703042,6690125,NC
0.11449645736772754,6690126,NC
0.08950596233603164,6690127,NC
0.08951546680169775,6690128,NC
0.08952497076448099,6690129,NC
0.06953447422413643,6690130,NC
0.049543977180419196,6690131,NC
0.02455347963308441,6690132,NC
0.014562981581887208,6690133,NC
0.024572483026582746,6690134,NC
0.019581983966926172,6690135,NC
0.004591484402672673,6690136,NC
-0.000399015666422569,6690137,NC
-0.020389516240604342,6690138,NC
-0.005380017320117444,6690139,NC
-0.0003705189052066321,6690140,NC
0.014638979003883317,6690141,NC
-0.010351523593092334,6690142,NC
-0.035342026696378315,6690143,NC
-0.025332530306219347,6690144,NC
-0.025323034422860147,6690145,NC
-0.0153135390465454,6690146,NC
-0.015304044177519786,6690147,NC
-0.015294549816027982,6690148,NC
-0.05028505596231463,6690149,NC
-0.04527556261662438,6690150,NC
-0.03526606977920185,6690151,NC
-0.010256577450291675,6690152,NC
-0.010247085630138441,6690153,NC
-0.030237594318986746,6690154,NC
-0.030228103517081165,6690155,NC
-0.06021861322466625,6690156,NC
-0.03520912344198657,6690157,NC
-0.010199634169286643,6690158,NC
-0.005190145406811009,6690159,NC
-0.00018065715480416328,6690160,NC
-0.025171169413510615,6690161,NC
-0.04016168218317484,6690162,NC
-0.035152195464041316,6690163,NC
-0.020142709256354502,6690164,NC
-0.005133223560358835,6690165,NC
-0.010123738376298746,6690166,NC
-0.03511425370441866,6690167,NC
-0.04010476954496298,6690168,NC
-0.03509528589817611,6690169,NC
-0.025085802764302393,6690170,NC
-0.010076320143586233,6690171,NC
-0.02006683803627196,6690172,NC
-0.02505735644260392,6690173,NC
-0.04504787536282645,6690174,NC
-0.03503839479718383,6690175,NC
-0.0450289147459204,6690176,NC
-0.025019435209280412,6690177,NC
-0.035009956187508164,6690178,NC
-0.0400004776808479,6690179,NC
-0.049990999689543875,6690180,NC
-0.03498152221384031,6690181,NC
-0.029972045253981436,6690182,NC
-0.03496256881021145,6690183,NC
-0.044953092882774555,6690184,NC
-0.06994361747191492,6690185,NC
-0.06993414257787672,6690186,NC
-0.05992466820090412,6690187,NC
-0.05491519434124124,6690188,NC
-0.04990572099913221,6690189,NC
-0.06489624817482115,6690190,NC
-0.07988677586855214,6690191,NC
-0.08987730408056929,6690192,NC
-0.08486783281111665,6690193,NC
-0.08985836206043832,6690194,NC
-0.049848891828778316,6690195,NC
-0.03983942211638066,6690196,NC
-0.0648299529234894,6690197,NC
-0.08482048425034852,6690198,NC
-0.07981101609720204,6690199,NC
-0.0748015484642939,6690200,NC
-0.0797920813518681,6690201,NC
-0.08478261476016859,6690202,NC
-0.08477314868943928,6690203,NC
-0.09976368313992412,6690204,NC
-0.08975421811186703,6690205,NC
-0.08474475360551187,6690206,NC
-0.09973528962110258,6690207,NC
-0.099725826158883,6690208,NC
-0.10471636321909698,6690209,NC
-0.1197069008019884,6690210,NC
-0.09969743890780103,6690211,NC
-0.09468797753677877,6690212,NC
-0.07967851668916534,6690213,NC
-0.0996690563652046,6690214,NC
-0.0946595965651403,6690215,NC
-0.09965013728921618,6690216,NC
-0.08964067853767604,6690217,NC
-0.0696312203107636,6690218,NC
-0.05462176260872255,6690219,NC
-0.05961230543179665,6690220,NC
-0.06460284878022957,6690221,NC
-0.07459339265426498,6690222,NC
-0.06958393705414657,6690223,NC
-0.039574481980118,6690224,NC
-0.039565027432422906,6690225,NC
-0.05455557341130491,6690226,NC
-0.05954611991700763,6690227,NC
-0.07453666694977468,6690228,NC
-0.044527214509849616,6690229,NC
-0.03451776259747605,6690230,NC
-0.034508311212897526,6690231,NC
-0.03449886035635759,6690232,NC
-0.05948941002809978,6690233,NC
-0.07447996022836761,6690234,NC
-0.06947051095740459,6690235,NC
-0.06446106221545422,6690236,NC
-0.05445161400275997,6690237,NC
-0.05944216631956531,6690238,NC
-0.07943271916611369,6690239,NC
-0.08942327254264855,6690240,NC
-0.10441382644941331,6690241,NC
-0.09440438088665139,6690242,NC
-0.07439493585460617,6690243,NC
-0.08438549135352105,6690244,NC
-0.0893760473836394,6690245,NC
-0.12936660394520455,6690246,NC
-0.11935716103845992,6690247,NC
-0.12934771866364872,6690248,NC
-0.12933827682101434,6690249,NC
-0.1443288355108001,6690250,NC
-0.16431939473324925,6690251,NC
-0.18430995448860504,6690252,NC
-0.18930051477711077,6690253,NC
-0.1892910755990097,6690254,NC
-0.17428163695454504,6690255,NC
-0.17427219884396,6690256,NC
-0.16926276126749779,6690257,NC
-0.1792533242254016,6690258,NC
-0.17924388771791464,6690259,NC
-0.17923445174528002,6690260,NC
-0.15422501630774094,6690261,NC
-0.1692155814055405,6690262,NC
-0.17420614703892184,6690263,NC
-0.18919671320812806,6690264,NC
-0.18918727991340228,6690265,NC
-0.17917784715498755,6690266,NC
-0.16416841493312695,6690267,NC
-0.1841589832480635,6690268,NC
-0.18914955210004034,6690269,NC
-0.2041401214893004,6690270,NC
-0.19913069141608672,6690271,NC
-0.18912126188064227,6690272,NC
-0.17911183288321011,6690273,NC
-0.17910240442403313,6690274,NC
-0.20909297650335434,6690275,NC
-0.20908354912141666,6690276,NC
-0.209074122278463,6690277,NC
-0.1940646959747363,6690278,NC
-0.17905527021047948,6690279,NC
-0.19904584498593542,6690280,NC
-0.18903642030134693,6690281,NC
-0.21402699615695692,6690282,NC
-0.2040175725530083,6690283,NC
-0.18400814948974373,6690284,NC
-0.1589987269674062,6690285,NC
-0.16898930498623843,6690286,NC
-0.20397988354648325,6690287,NC
-0.21397046264838335,6690288,NC
-0.22896104229218162,6690289,NC
-0.2239516224781207,6690290,NC
-0.20394220320644338,6690291,NC
-0.20893278447739236,6690292,NC
-0.20892336629121033,6690293,NC
-0.20391394864814003,6690294,NC
-0.19890453154842408,6690295,NC
-0.1738951149923052,6690296,NC
-0.148885698980026,6690297,NC
-0.15387628351182908,6690298,NC
-0.1488668685879572,6690299,NC
-0.12885745420865283,6690300,NC
-0.09884804037415862,6690301,NC
-0.03883862708471713,6690302,NC
0.02617078565942905,6690303,NC
0.08618019785803738,6690304,NC
0.15618960951086536,6690305,NC
0.23119902061767036,6690306,NC
0.29620843117821,6690307,NC
0.36621784119224166,6690308,NC
0.386227250659523,6690309,NC
0.37123665957981145,6690310,NC
0.3062460679528646,6690311,NC
0.19125547577843996,6690312,NC
0.10626488305629515,6690313,NC
0.036274289786187755,6690314,NC
0.011283695967875368,6690315,NC
0.05129310160111561,6690316,NC
0.14130250668566613,6690317,NC
0.26631191122128456,6690318,NC
0.42132131520772853,6690319,NC
0.5613307186447558,6690320,NC
0.676340121532124,6690321,NC
0.7313495238695906,6690322,NC
0.7413589256569137,6690323,NC
0.6713683268938511,6690324,L
0.5413777275801601,6690325,NC
0.4363871277155987,6690326,NC
0.3463965272999247,6690327,NC
0.24640592633289582,6690328,NC
0.1514153248142699,6690329,NC
0.026424722743804703,6690330,NC
-0.07856587987874188,6690331,NC
-0.17855648305361202,6690332,NC
-0.2585470867810479,6690333,NC
-0.3435376910612915,6690334,NC
-0.40852829589458517,6690335,NC
-0.4185189012811708,6690336,NC
-0.4235095072212906,6690337,NC
-0.36850011371518665,6690338,NC
-0.3334907207631008,6690339,NC
-0.3234813283652754,6690340,NC
-0.30847193652195226,6690341,NC
-0.29846254523337346,6690342,NC
-0.29845315449978105,6690343,NC
-0.2934437643214169,6690344,NC
-0.273434374698523,6690345,NC
-0.2684249856313414,6690346,NC
-0.278415597120114,6690347,NC
-0.3034062091650827,6690348,NC
-0.2933968217664894,6690349,NC
-0.29838743492457603,6690350,NC
-0.2883780486395845,6690351,NC
-0.2783686629117566,6690352,NC
-0.2833592777413343,6690353,NC
-0.28834989312855935,6690354,NC
-0.2783405090736736,6690355,NC
-0.26833112557691885,6690356,NC
-0.2633217426385369,6690357,NC
-0.2683123602587696,6690358,NC
-0.29330297843785863,6690359,NC
-0.3132935971760458,6690360,NC
-0.3232842164735728,6690361,NC
-0.2832748363306814,6690362,NC
-0.2632654567476133,6690363,NC
-0.2732560777246102,6690364,NC
-0.25324669926191384,6690365,NC
-0.2682373213597657,6690366,NC
-0.2682279440184076,6690367,NC
-0.25821856723808123,6690368,NC
-0.22820919101902803,6690369,NC
-0.23819981536148974,6690370,NC
-0.2481904402657079,6690371,NC
-0.24818106573192414,6690372,NC
-0.24317169176037998,6690373,NC
-0.22816231835131698,6690374,NC
-0.21315294550497668,6690375,NC
-0.20314357322160065,6690376,NC
-0.20313420150143036,6690377,NC
-0.2031248303447073,6690378,NC
-0.17811545975167295,6690379,NC
-0.16310608972256876,6690380,NC
-0.17309672025763623,6690381,NC
-0.16308735135711677,6690382,NC
-0.1630779830212518,6690383,NC
-0.14806861525028273,6690384,NC
-0.15305924804445092,6690385,NC
-0.1280498814039978,6690386,NC
-0.10804051532916474,6690387,NC
-0.10803114982019305,6690388,NC
-0.10802178487732406,6690389,NC
-0.1130124205007991,6690390,NC
-0.0880030566908595,6690391,NC
-0.052993693447746515,6690392,NC
-0.027984330771701454,6690393,NC
-0.03297496866296555,6690394,NC
-0.02796560712178008,6690395,NC
-0.012956246148386245,6690396,NC
0.02205311425697473,6690397,NC
0.05706247409406163,6690398,NC
0.09207183336263328,6690399,NC
0.10208119206244848,6690400,NC
0.1220905501932661,6690401,NC
0.13709990775484499,6690402,NC
0.157109264746944,6690403,NC
0.18711862116932204,6690404,NC
0.20712797702173802,6690405,NC
0.22213733230395083,6690406,NC
0.23714668701571937,6690407,NC
0.2521560411568027,6690408,NC
0.2471653947269596,6690409,NC
0.22217474772594917,6690410,NC
0.18718410015353038,6690411,NC
0.1421934520094622,6690412,NC
0.10220280329350369,6690413,NC
0.08221215400541385,6690414,NC
0.07222150414495174,6690415,NC
0.057230853711876424,6690416,NC
0.03224020270594697,6690417,NC
-0.002750448873077533,6690418,NC
-0.04774110102543798,6690419,NC
-0.07273175375137522,6690420,NC
-0.07272240705113017,6690421,NC
-0.07771306092494365,6690422,NC
-0.08770371537305646,6690423,NC
-0.0726943703957095,6690424,NC
-0.07268502599314351,6690425,NC
-0.09267568216559931,6690426,NC
-0.11266633891331768,6690427,NC
-0.13265699623653934,6690428,NC
-0.1376476541355051,6690429,NC
-0.1576383126104556,6690430,NC
-0.1776289716616317,6690431,NC
-0.18261963128927394,6690432,NC
-0.17761029149362312,6690433,NC
-0.15260095227491985,6690434,NC
-0.13759161363340483,6690435,NC
-0.14258227556931868,6690436,NC
-0.152572938082902,6690437,NC
-0.18256360117439546,6690438,NC
-0.15755426484403962,6690439,NC
-0.14754492909207512,6690440,NC
-0.14753559391874244,6690441,NC
-0.16752625932428214,6690442,NC
-0.16751692530893483,6690443,NC
-0.177507591872941,6690444,NC
-0.1624982590165411,6690445,NC
-0.15248892673997572,6690446,NC
-0.13747959504348528,6690447,NC
-0.14247026392731027,6690448,NC
-0.1524609333916911,6690449,NC
-0.15745160343686823,6690450,NC
-0.1374422740630821,6690451,NC
-0.13743294527057306,6690452,NC
-0.13242361705958153,6690453,NC
-0.15241428943034788,6690454,NC
-0.1924049623831125,6690455,NC
-0.20239563591811566,6690456,NC
-0.18738631003559775,6690457,NC
-0.16737698473579907,6690458,NC
-0.1423676600189599,6690459,NC
-0.15735833588532053,6690460,NC
-0.16234901233512122,6690461,NC
-0.16233968936860227,6690462,NC
-0.15233036698600386,6690463,NC
-0.14232104518756628,6690464,NC
-0.12231172397352964,6690465,NC
-0.10730240334413423,6690466,NC
-0.13729308329962017,6690467,NC
-0.15228376384022763,6690468,NC
-0.16727444496619678,6690469,NC
-0.16226512667776774,6690470,NC
-0.1622558089751806,6690471,NC
-0.14724649185867555,6690472,NC
-0.16223717532849255,6690473,NC
-0.16722785938487178,6690474,NC
-0.16721854402805325,6690475,NC
-0.16720922925827703,6690476,NC
-0.14719991507578312,6690477,NC
-0.1571906014808115,6690478,NC
-0.17218128847360223,6690479,NC
-0.19217197605439526,6690480,NC
-0.17716266422343058,6690481,NC
-0.1671533529809481,6690482,NC
-0.1571440423271878,6690483,NC
-0.1671347322623896,6690484,NC
-0.17212542278679335,6690485,NC
-0.197116113900639,6690486,NC
-0.19710680560416638,6690487,NC
-0.18209749789761537,6690488,NC
-0.15208819078122582,6690489,NC
-0.1620788842552376,6690490,NC
-0.16706957831989044,6690491,NC
-0.1620602729754242,6690492,NC
-0.15205096822207861,6690493,NC
-0.16704166406009352,6690494,NC
-0.1520323604897086,6690495,NC
-0.16202305751116367,6690496,NC
-0.18201375512469836,6690497,NC
-0.18700445333055246,6690498,NC
-0.19699515212896565,6690499,NC
-0.19198585152017755,6690500,NC
-0.1669765515044279,6690501,NC
-0.14196725208195626,6690502,NC
-0.14195795325300234,6690503,NC
-0.1519486550178057,6690504,NC
-0.16193935737660597,6690505,NC
-0.14193006032964273,6690506,NC
-0.12192076387715554,6690507,NC
-0.12191146801938398,6690508,NC
-0.1169021727565676,6690509,NC
-0.10689287808894588,6690510,NC
-0.09688358401675833,6690511,NC
-0.08687429054024448,6690512,NC
-0.07686499765964379,6690513,NC
-0.07685570537519572,6690514,NC
-0.08684641368713972,6690515,NC
-0.08683712259571522,6690516,NC
-0.10682783210116165,6690517,NC
-0.1368185422037184,6690518,NC
-0.14180925290362484,6690519,NC
-0.14679996420112038,6690520,NC
-0.13179067609644432,6690521,NC
-0.14678138858983608,6690522,NC
-0.1367721016815349,6690523,NC
-0.11676281537178015,6690524,NC
-0.11675352966081108,6690525,NC
-0.12674424454886699,6690526,NC
-0.14173496003618716,6690527,NC
-0.1467256761230108,6690528,NC
-0.17171639280957718,6690529,NC
-0.15670711009612548,6690530,NC
-0.14169782798289493,6690531,NC
-0.15168854647012467,6690532,NC
-0.15167926555805392,6690533,NC
-0.17166998524692184,6690534,NC
-0.18166070553696753,6690535,NC
-0.17165142642843015,6690536,NC
-0.18164214792154876,6690537,NC
-0.18163287001656248,6690538,NC
-0.1966235927137104,6690539,NC
-0.23661431601323157,6690540,NC
-0.22660503991536504,6690541,NC
-0.20159576442034982,6690542,NC
-0.18158648952842493,6690543,NC
-0.1665772152398294,6690544,NC
-0.1715679415548022,6690545,NC
-0.1715586684735823,6690546,NC
-0.1815493959964086,6690547,NC
-0.1865401241235201,6690548,NC
-0.18153085285515574,6690549,NC
-0.18152158219155434,6690550,NC
-0.18651231213295488,6690551,NC
-0.19150304267959617,6690552,NC
-0.1864937738317171,6690553,NC
-0.1814845055895565,6690554,NC
-0.17147523795335323,6690555,NC
-0.18146597092334604,6690556,NC
-0.1914567044997738,6690557,NC
-0.18644743868287525,6690558,NC
-0.19143817347288916,6690559,NC
-0.18642890887005428,6690560,NC
-0.16641964487460933,6690561,NC
-0.16141038148679307,6690562,NC
-0.15140111870684414,6690563,NC
-0.1613918565350013,6690564,NC
-0.16138259497150317,6690565,NC
-0.16137333401658843,6690566,NC
-0.1613640736704957,6690567,NC
-0.15635481393346362,6690568,NC
-0.1663455548057308,6690569,NC
-0.1813362962875358,6690570,NC
-0.16632703837911728,6690571,NC
-0.1663177810807137,6690572,NC
-0.15630852439256368,6690573,NC
-0.15629926831490573,6690574,NC
-0.15129001284797833,6690575,NC
-0.16628075799202005,6690576,NC
-0.16127150374726928,6690577,NC
-0.1412622501139646,6690578,NC
-0.12125299709234434,6690579,NC
-0.14124374468264703,6690580,NC
-0.13623449288511105,6690581,NC
-0.1562252416999748,6690582,NC
-0.13621599112747668,6690583,NC
-0.11620674116785507,6690584,NC
-0.0911974918213483,6690585,NC
-0.07118824308819474,6690586,NC
-0.0711789949686327,6690587,NC
-0.0511697474629005,6690588,NC
-0.0011605005712364246,6690589,NC
0.07384874570612125,6690590,NC
0.16385799136893425,6690591,NC
0.24386723641696434,6690592,NC
0.3238764808499733,6690593,NC
0.3988857246677229,6690594,NC
0.4538949678699749,6690595,NC
0.5039042104564911,6690596,NC
0.49891345242703355,6690597,NC
0.4489226937813639,6690598,NC
0.34893193451924404,6690599,NC
0.23394117464043584,6690600,NC
0.1639504141447013,6690601,NC
0.12895965303180218,6690602,NC
0.15396889130150052,6690603,NC
0.20397812895355819,6690604,NC
0.2889873659877372,6690605,NC
0.38399660240379957,6690606,NC
0.4940058382015072,6690607,NC
0.5840150733806222,6690608,NC
0.6640243079409064,6690609,NC
0.7090335418821221,6690610,NC
0.6840427752040311,6690611,NC
0.6140520079063956,6690612,L
0.5090612399889778,6690613,NC
0.44907047145153967,6690614,NC
0.3940797022938433,6690615,NC
0.31408893251565084,6690616,NC
0.2490981621167246,6690617,NC
0.16910739109682651,6690618,NC
0.09911661945571892,6690619,NC
0.02912584719316398,6690620,NC
-0.045864925691076114,6690621,NC
-0.1208556991972391,6690622,NC
-0.20084647332556277,6690623,NC
-0.2508372480762848,6690624,NC
-0.285828023449643,6690625,NC
-0.27081879944587495,6690626,NC
-0.2708095760652184,6690627,NC
-0.2708003533079111,6690628,NC
-0.2507911311741906,6690629,NC
-0.24078190966429455,6690630,NC
-0.2357726887784606,6690631,NC
-0.18576346851692638,6690632,NC
-0.17075424887992946,6690633,NC
-0.1707450298677074,6690634,NC
-0.18073581148049775,6690635,NC
-0.1907265937185381,6690636,NC
-0.18571737658206594,6690637,NC
-0.1857081600713188,6690638,NC
-0.1756989441865342,6690639,NC
-0.17568972892794954,6690640,NC
-0.18068051429580234,6690641,NC
-0.19067130029033005,6690642,NC
-0.1756620869117701,6690643,NC
-0.15565287416035986,6690644,NC
-0.14564366203633677,6690645,NC
-0.15563445053993819,6690646,NC
-0.17562523967140153,6690647,NC
-0.18061602943096405,6690648,NC
-0.1856068198188632,6690649,NC
-0.17059761083533623,6690650,NC
-0.16058840248062042,6690651,NC
-0.1655791947549531,6690652,NC
-0.19556998765857153,6690653,NC
-0.19056078119171294,6690654,NC
-0.1955515753546146,6690655,NC
-0.17054237014751367,6690656,NC
-0.16553316557064743,6690657,NC
-0.165523961624253,6690658,NC
-0.1655147583085676,6690659,NC
-0.17550555562382839,6690660,NC
-0.16549635357027245,6690661,NC
-0.15048715214813696,6690662,NC
-0.130477951357659,6690663,NC
-0.13046875119907567,6690664,NC
-0.14045955167262403,6690665,NC
-0.13545035277854114,6690666,NC
-0.13544115451706407,6690667,NC
-0.10543195688842981,6690668,NC
-0.11542275989287537,6690669,NC
-0.12041356353063774,6690670,NC
-0.12040436780195393,6690671,NC
-0.1153951727070609,6690672,NC
-0.10538597824619554,6690673,NC
-0.09037678441959482,6690674,NC
-0.05536759122749563,6690675,NC
-0.04535839867013487,6690676,NC
-0.03534920674774941,6690677,NC
-0.05034001546057614,6690678,NC
-0.04033082480885188,6690679,NC
-0.030321634792813468,6690680,NC
-0.01531244541269771,6690681,NC
-0.01030325666874141,6690682,NC
-0.0002940685611813286,6690683,NC
-0.0002848810902542527,6690684,NC
0.00472430574380308,6690685,NC
0.03473349194075395,6690686,NC
0.05974267750036163,6690687,NC
0.07975186242238942,6690688,NC
0.05976104670660065,6690689,NC
0.054770230352758645,6690690,NC
0.08477941336062676,6690691,NC
0.09978859572996839,6690692,NC
0.13479777746054689,6690693,NC
0.13480695855212566,6690694,NC
0.1448161390044681,6690695,NC
0.14982531881733768,6690696,NC
0.17483449799049786,6690697,NC
0.21484367652371208,6690698,NC
0.24485285441674381,6690699,NC
0.2548620316693566,6690700,NC
0.26987120828131395,6690701,NC
0.2748803842523793,6690702,NC
0.2998895595823164,6690703,NC
0.3248987342708886,6690704,NC
0.3499079083178596,6690705,NC
0.349917081722993,6690706,NC
0.3399262544860524,6690707,NC
0.33493542660680137,6690708,NC
0.33994459808500366,6690709,NC
0.3199537689204229,6690710,NC
0.32996293911282276,6690711,NC
0.3149721086619669,6690712,NC
0.27498127756761914,6690713,NC
0.2399904458295431,6690714,NC
0.19499961344750258,6690715,NC
0.19500878042126135,6690716,NC
0.1750179467505832,6690717,NC
0.15002711243523187,6690718,NC
0.13503627747497124,6690719,NC
0.11004544186956512,6690720,NC
0.09505460561877735,6690721,NC
0.0850637687223718,6690722,NC
0.10007293118011235,6690723,NC
0.08508209299176289,6690724,NC
0.07009125415708735,6690725,NC
0.04510041467584966,6690726,NC
0.05010957454781376,6690727,NC
0.035118733772743604,6690728,NC
0.03512789235040321,6690729,NC
0.02013705028055653,6690730,NC
0.005146207562967606,6690731,NC
-0.009844635802599533,6690732,NC
-0.01983547981638084,6690733,NC
-0.019826324478612264,6690734,NC
0.015182830210470294,6690735,NC
0.015191984250630926,6690736,NC
0.005201137641633741,6690737,NC
-0.014789709616757123,6690738,NC
-0.024780557524777515,6690739,NC
-0.004771406082663271,6690740,NC
0.015237744709349783,6690741,NC
0.000246894851025848,6690742,NC
-0.009743955657870857,6690743,NC
-0.024734806817576106,6690744,NC
-0.034725658628325634,6690745,NC
-0.0247165110903552,6690746,NC
-0.004707364203900499,6690747,NC
-0.009698217969197249,6690748,NC
-0.01968907238648112,6690749,NC
-0.03467992745598779,6690750,NC
-0.014670783177952913,6690751,NC
-0.004661639552612104,6690752,NC
-0.009652496580201002,6690753,NC
-0.019643354260955186,6690754,NC
-0.024634212595110255,6690755,NC
-0.04462507158290177,6690756,NC
-0.029615931224565278,6690757,NC
-0.014606791520336317,6690758,NC
0.005402347529549604,6690759,NC
-0.004588514075143019,6690760,NC
0.0004206236653503323,6690761,NC
-0.00957023924920581,6690762,NC
-0.004561102819046883,6690763,NC
0.010448032955591671,6690764,NC
0.02045716807447444,6690765,NC
0.015466302537366026,6690766,NC
0.0004754363440310459,6690767,NC
-0.014515430505765856,6690768,NC
-0.02450629801226003,6690769,NC
0.0005028338243131918,6690770,NC
0.0205119650037185,6690771,NC
0.020521095525720595,6690772,NC
0.02053022539008419,6690773,NC
-0.004460645403425962,6690774,NC
-0.014451516855045116,6690775,NC
0.0005576110349915023,6690776,NC
-0.01443326173355132,6690777,NC
0.0005758648390912294,6690778,NC
-0.019415009247316033,6690779,NC
-0.02940588399300827,6690780,NC
-0.029396759398220614,6690781,NC
-0.02438763546318821,6690782,NC
-0.0043785121881461525,6690783,NC
-0.019369389573329534,6690784,NC
-0.019360267618973435,6690785,NC
-0.02935114632531292,6690786,NC
-0.029342025692583023,6690787,NC
-0.02433290572101876,6690788,NC
-0.014323786410855154,6690789,NC
-0.024314667762327186,6690790,NC
-0.019305549775669825,6690791,NC
-0.044296432451118056,6690792,NC
-0.039287315788906776,6690793,NC
-0.029278199789270928,6690794,NC
-0.009269084452445422,6690795,NC
-0.02425996977866513,6690796,NC
-0.034250855768164945,6690797,NC
-0.0542417424211797,6690798,NC
-0.039232629737944245,6690799,NC
-0.039223517718693396,6690800,NC
-0.02421440636366195,6690801,NC
-0.024205295673084694,6690802,NC
-0.0341961856471964,6690803,NC
-0.04918707628623181,6690804,NC
-0.04917796759042567,6690805,NC
-0.0491688595600127,6690806,NC
-0.024159752195227594,6690807,NC
-0.029150645496305017,6690808,NC
-0.03914153946347966,6690809,NC
-0.04913243409698616,6690810,NC
-0.06912332939705915,6690811,NC
-0.05411422536393323,6690812,NC
-0.019105121997843016,6690813,NC
-0.014096019299023085,6690814,NC
-0.03408691726770799,6690815,NC
-0.04907781590413228,6690816,NC
-0.04406871520853049,6690817,NC
-0.04905961518113711,6690818,NC
-0.024050515822186664,6690819,NC
-0.024041417131913604,6690820,NC
-0.054032319110552396,6690821,NC
-0.07402322175833749,6690822,NC
-0.0840141250755033,6690823,NC
-0.08400502906228421,6690824,NC
-0.04399593371891468,6690825,NC
-0.03898683904562901,6690826,NC
-0.048977745042661586,6690827,NC
-0.04896865171024674,6690828,NC
-0.05395955904861881,6690829,NC
-0.028950467058012085,6690830,NC
-0.008941375738660853,6690831,NC
0.0010677149092006254,6690832,NC
0.0010768048853380847,6690833,NC
-0.013914105810482701,6690834,NC
-0.008905017178495959,6690835,NC
0.011104070781064124,6690836,NC
0.02111315806796336,6690837,NC
0.01612224468196758,6690838,NC
0.021131330622842646,6690839,NC
0.006140415890354418,6690840,NC
0.0011495004842687825,6690841,NC
0.016158584404351653,6690842,NC
0.056167667650368944,6690843,NC
0.0561767502220866,6690844,NC
0.05618583211927057,6690845,NC
0.036194913341686834,6690846,NC
0.026203993889101378,6690847,NC
0.026213073761280216,6690848,NC
0.02622215295798937,6690849,NC
0.021231231478994885,6690850,NC
0.021240309324062824,6690851,NC
0.0012493864929592584,6690852,NC
0.00625846298545029,6690853,NC
0.01626753880130203,6690854,NC
-0.003723386059719388,6690855,NC
0.0012856884021521763,6690856,NC
-0.0037052378133171013,6690857,NC
-0.02869616470636105,6690858,NC
-0.03868709227721347,6690859,NC
-0.02367802052610812,6690860,NC
-0.008668949453278788,6690861,NC
-0.013659879058959216,6690862,NC
-0.02865080934338313,6690863,NC
-0.04864174030678424,6690864,NC
-0.04863267194939626,6690865,NC
-0.03862360427145285,6690866,NC
-0.038614537273187664,6690867,NC
-0.03360547095483436,6690868,NC
-0.05359640531662656,6690869,NC
-0.06858734035879785,6690870,NC
-0.08357827608158186,6690871,NC
-0.07356921248521212,6690872,NC
-0.05856014956992221,6690873,NC
-0.04855108733594565,6690874,NC
-0.053542025783515995,6690875,NC
-0.0685329649128667,6690876,NC
-0.06852390472423128,6690877,NC
-0.06351484521784319,6690878,NC
-0.0435057863939359,6690879,NC
-0.05849672825274281,6690880,NC
-0.07848767079449734,6690881,NC
-0.0784786140194329,6690882,NC
-0.07846955792778286,6690883,NC
-0.0734605025197806,6690884,NC
-0.07345144779565944,6690885,NC
-0.0784423937556527,6690886,NC
-0.08343334039999373,6690887,NC
-0.1084242877289158,6690888,NC
-0.09841523574265214,6690889,NC
-0.07340618444143607,6690890,NC
-0.048397133825500774,6690891,NC
-0.05838808389507952,6690892,NC
-0.07337903465040548,6690893,NC
-0.08336998609171184,6690894,NC
-0.0733609382192318,6690895,NC
-0.08335189103319846,6690896,NC
-0.05834284453384499,6690897,NC
-0.08833379872140447,6690898,NC
-0.07332475359611003,6690899,NC
-0.08831570915819473,6690900,NC
-0.08330666540789164,6690901,NC
-0.07829762234543379,6690902,NC
-0.05828857997105423,6690903,NC
-0.048279538284985934,6690904,NC
-0.06327049728746192,6690905,NC
-0.06826145697871516,6690906,NC
-0.06825241735897858,6690907,NC
-0.04824337842848515,6690908,NC
-0.048234340187467764,6690909,NC
-0.05322530263615935,6690910,NC
-0.05821626577479277,6690911,NC
-0.07320722960360089,6690912,NC
-0.07819819412281655,6690913,NC
-0.0781891593326726,6690914,NC
-0.058180125233401866,6690915,NC
-0.05317109182523711,6690916,NC
-0.07316205910841111,6690917,NC
-0.053153027083156654,6690918,NC
-0.04814399574970645,6690919,NC
-0.033134965108293245,6690920,NC
-0.003125935159149735,6690921,NC
-0.0031169059025086022,6690922,NC
0.01189212266139747,6690923,NC
0.01690115053233584,6690924,NC
0.06691017771007388,6690925,NC
0.14191920419437895,6690926,NC
0.24192822998501848,6690927,NC
0.31193725508175985,6690928,NC
0.35194627948437057,6690929,NC
0.386955303192618,6690930,NC
0.3919643262062697,6690931,NC
0.3719733485250931,6690932,NC
0.3169823701488557,6690933,NC
0.25699139107732516,6690934,NC
0.16200041131026888,6690935,NC
0.11700943084745444,6690936,NC
0.10201844968864945,6690937,NC
0.12702746783362154,6690938,NC
0.21703648528213826,6690939,NC
0.33704550203396727,6690940,NC
0.46205451808887626,6690941,NC
0.6220635334466328,6690942,NC
0.7420725481070047,6690943,NC
0.8570815620697596,6690944,NC
0.9470905753346655,6690945,NC
0.9670995879014894,6690946,NC
0.9371085997699999,6690947,L
0.8171176109399644,6690948,NC
0.6671266214111505,6690949,NC
0.5621356311833264,6690950,NC
0.4871446402562597,6690951,NC
0.36715364862971833,6690952,NC
0.23716265630347014,6690953,NC
0.08217166327728304,6690954,NC
-0.047819330449075104,6690955,NC
-0.13781032487583636,6690956,NC
-0.19780132000323278,6690957,NC
-0.2527923158314964,6690958,NC
-0.30278331236085926,6690959,NC
-0.3377743095915533,6690960,NC
-0.32776530752381056,6690961,NC
-0.2927563061578631,6690962,NC
-0.2627473054939427,6690963,NC
-0.22773830553228142,6690964,NC
-0.2077293062731111,6690965,NC
-0.19772030771666368,6690966,NC
-0.17271130986317104,6690967,NC
-0.147702312712865,6690968,NC
-0.11769331626597741,6690969,NC
-0.12268432052274016,6690970,NC
-0.12267532548338497,6690971,NC
-0.1376663311481437,6690972,NC
-0.13765733751724807,6690973,NC
-0.13764834459092984,6690974,NC
-0.11763935236942073,6690975,NC
-0.1176303608529525,6690976,NC
-0.13262137004175684,6690977,NC
-0.12261237993606539,6690978,NC
-0.12760339053610983,6690979,NC
-0.1175944018421218,6690980,NC
-0.10758541385433297,6690981,NC
-0.10257642657297489,6690982,NC
-0.11256743999827916,6690983,NC
-0.11755845413047733,6690984,NC
-0.122549468969801,6690985,NC
-0.10254048451648169,6690986,NC
-0.0975315007707509,6690987,NC
-0.09752251773284012,6690988,NC
-0.10251353540298085,6690989,NC
-0.09250455378140454,6690990,NC
-0.10249557286834263,6690991,NC
-0.08248659266402655,6690992,NC
-0.07247761316868771,6690993,NC
-0.07246863438255749,6690994,NC
-0.07745965630586724,6690995,NC
-0.08745067893884836,6690996,NC
-0.06744170228173214,6690997,NC
-0.07243272633474991,6690998,NC
-0.04242375109813297,6690999,NC
-0.05741477657211258,6691000,NC
-0.06240580275692001,6691001,NC
-0.052396829652786525,6691002,NC
-0.0523878572599433,6691003,NC
-0.03237888557862158,6691004,NC
-0.02236991460905253,6691005,NC
-0.027360944351467322,6691006,NC
-0.04235197480609711,6691007,NC
-0.05734300597317303,6691008,NC
-0.04233403785292618,6691009,NC
-0.022325070445587646,6691010,NC
0.012683896248611465,6691011,NC
-0.002307137770559884,6691012,NC
0.007701827496667257,6691013,NC
-0.002289207949938119,6691014,NC
0.017719755889392973,6691015,NC
0.037728719014429556,6691016,NC
0.05773768142494066,6691017,NC
0.06274664312069533,6691018,NC
0.06275560410146266,6691019,NC
0.06776456436701173,6691020,NC
0.05777352391711164,6691021,NC
0.09278248275153152,6691022,NC
0.11779144087004051,6691023,NC
0.13280039827240778,6691024,NC
0.11780935495840253,6691025,NC
0.09781831092779393,6691026,NC
0.0978272661803512,6691027,NC
0.1478362207158436,6691028,NC
0.17784517453404036,6691029,NC
0.17785412763471078,6691030,NC
0.16786308001762415,6691031,NC
0.17287203168254975,6691032,NC
0.19288098262925696,6691033,NC
0.21788993285751507,6691034,NC
0.24289888236709348,6691035,NC
0.25290783115776155,6691036,NC
0.24791677922928876,6691037,NC
0.25292572658144447,6691038,NC
0.28293467321399807,6691039,NC
0.30794361912671914,6691040,NC
0.33295256431937703,6691041,NC
0.34296150879174137,6691042,NC
0.33797045254358155,6691043,NC
0.3379793955746672,6691044,NC
0.33798833788476784,6691045,NC
0.332997279473653,6691046,NC
0.3280062203410923,6691047,NC
0.2980151604868554,6691048,NC
0.2780240999107118,6691049,NC
0.2280330386124313,6691050,NC
0.21304197659178342,6691051,NC
0.19805091384853796,6691052,NC
0.17805985038246452,6691053,NC
0.16806878619333293,6691054,NC
0.1430777212809128,6691055,NC
0.11808665564497399,6691056,NC
0.09809558928528624,6691057,NC
0.08310452220161933,6691058,NC
0.07811345439374309,6691059,NC
0.05812238586142736,6691060,NC
0.02313131660444196,6691061,NC
0.008140246622556788,6691062,NC
0.003149175915541716,6691063,NC
-0.0018418955168333431,6691064,NC
0.023167032325201526,6691065,NC
0.0031759594414162776,6691066,NC
-0.00681511416841913,6691067,NC
-0.011806188504534711,6691068,NC
-0.02179726356716048,6691069,NC
-0.0067883393565264065,6691070,NC
-0.0017794158728624485,6691071,NC
-0.026770493116398567,6691072,NC
-0.03676157108736468,6691073,NC
-0.05175264978599069,6691074,NC
-0.05674372921250648,6691075,NC
-0.04173480936714193,6691076,NC
-0.031725890250126884,6691077,NC
-0.036716971861691185,6691078,NC
-0.05170805420206463,6691079,NC
-0.07169913727147703,6691080,NC
-0.05669022107015814,6691081,NC
-0.04668130559833772,6691082,NC
-0.041672390856245536,6691083,NC
-0.04166347684411127,6691084,NC
-0.051654563562164635,6691085,NC
-0.05164565101063533,6691086,NC
-0.06663673918975299,6691087,NC
-0.046627828099747276,6691088,NC
-0.04161891774084782,6691089,NC
-0.051610008113284186,6691090,NC
-0.05160109921728601,6691091,NC
-0.07659219105308283,6691092,NC
-0.06158328362090422,6691093,NC
-0.061574376920979695,6691094,NC
-0.036565470953538765,6691095,NC
-0.04655656571881093,6691096,NC
-0.05154766121702566,6691097,NC
-0.06653875744841241,6691098,NC
-0.07652985441320061,6691099,NC
-0.06152095211161968,6691100,NC
-0.046512050543899036,6691101,NC
-0.06650314971026805,6691102,NC
-0.07149424961095606,6691103,NC
-0.08648535024619242,6691104,NC
-0.09147645161620645,6691105,NC
-0.07146755372122748,6691106,NC
-0.06145865656148476,6691107,NC
-0.056449760137207594,6691108,NC
-0.06644086444862518,6691109,NC
-0.08143196949596677,6691110,NC
-0.08142307527946159,6691111,NC
-0.0814141817993388,6691112,NC
-0.0664052890558276,6691113,NC
-0.05139639704915712,6691114,NC
-0.07138750577955649,6691115,NC
-0.08137861524725484,6691116,NC
-0.09136972545248126,6691117,NC
-0.08136083639546483,6691118,NC
-0.0663519480764346,6691119,NC
-0.06634306049561961,6691120,NC
-0.08133417365324888,6691121,NC
-0.0963252875495514,6691122,NC
-0.10631640218475617,6691123,NC
-0.09630751755909213,6691124,NC
-0.07629863367278825,6691125,NC
-0.08128975052607343,6691126,NC
-0.09628086811917658,6691127,NC
-0.11627198645232659,6691128,NC
-0.11126310552575235,6691129,NC
-0.10125422533968265,6691130,NC
-0.09124534589434635,6691131,NC
-0.09123646718997228,6691132,NC
-0.10622758922678921,6691133,NC
-0.1162187120050259,6691134,NC
-0.12120983552491112,6691135,NC
-0.1062009597866736,6691136,NC
-0.09619208479054205,6691137,NC
-0.09618321053674515,6691138,NC
-0.11117433702551163,6691139,NC
-0.12116546425707006,6691140,NC
-0.11115659223164917,6691141,NC
-0.1061477209494775,6691142,NC
-0.09613885041078368,6691143,NC
-0.0961299806157963,6691144,NC
-0.12112111156474392,6691145,NC
-0.12611224325785508,6691146,NC
-0.1311033756953583,6691147,NC
-0.12609450887748203,6691148,NC
-0.10608564280445486,6691149,NC
-0.11107677747650518,6691150,NC
-0.13106791289386144,6691151,NC
-0.12605904905675208,6691152,NC
-0.12605018596540551,6691153,NC
-0.11604132362005012,6691154,NC
-0.0960324620209143,6691155,NC
-0.09102360116822633,6691156,NC
-0.10601474106221462,6691157,NC
-0.10100588170310743,6691158,NC
-0.09599702309113306,6691159,NC
-0.09098816522651978,6691160,NC
-0.07097930810949588,6691161,NC
-0.07097045174028954,6691162,NC
-0.09096159611912902,6691163,NC
-0.07595274124624248,6691164,NC
-0.06094388712185812,6691165,NC
-0.03593503374620409,6691166,NC
-0.025926181119508524,6691167,NC
-0.03591732924199954,6691168,NC
-0.05590847811390526,6691169,NC
-0.06589962773545371,6691170,NC
-0.08589077810687301,6691171,NC
-0.08088192922839116,6691172,NC
-0.05087308110023621,6691173,NC
-0.055864233722636145,6691174,NC
-0.07085538709581894,6691175,NC
-0.10084654122001258,6691176,NC
-0.090837696095445,6691177,NC
-0.09082885172234412,6691178,NC
-0.07582000810093785,6691179,NC
-0.07581116523145408,6691180,NC
-0.09080232311412068,6691181,NC
-0.10579348174916549,6691182,NC
-0.13078464113681632,6691183,NC
-0.11077580127730102,6691184,NC
-0.09576696217084735,6691185,NC
-0.10075812381768308,6691186,NC
-0.12074928621803596,6691187,NC
-0.15074044937213374,6691188,NC
-0.16073161328020413,6691189,NC
-0.1507227779424748,6691190,NC
-0.13071394335917344,6691191,NC
-0.1357051095305277,6691192,NC
-0.1656962764567652,6691193,NC
-0.18068744413811358,6691194,NC
-0.17567861257480039,6691195,NC
-0.1706697817670533,6691196,NC
-0.15566095171509975,6691197,NC
-0.15065212241916734,6691198,NC
-0.1606432938794836,6691199,NC
-0.16063446609627596,6691200,NC
-0.16562563906977198,6691201,NC
-0.15561681280019907,6691202,NC
-0.14560798728778465,6691203,NC
-0.16059916253275622,6691204,NC
-0.1655903385353411,6691205,NC
-0.18058151529576671,6691206,NC
-0.17557269281426038,6691207,NC
-0.17056387109104953,6691208,NC
-0.15555505012636137,6691209,NC
-0.15554622992042327,6691210,NC
-0.16553741047346252,6691211,NC
-0.18052859178570632,6691212,NC
-0.185519773857382,6691213,NC
-0.1705109566887167,6691214,NC
-0.1505021402799377,6691215,NC
-0.15049332463127213,6691216,NC
-0.1704845097429472,6691217,NC
-0.19547569561519001,6691218,NC
-0.19546688224822772,6691219,NC
-0.18545806964228742,6691220,NC
-0.1704492577975962,6691221,NC
-0.1754404467143811,6691222,NC
-0.18543163639286925,6691223,NC
-0.2004228268332876,6691224,NC
-0.1954140180358632,6691225,NC
-0.18040521000082296,6691226,NC
-0.17539640272839396,6691227,NC
-0.17038759621880312,6691228,NC
-0.17037879047227733,6691229,NC
-0.17036998548904353,6691230,NC
-0.18036118126932857,6691231,NC
-0.17035237781335938,6691232,NC
-0.15534357512136276,6691233,NC
-0.1653347731935656,6691234,NC
-0.17032597203019467,6691235,NC
-0.17031717163147675,6691236,NC
-0.1753083719976386,6691237,NC
-0.15029957312890707,6691238,NC
-0.14529077502550877,6691239,NC
-0.15028197768767051,6691240,NC
-0.15027318111561894,6691241,NC
-0.14026438530958074,6691242,NC
-0.12525559026978256,6691243,NC
-0.09524679599645103,6691244,NC
-0.06023800248981277,6691245,NC
-0.03522920975009438,6691246,NC
-0.015220417777522425,6691247,NC
0.034788373427676524,6691248,NC
0.10979716386527595,6691249,NC
0.19980595353504935,6691250,NC
0.26981474243677017,6691251,NC
0.304823530570212,6691252,NC
0.2798323179351483,6691253,NC
0.22984110453135276,6691254,NC
0.15484989035859884,6691255,NC
0.0848586754166602,6691256,NC
0.014867459705310462,6691257,NC
-0.04012375677567674,6691258,NC
-0.055114974026527735,6691259,NC
-0.030106192047468838,6691260,NC
0.06490258916127364,6691261,NC
0.18491136959947344,6691262,NC
0.3499201492669043,6691263,NC
0.5049289281633399,6691264,NC
0.6399377062885542,6691265,NC
0.7449464836423207,6691266,NC
0.8299552602244137,6691267,NC
0.8699640360346065,6691268,NC
0.8449728110726733,6691269,L
0.734981585338388,6691270,NC
0.5649903588315244,6691271,NC
0.4499991315518563,6691272,NC
0.35500790349915784,6691273,NC
0.2600166746732029,6691274,NC
0.1800254450737654,6691275,NC
0.06503421470061946,6691276,NC
-0.05495701644646097,6691277,NC
-0.17994824836770182,6691278,NC
-0.26493948106332904,6691279,NC
-0.3149307145335686,6691280,NC
-0.3599219487786463,6691281,NC
-0.3799131837987881,6691282,NC
-0.3999044195942198,6691283,NC
-0.3898956561651673,6691284,NC
-0.35988689351185643,6691285,NC
-0.30987813163451294,6691286,NC
-0.2598693705333625,6691287,NC
-0.24986061020863115,6691288,NC
-0.2448518506605444,6691289,NC
-0.23484309188932803,6691290,NC
-0.22483433389520777,6691291,NC
-0.21482557667840926,6691292,NC
-0.1798168202391582,6691293,NC
-0.1948080645776802,6691294,NC
-0.2097993096942009,6691295,NC
-0.21479055558894591,6691296,NC
-0.19978180226214076,6691297,NC
-0.19477304971401105,6691298,NC
-0.1647642979447823,6691299,NC
-0.17475554695468,6691300,NC
-0.16974679674392978,6691301,NC
-0.17973804731275694,6691302,NC
-0.17972929866138707,6691303,NC
-0.17472055079004553,6691304,NC
-0.1597118036989578,6691305,NC
-0.16470305738834926,6691306,NC
-0.16469431185844524,6691307,NC
-0.1696855671094712,6691308,NC
-0.16467682314165233,6691309,NC
-0.14966807995521408,6691310,NC
-0.14465933755038168,6691311,NC
-0.1696505959273805,6691312,NC
-0.1696418550864357,6691313,NC
-0.1846331150277725,6691314,NC
-0.1696243757516162,6691315,NC
-0.15461563725819194,6691316,NC
-0.13460689954772495,6691317,NC
-0.13959816262044036,6691318,NC
-0.14458942647656325,6691319,NC
-0.14958069111631883,6691320,NC
-0.13457195653993217,6691321,NC
-0.1295632227476283,6691322,NC
-0.09955448973963232,6691323,NC
-0.09454575751616925,6691324,NC
-0.10453702607746414,6691325,NC
-0.10952829542374193,6691326,NC
-0.09951956555522762,6691327,NC
-0.08451083647214616,6691328,NC
-0.059502108174722484,6691329,NC
-0.06449338066318153,6691330,NC
-0.07948465393774817,6691331,NC
-0.0694759279986473,6691332,NC
-0.05946720284610373,6691333,NC
-0.03945847848034234,6691334,NC
-0.019449754901587915,6691335,NC
-0.0044410321100652565,6691336,NC
-0.009432310105999132,6691337,NC
-0.004423588889614308,6691338,NC
-0.009414868461135505,6691339,NC
0.015593851179212567,6691340,NC
0.0456025700312052,6691341,NC
0.03561128809461776,6691342,NC
0.040620005369225554,6691343,NC
0.030628721854803972,6691344,NC
0.0406374375511284,6691345,NC
0.07564615245797425,6691346,NC
0.10565486657511695,6691347,NC
0.12566357990233196,6691348,NC
0.13067229243939474,6691349,NC
0.12568100418608077,6691350,NC
0.1256897151421656,6691351,NC
0.15069842530742472,6691352,NC
0.17070713468163373,6691353,NC
0.17571584326456816,6691354,NC
0.1807245510560036,6691355,NC
0.18573325805571572,6691356,NC
0.19574196426348012,6691357,NC
0.21575066967907242,6691358,NC
0.25075937430226836,6691359,NC
0.2557680781328436,6691360,NC
0.2657767811705738,6691361,NC
0.26078548341523483,6691362,NC
0.2757941848666023,6691363,NC
0.2958028855244521,6691364,NC
0.29081158538856,6691365,NC
0.2808202844587018,6691366,NC
0.2558289827346533,6691367,NC
0.23583768021619045,6691368,NC
0.21084637690308908,6691369,NC
0.2008550727951251,6691370,NC
0.1658637678920744,6691371,NC
0.15587246219371292,6691372,NC
0.1208811556998167,6691373,NC
0.09088984841016164,6691374,NC
0.060898540324523784,6691375,NC
0.04090723144267913,6691376,NC
0.040915921764403736,6691377,NC
0.020924611289473663,6691378,NC
0.010933300017664991,6691379,NC
-0.02405801205124616,6691380,NC
-0.03904932491748368,6691381,NC
-0.03904063858127142,6691382,NC
-0.0440319530428332,6691383,NC
-0.05902326830239285,6691384,NC
-0.07401458436017416,6691385,NC
-0.0940059012164009,6691386,NC
-0.09899721887129681,6691387,NC
-0.11398853732508561,6691388,NC
-0.07897985657799106,6691389,NC
-0.0939711766302368,6691390,NC
-0.10896249748204653,6691391,NC
-0.12395381913364387,6691392,NC
-0.12394514158525247,6691393,NC
-0.11893646483709591,6691394,NC
-0.10892778888939782,6691395,NC
-0.12391911374238171,6691396,NC
-0.12391043939627117,6691397,NC
-0.14890176585128972,6691398,NC
-0.12889309310766084,6691399,NC
-0.11388442116560801,6691400,NC
-0.10387575002535475,6691401,NC
-0.11886707968712441,6691402,NC
-0.1338584101511405,6691403,NC
-0.14384974141762635,6691404,NC
-0.1438410734868054,6691405,NC
-0.12383240635890096,6691406,NC
-0.1088237400341364,6691407,NC
-0.11381507451273498,6691408,NC
-0.13880640979492012,6691409,NC
-0.14879774588091496,6691410,NC
-0.15878908277094284,6691411,NC
-0.14878042046522694,6691412,NC
-0.1287717589639905,6691413,NC
-0.14376309826745676,6691414,NC
-0.15375443837584882,6691415,NC
-0.16874577928938986,6691416,NC
-0.153737121008303,6691417,NC
-0.1287284635328114,6691418,NC
-0.11371980686313807,6691419,NC
-0.12871115099950614,6691420,NC
-0.13370249594213862,6691421,NC
-0.16369384169125856,6691422,NC
-0.17868518824708896,6691423,NC
-0.16367653560985285,6691424,NC
-0.1336678837797731,6691425,NC
-0.12865923275707272,6691426,NC
-0.13865058254197463,6691427,NC
-0.15864193313470168,6691428,NC
-0.1486332845354768,6691429,NC
-0.1436246367445229,6691430,NC
-0.14361598976206272,6691431,NC
-0.14860734358831912,6691432,NC
-0.14859869822351493,6691433,NC
-0.17859005366787287,6691434,NC
-0.18858140992161576,6691435,NC
-0.16857276698496626,6691436,NC
-0.16856412485814715,6691437,NC
-0.1685554835413811,6691438,NC
-0.17854684303489077,6691439,NC
-0.16853820333889885,6691440,NC
-0.17352956445362788,6691441,NC
-0.1635209263793006,6691442,NC
-0.1535122891161395,6691443,NC
-0.15850365266436722,6691444,NC
-0.16349501702420627,6691445,NC
-0.19848638219587916,6691446,NC
-0.18347774817960844,6691447,NC
-0.17846911497561654,6691448,NC
-0.163460482584126,6691449,NC
-0.16845185100535917,6691450,NC
-0.17344322023953854,6691451,NC
-0.1784345902868865,6691452,NC
-0.1984259611476254,6691453,NC
-0.17341733282197763,6691454,NC
-0.1784087053101655,6691455,NC
-0.1784000786124114,6691456,NC
-0.20839145272893753,6691457,NC
-0.22838282765996623,6691458,NC
-0.23837420340571974,6691459,NC
-0.22336557996642026,6691460,NC
-0.20335695734229003,6691461,NC
-0.20334833553355125,6691462,NC
-0.2233397145404261,6691463,NC
-0.2283310943631367,6691464,NC
-0.21832247500190516,6691465,NC
-0.21831385645695364,6691466,NC
-0.19330523872850422,6691467,NC
-0.18329662181677892,6691468,NC
-0.19328800572199983,6691469,NC
-0.20827939044438892,6691470,NC
-0.21327077598416827,6691471,NC
-0.2132621623415598,6691472,NC
-0.1882535495167855,6691473,NC
-0.1932449375100673,6691474,NC
-0.1932363263216271,6691475,NC
-0.1882277159516868,6691476,NC
-0.19821910640046833,6691477,NC
-0.17821049766819347,6691478,NC
-0.1532018897550841,6691479,NC
-0.153193282661362,6691480,NC
-0.158184676387249,6691481,NC
-0.16817607093296688,6691482,NC
-0.17316746629873728,6691483,NC
-0.15815886248478206,6691484,NC
-0.13815025949132287,6691485,NC
-0.1331416573185814,6691486,NC
-0.14313305596677928,6691487,NC
-0.14312445543613822,6691488,NC
-0.16811585572687981,6691489,NC
-0.18310725683922563,6691490,NC
-0.16809865877339733,6691491,NC
-0.18309006152961638,6691492,NC
-0.18808146510810433,6691493,NC
-0.20307286950908274,6691494,NC
-0.2080642747327731,6691495,NC
-0.20805568077939687,6691496,NC
-0.19304708764917552,6691497,NC
-0.20803849534233043,6691498,NC
-0.21302990385908308,6691499,NC
-0.23802131319965483,6691500,NC
-0.25801272336426695,6691501,NC
-0.25300413435314095,6691502,NC
-0.22299554616649814,6691503,NC
-0.22798695880455971,6691504,NC
-0.252978372267547,6691505,NC
-0.2929697865556813,6691506,NC
-0.2979612016691838,6691507,NC
-0.29795261760827574,6691508,NC
-0.26294403437317826,6691509,NC
-0.26793545196411267,6691510,NC
-0.28292687038130004,6691511,NC
-0.2879182896249615,6691512,NC
-0.3029097096953182,6691513,NC
-0.2979011305925912,6691514,NC
-0.2678925523170016,6691515,NC
-0.2678839748687704,6691516,NC
-0.2728753982481187,6691517,NC
-0.2728668224552674,6691518,NC
-0.2678582474904375,6691519,NC
-0.2678496733538501,6691520,NC
-0.27284110004572604,6691521,NC
-0.2878325275662863,6691522,NC
-0.29782395591575167,6691523,NC
-0.31781538509434304,6691524,NC
-0.31280681510228137,6691525,NC
-0.2927982459397875,6691526,NC
-0.28278967760708207,6691527,NC
-0.27778111010438605,6691528,NC
-0.27277254343192014,6691529,NC
-0.2777639775899051,6691530,NC
-0.2827554125785617,6691531,NC
-0.27774684839811054,6691532,NC
-0.28773828504877236,6691533,NC
-0.3077297225307679,6691534,NC
-0.3227211608443176,6691535,NC
-0.32271259998964236,6691536,NC
-0.31770403996696256,6691537,NC
-0.30269548077649894,6691538,NC
-0.27268692241847187,6691539,NC
-0.27267836489310204,6691540,NC
-0.2826698082006099,6691541,NC
-0.287661252341216,6691542,NC
-0.3076526973151407,6691543,NC
-0.2976441431226045,6691544,NC
-0.28263558976382785,6691545,NC
-0.3026270372390312,6691546,NC
-0.30261848554843485,6691547,NC
-0.2976099346922592,6691548,NC
-0.2826013846707246,6691549,NC
-0.2575928354840513,6691550,NC
-0.22758428713245976,6691551,NC
-0.2175757396161701,6691552,NC
-0.21756719293540266,6691553,NC
-0.19255864709037762,6691554,NC
-0.15755010208131523,6691555,NC
-0.08754155790843568,6691556,NC
-0.0075330145719591304,6691557,NC
0.05747552792789429,6691558,NC
0.12248406959090441,6691559,NC
0.17249261041685118,6691560,NC
0.22750115040551444,6691561,NC
0.2675096895566742,6691562,NC
0.2725182278701104,6691563,NC
0.217526765345603,6691564,NC
0.137535301982932,6691565,NC
0.047543837781877464,6691566,NC
-0.017447627257780603,6691567,NC
-0.027439093136262104,6691568,NC
-0.0024305598537869844,6691569,NC
0.08257797258942491,6691570,NC
0.1875865041931537,6691571,NC
0.30259503495717954,6691572,NC
0.4426035648812825,6691573,NC
0.577612093965243,6691574,NC
0.6926206222088411,6691575,NC
0.742629149611857,6691576,NC
0.737637676174071,6691577,NC
0.6726462018952636,6691578,L
0.5726547267752148,6691579,NC
0.4776632508137051,6691580,NC
0.39267177401051473,6691581,NC
0.31268029636542416,6691582,NC
0.19768881787821377,6691583,NC
0.07769733854866394,6691584,NC
-0.032294141623444864,6691585,NC
-0.1322856226383322,6691586,NC
-0.2372771044962176,6691587,NC
-0.33226858719732055,6691588,NC
-0.3972600707418605,6691589,NC
-0.46225155513005695,6691590,NC
-0.47224304036212933,6691591,NC
-0.477234526438297,6691592,NC
-0.47722601335877946,6691593,NC
-0.45221750112379594,6691594,NC
-0.44220898973356587,6691595,NC
-0.44220047918830857,6691596,NC
-0.44219196948824335,6691597,NC
-0.41218346063358946,6691598,NC
-0.38217495262456613,6691599,NC
-0.3771664454613927,6691600,NC
-0.37215793914428835,6691601,NC
-0.3821494336734722,6691602,NC
-0.3821409290491635,6691603,NC
-0.3671324252715814,6691604,NC
-0.34712392234094497,6691605,NC
-0.3371154202574734,6691606,NC
-0.3671069190213857,6691607,NC
-0.4070984186329009,6691608,NC
-0.4120899190922382,6691609,NC
-0.39208142039961646,6691610,NC
-0.3720729225552548,6691611,NC
-0.39706442555937205,6691612,NC
-0.3970559294121873,6691613,NC
-0.39204743411391946,6691614,NC
-0.39703893966478737,6691615,NC
-0.37703044606500996,6691616,NC
-0.3520219533148062,6691617,NC
-0.33701346141439475,6691618,NC
-0.3470049703639945,6691619,NC
-0.36199648016382435,6691620,NC
-0.37198799081410294,6691621,NC
-0.37697950231504906,6691622,NC
-0.3419710146668815,6691623,NC
-0.34196252786981896,6691624,NC
-0.3569540419240801,6691625,NC
-0.3669455568298836,6691626,NC
-0.3619370725874481,6691627,NC
-0.34192858919699226,6691628,NC
-0.31692010665873466,6691629,NC
-0.3369116249728939,6691630,NC
-0.3419031441396885,6691631,NC
-0.361894664159337,6691632,NC
-0.351886185032058,6691633,NC
-0.3318777067580698,6691634,NC
-0.30186922933759114,6691635,NC
-0.3018607527708403,6691636,NC
-0.29185227705803574,6691637,NC
-0.2918438021993958,6691638,NC
-0.29183532819513897,6691639,NC
-0.2618268550454836,6691640,NC
-0.241818382750648,6691641,NC
-0.22680991131085043,6691642,NC
-0.2368014407263093,6691643,NC
-0.24179297099724278,6691644,NC
-0.2417845021238692,6691645,NC
-0.21177603410640672,6691646,NC
-0.18176756694507362,6691647,NC
-0.17675910064008804,6691648,NC
-0.18175063519166818,6691649,NC
-0.18174217060003214,6691650,NC
-0.16673370686539807,6691651,NC
-0.16172524398798405,6691652,NC
-0.12671678196800812,6691653,NC
-0.1067083208056884,6691654,NC
-0.08669986050124287,6691655,NC
-0.08669140105488958,6691656,NC
-0.08668294246684649,6691657,NC
-0.06667448473733159,6691658,NC
-0.03666602786656279,6691659,NC
-0.026657571854758012,6691660,NC
-0.006649116702135187,6691661,NC
0.018359337591087842,6691662,NC
0.028367791024693206,6691663,NC
0.06337624359846308,6691664,NC
0.09838469531217967,6691665,NC
0.10839314616562513,6691666,NC
0.09840159615858177,6691667,NC
0.09341004529083177,6691668,NC
0.1184184935621575,6691669,NC
0.1334269409723412,6691670,NC
0.15843538752116518,6691671,NC
0.1484438332084118,6691672,NC
0.10845227803386348,6691673,NC
0.09346072199730254,6691674,NC
0.08346916509851145,6691675,NC
0.0834776073372726,6691676,NC
0.06348604871336846,6691677,NC
0.03849448922658152,6691678,NC
0.003502928876694268,6691679,NC
-0.04148863233651077,6691680,NC
-0.061480194413251046,6691681,NC
-0.07147175735374398,6691682,NC
-0.076463321158207,6691683,NC
-0.1014548858268575,6691684,NC
-0.1264464513599128,6691685,NC
-0.1614380177575903,6691686,NC
-0.1714295850201073,6691687,NC
-0.1764211531476811,6691688,NC
-0.16141272214052893,6691689,NC
-0.1714042919988681,6691690,NC
-0.19139586272291587,6691691,NC
-0.20638743431288936,6691692,NC
-0.23137900676900583,6691693,NC
-0.2313705800914824,6691694,NC
-0.2163621542805362,6691695,NC
-0.2113537293363844,6691696,NC
-0.2413453052592441,6691697,NC
-0.24133688204933235,6691698,NC
-0.25632845970686613,6691699,NC
-0.24632003823206264,6691700,NC
-0.24131161762513875,6691701,NC
-0.2413031978863115,6691702,NC
-0.2562947790157978,6691703,NC
-0.24628636101381468,6691704,NC
-0.25627794388057895,6691705,NC
-0.2562695276163076,6691706,NC
-0.2512611122212175,6691707,NC
-0.2362526976955255,6691708,NC
-0.2512442840394483,6691709,NC
-0.2662358712532029,6691710,NC
-0.271227459337006,6691711,NC
-0.2512190482910743,6691712,NC
-0.24621063811562463,6691713,NC
-0.2562022288108736,6691714,NC
-0.25619382037703803,6691715,NC
-0.26118541281433455,6691716,NC
-0.2861770061229798,6691717,NC
-0.2661686003031904,6691718,NC
-0.23616019535518296,6691719,NC
-0.24115179127917405,6691720,NC
-0.25114338807538017,6691721,NC
-0.26113498574401806,6691722,NC
-0.261126584285304,6691723,NC
-0.2461181836994547,6691724,NC
-0.20610978398668642,6691725,NC
-0.22610138514721576,6691726,NC
-0.21609298718125902,6691727,NC
-0.24108459008903277,6691728,NC
-0.2610761938707532,6691729,NC
-0.25106779852663674,6691730,NC
-0.23605940405689985,6691731,NC
-0.2310510104617587,6691732,NC
-0.2360426177414296,6691733,NC
-0.24603422589612883,6691734,NC
-0.25102583492607256,6691735,NC
-0.24601744483147722,6691736,NC
-0.2310090556125588,6691737,NC
-0.24100066726953362,6691738,NC
-0.2609922798026177,6691739,NC
-0.27598389321202726,6691740,NC
-0.2809755074979784,6691741,NC
-0.2759671226606872,6691742,NC
-0.24095873870036974,6691743,NC
-0.24595035561724202,6691744,NC
-0.24594197341152008,6691745,NC
-0.24593359208341992,6691746,NC
-0.25592521163315746,6691747,NC
-0.24591683206094883,6691748,NC
-0.23090845336700974,6691749,NC
-0.2309000755515562,6691750,NC
-0.25589169861480404,6691751,NC
-0.27588332255696923,6691752,NC
-0.2808749473782675,6691753,NC
-0.26586657307891476,6691754,NC
-0.25585819965912665,6691755,NC
-0.25084982711911913,6691756,NC
-0.2708414554591078,6691757,NC
-0.27583308467930845,6691758,NC
-0.2758247147799368,6691759,NC
-0.26081634576120843,6691760,NC
-0.23580797762333916,6691761,NC
-0.2457996103665445,6691762,NC
-0.25079124399104,6691763,NC
-0.2657828784970414,6691764,NC
-0.28577451388476427,6691765,NC
-0.29576615015442403,6691766,NC
-0.2657577873062362,6691767,NC
-0.2557494253404164,6691768,NC
-0.26574106425718,6691769,NC
-0.28073270405674255,6691770,NC
-0.2707243447393194,6691771,NC
-0.26571598630512594,6691772,NC
-0.24570762875437765,6691773,NC
-0.25069927208728976,6691774,NC
-0.2556909163040777,6691775,NC
-0.28068256140495684,6691776,NC
-0.2856742073901423,6691777,NC
-0.2506658542598495,6691778,NC
-0.23565750201429364,6691779,NC
-0.2206491506536899,6691780,NC
-0.22564080017825355,6691781,NC
-0.2556324505881997,6691782,NC
-0.25562410188374357,6691783,NC
-0.24561575406510033,6691784,NC
-0.24060740713248496,6691785,NC
-0.2505990610861126,6691786,NC
-0.24559071592619838,6691787,NC
-0.2505823716529572,6691788,NC
-0.2405740282666043,6691789,NC
-0.22056568576735447,6691790,NC
-0.19055734415542278,6691791,NC
-0.18554900343102412,6691792,NC
-0.18054066359437348,6691793,NC
-0.20053232464568577,6691794,NC
-0.19052398658517583,6691795,NC
-0.1705156494130585,6691796,NC
-0.1605073131295487,6691797,NC
-0.16549897773486116,6691798,NC
-0.1854906432292107,6691799,NC
-0.22048230961281207,6691800,NC
-0.24547397688588007,6691801,NC
-0.24546564504862936,6691802,NC
-0.23545731410127463,6691803,NC
-0.23044898404403064,6691804,NC
-0.23544065487711197,6691805,NC
-0.24043232660073327,6691806,NC
-0.23042399921510914,6691807,NC
-0.23041567272045416,6691808,NC
-0.20040734711698288,6691809,NC
-0.2053990224049099,6691810,NC
-0.2303906985844497,6691811,NC
-0.2553823756558167,6691812,NC
-0.2753740536192255,6691813,NC
-0.27536573247489043,6691814,NC
-0.265357412223026,6691815,NC
-0.26534909286384656,6691816,NC
-0.2703407743975665,6691817,NC
-0.2953324568244002,6691818,NC
-0.3003241401445619,6691819,NC
-0.290315824358266,6691820,NC
-0.2753075094657267,6691821,NC
-0.2852991954671584,6691822,NC
-0.2852908823627752,6691823,NC
-0.2902825701527914,6691824,NC
-0.29027425883742114,6691825,NC
-0.29526594841687864,6691826,NC
-0.285257638891378,6691827,NC
-0.27024933026113335,6691828,NC
-0.27524102252635885,6691829,NC
-0.2852327156872685,6691830,NC
-0.2952244097440764,6691831,NC
-0.3102161046969965,6691832,NC
-0.30520780054624297,6691833,NC
-0.30519949729202966,6691834,NC
-0.30519119493457053,6691835,NC
-0.31018289347407957,6691836,NC
-0.3101745929107707,6691837,NC
-0.2751662932448578,6691838,NC
-0.25515799447655474,6691839,NC
-0.26514969660607535,6691840,NC
-0.3001413996336335,6691841,NC
-0.3201331035594429,6691842,NC
-0.30012480838371747,6691843,NC
-0.29011651410667083,6691844,NC
-0.2651082207285167,6691845,NC
-0.2600999282494689,6691846,NC
-0.2800916366697411,6691847,NC
-0.29508334598954683,6691848,NC
-0.29007505620909985,6691849,NC
-0.26506676732861373,6691850,NC
-0.26005847934830206,6691851,NC
-0.2600501922683785,6691852,NC
-0.28004190608905644,6691853,NC
-0.3000336208105495,6691854,NC
-0.3150253364330712,6691855,NC
-0.2850170529568349,6691856,NC
-0.26500877038205417,6691857,NC
-0.26500048870894233,6691858,NC
-0.26999220793771295,6691859,NC
-0.27498392806857924,6691860,NC
-0.27497564910175465,6691861,NC
-0.2649673710374525,6691862,NC
-0.2349590938758861,6691863,NC
-0.23495081761726871,6691864,NC
-0.23494254226181366,6691865,NC
-0.2199342678097341,6691866,NC
-0.19492599426124335,6691867,NC
-0.13491772161655455,6691868,NC
-0.10490944987588091,6691869,NC
-0.05990117903943552,6691870,NC
-0.014892909107431573,6691871,NC
0.07011535991991788,6691872,NC
0.1851236280423997,6691873,NC
0.2651318952598009,6691874,NC
0.3501401615719084,6691875,NC
0.3851484269785092,6691876,NC
0.3751566914793904,6691877,NC
0.3151649550743389,6691878,NC
0.2051732177631418,6691879,NC
0.13018147954558618,6691880,NC
0.06018974042145919,6691881,NC
0.0051980003905479355,6691882,NC
-0.00979374054736043,6691883,NC
-0.004785482392478731,6691884,NC
0.07022277485498024,6691885,NC
0.1802310311948037,6691886,NC
0.2802392866267789,6691887,NC
0.37024754115069314,6691888,NC
0.43025579476633363,6691889,NC
0.4802640474734877,6691890,NC
0.4802722992719428,6691891,NC
0.4452805501614862,6691892,L
0.39028880014190537,6691893,NC
0.3102970492129876,6691894,NC
0.21530529737452042,6691895,NC
0.14531354462629126,6691896,NC
0.055321790968087564,6691897,NC
-0.004669963600303112,6691898,NC
-0.06966171907909327,6691899,NC
-0.14965347546849533,6691900,NC
-0.22964523276872176,6691901,NC
-0.3046369909799849,6691902,NC
-0.3546287501024972,6691903,NC
-0.3896205101364709,6691904,NC
-0.3946122710821185,6691905,NC
-0.4096040329396522,6691906,NC
-0.4195957957092843,6691907,NC
-0.39958755939122703,6691908,NC
-0.3645793239856927,6691909,NC
-0.3195710894928934,6691910,NC
-0.2845628559130415,6691911,NC
-0.279554623246349,6691912,NC
-0.2795463914930281,6691913,NC
-0.28953816065329097,6691914,NC
-0.3045299307273497,6691915,NC
-0.28952170171541625,6691916,NC
-0.2795134736177028,6691917,NC
-0.26950524643442125,6691918,NC
-0.27949702016578376,6691919,NC
-0.2994887948120022,6691920,NC
-0.30948057037328847,6691921,NC
-0.2994723468498547,6691922,NC
-0.2944641242419126,6691923,NC
-0.2894559025496741,6691924,NC
-0.28444768177335117,6691925,NC
-0.2944394619131555,6691926,NC
-0.304431242969299,6691927,NC
-0.2844230249419934,6691928,NC
-0.27941480783145045,6691929,NC
-0.24940659163788198,6691930,NC
-0.25939837636149965,6691931,NC
-0.2693901620025152,6691932,NC
-0.2693819485611403,6691933,NC
-0.26437373603758646,6691934,NC
-0.25936552443206545,6691935,NC
-0.24935731374478884,6691936,NC
-0.2543491039759682,6691937,NC
-0.2493408951258151,6691938,NC
-0.249332687194541,6691939,NC
-0.23932448018235752,6691940,NC
-0.22931627408947602,6691941,NC
-0.209308068916108,6691942,NC
-0.20929986466246495,6691943,NC
-0.21929166132875821,6691944,NC
-0.20928345891519923,6691945,NC
-0.1892752574219993,6691946,NC
-0.16426705684936982,6691947,NC
-0.15925885719752206,6691948,NC
-0.15425065846666736,6691949,NC
-0.17424246065701693,6691950,NC
-0.1742342637687821,6691951,NC
-0.144226067802174,6691952,NC
-0.12921787275740387,6691953,NC
-0.1192096786346829,6691954,NC
-0.11920148543422221,6691955,NC
-0.12419329315623295,6691956,NC
-0.11418510180092618,6691957,NC
-0.09417691136851303,6691958,NC
-0.06416872185920452,6691959,NC
-0.04916053327321171,6691960,NC
-0.054152345610745556,6691961,NC
-0.0591441588720171,6691962,NC
-0.029135973057237273,6691963,NC
-0.014127788166617007,6691964,NC
0.020880395799632787,6691965,NC
0.030888578841301206,6691966,NC
0.04589676095817741,6691967,NC
0.04590494215005052,6691968,NC
0.055913122416709746,6691969,NC
0.0859213017579443,6691970,NC
0.1309294801735434,6691971,NC
0.1409376576632963,6691972,NC
0.15594583422699232,6691973,NC
0.17095400986442072,6691974,NC
0.2009621845753708,6691975,NC
0.24097035835963193,6691976,NC
0.27597853121699356,6691977,NC
0.285986703147245,6691978,NC
0.2909948741501757,6691979,NC
0.2760030442255751,6691980,NC
0.2610112133732327,6691981,NC
0.2660193815929379,6691982,NC
0.25102754888448037,6691983,NC
0.22103571524764953,6691984,NC
0.191043880682235,6691985,NC
0.15605204518802637,6691986,NC
0.13606020876481323,6691987,NC
0.12106837141238522,6691988,NC
0.10107653313053198,6691989,NC
0.08108469391904324,6691990,NC
0.05109285377770871,6691991,NC
0.01610101270631809,6691992,NC
0.0011091707046611554,6691993,NC
-0.008882672227472306,6691994,NC
0.0011254839097074865,6691995,NC
-0.0038663608840096148,6691996,NC
-0.028858206608833772,6691997,NC
-0.05385005326497509,6691998,NC
-0.07384190085264368,6691999,NC
-0.058833749372049625,6692000,NC
-0.048825598823402955,6692001,NC
-0.06881744920691371,6692002,NC
-0.07880930052279189,6692003,NC
-0.07880115277124748,6692004,NC
-0.07879300595249042,6692005,NC
-0.06378486006673065,6692006,NC
-0.05377671511417808,6692007,NC
-0.06376857109504261,6692008,NC
-0.09376042800953405,6692009,NC
-0.10375228585786228,6692010,NC
-0.08374414464023706,6692011,NC
-0.07873600435686826,6692012,NC
-0.05872786500796555,6692013,NC
-0.07371972659373871,6692014,NC
-0.08871158911439747,6692015,NC
-0.10370345257015152,6692016,NC
-0.12369531696121049,6692017,NC
-0.09368718228778403,6692018,NC
-0.07867904855008179,6692019,NC
-0.08867091574831332,6692020,NC
-0.09866278388268823,6692021,NC
-0.11365465295341604,6692022,NC
-0.09864652296070629,6692023,NC
-0.08363839390476845,6692024,NC
-0.08863026578581201,6692025,NC
-0.08862213860404643,6692026,NC
-0.09861401235968112,6692027,NC
-0.0986058870529255,6692028,NC
-0.0985977626839889,6692029,NC
-0.07358963925308071,6692030,NC
-0.06858151676041024,6692031,NC
-0.06857339520618683,6692032,NC
-0.07356527459061972,6692033,NC
-0.07855715491391818,6692034,NC
-0.08354903617629142,6692035,NC
-0.07354091837794871,6692036,NC
-0.06853280151909916,6692037,NC
-0.04852468559995197,6692038,NC
-0.06851657062071624,6692039,NC
-0.07350845658160113,6692040,NC
-0.07850034348281569,6692041,NC
-0.08849223132456899,6692042,NC
-0.06848412010707007,6692043,NC
-0.06347600983052795,6692044,NC
-0.0734679004951516,6692045,NC
-0.06345979210115,6692046,NC
-0.06845168464873208,6692047,NC
-0.07844357813810679,6692048,NC
-0.06843547256948296,6692049,NC
-0.09342736794306952,6692050,NC
-0.10341926425907527,6692051,NC
-0.09341116151770905,6692052,NC
-0.09840305971917965,6692053,NC
-0.08839495886369583,6692054,NC
-0.06838685895146637,6692055,NC
-0.07837875998269997,6692056,NC
-0.08337066195760529,6692057,NC
-0.09836256487639108,6692058,NC
-0.09335446873926592,6692059,NC
-0.09334637354643849,6692060,NC
-0.09333827929811736,6692061,NC
-0.08833018599451109,6692062,NC
-0.08332209363582826,6692063,NC
-0.1033140022222774,6692064,NC
-0.103305911754067,6692065,NC
-0.08829782223140553,6692066,NC
-0.08828973365450146,6692067,NC
-0.08328164602356322,6692068,NC
-0.08827355933879923,6692069,NC
-0.10826547360041783,6692070,NC
-0.10325738880862742,6692071,NC
-0.09824930496363626,6692072,NC
-0.08324122206565274,6692073,NC
-0.10323314011488513,6692074,NC
-0.10322505911154167,6692075,NC
-0.12321697905583057,6692076,NC
-0.11820889994796008,6692077,NC
-0.11320082178813837,6692078,NC
-0.10819274457657359,6692079,NC
-0.09318466831347391,6692080,NC
-0.08817659299904743,6692081,NC
-0.09816851863350223,6692082,NC
-0.09816044521704638,6692083,NC
-0.0881523727498879,6692084,NC
-0.07314430123223481,6692085,NC
-0.08313623066429512,6692086,NC
-0.10812816104627679,6692087,NC
-0.12812009237838778,6692088,NC
-0.12311202466083596,6692089,NC
-0.13810395789382923,6692090,NC
-0.11809589207757551,6692091,NC
-0.10808782721228258,6692092,NC
-0.1130797632981583,6692093,NC
-0.12307170033541046,6692094,NC
-0.12306363832424681,6692095,NC
-0.11305557726487511,6692096,NC
-0.09804751715750308,6692097,NC
-0.08303945800233839,6692098,NC
-0.09803139979958878,6692099,NC
-0.11802334254946181,6692100,NC
-0.11301528625216516,6692101,NC
-0.10300723090790642,6692102,NC
-0.08299917651689315,6692103,NC
-0.06299112307933291,6692104,NC
-0.057983070595433214,6692105,NC
-0.07297501906540158,6692106,NC
-0.07296696848944545,6692107,NC
-0.05795891886777232,6692108,NC
-0.04295087020058957,6692109,NC
-0.047942822488104636,6692110,NC
-0.042934775730524885,6692111,NC
-0.05292672992805766,6692112,NC
-0.05291868508091029,6692113,NC
-0.027910641189290104,6692114,NC
-0.0029025982534043454,6692115,NC
-0.0028945562734602887,6692116,NC
-0.01288651524966515,6692117,NC
-0.037878475182226146,6692118,NC
-0.05287043607135044,6692119,NC
-0.047862397917245225,6692120,NC
-0.03285436072011758,6692121,NC
-0.03284632448017465,6692122,NC
-0.05283828919762349,6692123,NC
-0.07283025487267117,6692124,NC
-0.06282222150552473,6692125,NC
-0.07281418909639116,6692126,NC
-0.052806157645477456,6692127,NC
-0.07279812715299058,6692128,NC
-0.08779009761913745,6692129,NC
-0.09778206904412498,6692130,NC
-0.10777404142816002,6692131,NC
-0.0877660147714495,6692132,NC
-0.07775798907420023,6692133,NC
-0.09274996433661897,6692134,NC
-0.09774194055891258,6692135,NC
-0.11273391774128774,6692136,NC
-0.11772589588395124,6692137,NC
-0.1277178749871098,6692138,NC
-0.09770985505097007,6692139,NC
-0.10270183607573874,6692140,NC
-0.1276938180616224,6692141,NC
-0.1426858010088277,6692142,NC
-0.14267778491756122,6692143,NC
-0.11766976978802954,6692144,NC
-0.10766175562043917,6692145,NC
-0.10265374241499664,6692146,NC
-0.12264573017190841,6692147,NC
-0.142637718891381,6692148,NC
-0.14262970857362076,6692149,NC
-0.13262169921883418,6692150,NC
-0.1376136908272276,6692151,NC
-0.13760568339900742,6692152,NC
-0.13759767693437996,6692153,NC
-0.15258967143355157,6692154,NC
-0.1525816668967285,6692155,NC
-0.16257366332411702,6692156,NC
-0.13256566071592335,6692157,NC
-0.1375576590723537,6692158,NC
-0.14254965839361433,6692159,NC
-0.16254165867991138,6692160,NC
-0.16253365993145094,6692161,NC
-0.14752566214843915,6692162,NC
-0.1325176653310821,6692163,NC
-0.14250966947958588,6692164,NC
-0.13750167459415652,6692165,NC
-0.16249368067500003,6692166,NC
-0.16248568772232239,6692167,NC
-0.13747769573632954,6692168,NC
-0.1374697047172275,6692169,NC
-0.14246171466522212,6692170,NC
-0.14745372558051933,6692171,NC
-0.15744573746332496,6692172,NC
-0.15243775031384488,6692173,NC
-0.1324297641322849,6692174,NC
-0.12242177891885081,6692175,NC
-0.12741379467374836,6692176,NC
-0.14740581139718328,6692177,NC
-0.14739782908936136,6692178,NC
-0.15238984775048822,6692179,NC
-0.13738186738076955,6692180,NC
-0.11737388798041101,6692181,NC
-0.10736590954961817,6692182,NC
-0.09235793208859669,6692183,NC
-0.07734995559755206,6692184,NC
-0.06234198007668986,6692185,NC
-0.002334005526215613,6692186,NC
0.06267396805366521,6692187,NC
0.1426819406627471,6692188,NC
0.21268991230082465,6692189,NC
0.2676978829676925,6692190,NC
0.31270585266314516,6692191,NC
0.34771382138697726,6692192,NC
0.33272178913898354,6692193,NC
0.2777297559189586,6692194,NC
0.16773772172669726,6692195,NC
0.08274568656199414,6692196,NC
0.017753650424644076,6692197,NC
0.0227616133144418,6692198,NC
0.06276957523118214,6692199,NC
0.15277753617465994,6692200,NC
0.28778549614467,6692201,NC
0.4277934551410073,6692202,NC
0.5728014131634668,6692203,NC
0.6978093702118432,6692204,NC
0.8028173262859316,6692205,NC
0.837825281385527,6692206,NC
0.8078332355104244,6692207,L
0.6928411886604189,6692208,NC
0.5628491408353054,6692209,NC
0.457857092034879,6692210,NC
0.367865042258935,6692211,NC
0.2728729915072684,6692212,NC
0.14788093977967434,6692213,NC
0.012888887075948069,6692214,NC
-0.11210316660411523,6692215,NC
-0.19709522126072032,6692216,NC
-0.25208727689407195,6692217,NC
-0.2970793335043749,6692218,NC
-0.32207139109183364,6692219,NC
-0.37206344965665306,6692220,NC
-0.36205550919903773,6692221,NC
-0.2970475697191922,6692222,NC
-0.2520396312173211,6692223,NC
-0.23203169369362905,6692224,NC
-0.2120237571483205,6692225,NC
-0.2120158215816,6692226,NC
-0.19700788699367205,6692227,NC
-0.1969999533847411,6692228,NC
-0.17199202075501158,6692229,NC
-0.1669840891046879,6692230,NC
-0.16697615843397445,6692231,NC
-0.1769682287430756,6692232,NC
-0.1769603000321957,6692233,NC
-0.15195237230153902,6692234,NC
-0.14694444555130987,6692235,NC
-0.14193651978171248,6692236,NC
-0.16192859499295115,6692237,NC
-0.17692067118522997,6692238,NC
-0.18191274835875326,6692239,NC
-0.16190482651372515,6692240,NC
-0.1518969056503497,6692241,NC
-0.14188898576883105,6692242,NC
-0.14188106686937332,6692243,NC
-0.16187314895218055,6692244,NC
-0.15686523201745675,6692245,NC
-0.15685731606540596,6692246,NC
-0.14684940109623212,6692247,NC
-0.14184148711013922,6692248,NC
-0.14683357410733117,6692249,NC
-0.1618256620880119,6692250,NC
-0.15681775105238527,6692251,NC
-0.14680984100065514,6692252,NC
-0.12680193193302536,6692253,NC
-0.11179402384969969,6692254,NC
-0.11678611675088196,6692255,NC
-0.12177821063677588,6692256,NC
-0.12677030550758522,6692257,NC
-0.10676240136351361,6692258,NC
-0.08175449820476482,6692259,NC
-0.09174659603154245,6692260,NC
-0.09173869484405013,6692261,NC
-0.09673079464249147,6692262,NC
-0.08672289542707004,6692263,NC
-0.07171499719798938,6692264,NC
-0.06670709995545304,6692265,NC
-0.051699203699664506,6692266,NC
-0.04669130843082726,6692267,NC
-0.046683414149144724,6692268,NC
-0.04667552085482035,6692269,NC
-0.021667628548057524,6692270,NC
-0.006659737229059624,6692271,NC
-0.001651846898029996,6692272,NC
-0.0016439575551719585,6692273,NC
0.0033639307993111947,6692274,NC
-0.001628181834783804,6692275,NC
0.033379704542339794,6692276,NC
0.04838758993047876,6692277,NC
0.05839547432942992,6692278,NC
0.06340335773899008,6692279,NC
0.053411240158956125,6692280,NC
0.06341912158912492,6692281,NC
0.08842700202929338,6692282,NC
0.11843488147925844,6692283,NC
0.11344275993881706,6692284,NC
0.12345063740776621,6692285,NC
0.11345851388590289,6692286,NC
0.12846638937302418,6692287,NC
0.15347426386892712,6692288,NC
0.1784821373734088,6692289,NC
0.20849000988626631,6692290,NC
0.2084978814072968,6692291,NC
0.20350575193629744,6692292,NC
0.21351362147306538,6692293,NC
0.26352149001739794,6692294,NC
0.27852935756909225,6692295,NC
0.2935372241279456,6692296,NC
0.3085450896937553,6692297,NC
0.29855295426631867,6692298,NC
0.26856081784543306,6692299,NC
0.2535686804308958,6692300,NC
0.25357654202250435,6692301,NC
0.22858440262005605,6692302,NC
0.18859226222334838,6692303,NC
0.16360012083217884,6692304,NC
0.14360797844634487,6692305,NC
0.138615835065644,6692306,NC
0.11862369068987383,6692307,NC
0.1036315453188319,6692308,NC
0.05863939895231579,6692309,NC
0.01364725159012315,6692310,NC
-0.006344896767948381,6692311,NC
-0.026337046122101138,6692312,NC
-0.011329196472537384,6692313,NC
-0.041321347819459425,6692314,NC
-0.0563135001630695,6692315,NC
-0.07130565350356982,6692316,NC
-0.08629780784116262,6692317,NC
-0.07628996317605001,6692318,NC
-0.08628211950843417,6692319,NC
-0.07627427683851723,6692320,NC
-0.07626643516650125,6692321,NC
-0.08625859449258833,6692322,NC
-0.10625075481698047,6692323,NC
-0.08624291613987975,6692324,NC
-0.08623507846148809,6692325,NC
-0.09122724178200753,6692326,NC
-0.10121940610163993,6692327,NC
-0.12621157142058725,6692328,NC
-0.11620373773905135,6692329,NC
-0.11119590505723412,6692330,NC
-0.1061880733753374,6692331,NC
-0.12118024269356299,6692332,NC
-0.10117241301211266,6692333,NC
-0.12116458433118818,6692334,NC
-0.13115675665099127,6692335,NC
-0.13114892997172367,6692336,NC
-0.12614110429358702,6692337,NC
-0.131133279616783,6692338,NC
-0.1361254559415132,6692339,NC
-0.13111763326797932,6692340,NC
-0.13110981159638285,6692341,NC
-0.12110199092692535,6692342,NC
-0.10609417125980836,6692343,NC
-0.09608635259523343,6692344,NC
-0.10107853493340196,6692345,NC
-0.13107071827451544,6692346,NC
-0.13106290261877526,6692347,NC
-0.12605508796638287,6692348,NC
-0.12104727431753959,6692349,NC
-0.1310394616724468,6692350,NC
-0.13603165003130577,6692351,NC
-0.16102383939431786,6692352,NC
-0.16601602976168428,6692353,NC
-0.14100822113360634,6692354,NC
-0.12600041351028518,6692355,NC
-0.13099260689192205,6692356,NC
-0.14598480127871807,6692357,NC
-0.1609769966708744,6692358,NC
-0.14096919306859215,6692359,NC
-0.1459613904720724,6692360,NC
-0.11095358888151624,6692361,NC
-0.11594578829712468,6692362,NC
-0.1359379887190987,6692363,NC
-0.14093019014763936,6692364,NC
-0.14092239258294753,6692365,NC
-0.13591459602522418,6692366,NC
-0.13590680047467024,6692367,NC
-0.14589900593148658,6692368,NC
-0.16589121239587398,6692369,NC
-0.1908834198680334,6692370,NC
-0.1708756283481655,6692371,NC
-0.15586783783647118,6692372,NC
-0.1308600483331511,6692373,NC
-0.140852259838406,6692374,NC
-0.1458444723524366,6692375,NC
-0.1658366858754436,6692376,NC
-0.17082890040762755,6692377,NC
-0.18082111594918918,6692378,NC
-0.160813332500329,6692379,NC
-0.15580555006124763,6692380,NC
-0.16079776863214557,6692381,NC
-0.16578998821322333,6692382,NC
-0.17078220880468148,6692383,NC
-0.16077443040672043,6692384,NC
-0.15076665301954056,6692385,NC
-0.16075887664334237,6692386,NC
-0.16575110127832618,6692387,NC
-0.19074332692469242,6692388,NC
-0.20073555358264134,6692389,NC
-0.17572778125237332,6692390,NC
-0.1557200099340886,6692391,NC
-0.16571223962798742,6692392,NC
-0.17070447033427008,6692393,NC
-0.19069670205313674,6692394,NC
-0.20568893478478753,6692395,NC
-0.17568116852942264,6692396,NC
-0.1756734032872422,6692397,NC
-0.17566563905844634,6692398,NC
-0.17065787584323505,6692399,NC
-0.20065011364180846,6692400,NC
-0.21064235245436652,6692401,NC
-0.1856345922811093,6692402,NC
-0.18562683312223666,6692403,NC
-0.16561907497794864,6692404,NC
-0.18561131784844512,6692405,NC
-0.20060356173392596,6692406,NC
-0.1905958066345911,6692407,NC
-0.17058805255064027,6692408,NC
-0.1505802994822734,6692409,NC
-0.15057254742969017,6692410,NC
-0.1555647963930904,6692411,NC
-0.16555704637267377,6692412,NC
-0.16054929736864007,6692413,NC
-0.1555415493811889,6692414,NC
-0.16053380241051995,6692415,NC
-0.1405260564568328,6692416,NC
-0.14551831152032713,6692417,NC
-0.14051056760120248,6692418,NC
-0.12050282469965837,6692419,NC
-0.11049508281589435,6692420,NC
-0.09048734195010993,6692421,NC
-0.09047960210250455,6692422,NC
-0.10047186327327767,6692423,NC
-0.1304641254626287,6692424,NC
-0.14545638867075703,6692425,NC
-0.135448652897862,6692426,NC
-0.14544091814414303,6692427,NC
-0.12043318440979937,6692428,NC
-0.1404254516950303,6692429,NC
-0.16041772000003512,6692430,NC
-0.145409989325013,6692431,NC
-0.15040225967016324,6692432,NC
-0.12539453103568493,6692433,NC
-0.13038680342177728,6692434,NC
-0.15537907682863938,6692435,NC
-0.17037135125647038,6692436,NC
-0.19036362670546933,6692437,NC
-0.19535590317583523,6692438,NC
-0.20034818066776722,6692439,NC
-0.1903404591814642,6692440,NC
-0.19033273871712517,6692441,NC
-0.21032501927494907,6692442,NC
-0.22031730085513485,6692443,NC
-0.2053095834578813,6692444,NC
-0.20030186708338743,6692445,NC
-0.20529415173185198,6692446,NC
-0.2202864374034738,6692447,NC
-0.23027872409845168,6692448,NC
-0.22027101181698433,6692449,NC
-0.21026330055927053,6692450,NC
-0.200255590325509,6692451,NC
-0.21024788111589837,6692452,NC
-0.24024017293063737,6692453,NC
-0.2552324657699245,6692454,NC
-0.25022475963395846,6692455,NC
-0.23521705452293787,6692456,NC
-0.22020935043706116,6692457,NC
-0.23020164737652693,6692458,NC
-0.2151939453415336,6692459,NC
-0.23018624433227974,6692460,NC
-0.23517854434896376,6692461,NC
-0.25017084539178397,6692462,NC
-0.25516314746093893,6692463,NC
-0.2601554505566269,6692464,NC
-0.2651477546790463,6692465,NC
-0.2751400598283953,6692466,NC
-0.2751323660048723,6692467,NC
-0.2701246732086755,6692468,NC
-0.2751169814400032,6692469,NC
-0.26010929069905353,6692470,NC
-0.2601016009860247,6692471,NC
-0.27509391230111485,6692472,NC
-0.27008622464452214,6692473,NC
-0.27007853801644466,6692474,NC
-0.2600708524170804,6692475,NC
-0.2550631678466275,6692476,NC
-0.270055484305284,6692477,NC
-0.25504780179324776,6692478,NC
-0.24004012031071692,6692479,NC
-0.22003243985788928,6692480,NC
-0.20502476043496282,6692481,NC
-0.2300170820421354,6692482,NC
-0.24500940467960486,6692483,NC
-0.2700017283475691,6692484,NC
-0.27999405304622593,6692485,NC
-0.254986378775773,6692486,NC
-0.23497870553640823,6692487,NC
-0.21997103332832924,6692488,NC
-0.22496336215173376,6692489,NC
-0.20495569200681946,6692490,NC
-0.17494802289378403,6692491,NC
-0.09994035481282504,6692492,NC
-0.024932687764140073,6692493,NC
0.050074978252073264,6692494,NC
0.12008264323561743,6692495,NC
0.17509030718629492,6692496,NC
0.19509797010390825,6692497,NC
0.19510563198825995,6692498,NC
0.15011329283915262,6692499,NC
0.05012095265638881,6692500,NC
-0.07987138856022885,6692501,NC
-0.16486373081089772,6692502,NC
-0.1748560740958151,6692503,NC
-0.11984841841517835,6692504,NC
0.015159236230815325,6692505,NC
0.17516688984196865,6692506,NC
0.3451745424180844,6692507,NC
0.48518219395896534,6692508,NC
0.6151898444644144,6692509,NC
0.6901974939342344,6692510,NC
0.7002051423682281,6692511,NC
0.6352127897661985,6692512,L
0.5052204361279486,6692513,NC
0.3702280814532814,6692514,NC
0.25023572574199976,6692515,NC
0.14524336899390675,6692516,NC
0.0502510112088054,6692517,NC
-0.07974134761350118,6692518,NC
-0.20973370747320993,6692519,NC
-0.3347260683705177,6692520,NC
-0.4297184303056213,6692521,NC
-0.4697107932787177,6692522,NC
-0.49970315729000353,6692523,NC
-0.4996955223396756,6692524,NC
-0.4996878884279307,6692525,NC
-0.4696802555549655,6692526,NC
-0.4196726237209767,6692527,NC
-0.3996649929261609,6692528,NC
-0.3596573631707149,6692529,NC
-0.32464973445483514,6692530,NC
-0.33464210677871825,6692531,NC
-0.3496344801425608,6692532,NC
-0.35962685454655935,6692533,NC
-0.35961922999091034,6692534,NC
-0.3296116064758102,6692535,NC
-0.3246039840014555,6692536,NC
-0.3245963625680426,6692537,NC
-0.3495887421757679,6692538,NC
-0.3695811228248277,6692539,NC
-0.3595735045154185,6692540,NC
-0.3195658872477364,6692541,NC
-0.2995582710219778,6692542,NC
-0.29455065583833895,6692543,NC
-0.3245430416970161,6692544,NC
-0.33453542859820545,6692545,NC
-0.3195278165421031,6692546,NC
-0.29952020552890535,6692547,NC
-0.2995125955588082,6692548,NC
-0.3045049866320077,6692549,NC
-0.3194973787487001,6692550,NC
-0.30448977190908133,6692551,NC
-0.29448216611334743,6692552,NC
-0.2794745613616944,6692553,NC
-0.2844669576543182,6692554,NC
-0.2894593549914147,6692555,NC
-0.2994517533731798,6692556,NC
-0.2794441527998095,6692557,NC
-0.2644365532714996,6692558,NC
-0.24942895478844593,6692559,NC
-0.2344213573508443,6692560,NC
-0.22441376095889046,6692561,NC
-0.23940616561278016,6692562,NC
-0.2293985713127091,6692563,NC
-0.22439097805887304,6692564,NC
-0.22938338585146756,6692565,NC
-0.21937579469068838,6692566,NC
-0.19436820457673104,6692567,NC
-0.20436061550979118,6692568,NC
-0.21935302749006436,6692569,NC
-0.20934544051774606,6692570,NC
-0.18433785459303187,6692571,NC
-0.16433026971611714,6692572,NC
-0.14432268588719743,6692573,NC
-0.13931510310646814,6692574,NC
-0.13930752137412464,6692575,NC
-0.11429994069036231,6692576,NC
-0.0842923610553765,6692577,NC
-0.07928478246936252,6692578,NC
-0.07427720493251566,6692579,NC
-0.07426962844503118,6692580,NC
-0.07426205300710431,6692581,NC
-0.06425447861893024,6692582,NC
-0.02424690528070421,6692583,NC
-0.009239332992621314,6692584,NC
0.0007682382451232941,6692585,NC
0.010775808432334534,6692586,NC
0.025783377568817323,6692587,NC
0.0457909456543766,6692588,NC
0.06079851268881738,6692589,NC
0.08080607867194467,6692590,NC
0.08581364360356347,6692591,NC
0.09082120748347887,6692592,NC
0.10082877031149595,6692593,NC
0.11583633208741985,6692594,NC
0.1358438928110557,6692595,NC
0.15085145248220866,6692596,NC
0.14085901110068397,6692597,NC
0.11586656866628678,6692598,NC
0.11587412517882242,6692599,NC
0.09588168063809614,6692600,NC
0.08088923504391324,6692601,NC
0.055896788396079075,6692602,NC
0.035904340694398997,6692603,NC
-0.019088108061321614,6692604,NC
-0.044080557871277334,6692605,NC
-0.059073008735662715,6692606,NC
-0.06906546065467228,6692607,NC
-0.09905791362850058,6692608,NC
-0.114050367657342,6692609,NC
-0.14904282274139108,6692610,NC
-0.16403527888084216,6692611,NC
-0.15902773607588971,6692612,NC
-0.15902019432672804,6692613,NC
-0.1690126536335515,6692614,NC
-0.18900511399655445,6692615,NC
-0.2089975754159311,6692616,NC
-0.22899003789187578,6692617,NC
-0.22398250142458265,6692618,NC
-0.23397496601424594,6692619,NC
-0.23396743166105988,6692620,NC
-0.2539598983652185,6692621,NC
-0.258952366126916,6692622,NC
-0.2689448349463465,6692623,NC
-0.25893730482370403,6692624,NC
-0.2489297757591826,6692625,NC
-0.2589222477529763,6692626,NC
-0.278914720805279,6692627,NC
-0.30390719491628476,6692628,NC
-0.2988996700861875,6692629,NC
-0.2788921463151811,6692630,NC
-0.25888462360345943,6692631,NC
-0.2838771019512163,6692632,NC
-0.2838695813586456,6692633,NC
-0.2988620618259411,6692634,NC
-0.30385454335329654,6692635,NC
-0.2988470259409058,6692636,NC
-0.2938395095889623,6692637,NC
-0.26383199429766,6692638,NC
-0.28382448006719246,6692639,NC
-0.28381696689775326,6692640,NC
-0.3038094547895361,6692641,NC
-0.30880194374273445,6692642,NC
-0.298794433757542,6692643,NC
-0.28378692483415213,6692644,NC
-0.2787794169727584,6692645,NC
-0.29877191017355426,6692646,NC
-0.3087644044367331,6692647,NC
-0.3037568997624884,6692648,NC
-0.2837493961510136,6692649,NC
-0.2837418936025019,6692650,NC
-0.29373439211714675,6692651,NC
-0.30872689169514134,6692652,NC
-0.3037193923366791,6692653,NC
-0.2887118940419532,6692654,NC
-0.27870439681115683,6692655,NC
-0.28369690064448316,6692656,NC
-0.27868940554212546,6692657,NC
-0.2986819115042768,6692658,NC
-0.3136744185311302,6692659,NC
-0.3136669266228789,6692660,NC
-0.293659435779716,6692661,NC
-0.2986519460018343,6692662,NC
-0.3036444572894269,6692663,NC
-0.2986369696426869,6692664,NC
-0.31362948306180705,6692665,NC
-0.2936219975469804,6692666,NC
-0.27861451309839974,6692667,NC
-0.278607029716258,6692668,NC
-0.283599547400748,6692669,NC
-0.3085920661520625,6692670,NC
-0.31358458597039446,6692671,NC
-0.3135771068559364,6692672,NC
-0.30856962880888117,6692673,NC
-0.3035621518294215,6692674,NC
-0.31855467591774994,6692675,NC
-0.3335472010740592,6692676,NC
-0.3235397272985419,6692677,NC
-0.3235322545913906,6692678,NC
-0.29352478295279794,6692679,NC
-0.29351731238295636,6692680,NC
-0.2985098428820584,6692681,NC
-0.32850237445029645,6692682,NC
-0.3284949070878631,6692683,NC
-0.3184874407949507,6692684,NC
-0.31847997557175173,6692685,NC
-0.30847251141845844,6692686,NC
-0.3284650483352632,6692687,NC
-0.33345758632235833,6692688,NC
-0.3384501253799362,6692689,NC
-0.3234426655081889,6692690,NC
-0.30843520670730873,6692691,NC
-0.298427748977488,6692692,NC
-0.2934202923189188,6692693,NC
-0.31341283673179315,6692694,NC
-0.3134053822163034,6692695,NC
-0.3083979287726415,6692696,NC
-0.3133904764009995,6692697,NC
-0.3083830251015695,6692698,NC
-0.32337557487454355,6692699,NC
-0.34836812572011355,6692700,NC
-0.3383606776384714,6692701,NC
-0.32835323062980915,6692702,NC
-0.3133457846943186,6692703,NC
-0.3183383398321917,6692704,NC
-0.32833089604362026,6692705,NC
-0.3333234533287961,6692706,NC
-0.32831601168791097,6692707,NC
-0.3183085711211567,6692708,NC
-0.28330113162872494,6692709,NC
-0.27329369321080743,6692710,NC
-0.27828625586759587,6692711,NC
-0.2982788195992819,6692712,NC
-0.30827138440605706,6692713,NC
-0.31326395028811305,6692714,NC
-0.3032565172456414,6692715,NC
-0.2932490852788337,6692716,NC
-0.28824165438788135,6692717,NC
-0.2782342245729759,6692718,NC
-0.2832267958343088,6692719,NC
-0.2682193681720715,6692720,NC
-0.25321194158645527,6692721,NC
-0.26320451607765166,6692722,NC
-0.2631970916458519,6692723,NC
-0.26818966829124735,6692724,NC
-0.27818224601402936,6692725,NC
-0.28817482481438905,6692726,NC
-0.2581674046925177,6692727,NC
-0.25315998564860653,6692728,NC
-0.2581525676828468,6692729,NC
-0.27814515079542956,6692730,NC
-0.29813773498654594,6692731,NC
-0.303130320256387,6692732,NC
-0.2881229066051439,6692733,NC
-0.2831154940330076,6692734,NC
-0.2881080825401692,6692735,NC
-0.3081006721268196,6692736,NC
-0.32809326279314976,6692737,NC
-0.33308585453935063,6692738,NC
-0.3480784473656131,6692739,NC
-0.32807104127212805,6692740,NC
-0.33806363625908636,6692741,NC
-0.3480562323266788,6692742,NC
-0.35304882947509614,6692743,NC
-0.3530414277045292,6692744,NC
-0.3480340270151686,6692745,NC
-0.36802662740720515,6692746,NC
-0.3880192288808295,6692747,NC
-0.4080118314362323,6692748,NC
-0.39800443507360417,6692749,NC
-0.39799703979313567,6692750,NC
-0.35798964559501745,6692751,NC
-0.3479822524794399,6692752,NC
-0.3329748604465937,6692753,NC
-0.35296746949666924,6692754,NC
-0.36296007962985694,6692755,NC
-0.37795269084634725,6692756,NC
-0.3729453031463306,6692757,NC
-0.38293791652999737,6692758,NC
-0.36793053099753786,6692759,NC
-0.37292314654914244,6692760,NC
-0.3679157631850013,6692761,NC
-0.3479083809053048,6692762,NC
-0.34790099971024313,6692763,NC
-0.3528936196000064,6692764,NC
-0.3728862405747849,6692765,NC
-0.3978788626347688,6692766,NC
-0.3978714857801481,6692767,NC
-0.37286411001111297,6692768,NC
-0.36785673532785346,6692769,NC
-0.3628493617305596,6692770,NC
-0.36784198921942135,6692771,NC
-0.3828346177946288,6692772,NC
-0.38782724745637176,6692773,NC
-0.37281987820484025,6692774,NC
-0.34281251004022417,6692775,NC
-0.34280514296271336,6692776,NC
-0.35779777697249765,6692777,NC
-0.36779041206976676,6692778,NC
-0.37278304825471065,6692779,NC
-0.37277568552751894,6692780,NC
-0.3627683238883815,6692781,NC
-0.3727609633374878,6692782,NC
-0.3877536038750277,6692783,NC
-0.3877462455011908,6692784,NC
-0.3627388882161667,6692785,NC
-0.34273153202014495,6692786,NC
-0.34772417691331514,6692787,NC
-0.3527168228958668,6692788,NC
-0.3627094699679895,6692789,NC
-0.3627021181298725,6692790,NC
-0.3576947673817055,6692791,NC
-0.3426874177236778,6692792,NC
-0.33768006915597876,6692793,NC
-0.3176727216787978,6692794,NC
-0.3126653752923242,6692795,NC
-0.3226580299967473,6692796,NC
-0.2926506857922564,6692797,NC
-0.2526433426790407,6692798,NC
-0.20763600065728943,6692799,NC
-0.15762865972719184,6692800,NC
-0.117621319888937,6692801,NC
-0.0576139811427141,6692802,NC
0.03739335651128775,6692803,NC
0.1374006930728795,6692804,NC
0.21740802854187202,6692805,NC
0.2824153629180764,6692806,NC
0.27742269620130355,6692807,NC
0.2374300283913646,6692808,NC
0.17743735948807055,6692809,NC
0.08744468949123242,6692810,NC
0.01745201840066144,6692811,NC
-0.04754065378383128,6692812,NC
-0.10253332706243456,6692813,NC
-0.16252600143533724,6692814,NC
-0.14751867690272805,6692815,NC
-0.05251135346479574,6692816,NC
0.06249596887827098,6692817,NC
0.18750329012628342,6692818,NC
0.2975106102790529,6692819,NC
0.35251792933639087,6692820,NC
0.3975252472981086,6692821,NC
0.3975325641640176,6692822,NC
0.35253987993392943,6692823,L
0.2925471946076553,6692824,NC
0.18755450818500702,6692825,NC
0.10256182066579594,6692826,NC
0.03256913204983367,6692827,NC
-0.03742355766306817,6692828,NC
-0.10241624847309794,6692829,NC
-0.18240894038044406,6692830,NC
-0.25240163338529475,6692831,NC
-0.3473943274878384,6692832,NC
-0.4123870226882632,6692833,NC
-0.4523797189867574,6692834,NC
-0.4773724163835092,6692835,NC
-0.5123651148787068,6692836,NC
-0.5323578144725383,6692837,NC
-0.5323505151651918,6692838,NC
-0.5273432169568555,6692839,NC
-0.4873359198477175,6692840,NC
-0.42732862383796566,6692841,NC
-0.4023213289277881,6692842,NC
-0.3873140351173727,6692843,NC
-0.37730674240690754,6692844,NC
-0.38229945079658045,6692845,NC
-0.38229216028657936,6692846,NC
-0.37228487087709217,6692847,NC
-0.3772775825683066,6692848,NC
-0.3872702953604106,6692849,NC
-0.4172630092535919,6692850,NC
-0.40725572424803813,6692851,NC
-0.4022484403439372,6692852,NC
-0.3722411575414767,6692853,NC
-0.3972338758408443,6692854,NC
-0.3972265952422277,6692855,NC
-0.3872193157458144,6692856,NC
-0.3772120373517921,6692857,NC
-0.3672047600603483,6692858,NC
-0.3621974838716705,6692859,NC
-0.3721902087859462,6692860,NC
-0.38718293480336297,6692861,NC
-0.39717566192410814,6692862,NC
-0.3921683901483691,6692863,NC
-0.3821611194763333,6692864,NC
-0.36715384990818806,6692865,NC
-0.3671465814441207,6692866,NC
-0.35713931408431865,6692867,NC
-0.3671320478289689,6692868,NC
-0.367124782678259,6692869,NC
-0.3671175186323759,6692870,NC
-0.337110255691507,6692871,NC
-0.3221029938558393,6692872,NC
-0.34209573312556,6692873,NC
-0.3570884735008562,6692874,NC
-0.3570812149819149,6692875,NC
-0.34207395756892317,6692876,NC
-0.31706670126206804,6692877,NC
-0.3070594460615365,6692878,NC
-0.32205219196751556,6692879,NC
-0.32704493898019205,6692880,NC
-0.3320376870997529,6692881,NC
-0.32703043632638495,6692882,NC
-0.29202318666027516,6692883,NC
-0.29201593810161014,6692884,NC
-0.27700869065057687,6692885,NC
-0.3020014443073619,6692886,NC
-0.2919941990721523,6692887,NC
-0.27198695494513436,6692888,NC
-0.271979711926495,6692889,NC
-0.2469724700164208,6692890,NC
-0.2569652292150984,6692891,NC
-0.24195798952271433,6692892,NC
-0.23695075093945522,6692893,NC
-0.2069435134655075,6692894,NC
-0.18693627710105776,6692895,NC
-0.17192904184629237,6692896,NC
-0.18192180770139788,6692897,NC
-0.18691457466656064,6692898,NC
-0.18190734274196702,6692899,NC
-0.14190011192780339,6692900,NC
-0.12689288222425613,6692901,NC
-0.12188565363151148,6692902,NC
-0.12187842614975572,6692903,NC
-0.1218711997791751,6692904,NC
-0.11186397451995582,6692905,NC
-0.08185675037228408,6692906,NC
-0.05184952733634604,6692907,NC
-0.051842305412327795,6692908,NC
-0.036835084600415464,6692909,NC
-0.01682786490079511,6692910,NC
0.003179353686347211,6692911,NC
0.038186571160825515,6692912,NC
0.06819378752245381,6692913,NC
0.1032010027710461,6692914,NC
0.09320821690641654,6692915,NC
0.09321542992837917,6692916,NC
0.12322264183674814,6692917,NC
0.1432298526313376,6692918,NC
0.16323706231196178,6692919,NC
0.17824427087843486,6692920,NC
0.15825147833057107,6692921,NC
0.1532586846681847,6692922,NC
0.1332658898910901,6692923,NC
0.13827309399910154,6692924,NC
0.13328029699203342,6692925,NC
0.12328749886970014,6692926,NC
0.08829469963191608,6692927,NC
0.043301899278495704,6692928,NC
-0.00169090219074651,6692929,NC
-0.0016837047759960602,6692930,NC
-0.006676508477438413,6692931,NC
-0.021669313295259,6692932,NC
-0.051662119229643234,6692933,NC
-0.08665492628077649,6692934,NC
-0.10164773444884412,6692935,NC
-0.11664054373403146,6692936,NC
-0.11163335413652377,6692937,NC
-0.11662616565650635,6692938,NC
-0.12661897829416444,6692939,NC
-0.1516117920496832,6692940,NC
-0.16160460692324782,6692941,NC
-0.1715974229150435,6692942,NC
-0.15159024002525534,6692943,NC
-0.1565830582540684,6692944,NC
-0.14657587760166776,6692945,NC
-0.16656869806823843,6692946,NC
-0.1865615196539655,6692947,NC
-0.18155434235903387,6692948,NC
-0.16154716618362847,6692949,NC
-0.16653999112793427,6692950,NC
-0.17653281719213618,6692951,NC
-0.19152564437641897,6692952,NC
-0.19151847268096756,6692953,NC
-0.18151130210596672,6692954,NC
-0.1615041326516012,6692955,NC
-0.1714969643180558,6692956,NC
-0.1714897971055152,6692957,NC
-0.1914826310141641,6692958,NC
-0.17147546604418717,6692959,NC
-0.17146830219576897,6692960,NC
-0.1664611394690942,6692961,NC
-0.1564539778643474,6692962,NC
-0.16644681738171307,6692963,NC
-0.18143965802137577,6692964,NC
-0.17643249978351996,6692965,NC
-0.1664253426683301,6692966,NC
-0.15641818667599064,6692967,NC
-0.15641103180668595,6692968,NC
-0.1514038780606004,6692969,NC
-0.16139672543791836,6692970,NC
-0.16638957393882414,6692971,NC
-0.15638242356350202,6692972,NC
-0.1513752743121362,6692973,NC
-0.16636812618491098,6692974,NC
-0.14636097918201052,6692975,NC
-0.18135383330361898,6692976,NC
-0.1713466885499205,6692977,NC
-0.1613395449210992,6692978,NC
-0.1463324024173392,6692979,NC
-0.14132526103882445,6692980,NC
-0.15131812078573906,6692981,NC
-0.14131098165826697,6692982,NC
-0.15630384365659222,6692983,NC
-0.13629670678089864,6692984,NC
-0.1312895710313702,6692985,NC
-0.13128243640819076,6692986,NC
-0.13627530291154422,6692987,NC
-0.15126817054161434,6692988,NC
-0.17126103929858488,6692989,NC
-0.16625390918263966,6692990,NC
-0.1362467801939624,6692991,NC
-0.12623965233273685,6692992,NC
-0.13623252559914656,6692993,NC
-0.14122539999337527,6692994,NC
-0.1512182755156066,6692995,NC
-0.13121115216602408,6692996,NC
-0.12120402994481132,6692997,NC
-0.11619690885215181,6692998,NC
-0.11618978888822906,6692999,NC
-0.12618267005322656,6693000,NC
-0.1361755523473277,6693001,NC
-0.12116843577071598,6693002,NC
-0.11116132032357469,6693003,NC
-0.12615420600608726,6693004,NC
-0.14614709281843696,6693005,NC
-0.16613998076080708,6693006,NC
-0.17113286983338094,6693007,NC
-0.15612576003634177,6693008,NC
-0.12611865136987274,6693009,NC
-0.14111154383415703,6693010,NC
-0.14610443742937784,6693011,NC
-0.1610973321557182,6693012,NC
-0.15609022801336134,6693013,NC
-0.14108312500249018,6693014,NC
-0.12107602312328786,6693015,NC
-0.1110689223759373,6693016,NC
-0.12606182276062156,6693017,NC
-0.1510547242775235,6693018,NC
-0.16604762692682606,6693019,NC
-0.1360405307087122,6693020,NC
-0.13603343562336467,6693021,NC
-0.1210263416709664,6693022,NC
-0.13601924885170014,6693023,NC
-0.14101215716574864,6693024,NC
-0.14100506661329468,6693025,NC
-0.12599797719452097,6693026,NC
-0.11599088890961015,6693027,NC
-0.11098380175874491,6693028,NC
-0.1259767157421079,6693029,NC
-0.15096963085988163,6693030,NC
-0.16596254711224875,6693031,NC
-0.14595546449939178,6693032,NC
-0.1309483830214932,6693033,NC
-0.1359413026787355,6693034,NC
-0.13593422347130116,6693035,NC
-0.16092714539937256,6693036,NC
-0.1459200684631321,6693037,NC
-0.13591299266276216,6693038,NC
-0.12590591799844508,6693039,NC
-0.12089884447036309,6693040,NC
-0.13589177207869851,6693041,NC
-0.14588470082363364,6693042,NC
-0.14587763070535062,6693043,NC
-0.13087056172403164,6693044,NC
-0.11086349387985892,6693045,NC
-0.11085642717301453,6693046,NC
-0.11084936160368056,6693047,NC
-0.11584229717203912,6693048,NC
-0.12583523387827222,6693049,NC
-0.0958281717225619,6693050,NC
-0.09582111070509011,6693051,NC
-0.0858140508260388,6693052,NC
-0.1008069920855899,6693053,NC
-0.11079993448392533,6693054,NC
-0.10079287802122691,6693055,NC
-0.08078582269767651,6693056,NC
-0.0657787685134559,6693057,NC
-0.0407717154687469,6693058,NC
-0.05576466356373122,6693059,NC
-0.06075761279859057,6693060,NC
-0.07075056317350667,6693061,NC
-0.05574351468866115,6693062,NC
-0.05573646734423566,6693063,NC
-0.05572942114041178,6693064,NC
-0.07072237607737109,6693065,NC
-0.09071533215529515,6693066,NC
-0.1057082893743654,6693067,NC
-0.0907012477347634,6693068,NC
-0.09069420723667057,6693069,NC
-0.08568716788026834,6693070,NC
-0.11068012966573809,6693071,NC
-0.11067309259326119,6693072,NC
-0.11566605666301899,6693073,NC
-0.10565902187519276,6693074,NC
-0.11065198822996382,6693075,NC
-0.11564495572751338,6693076,NC
-0.11563792436802267,6693077,NC
-0.13063089415167287,6693078,NC
-0.14062386507864513,6693079,NC
-0.13561683714912062,6693080,NC
-0.11060981036328041,6693081,NC
-0.13060278472130554,6693082,NC
-0.12559576022337712,6693083,NC
-0.15558873686967611,6693084,NC
-0.19558171466038346,6693085,NC
-0.1855746935956802,6693086,NC
-0.1505676736757472,6693087,NC
-0.16056065490076535,6693088,NC
-0.1555536372709156,6693089,NC
-0.1655466207863786,6693090,NC
-0.17053960544733535,6693091,NC
-0.1555325912539665,6693092,NC
-0.14052557820645287,6693093,NC
-0.1605185663049751,6693094,NC
-0.16051155554971394,6693095,NC
-0.18050454594085003,6693096,NC
-0.18549753747856396,6693097,NC
-0.17549053016303637,6693098,NC
-0.15548352399444781,6693099,NC
-0.15047651897297884,6693100,NC
-0.17046951509880992,6693101,NC
-0.18546251237212158,6693102,NC
-0.1904555107930942,6693103,NC
-0.1754485103619083,6693104,NC
-0.1504415110787442,6693105,NC
-0.1554345129437823,6693106,NC
-0.16542751595720284,6693107,NC
-0.19542052011918626,6693108,NC
-0.18041352542991274,6693109,NC
-0.17040653188956253,6693110,NC
-0.1553995394983159,6693111,NC
-0.15039254825635295,6693112,NC
-0.16538555816385386,6693113,NC
-0.1853785692209988,6693114,NC
-0.1853715814279678,6693115,NC
-0.17036459478494098,6693116,NC
-0.15535760929209833,6693117,NC
-0.14035062494961986,6693118,NC
-0.1503436417576856,6693119,NC
-0.15533665971647545,6693120,NC
-0.16532967882616928,6693121,NC
-0.1753226990869471,6693122,NC
-0.15031572049898867,6693123,NC
-0.14030874306247382,6693124,NC
-0.1503017667775824,6693125,NC
-0.15529479164449414,6693126,NC
-0.15528781766338878,6693127,NC
-0.15528084483444604,6693128,NC
-0.13527387315784556,6693129,NC
-0.11526690263376707,6693130,NC
-0.10525993326239011,6693131,NC
-0.10525296504389432,6693132,NC
-0.09524599797845926,6693133,NC
-0.05523903206626442,6693134,NC
-0.015232067307489314,6693135,NC
0.054774896297686566,6693136,NC
0.1097818587490838,6693137,NC
0.17978882004652297,6693138,NC
0.23979578018982467,6693139,NC
0.28980273917880955,6693140,NC
0.34980969701329834,6693141,NC
0.3498166536931117,6693142,NC
0.30482360921807045,6693143,NC
0.22483056358799522,6693144,NC
0.1398375168027069,6693145,NC
0.07984446886202629,6693146,NC
0.05985141976577424,6693147,NC
0.07485836951377164,6693148,NC
0.1398653181058394,6693149,NC
0.2248722655417985,6693150,NC
0.3498792118214699,6693151,NC
0.5148861569446745,6693152,NC
0.6648931009112337,6693153,NC
0.784900043720968,6693154,NC
0.849906985373699,6693155,NC
0.8699139258692474,6693156,NC
0.8299208652074348,6693157,L
0.754927803388082,6693158,NC
0.6499347404110104,6693159,NC
0.5299416762760413,6693160,NC
0.41994861098299585,6693161,NC
0.3249555445316954,6693162,NC
0.21496247692196122,6693163,NC
0.09996940815361474,6693164,NC
-0.005023661773522661,6693165,NC
-0.11501673285962954,6693166,NC
-0.2150098051048845,6693167,NC
-0.295002878509466,6693168,NC
-0.35499595307355253,6693169,NC
-0.38498902879732255,6693170,NC
-0.38498210568095453,6693171,NC
-0.3449751837246269,6693172,NC
-0.3349682629285179,6693173,NC
-0.3149613432928059,6693174,NC
-0.2799544248176693,6693175,NC
-0.2549475075032863,6693176,NC
-0.21994059134983523,6693177,NC
-0.1949336763574942,6693178,NC
-0.20492676252644149,6693179,NC
-0.2249198498568552,6693180,NC
-0.22991293834891346,6693181,NC
-0.2049060280027944,6693182,NC
-0.19489911881867605,6693183,NC
-0.1898922107967365,6693184,NC
-0.1948853039371537,6693185,NC
-0.2098783982401057,6693186,NC
-0.2098714937057704,6693187,NC
-0.20486459033432572,6693188,NC
-0.18485768812594955,6693189,NC
-0.18985078708081976,6693190,NC
-0.2098438871991142,6693191,NC
-0.20483698848101062,6693192,NC
-0.1998300909266868,6693193,NC
-0.19482319453632052,6693194,NC
-0.17481629931008946,6693195,NC
-0.1798094052481713,6693196,NC
-0.17980251235074368,6693197,NC
-0.19479562061798422,6693198,NC
-0.19478873005007055,6693199,NC
-0.1747818406471802,6693200,NC
-0.16977495240949067,6693201,NC
-0.1697680653371795,6693202,NC
-0.17976117943042413,6693203,NC
-0.17975429468940204,6693204,NC
-0.1997474111142906,6693205,NC
-0.1847405287052672,6693206,NC
-0.1547336474625092,6693207,NC
-0.1497267673861939,6693208,NC
-0.1847198884764986,6693209,NC
-0.17471301073360054,6693210,NC
-0.18470613415767698,6693211,NC
-0.1696992587489051,6693212,NC
-0.13969238450746208,6693213,NC
-0.13968551143352503,6693214,NC
-0.1346786395272711,6693215,NC
-0.16467176878887735,6693216,NC
-0.15466489921852083,6693217,NC
-0.1446580308163785,6693218,NC
-0.09465116358262748,6693219,NC
-0.09964429751744461,6693220,NC
-0.09463743262100688,6693221,NC
-0.08463056889349113,6693222,NC
-0.10462370633507426,6693223,NC
-0.07961684494593313,6693224,NC
-0.05460998472624454,6693225,NC
-0.029603125676185227,6693226,NC
-0.04959626779593198,6693227,NC
-0.04958941108566149,6693228,NC
-0.04958255554555046,6693229,NC
-0.029575701175775536,6693230,NC
-0.009568847976513355,6693231,NC
0.010438004052059496,6693232,NC
0.010444854909766453,6693233,NC
0.00045170459643097127,6693234,NC
0.01545855311187655,6693235,NC
0.0354654004559267,6693236,NC
0.055472246628405004,6693237,NC
0.08547909162913503,6693238,NC
0.060485935457940385,6693239,NC
0.07549277811464473,6693240,NC
0.07549961959907174,6693241,NC
0.10050645991104512,6693242,NC
0.1255132990503886,6693243,NC
0.15052013701692593,6693244,NC
0.16052697381048092,6693245,NC
0.17053380943087743,6693246,NC
0.18554064387793928,6693247,NC
0.21554747715149036,6693248,NC
0.24555430925135457,6693249,NC
0.2605611401773559,6693250,NC
0.2605679699293183,6693251,NC
0.2455747985070658,6693252,NC
0.2455816259104224,6693253,NC
0.25558845213921216,6693254,NC
0.2405952771932593,6693255,NC
0.2306021010723878,6693256,NC
0.1806089237764219,6693257,NC
0.16061574530518574,6693258,NC
0.1406225656585036,6693259,NC
0.1156293848361997,6693260,NC
0.12063620283809828,6693261,NC
0.10564301966402372,6693262,NC
0.08064983531380032,6693263,NC
0.030656649787252473,6693264,NC
-0.0043365369157954345,6693265,NC
-0.009329724795518968,6693266,NC
-0.01432291385209366,6693267,NC
0.0006838959143049897,6693268,NC
-0.01930929549649852,6693269,NC
-0.04930248808467962,6693270,NC
-0.05429568185041373,6693271,NC
-0.04928887679387623,6693272,NC
-0.03928207291524249,6693273,NC
-0.0442752702146878,6693274,NC
-0.0592684686923875,6693275,NC
-0.07926166834851683,6693276,NC
-0.08925486918325104,6693277,NC
-0.0792480711967653,6693278,NC
-0.07924127438923481,6693279,NC
-0.10423447876083472,6693280,NC
-0.11422768431174013,6693281,NC
-0.12422089104212615,6693282,NC
-0.12421409895216777,6693283,NC
-0.12420730804204005,6693284,NC
-0.11420051831191799,6693285,NC
-0.10419372976197652,6693286,NC
-0.1091869423923906,6693287,NC
-0.12418015620333514,6693288,NC
-0.12417337119498498,6693289,NC
-0.11916658736751495,6693290,NC
-0.12415980472109989,6693291,NC
-0.10915302325591456,6693292,NC
-0.1191462429721337,6693293,NC
-0.13413946386993203,6693294,NC
-0.1441326859494843,6693295,NC
-0.13912590921096507,6693296,NC
-0.12411913365454902,6693297,NC
-0.11911235928041072,6693298,NC
-0.12910558608872474,6693299,NC
-0.12409881407966568,6693300,NC
-0.13409204325340793,6693301,NC
-0.13908527361012607,6693302,NC
-0.13907850514999442,6693303,NC
-0.13907173787318755,6693304,NC
-0.12406497177987973,6693305,NC
-0.14405820687024531,6693306,NC
-0.14905144314445867,6693307,NC
-0.13904468060269404,6693308,NC
-0.13903791924512574,6693309,NC
-0.13903115907192798,6693310,NC
-0.13902440008327493,6693311,NC
-0.15401764227934078,6693312,NC
-0.1540108856602997,6693313,NC
-0.14400413022632572,6693314,NC
-0.148997375977593,6693315,NC
-0.1339906229142755,6693316,NC
-0.1389838710365473,6693317,NC
-0.15397712034458239,6693318,NC
-0.15897037083855467,6693319,NC
-0.1589636225186381,6693320,NC
-0.1289568753850066,6693321,NC
-0.12895012943783402,6693322,NC
-0.16894338467729414,6693323,NC
-0.17893664110356083,6693324,NC
-0.1839298987168078,6693325,NC
-0.17892315751720883,6693326,NC
-0.1689164175049376,6693327,NC
-0.17390967868016782,6693328,NC
-0.17890294104307317,6693329,NC
-0.17889620459382718,6693330,NC
-0.17388946933260352,6693331,NC
-0.16888273525957567,6693332,NC
-0.16887600237491723,6693333,NC
-0.15886927067880163,6693334,NC
-0.1738625401714024,6693335,NC
-0.19885581085289294,6693336,NC
-0.19384908272344667,6693337,NC
-0.19884235578323695,6693338,NC
-0.1788356300324371,6693339,NC
-0.1838289054712205,6693340,NC
-0.19382218209976032,6693341,NC
-0.19381545991822993,6693342,NC
-0.19880873892680248,6693343,NC
-0.19880201912565118,6693344,NC
-0.17379530051494918,6693345,NC
-0.18378858309486965,6693346,NC
-0.1937818668655856,6693347,NC
-0.19377515182727018,6693348,NC
-0.18876843798009638,6693349,NC
-0.18376172532423724,6693350,NC
-0.1787550138598657,6693351,NC
-0.17374830358715473,6693352,NC
-0.1937415945062772,6693353,NC
-0.20873488661740605,6693354,NC
-0.1987281799207141,6693355,NC
-0.19872147441637417,6693356,NC
-0.18371477010455908,6693357,NC
-0.19370806698544152,6693358,NC
-0.1937013650591943,6693359,NC
-0.2136946643259901,6693360,NC
-0.20868796478600155,6693361,NC
-0.1886812664394013,6693362,NC
-0.183674569286362,6693363,NC
-0.18366787332705614,6693364,NC
-0.1786611785616563,6693365,NC
-0.19865448499033506,6693366,NC
-0.20364779261326482,6693367,NC
-0.2136411014306181,6693368,NC
-0.1886344114425672,6693369,NC
-0.18362772264928467,6693370,NC
-0.18862103505094274,6693371,NC
-0.20361434864771383,6693372,NC
-0.2036076634397702,6693373,NC
-0.19360097942728408,6693374,NC
-0.17359429661042777,6693375,NC
-0.16858761498937344,6693376,NC
-0.1685809345642933,6693377,NC
-0.17357425533535942,6693378,NC
-0.178567577302744,6693379,NC
-0.16356090046661906,6693380,NC
-0.14355422482715668,6693381,NC
-0.1535475503845289,6693382,NC
-0.15354087713890768,6693383,NC
-0.17353420509046494,6693384,NC
-0.1535275342393727,6693385,NC
-0.1385208645858028,6693386,NC
-0.11351419612992711,6693387,NC
-0.12350752887191747,6693388,NC
-0.13850086281194568,6693389,NC
-0.13849419795018353,6693390,NC
-0.15348753428680278,6693391,NC
-0.13348087182197504,6693392,NC
-0.12347421055587215,6693393,NC
-0.12846755048866562,6693394,NC
-0.13846089162052716,6693395,NC
-0.16845423395162834,6693396,NC
-0.16344757748214067,6693397,NC
-0.16344092221223572,6693398,NC
-0.143434268142085,6693399,NC
-0.14842761527185994,6693400,NC
-0.16842096360173195,6693401,NC
-0.18841431313187246,6693402,NC
-0.2034076638624529,6693403,NC
-0.19840101579364455,6693404,NC
-0.1933943689256187,6693405,NC
-0.1783877232585467,6693406,NC
-0.17338107879259976,6693407,NC
-0.2133744355279491,6693408,NC
-0.21836779346476587,6693409,NC
-0.21836115260322128,6693410,NC
-0.21335451294348642,6693411,NC
-0.2133478744857324,6693412,NC
-0.2133412372301303,6693413,NC
-0.23333460117685112,6693414,NC
-0.24332796632606582,6693415,NC
-0.24832133267794548,6693416,NC
-0.24831470023266095,6693417,NC
-0.23330806899038325,6693418,NC
-0.23330143895128308,6693419,NC
-0.2482948101155314,6693420,NC
-0.24828818248329898,6693421,NC
-0.24828155605475669,6693422,NC
-0.24327493083007518,6693423,NC
-0.25326830680942525,6693424,NC
-0.24826168399297752,6693425,NC
-0.2632550623809027,6693426,NC
-0.2732484419733714,6693427,NC
-0.2582418227705542,6693428,NC
-0.24323520477262167,6693429,NC
-0.2432285879797444,6693430,NC
-0.24822197239209287,6693431,NC
-0.26821535800983753,6693432,NC
-0.2682087448331488,6693433,NC
-0.26820213286219713,6693434,NC
-0.2431955220971529,6693435,NC
-0.24318891253818642,6693436,NC
-0.2581823041854681,6693437,NC
-0.2631756970391681,6693438,NC
-0.2631690910994568,6693439,NC
-0.26816248636650436,6693440,NC
-0.283155882840481,6693441,NC
-0.24314928052155677,6693442,NC
-0.24314267940990192,6693443,NC
-0.24813607950568656,6693444,NC
-0.2431294808090807,6693445,NC
-0.24812288332025442,6693446,NC
-0.22311628703937775,6693447,NC
-0.23310969196662057,6693448,NC
-0.25310309810215287,6693449,NC
-0.2730965054461446,6693450,NC
-0.2780899139987656,6693451,NC
-0.27308332376018574,6693452,NC
-0.2630767347305748,6693453,NC
-0.25307014691010266,6693454,NC
-0.25306356029893895,6693455,NC
-0.26805697489725355,6693456,NC
-0.253050390705216,6693457,NC
-0.2430438077229961,6693458,NC
-0.22803722595076342,6693459,NC
-0.21303064538868755,6693460,NC
-0.19302406603693806,6693461,NC
-0.18301748789568453,6693462,NC
-0.1680109109650964,6693463,NC
-0.14800433524534323,6693464,NC
-0.08799776073659443,6693465,NC
-0.047991187439019374,6693466,NC
0.0370153846472125,6693467,NC
0.09702195552193185,6693468,NC
0.13702852518496939,6693469,NC
0.17703509363615577,6693470,NC
0.1620416608753218,6693471,NC
0.12204822690229818,6693472,NC
0.04205479171691577,6693473,NC
-0.04793864468099462,6693474,NC
-0.13793208229160211,6693475,NC
-0.1579255211150758,6693476,NC
-0.1379189611515848,6693477,NC
-0.06291240240129811,6693478,NC
0.07209415513561526,6693479,NC
0.21210071145898632,6693480,NC
0.3721072665686461,6693481,NC
0.5271138204644257,6693482,NC
0.6571203731461563,6693483,NC
0.7621269246136689,6693484,NC
0.792133474866795,6693485,NC
0.7521400239053654,6693486,L
0.6171465717292115,6693487,NC
0.4971531183381647,6693488,NC
0.3871596637320562,6693489,NC
0.31716620791071726,6693490,NC
0.20717275087397938,6693491,NC
0.07717929262167388,6693492,NC
-0.05781416684636777,6693493,NC
-0.18280762753031415,6693494,NC
-0.2628010894303337,6693495,NC
-0.32779455254659495,6693496,NC
-0.40278801687926635,6693497,NC
-0.44278148242851634,6693498,NC
-0.49777494919451326,6693499,NC
-0.4977684171774254,6693500,NC
-0.4927618863774212,6693501,NC
-0.45775535679466883,6693502,NC
-0.4277488284293366,6693503,NC
-0.40274230128159283,6693504,NC
-0.3877357753516055,6693505,NC
-0.352729250639543,6693506,NC
-0.31772272714557337,6693507,NC
-0.29771620486986466,6693508,NC
-0.302709683812585,6693509,NC
-0.3127031639739024,6693510,NC
-0.3226966453539849,6693511,NC
-0.32269012795300045,6693512,NC
-0.312683611771117,6693513,NC
-0.3026770968085024,6693514,NC
-0.30267058306532457,6693515,NC
-0.31266407054175144,6693516,NC
-0.30765755923795074,6693517,NC
-0.2976510491540903,6693518,NC
-0.27264454029033786,6693519,NC
-0.2676380326468611,6693520,NC
-0.27263152622382775,6693521,NC
-0.29262502102140553,6693522,NC
-0.3026185170397619,6693523,NC
-0.3026120142790646,6693524,NC
-0.29760551273948116,6693525,NC
-0.2775990124211792,6693526,NC
-0.28759251332432606,6693527,NC
-0.2925860154490893,6693528,NC
-0.29757951879563627,6693529,NC
-0.2775730233641346,6693530,NC
-0.2625665291547514,6693531,NC
-0.24756003616765418,6693532,NC
-0.24755354440301022,6693533,NC
-0.24754705386098683,6693534,NC
-0.25254056454175117,6693535,NC
-0.24753407644547054,6693536,NC
-0.24752758957231213,6693537,NC
-0.2275211039224431,6693538,NC
-0.2325146194960305,6693539,NC
-0.21750813629324145,6693540,NC
-0.21250165431424306,6693541,NC
-0.20249517355920232,6693542,NC
-0.20248869402828623,6693543,NC
-0.1974822157216618,6693544,NC
-0.20247573863949592,6693545,NC
-0.19746926278195548,6693546,NC
-0.18746278814920742,6693547,NC
-0.15745631474141852,6693548,NC
-0.14244984255875565,6693549,NC
-0.1274433716013855,6693550,NC
-0.11743690186947492,6693551,NC
-0.10243043336319052,6693552,NC
-0.09742396608269904,6693553,NC
-0.07241750002816716,6693554,NC
-0.07741103519976145,6693555,NC
-0.07240457159764849,6693556,NC
-0.062398109221994895,6693557,NC
-0.09239164807296715,6693558,NC
-0.06738518815073175,6693559,NC
-0.03737872945545516,6693560,NC
-0.012372271987303805,6693561,NC
0.002634184253555903,6693562,NC
-0.0023593607330424024,6693563,NC
0.0026470930527349584,6693564,NC
0.0076535456107216585,6693565,NC
0.01765999694075144,6693566,NC
0.047666447042658065,6693567,NC
0.057672895916275314,6693568,NC
0.06267934356143702,6693569,NC
0.06768578997797704,6693570,NC
0.08269223516572925,6693571,NC
0.10269867912452757,6693572,NC
0.14770512185420595,6693573,NC
0.16271156335459835,6693574,NC
0.16771800362553882,6693575,NC
0.1577244426668614,6693576,NC
0.16273088047840015,6693577,NC
0.1877373170599892,6693578,NC
0.1927437524114626,6693579,NC
0.18275018653265465,6693580,NC
0.1527566194233995,6693581,NC
0.11776305108353136,6693582,NC
0.07776948151288451,6693583,NC
0.047775910711293265,6693584,NC
0.04278233867859194,6693585,NC
0.01778876541461491,6693586,NC
-0.017204809080803463,6693587,NC
-0.05719838480782871,6693588,NC
-0.0721919617666264,6693589,NC
-0.09218553995736206,6693590,NC
-0.10717911938020114,6693591,NC
-0.1071727000353091,6693592,NC
-0.12716628192285134,6693593,NC
-0.1621598650429933,6693594,NC
-0.17215344939590027,6693595,NC
-0.1721470349817376,6693596,NC
-0.16214062180067057,6693597,NC
-0.16713420985286445,6693598,NC
-0.19712779913848447,6693599,NC
-0.2071213896576958,6693600,NC
-0.22211498141066363,6693601,NC
-0.21710857439755304,6693602,NC
-0.20210216861852917,6693603,NC
-0.2070957640737571,6693604,NC
-0.20708936076340184,6693605,NC
-0.2270829586876284,6693606,NC
-0.2420765578466017,6693607,NC
-0.22207015824048681,6693608,NC
-0.22206375986944854,6693609,NC
-0.20205736273365174,6693610,NC
-0.22205096683326134,6693611,NC
-0.2270445721684421,6693612,NC
-0.23703817873935876,6693613,NC
-0.22203178654617622,6693614,NC
-0.21202539558905903,6693615,NC
-0.20201900586817192,6693616,NC
-0.2220126173836796,6693617,NC
-0.24700623013574663,6693618,NC
-0.2519998441245377,6693619,NC
-0.25199345935021716,6693620,NC
-0.24698707581294976,6693621,NC
-0.24198069351289989,6693622,NC
-0.23197431245023203,6693623,NC
-0.23696793262511057,6693624,NC
-0.24696155403769995,6693625,NC
-0.24195517668816452,6693626,NC
-0.2319488005766687,6693627,NC
-0.21694242570337663,6693628,NC
-0.2269360520684527,6693629,NC
-0.2269296796720611,6693630,NC
-0.236923308514366,6693631,NC
-0.22691693859553172,6693632,NC
-0.23191056991572226,6693633,NC
-0.21690420247510175,6693634,NC
-0.22189783627383433,6693635,NC
-0.23689147131208396,6693636,NC
-0.24188510759001475,6693637,NC
-0.23687874510779067,6693638,NC
-0.22187238386557565,6693639,NC
-0.22686602386353355,6693640,NC
-0.22185966510182833,6693641,NC
-0.2468533075806238,6693642,NC
-0.24684695130008383,6693643,NC
-0.22684059626037223,6693644,NC
-0.22183424246165268,6693645,NC
-0.21682788990408894,6693646,NC
-0.2218215385878447,6693647,NC
-0.25681518851308366,6693648,NC
-0.2568088396799694,6693649,NC
-0.25680249208866557,6693650,NC
-0.26679614573933574,6693651,NC
-0.24178980063214334,6693652,NC
-0.256783456767252,6693653,NC
-0.2717771141448252,6693654,NC
-0.27177077276502626,6693655,NC
-0.26176443262801863,6693656,NC
-0.25175809373396574,6693657,NC
-0.25175175608303085,6693658,NC
-0.2467454196753774,6693659,NC
-0.26173908451116856,6693660,NC
-0.27173275059056756,6693661,NC
-0.27672641791373775,6693662,NC
-0.25672008648084216,6693663,NC
-0.246713756292044,6693664,NC
-0.2617074273475064,6693665,NC
-0.25670109964739246,6693666,NC
-0.25169477319186523,6693667,NC
-0.2616884479810877,6693668,NC
-0.24168212401522288,6693669,NC
-0.26167580129443374,6693670,NC
-0.2616694798188832,6693671,NC
-0.27666315958873416,6693672,NC
-0.2816568406041494,6693673,NC
-0.2666505228652919,6693674,NC
-0.2516442063723243,6693675,NC
-0.23663789112540953,6693676,NC
-0.25163157712471024,6693677,NC
-0.27162526437038914,6693678,NC
-0.2516189528626088,6693679,NC
-0.24661264260153204,6693680,NC
-0.22660633358732138,6693681,NC
-0.21660002582013935,6693682,NC
-0.22159371930014854,6693683,NC
-0.2365874140275114,6693684,NC
-0.25158111000239053,6693685,NC
-0.23657480722494825,6693686,NC
-0.21656850569534708,6693687,NC
-0.2065622054137493,6693688,NC
-0.19655590638031734,6693689,NC
-0.20154960859521345,6693690,NC
-0.21154331205859994,6693691,NC
-0.19153701677063906,6693692,NC
-0.17653072273149306,6693693,NC
-0.1665244299413241,6693694,NC
-0.17151813840029434,6693695,NC
-0.18151184810856588,6693696,NC
-0.19150555906630082,6693697,NC
-0.19649927127366124,6693698,NC
-0.19149298473080917,6693699,NC
-0.18648669943790658,6693700,NC
-0.19648041539511546,6693701,NC
-0.22147413260259774,6693702,NC
-0.21646785106051528,6693703,NC
-0.21646157076902997,6693704,NC
-0.20645529172830362,6693705,NC
-0.21144901393849805,6693706,NC
-0.21644273739977504,6693707,NC
-0.23143646211229635,6693708,NC
-0.24143018807622357,6693709,NC
-0.2364239152917185,6693710,NC
-0.22141764375894277,6693711,NC
-0.21141137347805788,6693712,NC
-0.22640510444922554,6693713,NC
-0.26139883667260716,6693714,NC
-0.2763925701483644,6693715,NC
-0.26138630487665854,6693716,NC
-0.2613800408576512,6693717,NC
-0.24137377809150376,6693718,NC
-0.2513675165783776,6693719,NC
-0.266361256318434,6693720,NC
-0.28635499731183434,6693721,NC
-0.30634873955873987,6693722,NC
-0.2963424830593119,6693723,NC
-0.2813362278137116,6693724,NC
-0.27632997382210017,6693725,NC
-0.2963237210846387,6693726,NC
-0.2913174696014885,6693727,NC
-0.27631121937281045,6693728,NC
-0.2963049703987657,6693729,NC
-0.2812987226795154,6693730,NC
-0.2812924762152203,6693731,NC
-0.2912862310060415,6693732,NC
-0.29127998705213987,6693733,NC
-0.2912737443536764,6693734,NC
-0.2812675029108119,6693735,NC
-0.27626126272370716,6693736,NC
-0.29625502379252305,6693737,NC
-0.3012487861174203,6693738,NC
-0.3162425496985597,6693739,NC
-0.31623631453610185,6693740,NC
-0.3012300806302075,6693741,NC
-0.3012238479810373,6693742,NC
-0.2962176165887518,6693743,NC
-0.30121138645351153,6693744,NC
-0.30620515757547717,6693745,NC
-0.3011989299548091,6693746,NC
-0.281192703591668,6693747,NC
-0.271186478486214,6693748,NC
-0.27118025463860773,6693749,NC
-0.29117403204900955,6693750,NC
-0.2911678107175797,6693751,NC
-0.2911615906444786,6693752,NC
-0.2761553718298665,6693753,NC
-0.29114915427390364,6693754,NC
-0.2911429379767502,6693755,NC
-0.3011367229385664,6693756,NC
-0.31613050915951246,6693757,NC
-0.31112429663974844,6693758,NC
-0.2861180853794344,6693759,NC
-0.26111187537873043,6693760,NC
-0.2711056666377965,6693761,NC
-0.2760994591567927,6693762,NC
-0.2810932529358789,6693763,NC
-0.261087047975215,6693764,NC
-0.256080844274961,6693765,NC
-0.2110746418352767,6693766,NC
-0.2010684406563219,6693767,NC
-0.16106224073825642,6693768,NC
-0.13105604208124005,6693769,NC
-0.0760498446854325,6693770,NC
0.003956351449006565,6693771,NC
0.06896254632191742,6693772,NC
0.11396873993314048,6693773,NC
0.13397493228251614,6693774,NC
0.1289811233698848,6693775,NC
0.08898731319508696,6693776,NC
0.0139935017579631,6693777,NC
-0.08600031094164623,6693778,NC
-0.1809941249039005,6693779,NC
-0.26098794012895904,6693780,NC
-0.2609817566169813,6693781,NC
-0.21097557436812664,6693782,NC
-0.06596939338255431,6693783,NC
0.09403678633957643,6693784,NC
0.2540429647981063,6693785,NC
0.3940491419928761,6693786,NC
0.5140553179237267,6693787,NC
0.6040614925904989,6693788,NC
0.6290676659930334,6693789,NC
0.5790738381311716,6693790,L
0.46908000900475405,6693791,NC
0.3340861786136219,6693792,NC
0.2290923469576161,6693793,NC
0.13909851403657775,6693794,NC
0.06410467985034791,6693795,NC
-0.020889155601232293,6693796,NC
-0.1308829923183217,6693797,NC
-0.2308768303010792,6693798,NC
-0.3308706695496635,6693799,NC
-0.41586451006423336,6693800,NC
-0.4358583518449475,6693801,NC
-0.4708521948919646,6693802,NC
-0.5108460392054435,6693803,NC
-0.4958398847855425,6693804,NC
-0.48583373163242033,6693805,NC
-0.4608275797462356,6693806,NC
-0.3858214291271468,6693807,NC
-0.35581527977531247,6693808,NC
-0.335809131690891,6693809,NC
-0.3358029848740408,6693810,NC
-0.34079683932492033,6693811,NC
-0.33079069504368797,6693812,NC
-0.3107845520305019,6693813,NC
-0.3057784102855206,6693814,NC
-0.3057722698089022,6693815,NC
-0.31076613060080505,6693816,NC
-0.3007599926613872,6693817,NC
-0.285753855990807,6693818,NC
-0.27074772058922236,6693819,NC
-0.29074158645679155,6693820,NC
-0.2907354535936726,6693821,NC
-0.29572932200002344,6693822,NC
-0.31072319167600226,6693823,NC
-0.2857170626217669,6693824,NC
-0.2657109348374753,6693825,NC
-0.2557048083232854,6693826,NC
-0.2706986830793551,6693827,NC
-0.2806925591058421,6693828,NC
-0.28068643640290436,6693829,NC
-0.2706803149706996,6693830,NC
-0.2556741948093855,6693831,NC
-0.24566807591911988,6693832,NC
-0.25566195830006033,6693833,NC
-0.2456558419523645,6693834,NC
-0.25564972687619003,6693835,NC
-0.2456436130716945,6693836,NC
-0.2206375005390354,6693837,NC
-0.2156313892783703,6693838,NC
-0.21562527928985664,6693839,NC
-0.21061917057365187,6693840,NC
-0.2056130631299134,6693841,NC
-0.21060695695879864,6693842,NC
-0.1806008520604649,6693843,NC
-0.1705947484350695,6693844,NC
-0.17058864608276975,6693845,NC
-0.18558254500372284,6693846,NC
-0.19057644519808603,6693847,NC
-0.18557034666601652,6693848,NC
-0.16556424940767142,6693849,NC
-0.14555815342320785,6693850,NC
-0.13555205871278292,6693851,NC
-0.13554596527655366,6693852,NC
-0.12053987311467709,6693853,NC
-0.10053378222731017,6693854,NC
-0.09052769261460994,6693855,NC
-0.08052160427673322,6693856,NC
-0.07551551721383692,6693857,NC
-0.06550943142607796,6693858,NC
-0.08050334691361308,6693859,NC
-0.0404972636765991,6693860,NC
-0.025491181715192796,6693861,NC
-0.005485101029550861,6693862,NC
0.009520978380169999,6693863,NC
-0.01047294348618686,6693864,NC
0.00453313337122193,6693865,NC
0.029539208952239774,6693866,NC
0.04454528325671014,6693867,NC
0.07955135628447646,6693868,NC
0.07455742803538226,6693869,NC
0.0645634985092711,6693870,NC
0.05956956770598653,6693871,NC
0.07457563562537217,6693872,NC
0.08458170226727164,6693873,NC
0.09958776763152863,6693874,NC
0.12959383171798683,6693875,NC
0.14459989452649002,6693876,NC
0.14460595605688192,6693877,NC
0.15461201630900637,6693878,NC
0.15961807528270716,6693879,NC
0.1696241329778282,6693880,NC
0.17463018939421338,6693881,NC
0.15463624453170666,6693882,NC
0.13964229839015196,6693883,NC
0.12464835096939333,6693884,NC
0.11965440226927479,6693885,NC
0.09966045228964038,6693886,NC
0.06966650103033421,6693887,NC
0.03467254849120044,6693888,NC
-0.005321405327916778,6693889,NC
-0.020315360427173253,6693890,NC
-0.03530931680672474,6693891,NC
-0.05530327446672696,6693892,NC
-0.08529723340733567,6693893,NC
-0.12529119362870647,6693894,NC
-0.15528515513099503,6693895,NC
-0.17527911791435696,6693896,NC
-0.20027308197894783,6693897,NC
-0.20526704732492318,6693898,NC
-0.19026101395243844,6693899,NC
-0.2102549818616492,6693900,NC
-0.22524895105271084,6693901,NC
-0.22524292152577874,6693902,NC
-0.22023689328100826,6693903,NC
-0.22523086631855482,6693904,NC
-0.24022484063857363,6693905,NC
-0.26521881624122007,6693906,NC
-0.26521279312664925,6693907,NC
-0.2452067712950165,6693908,NC
-0.2352007507464769,6693909,NC
-0.2151947314811857,6693910,NC
-0.24518871349929786,6693911,NC
-0.27018269680096857,6693912,NC
-0.2851766813863528,6693913,NC
-0.28517066725560564,6693914,NC
-0.26516465440888193,6693915,NC
-0.25515864284633677,6693916,NC
-0.28515263256812495,6693917,NC
-0.31014662357440137,6693918,NC
-0.31014061586532093,6693919,NC
-0.30513460944103843,6693920,NC
-0.2751286043017086,6693921,NC
-0.25512260044748614,6693922,NC
-0.25511659787852586,6693923,NC
-0.2751105965949824,6693924,NC
-0.2951045965970104,6693925,NC
-0.29009859788476444,6693926,NC
-0.27009260045839917,6693927,NC
-0.25508660431806907,6693928,NC
-0.26008060946392864,6693929,NC
-0.27007461589613246,6693930,NC
-0.26506862361483485,6693931,NC
-0.25006263262019024,6693932,NC
-0.23505664291235312,6693933,NC
-0.25505065449147774,6693934,NC
-0.24504466735771843,6693935,NC
-0.2800386815112295,6693936,NC
-0.2950326969521651,6693937,NC
-0.29502671368067956,6693938,NC
-0.27002073169692703,6693939,NC
-0.2650147510010616,6693940,NC
-0.2550087715932374,6693941,NC
-0.28000279347360857,6693942,NC
-0.2849968166423291,6693943,NC
-0.299990841099553,6693944,NC
-0.2699848668454343,6693945,NC
-0.26497889388012696,6693946,NC
-0.2899729222037848,6693947,NC
-0.28996695181656174,6693948,NC
-0.2999609827186116,6693949,NC
-0.2949550149100883,6693950,NC
-0.2799490483911456,6693951,NC
-0.2649430831619371,6693952,NC
-0.27493711922261665,6693953,NC
-0.2899311565733379,6693954,NC
-0.2999251952142545,6693955,NC
-0.29491923514552004,6693956,NC
-0.2899132763672882,6693957,NC
-0.26490731887971236,6693958,NC
-0.2749013626829462,6693959,NC
-0.28489540777714306,6693960,NC
-0.2798894541624565,6693961,NC
-0.29488350183903983,6693962,NC
-0.27987755080704657,6693963,NC
-0.26987160106663,6693964,NC
-0.2798656526179434,6693965,NC
-0.28985970546114004,6693966,NC
-0.2948537595963732,6693967,NC
-0.29984781502379615,6693968,NC
-0.299841871743562,6693969,NC
-0.29483592975582396,6693970,NC
-0.28482998906073514,6693971,NC
-0.29482404965844855,6693972,NC
-0.31481811154911726,6693973,NC
-0.31981217473289436,6693974,NC
-0.30480623920993277,6693975,NC
-0.2948003049803854,6693976,NC
-0.2997943720444053,6693977,NC
-0.3147884404021452,6693978,NC
-0.329782510053758,6693979,NC
-0.3347765809993966,6693980,NC
-0.3047706532392137,6693981,NC
-0.294764726773362,6693982,NC
-0.29475880160199436,6693983,NC
-0.3197528777252634,6693984,NC
-0.3097469551433217,6693985,NC
-0.2947410338563219,6693986,NC
-0.2747351138644167,6693987,NC
-0.25972919516775844,6693988,NC
-0.27972327776649986,6693989,NC
-0.29971736166079327,6693990,NC
-0.27971144685079125,6693991,NC
-0.2697055333366461,6693992,NC
-0.25969962111851025,6693993,NC
-0.25969371019653603,6693994,NC
-0.27468780057087583,6693995,NC
-0.2896818922416819,6693996,NC
-0.2996759852091063,6693997,NC
-0.28967007947330164,6693998,NC
-0.27466417503441976,6693999,NC
-0.24465827189261286,6694000,NC
-0.22965237004803324,6694001,NC
-0.23464646950083273,6694002,NC
-0.23464057025116358,6694003,NC
-0.22963467229917778,6694004,NC
-0.2196287756450272,6694005,NC
-0.21962288028886384,6694006,NC
-0.23461698623083957,6694007,NC
-0.22961109347110642,6694008,NC
-0.23960520200981605,6694009,NC
-0.2345993118471204,6694010,NC
-0.20959342298317127,6694011,NC
-0.22958753541812033,6694012,NC
-0.2295816491521193,6694013,NC
-0.2695757641853198,6694014,NC
-0.28456988051787363,6694015,NC
-0.2795639981499323,6694016,NC
-0.2595581170816474,6694017,NC
-0.2745522373131705,6694018,NC
-0.28954635884465313,6694019,NC
-0.29954048167624664,6694020,NC
-0.2845346058081027,6694021,NC
-0.2645287312403725,6694022,NC
-0.2745228579732076,6694023,NC
-0.27451698600675917,6694024,NC
-0.31951111534117865,6694025,NC
-0.3445052459766173,6694026,NC
-0.3694993779132263,6694027,NC
-0.3594935111511569,6694028,NC
-0.3294876456905603,6694029,NC
-0.33448178153158764,6694030,NC
-0.31947591867439,6694031,NC
-0.3394700571191185,6694032,NC
-0.3344641968659241,6694033,NC
-0.32945833791495793,6694034,NC
-0.31445248026637085,6694035,NC
-0.30444662392031385,6694036,NC
-0.32444076887693785,6694037,NC
-0.34943491513639374,6694038,NC
-0.3644290626988323,6694039,NC
-0.3594232115644044,6694040,NC
-0.33441736173326075,6694041,NC
-0.31441151320555216,6694042,NC
-0.32440566598142934,6694043,NC
-0.3493998200610429,6694044,NC
-0.3643939754445435,6694045,NC
-0.3543881321320818,6694046,NC
-0.33938229012380833,6694047,NC
-0.3243764494198736,6694048,NC
-0.3293706100204281,6694049,NC
-0.3343647719256224,6694050,NC
-0.34435893513560695,6694051,NC
-0.349353099650532,6694052,NC
-0.35434726547054807,6694053,NC
-0.3493414325958054,6694054,NC
-0.3443356010264544,6694055,NC
-0.3493297707626452,6694056,NC
-0.3593239418045281,6694057,NC
-0.35431811415225345,6694058,NC
-0.33931228780597117,6694059,NC
-0.33430646276583154,6694060,NC
-0.3393006390319846,6694061,NC
-0.3442948166045805,6694062,NC
-0.33928899548376923,6694063,NC
-0.33928317566970073,6694064,NC
-0.31927735716252503,6694065,NC
-0.3092715399623921,6694066,NC
-0.3192657240694518,6694067,NC
-0.339259909483854,6694068,NC
-0.3292540962057485,6694069,NC
-0.3092482842352851,6694070,NC
-0.2842424735726137,6694071,NC
-0.2592366642178838,6694072,NC
-0.2492308561712453,6694073,NC
-0.23922504943284775,6694074,NC
-0.20421924400284086,6694075,NC
-0.14421343988137414,6694076,NC
-0.0692076370685972,6694077,NC
0.025798164435340422,6694078,NC
0.12580396463028926,6694079,NC
0.1758097635160998,6694080,NC
0.22081556109262268,6694081,NC
0.24082135735970844,6694082,NC
0.2258271523172078,6694083,NC
0.18583294596497135,6694084,NC
0.08083873830284985,6694085,NC
-0.02915547066930599,6694086,NC
-0.12914968095164536,6694087,NC
-0.1941438925443175,6694088,NC
-0.1891381054474715,6694089,NC
-0.14413231966125659,6694090,NC
-0.04912653518582176,6694091,NC
0.025879247978683892,6694092,NC
0.13588502983211137,6694093,NC
0.2558908103743116,6694094,NC
0.3258965896051358,6694095,NC
0.37090236752443484,6694096,NC
0.3209081441320599,6694097,NC
0.24091391942786225,6694098,L
0.15091969341169292,6694099,NC
0.06592546608340319,6694100,NC
0.015931237442844297,6694101,NC
-0.034062992510132485,6694102,NC
-0.10905722377567581,6694103,NC
-0.17905145635393438,6694104,NC
-0.2590456902450568,6694105,NC
-0.3390399254491916,6694106,NC
-0.3740341619664874,6694107,NC
-0.4390283997970927,6694108,NC
-0.4740226389411559,6694109,NC
-0.5090168793988257,6694110,NC
-0.51401112117025,6694111,NC
-0.49900536425557784,6694112,NC
-0.4839996086549571,6694113,NC
-0.46399385436853624,6694114,NC
-0.4239881013964635,6694115,NC
-0.4039823497388872,6694116,NC
-0.37897659939595546,6694117,NC
-0.3589708503678165,6694118,NC
-0.34896510265461855,6694119,NC
-0.3489593562565096,6694120,NC
-0.3639536111736377,6694121,NC
-0.393947867406151,6694122,NC
-0.3739421249541975,6694123,NC
-0.34393638381792513,6694124,NC
-0.34393064399748174,6694125,NC
-0.3339249054930154,6694126,NC
-0.33891916830467395,6694127,NC
-0.35391343243260515,6694128,NC
-0.3589076978769568,6694129,NC
-0.3639019646378768,6694130,NC
-0.3538962327155128,6694131,NC
-0.3388905021100124,6694132,NC
-0.3388847728215235,6694133,NC
-0.33887904485019354,6694134,NC
-0.35387331819617024,6694135,NC
-0.34386759285960106,6694136,NC
-0.3338618688406336,6694137,NC
-0.3388561461394154,6694138,NC
-0.35385042475609385,6694139,NC
-0.3488447046908164,6694140,NC
-0.3388389859437304,6694141,NC
-0.34883326851498336,6694142,NC
-0.32382755240472244,6694143,NC
-0.308821837613095,6694144,NC
-0.3188161241402484,6694145,NC
-0.3438104119863297,6694146,NC
-0.34880470115148626,6694147,NC
-0.31379899163586505,6694148,NC
-0.28879328343961336,6694149,NC
-0.27878757656287817,6694150,NC
-0.26378187100580663,6694151,NC
-0.28377616676854567,6694152,NC
-0.2837704638512424,6694153,NC
-0.2687647622540436,6694154,NC
-0.23375906197709634,6694155,NC
-0.22875336302054752,6694156,NC
-0.25374766538454385,6694157,NC
-0.26374196906923225,6694158,NC
-0.27373627407475953,6694159,NC
-0.23873058040127235,6694160,NC
-0.21372488804891754,6694161,NC
-0.19371919701784165,6694162,NC
-0.20371350730819143,6694163,NC
-0.19370781892011346,6694164,NC
-0.19370213185375432,6694165,NC
-0.17369644610926055,6694166,NC
-0.13369076168677868,6694167,NC
-0.11368507858645521,6694168,NC
-0.11867939680843653,6694169,NC
-0.12867371635286906,6694170,NC
-0.1236680372198992,6694171,NC
-0.1236623594096733,6694172,NC
-0.06865668292233766,6694173,NC
-0.05865100775803853,6694174,NC
-0.043645333916922185,6694175,NC
-0.043639661399134805,6694176,NC
-0.02363399020482257,6694177,NC
-0.013628320334131624,6694178,NC
0.03137734821279195,6694179,NC
0.06638301543580205,6694180,NC
0.08638868133475268,6694181,NC
0.1063943459094978,6694182,NC
0.12140000915989146,6694183,NC
0.1314056710857877,6694184,NC
0.1464113316870407,6694185,NC
0.14141699096350452,6694186,NC
0.15142264891503335,6694187,NC
0.13642830554148141,6694188,NC
0.1314339608427029,6694189,NC
0.14143961481855213,6694190,NC
0.13144526746888338,6694191,NC
0.10145091879355102,6694192,NC
0.061456568792409384,6694193,NC
0.0064622174653129125,6694194,NC
-0.03853213518788396,6694195,NC
-0.03852648916732677,6694196,NC
-0.02352084447316099,6694197,NC
-0.023515201105532076,6694198,NC
-0.058509559064585465,6694199,NC
-0.08850391835046653,6694200,NC
-0.1284982789633206,6694201,NC
-0.15849264090329304,6694202,NC
-0.17348700417052915,6694203,NC
-0.1734813687651741,6694204,NC
-0.1834757346873731,6694205,NC
-0.19347010193727146,6694206,NC
-0.19846447051501423,6694207,NC
-0.20345884042074652,6694208,NC
-0.21345321165461345,6694209,NC
-0.20844758421676002,6694210,NC
-0.21844195810733127,6694211,NC
-0.23343633332647212,6694212,NC
-0.25843070987432765,6694213,NC
-0.2534250877510426,6694214,NC
-0.23841946695676197,6694215,NC
-0.21341384749163056,6694216,NC
-0.22340822935579316,6694217,NC
-0.2384026125493945,6694218,NC
-0.2533969970725794,6694219,NC
-0.23339138292549247,6694220,NC
-0.21838577010827853,6694221,NC
-0.20838015862108206,6694222,NC
-0.23337454846404765,6694223,NC
-0.24836893963732,6694224,NC
-0.25836333214104357,6694225,NC
-0.2583577259753629,6694226,NC
-0.2383521211404223,6694227,NC
-0.2183465176363664,6694228,NC
-0.22834091546333946,6694229,NC
-0.22333531462148587,6694230,NC
-0.24332971511094995,6694231,NC
-0.22832411693187607,6694232,NC
-0.21331852008440835,6694233,NC
-0.2133129245686911,6694234,NC
-0.22830733038486853,6694235,NC
-0.24830173753308468,6694236,NC
-0.25329614601348377,6694237,NC
-0.24829055582620987,6694238,NC
-0.23328496697140702,6694239,NC
-0.20827937944921926,6694240,NC
-0.2082737932597905,6694241,NC
-0.21826820840326477,6694242,NC
-0.21826262487978593,6694243,NC
-0.21325704268949786,6694244,NC
-0.21825146183254443,6694245,NC
-0.2082458823090694,6694246,NC
-0.21824030411921663,6694247,NC
-0.2182347272631298,6694248,NC
-0.2332291517409526,6694249,NC
-0.22322357755282882,6694250,NC
-0.22321800469890193,6694251,NC
-0.20321243317931564,6694252,NC
-0.21320686299421351,6694253,NC
-0.20820129414373903,6694254,NC
-0.22319572662803577,6694255,NC
-0.21819016044724712,6694256,NC
-0.19318459560151655,6694257,NC
-0.17317903209098748,6694258,NC
-0.1831734699158032,6694259,NC
-0.19816790907610715,6694260,NC
-0.21816234957204256,6694261,NC
-0.21315679140375265,6694262,NC
-0.20815123457138068,6694263,NC
-0.18314567907506984,6694264,NC
-0.18814012491496335,6694265,NC
-0.21813457209120427,6694266,NC
-0.21812902060393566,6694267,NC
-0.2181234704533006,6694268,NC
-0.21311792163944215,6694269,NC
-0.21811237416250323,6694270,NC
-0.2081068280226268,6694271,NC
-0.21310128321995583,6694272,NC
-0.21309573975463317,6694273,NC
-0.20809019762680162,6694274,NC
-0.20808465683660404,6694275,NC
-0.19307911738418324,6694276,NC
-0.1980735792696819,6694277,NC
-0.20806804249324273,6694278,NC
-0.22306250705500846,6694279,NC
-0.2180569729551217,6694280,NC
-0.203051440193725,6694281,NC
-0.19304590877096103,6694282,NC
-0.18304037868697223,6694283,NC
-0.1980348499419012,6694284,NC
-0.19802932253589034,6694285,NC
-0.19302379646908208,6694286,NC
-0.18801827174161886,6694287,NC
-0.188012748353643,6694288,NC
-0.18800722630529687,6694289,NC
-0.20300170559672273,6694290,NC
-0.21299618622806288,6694291,NC
-0.19799066819945949,6694292,NC
-0.19798515151105475,6694293,NC
-0.18797963616299088,6694294,NC
-0.18797412215540996,6694295,NC
-0.1879686094884541,6694296,NC
-0.19296309816226534,6694297,NC
-0.18795758817698566,6694298,NC
-0.16795207953275712,6694299,NC
-0.13794657222972162,6694300,NC
-0.1479410662680211,6694301,NC
-0.16293556164779738,6694302,NC
-0.18293005836919235,6694303,NC
-0.13792455643234786,6694304,NC
-0.11791905583740563,6694305,NC
-0.0929135565845074,6694306,NC
-0.0979080586737949,6694307,NC
-0.10790256210540983,6694308,NC
-0.11789706687949376,6694309,NC
-0.11789157299618834,6694310,NC
-0.1028860804556351,6694311,NC
-0.08788058925797565,6694312,NC
-0.1028750994033514,6694313,NC
-0.12286961089190387,6694314,NC
-0.1478641237237745,6694315,NC
-0.14785863789910464,6694316,NC
-0.12285315341803565,6694317,NC
-0.10784767028070891,6694318,NC
-0.11284218848726568,6694319,NC
-0.1278367080378472,6694320,NC
-0.1578312289325947,6694321,NC
-0.18282575117164943,6694322,NC
-0.18782027475515245,6694323,NC
-0.16281479968324494,6694324,NC
-0.17780932595606797,6694325,NC
-0.18280385357376255,6694326,NC
-0.18279838253646977,6694327,NC
-0.17779291284433058,6694328,NC
-0.18278744449748585,6694329,NC
-0.1727819774960766,6694330,NC
-0.18777651184024363,6694331,NC
-0.20277104753012784,6694332,NC
-0.22276558456587003,6694333,NC
-0.2077601229476109,6694334,NC
-0.20275466267549125,6694335,NC
-0.18274920374965176,6694336,NC
-0.18774374617023315,6694337,NC
-0.197738289937376,6694338,NC
-0.20273283505122092,6694339,NC
-0.20772738151190845,6694340,NC
-0.20772192931957917,6694341,NC
-0.20271647847437352,6694342,NC
-0.207711028976432,6694343,NC
-0.21270558082589505,6694344,NC
-0.217700134022903,6694345,NC
-0.20269468856759626,6694346,NC
-0.1926892444601151,6694347,NC
-0.18768380170059984,6694348,NC
-0.19267836028919075,6694349,NC
-0.197672920226028,6694350,NC
-0.20766748151125183,6694351,NC
-0.20266204414500233,6694352,NC
-0.19765660812741964,6694353,NC
-0.2026511734586438,6694354,NC
-0.21264574013881493,6694355,NC
-0.20764030816807297,6694356,NC
-0.21263487754655794,6694357,NC
-0.21762944827440972,6694358,NC
-0.20262402035176827,6694359,NC
-0.1826185937787734,6694360,NC
-0.18761316855556504,6694361,NC
-0.2076077446822829,6694362,NC
-0.2026023221590668,6694363,NC
-0.20759690098605643,6694364,NC
-0.18759148116339147,6694365,NC
-0.17258606269121168,6694366,NC
-0.16758064556965657,6694367,NC
-0.1775752297988658,6694368,NC
-0.1675698153789789,6694369,NC
-0.16256440231013536,6694370,NC
-0.1525589905924747,6694371,NC
-0.14255358022613643,6694372,NC
-0.1375481712112599,6694373,NC
-0.12754276354798444,6694374,NC
-0.11253735723644953,6694375,NC
-0.07253195227679436,6694376,NC
0.0024734513308417166,6694377,NC
0.08247885358631948,6694378,NC
0.16248425448949977,6694379,NC
0.2374896540402433,6694380,NC
0.29749505223841105,6694381,NC
0.34750044908386385,6694382,NC
0.3725058445764627,6694383,NC
0.3475112387160684,6694384,NC
0.2725166315025422,6694385,NC
0.17752202293574493,6694386,NC
0.09752741301553775,6694387,NC
0.07253280174178175,6694388,NC
0.0875381891143381,6694389,NC
0.15254357513306793,6694390,NC
0.22754895979783246,6694391,NC
0.36755434310849294,6694392,NC
0.5025597250649106,6694393,NC
0.6325651056669469,6694394,NC
0.7375704849144632,6694395,NC
0.7925758628073206,6694396,NC
0.7825812393453808,6694397,NC
0.7075866145285051,6694398,L
0.617591988356555,6694399,NC
0.5175973608293923,6694400,NC
0.4576027319468782,6694401,NC
0.3976081017088744,6694402,NC
0.31761347011524266,6694403,NC
0.20261883716584447,6694404,NC
0.07762420286054164,6694405,NC
-0.042370432800804145,6694406,NC
-0.1323650698183311,6694407,NC
-0.1823597081921774,6694408,NC
-0.24235434792248126,6694409,NC
-0.2873489890093808,6694410,NC
-0.35234363145301406,6694411,NC
-0.37233827525351904,6694412,NC
-0.36733292041103394,6694413,NC
-0.3223275669256966,6694414,NC
-0.307322214797645,6694415,NC
-0.29231686402701706,6694416,NC
-0.28231151461395076,6694417,NC
-0.2423061665585838,6694418,NC
-0.2273008198610541,6694419,NC
-0.21729547452149933,6694420,NC
-0.18729013054005728,6694421,NC
-0.20228478791686572,6694422,NC
-0.22227944665206223,6694423,NC
-0.2222741067457845,6694424,NC
-0.20226876819817008,6694425,NC
-0.20226343100935656,6694426,NC
-0.1872580951794815,6694427,NC
-0.20225276070868237,6694428,NC
-0.22224742759709665,6694429,NC
-0.21724209584486173,6694430,NC
-0.20223676545211502,6694431,NC
-0.1972314364189939,6694432,NC
-0.20222610874563565,6694433,NC
-0.2072207824321776,6694434,NC
-0.21221545747875695,6694435,NC
-0.22721013388551095,6694436,NC
-0.19720481165257675,6694437,NC
-0.19219949078009152,6694438,NC
-0.19219417126819238,6694439,NC
-0.1921888531170164,6694440,NC
-0.21718353632670062,6694441,NC
-0.21217822089738203,6694442,NC
-0.19217290682919758,6694443,NC
-0.18216759412228425,6694444,NC
-0.16716228277677894,6694445,NC
-0.1721569727928185,6694446,NC
-0.18715166417053974,6694447,NC
-0.18214635691007947,6694448,NC
-0.1571410510115745,6694449,NC
-0.14213574647516147,6694450,NC
-0.13213044330097712,6694451,NC
-0.15212514148915807,6694452,NC
-0.16711984103984098,6694453,NC
-0.16711454195316242,6694454,NC
-0.13710924422925894,6694455,NC
-0.11710394786826703,6694456,NC
-0.1120986528703232,6694457,NC
-0.10209335923556387,6694458,NC
-0.10208806696412547,6694459,NC
-0.09208277605614434,6694460,NC
-0.07207748651175688,6694461,NC
-0.05207219833109934,6694462,NC
-0.052066911514308,6694463,NC
-0.05706162606151909,6694464,NC
-0.06205634197286884,6694465,NC
-0.052051059248493355,6694466,NC
-0.02704577788852882,6694467,NC
-0.0020404978931112885,6694468,NC
0.002964780737623157,6694469,NC
-0.007029941996461474,6694470,NC
-0.017024666095501205,6694471,NC
-0.01701939155963196,6694472,NC
0.0029858816110103353,6694473,NC
0.027991153416289792,6694474,NC
0.03799642385607058,6694475,NC
0.03800169293021687,6694476,NC
0.043006960638592884,6694477,NC
0.058012226981062905,6694478,NC
0.07801749195749122,6694479,NC
0.11302275556774215,6694480,NC
0.11302801781168006,6694481,NC
0.12303327868916936,6694482,NC
0.13803853820007447,6694483,NC
0.16304379634425986,6694484,NC
0.19804905312159007,6694485,NC
0.22305430853192962,6694486,NC
0.23305956257514307,6694487,NC
0.23806481525109505,6694488,NC
0.22807006655965018,6694489,NC
0.2430753165006732,6694490,NC
0.26308056507402877,6694491,NC
0.2780858122795817,6694492,NC
0.2580910581171967,6694493,NC
0.2280963025867386,6694494,NC
0.2231015456880724,6694495,NC
0.1881067874210628,6694496,NC
0.19311202778557485,6694497,NC
0.16311726678147342,6694498,NC
0.12812250440862363,6694499,NC
0.11312774066689044,6694500,NC
0.08313297555613894,6694501,NC
0.06313820907623423,6694502,NC
0.04314344122704143,6694503,NC
0.04814867200842576,6694504,NC
0.023153901420252372,6694505,NC
-0.021840870537613424,6694506,NC
-0.02183564386530639,6694507,NC
-0.0518304185629612,6694508,NC
-0.036825194630712495,6694509,NC
-0.036819972068694896,6694510,NC
-0.05681475087704296,6694511,NC
-0.07680953105589126,6694512,NC
-0.10180431260537429,6694513,NC
-0.1067990955256265,6694514,NC
-0.11179387981678235,6694515,NC
-0.07178866547897622,6694516,NC
-0.0967834525123425,6694517,NC
-0.0917782409170155,6694518,NC
-0.10677303069312956,6694519,NC
-0.11676782184081888,6694520,NC
-0.1117626143602177,6694521,NC
-0.10175740825146021,6694522,NC
-0.09675220351468057,6694523,NC
-0.11674700015001294,6694524,NC
-0.1317417981575913,6694525,NC
-0.12173659753754977,6694526,NC
-0.11173139829002238,6694527,NC
-0.12172620041514304,6694528,NC
-0.12172100391304574,6694529,NC
-0.12671580878386435,6694530,NC
-0.1417106150277328,6694531,NC
-0.13170542264478485,6694532,NC
-0.12670023163515437,6694533,NC
-0.09669504199897508,6694534,NC
-0.11168985373638074,6694535,NC
-0.11168466684750498,6694536,NC
-0.1266794813324815,6694537,NC
-0.11167429719144396,6694538,NC
-0.11166911442452589,6694539,NC
-0.10166393303186086,6694540,NC
-0.12165875301358237,6694541,NC
-0.13165357436982394,6694542,NC
-0.14664839710071903,6694543,NC
-0.12164322120640095,6694544,NC
-0.10663804668700318,6694545,NC
-0.08663287354265901,6694546,NC
-0.08162770177350175,6694547,NC
-0.11662253137966466,6694548,NC
-0.12161736236128097,6694549,NC
-0.14661219471848394,6694550,NC
-0.12160702845140664,6694551,NC
-0.11660186356018228,6694552,NC
-0.13659670004494387,6694553,NC
-0.13159153790582453,6694554,NC
-0.13658637714295724,6694555,NC
-0.14158121775647503,6694556,NC
-0.1315760597465108,6694557,NC
-0.12157090311319746,6694558,NC
-0.12156574785666795,6694559,NC
-0.1415605939770551,6694560,NC
-0.15155544147449163,6694561,NC
-0.14655029034911043,6694562,NC
-0.1315451406010441,6694563,NC
-0.1215399922304255,6694564,NC
-0.1365348452373872,6694565,NC
-0.14652969962206186,6694566,NC
-0.15652455538458201,6694567,NC
-0.16651941252508032,6694568,NC
-0.16151427104368923,6694569,NC
-0.13650913094054123,6694570,NC
-0.15150399221576882,6694571,NC
-0.16149885486950438,6694572,NC
-0.17149371890188034,6694573,NC
-0.16148858431302898,6694574,NC
-0.15648345110308262,6694575,NC
-0.14647831927217358,6694576,NC
-0.16147318882043407,6694577,NC
-0.1864680597479963,6694578,NC
-0.20146293205499244,6694579,NC
-0.1714578057415546,6694580,NC
-0.14645268080781487,6694581,NC
-0.14644755725390537,6694582,NC
-0.1564424350799581,6694583,NC
-0.171437314286105,6694584,NC
-0.1914321948724781,6694585,NC
-0.18142707683920928,6694586,NC
-0.15642196018643043,6694587,NC
-0.14141684491427342,6694588,NC
-0.14141173102287,6694589,NC
-0.171406618512352,6694590,NC
-0.20140150738285115,6694591,NC
-0.20139639763449918,6694592,NC
-0.1963912892674277,6694593,NC
-0.16638618228176838,6694594,NC
-0.16138107667765283,6694595,NC
-0.1713759724552126,6694596,NC
-0.19137086961457922,6694597,NC
-0.18636576815588418,6694598,NC
-0.18636066807925894,6694599,NC
-0.17135556938483493,6694600,NC
-0.2013504720727435,6694601,NC
-0.19634537614311603,6694602,NC
-0.20634028159608386,6694603,NC
-0.20133518843177822,6694604,NC
-0.17633009665033036,6694605,NC
-0.1613250062518715,6694606,NC
-0.17131991723653278,6694607,NC
-0.17131482960444538,6694608,NC
-0.1813097433557404,6694609,NC
-0.1663046584905489,6694610,NC
-0.15129957500900187,6694611,NC
-0.13629449291123036,6694612,NC
-0.13128941219736529,6694613,NC
-0.1462843328675376,6694614,NC
-0.1512792549218781,6694615,NC
-0.13627417836051778,6694616,NC
-0.10626910318358737,6694617,NC
-0.09126402939121764,6694618,NC
-0.09125895698353936,6694619,NC
-0.10625388596068328,6694620,NC
-0.12624881632277996,6694621,NC
-0.11124374806996015,6694622,NC
-0.1162386812023544,6694623,NC
-0.11123361572009324,6694624,NC
-0.12122855162330726,6694625,NC
-0.12122348891212693,6694626,NC
-0.14621842758668274,6694627,NC
-0.16121336764710506,6694628,NC
-0.1562083090935243,6694629,NC
-0.1512032519260708,6694630,NC
-0.1661981961448749,6694631,NC
-0.17619314175006687,6694632,NC
-0.19118808874177692,6694633,NC
-0.1861830371201353,6694634,NC
-0.1711779868852722,6694635,NC
-0.1661729380373177,6694636,NC
-0.17616789057640192,6694637,NC
-0.18616284450265494,6694638,NC
-0.2061577998162068,6694639,NC
-0.21115275651718746,6694640,NC
-0.2061477146057269,6694641,NC
-0.201142674081955,6694642,NC
-0.23113763494600167,6694643,NC
-0.24613259719799685,6694644,NC
-0.2511275608380702,6694645,NC
-0.23612252586635163,6694646,NC
-0.21611749228297084,6694647,NC
-0.19111246008805746,6694648,NC
-0.2111074292817413,6694649,NC
-0.23610239986415185,6694650,NC
-0.24609737183541885,6694651,NC
-0.23109234519567176,6694652,NC
-0.2210873199450402,6694653,NC
-0.2210822960836536,6694654,NC
-0.24607727361164133,6694655,NC
-0.261072252529133,6694656,NC
-0.2710672328362579,6694657,NC
-0.2660622145331454,6694658,NC
-0.23605719761992472,6694659,NC
-0.23105218209672523,6694660,NC
-0.22604716796367624,6694661,NC
-0.23104215522090676,6694662,NC
-0.24103714386854616,6694663,NC
-0.24103213390672346,6694664,NC
-0.2410271253355678,6694665,NC
-0.23602211815520824,6694666,NC
-0.2510171123657738,6694667,NC
-0.27101210796739345,6694668,NC
-0.27100710496019614,6694669,NC
-0.26100210334431084,6694670,NC
-0.26599710311986646,6694671,NC
-0.2509921042869917,6694672,NC
-0.2609871068458155,6694673,NC
-0.26598211079646666,6694674,NC
-0.2709771161390738,6694675,NC
-0.2609721228737657,6694676,NC
-0.24596713100067102,6694677,NC
-0.22096214051991844,6694678,NC
-0.23595715143163642,6694679,NC
-0.24095216373595368,6694680,NC
-0.26594717743299867,6694681,NC
-0.26094219252289985,6694682,NC
-0.2409372090057857,6694683,NC
-0.2059322268817847,6694684,NC
-0.19092724615102513,6694685,NC
-0.1909222668136354,6694686,NC
-0.19591728886974377,6694687,NC
-0.16091231231947856,6694688,NC
-0.10090733716296799,6694689,NC
-0.015902363400340264,6694690,NC
0.03410260896827645,6694691,NC
0.08410757994275403,6694692,NC
0.11411254952296437,6694693,NC
0.09911751770877941,6694694,NC
0.08412248450007115,6694695,NC
0.01912744989671157,6694696,NC
-0.10586758610142724,6694697,NC
-0.22086262349447325,6694698,NC
-0.28085766228255427,6694699,NC
-0.25085270246579816,6694700,NC
-0.16584774404433278,6694701,NC
-0.0008427870182858635,6694702,NC
0.17416216861221487,6694703,NC
0.35416712284704166,6694704,NC
0.499172075686067,6694705,NC
0.5991770271291631,6694706,NC
0.6291819771762023,6694707,NC
0.5841869258270573,6694708,L
0.4341918730816004,6694709,NC
0.3091968189397042,6694710,NC
0.17420176340124116,6694711,NC
0.06420670646608398,6694712,NC
-0.040788351865894794,6694713,NC
-0.15078341159482245,6694714,NC
-0.2757784727208264,6694715,NC
-0.39077353524403374,6694716,NC
-0.4707685991645718,6694717,NC
-0.5007636644825678,6694718,NC
-0.49575873119814884,6694719,NC
-0.4957537993114421,6694720,NC
-0.45574886882257454,6694721,NC
-0.41574393973167334,6694722,NC
-0.3657390120388655,6694723,NC
-0.345734085744278,6694724,NC
-0.3007291608480377,6694725,NC
-0.28572423735027164,6694726,NC
-0.2757193152511066,6694727,NC
-0.28071439455066943,6694728,NC
-0.2857094752490869,6694729,NC
-0.2857045573464858,6694730,NC
-0.2656996408429929,6694731,NC
-0.2556947257387348,6694732,NC
-0.24068981203383824,6694733,NC
-0.26568489972842985,6694734,NC
-0.2606799888226361,6694735,NC
-0.2606750793165836,6694736,NC
-0.2606701712103989,6694737,NC
-0.24566526450420842,6694738,NC
-0.2556603591981386,6694739,NC
-0.2656554552923159,6694740,NC
-0.2606505527868666,6694741,NC
-0.2456456516819171,6694742,NC
-0.2206407519775937,6694743,NC
-0.20563585367402257,6694744,NC
-0.21563095677132998,6694745,NC
-0.23562606126964214,6694746,NC
-0.2606211671690852,6694747,NC
-0.25061627446978524,6694748,NC
-0.2406113831718683,6694749,NC
-0.22060649327546059,6694750,NC
-0.2056016047806879,6694751,NC
-0.24059671768767632,6694752,NC
-0.23559183199655176,6694753,NC
-0.21058694770744013,6694754,NC
-0.19558206482046728,6694755,NC
-0.18557718333575898,6694756,NC
-0.17557230325344114,6694757,NC
-0.17556742457363939,6694758,NC
-0.1805625472964795,6694759,NC
-0.19055767142208718,6694760,NC
-0.170552796950588,6694761,NC
-0.14554792388210766,6694762,NC
-0.14054305221677163,6694763,NC
-0.14053818195470552,6694764,NC
-0.13553331309603478,6694765,NC
-0.12052844564088488,6694766,NC
-0.11552357958938132,6694767,NC
-0.09551871494164937,6694768,NC
-0.09551385169781448,6694769,NC
-0.09550898985800194,6694770,NC
-0.10550412942233703,6694771,NC
-0.080499270390945,6694772,NC
-0.050494412763951016,6694773,NC
-0.030489556541480327,6694774,NC
-0.035484701723657995,6694775,NC
-0.035479848310609186,6694776,NC
-0.05047499630245892,6694777,NC
-0.02547014569933225,6694778,NC
0.004534703498645834,6694779,NC
0.0295395512913504,6694780,NC
0.0345443976786565,6694781,NC
0.029549242660439255,6694782,NC
0.024554086236573833,6694783,NC
0.0395589284069354,6694784,NC
0.0595637691713992,6694785,NC
0.07956860852984049,6694786,NC
0.07957344648213456,6694787,NC
0.08957828302815675,6694788,NC
0.08958311816778242,6694789,NC
0.10958795190088699,6694790,NC
0.13459278422734589,6694791,NC
0.17459761514703462,6694792,NC
0.15960244465982865,6694793,NC
0.1796072727656036,6694794,NC
0.169612099464235,6694795,NC
0.17961692475559848,6694796,NC
0.19962174863956972,6694797,NC
0.2196265711160244,6694798,NC
0.20963139218483828,6694799,NC
0.1796362118458871,6694800,NC
0.14964103009904667,6694801,NC
0.10964584694419283,6694802,NC
0.11965066238120148,6694803,NC
0.1146554764099485,6694804,NC
0.08466028903030984,6694805,NC
0.05466510024216153,6694806,NC
0.014669910045379542,6694807,NC
-0.010325281560160028,6694808,NC
-0.0253204745745811,6694809,NC
-0.03531566899800754,6694810,NC
-0.045310864830563194,6694811,NC
-0.08030606207237184,6694812,NC
-0.11030126072355723,6694813,NC
-0.1252964607842431,6694814,NC
-0.12529166225455315,6694815,NC
-0.12528686513461101,6694816,NC
-0.14528206942454033,6694817,NC
-0.1602772751244646,6694818,NC
-0.1902724822345075,6694819,NC
-0.19026769075479238,6694820,NC
-0.18026290068544282,6694821,NC
-0.17025811202658225,6694822,NC
-0.18025332477833397,6694823,NC
-0.21024853894082146,6694824,NC
-0.21524375451416797,6694825,NC
-0.2152389714984968,6694826,NC
-0.2002341898939312,6694827,NC
-0.20522940970059442,6694828,NC
-0.21522463091860958,6694829,NC
-0.21021985354809986,6694830,NC
-0.2402150775891883,6694831,NC
-0.24021030304199809,6694832,NC
-0.24020552990665217,6694833,NC
-0.22020075818327361,6694834,NC
-0.2201959878719853,6694835,NC
-0.25019121897291013,6694836,NC
-0.2701864514861711,6694837,NC
-0.270181685411891,6694838,NC
-0.2551769207501926,6694839,NC
-0.24017215750119877,6694840,NC
-0.2301673956650322,6694841,NC
-0.2501626352418156,6694842,NC
-0.26015787623167164,6694843,NC
-0.25015311863472295,6694844,NC
-0.24014836245109214,6694845,NC
-0.2251436076809018,6694846,NC
-0.24013885432427431,6694847,NC
-0.2501341023813323,6694848,NC
-0.2551293518521982,6694849,NC
-0.26512460273699445,6694850,NC
-0.2601198550358433,6694851,NC
-0.24011510874886716,6694852,NC
-0.23011036387618838,6694853,NC
-0.24010562041792918,6694854,NC
-0.2651008783742118,6694855,NC
-0.2500961377451585,6694856,NC
-0.2500913985308913,6694857,NC
-0.2300866607315324,6694858,NC
-0.22508192434720398,6694859,NC
-0.23507718937802785,6694860,NC
-0.24007245582412626,6694861,NC
-0.2500677236856211,6694862,NC
-0.25506299296263424,6694863,NC
-0.24005826365528768,6694864,NC
-0.2750535357637033,6694865,NC
-0.2750488092880028,6694866,NC
-0.2600440842283081,6694867,NC
-0.2600393605847409,6694868,NC
-0.26003463835742296,6694869,NC
-0.25002991754647585,6694870,NC
-0.2700251981520214,6694871,NC
-0.28002048017418113,6694872,NC
-0.3000157636130766,6694873,NC
-0.2950110484688293,6694874,NC
-0.2850063347415609,6694875,NC
-0.2750016224313927,6694876,NC
-0.2649969115384462,6694877,NC
-0.25499220206284273,6694878,NC
-0.2699874940047038,6694879,NC
-0.2899827873641505,6694880,NC
-0.2849780821413044,6694881,NC
-0.27997337833628644,6694882,NC
-0.28496867594921804,6694883,NC
-0.3099639749802202,6694884,NC
-0.29995927542941425,6694885,NC
-0.2899545772969212,6694886,NC
-0.2849498805828622,6694887,NC
-0.27994518528735807,6694888,NC
-0.2999404914105299,6694889,NC
-0.3149357989524988,6694890,NC
-0.31493110791338547,6694891,NC
-0.3149264182933109,6694892,NC
-0.3049217300923959,6694893,NC
-0.2899170433107613,6694894,NC
-0.29991235794852783,6694895,NC
-0.3149076740058163,6694896,NC
-0.31990299148274737,6694897,NC
-0.31989831037944166,6694898,NC
-0.31989363069601984,6694899,NC
-0.30988895243260245,6694900,NC
-0.3098842755893101,6694901,NC
-0.32487960016626327,6694902,NC
-0.3298749261635825,6694903,NC
-0.3398702535813881,6694904,NC
-0.33986558241980064,6694905,NC
-0.32986091267894035,6694906,NC
-0.3248562443589276,6694907,NC
-0.33985157745988276,6694908,NC
-0.364846911981926,6694909,NC
-0.35984224792517755,6694910,NC
-0.32983758528975765,6694911,NC
-0.3198329240757864,6694912,NC
-0.29982826428338394,6694913,NC
-0.3048236059126703,6694914,NC
-0.3198189489637656,6694915,NC
-0.3148142934367898,6694916,NC
-0.30980963933186284,6694917,NC
-0.29480498664910465,6694918,NC
-0.28480033538863525,6694919,NC
-0.27979568555057427,6694920,NC
-0.2997910371350416,6694921,NC
-0.3047863901421572,6694922,NC
-0.30478174457204066,6694923,NC
-0.30477710042481165,6694924,NC
-0.28477245770059,6694925,NC
-0.2697678163994952,6694926,NC
-0.27976317652164695,6694927,NC
-0.25975853806716465,6694928,NC
-0.259753901036168,6694929,NC
-0.23474926542877644,6694930,NC
-0.23974463124510942,6694931,NC
-0.25473999848528633,6694932,NC
-0.2747353671494266,6694933,NC
-0.2847307372376495,6694934,NC
-0.27972610875007436,6694935,NC
-0.27972148168682054,6694936,NC
-0.2747168560480071,6694937,NC
-0.29971223183375334,6694938,NC
-0.30470760904417843,6694939,NC
-0.30970298767940146,6694940,NC
-0.3146983677395416,6694941,NC
-0.3146937492247177,6694942,NC
-0.329689132135049,6694943,NC
-0.34468451647065435,6694944,NC
-0.3446799022316527,6694945,NC
-0.34467528941816294,6694946,NC
-0.33967067803030393,6694947,NC
-0.3146660680681946,6694948,NC
-0.32466145953195363,6694949,NC
-0.3446568524216998,6694950,NC
-0.3746522467375518,6694951,NC
-0.38464764247962846,6694952,NC
-0.39964303964804826,6694953,NC
-0.3696384382429298,6694954,NC
-0.3646338382643918,6694955,NC
-0.3896292397125527,6694956,NC
-0.4146246425875309,6694957,NC
-0.4096200468894451,6694958,NC
-0.3996154526184135,6694959,NC
-0.3996108597745547,6694960,NC
-0.36960626835798677,6694961,NC
-0.37460167836882824,6694962,NC
-0.38959708980719737,6694963,NC
-0.40959250267321234,6694964,NC
-0.39458791696699136,6694965,NC
-0.3795833326886526,6694966,NC
-0.3695787498383142,6694967,NC
-0.3895741684160942,6694968,NC
-0.39956958842211077,6694969,NC
-0.40456500985648186,6694970,NC
-0.40456043271932546,6694971,NC
-0.37955585701075945,6694972,NC
-0.3845512827309019,6694973,NC
-0.4045467098798705,6694974,NC
-0.4245421384577832,6694975,NC
-0.42453756846475776,6694976,NC
-0.39453299990091195,6694977,NC
-0.3945284327663635,6694978,NC
-0.3895238670612301,6694979,NC
-0.4145193027856294,6694980,NC
-0.429514739939679,6694981,NC
-0.43451017852349644,6694982,NC
-0.40950561853719936,6694983,NC
-0.3945010599809052,6694984,NC
-0.3894965028547314,6694985,NC
-0.3894919471587955,6694986,NC
-0.3944873928932147,6694987,NC
-0.3944828400581066,6694988,NC
-0.3894782886535883,6694989,NC
-0.3794737386797772,6694990,NC
-0.40946919013679056,6694991,NC
-0.41946464302474545,6694992,NC
-0.4144600973437592,6694993,NC
-0.409455553093949,6694994,NC
-0.40945101027543174,6694995,NC
-0.38944646888832457,6694996,NC
-0.3844419289327445,6694997,NC
-0.3894373904088086,6694998,NC
-0.3794328533166337,6694999,NC
-0.3794283176563368,6695000,NC
-0.34442378342803476,6695001,NC
-0.3244192506318444,6695002,NC
-0.3144147192678825,6695003,NC
-0.29941018933626584,6695004,NC
-0.26440566083711126,6695005,NC
-0.19440113377053533,6695006,NC
-0.10939660813665474,6695007,NC
-0.01939208393558608,6695008,NC
0.05061243883255404,6695009,NC
0.09061696016764906,6695010,NC
0.07562148006958251,6695011,NC
0.055625998538237895,6695012,NC
0.005630515573498786,6695013,NC
-0.0893649688247512,6695014,NC
-0.18936045465662846,6695015,NC
-0.2893559419222492,6695016,NC
-0.34935143062173,6695017,NC
-0.3293469207551868,6695018,NC
-0.24434241232273585,6695019,NC
-0.08933790532449346,6695020,NC
0.0406666002394243,6695021,NC
0.1606711043689013,6695022,NC
0.25567560706382153,6695023,NC
0.33568010832406897,6695024,NC
0.39568460814952755,6695025,NC
0.3956891065400814,6695026,NC
0.3256936034956145,6695027,L
0.21069809901601103,6695028,NC
0.10070259310115517,6695029,NC
0.03070708575093111,6695030,NC
-0.029288423034776946,6695031,NC
-0.0992839332560847,6695032,NC
-0.18927944491310786,6695033,NC
-0.2992749580059621,6695034,NC
-0.39927047253476305,6695035,NC
-0.48926598849962627,6695036,NC
-0.5442615059006672,6695037,NC
-0.5592570247380015,6695038,NC
-0.5892525450117447,6695039,NC
-0.6042480667220121,6695040,NC
-0.634243589868919,6695041,NC
-0.5992391144525812,6695042,NC
-0.5492346404731134,6695043,NC
-0.4992301679306314,6695044,NC
-0.4742256968252502,6695045,NC
-0.47422122715708503,6695046,NC
-0.4742167589262511,6695047,NC
-0.4742122921328636,6695048,NC
-0.4692078267770376,6695049,NC
-0.4592033628588881,6695050,NC
-0.44419890037853016,6695051,NC
-0.4541944393360789,6695052,NC
-0.4641899797316491,6695053,NC
-0.46418552156535575,6695054,NC
-0.44918106483731374,6695055,NC
-0.4341766095476378,6695056,NC
-0.449172155696443,6695057,NC
-0.4591677032838438,6695058,NC
-0.4541632523099552,6695059,NC
-0.4541588027748917,6695060,NC
-0.43415435467876795,6695061,NC
-0.4291499080216987,6695062,NC
-0.4291454628037985,6695063,NC
-0.4441410190251819,6695064,NC
-0.4741365766859634,6695065,NC
-0.4691321357862574,6695066,NC
-0.4491276963261784,6695067,NC
-0.42412325830584074,6695068,NC
-0.42411882172535886,6695069,NC
-0.42911438658484713,6695070,NC
-0.4441099528844197,6695071,NC
-0.4491055206241909,6695072,NC
-0.43910108980427487,6695073,NC
-0.3990966604247859,6695074,NC
-0.384092232485838,6695075,NC
-0.3840878059875454,6695076,NC
-0.3940833809300221,6695077,NC
-0.4090789573133821,6695078,NC
-0.4040745351377394,6695079,NC
-0.379070114403208,6695080,NC
-0.3640656951099017,6695081,NC
-0.3840612772579346,6695082,NC
-0.3790568608474203,6695083,NC
-0.38905244587847276,6695084,NC
-0.3740480323512057,6695085,NC
-0.3540436202657328,6695086,NC
-0.32903920962216787,6695087,NC
-0.33403480042062444,6695088,NC
-0.33403039266121615,6695089,NC
-0.31402598634405665,6695090,NC
-0.28902158146925944,6695091,NC
-0.28401717803693804,6695092,NC
-0.2740127760472059,6695093,NC
-0.30400837550017645,6695094,NC
-0.30400397639596316,6695095,NC
-0.29399957873467925,6695096,NC
-0.2589951825164382,6695097,NC
-0.23399078774135312,6695098,NC
-0.22898639440953739,6695099,NC
-0.22898200252110418,6695100,NC
-0.2389776120761667,6695101,NC
-0.21397322307483801,6695102,NC
-0.1939688355172312,6695103,NC
-0.15396444940345944,6695104,NC
-0.15396006473363563,6695105,NC
-0.15895568150787284,6695106,NC
-0.168951299726284,6695107,NC
-0.168946919388982,6695108,NC
-0.14394254049607974,6695109,NC
-0.10393816304769,6695110,NC
-0.08893378704392566,6695111,NC
-0.07892941248489943,6695112,NC
-0.06392503937072405,6695113,NC
-0.053920667701512236,6695114,NC
-0.023916297477376593,6695115,NC
0.011088071301570239,6695116,NC
0.0310924386352157,6695117,NC
0.03109680452344723,6695118,NC
0.03610116896615234,6695119,NC
0.02610553196321857,6695120,NC
0.041109893514533466,6695121,NC
0.05611425361998468,6695122,NC
0.056118612279459815,6695123,NC
0.031122969492846583,6695124,NC
0.016127325260032695,6695125,NC
-0.0038683204190940734,6695126,NC
-0.013863967544645965,6695127,NC
-0.0238596161167351,6695128,NC
-0.04385526613547364,6695129,NC
-0.08385091760097367,6695130,NC
-0.11884657051334721,6695131,NC
-0.13384222487270636,6695132,NC
-0.12883788067916302,6695133,NC
-0.15383353793282914,6695134,NC
-0.1788291966338167,6695135,NC
-0.2088248567822375,6695136,NC
-0.22882051837820333,6695137,NC
-0.2588161814218261,6695138,NC
-0.2888118459132175,6695139,NC
-0.2788075118524893,6695140,NC
-0.30880317923975303,6695141,NC
-0.32879884807512055,6695142,NC
-0.3287945183587033,6695143,NC
-0.32379019009061294,6695144,NC
-0.29878586327096096,6695145,NC
-0.28878153789985883,6695146,NC
-0.29377721397741813,6695147,NC
-0.28877289150375013,6695148,NC
-0.32876857047896635,6695149,NC
-0.3487642509031781,6695150,NC
-0.3387599327764965,6695151,NC
-0.3437556160990331,6695152,NC
-0.3837513008708989,6695153,NC
-0.38374698709220534,6695154,NC
-0.37874267476306334,6695155,NC
-0.3737383638835842,6695156,NC
-0.3537340544538789,6695157,NC
-0.3437297464740586,6695158,NC
-0.3637254399442341,6695159,NC
-0.3687211348645166,6695160,NC
-0.37871683123501687,6695161,NC
-0.3687125290558459,6695162,NC
-0.3587082283271145,6695163,NC
-0.3537039290489336,6695164,NC
-0.36869963122141386,6695165,NC
-0.3636953348446661,6695166,NC
-0.3686910399188009,6695167,NC
-0.3636867464439292,6695168,NC
-0.3486824544201614,6695169,NC
-0.3336781638476082,6695170,NC
-0.33867387472638005,6695171,NC
-0.3786695870565876,6695172,NC
-0.38366530083834127,6695173,NC
-0.37366101607175156,6695174,NC
-0.3686567327569289,6695175,NC
-0.3286524508939836,6695176,NC
-0.32364817048302597,6695177,NC
-0.3386438915241664,6695178,NC
-0.3436396140175151,6695179,NC
-0.36863533796318226,6695180,NC
-0.3586310633612781,6695181,NC
-0.3436267902119129,6695182,NC
-0.3586225185151965,6695183,NC
-0.37861824827123924,6695184,NC
-0.388613979480151,6695185,NC
-0.3836097121420418,6695186,NC
-0.36860544625702163,6695187,NC
-0.3436011818252005,6695188,NC
-0.34859691884668814,6695189,NC
-0.3385926573215945,6695190,NC
-0.3385883972500293,6695191,NC
-0.3385841386321024,6695192,NC
-0.34857988146792357,6695193,NC
-0.3435756257576024,6695194,NC
-0.3635713715012486,6695195,NC
-0.38856711869897187,6695196,NC
-0.3735628673508817,6695197,NC
-0.3535586174570876,6695198,NC
-0.3335543690176993,6695199,NC
-0.328550122032826,6695200,NC
-0.3635458765025773,6695201,NC
-0.3685416324270626,6695202,NC
-0.3785373898063913,6695203,NC
-0.39353314864067257,6695204,NC
-0.36352890893001577,6695205,NC
-0.3635246706745302,6695206,NC
-0.3635204338743251,6695207,NC
-0.3735161985295095,6695208,NC
-0.38851196464019266,6695209,NC
-0.3935077322064837,6695210,NC
-0.39350350122849154,6695211,NC
-0.38349927170632536,6695212,NC
-0.3984950436400941,6695213,NC
-0.3934908170299066,6695214,NC
-0.3884865918758719,6695215,NC
-0.3834823681780989,6695216,NC
-0.3584781459366963,6695217,NC
-0.33847392515177305,6695218,NC
-0.3684697058234378,6695219,NC
-0.3934654879517993,6695220,NC
-0.3984612715369663,6695221,NC
-0.4084570565790474,6695222,NC
-0.37845284307815125,6695223,NC
-0.35844863103438634,6695224,NC
-0.3534444204478613,6695225,NC
-0.35844021131868453,6695226,NC
-0.37843600364696467,6695227,NC
-0.37343179743280996,6695228,NC
-0.38842759267632887,6695229,NC
-0.3584233893776297,6695230,NC
-0.35841918753682084,6695231,NC
-0.36841498715401055,6695232,NC
-0.388410788229307,6695233,NC
-0.3934065907628185,6695234,NC
-0.37840239475465304,6695235,NC
-0.33339820020491895,6695236,NC
-0.31339400711372417,6695237,NC
-0.3283898154811768,6695238,NC
-0.32838562530738485,6695239,NC
-0.35338143659245624,6695240,NC
-0.363377249336499,6695241,NC
-0.353373063539621,6695242,NC
-0.3633688792019301,6695243,NC
-0.35836469632353407,6695244,NC
-0.34336051490454084,6695245,NC
-0.31835633494505794,6695246,NC
-0.2833521564451933,6695247,NC
-0.2733479794050544,6695248,NC
-0.273343803824749,6695249,NC
-0.29333962970438465,6695250,NC
-0.31833545704406896,6695251,NC
-0.3183312858439094,6695252,NC
-0.3083271161040135,6695253,NC
-0.29332294782448864,6695254,NC
-0.2983187810054423,6695255,NC
-0.3133146156469818,6695256,NC
-0.3183104517492145,6695257,NC
-0.32830628931224776,6695258,NC
-0.3233021283361887,6695259,NC
-0.3132979688211447,6695260,NC
-0.3432938107672228,6695261,NC
-0.3332896541745302,6695262,NC
-0.3482854990431741,6695263,NC
-0.35828134537326134,6695264,NC
-0.3582771931648992,6695265,NC
-0.3532730424181945,6695266,NC
-0.3932688931332544,6695267,NC
-0.3932647453101856,6695268,NC
-0.4132605989490951,6695269,NC
-0.4082564540500898,6695270,NC
-0.4032523106132764,6695271,NC
-0.36824816863876164,6695272,NC
-0.3882440281266523,6695273,NC
-0.4082398890770552,6695274,NC
-0.42823575149007675,6695275,NC
-0.4232316153658238,6695276,NC
-0.40322748070440284,6695277,NC
-0.38322334750592035,6695278,NC
-0.36821921577048294,6695279,NC
-0.38821508549819705,6695280,NC
-0.39821095668916906,6695281,NC
-0.40320682934350544,6695282,NC
-0.3932027034613124,6695283,NC
-0.39319857904269645,6695284,NC
-0.4031944560877638,6695285,NC
-0.4031903345966206,6695286,NC
-0.4131862145693731,6695287,NC
-0.4181820960061276,6695288,NC
-0.41317797890699004,6695289,NC
-0.37817386327206665,6695290,NC
-0.3881697491014634,6695291,NC
-0.40316563639528635,6695292,NC
-0.4131615251536414,6695293,NC
-0.3981574153766346,6695294,NC
-0.39815330706437185,6695295,NC
-0.3931492002169589,6695296,NC
-0.39814509483450167,6695297,NC
-0.4181409909171059,6695298,NC
-0.43313688846487736,6695299,NC
-0.42813278747792183,6695300,NC
-0.4031286879563449,6695301,NC
-0.39312458990025223,6695302,NC
-0.3931204933097494,6695303,NC
-0.393116398184942,6695304,NC
-0.40811230452593555,6695305,NC
-0.4181082123328355,6695306,NC
-0.39810412160574743,6695307,NC
-0.39310003234477664,6695308,NC
-0.3930959445500285,6695309,NC
-0.4080918582216084,6695310,NC
-0.39808777335962153,6695311,NC
-0.3880836899641733,6695312,NC
-0.37307960803536877,6695313,NC
-0.3530755275733133,6695314,NC
-0.3630714485781119,6695315,NC
-0.34806737104986984,6695316,NC
-0.353063294988692,6695317,NC
-0.3430592203946835,6695318,NC
-0.3380551472679494,6695319,NC
-0.31305107560859446,6695320,NC
-0.3030470054167238,6695321,NC
-0.2830429366924423,6695322,NC
-0.25803886943585463,6695323,NC
-0.21303480364706578,6695324,NC
-0.14803073932618038,6695325,NC
-0.05802667647330329,6695326,NC
0.02197738491146089,6695327,NC
0.09698144482800747,6695328,NC
0.16698550327623185,6695329,NC
0.22698956025602943,6695330,NC
0.24199361576729567,6695331,NC
0.21699766980992607,6695332,NC
0.15200172238381618,6695333,NC
0.02200577348886154,6695334,NC
-0.08799017687504221,6695335,NC
-0.14298612870799945,6695336,NC
-0.16298208201011444,6695337,NC
-0.13297803678149156,6695338,NC
-0.06297399302223494,6695339,NC
0.04203004926755115,6695340,NC
0.13203409008776257,6695341,NC
0.2420381294382952,6695342,NC
0.33204216731904496,6695343,NC
0.3870462037299078,6695344,NC
0.3970502386707796,6695345,NC
0.3370542721415566,6695346,L
0.24705830414213462,6695347,NC
0.17206233467240994,6695348,NC
0.10206636373227865,6695349,NC
0.05207039132163691,6695350,NC
0.012074417440380958,6695351,NC
-0.07792155791159297,6695352,NC
-0.13791753473438856,6695353,NC
-0.21291351302810954,6695354,NC
-0.28790949279285943,6695355,NC
-0.347905474028742,6695356,NC
-0.40790145673586065,6695357,NC
-0.45789744091431894,6695358,NC
-0.5078934265642203,6695359,NC
-0.5328894136856683,6695360,NC
-0.5378854022787664,6695361,NC
-0.5128813923436177,6695362,NC
-0.5028773838803259,6695363,NC
-0.48287337688899384,6695364,NC
-0.46786937136972506,6695365,NC
-0.43286536732262276,6695366,NC
-0.41286136474779,6695367,NC
-0.38785736364533013,6695368,NC
-0.3878533640153461,6695369,NC
-0.40784936585794096,6695370,NC
-0.41284536917321774,6695371,NC
-0.41284137396127946,6695372,NC
-0.3978373802222292,6695373,NC
-0.3928333879561696,6695374,NC
-0.37782939716320374,6695375,NC
-0.37782540784343444,6695376,NC
-0.3878214199969644,6695377,NC
-0.3978174336238965,6695378,NC
-0.3928134487243333,6695379,NC
-0.3878094652983776,6695380,NC
-0.3878054833461321,6695381,NC
-0.4028015028676993,6695382,NC
-0.3977975238631818,6695383,NC
-0.39779354633268216,6695384,NC
-0.36778957027630277,6695385,NC
-0.36278559569414626,6695386,NC
-0.35278162258631496,6695387,NC
-0.37277765095291127,6695388,NC
-0.38777368079403746,6695389,NC
-0.38776971210979594,6695390,NC
-0.38776574490028887,6695391,NC
-0.35276177916561857,6695392,NC
-0.35775781490588715,6695393,NC
-0.3477538521211969,6695394,NC
-0.3477498908116498,6695395,NC
-0.3527459309773479,6695396,NC
-0.32774197261839344,6695397,NC
-0.3127380157348882,6695398,NC
-0.30273406032693423,6695399,NC
-0.3127301063946335,6695400,NC
-0.32272615393808785,6695401,NC
-0.33772220295739913,6695402,NC
-0.3227182534526691,6695403,NC
-0.2877143054239996,6695404,NC
-0.2777103588714924,6695405,NC
-0.2677064137952491,6695406,NC
-0.27270247019537147,6695407,NC
-0.262698528071961,6695408,NC
-0.26269458742511936,6695409,NC
-0.252690648254948,6695410,NC
-0.2526867105615486,6695411,NC
-0.2576827743450225,6695412,NC
-0.25767883960547117,6695413,NC
-0.24267490634299593,6695414,NC
-0.23767097455769823,6695415,NC
-0.20766704424967936,6695416,NC
-0.18266311541904054,6695417,NC
-0.16765918806588312,6695418,NC
-0.16765526219030819,6695419,NC
-0.15765133779241697,6695420,NC
-0.12764741487231057,6695421,NC
-0.11764349343009009,6695422,NC
-0.10263957346585659,6695423,NC
-0.10763565497971106,6695424,NC
-0.11763173797175444,6695425,NC
-0.10762782244208775,6695426,NC
-0.08762390839081181,6695427,NC
-0.06261999581802752,6695428,NC
-0.0476160847238357,6695429,NC
-0.05261217510833712,6695430,NC
-0.032608266971632514,6695431,NC
-0.002604360313822607,6695432,NC
0.022399544864991933,6695433,NC
0.05240344856471049,6695434,NC
0.07240735078523244,6695435,NC
0.08241125152645729,6695436,NC
0.08241515078828446,6695437,NC
0.0924190485706135,6695438,NC
0.09242294487334396,6695439,NC
0.14242683969637546,6695440,NC
0.13743073303960762,6695441,NC
0.1324346249029401,6695442,NC
0.11743851528627265,6695443,NC
0.09744240418950499,6695444,NC
0.09244629161253694,6695445,NC
0.08745017755526828,6695446,NC
0.057454062017598916,6695447,NC
0.002457944999428738,6695448,NC
-0.04753817349934231,6695449,NC
-0.06253429347881424,6695450,NC
-0.06753041493908707,6695451,NC
-0.08252653788026071,6695452,NC
-0.10252266230243506,6695453,NC
-0.12751878820571,6695454,NC
-0.15251491559018537,6695455,NC
-0.16251104445596098,6695456,NC
-0.1625071748031365,6695457,NC
-0.17250330663181174,6695458,NC
-0.1824994399420863,6695459,NC
-0.2074955747340599,6695460,NC
-0.23249171100783206,6695461,NC
-0.2474878487635024,6695462,NC
-0.22248398800117045,6695463,NC
-0.21748012872093564,6695464,NC
-0.22747627092289738,6695465,NC
-0.24747241460715522,6695466,NC
-0.25746855977380845,6695467,NC
-0.2674647064229564,6695468,NC
-0.24746085455469835,6695469,NC
-0.2474570041691336,6695470,NC
-0.25245315526636136,6695471,NC
-0.2574493078464808,6695472,NC
-0.272445461909591,6695473,NC
-0.2574416174557912,6695474,NC
-0.25243777448518034,6695475,NC
-0.2374339329978575,6695476,NC
-0.24243009299392168,6695477,NC
-0.25242625447347183,6695478,NC
-0.2724224174366069,6695479,NC
-0.2624185818834256,6695480,NC
-0.25241474781402695,6695481,NC
-0.23741091522850963,6695482,NC
-0.22740708412697247,6695483,NC
-0.2474032545095142,6695484,NC
-0.2623994263762335,6695485,NC
-0.2823955997272289,6695486,NC
-0.2623917745625991,6695487,NC
-0.2473879508824427,6695488,NC
-0.2473841286868582,6695489,NC
-0.2573803079759441,6695490,NC
-0.2823764887497988,6695491,NC
-0.25737267100852074,6695492,NC
-0.2373688547522083,6695493,NC
-0.2273650399809599,6695494,NC
-0.23236122669487372,6695495,NC
-0.2473574148940481,6695496,NC
-0.26235360457858126,6695497,NC
-0.2623497957485713,6695498,NC
-0.24734598840411645,6695499,NC
-0.2323421825453148,6695500,NC
-0.23233837817226444,6695501,NC
-0.23733457528506338,6695502,NC
-0.2473307738838096,6695503,NC
-0.2523269739686011,6695504,NC
-0.23732317553953575,6695505,NC
-0.23231937859671145,6695506,NC
-0.22731558314022604,6695507,NC
-0.2523117891701774,6695508,NC
-0.24730799668666315,6695509,NC
-0.25230420568978107,6695510,NC
-0.2473004161796289,6695511,NC
-0.24229662815630423,6695512,NC
-0.24729284161990472,6695513,NC
-0.2522890565705279,6695514,NC
-0.2722852730082714,6695515,NC
-0.27228149093323256,6695516,NC
-0.2622777103455089,6695517,NC
-0.25227393124519787,6695518,NC
-0.23727015363239684,6695519,NC
-0.2522663775072032,6695520,NC
-0.2672626028697142,6695521,NC
-0.2672588297200271,6695522,NC
-0.27725505805823913,6695523,NC
-0.28225128788444753,6695524,NC
-0.28224751919874935,6695525,NC
-0.2772437520012418,6695526,NC
-0.29223998629202186,6695527,NC
-0.2872362220711867,6695528,NC
-0.2672324593388333,6695529,NC
-0.26222869809505844,6695530,NC
-0.2922249383399592,6695531,NC
-0.29222118007363246,6695532,NC
-0.29221742329617506,6695533,NC
-0.2872136680076837,6695534,NC
-0.26720991420825535,6695535,NC
-0.2572061618979865,6695536,NC
-0.26220241107697406,6695537,NC
-0.2771986617453145,6695538,NC
-0.3021949139031045,6695539,NC
-0.30219116755044073,6695540,NC
-0.28218742268741964,6695541,NC
-0.2771836793141377,6695542,NC
-0.28717993743069137,6695543,NC
-0.2821761970371772,6695544,NC
-0.2921724581336914,6695545,NC
-0.3021687207203305,6695546,NC
-0.29216498479719066,6695547,NC
-0.2871612503643682,6695548,NC
-0.28715751742195933,6695549,NC
-0.30215378597006026,6695550,NC
-0.3021500560087672,6695551,NC
-0.31214632753817617,6695552,NC
-0.29214260055838326,6695553,NC
-0.26713887506948464,6695554,NC
-0.28713515107157606,6695555,NC
-0.2871314285647537,6695556,NC
-0.31712770754911346,6695557,NC
-0.3171239880247511,6695558,NC
-0.3221202699917626,6695559,NC
-0.30211655345024363,6695560,NC
-0.28711283840029006,6695561,NC
-0.29710912484199764,6695562,NC
-0.327105412775462,6695563,NC
-0.3221017022007788,6695564,NC
-0.3020979931180437,6695565,NC
-0.2720942855273522,6695566,NC
-0.27209057942879994,6695567,NC
-0.27708687482248234,6695568,NC
-0.28708317170849484,6695569,NC
-0.28207947008693307,6695570,NC
-0.2570757699578921,6695571,NC
-0.2420720713214675,6695572,NC
-0.2470683741777545,6695573,NC
-0.24706467852684838,6695574,NC
-0.2720609843688444,6695575,NC
-0.2620572917038377,6695576,NC
-0.24705360053192343,6695577,NC
-0.2170499108531968,6695578,NC
-0.2170462226677528,6695579,NC
-0.23704253597568645,6695580,NC
-0.23703885077709283,6695581,NC
-0.24203516707206685,6695582,NC
-0.22703148486070346,6695583,NC
-0.22702780414309753,6695584,NC
-0.2420241249193439,6695585,NC
-0.2520204471895374,6695586,NC
-0.2770167709537728,6695587,NC
-0.28701309621214477,6695588,NC
-0.26700942296474806,6695589,NC
-0.25700575121167735,6695590,NC
-0.24700208095302717,6695591,NC
-0.2669984121888922,6695592,NC
-0.29199474491936683,6695593,NC
-0.3069910791445457,6695594,NC
-0.31698741486452325,6695595,NC
-0.29698375207939387,6695596,NC
-0.3069800907892519,6695597,NC
-0.3019764309941918,6695598,NC
-0.3319727726943078,6695599,NC
-0.33696911588969414,6695600,NC
-0.3269654605804451,6695601,NC
-0.3169618067666549,6695602,NC
-0.32195815444841763,6695603,NC
-0.33195450362582746,6695604,NC
-0.3619508542989784,6695605,NC
-0.3669472064679645,6695606,NC
-0.35194356013287986,6695607,NC
-0.34693991529381835,6695608,NC
-0.3419362719508739,6695609,NC
-0.3419326301041404,6695610,NC
-0.3569289897537116,6695611,NC
-0.3619253508996815,6695612,NC
-0.36192171354214375,6695613,NC
-0.35691807768119205,6695614,NC
-0.3669144433169202,6695615,NC
-0.37691081044942176,6695616,NC
-0.40690717907879037,6695617,NC
-0.3919035492051196,6695618,NC
-0.371899920828503,6695619,NC
-0.35689629394903405,6695620,NC
-0.35689266856680624,6695621,NC
-0.376889044681913,6695622,NC
-0.3918854222944476,6695623,NC
-0.3918818014045035,6695624,NC
-0.376878182012174,6695625,NC
-0.36687456411755226,6695626,NC
-0.36187094772073164,6695627,NC
-0.3668673328218053,6695628,NC
-0.41186371942086625,6695629,NC
-0.40686010751800783,6695630,NC
-0.396856497113323,6695631,NC
-0.3668528882069047,6695632,NC
-0.39184928079884607,6695633,NC
-0.38684567488924,6695634,NC
-0.40184207047817944,6695635,NC
-0.38683846756575724,6695636,NC
-0.3818348661520662,6695637,NC
-0.3768312662371992,6695638,NC
-0.35682766782124903,6695639,NC
-0.37182407090430836,6695640,NC
-0.37682047548646985,6695641,NC
-0.38681688156782623,6695642,NC
-0.36681328914847,6695643,NC
-0.34680969822849383,6695644,NC
-0.3518061088079902,6695645,NC
-0.3718025208870516,6695646,NC
-0.4067989344657706,6695647,NC
-0.3917953495442394,6695648,NC
-0.3867917661225505,6695649,NC
-0.3617881842007963,6695650,NC
-0.361784603779069,6695651,NC
-0.35678102485746094,6695652,NC
-0.3467774474360643,6695653,NC
-0.3217738715149712,6695654,NC
-0.2867702970942739,6695655,NC
-0.24676672417406445,6695656,NC
-0.21176315275443497,6695657,NC
-0.16675958283547737,6695658,NC
-0.11175601441728378,6695659,NC
-0.05675244749994607,6695660,NC
-0.0017488820835561622,6695661,NC
0.03325468183179404,6695662,NC
0.018258244246012717,6695663,NC
-0.02173819484099193,6695664,NC
-0.09673463542931166,6695665,NC
-0.1817310775190382,6695666,NC
-0.28672752111026323,6695667,NC
-0.3467239662030784,6695668,NC
-0.3817204127975753,6695669,NC
-0.38671686089384544,6695670,NC
-0.3217133104919805,6695671,NC
-0.1967097615920718,6695672,NC
-0.05170621419421088,6695673,NC
0.12329733170151086,6695674,NC
0.27830087609500204,6695675,NC
0.4133044189861713,6695676,NC
0.49830796037492747,6695677,NC
0.5633115002611792,6695678,NC
0.5683150386448352,6695679,NC
0.5133185755258045,6695680,L
0.3983221109039957,6695681,NC
0.2583256447793179,6695682,NC
0.15332917715167996,6695683,NC
0.05833270802099086,6695684,NC
-0.021663762612840386,6695685,NC
-0.1216602347499047,6695686,NC
-0.26165670839029304,6695687,NC
-0.3816531835340962,6695688,NC
-0.4916496601814051,6695689,NC
-0.5666461383323104,6695690,NC
-0.601642617986903,6695691,NC
-0.6216390991452736,6695692,NC
-0.6166355818075128,6695693,NC
-0.6216320659737111,6695694,NC
-0.6116285516439595,6695695,NC
-0.5716250388183481,6695696,NC
-0.5316215274969677,6695697,NC
-0.4866180176799088,6695698,NC
-0.4416145093672617,6695699,NC
-0.4266110025591168,6695700,NC
-0.43660749725556464,6695701,NC
-0.4366039934566954,6695702,NC
-0.4116004911625994,6695703,NC
-0.4115969903733669,6695704,NC
-0.40159349108908815,6695705,NC
-0.4115899933098532,6695706,NC
-0.43158649703575225,6695707,NC
-0.4165830022668754,6695708,NC
-0.41157950900331275,6695709,NC
-0.3865760172451542,6695710,NC
-0.3965725269924899,6695711,NC
-0.40656903824540963,6695712,NC
-0.41156555100400327,6695713,NC
-0.40156206526836086,6695714,NC
-0.38655858103857205,6695715,NC
-0.3565550983147267,6695716,NC
-0.3715516170969146,6695717,NC
-0.36654813738522535,6695718,NC
-0.37654465917974866,6695719,NC
-0.3965411824805742,6695720,NC
-0.3965377072877915,6695721,NC
-0.37153423360149007,6695722,NC
-0.37653076142175956,6695723,NC
-0.3715272907486894,6695724,NC
-0.3915238215823689,6695725,NC
-0.38152035392288763,6695726,NC
-0.3715168877703348,6695727,NC
-0.3365134231247998,6695728,NC
-0.32650995998637194,6695729,NC
-0.32650649835514034,6695730,NC
-0.36150303823119434,6695731,NC
-0.37149957961462304,6695732,NC
-0.34149612250551553,6695733,NC
-0.32149266690396094,6695734,NC
-0.3114892128100483,6695735,NC
-0.31148576022386665,6695736,NC
-0.3214823091455049,6695737,NC
-0.311478859575052,6695738,NC
-0.2914754115125968,6695739,NC
-0.27147196495822834,6695740,NC
-0.2614685199120352,6695741,NC
-0.2614650763741062,6695742,NC
-0.2814616343445302,6695743,NC
-0.28145819382339576,6695744,NC
-0.2614547548107916,6695745,NC
-0.23645131730680632,6695746,NC
-0.21644788131152856,6695747,NC
-0.21144444682504676,6695748,NC
-0.22644101384744944,6695749,NC
-0.20643758237882515,6695750,NC
-0.18143415241926222,6695751,NC
-0.14643072396884907,6695752,NC
-0.13142729702767408,6695753,NC
-0.1264238715958255,6695754,NC
-0.13142044767339162,6695755,NC
-0.14141702526046065,6695756,NC
-0.12141360435712081,6695757,NC
-0.08641018496346024,6695758,NC
-0.08640676707956704,6695759,NC
-0.07640335070552934,6695760,NC
-0.08139993584143512,6695761,NC
-0.07139652248737235,6695762,NC
-0.056393110643429056,6695763,NC
-0.02138970030969311,6695764,NC
-0.0013862914862524042,6695765,NC
0.018617115826805225,6695766,NC
0.013620521629391973,6695767,NC
0.018623925921420065,6695768,NC
0.053627328702801805,6695769,NC
0.06363072997344948,6695770,NC
0.06363412973327547,6695771,NC
0.058637527982192156,6695772,NC
0.01864092472011196,6695773,NC
-0.001355680053052609,6695774,NC
0.0036477136626109075,6695775,NC
-0.0013488941329849041,6695776,NC
-0.026345503439927476,6695777,NC
-0.05634211425830416,6695778,NC
-0.0913387265882023,6695779,NC
-0.1263353404297092,6695780,NC
-0.14633195578291208,6695781,NC
-0.17132857264789825,6695782,NC
-0.17632519102475477,6695783,NC
-0.22632181091356884,6695784,NC
-0.2613184323144276,6695785,NC
-0.281315055227418,6695786,NC
-0.26631167965262714,6695787,NC
-0.271308305590142,6695788,NC
-0.28130493304004955,6695789,NC
-0.2963015620024366,6695790,NC
-0.3212981924773901,6695791,NC
-0.33129482446499686,6695792,NC
-0.3162914579653437,6695793,NC
-0.31128809297851723,6695794,NC
-0.31628472950460434,6695795,NC
-0.33128136754369164,6695796,NC
-0.3412780070958657,6695797,NC
-0.34127464816121317,6695798,NC
-0.32627129073982053,6695799,NC
-0.3262679348317744,6695800,NC
-0.35126458043716124,6695801,NC
-0.3712612275560675,6695802,NC
-0.3962578761885795,6695803,NC
-0.38625452633478363,6695804,NC
-0.3862511779947662,6695805,NC
-0.37124783116861354,6695806,NC
-0.36624448585641184,6695807,NC
-0.38624114205824733,6695808,NC
-0.38623779977420625,6695809,NC
-0.3962344590043746,6695810,NC
-0.3762311197488385,6695811,NC
-0.36622778200768397,6695812,NC
-0.3762244457809971,6695813,NC
-0.37622111106886386,6695814,NC
-0.38121777787137007,6695815,NC
-0.39121444618860174,6695816,NC
-0.37121111602064466,6695817,NC
-0.36620778736758464,6695818,NC
-0.3662044602295075,6695819,NC
-0.36620113460649895,6695820,NC
-0.39119781049864466,6695821,NC
-0.3811944879060303,6695822,NC
-0.3661911668287415,6695823,NC
-0.3611878472668638,6695824,NC
-0.3561845292204828,6695825,NC
-0.3861812126896841,6695826,NC
-0.4161778976745529,6695827,NC
-0.4211745841751748,6695828,NC
-0.4061712721916351,6695829,NC
-0.39116796172401924,6695830,NC
-0.39116465277241247,6695831,NC
-0.4161613453369,6695832,NC
-0.4111580394175672,6695833,NC
-0.4211547350144992,6695834,NC
-0.41115143212778105,6695835,NC
-0.41114813075749795,6695836,NC
-0.401144830903735,6695837,NC
-0.4111415325665771,6695838,NC
-0.4161382357461094,6695839,NC
-0.4211349404424168,6695840,NC
-0.41113164665558416,6695841,NC
-0.39612835438569644,6695842,NC
-0.39112506363283844,6695843,NC
-0.4061217743970949,6695844,NC
-0.4161184866785506,6695845,NC
-0.44111520047729036,6695846,NC
-0.42111191579339874,6695847,NC
-0.41610863262696046,6695848,NC
-0.4161053509780601,6695849,NC
-0.4411020708467822,6695850,NC
-0.44609879223321136,6695851,NC
-0.4410955151374319,6695852,NC
-0.4360922395595284,6695853,NC
-0.41608896549958524,6695854,NC
-0.4110856929576868,6695855,NC
-0.43608242193391744,6695856,NC
-0.4410791524283613,6695857,NC
-0.4510758844411028,6695858,NC
-0.4460726179722261,6695859,NC
-0.43106935302181526,6695860,NC
-0.42606608958995457,6695861,NC
-0.43106282767672804,6695862,NC
-0.44605956728221974,6695863,NC
-0.46105630840651374,6695864,NC
-0.4460530510496939,6695865,NC
-0.4310497952118442,6695866,NC
-0.4310465408930486,6695867,NC
-0.451043288093391,6695868,NC
-0.4760400368129551,6695869,NC
-0.4760367870518246,6695870,NC
-0.46103353881008347,6695871,NC
-0.43103029208781524,6695872,NC
-0.4260270468851037,6695873,NC
-0.4360238032020324,6695874,NC
-0.43602056103868486,6695875,NC
-0.44601732039514475,6695876,NC
-0.43601408127149555,6695877,NC
-0.4260108436678206,6695878,NC
-0.4210076075842035,6695879,NC
-0.4210043730207276,6695880,NC
-0.4210011399774762,6695881,NC
-0.4109979084545326,6695882,NC
-0.40099467845198017,6695883,NC
-0.395991449969902,6695884,NC
-0.4009882230083814,6695885,NC
-0.4159849975675014,6695886,NC
-0.42598177364734524,6695887,NC
-0.420978551247996,6695888,NC
-0.39097533036953663,6695889,NC
-0.37097211101205013,6695890,NC
-0.3659688931756195,6695891,NC
-0.3859656768603277,6695892,NC
-0.4059624620662575,6695893,NC
-0.3859592487934918,6695894,NC
-0.3759560370421134,6695895,NC
-0.3409528268122051,6695896,NC
-0.33094961810384954,6695897,NC
-0.34594641091712947,6695898,NC
-0.3709432052521275,6695899,NC
-0.39594000110892624,6695900,NC
-0.39093679848760826,6695901,NC
-0.3909335973882561,6695902,NC
-0.3759303978109522,6695903,NC
-0.3909271997557791,6695904,NC
-0.3959240032228192,6695905,NC
-0.4009208082121547,6695906,NC
-0.3859176147238681,6695907,NC
-0.38591442275804166,6695908,NC
-0.3959112323147576,6695909,NC
-0.40590804339409814,6695910,NC
-0.4109048559961454,6695911,NC
-0.4259016701209817,6695912,NC
-0.41589848576868893,6695913,NC
-0.4058953029393493,6695914,NC
-0.40089212163304466,6695915,NC
-0.40088894184985713,6695916,NC
-0.41588576358986856,6695917,NC
-0.44588258685316096,6695918,NC
-0.45087941163981604,6695919,NC
-0.4608762379499158,6695920,NC
-0.4758730657835418,6695921,NC
-0.475869895140776,6695922,NC
-0.49086672602169995,6695923,NC
-0.49086355842639534,6695924,NC
-0.4808603923549438,6695925,NC
-0.475857227807427,6695926,NC
-0.45085406478392637,6695927,NC
-0.4658509032845235,6695928,NC
-0.4958477433092998,6695929,NC
-0.5008445848583368,6695930,NC
-0.4958414279317157,6695931,NC
-0.495838272529518,6695932,NC
-0.48583511865182494,6695933,NC
-0.49583196629871784,6695934,NC
-0.5058288154702778,6695935,NC
-0.5158256661665863,6695936,NC
-0.5158225183877242,6695937,NC
-0.49081937213377286,6695938,NC
-0.4758162274048131,6695939,NC
-0.4858130842009261,6695940,NC
-0.5058099425221928,6695941,NC
-0.5058068023686941,6695942,NC
-0.5008036637405113,6695943,NC
-0.48580052663772477,6695944,NC
-0.48079739106041564,6695945,NC
-0.4907942570086646,6695946,NC
-0.49079112448255235,6695947,NC
-0.4957879934821598,6695948,NC
-0.4857848640075675,6695949,NC
-0.4607817360588561,6695950,NC
-0.4707786096361062,6695951,NC
-0.48077548473939846,6695952,NC
-0.4857723613688133,6695953,NC
-0.4957692395244312,6695954,NC
-0.48076611920633266,6695955,NC
-0.46076300041459806,6695956,NC
-0.45575988314930777,6695957,NC
-0.4557567674105421,6695958,NC
-0.48575365319838143,6695959,NC
-0.4707505405129059,6695960,NC
-0.46074742935419566,6695961,NC
-0.4457443197223311,6695962,NC
-0.4407412116173921,6695963,NC
-0.445738105039459,6695964,NC
-0.46073499998861167,6695965,NC
-0.44573189646493017,6695966,NC
-0.42572879446849443,6695967,NC
-0.4107256939993845,6695968,NC
-0.40072259505768026,6695969,NC
-0.4157194976434614,6695970,NC
-0.4157164017568079,6695971,NC
-0.4157133073977995,6695972,NC
-0.38571021456651594,6695973,NC
-0.33070712326303686,6695974,NC
-0.30070403348744196,6695975,NC
-0.23570094523981083,6695976,NC
-0.18569785852022314,6695977,NC
-0.13569477332875834,6695978,NC
-0.07569168966549594,6695979,NC
-0.04568860753051541,6695980,NC
-0.040685526923896195,6695981,NC
-0.08568244784571763,6695982,NC
-0.12567937029605913,6695983,NC
-0.19067629427499994,6695984,NC
-0.26067321978261937,6695985,NC
-0.3256701468189966,6695986,NC
-0.3406670753842108,6695987,NC
-0.3256640054783412,6695988,NC
-0.25066093710146675,6695989,NC
-0.11565787025366672,6695990,NC
0.03934519506497998,6695991,NC
0.18934825885439435,6695992,NC
0.3093513211144974,6695993,NC
0.3693543818452103,6695994,NC
0.39435744104645415,6695995,NC
0.39436049871815004,6695996,NC
0.34436355486021925,6695997,L
0.25436660947258305,6695998,NC
0.1493696625551627,6695999,NC
0.06437271410787951,6696000,NC
-0.03562423586934515,6696001,NC
-0.12562118737658984,6696002,NC
-0.21561814041393318,6696003,NC
-0.3156150949814536,6696004,NC
-0.4106120510792296,6696005,NC
-0.5156090087073397,6696006,NC
-0.5856059678658623,6696007,NC
-0.6456029285548756,6696008,NC
-0.6655998907744579,6696009,NC
-0.6655968545246878,6696010,NC
-0.6655938198056431,6696011,NC
-0.6405907866174024,6696012,NC
-0.6005877549600438,6696013,NC
-0.5705847248336451,6696014,NC
-0.5155816962382846,6696015,NC
-0.47057866917404045,6696016,NC
-0.46557564364099047,6696017,NC
-0.4755726196392127,6696018,NC
-0.4805695971687851,6696019,NC
-0.47556657622978543,6696020,NC
-0.46556355682229167,6696021,NC
-0.4605605389463815,6696022,NC
-0.4555575226021328,6696023,NC
-0.43055450778962323,6696024,NC
-0.4605514945089305,6696025,NC
-0.45054848276013226,6696026,NC
-0.4305454725433061,6696027,NC
-0.4255424638585297,6696028,NC
-0.4155394567058804,6696029,NC
-0.41553645108543574,6696030,NC
-0.4255334469972733,6696031,NC
-0.4505304444414704,6696032,NC
-0.42552744341810433,6696033,NC
-0.3855244439272526,6696034,NC
-0.38552144596899235,6696035,NC
-0.3955184495434009,6696036,NC
-0.39551545465055543,6696037,NC
-0.4055124612905332,6696038,NC
-0.3855094694634112,6696039,NC
-0.3705064791692666,6696040,NC
-0.36550349040817653,6696041,NC
-0.3705005031802179,6696042,NC
-0.3754975174854677,6696043,NC
-0.38049453332400296,6696044,NC
-0.35549155069590044,6696045,NC
-0.3504885696012371,6696046,NC
-0.3354855900400897,6696047,NC
-0.34048261201253505,6696048,NC
-0.3404796355186499,6696049,NC
-0.3454766605585109,6696050,NC
-0.3304736871321947,6696051,NC
-0.325470715239778,6696052,NC
-0.3004677448813373,6696053,NC
-0.3004647760569492,6696054,NC
-0.3204618087666903,6696055,NC
-0.3004588430106368,6696056,NC
-0.3104558787888653,6696057,NC
-0.3004529161014522,6696058,NC
-0.2654499549484738,6696059,NC
-0.2704469953300063,6696060,NC
-0.27044403724612615,6696061,NC
-0.26044108069690947,6696062,NC
-0.25043812568243246,6696063,NC
-0.24043517220277125,6696064,NC
-0.22043222025800205,6696065,NC
-0.22542926984820072,6696066,NC
-0.24042632097344352,6696067,NC
-0.24042337363380628,6696068,NC
-0.20042042782936503,6696069,NC
-0.1854174835601956,6696070,NC
-0.17041454082637394,6696071,NC
-0.16541159962797586,6696072,NC
-0.1904086599650771,6696073,NC
-0.1704057218377535,6696074,NC
-0.14040278524608066,6696075,NC
-0.1203998501901343,6696076,NC
-0.10539691666999011,6696077,NC
-0.1203939846857236,6696078,NC
-0.12039105423741037,6696079,NC
-0.11038812532512594,6696080,NC
-0.09538519794894573,6696081,NC
-0.07538227210894521,6696082,NC
-0.06537934780519977,6696083,NC
-0.05537642503778478,6696084,NC
-0.07037350380677554,6696085,NC
-0.04037058411224732,6696086,NC
-0.010367665954275351,6696087,NC
0.01963525066706516,6696088,NC
0.04463816575169905,6696089,NC
0.0346410792995512,6696090,NC
0.019643991310546553,6696091,NC
0.019646901784610052,6696092,NC
0.014649810721666712,6696093,NC
0.024652718121641555,6696094,NC
0.009655623984459676,6696095,NC
-0.010341471689953793,6696096,NC
-0.05533856890167371,6696097,NC
-0.09533566765077486,6696098,NC
-0.10033276793733203,6696099,NC
-0.10032986976141993,6696100,NC
-0.12532697312311322,6696101,NC
-0.1403240780224866,6696102,NC
-0.17532118445961456,6696103,NC
-0.20031829243457178,6696104,NC
-0.22031540194743274,6696105,NC
-0.22531251299827185,6696106,NC
-0.23030962558716367,6696107,NC
-0.2553067397141826,6696108,NC
-0.28030385537940294,6696109,NC
-0.295300972582899,6696110,NC
-0.3002980913247451,6696111,NC
-0.29029521160501554,6696112,NC
-0.3052923334237844,6696113,NC
-0.31528945678112597,6696114,NC
-0.35028658167711435,6696115,NC
-0.36028370811182353,6696116,NC
-0.3552808360853277,6696117,NC
-0.3402779655977008,6696118,NC
-0.34027509664901673,6696119,NC
-0.3502722292393495,6696120,NC
-0.35526936336877296,6696121,NC
-0.365266499037361,6696122,NC
-0.3552636362451874,6696123,NC
-0.34526077499232605,6696124,NC
-0.3452579152788505,6696125,NC
-0.35025505710483446,6696126,NC
-0.3752522004703517,6696127,NC
-0.3702493453754757,6696128,NC
-0.37524649182028014,6696129,NC
-0.3452436398048385,6696130,NC
-0.3502407893292242,6696131,NC
-0.35523794039351086,6696132,NC
-0.37523509299777175,6696133,NC
-0.3802322471420803,6696134,NC
-0.3752294028265099,6696135,NC
-0.35022656005113373,6696136,NC
-0.34522371881602515,6696137,NC
-0.3602208791212572,6696138,NC
-0.38021804096690326,6696139,NC
-0.38021520435303635,6696140,NC
-0.3752123692797296,6696141,NC
-0.35020953574705604,6696142,NC
-0.34020670375508877,6696143,NC
-0.3502038733039006,6696144,NC
-0.3602010443935647,6696145,NC
-0.37019821702415373,6696146,NC
-0.3701953911957407,6696147,NC
-0.3451925669083984,6696148,NC
-0.3501897441621995,6696149,NC
-0.3501869229572169,6696150,NC
-0.3551841032935231,6696151,NC
-0.36518128517119103,6696152,NC
-0.35017846859029306,6696153,NC
-0.34517565355090196,6696154,NC
-0.3401728400530901,6696155,NC
-0.35517002809693005,6696156,NC
-0.36516721768249427,6696157,NC
-0.37516440880985524,6696158,NC
-0.3651616014790853,6696159,NC
-0.3351587956902567,6696160,NC
-0.34015599144344183,6696161,NC
-0.37015318873871295,6696162,NC
-0.3851503875761423,6696163,NC
-0.375147587955802,6696164,NC
-0.36514478987776416,6696165,NC
-0.36514199334210107,6696166,NC
-0.3551391983488846,6696167,NC
-0.3601364048981868,6696168,NC
-0.38513361299007975,6696169,NC
-0.3801308226246353,6696170,NC
-0.37012803380192544,6696171,NC
-0.36012524652202194,6696172,NC
-0.36012246078499666,6696173,NC
-0.3751196765909214,6696174,NC
-0.3801168939398679,6696175,NC
-0.3851141128319079,6696176,NC
-0.37011133326711293,6696177,NC
-0.36010855524555474,6696178,NC
-0.38010577876730495,6696179,NC
-0.38010300383243495,6696180,NC
-0.4001002304410164,6696181,NC
-0.3950974585931207,6696182,NC
-0.4000946882888192,6696183,NC
-0.36509191952818343,6696184,NC
-0.37508915231128465,6696185,NC
-0.39008638663819417,6696186,NC
-0.4000836225089833,6696187,NC
-0.39508085992372327,6696188,NC
-0.3900780988824852,6696189,NC
-0.3850753393853402,6696190,NC
-0.39007258143235957,6696191,NC
-0.39506982502361426,6696192,NC
-0.39506707015917525,6696193,NC
-0.4000643168391136,6696194,NC
-0.4050615650635002,6696195,NC
-0.380058814832406,6696196,NC
-0.3750560661459019,6696197,NC
-0.3950533190040587,6696198,NC
-0.40505057340694717,6696199,NC
-0.41004782935463807,6696200,NC
-0.3900450868472021,6696201,NC
-0.37504234588470997,6696202,NC
-0.36503960646723227,6696203,NC
-0.36503686859483964,6696204,NC
-0.37503413226760257,6696205,NC
-0.3700313974855916,6696206,NC
-0.36502866424887714,6696207,NC
-0.3400259325575298,6696208,NC
-0.3550232024116197,6696209,NC
-0.3550204738112175,6696210,NC
-0.35501774675639325,6696211,NC
-0.36001502124721735,6696212,NC
-0.34501229728376004,6696213,NC
-0.3150095748660914,6696214,NC
-0.30500685399428173,6696215,NC
-0.30500413466840104,6696216,NC
-0.31000141688851945,6696217,NC
-0.314998700654707,6696218,NC
-0.30499598596703364,6696219,NC
-0.3149932728255693,6696220,NC
-0.29999056123038403,6696221,NC
-0.3099878511815476,6696222,NC
-0.3249851426791298,6696223,NC
-0.3399824357232005,6696224,NC
-0.3399797303138295,6696225,NC
-0.3349770264510864,6696226,NC
-0.3399743241350409,6696227,NC
-0.34997162336576265,6696228,NC
-0.35996892414332127,6696229,NC
-0.3699662264677863,6696230,NC
-0.3749635303392273,6696231,NC
-0.36996083575771366,6696232,NC
-0.36495814272331484,6696233,NC
-0.3849554512361003,6696234,NC
-0.4099527612961392,6696235,NC
-0.41995007290350117,6696236,NC
-0.4099473860582552,6696237,NC
-0.40494470076047073,6696238,NC
-0.4099420170102168,6696239,NC
-0.40493933480756267,6696240,NC
-0.4049366541525774,6696241,NC
-0.41493397504533003,6696242,NC
-0.40993129748588975,6696243,NC
-0.39492862147432545,6696244,NC
-0.37992594701070603,6696245,NC
-0.37992327409510046,6696246,NC
-0.3999206027275777,6696247,NC
-0.40991793290820644,6696248,NC
-0.4199152646370556,6696249,NC
-0.4099125979141939,6696250,NC
-0.41490993273968996,6696251,NC
-0.41490726911361264,6696252,NC
-0.4449046070360304,6696253,NC
-0.464901946507012,6696254,NC
-0.4498992875266259,6696255,NC
-0.41989663009494055,6696256,NC
-0.40989397421202456,6696257,NC
-0.4298913198779464,6696258,NC
-0.4348886670927743,6696259,NC
-0.45488601585657673,6696260,NC
-0.42988336616942197,6696261,NC
-0.4348807180313783,6696262,NC
-0.409878071442514,6696263,NC
-0.4198754264028972,6696264,NC
-0.4398727829125961,6696265,NC
-0.42987014097167886,6696266,NC
-0.4248675005802135,6696267,NC
-0.4198648617382681,6696268,NC
-0.4098622244459106,6696269,NC
-0.404859588703209,6696270,NC
-0.41985695451023114,6696271,NC
-0.42985432186704503,6696272,NC
-0.42985169077371843,6696273,NC
-0.40984906123031917,6696274,NC
-0.409846433236915,6696275,NC
-0.41484380679357363,6696276,NC
-0.4248411819003628,6696277,NC
-0.42483855855735,6696278,NC
-0.41483593676460295,6696279,NC
-0.4098333165221892,6696280,NC
-0.39483069783017627,6696281,NC
-0.40482808068863163,6696282,NC
-0.41482546509762264,6696283,NC
-0.40982285105721683,6696284,NC
-0.3948202385674815,6696285,NC
-0.3748176276284839,6696286,NC
-0.3648150182402915,6696287,NC
-0.3498124104029713,6696288,NC
-0.3548098041165907,6696289,NC
-0.3298071993812168,6696290,NC
-0.2848045961969166,6696291,NC
-0.22980199456375733,6696292,NC
-0.144799394481806,6696293,NC
-0.07479679595112959,6696294,NC
-0.009794198971795051,6696295,NC
0.0552083964561307,6696296,NC
0.09521099033258076,6696297,NC
0.1202135826574883,6696298,NC
0.09521617343078653,6696299,NC
0.035218762652408676,6696300,NC
-0.05477864967771199,6696301,NC
-0.12477606355964213,6696302,NC
-0.13477347899344838,6696303,NC
-0.08477089597919736,6696304,NC
-0.004768314516955634,6696305,NC
0.1202342653932103,6696306,NC
0.23023684375123396,6696307,NC
0.3602394205570489,6696308,NC
0.4752419958105887,6696309,NC
0.550244569511787,6696310,NC
0.5402471416605775,6696311,NC
0.530249712256894,6696312,L
0.45025228130067013,6696313,NC
0.35025484879183966,6696314,NC
0.2802574147303366,6696315,NC
0.2102599791160947,6696316,NC
0.14026254194904794,6696317,NC
0.04026510322913024,6696318,NC
-0.06973233704372439,6696319,NC
-0.18972977886958192,6696320,NC
-0.2897272222485082,6696321,NC
-0.37972466718056924,6696322,NC
-0.4797221136658308,6696323,NC
-0.5297195617043586,6696324,NC
-0.5897170112962186,6696325,NC
-0.5997144624414763,6696326,NC
-0.5947119151401975,6696327,NC
-0.5697093693924479,6696328,NC
-0.5347068251982929,6696329,NC
-0.5197042825577983,6696330,NC
-0.5047017414710294,6696331,NC
-0.499699201938052,6696332,NC
-0.4746966639589311,6696333,NC
-0.4546941275337324,6696334,NC
-0.4496915926625212,6696335,NC
-0.4596890593453628,6696336,NC
-0.4696865275823225,6696337,NC
-0.48468399737346546,6696338,NC
-0.479681468718857,6696339,NC
-0.45967894161856215,6696340,NC
-0.45467641607264614,6696341,NC
-0.45967389208117404,6696342,NC
-0.46467136964421085,6696343,NC
-0.4796688487618216,6696344,NC
-0.46466632943407116,6696345,NC
-0.45466381166102454,6696346,NC
-0.4446612954427466,6696347,NC
-0.44465878077930215,6696348,NC
-0.45965626767075607,6696349,NC
-0.47965375611717304,6696350,NC
-0.4496512461186178,6696351,NC
-0.429648737675155,6696352,NC
-0.43964623078684933,6696353,NC
-0.4196437254537654,6696354,NC
-0.4346412216759677,6696355,NC
-0.4446387194535208,6696356,NC
-0.4396362187864892,6696357,NC
-0.4246337196749372,6696358,NC
-0.4046312221189294,6696359,NC
-0.40462872611853,6696360,NC
-0.42462623167380337,6696361,NC
-0.4096237387848138,6696362,NC
-0.4046212474516256,6696363,NC
-0.37961875767430275,6696364,NC
-0.38461626945290966,6696365,NC
-0.3896137827875103,6696366,NC
-0.3996112976781688,6696367,NC
-0.38960881412494913,6696368,NC
-0.3596063321279153,6696369,NC
-0.3396038516871314,6696370,NC
-0.3296013728026612,6696371,NC
-0.32959889547456866,6696372,NC
-0.3395964197029176,6696373,NC
-0.3445939454877718,6696374,NC
-0.3195914728291949,6696375,NC
-0.29958900172725084,6696376,NC
-0.28958653218200314,6696377,NC
-0.2945840641935155,6696378,NC
-0.29458159776185155,6696379,NC
-0.28957913288707476,6696380,NC
-0.2595766695692487,6696381,NC
-0.2345742078084368,6696382,NC
-0.22457174760470255,6696383,NC
-0.20956928895810936,6696384,NC
-0.2095668318687205,6696385,NC
-0.20956437633659936,6696386,NC
-0.18956192236180913,6696387,NC
-0.16455946994441314,6696388,NC
-0.16955701908447457,6696389,NC
-0.16955456978205652,6696390,NC
-0.16455212203722214,6696391,NC
-0.1545496758500345,6696392,NC
-0.12954723122055667,6696393,NC
-0.1095447881488516,6696394,NC
-0.08454234663498221,6696395,NC
-0.07453990667901152,6696396,NC
-0.0795374682810023,6696397,NC
-0.06453503144101744,6696398,NC
-0.05953259615911971,6696399,NC
-0.03453016243537189,6696400,NC
-0.019527730269836674,6696401,NC
-0.019525299662576732,6696402,NC
-0.01452287061365469,6696403,NC
-0.02452044312313318,6696404,NC
-0.0295180171910747,6696405,NC
0.0004844071824581936,6696406,NC
-0.01951317000259696,6696407,NC
-0.04451074874630257,6696408,NC
-0.08450832904872105,6696409,NC
-0.09950591090991479,6696410,NC
-0.119503494329946,6696411,NC
-0.11450107930887704,6696412,NC
-0.13949866584677012,6696413,NC
-0.1744962539436874,6696414,NC
-0.20449384359969108,6696415,NC
-0.21949143481484326,6696416,NC
-0.22448902758920591,6696417,NC
-0.23948662192284123,6696418,NC
-0.2444842178158111,6696419,NC
-0.26448181526817754,6696420,NC
-0.28947941428000235,6696421,NC
-0.3094770148513475,6696422,NC
-0.2994746169822748,6696423,NC
-0.29447222067284595,6696424,NC
-0.3094698259231229,6696425,NC
-0.32946743273316714,6696426,NC
-0.3444650411030405,6696427,NC
-0.36446265103280445,6696428,NC
-0.3444602625225207,6696429,NC
-0.3294578755722508,6696430,NC
-0.3244554901820562,6696431,NC
-0.33445310635199843,6696432,NC
-0.3594507240821388,6696433,NC
-0.35444834337253883,6696434,NC
-0.34444596422325985,6696435,NC
-0.35444358663436304,6696436,NC
-0.36444121060590984,6696437,NC
-0.36943883613796136,6696438,NC
-0.38443646323057884,6696439,NC
-0.37943409188382343,6696440,NC
-0.35943172209775615,6696441,NC
-0.35942935387243813,6696442,NC
-0.33442698720793046,6696443,NC
-0.324424622104294,6696444,NC
-0.3444222585615898,6696445,NC
-0.3494198965798787,6696446,NC
-0.3394175361592216,6696447,NC
-0.3344151772996793,6696448,NC
-0.32941282000131256,6696449,NC
-0.3344104642641822,6696450,NC
-0.3444081100883489,6696451,NC
-0.34440575747387325,6696452,NC
-0.3394034064208159,6696453,NC
-0.3294010569292375,6696454,NC
-0.31939870899919853,6696455,NC
-0.31939636263075954,6696456,NC
-0.329394017823981,6696457,NC
-0.32439167457892326,6696458,NC
-0.31438933289564674,6696459,NC
-0.3043869927742118,6696460,NC
-0.30938465421467864,6696461,NC
-0.3093823172171077,6696462,NC
-0.3193799817815591,6696463,NC
-0.334377647908093,6696464,NC
-0.3293753155967696,6696465,NC
-0.31937298484764887,6696466,NC
-0.309370655660791,6696467,NC
-0.294368328036256,6696468,NC
-0.30936600197410385,6696469,NC
-0.30936367747439447,6696470,NC
-0.3043613545371877,6696471,NC
-0.29435903316254347,6696472,NC
-0.2943567133505216,6696473,NC
-0.30435439510118184,6696474,NC
-0.31935207841458396,6696475,NC
-0.3243497632907876,6696476,NC
-0.3293474497298524,6696477,NC
-0.3093451377318381,6696478,NC
-0.29934282729680417,6696479,NC
-0.29934051842481013,6696480,NC
-0.3193382111159156,6696481,NC
-0.32433590537018,6696482,NC
-0.3193336011876626,6696483,NC
-0.2943312985684229,6696484,NC
-0.30432899751252024,6696485,NC
-0.2943266980200139,6696486,NC
-0.29932440009096306,6696487,NC
-0.30432210372542706,6696488,NC
-0.294319808923465,6696489,NC
-0.29431751568513603,6696490,NC
-0.28931522401049925,6696491,NC
-0.2793129338996137,6696492,NC
-0.29431064535253837,6696493,NC
-0.29930835836933223,6696494,NC
-0.3043060729500543,6696495,NC
-0.2843037890947634,6696496,NC
-0.28430150680351834,6696497,NC
-0.28929922607637804,6696498,NC
-0.2992969469134012,6696499,NC
-0.30429466931464655,6696500,NC
-0.3092923932801728,6696501,NC
-0.3042901188100386,6696502,NC
-0.2892878459043025,6696503,NC
-0.2992855745630232,6696504,NC
-0.3092833047862591,6696505,NC
-0.3092810365740688,6696506,NC
-0.3092787699265106,6696507,NC
-0.30927650484364305,6696508,NC
-0.2842742413255244,6696509,NC
-0.2792719793722132,6696510,NC
-0.2942697189837674,6696511,NC
-0.2992674601602455,6696512,NC
-0.28926520290170565,6696513,NC
-0.269262947208206,6696514,NC
-0.26426069307980465,6696515,NC
-0.2642584405165597,6696516,NC
-0.26925618951852925,6696517,NC
-0.2592539400857712,6696518,NC
-0.25425169221834354,6696519,NC
-0.2392494459163043,6696520,NC
-0.22924720117971126,6696521,NC
-0.23424495800862227,6696522,NC
-0.2442427164030952,6696523,NC
-0.23924047636318774,6696524,NC
-0.2192382378889577,6696525,NC
-0.18923600098046262,6696526,NC
-0.17423376563776027,6696527,NC
-0.18423153186090818,6696528,NC
-0.18922929964996396,6696529,NC
-0.21422706900498512,6696530,NC
-0.1942248399260291,6696531,NC
-0.18922261241315336,6696532,NC
-0.20422038646641533,6696533,NC
-0.19421816208587234,6696534,NC
-0.22421593927158168,6696535,NC
-0.21921371802360073,6696536,NC
-0.2292114983419866,6696537,NC
-0.1942092802267966,6696538,NC
-0.2042070636780878,6696539,NC
-0.22920484869591734,6696540,NC
-0.24420263528034233,6696541,NC
-0.2492004234314198,6696542,NC
-0.2541982131492067,6696543,NC
-0.23919600443376005,6696544,NC
-0.23419379728513673,6696545,NC
-0.2491915917033936,6696546,NC
-0.2691893876885875,6696547,NC
-0.2641871852407753,6696548,NC
-0.24918498436001363,6696549,NC
-0.23418278504635925,6696550,NC
-0.24418058729986888,6696551,NC
-0.26417839112059915,6696552,NC
-0.28417619650860654,6696553,NC
-0.29917400346394774,6696554,NC
-0.28917181198667913,6696555,NC
-0.26916962207685735,6696556,NC
-0.2641674337345387,6696557,NC
-0.2741652469597796,6696558,NC
-0.2791630617526364,6696559,NC
-0.2891608781131654,6696560,NC
-0.28915869604142286,6696561,NC
-0.2891565155374651,6696562,NC
-0.26415433660134824,6696563,NC
-0.28415215923312837,6696564,NC
-0.29414998343286164,6696565,NC
-0.2941478092006042,6696566,NC
-0.279145636536412,6696567,NC
-0.274143465440341,6696568,NC
-0.2741412959124472,6696569,NC
-0.2791391279527865,6696570,NC
-0.28913696156141466,6696571,NC
-0.2791347967383877,6696572,NC
-0.26913263348376126,6696573,NC
-0.25913047179759113,6696574,NC
-0.254128311679933,6696575,NC
-0.25912615313084253,6696576,NC
-0.26412399615037535,6696577,NC
-0.27412184073858703,6696578,NC
-0.26411968689553317,6696579,NC
-0.24911753462126918,6696580,NC
-0.2641153839158506,6696581,NC
-0.2591132347793328,6696582,NC
-0.2591110872117712,6696583,NC
-0.26910894121322104,6696584,NC
-0.25910679678373777,6696585,NC
-0.25910465392337656,6696586,NC
-0.2341025126321926,6696587,NC
-0.25910037291024113,6696588,NC
-0.27409823475757733,6696589,NC
-0.2740960981742562,6696590,NC
-0.25909396316033273,6696591,NC
-0.23409182971586212,6696592,NC
-0.23408969784089928,6696593,NC
-0.21408756753549912,6696594,NC
-0.2290854387997165,6696595,NC
-0.21408331163360636,6696596,NC
-0.19408118603722344,6696597,NC
-0.16407906201062256,6696598,NC
-0.1290769395538584,6696599,NC
-0.08407481866698571,6696600,NC
-0.019072699350059133,6696601,NC
0.07092941839686674,6696602,NC
0.18093153457373734,6696603,NC
0.2659336491804981,6696604,NC
0.31593576221709463,6696605,NC
0.3259378736834724,6696606,NC
0.2959399835795769,6696607,NC
0.24594209190535396,6696608,NC
0.17594419866074915,6696609,NC
0.10594630384570818,6696610,NC
0.08594840746017682,6696611,NC
0.10095050950410087,6696612,NC
0.18095260997742613,6696613,NC
0.3109547088800985,6696614,NC
0.4709568062120639,6696615,NC
0.6259589019732683,6696616,NC
0.7159609961636577,6696617,NC
0.760963088783178,6696618,NC
0.7459651798317756,6696619,L
0.6609672693093961,6696620,NC
0.5659693572159862,6696621,NC
0.47097144355149173,6696622,NC
0.3609735283158591,6696623,NC
0.2559756115090346,6696624,NC
0.1459776931309644,6696625,NC
0.015979773181594985,6696626,NC
-0.10401814833912727,6696627,NC
-0.19901607143125594,6696628,NC
-0.29401399609484447,6696629,NC
-0.36401192232994645,6696630,NC
-0.4240098501366153,6696631,NC
-0.46900777951490435,6696632,NC
-0.45900571046486704,6696633,NC
-0.43900364298655653,6696634,NC
-0.4190015770800263,6696635,NC
-0.39899951274532947,6696636,NC
-0.3789974499825192,6696637,NC
-0.35399538879164877,6696638,NC
-0.3439933291727712,6696639,NC
-0.31899127112593956,6696640,NC
-0.2939892146512069,6696641,NC
-0.2989871597486263,6696642,NC
-0.31898510641825056,6696643,NC
-0.3239830546601327,6696644,NC
-0.31898100447432554,6696645,NC
-0.2989789558608819,6696646,NC
-0.2889769088198546,6696647,NC
-0.3039748633512964,6696648,NC
-0.28897281945526,6696649,NC
-0.30897077713179805,6696650,NC
-0.29896873638096316,6696651,NC
-0.2839666972028079,6696652,NC
-0.2839646595973849,6696653,NC
-0.27896262356474677,6696654,NC
-0.2639605891049457,6696655,NC
-0.2639585562180342,6696656,NC
-0.24395652490406475,6696657,NC
-0.23395449516308964,6696658,NC
-0.22895246699516117,6696659,NC
-0.24395044040033162,6696660,NC
-0.2439484153786532,6696661,NC
-0.2389463919301781,6696662,NC
-0.20894437005495847,6696663,NC
-0.19394234975304636,6696664,NC
-0.19394033102449387,6696665,NC
-0.20393831386935304,6696666,NC
-0.2089362982876758,6696667,NC
-0.21393428427951414,6696668,NC
-0.19893227184491988,6696669,NC
-0.16893026098394495,6696670,NC
-0.16392825169664113,6696671,NC
-0.15392624398306023,6696672,NC
-0.15892423784325396,6696673,NC
-0.163922233277274,6696674,NC
-0.14392023028517203,6696675,NC
-0.13391822886699972,6696676,NC
-0.10891622902280854,6696677,NC
-0.10391423075265004,6696678,NC
-0.10391223405657575,6696679,NC
-0.09391023893463711,6696680,NC
-0.09390824538688552,6696681,NC
-0.06890625341337239,6696682,NC
-0.058904263014149,6696683,NC
-0.03890227418926668,6696684,NC
-0.033900286938776635,6696685,NC
-0.03389830126273011,6696686,NC
-0.013896317161178257,6696687,NC
0.016105665365827804,6696688,NC
0.03110764631823696,6696689,NC
0.02110962569599819,6696690,NC
0.026111603499060478,6696691,NC
0.031113579727372866,6696692,NC
0.051115554380884415,6696693,NC
0.09611752745954426,6696694,NC
0.10611949896330153,6696695,NC
0.10112146889210546,6696696,NC
0.10112343724590526,6696697,NC
0.11612540402465023,6696698,NC
0.14612736922828967,6696699,NC
0.18112933285677293,6696700,NC
0.19613129491004946,6696701,NC
0.19113325538806866,6696702,NC
0.18613521429078,6696703,NC
0.19613717161813304,6696704,NC
0.21613912737007732,6696705,NC
0.24114108154656244,6696706,NC
0.26114303414753803,6696707,NC
0.2661449851729538,6696708,NC
0.24114693462275955,6696709,NC
0.22614888249690493,6696710,NC
0.21115082879533975,6696711,NC
0.2061527735180139,6696712,NC
0.21615471666487726,6696713,NC
0.18615665823587976,6696714,NC
0.15115859823097139,6696715,NC
0.1211605366501021,6696716,NC
0.106162473493222,6696717,NC
0.09116440876028113,6696718,NC
0.07616634245122966,6696719,NC
0.05616827456601775,6696720,NC
0.021170205104595607,6696721,NC
-0.01882786593308651,6696722,NC
-0.018825938547078314,6696723,NC
-0.02382401273742947,6696724,NC
-0.02882208850418959,6696725,NC
-0.05382016584740828,6696726,NC
-0.07881824476713506,6696727,NC
-0.08381632526341942,6696728,NC
-0.09381440733631088,6696729,NC
-0.08381249098585883,6696730,NC
-0.08381057621211266,6696731,NC
-0.0988086630151217,6696732,NC
-0.11380675139493521,6696733,NC
-0.11380484135160251,6696734,NC
-0.09880293288517283,6696735,NC
-0.0938010259956953,6696736,NC
-0.10379912068321909,6696737,NC
-0.11879721694779324,6696738,NC
-0.12379531478946688,6696739,NC
-0.133793414208289,6696740,NC
-0.11379151520430855,6696741,NC
-0.08878961777757449,6696742,NC
-0.08378772192813572,6696743,NC
-0.09878582765604108,6696744,NC
-0.12878393496133936,6696745,NC
-0.13378204384407938,6696746,NC
-0.11378015430430981,6696747,NC
-0.10877826634207943,6696748,NC
-0.09377637995743679,6696749,NC
-0.12377449515043056,6696750,NC
-0.12877261192110928,6696751,NC
-0.1487707302695215,6696752,NC
-0.13376885019571574,6696753,NC
-0.09876697169974036,6696754,NC
-0.09376509478164383,6696755,NC
-0.09376321944147448,6696756,NC
-0.12876134567928066,6696757,NC
-0.15375947349511063,6696758,NC
-0.14875760288901269,6696759,NC
-0.11875573386103495,6696760,NC
-0.10875386641122567,6696761,NC
-0.09875200053963289,6696762,NC
-0.11375013624630471,6696763,NC
-0.13374827353128924,6696764,NC
-0.1087464123946344,6696765,NC
-0.10874455283638816,6696766,NC
-0.08374269485659844,6696767,NC
-0.08874083845531314,6696768,NC
-0.11373898363258009,6696769,NC
-0.12373713038844708,6696770,NC
-0.11873527872296186,6696771,NC
-0.09373342863617215,6696772,NC
-0.09873158012812563,6696773,NC
-0.10372973319886991,6696774,NC
-0.1137278878484526,6696775,NC
-0.1287260440769213,6696776,NC
-0.10872420188432341,6696777,NC
-0.09872236127070648,6696778,NC
-0.09372052223611792,6696779,NC
-0.10371868478060514,6696780,NC
-0.11871684890421544,6696781,NC
-0.12371501460699617,6696782,NC
-0.12871318188899458,6696783,NC
-0.10371135075025792,6696784,NC
-0.09870952119083334,6696785,NC
-0.103707693210768,6696786,NC
-0.118705866810109,6696787,NC
-0.13870404198890343,6696788,NC
-0.12870221874719828,6696789,NC
-0.13370039708504053,6696790,NC
-0.11369857700247712,6696791,NC
-0.10869675849955501,6696792,NC
-0.128694941576321,6696793,NC
-0.13869312623282193,6696794,NC
-0.13869131246910454,6696795,NC
-0.1286895002852156,6696796,NC
-0.13368768968120187,6696797,NC
-0.14368588065710985,6696798,NC
-0.16368407321298634,6696799,NC
-0.15368226734887777,6696800,NC
-0.14368046306483073,6696801,NC
-0.12867866036089176,6696802,NC
-0.12367685923710722,6696803,NC
-0.1336750596935236,6696804,NC
-0.15867326173018723,6696805,NC
-0.16367146534714444,6696806,NC
-0.14866967054444152,6696807,NC
-0.14866787732212472,6696808,NC
-0.1336660856802403,6696809,NC
-0.12866429561883436,6696810,NC
-0.13866250713795306,6696811,NC
-0.15366072023764246,6696812,NC
-0.14365893491794862,6696813,NC
-0.1336571511789176,6696814,NC
-0.12365536902059528,6696815,NC
-0.1436535884430276,6696816,NC
-0.1586518094462605,6696817,NC
-0.15365003203033975,6696818,NC
-0.14364825619531119,6696819,NC
-0.12364648194122058,6696820,NC
-0.10364470926811363,6696821,NC
-0.10364293817603602,6696822,NC
-0.1086411686650334,6696823,NC
-0.10363940073515134,6696824,NC
-0.09363763438643541,6696825,NC
-0.09863586961893114,6696826,NC
-0.098634106432684,6696827,NC
-0.0886323448277394,6696828,NC
-0.08363058480414277,6696829,NC
-0.07862882636193948,6696830,NC
-0.06362706950117476,6696831,NC
-0.05362531422189396,6696832,NC
-0.043623560524142256,6696833,NC
-0.05862180840796488,6696834,NC
-0.09862005787340697,6696835,NC
-0.08861830892051362,6696836,NC
-0.08361656154932989,6696837,NC
-0.07861481575990087,6696838,NC
-0.06861307155227148,6696839,NC
-0.09861132892648666,6696840,NC
-0.10860958788259138,6696841,NC
-0.11860784842063044,6696842,NC
-0.11860611054064868,6696843,NC
-0.10360437424269092,6696844,NC
-0.09360263952680185,6696845,NC
-0.10860090639302622,6696846,NC
-0.11859917484140861,6696847,NC
-0.14859744487199372,6696848,NC
-0.16859571648482613,6696849,NC
-0.1535939896799503,6696850,NC
-0.13859226445741082,6696851,NC
-0.15359054081725207,6696852,NC
-0.1735888187595185,6696853,NC
-0.18858709828425452,6696854,NC
-0.2035853793915044,6696855,NC
-0.18858366208131244,6696856,NC
-0.17358194635372293,6696857,NC
-0.15858023220878006,6696858,NC
-0.16357851964652803,6696859,NC
-0.1685768086670109,6696860,NC
-0.16357509927027283,6696861,NC
-0.1785733914563578,6696862,NC
-0.1735716852253099,6696863,NC
-0.2035699805771731,6696864,NC
-0.22856827751199119,6696865,NC
-0.19856657602980823,6696866,NC
-0.17856487613066793,6696867,NC
-0.1685631778146142,6696868,NC
-0.17356148108169067,6696869,NC
-0.1785597859319412,6696870,NC
-0.18855809236540938,6696871,NC
-0.20855640038213893,6696872,NC
-0.18355470998217333,6696873,NC
-0.1985530211655563,6696874,NC
-0.1835513339323312,6696875,NC
-0.1935496482825416,6696876,NC
-0.20354796421623092,6696877,NC
-0.20354628173344255,6696878,NC
-0.19854460083421982,6696879,NC
-0.17854292151860607,6696880,NC
-0.1735412437866446,6696881,NC
-0.1785395676383786,6696882,NC
-0.17353789307385128,6696883,NC
-0.1885362200931058,6696884,NC
-0.17853454869618524,6696885,NC
-0.1835328788831327,6696886,NC
-0.17353121065399116,6696887,NC
-0.1685295440088037,6696888,NC
-0.17852787894761316,6696889,NC
-0.16852621547046254,6696890,NC
-0.13852455357739463,6696891,NC
-0.11352289326845227,6696892,NC
-0.09852123454367828,6696893,NC
-0.07351957740311539,6696894,NC
-0.05351792184680628,6696895,NC
0.02148373212520638,6696896,NC
0.09648538451287995,6696897,NC
0.20648703531617188,6696898,NC
0.30148868453503963,6696899,NC
0.38149033216944067,6696900,NC
0.40649197821933253,6696901,NC
0.4164936226846729,6696902,NC
0.4014952655654193,6696903,NC
0.3514969068615294,6696904,NC
0.291498546572961,6696905,NC
0.2215001846996717,6696906,NC
0.21150182124161937,6696907,NC
0.27150345619876187,6696908,NC
0.40150508957105707,6696909,NC
0.5465067213584628,6696910,NC
0.701508351560937,6696911,NC
0.8215099801784379,6696912,NC
0.9015116072109232,6696913,NC
0.9215132326583512,6696914,NC
0.9065148565206799,6696915,L
0.8315164787978675,6696916,NC
0.7615180994898723,6696917,NC
0.6665197185966523,6696918,NC
0.5765213361181659,6696919,NC
0.4715229520543715,6696920,NC
0.3665245664052274,6696921,NC
0.261526179170692,6696922,NC
0.1265277903507237,6696923,NC
-0.018470600054718997,6696924,NC
-0.15846899204567755,6696925,NC
-0.2734673856221934,6696926,NC
-0.32346578078430793,6696927,NC
-0.3584641775320625,6696928,NC
-0.37346257586549847,6696929,NC
-0.38346097578465704,6696930,NC
-0.3734593772895795,6696931,NC
-0.36845778038030697,6696932,NC
-0.33345618505688074,6696933,NC
-0.3034545913193417,6696934,NC
-0.27345299916773114,6696935,NC
-0.2834514086020899,6696936,NC
-0.28844981962245914,6696937,NC
-0.3134482322288797,6696938,NC
-0.2834466464213925,6696939,NC
-0.2684450622000384,6696940,NC
-0.26844347956485826,6696941,NC
-0.27344189851589285,6696942,NC
-0.26844031905318283,6696943,NC
-0.273438741176769,6696944,NC
-0.2834371648866919,6696945,NC
-0.2634355901829924,6696946,NC
-0.2584340170657108,6696947,NC
-0.27343244553488777,6696948,NC
-0.2884308755905638,6696949,NC
-0.28842930723277926,6696950,NC
-0.2834277404615747,6696951,NC
-0.25842617527699047,6696952,NC
-0.2534246116790668,6696953,NC
-0.2584230496678441,6696954,NC
-0.27342148924336246,6696955,NC
-0.27341993040566226,6696956,NC
-0.26841837315478356,6696957,NC
-0.25841681749076656,6696958,NC
-0.2534152634136513,6696959,NC
-0.2634137109234779,6696960,NC
-0.26841216002028623,6696961,NC
-0.2534106107041163,6696962,NC
-0.2434090629750081,6696963,NC
-0.21840751683300152,6696964,NC
-0.21340597227813635,6696965,NC
-0.21340442931045236,6696966,NC
-0.2284028879299893,6696967,NC
-0.23840134813678704,6696968,NC
-0.2233998099308851,6696969,NC
-0.20339827331232324,6696970,NC
-0.1933967382811409,6696971,NC
-0.18339520483737776,6696972,NC
-0.19339367298107332,6696973,NC
-0.188392142712267,6696974,NC
-0.17839061403099826,6696975,NC
-0.17338908693730654,6696976,NC
-0.15838756143123112,6696977,NC
-0.15838603751281133,6696978,NC
-0.14338451518208645,6696979,NC
-0.1533829944390957,6696980,NC
-0.1233814752838783,6696981,NC
-0.11337995771647333,6696982,NC
-0.09337844173691998,6696983,NC
-0.09837692734525723,6696984,NC
-0.10337541454152416,6696985,NC
-0.1133739033257597,6696986,NC
-0.07837239369800286,6696987,NC
-0.06337088565829249,6696988,NC
-0.05836937920666747,6696989,NC
-0.03836787434316661,6696990,NC
-0.03336637106782869,6696991,NC
-0.023364869380692467,6696992,NC
-0.018363369281796597,6696993,NC
0.0016381292288202356,6696994,NC
0.01663962615111942,6696995,NC
0.026641121485062376,6696996,NC
0.026642615230610588,6696997,NC
0.046644107387725564,6696998,NC
0.07164559795636885,6696999,NC
0.09164708693650203,6697000,NC
0.12164857432808673,6697001,NC
0.11665006013108464,6697002,NC
0.12665154434545747,6697003,NC
0.12665302697116695,6697004,NC
0.14165450800817492,6697005,NC
0.17665598745644318,6697006,NC
0.2016574653159336,6697007,NC
0.21665894158660812,6697008,NC
0.1966604162684287,6697009,NC
0.19166188936135733,6697010,NC
0.18666336086535604,6697011,NC
0.17666483078038694,6697012,NC
0.16666629910641215,6697013,NC
0.1416677658433938,6697014,NC
0.10666923099129413,6697015,NC
0.061670694550075365,6697016,NC
0.051672156519699794,6697017,NC
0.05667361690012976,6697018,NC
0.04167507569132761,6697019,NC
0.02667653289325577,6697020,NC
-0.0033220114941233253,6697021,NC
-0.013320557470847164,6697022,NC
-0.028319105036953236,6697023,NC
-0.03831765419247897,6697024,NC
-0.053316204937461725,6697025,NC
-0.08331475727193885,6697026,NC
-0.11331331119594767,6697027,NC
-0.11831186670952545,6697028,NC
-0.1183104238127094,6697029,NC
-0.0933089825055367,6697030,NC
-0.09830754278804449,6697031,NC
-0.11330610466026986,6697032,NC
-0.1433046681222499,6697033,NC
-0.1483032331740216,6697034,NC
-0.14830179981562194,6697035,NC
-0.1333003680470879,6697036,NC
-0.11829893786845627,6697037,NC
-0.138297509279764,6697038,NC
-0.15829608228104786,6697039,NC
-0.16829465687234463,6697040,NC
-0.14829323305369102,6697041,NC
-0.1382918108251238,6697042,NC
-0.1282903901866795,6697043,NC
-0.15328897113839482,6697044,NC
-0.15328755368030628,6697045,NC
-0.16828613781245044,6697046,NC
-0.15328472353486375,6697047,NC
-0.13828331084758266,6697048,NC
-0.1482818997506436,6697049,NC
-0.15328049024408288,6697050,NC
-0.15327908232793688,6697051,NC
-0.15827767600224185,6697052,NC
-0.13827627126703404,6697053,NC
-0.12327486812234961,6697054,NC
-0.12827346656822478,6697055,NC
-0.1532720666046956,6697056,NC
-0.1582706682317982,6697057,NC
-0.1682692714495686,6697058,NC
-0.13826787625804277,6697059,NC
-0.12826648265725668,6697060,NC
-0.11826509064724622,6697061,NC
-0.1332637002280473,6697062,NC
-0.1482623113996957,6697063,NC
-0.15326092416222725,6697064,NC
-0.1482595385156777,6697065,NC
-0.1332581544600827,6697066,NC
-0.12825677199547797,6697067,NC
-0.1432553911218991,6697068,NC
-0.1482540118393817,6697069,NC
-0.1532526341479613,6697070,NC
-0.1332512580476734,6697071,NC
-0.11324988353855345,6697072,NC
-0.10824851062063692,6697073,NC
-0.1132471392939591,6697074,NC
-0.1232457695585554,6697075,NC
-0.1332444014144611,6697076,NC
-0.11824303486171141,6697077,NC
-0.10824166990034162,6697078,NC
-0.10324030653038682,6697079,NC
-0.11823894475188221,6697080,NC
-0.12823758456486284,6697081,NC
-0.11823622596936378,6697082,NC
-0.10823486896542006,6697083,NC
-0.1032335135530666,6697084,NC
-0.10323215973233836,6697085,NC
-0.1432308075032702,6697086,NC
-0.163229456865897,6697087,NC
-0.1532281078202535,6697088,NC
-0.15822676036637456,6697089,NC
-0.1282254145042948,6697090,NC
-0.12322407023404897,6697091,NC
-0.1332227275556717,6697092,NC
-0.14822138646919755,6697093,NC
-0.16322004697466114,6697094,NC
-0.14821870907209692,6697095,NC
-0.1182173727615394,6697096,NC
-0.10821603804302304,6697097,NC
-0.12821470491658216,6697098,NC
-0.1532133733822512,6697099,NC
-0.1582120434400644,6697100,NC
-0.14321071509005606,6697101,NC
-0.1432093883322604,6697102,NC
-0.10820806316671168,6697103,NC
-0.13820673959344393,6697104,NC
-0.15820541761249132,6697105,NC
-0.1582040972238879,6697106,NC
-0.14820277842766771,6697107,NC
-0.13320146122386475,6697108,NC
-0.1132001456125129,6697109,NC
-0.12319883159364611,6697110,NC
-0.12819751916729824,6697111,NC
-0.14319620833350305,6697112,NC
-0.13319489909229443,6697113,NC
-0.13319359144370604,6697114,NC
-0.14319228538777154,6697115,NC
-0.14819098092452468,6697116,NC
-0.14818967805399902,6697117,NC
-0.15318837677622815,6697118,NC
-0.13318707709124558,6697119,NC
-0.1031857789990848,6697120,NC
-0.08818448249977928,6697121,NC
-0.10318318759336244,6697122,NC
-0.1331818942798676,6697123,NC
-0.16318060255932815,6697124,NC
-0.1631793124317773,6697125,NC
-0.13817802389724837,6697126,NC
-0.12317673695577452,6697127,NC
-0.13317545160738892,6697128,NC
-0.15317416785212468,6697129,NC
-0.15317288569001491,6697130,NC
-0.13817160512109267,6697131,NC
-0.10817032614539088,6697132,NC
-0.10316904876294253,6697133,NC
-0.10316777297378056,6697134,NC
-0.1131664987779378,6697135,NC
-0.10816522617544717,6697136,NC
-0.09316395516634138,6697137,NC
-0.07316268575065321,6697138,NC
-0.05816141792841535,6697139,NC
-0.07816015169966053,6697140,NC
-0.11315888706442129,6697141,NC
-0.10315762402273031,6697142,NC
-0.09315636257462007,6697143,NC
-0.0681551027201231,6697144,NC
-0.05315384445927186,6697145,NC
-0.043152587792098775,6697146,NC
-0.058151332718636234,6697147,NC
-0.05315007923891658,6697148,NC
-0.06814882735297209,6697149,NC
-0.07314757706083505,6697150,NC
-0.08314632836253766,6697151,NC
-0.07814508125811212,6697152,NC
-0.08814383574759052,6697153,NC
-0.09814259183100502,6697154,NC
-0.1031413495083876,6697155,NC
-0.10314010877977034,6697156,NC
-0.09313886964518517,6697157,NC
-0.11313763210466403,6697158,NC
-0.11813639615823882,6697159,NC
-0.1381351618059414,6697160,NC
-0.12813392904780352,6697161,NC
-0.11813269788385701,6697162,NC
-0.10813146831413359,6697163,NC
-0.10813024033866489,6697164,NC
-0.11312901395748257,6697165,NC
-0.11312778917061828,6697166,NC
-0.13312656597810357,6697167,NC
-0.1381253443799699,6697168,NC
-0.15312412437624878,6697169,NC
-0.1881229059669717,6697170,NC
-0.22812168915216996,6697171,NC
-0.24812047393187503,6697172,NC
-0.2481192603061181,6697173,NC
-0.23811804827493055,6697174,NC
-0.21311683783834356,6697175,NC
-0.19811562899638832,6697176,NC
-0.22311442174909596,6697177,NC
-0.24311321609649766,6697178,NC
-0.2231120120386244,6697179,NC
-0.21311080957550735,6697180,NC
-0.1981096087071773,6697181,NC
-0.20310840943366532,6697182,NC
-0.2031072117550023,6697183,NC
-0.2181060156712191,6697184,NC
-0.20810482118234647,6697185,NC
-0.19310362828841526,6697186,NC
-0.20310243698945624,6697187,NC
-0.21310124728550006,6697188,NC
-0.2231000591765773,6697189,NC
-0.23309887266271873,6697190,NC
-0.21809768774395488,6697191,NC
-0.19809650442031623,6697192,NC
-0.19809532269183328,6697193,NC
-0.20809414255853653,6697194,NC
-0.21309296402045635,6697195,NC
-0.2080917870776231,6697196,NC
-0.1880906117300671,6697197,NC
-0.1780894379778187,6697198,NC
-0.1730882658209081,6697199,NC
-0.19308709525936557,6697200,NC
-0.20308592629322117,6697201,NC
-0.22308475892250504,6697202,NC
-0.21308359314724737,6697203,NC
-0.18308242896747803,6697204,NC
-0.17308126638322716,6697205,NC
-0.16808010539452467,6697206,NC
-0.18307894600140046,6697207,NC
-0.22807778820388444,6697208,NC
-0.2430766320020064,6697209,NC
-0.2580754773957962,6697210,NC
-0.25307432438528354,6697211,NC
-0.24307317297049813,6697212,NC
-0.24307202315146964,6697213,NC
-0.22307087492822772,6697214,NC
-0.168069728300802,6697215,NC
-0.11806858326922191,6697216,NC
-0.08806743983351706,6697217,NC
-0.06306629799371687,6697218,NC
-0.02806515774985075,6697219,NC
0.02193598089805187,6697220,NC
0.07193711794996169,6697221,NC
0.1319382534058494,6697222,NC
0.17693938726568573,6697223,NC
0.20194051952944148,6697224,NC
0.20694165019708743,6697225,NC
0.18694277926859448,6697226,NC
0.13694390674393359,6697227,NC
0.06694503262307559,6697228,NC
-0.008053843094008459,6697229,NC
-0.06305272040734752,6697230,NC
-0.05805159931697056,6697231,NC
0.02194952017709354,6697232,NC
0.14695063807481595,6697233,NC
0.27195175437616786,6697234,NC
0.3969528690811205,6697235,NC
0.4769539821896451,6697236,NC
0.4969550937017131,6697237,NC
0.4819562036172957,6697238,L
0.4419573119363644,6697239,NC
0.38695841865889063,6697240,NC
0.30695952378484587,6697241,NC
0.18696062731420163,6697242,NC
0.07696172924692946,6697243,NC
-0.03303717041699901,6697244,NC
-0.12803607167761213,6697245,NC
-0.20803497453493827,6697246,NC
-0.2980338789890056,6697247,NC
-0.37303278503984244,6697248,NC
-0.43303169268747693,6697249,NC
-0.47803060193193725,6697250,NC
-0.5130295127732515,6697251,NC
-0.5130284252114476,6697252,NC
-0.49802733924655396,6697253,NC
-0.4730262548785982,6697254,NC
-0.4280251721076083,6697255,NC
-0.38802409093361234,6697256,NC
-0.36302301135663806,6697257,NC
-0.3330219333767133,6697258,NC
-0.30302085699386583,6697259,NC
-0.3180197822081234,6697260,NC
-0.30301870901951367,6697261,NC
-0.3180176374280643,6697262,NC
-0.303016567433803,6697263,NC
-0.2880154990367572,6697264,NC
-0.2730144322369546,6697265,NC
-0.2730133670344225,6697266,NC
-0.2730123034291885,6697267,NC
-0.2730112414212799,6697268,NC
-0.25801018101072415,6697269,NC
-0.24800912219754848,6697270,NC
-0.23300806498178026,6697271,NC
-0.2380070093634467,6697272,NC
-0.24800595534257502,6697273,NC
-0.24300490291919236,6697274,NC
-0.24300385209332584,6697275,NC
-0.24300280286500253,6697276,NC
-0.2380017552342495,6697277,NC
-0.24300070920109373,6697278,NC
-0.2529996647655622,6697279,NC
-0.2429986219276817,6697280,NC
-0.2029975806874793,6697281,NC
-0.17299654104498163,6697282,NC
-0.15299550300021564,6697283,NC
-0.14799446655320803,6697284,NC
-0.18799343170398547,6697285,NC
-0.20799239845257467,6697286,NC
-0.2129913667990022,6697287,NC
-0.16799033674329467,6697288,NC
-0.14798930828547865,6697289,NC
-0.15298828142558063,6697290,NC
-0.16298725616362708,6697291,NC
-0.1629862324996444,6697292,NC
-0.14298521043365894,6697293,NC
-0.1229841899656971,6697294,NC
-0.08798317109578513,6697295,NC
-0.09798215382394931,6697296,NC
-0.10298113815021585,6697297,NC
-0.11298012407461089,6697298,NC
-0.09797911159716062,6697299,NC
-0.0729781007178911,6697300,NC
-0.04297709143682833,6697301,NC
-0.0379760837539984,6697302,NC
-0.04797507766942722,6697303,NC
-0.032974073183140745,6697304,NC
-0.01797307029516485,6697305,NC
0.002027930994474632,6697306,NC
0.007028930685751882,6697307,NC
0.012029928778641147,6697308,NC
0.02203092527311671,6697309,NC
0.027031920169152887,6697310,NC
0.04203291346672405,6697311,NC
0.0720339051658046,6697312,NC
0.087034895266369,6697313,NC
0.11203588376839169,6697314,NC
0.09203687067184724,6697315,NC
0.08203785597671019,6697316,NC
0.12203883968295517,6697317,NC
0.14203982179055685,6697318,NC
0.15204080229948988,6697319,NC
0.15704178120972903,6697320,NC
0.15704275852124905,6697321,NC
0.15704373423402473,6697322,NC
0.15204470834803102,6697323,NC
0.19704568086324273,6697324,NC
0.20204665177963482,6697325,NC
0.2220476210971823,6697326,NC
0.22704858881586018,6697327,NC
0.2320495549356435,6697328,NC
0.24705051945650736,6697329,NC
0.26205148237842696,6697330,NC
0.27205244370137743,6697331,NC
0.25705340342533406,6697332,NC
0.2270543615502721,6697333,NC
0.21205531807616676,6697334,NC
0.2120562730029935,6697335,NC
0.21705722633072774,6697336,NC
0.23205817805934484,6697337,NC
0.20705912818882027,6697338,NC
0.1770600767191296,6697339,NC
0.14206102365024836,6697340,NC
0.11706196898215213,6697341,NC
0.08206291271481658,6697342,NC
0.062063854848217394,6697343,NC
0.04206479538233027,6697344,NC
0.007065734317130999,6697345,NC
-0.017933328347404638,6697346,NC
-0.027932392611300774,6697347,NC
-0.022931458474581556,6697348,NC
-0.032930525937271006,6697349,NC
-0.05292959499939319,6697350,NC
-0.08792866566097207,6697351,NC
-0.11792773792203162,6697352,NC
-0.09792681178259575,6697353,NC
-0.07792588724268831,6697354,NC
-0.08292496430233309,6697355,NC
-0.10292404296155395,6697356,NC
-0.11792312322037456,6697357,NC
-0.12792220507881866,6697358,NC
-0.1279212885369099,6697359,NC
-0.10792037359467191,6697360,NC
-0.10791946025212823,6697361,NC
-0.11791854850930242,6697362,NC
-0.11291763836621796,6697363,NC
-0.12291672982289835,6697364,NC
-0.11791582287936694,6697365,NC
-0.11791491753564715,6697366,NC
-0.1079140137917623,6697367,NC
-0.1429131116477356,6697368,NC
-0.1529122111035904,6697369,NC
-0.1629113121593499,6697370,NC
-0.1529104148150372,6697371,NC
-0.13790951907067545,6697372,NC
-0.10790862492628775,6697373,NC
-0.1129077323818971,6697374,NC
-0.12290684143752656,6697375,NC
-0.15290595209319904,6697376,NC
-0.15290506434893747,6697377,NC
-0.14790417820476473,6697378,NC
-0.1379032936607037,6697379,NC
-0.15290241071677704,6697380,NC
-0.15790152937300764,6697381,NC
-0.16790064962941814,6697382,NC
-0.16289977148603124,6697383,NC
-0.14789889494286956,6697384,NC
-0.13289801999995568,6697385,NC
-0.15289714665731213,6697386,NC
-0.16289627491496148,6697387,NC
-0.1628954047729261,6697388,NC
-0.15789453623122848,6697389,NC
-0.14289366928989097,6697390,NC
-0.13789280394893597,6697391,NC
-0.12289194020838567,6697392,NC
-0.1528910780682624,6697393,NC
-0.1628902175285884,6697394,NC
-0.14288935858938576,6697395,NC
-0.1278885012506767,6697396,NC
-0.11788764551248322,6697397,NC
-0.12788679137482747,6697398,NC
-0.14788593883773138,6697399,NC
-0.157885087901217,6697400,NC
-0.15788423856530617,6697401,NC
-0.14788339083002083,6697402,NC
-0.1378825446953828,6697403,NC
-0.13288170016141393,6697404,NC
-0.1628808572281359,6697405,NC
-0.1678800158955705,6697406,NC
-0.17787917616373938,6697407,NC
-0.1628783380326642,6697408,NC
-0.1428775015023665,6697409,NC
-0.16287666657286792,6697410,NC
-0.16787583324418995,6697411,NC
-0.172875001516354,6697412,NC
-0.1628741713893816,6697413,NC
-0.15287334286329404,6697414,NC
-0.15787251593811275,6697415,NC
-0.177871690613859,6697416,NC
-0.1978708668905541,6697417,NC
-0.1928700447682192,6697418,NC
-0.18786922424687552,6697419,NC
-0.17786840532654424,6697420,NC
-0.16286758800724643,6697421,NC
-0.17286677228900316,6697422,NC
-0.19286595817183544,6697423,NC
-0.18786514565576423,6697424,NC
-0.19786433474081053,6697425,NC
-0.19286352542699517,6697426,NC
-0.19286271771433905,6697427,NC
-0.21286191160286294,6697428,NC
-0.21786110709258766,6697429,NC
-0.22786030418353387,6697430,NC
-0.22285950287572232,6697431,NC
-0.2078587031691737,6697432,NC
-0.20285790506390852,6697433,NC
-0.1928571085599474,6697434,NC
-0.20785631365731086,6697435,NC
-0.21285552035601937,6697436,NC
-0.19785472865609338,6697437,NC
-0.2078539385575533,6697438,NC
-0.22285315006041942,6697439,NC
-0.24285236316471218,6697440,NC
-0.26285157787045177,6697441,NC
-0.25285079417765843,6697442,NC
-0.23785001208635242,6697443,NC
-0.19784923159655385,6697444,NC
-0.18784845270828282,6697445,NC
-0.1928476754215594,6697446,NC
-0.21784689973640364,6697447,NC
-0.23784612565283547,6697448,NC
-0.22284535317087492,6697449,NC
-0.20784458229054192,6697450,NC
-0.1878438130118562,6697451,NC
-0.19284304533483768,6697452,NC
-0.21284227925950616,6697453,NC
-0.20784151478588128,6697454,NC
-0.21284075191398283,6697455,NC
-0.1778399906438304,6697456,NC
-0.1628392309754437,6697457,NC
-0.15783847290884223,6697458,NC
-0.15783771644404554,6697459,NC
-0.17783696158107312,6697460,NC
-0.16783620831994445,6697461,NC
-0.1478354566606789,6697462,NC
-0.14283470660329586,6697463,NC
-0.13783395814781468,6697464,NC
-0.14283321129425458,6697465,NC
-0.1478324660426349,6697466,NC
-0.14283172239297476,6697467,NC
-0.12283098034529338,6697468,NC
-0.11783023989960983,6697469,NC
-0.12282950105594323,6697470,NC
-0.1478287638143126,6697471,NC
-0.15282802817473695,6697472,NC
-0.15782729413723523,6697473,NC
-0.15782656170182635,6697474,NC
-0.17782583086852916,6697475,NC
-0.18782510163736255,6697476,NC
-0.2028243740083453,6697477,NC
-0.2078236479814961,6697478,NC
-0.20782292355683374,6697479,NC
-0.1728222007343768,6697480,NC
-0.162821479514144,6697481,NC
-0.17282075989615384,6697482,NC
-0.18282004188042492,6697483,NC
-0.21781932546697574,6697484,NC
-0.22781861065582468,6697485,NC
-0.22281789744699027,6697486,NC
-0.22781718584049085,6697487,NC
-0.23281647583634474,6697488,NC
-0.23781576743457022,6697489,NC
-0.24281506063518563,6697490,NC
-0.2628143554382091,6697491,NC
-0.24781365184365878,6697492,NC
-0.2478129498515529,6697493,NC
-0.25781224946190945,6697494,NC
-0.24781155067474653,6697495,NC
-0.26281085349008215,6697496,NC
-0.26281015790793427,6697497,NC
-0.2278094639283208,6697498,NC
-0.21780877155125966,6697499,NC
-0.22280808077676859,6697500,NC
-0.2328073916048655,6697501,NC
-0.24780670403556815,6697502,NC
-0.2578060180688942,6697503,NC
-0.2478053337048613,6697504,NC
-0.24280465094348713,6697505,NC
-0.24780396978478933,6697506,NC
-0.2578032902287854,6697507,NC
-0.25780261227549284,6697508,NC
-0.24780193592492913,6697509,NC
-0.2378012611771117,6697510,NC
-0.22280058803205796,6697511,NC
-0.24279991648978527,6697512,NC
-0.2677992465503109,6697513,NC
-0.26779857821365205,6697514,NC
-0.26279791147982606,6697515,NC
-0.25779724634885004,6697516,NC
-0.22779658282074114,6697517,NC
-0.2377959208955165,6697518,NC
-0.2327952605731931,6697519,NC
-0.25279460185378805,6697520,NC
-0.25779394473731826,6697521,NC
-0.2527932892238006,6697522,NC
-0.26279263531325214,6697523,NC
-0.25779198300568956,6697524,NC
-0.25779133230112977,6697525,NC
-0.2527906831995895,6697526,NC
-0.2527900357010855,6697527,NC
-0.22278938980563437,6697528,NC
-0.22278874551325284,6697529,NC
-0.22278810282395753,6697530,NC
-0.24778746173776495,6697531,NC
-0.26778682225469164,6697532,NC
-0.22778618437475404,6697533,NC
-0.21278554809796868,6697534,NC
-0.21278491342435185,6697535,NC
-0.21778428035391995,6697536,NC
-0.22278364888668922,6697537,NC
-0.22278301902267608,6697538,NC
-0.1777823907618967,6697539,NC
-0.12778176410436723,6697540,NC
-0.08278113905010384,6697541,NC
-0.04278051559912265,6697542,NC
-0.02277989375143971,6697543,NC
0.007220726492928965,6697544,NC
0.01722134513396737,6697545,NC
0.02722196217165957,6697546,NC
0.01222257760598968,6697547,NC
-0.02277680856305818,6697548,NC
-0.10277619633549981,6697549,NC
-0.21777558571135103,6697550,NC
-0.3377749766906275,6697551,NC
-0.4527743692733449,6697552,NC
-0.552773763459519,6697553,NC
-0.5977731592491654,6697554,NC
-0.5877725566422995,6697555,NC
-0.502771955638937,6697556,NC
-0.35277135623909334,6697557,NC
-0.18777075844278396,6697558,NC
-0.017770162250024223,6697559,NC
0.12223043233917046,6697560,NC
0.20223102532478476,6697561,NC
0.24723161670680344,6697562,NC
0.2372322064852112,6697563,L
0.17723279465999292,6697564,NC
0.07223338123113336,6697565,NC
-0.04776603380138252,6697566,NC
-0.13276545043756985,6697567,NC
-0.21776486867744366,6697568,NC
-0.30276428852101883,6697569,NC
-0.3727637099683105,6697570,NC
-0.4227631330193334,6697571,NC
-0.4777625576741026,6697572,NC
-0.5027619839326326,6697573,NC
-0.5277614117949385,6697574,NC
-0.5127608412610349,6697575,NC
-0.49276027233093667,6697576,NC
-0.4777597050046582,6697577,NC
-0.45275913928221423,6697578,NC
-0.42775857516361937,6697579,NC
-0.39275801264888816,6697580,NC
-0.317757451738035,6697581,NC
-0.2627568924310745,6697582,NC
-0.2277563347280209,6697583,NC
-0.21775577862888873,6697584,NC
-0.21775522413369222,6697585,NC
-0.21775467124244569,6697586,NC
-0.20275411995516335,6697587,NC
-0.19775357027185947,6697588,NC
-0.17775302219254815,6697589,NC
-0.17275247571724356,6697590,NC
-0.1677519308459598,6697591,NC
-0.16275138757871085,6697592,NC
-0.15275084591551075,6697593,NC
-0.12775030585637343,6697594,NC
-0.09774976740131283,6697595,NC
-0.0977492305503428,6697596,NC
-0.09774869530347721,6697597,NC
-0.10774816166072983,6697598,NC
-0.1027476296221144,6697599,NC
-0.08274709918764464,6697600,NC
-0.06774657035733425,6697601,NC
-0.06774604313119681,6697602,NC
-0.10774551750924594,6697603,NC
-0.12274499349149513,6697604,NC
-0.12274447107795794,6697605,NC
-0.09774395026864784,6697606,NC
-0.0677434310635782,6697607,NC
-0.05274291346276244,6697608,NC
-0.07274239746621387,6697609,NC
-0.0977418830739458,6697610,NC
-0.1027413702859715,6697611,NC
-0.07774085910230413,6697612,NC
-0.04274034952295691,6697613,NC
-0.0027398415479429755,6697614,NC
0.042260664822724614,6697615,NC
0.07226116958903278,6697616,NC
0.08226167275096855,6697617,NC
0.10226217430851892,6697618,NC
0.117262674261671,6697619,NC
0.09726317261041187,6697620,NC
0.08726366935472873,6697621,NC
0.09726416449460876,6697622,NC
0.11726465803003919,6697623,NC
0.1422651499610073,6697624,NC
0.16226564028750046,6697625,NC
0.172266129009506,6697626,NC
0.16226661612701132,6697627,NC
0.15226710164000384,6697628,NC
0.17226758554847113,6697629,NC
0.20726806785240065,6697630,NC
0.23226854855178003,6697631,NC
0.2472690276465968,6697632,NC
0.2422695051368387,6697633,NC
0.25226998102249343,6697634,NC
0.25727045530354864,6697635,NC
0.27227092797999214,6697636,NC
0.29727139905181177,6697637,NC
0.3072718685189954,6697638,NC
0.29727233638153094,6697639,NC
0.2972728026394063,6697640,NC
0.3072732672926095,6697641,NC
0.3372737303411285,6697642,NC
0.3422741917849515,6697643,NC
0.3522746516240664,6697644,NC
0.3422751098584616,6697645,NC
0.33727556648812507,6697646,NC
0.34227602151304515,6697647,NC
0.36227647493321014,6697648,NC
0.3822769267486083,6697649,NC
0.40227737695922805,6697650,NC
0.41227782556505765,6697651,NC
0.3972782725660857,6697652,NC
0.40227871796230064,6697653,NC
0.39727916175369093,6697654,NC
0.41227960394024515,6697655,NC
0.40228004452195204,6697656,NC
0.37728048349880006,6697657,NC
0.36728092087077796,6697658,NC
0.35228135663787447,6697659,NC
0.3472817908000784,6697660,NC
0.3422822233573786,6697661,NC
0.3172826543097638,6697662,NC
0.287283083657223,6697663,NC
0.23728351139974505,6697664,NC
0.217283937537319,6697665,NC
0.19728436206993383,6697666,NC
0.1572847849975786,6697667,NC
0.13228520632024246,6697668,NC
0.09228562603791447,6697669,NC
0.05728604415058388,6697670,NC
0.037286460658239894,6697671,NC
0.032286875560871786,6697672,NC
0.02728728885846886,6697673,NC
-0.007712299448979547,6697674,NC
-0.037711889361484015,6697675,NC
-0.06771148087905512,6697676,NC
-0.07771107400170342,6697677,NC
-0.08771066872943935,6697678,NC
-0.08271026506227337,6697679,NC
-0.09270986300021591,6697680,NC
-0.10770946254327732,6697681,NC
-0.1077090636914679,6697682,NC
-0.12270866644479791,6697683,NC
-0.12270827080327765,6697684,NC
-0.11270787676691725,6697685,NC
-0.1177074843357269,6697686,NC
-0.13270709350971674,6697687,NC
-0.12770670428889674,6697688,NC
-0.12270631667327704,6697689,NC
-0.11270593066286758,6697690,NC
-0.0977055462576783,6697691,NC
-0.11270516345771911,6697692,NC
-0.13270478226299992,6697693,NC
-0.14270440267353043,6697694,NC
-0.14270402468932056,6697695,NC
-0.13270364831038,6697696,NC
-0.12270327353671844,6697697,NC
-0.12270290036834552,6697698,NC
-0.14770252880527088,6697699,NC
-0.1627021588475041,6697700,NC
-0.1527017904950547,6697701,NC
-0.1327014237479322,6697702,NC
-0.11770105860614598,6697703,NC
-0.12270069506970552,6697704,NC
-0.12770033313862017,6697705,NC
-0.13269997281289925,6697706,NC
-0.13269961409255202,6697707,NC
-0.10269925697758776,6697708,NC
-0.09269890146801565,6697709,NC
-0.09269854756384488,6697710,NC
-0.09769819526508455,6697711,NC
-0.10769784457174372,6697712,NC
-0.11269749548383146,6697713,NC
-0.11269714800135675,6697714,NC
-0.09769680212432855,6697715,NC
-0.09269645785275576,6697716,NC
-0.09269611518664726,6697717,NC
-0.10269577412601189,6697718,NC
-0.11769543467085841,6697719,NC
-0.11269509682119559,6697720,NC
-0.09269476057703215,6697721,NC
-0.1126944259383767,6697722,NC
-0.10769409290523795,6697723,NC
-0.12269376147762438,6697724,NC
-0.1126934316555446,6697725,NC
-0.09769310343900711,6697726,NC
-0.08269277682802031,6697727,NC
-0.09769245182259267,6697728,NC
-0.11269212842273255,6697729,NC
-0.12269180662844828,6697730,NC
-0.12769148643974818,6697731,NC
-0.10769116785664046,6697732,NC
-0.10769085087913333,6697733,NC
-0.12269053550723497,6697734,NC
-0.12269022174095351,6697735,NC
-0.14768990958029704,6697736,NC
-0.1376895990252736,6697737,NC
-0.1276892900758912,6697738,NC
-0.12268898273215777,6697739,NC
-0.11768867699408125,6697740,NC
-0.12768837286166954,6697741,NC
-0.13268807033493046,6697742,NC
-0.13768776941387179,6697743,NC
-0.1376874700985013,6697744,NC
-0.1276871723888267,6697745,NC
-0.13268687628485565,6697746,NC
-0.1226865817865958,6697747,NC
-0.12768628889405473,6697748,NC
-0.11768599760724,6697749,NC
-0.1076857079261591,6697750,NC
-0.11268541985081945,6697751,NC
-0.12268513338122858,6697752,NC
-0.15268484851739378,6697753,NC
-0.16268456525932246,6697754,NC
-0.16268428360702186,6697755,NC
-0.16268400356049925,6697756,NC
-0.14768372511976186,6697757,NC
-0.1576834482848169,6697758,NC
-0.1726831730556714,6697759,NC
-0.16768289943233258,6697760,NC
-0.1576826274148074,6697761,NC
-0.1376823570031029,6697762,NC
-0.12768208819722604,6697763,NC
-0.15268182099718375,6697764,NC
-0.1726815554029829,6697765,NC
-0.1876812914146304,6697766,NC
-0.177681029032133,6697767,NC
-0.16268076825549746,6697768,NC
-0.1526805090847305,6697769,NC
-0.15268025151983877,6697770,NC
-0.15767999556082898,6697771,NC
-0.16767974120770768,6697772,NC
-0.15767948846048144,6697773,NC
-0.13767923731915674,6697774,NC
-0.1326789877837401,6697775,NC
-0.1326787398542379,6697776,NC
-0.12267849353065656,6697777,NC
-0.12767824881300244,6697778,NC
-0.10767800570128183,6697779,NC
-0.10267776419550097,6697780,NC
-0.10767752429566611,6697781,NC
-0.10767728600178345,6697782,NC
-0.12767704931385906,6697783,NC
-0.13767681423189915,6697784,NC
-0.12267658075590965,6697785,NC
-0.10267634888589669,6697786,NC
-0.06767611862186616,6697787,NC
-0.05267588996382406,6697788,NC
-0.037675662911776236,6697789,NC
-0.03767543746572855,6697790,NC
-0.032675213625686816,6697791,NC
-0.03767499139165682,6697792,NC
-0.037674770763644255,6697793,NC
-0.05767455174165482,6697794,NC
-0.08267433432569415,6697795,NC
-0.09267411851576789,6697796,NC
-0.10267390431188156,6697797,NC
-0.09267369171404068,6697798,NC
-0.08267348072225073,6697799,NC
-0.11267327133651715,6697800,NC
-0.12267306355684536,6697801,NC
-0.14267285738324068,6697802,NC
-0.13767265281570845,6697803,NC
-0.1476724498542539,6697804,NC
-0.13767224849888235,6697805,NC
-0.13767204874959887,6697806,NC
-0.14767185060640867,6697807,NC
-0.16767165406931686,6697808,NC
-0.19267145913832848,6697809,NC
-0.18267126581344856,6697810,NC
-0.16767107409468213,6697811,NC
-0.17767088398203404,6697812,NC
-0.1926706954755093,6697813,NC
-0.19767050857511265,6697814,NC
-0.207670323280849,6697815,NC
-0.18767013959272305,6697816,NC
-0.1576699575107396,6697817,NC
-0.15266977703490325,6697818,NC
-0.14766959816521877,6697819,NC
-0.1576694209016907,6697820,NC
-0.16766924524432364,6697821,NC
-0.15266907119312206,6697822,NC
-0.14766889874809047,6697823,NC
-0.16766872790923337,6697824,NC
-0.1876685586765551,6697825,NC
-0.21266839105006005,6697826,NC
-0.1976682250297525,6697827,NC
-0.19766806061563677,6697828,NC
-0.19266789780771706,6697829,NC
-0.20766773660599763,6697830,NC
-0.2226675770104825,6697831,NC
-0.23266741902117594,6697832,NC
-0.23766726263808197,6697833,NC
-0.21766710786120463,6697834,NC
-0.1876669546905478,6697835,NC
-0.18266680312611555,6697836,NC
-0.19766665316791174,6697837,NC
-0.19266650481594025,6697838,NC
-0.18266635807020487,6697839,NC
-0.18266621293070942,6697840,NC
-0.1726660693974576,6697841,NC
-0.19266592747045316,6697842,NC
-0.21766578714969975,6697843,NC
-0.24766564843520092,6697844,NC
-0.2426655113269603,6697845,NC
-0.2276653758249814,6697846,NC
-0.21266524192926778,6697847,NC
-0.2076651096398228,6697848,NC
-0.19266497895664988,6697849,NC
-0.19766484987975244,6697850,NC
-0.17766472240913375,6697851,NC
-0.15266459654479714,6697852,NC
-0.15266447228674584,6697853,NC
-0.16766434963498306,6697854,NC
-0.17266422858951191,6697855,NC
-0.1826641091503356,6697856,NC
-0.1876639913174571,6697857,NC
-0.17766387509087953,6697858,NC
-0.14266376047060583,6697859,NC
-0.11266364745663901,6697860,NC
-0.09766353604898195,6697861,NC
-0.07266342624763751,6697862,NC
-0.03266331805260854,6697863,NC
0.012336788536102192,6697864,NC
0.042336893518491917,6697865,NC
0.012336996894557951,6697866,NC
-0.06266290133570239,6697867,NC
-0.14766280117229172,6697868,NC
-0.2376627026152126,6697869,NC
-0.32266260566446764,6697870,NC
-0.4426625103200592,6697871,NC
-0.5776624165819899,6697872,NC
-0.7076623244502621,6697873,NC
-0.777662233924878,6697874,L
-0.7926621450058402,6697875,NC
-0.737662057693151,6697876,NC
-0.6326619719868123,6697877,NC
-0.5126618878868267,6697878,NC
-0.3626618053931961,6697879,NC
-0.2176617245059228,6697880,NC
-0.09266164522500875,6697881,NC
0.012338432449543912,6697882,NC
0.06733850851773322,6697883,NC
0.05233858297955721,6697884,NC
0.00733865583501396,6697885,NC
-0.07266127291589841,6697886,NC
-0.14766120327318172,6697887,NC
-0.20266113523683776,6697888,NC
-0.2476610688068683,6697889,NC
-0.31766100398327507,6697890,NC
-0.39266094076605973,6697891,NC
-0.4376608791552239,6697892,NC
-0.4626608191507692,6697893,NC
-0.467660760752697,6697894,NC
-0.45266070396100905,6697895,NC
-0.4576606487757067,6697896,NC
-0.4626605951967914,6697897,NC
-0.4526605432242645,6697898,NC
-0.4126604928581273,6697899,NC
-0.3676604440983812,6697900,NC
-0.31266039694502745,6697901,NC
-0.25266035139806714,6697902,NC
-0.2126603074575016,6697903,NC
-0.20766026512333186,6697904,NC
-0.172660224395559,6697905,NC
-0.16266018527418416,6697906,NC
-0.13266014775920826,6697907,NC
-0.12266011185063233,6697908,NC
-0.13766007754845727,6697909,NC
-0.1476600448526839,6697910,NC
-0.1126600137633132,6697911,NC
-0.0776599842803459,6697912,NC
-0.05265995640378272,6697913,NC
-0.042659930133624416,6697914,NC
-0.05765990546987167,6697915,NC
-0.06265988241252511,6697916,NC
-0.05765986096158533,6697917,NC
-0.037659841117052895,6697918,NC
-0.027659822878928292,6697919,NC
-0.03265980624721201,6697920,NC
-0.04265979122190447,6697921,NC
-0.04265977780300606,6697922,NC
-0.0076597659905171395,6697923,NC
0.007340244215562022,6697924,NC
0.03234025281523114,6697925,NC
0.022340259808489978,6697926,NC
0.012340265195338367,6697927,NC
0.017340268975776188,6697928,NC
0.027340271149803308,6697929,NC
0.03734027171741971,6697930,NC
0.05734027067862535,6697931,NC
0.062340268033420264,6697932,NC
0.05734026378180452,6697933,NC
0.06734025792377822,6697934,NC
0.09734025045934153,6697935,NC
0.11734024138849464,6697936,NC
0.14234023071123778,6697937,NC
0.14734021842757122,6697938,NC
0.15234020453749528,6697939,NC
0.14734018904101032,6697940,NC
0.16234017193811673,6697941,NC
0.18734015322881498,6697942,NC
0.2073401329131055,6697943,NC
0.22234011099098885,6697944,NC
0.2173400874624656,6697945,NC
0.23234006232753637,6697946,NC
0.23734003558620173,6697947,NC
0.2673400072384624,6697948,NC
0.2973399772843192,6697949,NC
0.29233994572377286,6697950,NC
0.2823399125568241,6697951,NC
0.28233987778347386,6697952,NC
0.30233984140372305,6697953,NC
0.3373398034175726,6697954,NC
0.3723397638250234,6697955,NC
0.3923397226260765,6697956,NC
0.3973396798207331,6697957,NC
0.38733963540899413,6697958,NC
0.37733958939086076,6697959,NC
0.4173395417663343,6697960,NC
0.4423394925354159,6697961,NC
0.4623394416981068,6697962,NC
0.4523393892544083,6697963,NC
0.44233933520432184,6697964,NC
0.43733927954784874,6697965,NC
0.44733922228499046,6697966,NC
0.4623391634157485,6697967,NC
0.4623391029401243,6697968,NC
0.4373390408581195,6697969,NC
0.4273389771697356,6697970,NC
0.42233891187497435,6697971,NC
0.4323388449738374,6697972,NC
0.4573387764663265,6697973,NC
0.4473387063524433,6697974,NC
0.4223386346321897,6697975,NC
0.39233856130556755,6697976,NC
0.3473384863725787,6697977,NC
0.31233840983322514,6697978,NC
0.2523383316875088,6697979,NC
0.21233825193543165,6697980,NC
0.14733817057699586,6697981,NC
0.10233808761220342,6697982,NC
0.08733800304105652,6697983,NC
0.08733791686355732,6697984,NC
0.06733782907970806,6697985,NC
0.03233773968951099,6697986,NC
-0.017662351307031594,6697987,NC
-0.04766244390991734,6697988,NC
-0.06266253811914385,6697989,NC
-0.04766263393470873,6697990,NC
-0.037662731356609476,6697991,NC
-0.03766283038484359,6697992,NC
-0.05266293101940852,6697993,NC
-0.08266303326030167,6697994,NC
-0.09766313710752042,6697995,NC
-0.10266324256106207,6697996,NC
-0.0976633496209239,6697997,NC
-0.11766345828710319,6697998,NC
-0.1426635685595971,6697999,NC
-0.15266368043840284,6698000,NC
-0.16266379392351746,6698001,NC
-0.12266390901493808,6698002,NC
-0.09266402571266172,6698003,NC
-0.08266414401668537,6698004,NC
-0.08266426392700599,6698005,NC
-0.0976643854436205,6698006,NC
-0.09766450856652573,6698007,NC
-0.09266463329571853,6698008,NC
-0.0926647596311957,6698009,NC
-0.10266488757295399,6698010,NC
-0.09766501712099004,6698011,NC
-0.11266514827530058,6698012,NC
-0.11766528103588222,6698013,NC
-0.13266541540273152,6698014,NC
-0.10766555137584505,6698015,NC
-0.10766568895521926,6698016,NC
-0.10766582814085061,6698017,NC
-0.10766596893273554,6698018,NC
-0.09266611133087041,6698019,NC
-0.07766625533525157,6698020,NC
-0.08766640094587524,6698021,NC
-0.08766654816273775,6698022,NC
-0.0976666969858353,6698023,NC
-0.11266684741516399,6698024,NC
-0.10266699945072001,6698025,NC
-0.0876671530924994,6698026,NC
-0.07266730834049823,6698027,NC
-0.07266746519471248,6698028,NC
-0.07766762365513813,6698029,NC
-0.09266778372177105,6698030,NC
-0.09766794539460716,6698031,NC
-0.0776681086736423,6698032,NC
-0.0876682735588722,6698033,NC
-0.08266844005029268,6698034,NC
-0.10266860814789944,6698035,NC
-0.1126687778516881,6698036,NC
-0.10266894916165437,6698037,NC
-0.09266912207779374,6698038,NC
-0.07766929660010183,6698039,NC
-0.07766947272857408,6698040,NC
-0.08766965046320599,6698041,NC
-0.11766982980399296,6698042,NC
-0.11267001075093042,6698043,NC
-0.12767019330401366,6698044,NC
-0.11267037746323796,6698045,NC
-0.10267056322859863,6698046,NC
-0.09767075060009084,6698047,NC
-0.10767093957770979,6698048,NC
-0.10267113016145057,6698049,NC
-0.09267132235130829,6698050,NC
-0.07267151614727803,6698051,NC
-0.06767171154935475,6698052,NC
-0.07767190855753345,6698053,NC
-0.08767210717180901,6698054,NC
-0.09267230739217636,6698055,NC
-0.08767250921863029,6698056,NC
-0.09267271265116565,6698057,NC
-0.08267291768977716,6698058,NC
-0.10767312433445961,6698059,NC
-0.12267333258520755,6698060,NC
-0.1276735424420157,6698061,NC
-0.10767375390487866,6698062,NC
-0.10267396697379093,6698063,NC
-0.10267418164874705,6698064,NC
-0.10267439792974148,6698065,NC
-0.10767461581676865,6698066,NC
-0.11767483530982292,6698067,NC
-0.1026750564088987,6698068,NC
-0.09767527911399022,6698069,NC
-0.1026755034250918,6698070,NC
-0.1276757293421976,6698071,NC
-0.13767595686530185,6698072,NC
-0.12767618599439867,6698073,NC
-0.12767641672948216,6698074,NC
-0.10267664907054634,6698075,NC
-0.10267688301758526,6698076,NC
-0.11267711857059287,6698077,NC
-0.11767735572956314,6698078,NC
-0.11767759449448992,6698079,NC
-0.10267783486536708,6698080,NC
-0.0876780768421884,6698081,NC
-0.08767832042494765,6698082,NC
-0.07267856561363858,6698083,NC
-0.06767881240825485,6698084,NC
-0.0626790608087901,6698085,NC
-0.04267931081523794,6698086,NC
-0.03767956242759193,6698087,NC
-0.027679815645845554,6698088,NC
-0.027680070469992324,6698089,NC
-0.04268032690002566,6698090,NC
-0.03268058493593896,6698091,NC
-0.0026808445777255704,6698092,NC
0.012318894174621203,6698093,NC
0.012318631321108102,6698094,NC
0.007318366861741879,6698095,NC
-0.007681899203470649,6698096,NC
-0.022682166874522618,6698097,NC
-0.012682436151407121,6698098,NC
0.012317292965882756,6698099,NC
-0.002682979522645984,6698100,NC
-0.022683253616986337,6698101,NC
-0.047683529317131226,6698102,NC
-0.05768380662307354,6698103,NC
-0.06768408553480618,6698104,NC
-0.06268436605232189,6698105,NC
-0.06768464817561351,6698106,NC
-0.07768493190467371,6698107,NC
-0.0826852172394952,6698108,NC
-0.06768550418007066,6698109,NC
-0.05268579272639264,6698110,NC
-0.03768608287845375,6698111,NC
-0.04768637463624648,6698112,NC
-0.07268666799976335,6698113,NC
-0.12268696296899675,6698114,NC
-0.12768725954393914,6698115,NC
-0.1476875577245828,6698116,NC
-0.12268785751092015,6698117,NC
-0.1376881589029434,6698118,NC
-0.14268846190064474,6698119,NC
-0.16268876650401645,6698120,NC
-0.15768907271305063,6698121,NC
-0.13268938052773943,6698122,NC
-0.11268968994807485,6698123,NC
-0.10769000097404899,6698124,NC
-0.11769031360565377,6698125,NC
-0.14769062784288117,6698126,NC
-0.1426909436857231,6698127,NC
-0.12769126113417145,6698128,NC
-0.11769158018821796,6698129,NC
-0.13269190084785445,6698130,NC
-0.1626922231130727,6698131,NC
-0.15769254698386428,6698132,NC
-0.14769287246022098,6698133,NC
-0.13769319954213438,6698134,NC
-0.11769352822959597,6698135,NC
-0.12269385852259737,6698136,NC
-0.16269419042113006,6698137,NC
-0.17769452392518542,6698138,NC
-0.16269485903475495,6698139,NC
-0.12769519574982996,6698140,NC
-0.12269553407040176,6698141,NC
-0.11769587399646167,6698142,NC
-0.13769621552800093,6698143,NC
-0.1376965586650107,6698144,NC
-0.13769690340748217,6698145,NC
-0.12269724975540644,6698146,NC
-0.12269759770877459,6698147,NC
-0.12769794726757766,6698148,NC
-0.16769829843180667,6698149,NC
-0.17769865120145248,6698150,NC
-0.1776990055765061,6698151,NC
-0.14769936155695837,6698152,NC
-0.11769971914280009,6698153,NC
-0.11270007833402204,6698154,NC
-0.12770043913061502,6698155,NC
-0.1327008015325697,6698156,NC
-0.1327011655398767,6698157,NC
-0.12770153115252672,6698158,NC
-0.11270189837051027,6698159,NC
-0.09270226719381794,6698160,NC
-0.08270263762244018,6698161,NC
-0.0727030096563675,6698162,NC
-0.03770338329559025,6698163,NC
-0.0027037585400988204,6698164,NC
0.04729586461011643,6698165,NC
0.07229548615506522,6698166,NC
0.042295106094757326,6698167,NC
-0.02770527557079748,6698168,NC
-0.10770565884158936,6698169,NC
-0.19270604371760844,6698170,NC
-0.29770643019884474,6698171,NC
-0.42270681828528844,6698172,NC
-0.5727072079769294,6698173,NC
-0.7027075992737577,6698174,NC
-0.7577079921757631,6698175,L
-0.7527083866829356,6698176,NC
-0.672708782795265,6698177,NC
-0.5527091805127412,6698178,NC
-0.42770957983535374,6698179,NC
-0.29770998076309246,6698180,NC
-0.147710383295947,6698181,NC
-0.042710787433906994,6698182,NC
0.04228880682303797,6698183,NC
0.06728839947489834,6698184,NC
0.027287990521684638,6698185,NC
-0.07271242003659262,6698186,NC
-0.1727128321999228,6698187,NC
-0.2427132459682954,6698188,NC
-0.31771366134169965,6698189,NC
-0.3727140783201249,6698190,NC
-0.43271449690356034,6698191,NC
-0.4677149170919953,6698192,NC
-0.4827153388854189,6698193,NC
-0.4777157622838202,6698194,NC
-0.46771618728718833,6698195,NC
-0.4627166138955124,6698196,NC
-0.47771704210878135,6698197,NC
-0.4377174719269841,6698198,NC
-0.4027179033501097,6698199,NC
-0.337718336378147,6698200,NC
-0.28771877101108473,6698201,NC
-0.23771920724891185,6698202,NC
-0.19771964509161705,6698203,NC
-0.17272008453918897,6698204,NC
-0.1427205255916164,6698205,NC
-0.12772096824888796,6698206,NC
-0.11772141251099219,6698207,NC
-0.10772185837791767,6698208,NC
-0.11272230584965287,6698209,NC
-0.11772275492618635,6698210,NC
-0.09272320560750646,6698211,NC
-0.08272365789360162,6698212,NC
-0.057724111784460165,6698213,NC
-0.05272456728007041,6698214,NC
-0.08272502438042058,6698215,NC
-0.08772548308549895,6698216,NC
-0.07272594339529367,6698217,NC
-0.06272640530979288,6698218,NC
-0.017726868828984686,6698219,NC
-0.027727333952857133,6698220,NC
-0.032727800681398245,6698221,NC
-0.03772826901459599,6698222,NC
-0.027728738952438284,6698223,NC
-0.007729210494913062,6698224,NC
0.007270316357991871,6698225,NC
0.007269841606288685,6698226,NC
0.007269365249989633,6698227,NC
-0.0027311127108930397,6698228,NC
0.017268407723653012,6698229,NC
0.03726792655364012,6698230,NC
0.0672674437790807,6698231,NC
0.05226695939998719,6698232,NC
0.03726647341637208,6698233,NC
0.027265985828247866,6698234,NC
0.03726549663562714,6698235,NC
0.0622650058385225,6698236,NC
0.08726451343694659,6698237,NC
0.0872640194309121,6698238,NC
0.08226352382043176,6698239,NC
0.10226302660551834,6698240,NC
0.10726252778618464,6698241,NC
0.13726202736244353,6698242,NC
0.1572615253343079,6698243,NC
0.1522610217017907,6698244,NC
0.1522605164649049,6698245,NC
0.1572600096236635,6698246,NC
0.16725950117807958,6698247,NC
0.19225899112816625,6698248,NC
0.21725847947393662,6698249,NC
0.2322579662154039,6698250,NC
0.21225745135258128,6698251,NC
0.21725693488548212,6698252,NC
0.22725641681411962,6698253,NC
0.26725589713850717,6698254,NC
0.2972553758586582,6698255,NC
0.3022548529745861,6698256,NC
0.2872543284863044,6698257,NC
0.2972538023938265,6698258,NC
0.31225327469716607,6698259,NC
0.32725274539633664,6698260,NC
0.35225221449135186,6698261,NC
0.34725168198222545,6698262,NC
0.35225114786897105,6698263,NC
0.3522506121516025,6698264,NC
0.36225007483013366,6698265,NC
0.37724953590457827,6698266,NC
0.3922489953749502,6698267,NC
0.37724845324126344,6698268,NC
0.35724790950353197,6698269,NC
0.3372473641617698,6698270,NC
0.3522468172159909,6698271,NC
0.3622462686662094,6698272,NC
0.38724571851243955,6698273,NC
0.3722451667546954,6698274,NC
0.36724461339299114,6698275,NC
0.3372440584273412,6698276,NC
0.34724350185775965,6698277,NC
0.347242943684261,6698278,NC
0.3372423839068597,6698279,NC
0.3272418225255699,6698280,NC
0.2822412595404063,6698281,NC
0.22224069495138332,6698282,NC
0.20724012875851552,6698283,NC
0.20223956096181755,6698284,NC
0.19223899156130392,6698285,NC
0.1622384205569894,6698286,NC
0.12223784794888864,6698287,NC
0.06223727373701646,6698288,NC
0.03723669792138762,6698289,NC
0.032236120502016956,6698290,NC
0.03223554147891935,6698291,NC
0.022234960852109714,6698292,NC
-0.012765621378396957,6698293,NC
-0.027766205212585694,6698294,NC
-0.04776679065044145,6698295,NC
-0.06276737769194912,6698296,NC
-0.05776796633709357,6698297,NC
-0.07776855658585968,6698298,NC
-0.09776914843823219,6698299,NC
-0.11776974189419587,6698300,NC
-0.1277703369537354,6698301,NC
-0.12277093361683553,6698302,NC
-0.12777153188348078,6698303,NC
-0.14277213175365577,6698304,NC
-0.17277273322734507,6698305,NC
-0.1677733363045332,6698306,NC
-0.15777394098520453,6698307,NC
-0.12777454726934356,6698308,NC
-0.10277515515693464,6698309,NC
-0.09777576464796209,6698310,NC
-0.12777637574241021,6698311,NC
-0.14277698844026326,6698312,NC
-0.15277760274150548,6698313,NC
-0.132778218646121,6698314,NC
-0.14277883615409395,6698315,NC
-0.15777945526540843,6698316,NC
-0.1577800759800485,6698317,NC
-0.17278069829799814,6698318,NC
-0.19278132221924135,6698319,NC
-0.16278194774376203,6698320,NC
-0.12278257487154401,6698321,NC
-0.12778320360257123,6698322,NC
-0.1127838339368274,6698323,NC
-0.12278446587429634,6698324,NC
-0.13778509941496175,6698325,NC
-0.12778573455880726,6698326,NC
-0.11778637130581655,6698327,NC
-0.12278700965597322,6698328,NC
-0.15278764960926078,6698329,NC
-0.15278829116566278,6698330,NC
-0.14778893432516266,6698331,NC
-0.13778957908774386,6698332,NC
-0.13279022545338978,6698333,NC
-0.1427908734220837,6698334,NC
-0.137791522993809,6698335,NC
-0.1477921741685489,6698336,NC
-0.13279282694628666,6698337,NC
-0.13779348132700542,6698338,NC
-0.12779413731068828,6698339,NC
-0.13279479489731844,6698340,NC
-0.14279545408687883,6698341,NC
-0.1527961148793526,6698342,NC
-0.15279677727472263,6698343,NC
-0.12779744127297188,6698344,NC
-0.12279810687408321,6698345,NC
-0.11779877407803951,6698346,NC
-0.14279944288482357,6698347,NC
-0.16280011329441818,6698348,NC
-0.15280078530680602,6698349,NC
-0.13280145892196982,6698350,NC
-0.12280213413989216,6698351,NC
-0.1328028109605557,6698352,NC
-0.137803489383943,6698353,NC
-0.1528041694100365,6698354,NC
-0.16280485103881875,6698355,NC
-0.1278055342702722,6698356,NC
-0.11780621910437916,6698357,NC
-0.11780690554112207,6698358,NC
-0.13780759358048322,6698359,NC
-0.15780828322244483,6698360,NC
-0.17280897446698917,6698361,NC
-0.15280966731409845,6698362,NC
-0.15781036176375476,6698363,NC
-0.15781105781594024,6698364,NC
-0.16281175547063698,6698365,NC
-0.16281245472782693,6698366,NC
-0.15281315558749214,6698367,NC
-0.13781385804961452,6698368,NC
-0.12781456211417597,6698369,NC
-0.15281526778115834,6698370,NC
-0.1728159750505434,6698371,NC
-0.16781668392231308,6698372,NC
-0.16781739439644897,6698373,NC
-0.14281810647293278,6698374,NC
-0.13781882015174624,6698375,NC
-0.17781953543287085,6698376,NC
-0.18282025231628826,6698377,NC
-0.20782097080197998,6698378,NC
-0.20282169088992746,6698379,NC
-0.1778224125801122,6698380,NC
-0.15782313587251556,6698381,NC
-0.1428238607671189,6698382,NC
-0.17282458726390357,6698383,NC
-0.18282531536285085,6698384,NC
-0.18282604506394196,6698385,NC
-0.14282677636715807,6698386,NC
-0.13782750927248041,6698387,NC
-0.12282824377989002,6698388,NC
-0.11782897988936801,6698389,NC
-0.1278297176008954,6698390,NC
-0.13783045691445323,6698391,NC
-0.11783119783002234,6698392,NC
-0.09783194034758375,6698393,NC
-0.10283268446711825,6698394,NC
-0.0928334301886067,6698395,NC
-0.11783417751202988,6698396,NC
-0.09283492643736853,6698397,NC
-0.07283567696460336,6698398,NC
-0.06283642909371501,6698399,NC
-0.06783718282468412,6698400,NC
-0.06283793815749124,6698401,NC
-0.07283869509211693,6698402,NC
-0.0728394536285417,6698403,NC
-0.07784021376674596,6698404,NC
-0.08784097550671015,6698405,NC
-0.10784173884841466,6698406,NC
-0.11784250379183976,6698407,NC
-0.1278432703369658,6698408,NC
-0.15284403848377298,6698409,NC
-0.14284480823224155,6698410,NC
-0.13284557958235166,6698411,NC
-0.1278463525340834,6698412,NC
-0.13784712708741692,6698413,NC
-0.15784790324233217,6698414,NC
-0.17284868099880923,6698415,NC
-0.16784946035682805,6698416,NC
-0.1578502413163685,6698417,NC
-0.17285102387741044,6698418,NC
-0.1878518080399338,6698419,NC
-0.21285259380391833,6698420,NC
-0.20785338116934374,6698421,NC
-0.2078541701361898,6698422,NC
-0.18285496070443608,6698423,NC
-0.17785575287406233,6698424,NC
-0.17785654664504807,6698425,NC
-0.19785734201737293,6698426,NC
-0.19285813899101628,6698427,NC
-0.18785893756595767,6698428,NC
-0.20285973774217653,6698429,NC
-0.19786053951965216,6698430,NC
-0.207861342898364,6698431,NC
-0.21786214787829128,6698432,NC
-0.21286295445941328,6698433,NC
-0.2028637626417092,6698434,NC
-0.1778645724251582,6698435,NC
-0.2078653838097395,6698436,NC
-0.2378661967954321,6698437,NC
-0.2528670113822151,6698438,NC
-0.2678678275700675,6698439,NC
-0.25786864535896825,6698440,NC
-0.23286946474889628,6698441,NC
-0.21287028573983052,6698442,NC
-0.21787110833174977,6698443,NC
-0.23287193252463279,6698444,NC
-0.24287275831845842,6698445,NC
-0.22787358571320535,6698446,NC
-0.21287441470885232,6698447,NC
-0.20787524530537785,6698448,NC
-0.22787607750276057,6698449,NC
-0.24787691130097914,6698450,NC
-0.24287774670001194,6698451,NC
-0.23287858369983752,6698452,NC
-0.19787942230043432,6698453,NC
-0.19788026250178067,6698454,NC
-0.21288110430385498,6698455,NC
-0.21788194770663552,6698456,NC
-0.23788279271010054,6698457,NC
-0.21788363931422836,6698458,NC
-0.192884487518997,6698459,NC
-0.18788533732438475,6698460,NC
-0.17288618873036968,6698461,NC
-0.17288704173692981,6698462,NC
-0.1528878963440432,6698463,NC
-0.1378887525516878,6698464,NC
-0.11288961035984155,6698465,NC
-0.09789046976848237,6698466,NC
-0.07289133077758808,6698467,NC
-0.05789219338713652,6698468,NC
-0.017893057597105452,6698469,NC
0.027106076592527388,6698470,NC
0.047105209181784326,6698471,NC
0.017104340170687696,6698472,NC
-0.032896530440740104,6698473,NC
-0.11789740265247663,6698474,NC
-0.20789827646449943,6698475,NC
-0.29289915187678595,6698476,NC
-0.35790002888931366,6698477,NC
-0.36290090750205994,6698478,NC
-0.2979017877150022,6698479,NC
-0.1929026695281177,6698480,NC
-0.04290355294138373,6698481,NC
0.10209556204522245,6698482,NC
0.21709467543172367,6698483,NC
0.27209378721814276,6698484,NC
0.2820928974045026,6698485,NC
0.26709200599082616,6698486,L
0.2270911129771364,6698487,NC
0.1520902183634563,6698488,NC
0.06708932214980891,6698489,NC
-0.027911575663782648,6698490,NC
-0.13291247507729526,6698491,NC
-0.2329133760907057,6698492,NC
-0.3379142787039908,6698493,NC
-0.4129151829171273,6698494,NC
-0.46791608873009194,6698495,NC
-0.5129169961428612,6698496,NC
-0.5479179051554119,6698497,NC
-0.5729188157677205,6698498,NC
-0.5729197279797636,6698499,NC
-0.5379206417915178,6698500,NC
-0.5029215572029592,6698501,NC
-0.47292247421406464,6698502,NC
-0.4329233928248101,6698503,NC
-0.39792431303517223,6698504,NC
-0.3579252348451271,6698505,NC
-0.3379261582546511,6698506,NC
-0.2979270832637203,6698507,NC
-0.29292800987231093,6698508,NC
-0.3229289380803992,6698509,NC
-0.3229298678879611,6698510,NC
-0.3179307992949726,6698511,NC
-0.3129317323014098,6698512,NC
-0.2929326669072487,6698513,NC
-0.2929336031124651,6698514,NC
-0.3079345409170349,6698515,NC
-0.33293548032093406,6698516,NC
-0.3279364213241382,6698517,NC
-0.31793736392662314,6698518,NC
-0.30793830812836465,6698519,NC
-0.3179392539293383,6698520,NC
-0.32794020132951984,6698521,NC
-0.3479411503288847,6698522,NC
-0.3479421009274085,6698523,NC
-0.3229430531250669,6698524,NC
-0.31294400692183505,6698525,NC
-0.32294496231768866,6698526,NC
-0.3329459193126029,6698527,NC
-0.33794687790655326,6698528,NC
-0.32794783809951494,6698529,NC
-0.32794879989146325,6698530,NC
-0.3429497632823734,6698531,NC
-0.3579507282722205,6698532,NC
-0.3579516948609798,6698533,NC
-0.35795266304862633,6698534,NC
-0.35295363283513514,6698535,NC
-0.3279546042204813,6698536,NC
-0.3079555772046396,6698537,NC
-0.32295655178758514,6698538,NC
-0.3229575279692928,6698539,NC
-0.3329585057497374,6698540,NC
-0.32795948512889367,6698541,NC
-0.3079604661067364,6698542,NC
-0.28296144868324036,6698543,NC
-0.28796243285838025,6698544,NC
-0.29796341863213066,6698545,NC
-0.31796440600446624,6698546,NC
-0.30796539497536146,6698547,NC
-0.2679663855447909,6698548,NC
-0.252967377712729,6698549,NC
-0.24796837147915018,6698550,NC
-0.23796936684402892,6698551,NC
-0.2529703638073395,6698552,NC
-0.24297136236905623,6698553,NC
-0.22297236252915337,6698554,NC
-0.20297336428760523,6698555,NC
-0.20797436764438593,6698556,NC
-0.19297537259946956,6698557,NC
-0.19797637915283034,6698558,NC
-0.19797738730444225,6698559,NC
-0.15797839705427935,6698560,NC
-0.13297940840231562,6698561,NC
-0.12798042134852497,6698562,NC
-0.13798143589288134,6698563,NC
-0.16298245203535855,6698564,NC
-0.15298346977593041,6698565,NC
-0.1429844891145707,6698566,NC
-0.11798551005125321,6698567,NC
-0.11298653258595157,6698568,NC
-0.1329875567186395,6698569,NC
-0.12298858244929048,6698570,NC
-0.1179896097778782,6698571,NC
-0.10299063870437615,6698572,NC
-0.08299166922875778,6698573,NC
-0.0879927013509966,6698574,NC
-0.09799373507106596,6698575,NC
-0.11799477038893924,6698576,NC
-0.1379958073045898,6698577,NC
-0.13799684581799085,6698578,NC
-0.15299788592911567,6698579,NC
-0.17299892763793745,6698580,NC
-0.20799997094442937,6698581,NC
-0.24300101584856448,6698582,NC
-0.268002062350316,6698583,NC
-0.2830031104496567,6698584,NC
-0.29800416014655984,6698585,NC
-0.32300521144099825,6698586,NC
-0.36800626433294487,6698587,NC
-0.39300731882237255,6698588,NC
-0.4230083749092541,6698589,NC
-0.43300943259356234,6698590,NC
-0.45801049187527,6698591,NC
-0.4580115527543498,6698592,NC
-0.4780126152307744,6698593,NC
-0.4980136793045164,6698594,NC
-0.5030147449755482,6698595,NC
-0.48801581224384283,6698596,NC
-0.4880168811093724,6698597,NC
-0.4930179515721094,6698598,NC
-0.5230190236320262,6698599,NC
-0.5430200972890955,6698600,NC
-0.5480211725432893,6698601,NC
-0.53302224939458,6698602,NC
-0.5230233278429398,6698603,NC
-0.538024407888341,6698604,NC
-0.5480254895307559,6698605,NC
-0.5730265727701563,6698606,NC
-0.5680276576065145,6698607,NC
-0.5530287440398024,6698608,NC
-0.5430298320699922,6698609,NC
-0.5480309216970557,6698610,NC
-0.5630320129209649,6698611,NC
-0.5830331057416918,6698612,NC
-0.5780342001592079,6698613,NC
-0.5630352961734852,6698614,NC
-0.5430363937844955,6698615,NC
-0.5430374929922106,6698616,NC
-0.5430385937966019,6698617,NC
-0.5780396961976413,6698618,NC
-0.5730408001953001,6698619,NC
-0.5430419057895502,6698620,NC
-0.5480430129803628,6698621,NC
-0.5480441217677097,6698622,NC
-0.553045232151562,6698623,NC
-0.5630463441318913,6698624,NC
-0.5580474577086688,6698625,NC
-0.5480485728818659,6698626,NC
-0.5530496896514538,6698627,NC
-0.5680508080174038,6698628,NC
-0.5730519279796871,6698629,NC
-0.5830530495382747,6698630,NC
-0.5680541726931378,6698631,NC
-0.5530552974442474,6698632,NC
-0.5480564237915747,6698633,NC
-0.5580575517350904,6698634,NC
-0.5780586812747657,6698635,NC
-0.5930598124105713,6698636,NC
-0.583060945142478,6698637,NC
-0.5730620794704568,6698638,NC
-0.5430632153944783,6698639,NC
-0.5480643529145135,6698640,NC
-0.5580654920305328,6698641,NC
-0.578066632742507,6698642,NC
-0.5730677750504067,6698643,NC
-0.5680689189542024,6698644,NC
-0.5530700644538646,6698645,NC
-0.5530712115493639,6698646,NC
-0.5730723602406707,6698647,NC
-0.5730735105277553,6698648,NC
-0.5630746624105882,6698649,NC
-0.5480758158891396,6698650,NC
-0.5430769709633798,6698651,NC
-0.5480781276332791,6698652,NC
-0.5780792858988077,6698653,NC
-0.6080804457599358,6698654,NC
-0.6080816072166333,6698655,NC
-0.5930827702688704,6698656,NC
-0.5830839349166171,6698657,NC
-0.5680851011598435,6698658,NC
-0.5780862689985193,6698659,NC
-0.5980874384326148,6698660,NC
-0.6030886094620995,6698661,NC
-0.5830897820869434,6698662,NC
-0.5830909563071162,6698663,NC
-0.5680921321225877,6698664,NC
-0.5780933095333276,6698665,NC
-0.6030944885393055,6698666,NC
-0.6130956691404911,6698667,NC
-0.593096851336854,6698668,NC
-0.5830980351283636,6698669,NC
-0.5680992205149894,6698670,NC
-0.5881004074967011,6698671,NC
-0.6081015960734678,6698672,NC
-0.6081027862452592,6698673,NC
-0.5881039780120443,6698674,NC
-0.5781051713737925,6698675,NC
-0.5731063663304732,6698676,NC
-0.5681075628820553,6698677,NC
-0.5831087610285084,6698678,NC
-0.5881099607698013,6698679,NC
-0.5631111621059031,6698680,NC
-0.568112365036783,6698681,NC
-0.5581135695624099,6698682,NC
-0.5531147756827527,6698683,NC
-0.5681159833977805,6698684,NC
-0.563117192707462,6698685,NC
-0.5381184036117661,6698686,NC
-0.5181196161106616,6698687,NC
-0.5081208302041174,6698688,NC
-0.518122045892102,6698689,NC
-0.5331232631745841,6698690,NC
-0.5381244820515325,6698691,NC
-0.5381257025229156,6698692,NC
-0.523126924588702,6698693,NC
-0.5331281482488603,6698694,NC
-0.548129373503359,6698695,NC
-0.5681306003521663,6698696,NC
-0.5781318287952508,6698697,NC
-0.5581330588325807,6698698,NC
-0.5581342904641243,6698699,NC
-0.5731355236898501,6698700,NC
-0.5681367585097261,6698701,NC
-0.5831379949237205,6698702,NC
-0.6031392329318015,6698703,NC
-0.5831404725339371,6698704,NC
-0.5831417137300955,6698705,NC
-0.5781429565202446,6698706,NC
-0.6081442009043525,6698707,NC
-0.618145446882387,6698708,NC
-0.6331466944543159,6698709,NC
-0.6131479436201075,6698710,NC
-0.6031491943797291,6698711,NC
-0.6181504467331488,6698712,NC
-0.6481517006803341,6698713,NC
-0.6581529562212529,6698714,NC
-0.6631542133558727,6698715,NC
-0.6481554720841611,6698716,NC
-0.6281567324060857,6698717,NC
-0.6231579943216142,6698718,NC
-0.6231592578307139,6698719,NC
-0.648160522933352,6698720,NC
-0.6481617896294964,6698721,NC
-0.6481630579191142,6698722,NC
-0.6131643278021728,6698723,NC
-0.6381655992786391,6698724,NC
-0.6431668723484809,6698725,NC
-0.6581681470116652,6698726,NC
-0.658169423268159,6698727,NC
-0.6481707011179295,6698728,NC
-0.6431719805609438,6698729,NC
-0.663173261597169,6698730,NC
-0.6431745442265719,6698731,NC
-0.6581758284491197,6698732,NC
-0.663177114264779,6698733,NC
-0.6631784016735169,6698734,NC
-0.6581796906753001,6698735,NC
-0.6481809812700956,6698736,NC
-0.6531822734578698,6698737,NC
-0.6581835672385897,6698738,NC
-0.6481848626122217,6698739,NC
-0.6281861595787327,6698740,NC
-0.6131874581380893,6698741,NC
-0.6281887582902576,6698742,NC
-0.6431900600352045,6698743,NC
-0.6581913633728963,6698744,NC
-0.6531926683032995,6698745,NC
-0.6281939748263804,6698746,NC
-0.6031952829421054,6698747,NC
-0.6081965926504407,6698748,NC
-0.6181979039513527,6698749,NC
-0.6481992168448073,6698750,NC
-0.6382005313307709,6698751,NC
-0.6232018474092099,6698752,NC
-0.5932031650800899,6698753,NC
-0.5882044843433771,6698754,NC
-0.6032058051990377,6698755,NC
-0.5832071276470373,6698756,NC
-0.5482084516873421,6698757,NC
-0.5082097773199179,6698758,NC
-0.4582111045447307,6698759,NC
-0.40321243336174606,6698760,NC
-0.35321376377092983,6698761,NC
-0.3082150957722477,6698762,NC
-0.25321642936566546,6698763,NC
-0.2182177645511486,6698764,NC
-0.20321910132866278,6698765,NC
-0.22822043969817352,6698766,NC
-0.31822177965964643,6698767,NC
-0.4082231212130468,6698768,NC
-0.5132244643583402,6698769,NC
-0.5982258090954922,6698770,NC
-0.6232271554244678,6698771,NC
-0.5882285033452324,6698772,NC
-0.5382298528577513,6698773,NC
-0.4482312039619898,6698774,NC
-0.353232556657913,6698775,NC
-0.24823391094548608,6698776,NC
-0.1532352668246741,6698777,NC
-0.09323662429544219,6698778,NC
-0.08823798335775529,6698779,NC
-0.11823934401157844,6698780,L
-0.17824070625687655,6698781,NC
-0.25324207009361455,6698782,NC
-0.3332434355217573,6698783,NC
-0.41824480254126944,6698784,NC
-0.49824617115211606,6698785,NC
-0.5782475413542616,6698786,NC
-0.6332489131476708,6698787,NC
-0.6732502865323087,6698788,NC
-0.7182516615081393,6698789,NC
-0.7532530380751276,6698790,NC
-0.803254416233238,6698791,NC
-0.8382557959824349,6698792,NC
-0.8382571773226829,6698793,NC
-0.8332585602539463,6698794,NC
-0.8032599447761894,6698795,NC
-0.7882613308893768,6698796,NC
-0.7632627185934724,6698797,NC
-0.7482641078884409,6698798,NC
-0.703265498774246,6698799,NC
-0.6882668912508522,6698800,NC
-0.6482682853182234,6698801,NC
-0.643269680976324,6698802,NC
-0.6532710782251177,6698803,NC
-0.6482724770645687,6698804,NC
-0.6382738774946408,6698805,NC
-0.6132752795152981,6698806,NC
-0.6032766831265043,6698807,NC
-0.6082780883282233,6698808,NC
-0.6132794951204189,6698809,NC
-0.6282809035030547,6698810,NC
-0.6232823134760948,6698811,NC
-0.6132837250395025,6698812,NC
-0.5882851381932414,6698813,NC
-0.5932865529372753,6698814,NC
-0.5882879692715677,6698815,NC
-0.6082893871960822,6698816,NC
-0.5932908067107819,6698817,NC
-0.5782922278156305,6698818,NC
-0.5632936505105914,6698819,NC
-0.5532950747956279,6698820,NC
-0.5682965006707033,6698821,NC
-0.5682979281357807,6698822,NC
-0.5732993571908235,6698823,NC
-0.5533007878357948,6698824,NC
-0.5433022200706578,6698825,NC
-0.5283036538953756,6698826,NC
-0.5433050893099111,6698827,NC
-0.5483065263142275,6698828,NC
-0.5283079649082876,6698829,NC
-0.5133094050920544,6698830,NC
-0.493310846865491,6698831,NC
-0.48331229022855987,6698832,NC
-0.47831373518122405,6698833,NC
-0.49831518172344624,6698834,NC
-0.4833166298551892,6698835,NC
-0.4433180795764155,6698836,NC
-0.40831953088708794,6698837,NC
-0.4083209837871691,6698838,NC
-0.40332243827662145,6698839,NC
-0.4033238943554076,6698840,NC
-0.39332535202348995,6698841,NC
-0.37332681128083095,6698842,NC
-0.34832827212739303,6698843,NC
-0.3483297345631386,6698844,NC
-0.34833119858802986,6698845,NC
-0.3383326642020292,6698846,NC
-0.32833413140509876,6698847,NC
-0.30833560019720074,6698848,NC
-0.2683370705782973,6698849,NC
-0.26833854254835066,6698850,NC
-0.2633400161073227,6698851,NC
-0.2633414912551756,6698852,NC
-0.23334296799187124,6698853,NC
-0.2083444463173717,6698854,NC
-0.19334592623163874,6698855,NC
-0.17834740773463428,6698856,NC
-0.1833488908263202,6698857,NC
-0.16835037550665824,6698858,NC
-0.16335186177561012,6698859,NC
-0.12335334963313757,6698860,NC
-0.09335483907920222,6698861,NC
-0.09335633011376573,6698862,NC
-0.09835782273678967,6698863,NC
-0.10335931694823555,6698864,NC
-0.08336081274806487,6698865,NC
-0.06336231013623912,6698866,NC
-0.04336380911271969,6698867,NC
-0.05336530967746796,6698868,NC
-0.053366811830445254,6698869,NC
-0.043368315571612866,6698870,NC
-0.05336982090093206,6698871,NC
-0.05337132781836403,6698872,NC
-0.048372836323869954,6698873,NC
-0.06337434641741096,6698874,NC
-0.08337585809894812,6698875,NC
-0.10337737136844252,6698876,NC
-0.11837888622585511,6698877,NC
-0.1433804026711469,6698878,NC
-0.1433819207042788,6698879,NC
-0.1733834403252117,6698880,NC
-0.2333849615339064,6698881,NC
-0.24338648433032373,6698882,NC
-0.2733880087144245,6698883,NC
-0.28838953468616935,6698884,NC
-0.308391062245519,6698885,NC
-0.33839259139243405,6698886,NC
-0.34339412212687515,6698887,NC
-0.3733956544488028,6698888,NC
-0.3883971883581776,6698889,NC
-0.3833987238549599,6698890,NC
-0.38840026093911023,6698891,NC
-0.38840179961058896,6698892,NC
-0.4084033398693564,6698893,NC
-0.4184048817153729,6698894,NC
-0.4134064251485987,6698895,NC
-0.4134079701689941,6698896,NC
-0.40340951677651926,6698897,NC
-0.41841106497113423,6698898,NC
-0.42341261475279923,6698899,NC
-0.43341416612147426,6698900,NC
-0.4334157190771194,6698901,NC
-0.42341727361969456,6698902,NC
-0.4084188297491597,6698903,NC
-0.4234203874654748,6698904,NC
-0.44342194676859964,6698905,NC
-0.4484235076584941,6698906,NC
-0.43342507013511783,6698907,NC
-0.42842663419843074,6698908,NC
-0.41342819984839235,6698909,NC
-0.4234297670849625,6698910,NC
-0.41843133590810067,6698911,NC
-0.42343290631776653,6698912,NC
-0.4234344783139195,6698913,NC
-0.40843605189651916,6698914,NC
-0.3834376270655249,6698915,NC
-0.39343920382089625,6698916,NC
-0.39844078216259243,6698917,NC
-0.4084423620905728,6698918,NC
-0.4084439436047967,6698919,NC
-0.40344552670522343,6698920,NC
-0.39844711139181205,6698921,NC
-0.39844869766452184,6698922,NC
-0.39345028552331185,6698923,NC
-0.40845187496814117,6698924,NC
-0.403453465998969,6698925,NC
-0.3884550586157541,6698926,NC
-0.3684566528184555,6698927,NC
-0.3634582486070322,6698928,NC
-0.38345984598144306,6698929,NC
-0.3784614449416469,6698930,NC
-0.3784630454876025,6698931,NC
-0.36846464761926867,6698932,NC
-0.36846625133660404,6698933,NC
-0.3684678566395674,6698934,NC
-0.3634694635281172,6698935,NC
-0.36847107200221224,6698936,NC
-0.37847268206181095,6698937,NC
-0.3584742937068719,6698938,NC
-0.3534759069373535,6698939,NC
-0.36347752175321424,6698940,NC
-0.36347913815441246,6698941,NC
-0.37848075614090654,6698942,NC
-0.37348237571265475,6698943,NC
-0.3634839968696154,6698944,NC
-0.3534856196117467,6698945,NC
-0.3484872439390068,6698946,NC
-0.36848886985135393,6698947,NC
-0.3684904973487461,6698948,NC
-0.37349212643114144,6698949,NC
-0.36849375709849796,6698950,NC
-0.34849538935077357,6698951,NC
-0.35849702318792626,6698952,NC
-0.363498658609914,6698953,NC
-0.3835002956166945,6698954,NC
-0.3735019342082257,6698955,NC
-0.3585035743844653,6698956,NC
-0.3435052161453711,6698957,NC
-0.3485068594909007,6698958,NC
-0.36350850442101185,6698959,NC
-0.38851015093566216,6698960,NC
-0.36851179903480913,6698961,NC
-0.35351344871841034,6698962,NC
-0.34851509998642327,6698963,NC
-0.35351675283880535,6698964,NC
-0.35851840727551404,6698965,NC
-0.35852006329650665,6698966,NC
-0.3735217209017405,6698967,NC
-0.35352338009117296,6698968,NC
-0.3535250408647612,6698969,NC
-0.3535267032224625,6698970,NC
-0.3585283671642339,6698971,NC
-0.3535300326900327,6698972,NC
-0.36353169979981576,6698973,NC
-0.3435333684935403,6698974,NC
-0.33353503877116325,6698975,NC
-0.3285367106326416,6698976,NC
-0.3185383840779322,6698977,NC
-0.328540059106992,6698978,NC
-0.3385417357197778,6698979,NC
-0.3185434139162464,6698980,NC
-0.3035450936963546,6698981,NC
-0.303546775060059,6698982,NC
-0.31854845800731646,6698983,NC
-0.31355014253808344,6698984,NC
-0.3085518286523166,6698985,NC
-0.2835535163499725,6698986,NC
-0.26855520563100765,6698987,NC
-0.2785568964953785,6698988,NC
-0.2885585889430415,6698989,NC
-0.298560282973953,6698990,NC
-0.2985619785880694,6698991,NC
-0.2935636757853469,6698992,NC
-0.28356537456574193,6698993,NC
-0.29856707492921064,6698994,NC
-0.3135687768757092,6698995,NC
-0.3385704804051938,6698996,NC
-0.34857218551762037,6698997,NC
-0.33357389221294526,6698998,NC
-0.3285756004911243,6698999,NC
-0.3385773103521134,6699000,NC
-0.34857902179586864,6699001,NC
-0.36358073482234593,6699002,NC
-0.3635824494315011,6699003,NC
-0.33858416562328997,6699004,NC
-0.3285858833976682,6699005,NC
-0.3385876027545917,6699006,NC
-0.353589323694016,6699007,NC
-0.3785910462158969,6699008,NC
-0.37859277032018995,6699009,NC
-0.37859449600685074,6699010,NC
-0.37859622327583475,6699011,NC
-0.3885979521270976,6699012,NC
-0.3935996825605946,6699013,NC
-0.3986014145762812,6699014,NC
-0.39860314817411274,6699015,NC
-0.37860488335404463,6699016,NC
-0.36360662011603206,6699017,NC
-0.3886083584600304,6699018,NC
-0.39861009838599476,6699019,NC
-0.4086118398938803,6699020,NC
-0.40361358298364225,6699021,NC
-0.38361532765523554,6699022,NC
-0.3836170739086153,6699023,NC
-0.3936188217437366,6699024,NC
-0.4136205711605542,6699025,NC
-0.41362232215902317,6699026,NC
-0.4186240747390984,6699027,NC
-0.4086258289007347,6699028,NC
-0.40362758464388687,6699029,NC
-0.39862934196850963,6699030,NC
-0.4036311008745578,6699031,NC
-0.3886328613619858,6699032,NC
-0.3986346234307486,6699033,NC
-0.39363638708080056,6699034,NC
-0.36363815231209634,6699035,NC
-0.40363991912459046,6699036,NC
-0.3986416875182373,6699037,NC
-0.39364345749299134,6699038,NC
-0.39864522904880706,6699039,NC
-0.3686470021856386,6699040,NC
-0.3586487769034405,6699041,NC
-0.3586505532021669,6699042,NC
-0.37365233108177204,6699043,NC
-0.38865411054221016,6699044,NC
-0.3836558915834353,6699045,NC
-0.36865767420540163,6699046,NC
-0.34365945840806333,6699047,NC
-0.3286612441913742,6699048,NC
-0.32366303155528836,6699049,NC
-0.2986648204997597,6699050,NC
-0.2486666110247422,6699051,NC
-0.15866840313018965,6699052,NC
-0.08367019681605586,6699053,NC
-0.023671992082294667,6699054,NC
0.0013262110711402333,6699055,NC
-0.003675587355704883,6699056,NC
-0.013677387362783643,6699057,NC
-0.02367918895004971,6699058,NC
-0.0636809921174566,6699059,NC
-0.1586827968649579,6699060,NC
-0.2736846031925071,6699061,NC
-0.3286864111000576,6699062,NC
-0.31868822058756285,6699063,NC
-0.24869003165497627,6699064,NC
-0.13869184430225112,6699065,NC
-0.02369365852934071,6699066,NC
0.0713045256638017,6699067,NC
0.14630270827722291,6699068,NC
0.20630088931096974,6699069,NC
0.26129906876508907,6699070,NC
0.25629724663962783,6699071,L
0.1812954229346329,6699072,NC
0.10629359765015137,6699073,NC
-0.003708229213769787,6699074,NC
-0.08871005765708347,6699075,NC
-0.13871188767974257,6699076,NC
-0.17871371928169993,6699077,NC
-0.23371555246290834,6699078,NC
-0.3187173872233206,6699079,NC
-0.3937192235628894,6699080,NC
-0.45372106148156743,6699081,NC
-0.4887229009793073,6699082,NC
-0.5037247420560615,6699083,NC
-0.523726584711783,6699084,NC
-0.5537284289464239,6699085,NC
-0.5637302747599369,6699086,NC
-0.5537321221522742,6699087,NC
-0.5287339711233885,6699088,NC
-0.49873582167323194,6699089,NC
-0.4637376738017569,6699090,NC
-0.4487395275089156,6699091,NC
-0.44874138279466036,6699092,NC
-0.43874323965894335,6699093,NC
-0.40874509810171666,6699094,NC
-0.40874695812293255,6699095,NC
-0.39374881972254294,6699096,NC
-0.3887506829004999,6699097,NC
-0.4287525476567554,6699098,NC
-0.40875441399126144,6699099,NC
-0.38375628190396993,6699100,NC
-0.3687581513948327,6699101,NC
-0.3737600224638016,6699102,NC
-0.36876189511082835,6699103,NC
-0.3787637693358648,6699104,NC
-0.37876564513886257,6699105,NC
-0.3587675225197734,6699106,NC
-0.34376940147854884,6699107,NC
-0.3337712820151405,6699108,NC
-0.3487731641294999,6699109,NC
-0.36877504782157855,6699110,NC
-0.35377693309132796,6699111,NC
-0.3387788199386995,6699112,NC
-0.3087807083636445,6699113,NC
-0.31878259836611444,6699114,NC
-0.32378448994606057,6699115,NC
-0.34378638310343407,6699116,NC
-0.33878827783818616,6699117,NC
-0.31379017415026805,6699118,NC
-0.2887920720396309,6699119,NC
-0.2887939715062258,6699120,NC
-0.2787958725500038,6699121,NC
-0.28379777517091587,6699122,NC
-0.2787996793689131,6699123,NC
-0.26880158514394625,6699124,NC
-0.2338034924959663,6699125,NC
-0.23380540142492412,6699126,NC
-0.23380731193077048,6699127,NC
-0.22880922401345619,6699128,NC
-0.22381113767293195,6699129,NC
-0.20381305290914847,6699130,NC
-0.17381496972205634,6699131,NC
-0.17881688811160623,6699132,NC
-0.1738188080777487,6699133,NC
-0.17882072962043422,6699134,NC
-0.16382265273961336,6699135,NC
-0.1338245774352365,6699136,NC
-0.11382650370725403,6699137,NC
-0.10382843155561639,6699138,NC
-0.11383036098027383,6699139,NC
-0.12383229198117668,6699140,NC
-0.09383422455827514,6699141,NC
-0.06883615871151944,6699142,NC
-0.043838094440859725,6699143,NC
-0.03384003174624613,6699144,NC
-0.028841970627628714,6699145,NC
-0.038843911084957536,6699146,NC
-0.023845853118182582,6699147,NC
0.001152203272746205,6699148,NC
0.02115025808787889,6699149,NC
0.0311483113272656,6699150,NC
0.0361463629909565,6699151,NC
0.0361444130790018,6699152,NC
0.05114246159145174,6699153,NC
0.06114050852835661,6699154,NC
0.08613855388976674,6699155,NC
0.0961365976757325,6699156,NC
0.0911346398863043,6699157,NC
0.09113268052153256,6699158,NC
0.1061307195814678,6699159,NC
0.12612875706616056,6699160,NC
0.16612679297566138,6699161,NC
0.16612482731002087,6699162,NC
0.16612286006928972,6699163,NC
0.17112089125351862,6699164,NC
0.18111892086275827,6699165,NC
0.20611694889705942,6699166,NC
0.21111497535647297,6699167,NC
0.19611300024104972,6699168,NC
0.18111102355084055,6699169,NC
0.14110904528589643,6699170,NC
0.14610706544626834,6699171,NC
0.13110508403200727,6699172,NC
0.1311031010431643,6699173,NC
0.11110111647979051,6699174,NC
0.07609913034193705,6699175,NC
0.04109714262965511,6699176,NC
0.03109515334299589,6699177,NC
0.026093162482010657,6699178,NC
0.016091170046750723,6699179,NC
0.0010891760372674156,6699180,NC
-0.02891281954638788,6699181,NC
-0.05391481670416374,6699182,NC
-0.0789168154360087,6699183,NC
-0.06891881574187124,6699184,NC
-0.06892081762169983,6699185,NC
-0.07892282107544289,6699186,NC
-0.08892482610304878,6699187,NC
-0.10892683270446585,6699188,NC
-0.10892884087964239,6699189,NC
-0.10893085062852664,6699190,NC
-0.0939328619510668,6699191,NC
-0.09893487484721109,6699192,NC
-0.10893688931690759,6699193,NC
-0.11893890536010442,6699194,NC
-0.12394092297674962,6699195,NC
-0.1189429421667912,6699196,NC
-0.10894496293017716,6699197,NC
-0.10894698526685537,6699198,NC
-0.11394900917677372,6699199,NC
-0.12395103465988011,6699200,NC
-0.1339530617161223,6699201,NC
-0.1289550903454481,6699202,NC
-0.1039571205478052,6699203,NC
-0.0989591523231413,6699204,NC
-0.11896118567140401,6699205,NC
-0.123963220592541,6699206,NC
-0.12896525708649978,6699207,NC
-0.1089672951532279,6699208,NC
-0.0939693347926728,6699209,NC
-0.08897137600478197,6699210,NC
-0.10397341878950281,6699211,NC
-0.11397546314678263,6699212,NC
-0.1239775090765688,6699213,NC
-0.0939795565788086,6699214,NC
-0.07898160565344925,6699215,NC
-0.07398365630043796,6699216,NC
-0.08898570851972185,6699217,NC
-0.09398776231124809,6699218,NC
-0.10898981767496373,6699219,NC
-0.0989918746108158,6699220,NC
-0.06899393311875131,6699221,NC
-0.06399599319871721,6699222,NC
-0.06899805485066043,6699223,NC
-0.08900011807452782,6699224,NC
-0.09400218287026624,6699225,NC
-0.07900424923782245,6699226,NC
-0.05900631717714323,6699227,NC
-0.059008386688175284,6699228,NC
-0.0740104577708653,6699229,NC
-0.08901253042515987,6699230,NC
-0.09401460465100563,6699231,NC
-0.0940166804483491,6699232,NC
-0.07901875781713681,6699233,NC
-0.07902083675731522,6699234,NC
-0.08902291726883071,6699235,NC
-0.10402499935162979,6699236,NC
-0.09402708300565868,6699237,NC
-0.08902916823086376,6699238,NC
-0.0790312550271913,6699239,NC
-0.08403334339458746,6699240,NC
-0.0940354333329985,6699241,NC
-0.08903752484237054,6699242,NC
-0.10403961792264968,6699243,NC
-0.09404171257378198,6699244,NC
-0.07904380879571349,6699245,NC
-0.07904590658839017,6699246,NC
-0.09404800595175794,6699247,NC
-0.10405010688576274,6699248,NC
-0.10405220939035044,6699249,NC
-0.09405431346546682,6699250,NC
-0.0990564191110577,6699251,NC
-0.0890585263270688,6699252,NC
-0.09906063511344584,6699253,NC
-0.10906274547013448,6699254,NC
-0.12406485739708029,6699255,NC
-0.1140669708942289,6699256,NC
-0.09906908596152586,6699257,NC
-0.09907120259891661,6699258,NC
-0.10407332080634665,6699259,NC
-0.09907544058376139,6699260,NC
-0.1290775619311062,6699261,NC
-0.09907968484832641,6699262,NC
-0.09908180933536734,6699263,NC
-0.09908393539217422,6699264,NC
-0.10908606301869228,6699265,NC
-0.11408819221486667,6699266,NC
-0.12409032298064257,6699267,NC
-0.11909245531596505,6699268,NC
-0.09909458922077916,6699269,NC
-0.08409672469502988,6699270,NC
-0.09909886173866225,6699271,NC
-0.10910100035162117,6699272,NC
-0.1091031405338515,6699273,NC
-0.09910528228529814,6699274,NC
-0.07410742560590589,6699275,NC
-0.06410957049561947,6699276,NC
-0.06411171695438367,6699277,NC
-0.06911386498214317,6699278,NC
-0.06911601457884259,6699279,NC
-0.059118165744426555,6699280,NC
-0.049120318478839645,6699281,NC
-0.03912247278202637,6699282,NC
-0.05412462865393122,6699283,NC
-0.04912678609449865,6699284,NC
-0.049128945103673057,6699285,NC
-0.03913110568139881,6699286,NC
-0.029133267827620227,6699287,NC
0.0008645684577183871,6699288,NC
-0.019137596825327195,6699289,NC
-0.034139763676701185,6699290,NC
-0.034141932096347735,6699291,NC
-0.03414410208421098,6699292,NC
-0.024146273640235007,6699293,NC
-0.02914844676436383,6699294,NC
-0.0541506214565415,6699295,NC
-0.06415279771671194,6699296,NC
-0.06415497554481907,6699297,NC
-0.06915715494080679,6699298,NC
-0.06415933590461893,6699299,NC
-0.07916151843619931,6699300,NC
-0.07916370253549165,6699301,NC
-0.09416588820243971,6699302,NC
-0.10916807543698714,6699303,NC
-0.09917026423907757,6699304,NC
-0.09917245460865465,6699305,NC
-0.08917464654566187,6699306,NC
-0.1141768400500428,6699307,NC
-0.10917903512174093,6699308,NC
-0.11418123176069961,6699309,NC
-0.10418342996686233,6699310,NC
-0.1041856297401724,6699311,NC
-0.10918783108057314,6699312,NC
-0.1291900339880078,6699313,NC
-0.15419223846241967,6699314,NC
-0.16419444450375192,6699315,NC
-0.1591966521119477,6699316,NC
-0.1391988612869501,6699317,NC
-0.1492010720287022,6699318,NC
-0.13420328433714712,6699319,NC
-0.1642054982122277,6699320,NC
-0.15920771365388703,6699321,NC
-0.14420993066206794,6699322,NC
-0.14421214923671333,6699323,NC
-0.149214369377766,6699324,NC
-0.1642165910851688,6699325,NC
-0.17921881435886444,6699326,NC
-0.17922103919879565,6699327,NC
-0.16922326560490508,6699328,NC
-0.14922549357713533,6699329,NC
-0.16422772311542908,6699330,NC
-0.1692299542197288,6699331,NC
-0.189232186889977,6699332,NC
-0.18423442112611615,6699333,NC
-0.17923665692808874,6699334,NC
-0.1542388942958371,6699335,NC
-0.15924113322930358,6699336,NC
-0.1842433737284305,6699337,NC
-0.19424561579316013,6699338,NC
-0.17924785942343466,6699339,NC
-0.15925010461919634,6699340,NC
-0.15425235138038723,6699341,NC
-0.1592545997069495,6699342,NC
-0.1742568495988252,6699343,NC
-0.18425910105595636,6699344,NC
-0.18926135407828493,6699345,NC
-0.17426360866575286,6699346,NC
-0.15426586481830212,6699347,NC
-0.15926812253587447,6699348,NC
-0.1642703818184118,6699349,NC
-0.1692726426658559,6699350,NC
-0.17427490507814844,6699351,NC
-0.1592771690552312,6699352,NC
-0.1492794345970458,6699353,NC
-0.13428170170353387,6699354,NC
-0.14928397037463698,6699355,NC
-0.15428624061029667,6699356,NC
-0.13428851241045447,6699357,NC
-0.10929078577505182,6699358,NC
-0.07429306070403012,6699359,NC
-0.04929533719733076,6699360,NC
-0.01929761525489509,6699361,NC
0.005700105123335596,6699362,NC
0.10069782393742005,6699363,NC
0.18569554118741705,6699364,NC
0.28069325687338537,6699365,NC
0.34569097099538393,6699366,NC
0.3756886835534717,6699367,NC
0.3806863945477075,6699368,NC
0.37568410397815033,6699369,NC
0.34568181184485924,6699370,NC
0.2856795181478934,6699371,NC
0.22067722288731173,6699372,NC
0.18067492606317348,6699373,NC
0.1656726276755378,6699374,NC
0.19567032772446397,6699375,NC
0.2856680262100112,6699376,NC
0.3906657231322388,6699377,NC
0.4906634184912061,6699378,NC
0.5856611122869726,6699379,NC
0.6706588045195976,6699380,NC
0.7156564951891405,6699381,NC
0.750654184295661,6699382,NC
0.7506518718392187,6699383,L
0.6756495578198729,6699384,NC
0.5706472422376835,6699385,NC
0.48564492509270996,6699386,NC
0.40064260638501215,6699387,NC
0.34064028611464975,6699388,NC
0.2606379642816825,6699389,NC
0.1856356408861703,6699390,NC
0.06563331592817301,6699391,NC
-0.04936901059224946,6699392,NC
-0.1343713386750372,6699393,NC
-0.19937366832013015,6699394,NC
-0.2393759995274683,6699395,NC
-0.27937833229699166,6699396,NC
-0.31938066662863995,6699397,NC
-0.35438300252235316,6699398,NC
-0.3293853399780711,6699399,NC
-0.31938767899573345,6699400,NC
-0.26939001957528,6699401,NC
-0.2643923617166504,6699402,NC
-0.2393947054197843,6699403,NC
-0.24439705068462136,6699404,NC
-0.2443993975111011,6699405,NC
-0.224401745899163,6699406,NC
-0.2144040958487467,6699407,NC
-0.22440644735979146,6699408,NC
-0.23440880043223677,6699409,NC
-0.23941115506602204,6699410,NC
-0.23941351126108654,6699411,NC
-0.19941586901736957,6699412,NC
-0.18941822833481034,6699413,NC
-0.17942058921334808,6699414,NC
-0.18942295165292197,6699415,NC
-0.20442531565347113,6699416,NC
-0.21942768121493464,6699417,NC
-0.22443004833725147,6699418,NC
-0.20943241702036078,6699419,NC
-0.2044347872642014,6699420,NC
-0.2144371590687123,6699421,NC
-0.21943953243383235,6699422,NC
-0.22444190735950034,6699423,NC
-0.21444428384565523,6699424,NC
-0.19944666189223564,6699425,NC
-0.19444904149918033,6699426,NC
-0.18945142266642798,6699427,NC
-0.21445380539391729,6699428,NC
-0.20945618968158675,6699429,NC
-0.204458575529375,6699430,NC
-0.1844609629372205,6699431,NC
-0.1944633519050618,6699432,NC
-0.19446574243283732,6699433,NC
-0.19946813452048542,6699434,NC
-0.19447052816794452,6699435,NC
-0.16947292337515288,6699436,NC
-0.1494753201420488,6699437,NC
-0.12947771846857056,6699438,NC
-0.13948011835465632,6699439,NC
-0.1494825198002442,6699440,NC
-0.14448492280527242,6699441,NC
-0.129487327369679,6699442,NC
-0.10948973349340194,6699443,NC
-0.10949214117637929,6699444,NC
-0.09949455041854899,6699445,NC
-0.10949696121984898,6699446,NC
-0.10949937358021711,6699447,NC
-0.0845017874995912,6699448,NC
-0.07950420297790911,6699449,NC
-0.059506620015108536,6699450,NC
-0.05450903861112725,6699451,NC
-0.06951145876590287,6699452,NC
-0.05451388047937308,6699453,NC
-0.034516303751475436,6699454,NC
-0.004518728582147531,6699455,NC
0.00047884502867314577,6699456,NC
0.00047641708104910474,6699457,NC
0.0004739875750429112,6699458,NC
0.015471556510717174,6699459,NC
0.030469123888134525,6699460,NC
0.04546668970735768,6699461,NC
0.07546425396844933,6699462,NC
0.06046181667147226,6699463,NC
0.06545937781648926,6699464,NC
0.08045693740356319,6699465,NC
0.10045449543275692,6699466,NC
0.13045205190413342,6699467,NC
0.12544960681775558,6699468,NC
0.13544716017368646,6699469,NC
0.13044471197198912,6699470,NC
0.13044226221272662,6699471,NC
0.15043981089596206,6699472,NC
0.17043735802175863,6699473,NC
0.19043490359017956,6699474,NC
0.18543244760128808,6699475,NC
0.18042999005514745,6699476,NC
0.19542753095182105,6699477,NC
0.2204250702913722,6699478,NC
0.24042260807386434,6699479,NC
0.24542014429936088,6699480,NC
0.24541767896792535,6699481,NC
0.23541521207962127,6699482,NC
0.20541274363451217,6699483,NC
0.21041027363266168,6699484,NC
0.20540780207413348,6699485,NC
0.19040532895899123,6699486,NC
0.16540285428729865,6699487,NC
0.1354003780591195,6699488,NC
0.12039790027451763,6699489,NC
0.11039542093355686,6699490,NC
0.10539294003630106,6699491,NC
0.08039045758281423,6699492,NC
0.04038797357316025,6699493,NC
0.015385488007403185,6699494,NC
0.0003830008856070613,6699495,NC
-0.00461948779216402,6699496,NC
-0.014621978025845937,6699497,NC
-0.029624469815374505,6699498,NC
-0.049626963160685544,6699499,NC
-0.07962945806171479,6699500,NC
-0.09963195451839793,6699501,NC
-0.08963445253067065,6699502,NC
-0.0796369520984686,6699503,NC
-0.08463945322172735,6699504,NC
-0.10464195590038247,6699505,NC
-0.11964446013436943,6699506,NC
-0.12464696592362373,6699507,NC
-0.10464947326808081,6699508,NC
-0.09465198216767604,6699509,NC
-0.09965449262234477,6699510,NC
-0.11965700463202229,6699511,NC
-0.13465951819664393,6699512,NC
-0.13966203331614485,6699513,NC
-0.12466454999046028,6699514,NC
-0.10966706821952538,6699515,NC
-0.10966958800327523,6699516,NC
-0.11967210934164489,6699517,NC
-0.13467463223456944,6699518,NC
-0.13967715668198383,6699519,NC
-0.139679682683823,6699520,NC
-0.12468221024002185,6699521,NC
-0.11968473935051531,6699522,NC
-0.12968727001523817,6699523,NC
-0.1446898022341252,6699524,NC
-0.14469233600711118,6699525,NC
-0.12469487133413085,6699526,NC
-0.1296974082151188,6699527,NC
-0.11469994665000968,6699528,NC
-0.11470248663873811,6699529,NC
-0.12970502818123864,6699530,NC
-0.13470757127744576,6699531,NC
-0.14471011592729388,6699532,NC
-0.13971266213071756,6699533,NC
-0.12471520988765109,6699534,NC
-0.14471775919802882,6699535,NC
-0.15972031006178514,6699536,NC
-0.1497228624788542,6699537,NC
-0.15472541644917032,6699538,NC
-0.13472797197266767,6699539,NC
-0.12473052904928036,6699540,NC
-0.15473308767894253,6699541,NC
-0.16973564786158826,6699542,NC
-0.16473820959715155,6699543,NC
-0.14974077288556636,6699544,NC
-0.14974333772676673,6699545,NC
-0.1447459041206865,6699546,NC
-0.16474847206725957,6699547,NC
-0.1797510415664197,6699548,NC
-0.18975361261810075,6699549,NC
-0.15975618522223647,6699550,NC
-0.13975875937876053,6699551,NC
-0.1547613350876066,6699552,NC
-0.16976391234870836,6699553,NC
-0.18976649116199928,6699554,NC
-0.18976907152741307,6699555,NC
-0.16977165344488312,6699556,NC
-0.1497742369143429,6699557,NC
-0.1447768219357259,6699558,NC
-0.16977940850896553,6699559,NC
-0.18478199663399503,6699560,NC
-0.19978458631074777,6699561,NC
-0.17978717753915702,6699562,NC
-0.174789770319156,6699563,NC
-0.1597923646506779,6699564,NC
-0.1997949605336559,6699565,NC
-0.199797557968023,6699566,NC
-0.19980015695371242,6699567,NC
-0.17980275749065705,6699568,NC
-0.16980535957879,6699569,NC
-0.1898079632180441,6699570,NC
-0.18481056840835236,6699571,NC
-0.19481317514964758,6699572,NC
-0.1848157834418626,6699573,NC
-0.17481839328493026,6699574,NC
-0.1498210046787833,6699575,NC
-0.16482361762335435,6699576,NC
-0.16482623211857614,6699577,NC
-0.17982884816438127,6699578,NC
-0.16983146576070235,6699579,NC
-0.16983408490747195,6699580,NC
-0.15983670560462251,6699581,NC
-0.15483932785208657,6699582,NC
-0.16984195164979654,6699583,NC
-0.18484457699768475,6699584,NC
-0.18984720389568366,6699585,NC
-0.18484983234372548,6699586,NC
-0.15485246234174252,6699587,NC
-0.16485509388966701,6699588,NC
-0.1498577269874311,6699589,NC
-0.15486036163496703,6699590,NC
-0.1498629978322068,6699591,NC
-0.14486563557908255,6699592,NC
-0.11986827487552631,6699593,NC
-0.11987091572147004,6699594,NC
-0.12987355811684573,6699595,NC
-0.13487620206158524,6699596,NC
-0.13487884755562043,6699597,NC
-0.10988149459888319,6699598,NC
-0.10988414319130527,6699599,NC
-0.10488679333281842,6699600,NC
-0.08988944502335434,6699601,NC
-0.09989209826284476,6699602,NC
-0.11489475305122124,6699603,NC
-0.09489740938841541,6699604,NC
-0.09490006727435882,6699605,NC
-0.10490272670898296,6699606,NC
-0.10990538769221933,6699607,NC
-0.11990805022399931,6699608,NC
-0.13491071430425433,6699609,NC
-0.12491337993291576,6699610,NC
-0.10991604710991487,6699611,NC
-0.11991871583518292,6699612,NC
-0.1399213861086512,6699613,NC
-0.16492405793025086,6699614,NC
-0.16492673129991303,6699615,NC
-0.1649294062175689,6699616,NC
-0.15493208268314945,6699617,NC
-0.1599347606965858,6699618,NC
-0.15993744025780884,6699619,NC
-0.1849401213667496,6699620,NC
-0.17494280402333898,6699621,NC
-0.16994548822750785,6699622,NC
-0.164948173979187,6699623,NC
-0.17995086127830726,6699624,NC
-0.17995355012479938,6699625,NC
-0.1899562405185941,6699626,NC
-0.20495893245962207,6699627,NC
-0.2049616259478139,6699628,NC
-0.2049643209831002,6699629,NC
-0.20996701756541153,6699630,NC
-0.19996971569467836,6699631,NC
-0.22497241537083118,6699632,NC
-0.21497511659380056,6699633,NC
-0.2199778193635167,6699634,NC
-0.20498052367991004,6699635,NC
-0.21498322954291088,6699636,NC
-0.2349859369524495,6699637,NC
-0.24498864590845612,6699638,NC
-0.23499135641086097,6699639,NC
-0.22999406845959416,6699640,NC
-0.22999678205458585,6699641,NC
-0.21499949719576614,6699642,NC
-0.24000221388306492,6699643,NC
-0.24000493211641233,6699644,NC
-0.2400076518957383,6699645,NC
-0.23501037322097268,6699646,NC
-0.2350130960920454,6699647,NC
-0.2250158205088863,6699648,NC
-0.24501854647142518,6699649,NC
-0.24502127397959178,6699650,NC
-0.2550240030333158,6699651,NC
-0.2500267336325269,6699652,NC
-0.24002946577715478,6699653,NC
-0.23503219946712897,6699654,NC
-0.2350349347023791,6699655,NC
-0.2500376714828346,6699656,NC
-0.2650404098084251,6699657,NC
-0.25004314967907987,6699658,NC
-0.23504589109472834,6699659,NC
-0.20504863405529994,6699660,NC
-0.2300513785607239,6699661,NC
-0.2600541246109296,6699662,NC
-0.2550568722058462,6699663,NC
-0.24005962134540293,6699664,NC
-0.210062372029529,6699665,NC
-0.21006512425815338,6699666,NC
-0.2000678780312053,6699667,NC
-0.21507063334861373,6699668,NC
-0.20507339021030765,6699669,NC
-0.16507614861621606,6699670,NC
-0.11507890856626787,6699671,NC
-0.08508167006039198,6699672,NC
-0.040084433098517225,6699673,NC
0.009912802319427629,6699674,NC
0.07991003619351379,6699675,NC
0.18990726852381257,6699676,NC
0.27990449931039524,6699677,NC
0.3199017285533332,6699678,NC
0.3248989562526978,6699679,NC
0.29989618240856053,6699680,NC
0.24489340702099283,6699681,NC
0.15489063009006623,6699682,NC
0.1098878516158523,6699683,NC
0.07488507159842261,6699684,NC
0.07988229003784883,6699685,NC
0.14487950693420262,6699686,NC
0.2398767222875557,6699687,NC
0.3698739360979798,6699688,NC
0.5148711483655468,6699689,NC
0.6098683590903284,6699690,NC
0.6648655682723965,6699691,NC
0.6798627759118232,6699692,NC
0.6548599820086802,6699693,L
0.5998571865630398,6699694,NC
0.4748543895749736,6699695,NC
0.369851591044554,6699696,NC
0.2548487909718531,6699697,NC
0.14484598935694296,6699698,NC
0.04984318619989577,6699699,NC
-0.030159618499216168,6699700,NC
-0.12516242474032063,6699701,NC
-0.2301652325233453,6699702,NC
-0.33516804184821786,6699703,NC
-0.41517085271486576,6699704,NC
-0.48017366512321685,6699705,NC
-0.5151764790731983,6699706,NC
-0.5201792945647379,6699707,NC
-0.520182111597763,6699708,NC
-0.505184930172201,6699709,NC
-0.48518775028797934,6699710,NC
-0.46019057194502516,6699711,NC
-0.4151933951432659,6699712,NC
-0.3851962198826288,6699713,NC
-0.36519904616304105,6699714,NC
-0.3652018739844298,6699715,NC
-0.3802047033467223,6699716,NC
-0.3752075342498455,6699717,NC
-0.3652103666937264,6699718,NC
-0.3502132006782922,6699719,NC
-0.3552160362034698,6699720,NC
-0.3552188732691861,6699721,NC
-0.375221711875368,6699722,NC
-0.3652245520219424,6699723,NC
-0.36522739370883606,6699724,NC
-0.3552302369359758,6699725,NC
-0.34023308170328825,6699726,NC
-0.3502359280107002,6699727,NC
-0.36523877585813835,6699728,NC
-0.3702416252455292,6699729,NC
-0.3502444761727994,6699730,NC
-0.35024732863987545,6699731,NC
-0.33525018264668394,6699732,NC
-0.3452530381931512,6699733,NC
-0.3602558952792036,6699734,NC
-0.3552587539047677,6699735,NC
-0.34526161406976974,6699736,NC
-0.315264475774136,6699737,NC
-0.3152673390177928,6699738,NC
-0.33027020380066635,6699739,NC
-0.34027307012268276,6699740,NC
-0.3452759379837682,6699741,NC
-0.34527880738384886,6699742,NC
-0.31028167832285064,6699743,NC
-0.31028455080069967,6699744,NC
-0.3152874248173219,6699745,NC
-0.3202903003726433,6699746,NC
-0.30529317746658974,6699747,NC
-0.29029605609908704,6699748,NC
-0.2702989362700612,6699749,NC
-0.26030181797943774,6699750,NC
-0.2603047012271426,6699751,NC
-0.2703075860131014,6699752,NC
-0.2653104723372398,6699753,NC
-0.25031336019948347,6699754,NC
-0.23531624959975797,6699755,NC
-0.2153191405379889,6699756,NC
-0.21032203301410166,6699757,NC
-0.24032492702802175,6699758,NC
-0.22032782257967465,6699759,NC
-0.19033071966898568,6699760,NC
-0.1753336182958802,6699761,NC
-0.16033651846028357,6699762,NC
-0.15533942016212102,6699763,NC
-0.16034232340131777,6699764,NC
-0.15534522817779903,6699765,NC
-0.1253481344914899,6699766,NC
-0.09535104234231556,6699767,NC
-0.09035395173020103,6699768,NC
-0.08035686265507136,6699769,NC
-0.0753597751168515,6699770,NC
-0.08036268911546646,6699771,NC
-0.050365604650841105,6699772,NC
-0.03536852172290033,6699773,NC
-0.03037144033156896,6699774,NC
-0.030374360476771792,6699775,NC
-0.03037728215843357,6699776,NC
-0.015380205376479016,6699777,NC
-0.010383130130832814,6699778,NC
0.004613943578580443,6699779,NC
0.019611015751836124,6699780,NC
0.019608086389009682,6699781,NC
0.02460515549017661,6699782,NC
0.03460222305541243,6699783,NC
0.05459928908479272,6699784,NC
0.07459635357839306,6699785,NC
0.07459341653628908,6699786,NC
0.0645904779585565,6699787,NC
0.03458753784527103,6699788,NC
-0.0004154038034915736,6699789,NC
0.0045816530123444985,6699790,NC
-0.0004212917071449232,6699791,NC
-0.020424237961883945,6699792,NC
-0.05542718575179666,6699793,NC
-0.09043013507680708,6699794,NC
-0.11543308593683924,6699795,NC
-0.1254360383318171,6699796,NC
-0.15043899226166457,6699797,NC
-0.1754419477263055,6699798,NC
-0.22044490472566383,6699799,NC
-0.23544786325966321,6699800,NC
-0.25045082332822755,6699801,NC
-0.2604537849312805,6699802,NC
-0.26045674806874575,6699803,NC
-0.25545971274054696,6699804,NC
-0.2854626789466077,6699805,NC
-0.3054656466868516,6699806,NC
-0.32546861596120213,6699807,NC
-0.3254715867695828,6699808,NC
-0.315474559111917,6699809,NC
-0.3104775329881283,6699810,NC
-0.3204805083981399,6699811,NC
-0.3454834853418752,6699812,NC
-0.3404864638192574,6699813,NC
-0.3454894438302099,6699814,NC
-0.33549242537465584,6699815,NC
-0.3504954084525183,6699816,NC
-0.35549839306372055,6699817,NC
-0.36550137920818565,6699818,NC
-0.3705043668858366,6699819,NC
-0.36550735609659646,6699820,NC
-0.3555103468403881,6699821,NC
-0.3555133391171346,6699822,NC
-0.3555163329267588,6699823,NC
-0.3705193282691836,6699824,NC
-0.3755223251443317,6699825,NC
-0.3655253235521259,6699826,NC
-0.360528323492489,6699827,NC
-0.35053132496534367,6699828,NC
-0.37053432797061253,6699829,NC
-0.3855373325082183,6699830,NC
-0.38054033857808345,6699831,NC
-0.3605433461801305,6699832,NC
-0.3555463553142821,6699833,NC
-0.35054936598046055,6699834,NC
-0.3655523781785883,6699835,NC
-0.3705553919085879,6699836,NC
-0.37555840717038147,6699837,NC
-0.36056142396389135,6699838,NC
-0.3355644422890399,6699839,NC
-0.34056746214574934,6699840,NC
-0.3605704835339417,6699841,NC
-0.3755735064535393,6699842,NC
-0.3655765309044642,6699843,NC
-0.35557955688663834,6699844,NC
-0.3505825843999839,6699845,NC
-0.33558561344442284,6699846,NC
-0.350588644019877,6699847,NC
-0.3655916761262684,6699848,NC
-0.38559470976351884,6699849,NC
-0.37559774493155024,6699850,NC
-0.35560078163028425,6699851,NC
-0.36060381985964274,6699852,NC
-0.36060685961954736,6699853,NC
-0.3606099009099198,6699854,NC
-0.36561294373068165,6699855,NC
-0.37561598808175456,6699856,NC
-0.35061903396306004,6699857,NC
-0.35062208137451967,6699858,NC
-0.36062513031605486,6699859,NC
-0.37562818078758703,6699860,NC
-0.3706312327890376,6699861,NC
-0.37063428632032797,6699862,NC
-0.3656373413813794,6699863,NC
-0.3606403979721131,6699864,NC
-0.3756434560924504,6699865,NC
-0.38064651574231256,6699866,NC
-0.3806495769216206,6699867,NC
-0.3706526396302957,6699868,NC
-0.35565570386825895,6699869,NC
-0.36065876963543136,6699870,NC
-0.3556618369317339,6699871,NC
-0.3856649057570877,6699872,NC
-0.38066797611141345,6699873,NC
-0.3756710479946322,6699874,NC
-0.35067412140666465,6699875,NC
-0.3606771963474317,6699876,NC
-0.3706802728168542,6699877,NC
-0.38568335081485267,6699878,NC
-0.3806864303413479,6699879,NC
-0.38068951139626056,6699880,NC
-0.3556925939795112,6699881,NC
-0.34569567809102053,6699882,NC
-0.3606987637307088,6699883,NC
-0.3657018508984967,6699884,NC
-0.36070493959430466,6699885,NC
-0.35570802981805305,6699886,NC
-0.3457111215696623,6699887,NC
-0.34571421484905274,6699888,NC
-0.34071730965614455,6699889,NC
-0.345720405990858,6699890,NC
-0.33572350385311345,6699891,NC
-0.3307266032428309,6699892,NC
-0.31572970415993057,6699893,NC
-0.30573280660433255,6699894,NC
-0.3157359105759569,6699895,NC
-0.3257390160747236,6699896,NC
-0.32074212310055267,6699897,NC
-0.31574523165336404,6699898,NC
-0.28574834173307756,6699899,NC
-0.28575145333961316,6699900,NC
-0.29075456647289055,6699901,NC
-0.30075768113282964,6699902,NC
-0.2857607973193501,6699903,NC
-0.2657639150323717,6699904,NC
-0.25076703427181396,6699905,NC
-0.2557701550375966,6699906,NC
-0.27077327732963924,6699907,NC
-0.29077640114786124,6699908,NC
-0.30077952649218237,6699909,NC
-0.2857826533625219,6699910,NC
-0.26578578175879936,6699911,NC
-0.27578891168093406,6699912,NC
-0.2907920431288453,6699913,NC
-0.31579517610245256,6699914,NC
-0.300798310601675,6699915,NC
-0.3108014466264319,6699916,NC
-0.30080458417664235,6699917,NC
-0.30580772325222555,6699918,NC
-0.3158108638531007,6699919,NC
-0.33581400597918676,6699920,NC
-0.34081714963040277,6699921,NC
-0.33582029480666775,6699922,NC
-0.3158234415079007,6699923,NC
-0.31582658973402045,6699924,NC
-0.33082973948494593,6699925,NC
-0.36083289076059594,6699926,NC
-0.3708360435608893,6699927,NC
-0.37083919788574476,6699928,NC
-0.3458423537350811,6699929,NC
-0.35084551110881684,6699930,NC
-0.3658486700068708,6699931,NC
-0.3958518304291615,6699932,NC
-0.3758549923756075,6699933,NC
-0.36085815584612724,6699934,NC
-0.3408613208406394,6699935,NC
-0.3458644873590622,6699936,NC
-0.3608676554013142,6699937,NC
-0.40087082496731374,6699938,NC
-0.40587399605697916,6699939,NC
-0.3808771686702286,6699940,NC
-0.37088034280698046,6699941,NC
-0.3558835184671529,6699942,NC
-0.3608866956506641,6699943,NC
-0.37088987435743215,6699944,NC
-0.3958930545873752,6699945,NC
-0.3808962363404113,6699946,NC
-0.3508994196164584,6699947,NC
-0.3609026044154344,6699948,NC
-0.3709057907372575,6699949,NC
-0.37590897858184535,6699950,NC
-0.39091216794911593,6699951,NC
-0.380915358838987,6699952,NC
-0.3559185512513762,6699953,NC
-0.35592174518620157,6699954,NC
-0.3709249406433806,6699955,NC
-0.370928137622831,6699956,NC
-0.3809313361244704,6699957,NC
-0.3759345361482163,6699958,NC
-0.3459377376939864,6699959,NC
-0.350940940761698,6699960,NC
-0.36094414535126873,6699961,NC
-0.365947351462616,6699962,NC
-0.35595055909565704,6699963,NC
-0.36095376825030934,6699964,NC
-0.3509569789264902,6699965,NC
-0.34096019112411685,6699966,NC
-0.3409634048431065,6699967,NC
-0.35596662008337626,6699968,NC
-0.36096983684484346,6699969,NC
-0.34097305512742515,6699970,NC
-0.3309762749310383,6699971,NC
-0.3259794962556001,6699972,NC
-0.29098271910102735,6699973,NC
-0.29098594346723716,6699974,NC
-0.2659891693541464,6699975,NC
-0.2409923967616719,6699976,NC
-0.16599562568973059,6699977,NC
-0.10599885613823914,6699978,NC
-0.03600208810711438,6699979,NC
0.023994678403726974,6699980,NC
0.08399144339436826,6699981,NC
0.14398820686489283,6699982,NC
0.16398496881538407,6699983,NC
0.15898172924592546,6699984,NC
0.08897848815660045,6699985,NC
-0.021024754452507448,6699986,NC
-0.11602799858131466,6699987,NC
-0.1810312442297376,6699988,NC
-0.22103449139769266,6699989,NC
-0.2060377400850961,6699990,NC
-0.16604099029186423,6699991,NC
-0.09604424201791331,6699992,NC
0.01395250473684044,6699993,NC
0.13394924997248087,6699994,NC
0.22894599368909185,6699995,NC
0.31394273588675725,6699996,NC
0.3389394765655611,6699997,NC
0.3239362157255873,6699998,NC
0.2639329533669199,6699999,L
0.20392968948964302,6700000,NC
0.14392642409384074,6700001,NC
0.06392315717959716,6700002,NC
-0.026080111253003503,6700003,NC
-0.091083381203877,6700004,NC
-0.16108665267293915,6700005,NC
-0.21108992566010557,6700006,NC
-0.2610932001652919,6700007,NC
-0.3260964761884139,6700008,NC
-0.39109975372938705,6700009,NC
-0.43110303278812684,6700010,NC
-0.4511063133645489,6700011,NC
-0.45610959545856866,6700012,NC
-0.44111287907010144,6700013,NC
-0.4211161641990627,6700014,NC
-0.40611945084536794,6700015,NC
-0.3761227390089322,6700016,NC
-0.3611260286896709,6700017,NC
-0.31612931988749926,6700018,NC
-0.2861326126023324,6700019,NC
-0.2761359068340856,6700020,NC
-0.30113920258267385,6700021,NC
-0.2961424998480123,6700022,NC
-0.29114579863001594,6700023,NC
-0.27114909892859984,6700024,NC
-0.26115240074367885,6700025,NC
-0.2411557040751679,6700026,NC
-0.2311590089229819,6700027,NC
-0.25116231528703575,6700028,NC
-0.22616562316724417,6700029,NC
-0.22116893256352202,6700030,NC
-0.21617224347578387,6700031,NC
-0.2111755559039445,6700032,NC
-0.2161788698479185,6700033,NC
-0.21118218530762056,6700034,NC
-0.20618550228296517,6700035,NC
-0.19118882077386687,6700036,NC
-0.17619214078024015,6700037,NC
-0.1611954623019995,6700038,NC
-0.1611987853390593,6700039,NC
-0.1762021098913339,6700040,NC
-0.16620543595873766,6700041,NC
-0.14620876354118484,6700042,NC
-0.12121209263858974,6700043,NC
-0.12121542325086655,6700044,NC
-0.11121875537792947,6700045,NC
-0.11622208901969255,6700046,NC
-0.12122542417606999,6700047,NC
-0.09122876084697581,6700048,NC
-0.06623209903232402,6700049,NC
-0.05623543873202862,6700050,NC
-0.05623877994600352,6700051,NC
-0.05624212267416264,6700052,NC
-0.051245466916419846,6700053,NC
-0.02624881267268897,6700054,NC
-0.006252159942883764,6700055,NC
0.013744491273081992,6700056,NC
0.003741140975294592,6700057,NC
-0.006262210836159618,6700058,NC
0.013734435838805736,6700059,NC
0.04373108100027705,6700060,NC
0.07372772464834079,6700061,NC
0.08372436678308343,6700062,NC
0.07872100740459148,6700063,NC
0.06371764651295155,6700064,NC
0.0987142841082502,6700065,NC
0.11871092019057411,6700066,NC
0.13370755476000995,6700067,NC
0.15370418781664444,6700068,NC
0.15870081936056435,6700069,NC
0.14869744939185642,6700070,NC
0.16369407791060758,6700071,NC
0.17869070491690467,6700072,NC
0.2136873304108346,6700073,NC
0.21868395439248434,6700074,NC
0.21368057686194086,6700075,NC
0.2186771978192912,6700076,NC
0.23867381726462245,6700077,NC
0.25367043519802174,6700078,NC
0.27366705161957616,6700079,NC
0.2836636665293729,6700080,NC
0.2986602799274993,6700081,NC
0.2936568918140425,6700082,NC
0.31365350218908983,6700083,NC
0.3236501110527287,6700084,NC
0.3636467184050464,6700085,NC
0.36864332424613044,6700086,NC
0.3636399285760683,6700087,NC
0.3686365313949474,6700088,NC
0.35363313270285524,6700089,NC
0.36862973249987957,6700090,NC
0.38362633078610786,6700091,NC
0.3636229275616278,6700092,NC
0.33861952282652713,6700093,NC
0.30861611658089355,6700094,NC
0.2786127088248148,6700095,NC
0.28360929955837877,6700096,NC
0.27860588878167325,6700097,NC
0.24360247649478617,6700098,NC
0.23359906269780545,6700099,NC
0.17359564739081904,6700100,NC
0.15359223057391494,6700101,NC
0.14358881224718123,6700102,NC
0.128585392410706,6700103,NC
0.10858197106457729,6700104,NC
0.07857854820888335,6700105,NC
0.05357512384371237,6700106,NC
0.04857169796915256,6700107,NC
0.04356827058529223,6700108,NC
0.04856484169221968,6700109,NC
0.03856141129002327,6700110,NC
0.03355797937879139,6700111,NC
0.008554545958612485,6700112,NC
-0.006448888970424969,6700113,NC
-0.0064523254082324635,6700114,NC
0.00854423664527855,6700115,NC
0.00854079719019666,6700116,NC
-0.001462643773389484,6700117,NC
-0.01646608624539124,6700118,NC
-0.021469530225719895,6700119,NC
-0.0014729757142866937,6700120,NC
0.013523577288997134,6700121,NC
0.018520128784220435,6700122,NC
0.008516678771472046,6700123,NC
-0.011486772749159116,6700124,NC
-0.0064902257775841035,6700125,NC
-0.0014936803137139479,6700126,NC
0.018502863642540356,6700127,NC
0.018499406091267885,6700128,NC
0.008495947032557724,6700129,NC
-0.016507513533500988,6700130,NC
-0.026510975606819087,6700131,NC
0.0034855608126926688,6700132,NC
0.013482095725123495,6700133,NC
0.023478629130562693,6700134,NC
0.008475161029099607,6700135,NC
0.0034716914208235902,6700136,NC
0.01846822030582404,6700137,NC
0.023464747684190414,6700138,NC
0.0334612735560122,6700139,NC
0.04345779792137891,6700140,NC
0.03845432078038012,6700141,NC
0.023450842133105408,6700142,NC
-0.0015526380203555595,6700143,NC
0.00344388032008687,6700144,NC
0.03344039715452242,6700145,NC
0.02343691248304086,6700146,NC
0.03343342630573198,6700147,NC
0.008429938622685602,6700148,NC
0.0034264494339916116,6700149,NC
0.003422958739739905,6700150,NC
0.028419466540020442,6700151,NC
0.03341597283492321,6700152,NC
0.02841247762453824,6700153,NC
0.013408980908955585,6700154,NC
0.0034054826882653627,6700155,NC
0.028401982962557713,6700156,NC
0.04339848173192282,6700157,NC
0.053394978996450904,6700158,NC
0.043391474756232215,6700159,NC
0.023387969011357056,6700160,NC
0.013384461761915788,6700161,NC
0.02338095300799875,6700162,NC
0.03337744274969639,6700163,NC
0.03837393098709914,6700164,NC
0.023370417720297493,6700165,NC
-0.0016330970506180029,6700166,NC
0.013363386674443214,6700167,NC
0.013359868895571746,6700168,NC
0.023356349612858242,6700169,NC
0.028352828826393395,6700170,NC
0.01834930653626792,6700171,NC
0.003345782742572599,6700172,NC
-0.001657742554601778,6700173,NC
0.008338730644835632,6700174,NC
0.023335202340975705,6700175,NC
0.023331672533909373,6700176,NC
0.018328141223727577,6700177,NC
0.003324608410521325,6700178,NC
-0.026678925905618364,6700179,NC
-0.006682461724600394,6700180,NC
-0.0016859990463336527,6700181,NC
0.008310462129272979,6700182,NC
0.003306921802310729,6700183,NC
-0.006696620027129202,6700184,NC
-0.016700163358955522,6700185,NC
0.003296291806923056,6700186,NC
0.013292745470597889,6700187,NC
0.028289197632160347,6700188,NC
0.01828564829170186,6700189,NC
-0.0017179025506861081,6700190,NC
0.02327854510508793,6700191,NC
0.04827499125911554,6700192,NC
0.053271435911488266,6700193,NC
0.05326787906229775,6700194,NC
0.03326432071163563,6700195,NC
0.0182607608595936,6700196,NC
0.0332571995062634,6700197,NC
0.0482536366517368,6700198,NC
0.0732500722961056,6700199,NC
0.07824650643946165,6700200,NC
0.06824293908189684,6700201,NC
0.0582393702235031,6700202,NC
0.07323579986437238,6700203,NC
0.07323222800459671,6700204,NC
0.0832286546442681,6700205,NC
0.07322507978347864,6700206,NC
0.06322150342232047,6700207,NC
0.04321792556088571,6700208,NC
0.038214346199266586,6700209,NC
0.0432107653375553,6700210,NC
0.05320718297584416,6700211,NC
0.03320359911422546,6700212,NC
0.038200013752791556,6700213,NC
0.018196426891634837,6700214,NC
0.008192838530847735,6700215,NC
0.008189248670522703,6700216,NC
0.01318565731075226,6700217,NC
0.013182064451628936,6700218,NC
-0.0018215299067546806,6700219,NC
-0.021825125764305967,6700220,NC
-0.03682872312093227,6700221,NC
-0.021832321976540878,6700222,NC
-0.001835922331039061,6700223,NC
0.0031604758156659543,6700224,NC
-0.006843127536333017,6700225,NC
-0.02684673238694313,6700226,NC
-0.036850338736071464,6700227,NC
-0.03185394658362512,6700228,NC
-0.03685755592951113,6700229,NC
-0.05186116677363646,6700230,NC
-0.0668647791159081,6700231,NC
-0.08686839295623293,6700232,NC
-0.07187200829451787,6700233,NC
-0.0718756251306697,6700234,NC
-0.05187924346459526,6700235,NC
-0.056882863296201305,6700236,NC
-0.06688648462539455,6700237,NC
-0.09189010745208169,6700238,NC
-0.09189373177616936,6700239,NC
-0.09189735759756418,6700240,NC
-0.07690098491617273,6700241,NC
-0.0819046137319015,6700242,NC
-0.081908244044657,6700243,NC
-0.10191187585434566,6700244,NC
-0.09691550916087395,6700245,NC
-0.0919191439641482,6700246,NC
-0.08192278026407478,6700247,NC
-0.07692641806055994,6700248,NC
-0.09193005735350997,6700249,NC
-0.09193369814283109,6700250,NC
-0.0969373404284295,6700251,NC
-0.08194098421021134,6700252,NC
-0.07694462948808267,6700253,NC
-0.08694827626194956,6700254,NC
-0.07695192453171812,6700255,NC
-0.09695557429729426,6700256,NC
-0.09195922555858396,6700257,NC
-0.08196287831549315,6700258,NC
-0.07196653256792766,6700259,NC
-0.07197018831579335,6700260,NC
-0.07197384555899604,6700261,NC
-0.09197750429744143,6700262,NC
-0.10198116453103531,6700263,NC
-0.08198482625968333,6700264,NC
-0.06198848948329109,6700265,NC
-0.06699215420176427,6700266,NC
-0.08699582041500838,6700267,NC
-0.09199948812292898,6700268,NC
-0.07700315732543156,6700269,NC
-0.07700682802242154,6700270,NC
-0.04201050021380435,6700271,NC
-0.02201417389948536,6700272,NC
0.007982150920630086,6700273,NC
0.0179784742466367,6700274,NC
0.052974796078629226,6700275,NC
0.13797111641670243,6700276,NC
0.24296743526095116,6700277,NC
0.36296375261147024,6700278,NC
0.42796006846835455,6700279,NC
0.5129563828316991,6700280,NC
0.5479526957015988,6700281,NC
0.5829490070781487,6700282,NC
0.5979453169614438,6700283,NC
0.5529416253515793,6700284,NC
0.4879379322486501,6700285,NC
0.44793423765275164,6700286,NC
0.432930541563979,6700287,NC
0.4729268439824273,6700288,NC
0.552923144908192,6700289,NC
0.6629194443413684,6700290,NC
0.7679157422820517,6700291,NC
0.8779120387303375,6700292,NC
0.9779083336863212,6700293,NC
1.0479046271500982,6700294,NC
1.0679009191217639,6700295,NC
1.0428972096014142,6700296,L
0.9378934985891443,6700297,NC
0.83288978608505,6700298,NC
0.7428860720892271,6700299,NC
0.667882356601771,6700300,NC
0.5928786396227776,6700301,NC
0.49787492115234283,6700302,NC
0.3828712011905623,6700303,NC
0.22786747973753196,6700304,NC
0.09286375679334764,6700305,NC
-0.027139967641894663,6700306,NC
-0.112143693568099,6700307,NC
-0.19214742098516935,6700308,NC
-0.2521511498930097,6700309,NC
-0.3071548802915239,6700310,NC
-0.3021586121806158,6700311,NC
-0.2971623455601894,6700312,NC
-0.26216608043014833,6700313,NC
-0.22716981679039638,6700314,NC
-0.22717355464083733,6700315,NC
-0.22217729398137487,6700316,NC
-0.22218103481191254,6700317,NC
-0.21718477713235404,6700318,NC
-0.21218852094260288,6700319,NC
-0.2121922662425626,6700320,NC
-0.2171960130321367,6700321,NC
-0.24719976131122862,6700322,NC
-0.2422035110797418,6700323,NC
-0.22720726233757957,6700324,NC
-0.21221101508464535,6700325,NC
-0.2222147693208424,6700326,NC
-0.22721852504607382,6700327,NC
-0.23722228226024306,6700328,NC
-0.25722604096325324,6700329,NC
-0.2272298011550074,6700330,NC
-0.21723356283540884,6700331,NC
-0.21223732600436043,6700332,NC
-0.21724109066176528,6700333,NC
-0.23724485680752636,6700334,NC
-0.25224862444154666,6700335,NC
-0.2422523935637291,6700336,NC
-0.24225616417397652,6700337,NC
-0.23725993627219177,6700338,NC
-0.24226370985827766,6700339,NC
-0.2372674849321369,6700340,NC
-0.22727126149367227,6700341,NC
-0.19727503954278647,6700342,NC
-0.18727881907938207,6700343,NC
-0.18728260010336173,6700344,NC
-0.187286382614628,6700345,NC
-0.17729016661308342,6700346,NC
-0.18229395209863047,6700347,NC
-0.16229773907117165,6700348,NC
-0.1573015275306093,6700349,NC
-0.15730531747684584,6700350,NC
-0.16730910890978365,6700351,NC
-0.15731290182932495,6700352,NC
-0.15231669623537203,6700353,NC
-0.12232049212782714,6700354,NC
-0.11232428950659246,6700355,NC
-0.10232808837157009,6700356,NC
-0.10733188872266221,6700357,NC
-0.11733569055977082,6700358,NC
-0.11233949388279803,6700359,NC
-0.08734329869164575,6700360,NC
-0.06734710498621602,6700361,NC
-0.052350912766410705,6700362,NC
-0.05235472203213169,6700363,NC
-0.05735853278328083,6700364,NC
-0.04736234501975991,6700365,NC
-0.03236615874147071,6700366,NC
-0.0023699739483149587,6700367,NC
0.012626209359805664,6700368,NC
0.012622391182989509,6700369,NC
0.012618571521334963,6700370,NC
0.017614750374940445,6700371,NC
0.03761092774390444,6700372,NC
0.06760710362832542,6700373,NC
0.07760327802830196,6700374,NC
0.07259945094393261,6700375,NC
0.08759562237531601,6700376,NC
0.10759179232255084,6700377,NC
0.12758796078573573,6700378,NC
0.14258412776496945,6700379,NC
0.16758029326035076,6700380,NC
0.18257645727197847,6700381,NC
0.17257261979995145,6700382,NC
0.19756878084436857,6700383,NC
0.21756494040532876,6700384,NC
0.24756109848293095,6700385,NC
0.25255725507727417,6700386,NC
0.25255341018845745,6700387,NC
0.2275495638165799,6700388,NC
0.21754571596174058,6700389,NC
0.20754186662403865,6700390,NC
0.19253801580357335,6700391,NC
0.17753416350044385,6700392,NC
0.14753030971474948,6700393,NC
0.1275264544465895,6700394,NC
0.09752259769606328,6700395,NC
0.08751873946327018,6700396,NC
0.06251487974830962,6700397,NC
0.05251101855128108,6700398,NC
0.022507155872284038,6700399,NC
-0.0024967082885819503,6700400,NC
-0.02750057393121734,6700401,NC
-0.032504441055522484,6700402,NC
-0.037508309661397767,6700403,NC
-0.037512179748743484,6700404,NC
-0.05751605131745992,6700405,NC
-0.08751992436744727,6700406,NC
-0.0975237988986058,6700407,NC
-0.0925276749108356,6700408,NC
-0.10253155240403686,6700409,NC
-0.0975354313781096,6700410,NC
-0.10753931183295393,6700411,NC
-0.1275431937684698,6700412,NC
-0.1325470771845572,6700413,NC
-0.12255096208111602,6700414,NC
-0.11255484845804622,6700415,NC
-0.10755873631524762,6700416,NC
-0.11256262565262007,6700417,NC
-0.11256651647006329,6700418,NC
-0.13257040876747703,6700419,NC
-0.12257430254476104,6700420,NC
-0.10257819780181494,6700421,NC
-0.1025820945385384,6700422,NC
-0.09758599275483093,6700423,NC
-0.11258989245059217,6700424,NC
-0.11759379362572153,6700425,NC
-0.10759769628011859,6700426,NC
-0.09760160041368271,6700427,NC
-0.10260550602631333,6700428,NC
-0.10260941311790976,6700429,NC
-0.11261332168837138,6700430,NC
-0.11261723173759741,6700431,NC
-0.09762114326548715,6700432,NC
-0.10262505627193977,6700433,NC
-0.08262897075685446,6700434,NC
-0.10263288672013032,6700435,NC
-0.12263680416166647,6700436,NC
-0.12264072308136197,6700437,NC
-0.1176446434791158,6700438,NC
-0.10264856535482697,6700439,NC
-0.0926524887083944,6700440,NC
-0.09265641353971701,6700441,NC
-0.10766033984869366,6700442,NC
-0.11766426763522314,6700443,NC
-0.10766819689920432,6700444,NC
-0.10267212764053583,6700445,NC
-0.10767605985911648,6700446,NC
-0.1126799935548449,6700447,NC
-0.13768392872761973,6700448,NC
-0.13768786537733957,6700449,NC
-0.13269180350390297,6700450,NC
-0.12769574310720846,6700451,NC
-0.11769968418715451,6700452,NC
-0.1277036267436396,6700453,NC
-0.14270757077656213,6700454,NC
-0.14271151628582043,6700455,NC
-0.14271546327131285,6700456,NC
-0.11771941173293765,6700457,NC
-0.12272336167059314,6700458,NC
-0.12272731308417753,6700459,NC
-0.147731265973589,6700460,NC
-0.14773522033872563,6700461,NC
-0.1327391761794856,6700462,NC
-0.13774313349576692,6700463,NC
-0.12774709228746764,6700464,NC
-0.13775105255448575,6700465,NC
-0.16275501429671918,6700466,NC
-0.15775897751406584,6700467,NC
-0.14776294220642364,6700468,NC
-0.13276690837369043,6700469,NC
-0.12777087601576392,6700470,NC
-0.13277484513254195,6700471,NC
-0.1477788157239222,6700472,NC
-0.1577827877898024,6700473,NC
-0.15278676133008015,6700474,NC
-0.13779073634465308,6700475,NC
-0.13779471283341876,6700476,NC
-0.14279869079627472,6700477,NC
-0.17280267023311843,6700478,NC
-0.16780665114384738,6700479,NC
-0.16781063352835895,6700480,NC
-0.16281461738655056,6700481,NC
-0.16281860271831955,6700482,NC
-0.1578225895235632,6700483,NC
-0.16282657780217882,6700484,NC
-0.18283056755406357,6700485,NC
-0.1778345587791147,6700486,NC
-0.16783855147722934,6700487,NC
-0.14284254564830462,6700488,NC
-0.16784654129223756,6700489,NC
-0.18785053840892524,6700490,NC
-0.18785453699826468,6700491,NC
-0.18285853706015281,6700492,NC
-0.1578625385944866,6700493,NC
-0.13786654160116288,6700494,NC
-0.1328705460800785,6700495,NC
-0.1478745520311303,6700496,NC
-0.15787855945421508,6700497,NC
-0.14788256834922953,6700498,NC
-0.11788657871607033,6700499,NC
-0.1228905905546342,6700500,NC
-0.13289460386481772,6700501,NC
-0.13789861864651748,6700502,NC
-0.12790263489963005,6700503,NC
-0.12290665262405187,6700504,NC
-0.0779106718196795,6700505,NC
-0.08791469248640929,6700506,NC
-0.0929187146241377,6700507,NC
-0.09292273823276104,6700508,NC
-0.10792676331217566,6700509,NC
-0.1079307898622778,6700510,NC
-0.09293481788296372,6700511,NC
-0.08793884737412964,6700512,NC
-0.10294287833567174,6700513,NC
-0.1229469107674861,6700514,NC
-0.12795094466946885,6700515,NC
-0.127954980041516,6700516,NC
-0.13295901688352363,6700517,NC
-0.12796305519538767,6700518,NC
-0.14296709497700408,6700519,NC
-0.16797113622826873,6700520,NC
-0.1829751789490775,6700521,NC
-0.17297922313932623,6700522,NC
-0.1679832687989107,6700523,NC
-0.17298731592772665,6700524,NC
-0.1829913645256698,6700525,NC
-0.19799541459263584,6700526,NC
-0.2129994661285204,6700527,NC
-0.20800351913321902,6700528,NC
-0.1930075736066273,6700529,NC
-0.18301162954864078,6700530,NC
-0.19801568695915495,6700531,NC
-0.21801974583806527,6700532,NC
-0.22802380618526705,6700533,NC
-0.2480278680006558,6700534,NC
-0.22303193128412677,6700535,NC
-0.21303599603557527,6700536,NC
-0.21304006225489652,6700537,NC
-0.2130441299419858,6700538,NC
-0.22804819909673824,6700539,NC
-0.23805226971904908,6700540,NC
-0.22305634180881334,6700541,NC
-0.22806041536592608,6700542,NC
-0.2530644903902824,6700543,NC
-0.26306856688177727,6700544,NC
-0.2730726448403056,6700545,NC
-0.24307672426576227,6700546,NC
-0.2280808051580423,6700547,NC
-0.23308488751704043,6700548,NC
-0.23308897134265152,6700549,NC
-0.25309305663477033,6700550,NC
-0.2580971433932915,6700551,NC
-0.26810123161810984,6700552,NC
-0.25310532130911995,6700553,NC
-0.2531094124662164,6700554,NC
-0.2581135050892938,6700555,NC
-0.24811759917824677,6700556,NC
-0.2681216947329697,6700557,NC
-0.2381257917533571,6700558,NC
-0.23812989023930342,6700559,NC
-0.233133990190703,6700560,NC
-0.22813809160745022,6700561,NC
-0.23814219448943938,6700562,NC
-0.2531462988365648,6700563,NC
-0.2331504046487206,6700564,NC
-0.21315451192580118,6700565,NC
-0.2131586206677005,6700566,NC
-0.2281627308743127,6700567,NC
-0.2631668425455321,6700568,NC
-0.2531709556812524,6700569,NC
-0.2481750702813679,6700570,NC
-0.22817918634577242,6700571,NC
-0.20318330387435998,6700572,NC
-0.1931874228670244,6700573,NC
-0.1931915433236596,6700574,NC
-0.16819566524415938,6700575,NC
-0.1281997886284175,6700576,NC
-0.05820391347632775,6700577,NC
0.011791960212216193,6700578,NC
0.06678783243732063,6700579,NC
0.13178370319909194,6700580,NC
0.17677957249763654,6700581,NC
0.21677544033306087,6700582,NC
0.2567713067054714,6700583,NC
0.2417671716149746,6700584,NC
0.18676303506167713,6700585,NC
0.0967588970456855,6700586,NC
0.016754757567106357,6700587,NC
-0.028249383373953628,6700588,NC
-0.018253525777387723,6700589,NC
0.02674233035691078,6700590,NC
0.12173818502904868,6700591,NC
0.2217340382391328,6700592,NC
0.34672988998726995,6700593,NC
0.47672574027356707,6700594,NC
0.5767215890981311,6700595,NC
0.6517174364610689,6700596,NC
0.6717132823624877,6700597,NC
0.6217091268024943,6700598,L
0.5367049697811961,6700599,NC
0.4517008112986999,6700600,NC
0.3566966513551129,6700601,NC
0.25169248995054244,6700602,NC
0.16168832708509565,6700603,NC
0.061684162758879835,6700604,NC
-0.048320003027997695,6700605,NC
-0.15332417027542958,6700606,NC
-0.2583283389833085,6700607,NC
-0.3583325091515269,6700608,NC
-0.43833668077997756,6700609,NC
-0.5033408538685528,6700610,NC
-0.5283450284171449,6700611,NC
-0.5083492044256468,6700612,NC
-0.48835338189395056,6700613,NC
-0.45335756082194845,6700614,NC
-0.4283617412095329,6700615,NC
-0.41336592305659625,6700616,NC
-0.39337010636303077,6700617,NC
-0.3433742911287285,6700618,NC
-0.31837847735358166,6700619,NC
-0.29838266503748245,6700620,NC
-0.3183868541803229,6700621,NC
-0.3283910447819951,6700622,NC
-0.33339523684239103,6700623,NC
-0.30839943036140266,6700624,NC
-0.29840362533892195,6700625,NC
-0.30340782177484077,6700626,NC
-0.3084120196690511,6700627,NC
-0.3184162190214446,6700628,NC
-0.30342041983191315,6700629,NC
-0.3084246221003485,6700630,NC
-0.28842882582664237,6700631,NC
-0.2934330310106864,6700632,NC
-0.2784372376523723,6700633,NC
-0.2934414457515916,6700634,NC
-0.28844565530823585,6700635,NC
-0.2834498663221967,6700636,NC
-0.2784540787933655,6700637,NC
-0.26345829272163374,6700638,NC
-0.2684625081068928,6700639,NC
-0.28346672494903424,6700640,NC
-0.2884709432479491,6700641,NC
-0.26847516300352897,6700642,NC
-0.26347938421566497,6700643,NC
-0.24848360688424828,6700644,NC
-0.23848783100917015,6700645,NC
-0.2434920565903218,6700646,NC
-0.24349628362759423,6700647,NC
-0.21850051212087862,6700648,NC
-0.21350474207006587,6700649,NC
-0.2035089734750471,6700650,NC
-0.18851320633571322,6700651,NC
-0.18851744065195516,6700652,NC
-0.19852167642366386,6700653,NC
-0.18352591365073007,6700654,NC
-0.1485301523330447,6700655,NC
-0.1435343924704985,6700656,NC
-0.13853863406298217,6700657,NC
-0.14854287711038644,6700658,NC
-0.143547121612602,6700659,NC
-0.1335513675695194,6700660,NC
-0.09855561498102931,6700661,NC
-0.07355986384702223,6700662,NC
-0.0735641141673887,6700663,NC
-0.07356836594201918,6700664,NC
-0.0685726191708041,6700665,NC
-0.04857687385363389,6700666,NC
-0.023581129990398887,6700667,NC
-0.00858538758098943,6700668,NC
0.0014103533747041874,6700669,NC
0.0014060928767917272,6700670,NC
-0.003598169074617026,6700671,NC
0.02639756752058775,6700672,NC
0.056393302662515896,6700673,NC
0.07138903635127733,6700674,NC
0.05638476858698199,6700675,NC
0.06638049936973986,6700676,NC
0.07137622869966093,6700677,NC
0.08637195657685526,6700678,NC
0.11636768300143291,6700679,NC
0.13136340797350404,6700680,NC
0.1313591314931788,6700681,NC
0.13635485356056737,6700682,NC
0.12635057417578002,6700683,NC
0.14634629333892696,6700684,NC
0.1763420110501186,6700685,NC
0.17633772730946518,6700686,NC
0.1813334421170772,6700687,NC
0.17632915547306494,6700688,NC
0.171324867377539,6700689,NC
0.17132057783060978,6700690,NC
0.16631628683238786,6700691,NC
0.1463119943829838,6700692,NC
0.10630770048250823,6700693,NC
0.06630340513107177,6700694,NC
0.041299108328785104,6700695,NC
0.041294810075758984,6700696,NC
0.02129051037210415,6700697,NC
-0.008713790782068617,6700698,NC
-0.04371809338664848,6700699,NC
-0.06872239744152452,6700700,NC
-0.10872670294658587,6700701,NC
-0.11873100990172158,6700702,NC
-0.1337353183068207,6700703,NC
-0.15373962816177214,6700704,NC
-0.17374393946646488,6700705,NC
-0.20874825222078783,6700706,NC
-0.21875256642462987,6700707,NC
-0.20875688207787976,6700708,NC
-0.20876119918042635,6700709,NC
-0.21876551773215838,6700710,NC
-0.23876983773296456,6700711,NC
-0.2587741591827336,6700712,NC
-0.2587784820813541,6700713,NC
-0.25378280642871476,6700714,NC
-0.22878713222470404,6700715,NC
-0.2487914594692105,6700716,NC
-0.24379578816212266,6700717,NC
-0.25380011830332894,6700718,NC
-0.25880444989271784,6700719,NC
-0.2538087829301776,6700720,NC
-0.2588131174155967,6700721,NC
-0.27381745334886337,6700722,NC
-0.28882179072986586,6700723,NC
-0.2988261295584925,6700724,NC
-0.2888304698346314,6700725,NC
-0.2938348115581708,6700726,NC
-0.2838391547289988,6700727,NC
-0.2888434993470033,6700728,NC
-0.2938478454120726,6700729,NC
-0.2988521929240946,6700730,NC
-0.2938565418829573,6700731,NC
-0.28886089228854855,6700732,NC
-0.26386524414075635,6700733,NC
-0.27886959743946854,6700734,NC
-0.2788739521845729,6700735,NC
-0.2888783083759572,6700736,NC
-0.3038826660135093,6700737,NC
-0.2838870250971168,6700738,NC
-0.27389138562666737,6700739,NC
-0.2738957476020487,6700740,NC
-0.2889001110231484,6700741,NC
-0.29890447588985397,6700742,NC
-0.298908842202053,6700743,NC
-0.30891320995963295,6700744,NC
-0.28891757916248123,6700745,NC
-0.27392194981048534,6700746,NC
-0.2889263219035325,6700747,NC
-0.29393069544151024,6700748,NC
-0.2989350704243058,6700749,NC
-0.29393944685180634,6700750,NC
-0.2739438247238992,6700751,NC
-0.27894820404047155,6700752,NC
-0.2839525848014105,6700753,NC
-0.2939569670066031,6700754,NC
-0.31396135065593667,6700755,NC
-0.30896573574929803,6700756,NC
-0.2939701222865742,6700757,NC
-0.2889745102676522,6700758,NC
-0.293978899692419,6700759,NC
-0.3339832905607615,6700760,NC
-0.3439876828725664,6700761,NC
-0.32399207662772067,6700762,NC
-0.313996471826111,6700763,NC
-0.3090008684676242,6700764,NC
-0.3190052665521469,6700765,NC
-0.33900966607956584,6700766,NC
-0.3490140670497677,6700767,NC
-0.33401846946263886,6700768,NC
-0.31402287331806605,6700769,NC
-0.30902727861593576,6700770,NC
-0.31903168535613446,6700771,NC
-0.3440360935385487,6700772,NC
-0.33904050316306467,6700773,NC
-0.3390449142295689,6700774,NC
-0.3390493267379477,6700775,NC
-0.3240537406880873,6700776,NC
-0.32405815607987404,6700777,NC
-0.33406257291319413,6700778,NC
-0.3440669911879337,6700779,NC
-0.33407141090397896,6700780,NC
-0.319075832061216,6700781,NC
-0.3190802546595308,6700782,NC
-0.32908467869880964,6700783,NC
-0.3440891041789383,6700784,NC
-0.35409353109980274,6700785,NC
-0.33409795946128906,6700786,NC
-0.319102389263283,6700787,NC
-0.3141068205056704,6700788,NC
-0.3191112531883372,6700789,NC
-0.31911568731116907,6700790,NC
-0.3191201228740518,6700791,NC
-0.31912455987687105,6700792,NC
-0.3041289983195125,6700793,NC
-0.29413343820186183,6700794,NC
-0.29913787952380455,6700795,NC
-0.3191423222852263,6700796,NC
-0.31914676648601253,6700797,NC
-0.30415121212604873,6700798,NC
-0.28915565920522035,6700799,NC
-0.2841601077234128,6700800,NC
-0.2741645576805115,6700801,NC
-0.2791690090764017,6700802,NC
-0.30917346191096867,6700803,NC
-0.2841779161840978,6700804,NC
-0.2791823718956742,6700805,NC
-0.28418682904558307,6700806,NC
-0.29919128763370956,6700807,NC
-0.31919574765993886,6700808,NC
-0.3242002091241559,6700809,NC
-0.3142046720262458,6700810,NC
-0.3042091363660936,6700811,NC
-0.3242136021435842,6700812,NC
-0.3392180693586025,6700813,NC
-0.3692225380110334,6700814,NC
-0.36922700810076176,6700815,NC
-0.37423147962767245,6700816,NC
-0.36423595259165015,6700817,NC
-0.3642404269925797,6700818,NC
-0.36924490283034567,6700819,NC
-0.3942493801048329,6700820,NC
-0.3942538588159259,6700821,NC
-0.3942583389635092,6700822,NC
-0.37926282054746746,6700823,NC
-0.37426730356768523,6700824,NC
-0.3792717880240469,6700825,NC
-0.39427627391643694,6700826,NC
-0.4092807612447398,6700827,NC
-0.4092852500088397,6700828,NC
-0.4142897402086211,6700829,NC
-0.3892942318439684,6700830,NC
-0.4092987249147656,6700831,NC
-0.41430321942089704,6700832,NC
-0.424307715362247,6700833,NC
-0.4193122127386995,6700834,NC
-0.4143167115501387,6700835,NC
-0.42932121179644867,6700836,NC
-0.4343257134775135,6700837,NC
-0.44433021659321703,6700838,NC
-0.44433472114344336,6700839,NC
-0.4293392271280764,6700840,NC
-0.4243437345469999,6700841,NC
-0.4193482434000979,6700842,NC
-0.4293527536872542,6700843,NC
-0.44435726540835246,6700844,NC
-0.42436177856327645,6700845,NC
-0.42936629315190994,6700846,NC
-0.41437080917413655,6700847,NC
-0.4293753266298399,6700848,NC
-0.42937984551890357,6700849,NC
-0.4393843658412112,6700850,NC
-0.4393888875966462,6700851,NC
-0.41939341078509207,6700852,NC
-0.4143979354064324,6700853,NC
-0.4144024614605504,6700854,NC
-0.42940698894732954,6700855,NC
-0.4344115178666531,6700856,NC
-0.4594160482184045,6700857,NC
-0.44442058000246687,6700858,NC
-0.42442511321872345,6700859,NC
-0.42442964786705745,6700860,NC
-0.44443418394735207,6700861,NC
-0.4744387214594904,6700862,NC
-0.47944326040335544,6700863,NC
-0.44944780077883023,6700864,NC
-0.4344523425857979,6700865,NC
-0.40945688582414136,6700866,NC
-0.40446143049374345,6700867,NC
-0.3944659765944871,6700868,NC
-0.37447052412625526,6700869,NC
-0.35447507308893056,6700870,NC
-0.284479623482396,6700871,NC
-0.21948417530653425,6700872,NC
-0.1444887285612279,6700873,NC
-0.09949328324635975,6700874,NC
-0.049497839361812374,6700875,NC
0.010497603092531615,6700876,NC
0.020493044116789642,6700877,NC
-0.009511516288920788,6700878,NC
-0.09951607812448215,6700879,NC
-0.20452064138977694,6700880,NC
-0.28452520608468757,6700881,NC
-0.3295297722090963,6700882,NC
-0.28953433976288556,6700883,NC
-0.21453890874593776,6700884,NC
-0.10454347915813497,6700885,NC
0.02545194900064049,6700886,NC
0.15544737573050643,6700887,NC
0.2854428010315807,6700888,NC
0.3704382249039812,6700889,NC
0.3954336473478259,6700890,NC
0.3654290683632326,6700891,L
0.2854244879503194,6700892,NC
0.16541990610920435,6700893,NC
0.07041532284000547,6700894,NC
-0.004589261857159119,6700895,NC
-0.09459384798217127,6700896,NC
-0.18459843553491284,6700897,NC
-0.28960302451526554,6700898,NC
-0.39460761492311125,6700899,NC
-0.5046122067583316,6700900,NC
-0.5796168000208082,6700901,NC
-0.6596213947104227,6700902,NC
-0.6896259908270569,6700903,NC
-0.7146305883705921,6700904,NC
-0.72463518734091,6700905,NC
-0.6846397877378921,6700906,NC
-0.6396443895614197,6700907,NC
-0.5946489928113745,6700908,NC
-0.5746535974876374,6700909,NC
-0.5546582035900903,6700910,NC
-0.5546628111186142,6700911,NC
-0.5396674200730903,6700912,NC
-0.5096720304534,6700913,NC
-0.49967664225942465,6700914,NC
-0.4946812554910451,6700915,NC
-0.5046858701481426,6700916,NC
-0.5046904862305981,6700917,NC
-0.48469510373829283,6700918,NC
-0.48469972267110784,6700919,NC
-0.46970434302892394,6700920,NC
-0.46970896481162216,6700921,NC
-0.46471358801908336,6700922,NC
-0.4747182126511885,6700923,NC
-0.4497228387078184,6700924,NC
-0.4397274661888537,6700925,NC
-0.45973209509417534,6700926,NC
-0.4497367254236639,6700927,NC
-0.45974135717720016,6700928,NC
-0.47974599035466475,6700929,NC
-0.45975062495593827,6700930,NC
-0.44475526098090123,6700931,NC
-0.44475989842943425,6700932,NC
-0.45476453730141786,6700933,NC
-0.4447691775967324,6700934,NC
-0.4597738193152584,6700935,NC
-0.4397784624568762,6700936,NC
-0.41978310702146615,6700937,NC
-0.4097877530089087,6700938,NC
-0.41479240041908383,6700939,NC
-0.42979704925187207,6700940,NC
-0.40480169950715356,6700941,NC
-0.39480635118480845,6700942,NC
-0.38481100428471676,6700943,NC
-0.36981565880675876,6700944,NC
-0.3548203147508144,6700945,NC
-0.3548249721167638,6700946,NC
-0.36482963090448683,6700947,NC
-0.3548342911138635,6700948,NC
-0.31983895274477375,6700949,NC
-0.3248436157970974,6700950,NC
-0.3148482802707144,6700951,NC
-0.32485294616550436,6700952,NC
-0.3198576134813472,6700953,NC
-0.3248622822181227,6700954,NC
-0.29986695237571037,6700955,NC
-0.29487162395398997,6700956,NC
-0.28487629695284117,6700957,NC
-0.28488097137214347,6700958,NC
-0.27488564721177644,6700959,NC
-0.2598903244716195,6700960,NC
-0.2548950031515524,6700961,NC
-0.2098996832514543,6700962,NC
-0.20490436477120472,6700963,NC
-0.194909047710683,6700964,NC
-0.17991373206976846,6700965,NC
-0.1649184178483404,6700966,NC
-0.1349231050462781,6700967,NC
-0.13492779366346078,6700968,NC
-0.15493248369976753,6700969,NC
-0.1649371751550776,6700970,NC
-0.14994186802927006,6700971,NC
-0.13494656232222405,6700972,NC
-0.08495125803381848,6700973,NC
-0.07995595516393239,6700974,NC
-0.08996065371244477,6700975,NC
-0.08496535367923458,6700976,NC
-0.07497005506418064,6700977,NC
-0.06497475786716181,6700978,NC
-0.054979462088056937,6700979,NC
-0.04498416772674481,6700980,NC
-0.03498887478310413,6700981,NC
-0.02499358325701364,6700982,NC
-0.029998293148351986,6700983,NC
-0.025003004456997796,6700984,NC
-0.020007717182829697,6700985,NC
-0.030012431325726244,6700986,NC
-0.06501714688556594,6700987,NC
-0.10002186386222728,6700988,NC
-0.1400265822555887,6700989,NC
-0.16003130206552865,6700990,NC
-0.1900360232919255,6700991,NC
-0.2000407459346576,6700992,NC
-0.25004546999360316,6700993,NC
-0.2950501954686406,6700994,NC
-0.32005492235964805,6700995,NC
-0.3250596506665038,6700996,NC
-0.3250643803890858,6700997,NC
-0.34506911152727243,6700998,NC
-0.36507384408094157,6700999,NC
-0.40507857804997144,6701000,NC
-0.41008331343424,6701001,NC
-0.42508805023362506,6701002,NC
-0.4200927884480048,6701003,NC
-0.410097528077257,6701004,NC
-0.4151022691212595,6701005,NC
-0.4351070115798903,6701006,NC
-0.445111755453027,6701007,NC
-0.4301165007405474,6701008,NC
-0.43512124744232933,6701009,NC
-0.42512599555825037,6701010,NC
-0.4251307450881882,6701011,NC
-0.4401354960320204,6701012,NC
-0.46514024838962464,6701013,NC
-0.4601450021608784,6701014,NC
-0.4501497573456591,6701015,NC
-0.4501545139438443,6701016,NC
-0.4451592719553114,6701017,NC
-0.4701640313799379,6701018,NC
-0.455168792217601,6701019,NC
-0.4651735544681781,6701020,NC
-0.4551783181315464,6701021,NC
-0.45518308320758327,6701022,NC
-0.4451878496961659,6701023,NC
-0.45519261759717144,6701024,NC
-0.46519738691047696,6701025,NC
-0.4602021576359597,6701026,NC
-0.4502069297734966,6701027,NC
-0.4402117033229647,6701028,NC
-0.4552164782842411,6701029,NC
-0.4502212546572027,6701030,NC
-0.4552260324417264,6701031,NC
-0.435230811637689,6701032,NC
-0.41523559224496753,6701033,NC
-0.41024037426343873,6701034,NC
-0.44024515769297934,6701035,NC
-0.4602499425334661,6701036,NC
-0.48025472878477576,6701037,NC
-0.4652595164467849,6701038,NC
-0.4552643055193703,6701039,NC
-0.4402690960024084,6701040,NC
-0.44027388789577576,6701041,NC
-0.455278681199349,6701042,NC
-0.49028347591300464,6701043,NC
-0.48028827203661895,6701044,NC
-0.47029306957006844,6701045,NC
-0.4702978685132295,6701046,NC
-0.4703026688659785,6701047,NC
-0.4903074706281917,6701048,NC
-0.5003122737997453,6701049,NC
-0.4753170783805155,6701050,NC
-0.46032188437037874,6701051,NC
-0.4553266917692109,6701052,NC
-0.47033150057688833,6701053,NC
-0.490336310793287,6701054,NC
-0.49534112241828293,6701055,NC
-0.4803459354517522,6701056,NC
-0.4703507498935707,6701057,NC
-0.46035556574361447,6701058,NC
-0.4753603830017593,6701059,NC
-0.48536520166788116,6701060,NC
-0.5003700217418559,6701061,NC
-0.48537484322355917,6701062,NC
-0.46037966611286685,6701063,NC
-0.46038449040965457,6701064,NC
-0.4653893161137982,6701065,NC
-0.48539414322517316,6701066,NC
-0.5003989717436552,6701067,NC
-0.47540380166911983,6701068,NC
-0.46040863300144264,6701069,NC
-0.4504134657404991,6701070,NC
-0.4504182998861647,6701071,NC
-0.47542313543831494,6701072,NC
-0.47042797239682504,6701073,NC
-0.4654328107615705,6701074,NC
-0.4504376505324266,6701075,NC
-0.44544249170926864,6701076,NC
-0.45044733429197187,6701077,NC
-0.46545217828041147,6701078,NC
-0.4754570236744627,6701079,NC
-0.4804618704740006,6701080,NC
-0.46546671867890027,6701081,NC
-0.47547156828903686,6701082,NC
-0.5054764193042854,6701083,NC
-0.5254812717245207,6701084,NC
-0.5354861255496182,6701085,NC
-0.5104909807794522,6701086,NC
-0.5004958374138981,6701087,NC
-0.4905006954528305,6701088,NC
-0.49550555489612425,6701089,NC
-0.5005104157436541,6701090,NC
-0.4955152779952948,6701091,NC
-0.46552014165092115,6701092,NC
-0.4355250067104077,6701093,NC
-0.43552987317362923,6701094,NC
-0.43053474104046024,6701095,NC
-0.4455396103107753,6701096,NC
-0.445544480984449,6701097,NC
-0.42554935306135566,6701098,NC
-0.40055422654136996,6701099,NC
-0.4055591014243662,6701100,NC
-0.4055639777102187,6701101,NC
-0.4005688553988019,6701102,NC
-0.4005737344899901,6701103,NC
-0.40057861498365754,6701104,NC
-0.40558349687967854,6701105,NC
-0.3905883801779272,6701106,NC
-0.3955932648782777,6701107,NC
-0.41559815098060415,6701108,NC
-0.42560303848478076,6701109,NC
-0.4256079273906815,6701110,NC
-0.4256128176981804,6701111,NC
-0.42561770940715143,6701112,NC
-0.4306226025174686,6701113,NC
-0.45062749702900573,6701114,NC
-0.4506323929416368,6701115,NC
-0.4556372902552356,6701116,NC
-0.45564218896967584,6701117,NC
-0.4556470890848314,6701118,NC
-0.46065199060057604,6701119,NC
-0.47565689351678336,6701120,NC
-0.4806617978333271,6701121,NC
-0.47566670355008084,6701122,NC
-0.48567161066691816,6701123,NC
-0.47067651918371256,6701124,NC
-0.49068142910033774,6701125,NC
-0.5206863404166668,6701126,NC
-0.5356912531325737,6701127,NC
-0.5156961672479315,6701128,NC
-0.5107010827626137,6701129,NC
-0.4907059996764937,6701130,NC
-0.5007109179894446,6701131,NC
-0.5307158377013397,6701132,NC
-0.5357207588120523,6701133,NC
-0.5357256813214556,6701134,NC
-0.5107306052294227,6701135,NC
-0.5107355305358268,6701136,NC
-0.5157404572405409,6701137,NC
-0.5207453853434381,6701138,NC
-0.5307503148443913,6701139,NC
-0.5307552457432736,6701140,NC
-0.535760178039958,6701141,NC
-0.5107651117343172,6701142,NC
-0.5157700468262242,6701143,NC
-0.5357749833155518,6701144,NC
-0.5557799212021728,6701145,NC
-0.54078486048596,6701146,NC
-0.530789801166786,6701147,NC
-0.5207947432445236,6701148,NC
-0.5157996867190453,6701149,NC
-0.530804631590224,6701150,NC
-0.535809577857932,6701151,NC
-0.520814525522042,6701152,NC
-0.5058194745824265,6701153,NC
-0.4908244250389578,6701154,NC
-0.5158293768915084,6701155,NC
-0.520834330139951,6701156,NC
-0.5208392847841575,6701157,NC
-0.5058442408240006,6701158,NC
-0.5008491982593524,6701159,NC
-0.48585415709008517,6701160,NC
-0.5008591173160711,6701161,NC
-0.48086407893718247,6701162,NC
-0.45586904195329137,6701163,NC
-0.41587400636426985,6701164,NC
-0.3408789721699902,6701165,NC
-0.27588393937032424,6701166,NC
-0.18088890796514406,6701167,NC
-0.1058938779543216,6701168,NC
-0.04589884933772883,6701169,NC
-0.03590382211523761,6701170,NC
-0.050908796286719814,6701171,NC
-0.13591377185204725,6701172,NC
-0.2409187488110917,6701173,NC
-0.345923727163725,6701174,NC
-0.3559287069098187,6701175,NC
-0.2859336880492447,6701176,NC
-0.14593867058187446,6701177,NC
0.019056345492420357,6701178,NC
0.19405136017376817,6701179,NC
0.2990463734622974,6701180,NC
0.3440413853581366,6701181,NC
0.3190363958614144,6701182,L
0.23903140497225916,6701183,NC
0.10402641269079962,6701184,NC
-0.03097858098283559,6701185,NC
-0.1709835760485178,6701186,NC
-0.2859885725061183,6701187,NC
-0.38599357035550835,6701188,NC
-0.4909985695965592,6701189,NC
-0.5960035702291419,6701190,NC
-0.7060085722531276,6701191,NC
-0.7960135756683876,6701192,NC
-0.8460185804747928,6701193,NC
-0.8660235866722144,6701194,NC
-0.8360285942605231,6701195,NC
-0.8060336032395901,6701196,NC
-0.7460386136092862,6701197,NC
-0.7210436253694825,6701198,NC
-0.6960486385200496,6701199,NC
-0.6760536530608584,6701200,NC
-0.6560586689917798,6701201,NC
-0.6360636863126844,6701202,NC
-0.651068705023443,6701203,NC
-0.6360737251239263,6701204,NC
-0.6410787466140049,6701205,NC
-0.6060837694935494,6701206,NC
-0.5910887937624303,6701207,NC
-0.5810938194205182,6701208,NC
-0.5860988464676835,6701209,NC
-0.5961038749037969,6701210,NC
-0.6061089047287286,6701211,NC
-0.5961139359423491,6701212,NC
-0.5861189685445286,6701213,NC
-0.5761240025351376,6701214,NC
-0.5811290379140464,6701215,NC
-0.6011340746811251,6701216,NC
-0.591139112836244,6701217,NC
-0.5761441523792732,6701218,NC
-0.5561491933100828,6701219,NC
-0.5561542356285432,6701220,NC
-0.5611592793345241,6701221,NC
-0.5661643244278959,6701222,NC
-0.5761693709085282,6701223,NC
-0.5611744187762912,6701224,NC
-0.5311794680310546,6701225,NC
-0.5211845186726887,6701226,NC
-0.5261895707010631,6701227,NC
-0.5411946241160476,6701228,NC
-0.5361996789175119,6701229,NC
-0.521204735105326,6701230,NC
-0.4912097926793594,6701231,NC
-0.4812148516394818,6701232,NC
-0.5012199119855629,6701233,NC
-0.5062249737174723,6701234,NC
-0.5062300368350796,6701235,NC
-0.4962351013382542,6701236,NC
-0.4712401672268657,6701237,NC
-0.4512452345007835,6701238,NC
-0.4412503031598771,6701239,NC
-0.4512553732040159,6701240,NC
-0.4312604446330691,6701241,NC
-0.42126551744690616,6701242,NC
-0.40127059164539636,6701243,NC
-0.36127566722840887,6701244,NC
-0.35128074419581296,6701245,NC
-0.35628582254747776,6701246,NC
-0.3562909022832724,6701247,NC
-0.3412959834030661,6701248,NC
-0.3113010659067278,6701249,NC
-0.29130614979412656,6701250,NC
-0.29131123506513135,6701251,NC
-0.29631632171961125,6701252,NC
-0.29632140975743504,6701253,NC
-0.26632649917847173,6701254,NC
-0.2363315899825901,6701255,NC
-0.216336682169659,6701256,NC
-0.2163417757395472,6701257,NC
-0.2113468706921234,6701258,NC
-0.2213519670272564,6701259,NC
-0.1963570647448148,6701260,NC
-0.1663621638446673,6701261,NC
-0.13636726432668242,6701262,NC
-0.1513723661907288,6701263,NC
-0.16637746943667503,6701264,NC
-0.14138257406438948,6701265,NC
-0.12638768007374063,6701266,NC
-0.10639278746459702,6701267,NC
-0.08639789623682692,6701268,NC
-0.09140300639029872,6701269,NC
-0.10640811792488078,6701270,NC
-0.12141323084044131,6701271,NC
-0.13641834513684864,6701272,NC
-0.14142346081397092,6701273,NC
-0.16142857787167636,6701274,NC
-0.19143369630983306,6701275,NC
-0.21143881612830917,6701276,NC
-0.23644393732697275,6701277,NC
-0.25144905990569183,6701278,NC
-0.27145418386433445,6701279,NC
-0.29145930920276847,6701280,NC
-0.32146443592086194,6701281,NC
-0.3414695640184827,6701282,NC
-0.37647469349549856,6701283,NC
-0.39147982435177736,6701284,NC
-0.39648495658718697,6701285,NC
-0.40149009020159504,6701286,NC
-0.4214952251948693,6701287,NC
-0.42650036156687754,6701288,NC
-0.4415054993174873,6701289,NC
-0.45151063844656614,6701290,NC
-0.4365157789539817,6701291,NC
-0.4265209208396016,6701292,NC
-0.4365260641032932,6701293,NC
-0.45653120874492403,6701294,NC
-0.4565363547643615,6701295,NC
-0.45654150216147305,6701296,NC
-0.446546650936126,6701297,NC
-0.44155180108818765,6701298,NC
-0.4515569526175254,6701299,NC
-0.45656210552400633,6701300,NC
-0.4765672598074978,6701301,NC
-0.466572415467867,6701302,NC
-0.46157757250498094,6701303,NC
-0.4565827309187068,6701304,NC
-0.4715878907089117,6701305,NC
-0.4865930518754627,6701306,NC
-0.4815982144182267,6701307,NC
-0.48160337833707073,6701308,NC
-0.4466085436318617,6701309,NC
-0.44161371030246654,6701310,NC
-0.4516188783487521,6701311,NC
-0.47662404777058526,6701312,NC
-0.4866292185678327,6701313,NC
-0.48663439074036124,6701314,NC
-0.4766395642880376,6701315,NC
-0.46164473921072846,6701316,NC
-0.45164991550830047,6701317,NC
-0.46165509318062026,6701318,NC
-0.48166027222755436,6701319,NC
-0.4716654526489694,6701320,NC
-0.46167063444473183,6701321,NC
-0.4516758176147081,6701322,NC
-0.47168100215876474,6701323,NC
-0.47668618807676805,6701324,NC
-0.4816913753685845,6701325,NC
-0.4816965640340803,6701326,NC
-0.46170175407312175,6701327,NC
-0.44670694548557527,6701328,NC
-0.466712138271307,6701329,NC
-0.47671733243018305,6701330,NC
-0.47172252796206965,6701331,NC
-0.4667277248668329,6701332,NC
-0.4617329231443389,6701333,NC
-0.4567381227944537,6701334,NC
-0.45174332381704335,6701335,NC
-0.4717485262119737,6701336,NC
-0.47175372997911086,6701337,NC
-0.46675893511832056,6701338,NC
-0.4567641416294688,6701339,NC
-0.4467693495124214,6701340,NC
-0.4667745587670442,6701341,NC
-0.4767797693932028,6701342,NC
-0.45678498139076307,6701343,NC
-0.4617901947595907,6701344,NC
-0.46679540949955134,6701345,NC
-0.45680062561051055,6701346,NC
-0.46180584309233397,6701347,NC
-0.46681106194488714,6701348,NC
-0.4768162821680356,6701349,NC
-0.46682150376164483,6701350,NC
-0.46682672672558023,6701351,NC
-0.4568319510597073,6701352,NC
-0.46683717676389136,6701353,NC
-0.48684240383799776,6701354,NC
-0.47184763228189175,6701355,NC
-0.4618528620954387,6701356,NC
-0.4618580932785038,6701357,NC
-0.4468633258309523,6701358,NC
-0.4618685597526493,6701359,NC
-0.4718737950434599,6701360,NC
-0.4818790317032493,6701361,NC
-0.4818842697318825,6701362,NC
-0.47188950912922445,6701363,NC
-0.4668947498951403,6701364,NC
-0.47189999202949484,6701365,NC
-0.47690523553215314,6701366,NC
-0.48191048040298,6701367,NC
-0.4669157266418403,6701368,NC
-0.4519209742485988,6701369,NC
-0.4669262232231203,6701370,NC
-0.47693147356526955,6701371,NC
-0.5019367252749113,6701372,NC
-0.5069419783519101,6701373,NC
-0.47694723279613077,6701374,NC
-0.46695248860743777,6701375,NC
-0.4619577457856957,6701376,NC
-0.4519630043307691,6701377,NC
-0.46196826424252246,6701378,NC
-0.47697352552082023,6701379,NC
-0.45697878816552684,6701380,NC
-0.44198405217650666,6701381,NC
-0.4219893175536241,6701382,NC
-0.4319945842967435,6701383,NC
-0.43699985240572903,6701384,NC
-0.44700512188044506,6701385,NC
-0.4170103927207557,6701386,NC
-0.40201566492652524,6701387,NC
-0.3870209384976177,6701388,NC
-0.4020262134338973,6701389,NC
-0.412031489735228,6701390,NC
-0.4020367674014739,6701391,NC
-0.37704204643249906,6701392,NC
-0.3570473268281673,6701393,NC
-0.3570526085883427,6701394,NC
-0.3520578917128892,6701395,NC
-0.3620631762016704,6701396,NC
-0.37706846205455036,6701397,NC
-0.36207374927139285,6701398,NC
-0.3570790378520615,6701399,NC
-0.35708432779642013,6701400,NC
-0.3620896191043324,6701401,NC
-0.377094911775662,6701402,NC
-0.3821002058102725,6701403,NC
-0.3871055012080275,6701404,NC
-0.37211079796879054,6701405,NC
-0.3671160960924251,6701406,NC
-0.3871213955787947,6701407,NC
-0.3871266964277628,6701408,NC
-0.41213199863919275,6701409,NC
-0.4171373022129479,6701410,NC
-0.4121426071488917,6701411,NC
-0.4071479134468874,6701412,NC
-0.4021532211067982,6701413,NC
-0.4221585301284873,6701414,NC
-0.42716384051181805,6701415,NC
-0.42716915225665353,6701416,NC
-0.43717446536285687,6701417,NC
-0.4171797798302911,6701418,NC
-0.43718509565881936,6701419,NC
-0.4521904128483047,6701420,NC
-0.45719573139861,6701421,NC
-0.4572010513095982,6701422,NC
-0.43720637258113226,6701423,NC
-0.4272116952130751,6701424,NC
-0.45221701920528956,6701425,NC
-0.4572223445576384,6701426,NC
-0.4772276712699844,6701427,NC
-0.4672329993421903,6701428,NC
-0.4622383287741188,6701429,NC
-0.4422436595656326,6701430,NC
-0.4472489917165943,6701431,NC
-0.46225432522686655,6701432,NC
-0.4672596600963119,6701433,NC
-0.46226499632479284,6701434,NC
-0.43727033391217185,6701435,NC
-0.44227567285831143,6701436,NC
-0.462281013163074,6701437,NC
-0.45728635482632196,6701438,NC
-0.4722916978479177,6701439,NC
-0.4722970422277234,6701440,NC
-0.4423023879656014,6701441,NC
-0.432307735061414,6701442,NC
-0.43731308351502346,6701443,NC
-0.45231843332629185,6701444,NC
-0.4623237844950814,6701445,NC
-0.4423291370212541,6701446,NC
-0.43233449090467213,6701447,NC
-0.4173398461451975,6701448,NC
-0.44734520274269224,6701449,NC
-0.46235056069701824,6701450,NC
-0.4623559200080375,6701451,NC
-0.44736128067561187,6701452,NC
-0.4323666426996033,6701453,NC
-0.4323720060798735,6701454,NC
-0.4223773708162844,6701455,NC
-0.44238273690869767,6701456,NC
-0.43738810435697506,6701457,NC
-0.4173934731609782,6701458,NC
-0.4023988433205689,6701459,NC
-0.3974042148356086,6701460,NC
-0.38240958770595895,6701461,NC
-0.3674149619314815,6701462,NC
-0.36742033751203784,6701463,NC
-0.32742571444748936,6701464,NC
-0.2724310927376975,6701465,NC
-0.21743647238252373,6701466,NC
-0.15244185338182936,6701467,NC
-0.09744723573547578,6701468,NC
-0.05245261944332429,6701469,NC
-0.01245800450523614,6701470,NC
0.022536609078927412,6701471,NC
0.01253122130930518,6701472,NC
-0.027474167813963987,6701473,NC
-0.12747955829074126,6701474,NC
-0.2124849501208877,6701475,NC
-0.2874903433042644,6701476,NC
-0.2924957378407323,6701477,NC
-0.2525011337301525,6701478,NC
-0.17750653097238592,6701479,NC
-0.07251192956729345,6701480,NC
0.04748267048526397,6701481,NC
0.18247726918542553,6701482,NC
0.2824718665333304,6701483,NC
0.33746646252911777,6701484,NC
0.357461057172927,6701485,NC
0.2924556504648972,6701486,L
0.21245024240516788,6701487,NC
0.09244483299387826,6701488,NC
0.0074394222311677805,6701489,NC
-0.08256598988282415,6701490,NC
-0.18757140334795802,6701491,NC
-0.2775768181640944,6701492,NC
-0.3825822343310937,6701493,NC
-0.47258765184881635,6701494,NC
-0.5475930707171228,6701495,NC
-0.6175984909358735,6701496,NC
-0.6776039125049285,6701497,NC
-0.7076093354241483,6701498,NC
-0.7176147596933932,6701499,NC
-0.6976201853125232,6701500,NC
-0.6576256122813988,6701501,NC
-0.60763104059988,6701502,NC
-0.5776364702678268,6701503,NC
-0.5526419012850995,6701504,NC
-0.517647333651558,6701505,NC
-0.4876527673670624,6701506,NC
-0.46765820243147266,6701507,NC
-0.4476636388446487,6701508,NC
-0.44766907660645044,6701509,NC
-0.45767451571673784,6701510,NC
-0.4526799561753706,6701511,NC
-0.44768539798220863,6701512,NC
-0.43269084113711165,6701513,NC
-0.4176962856399394,6701514,NC
-0.4177017314905516,6701515,NC
-0.42270717868880797,6701516,NC
-0.4377126272345681,6701517,NC
-0.41271807712769165,6701518,NC
-0.40272352836803804,6701519,NC
-0.3927289809554669,6701520,NC
-0.4077344348898377,6701521,NC
-0.40773989017100987,6701522,NC
-0.41274534679884295,6701523,NC
-0.39775080477319624,6701524,NC
-0.37775626409392904,6701525,NC
-0.3627617247609008,6701526,NC
-0.36276718677397074,6701527,NC
-0.37277265013299815,6701528,NC
-0.36777811483784223,6701529,NC
-0.3577835808883621,6701530,NC
-0.34278904828441703,6701531,NC
-0.33779451702586605,6701532,NC
-0.3427999871125682,6701533,NC
-0.34780545854438266,6701534,NC
-0.3328109313211683,6701535,NC
-0.31781640544278417,6701536,NC
-0.3028218809090892,6701537,NC
-0.2778273577199423,6701538,NC
-0.28283283587520236,6701539,NC
-0.29283831537472815,6701540,NC
-0.2878437962183785,6701541,NC
-0.27284927840601225,6701542,NC
-0.262854761937488,6701543,NC
-0.24286024681266458,6701544,NC
-0.20786573303140057,6701545,NC
-0.21787122059355465,6701546,NC
-0.21787670949898535,6701547,NC
-0.20288219974755126,6701548,NC
-0.19288769133911093,6701549,NC
-0.18789318427352283,6701550,NC
-0.1678986785506454,6701551,NC
-0.1579041741703371,6701552,NC
-0.14790967113245632,6701553,NC
-0.10791516943686134,6701554,NC
-0.11292066908341053,6701555,NC
-0.10792617007196219,6701556,NC
-0.10793167240237453,6701557,NC
-0.11793717607450578,6701558,NC
-0.10294268108821411,6701559,NC
-0.07294818744335767,6701560,NC
-0.0479536951397946,6701561,NC
-0.032959204177382934,6701562,NC
-0.032964714555980705,6701563,NC
-0.03297022627544595,6701564,NC
-0.012975739335636637,6701565,NC
-0.012981253736410708,6701566,NC
0.03201323052237397,6701567,NC
0.042007713440859504,6701568,NC
0.04700219501918803,6701569,NC
0.0419966752575018,6701570,NC
0.04699115415594303,6701571,NC
0.06198563171465398,6701572,NC
0.07698010793377699,6701573,NC
0.09197458281345436,6701574,NC
0.11696905635382847,6701575,NC
0.10196352855504173,6701576,NC
0.08695799941723661,6701577,NC
0.10695246894055555,6701578,NC
0.11694693712514108,6701579,NC
0.11694140397113573,6701580,NC
0.0969358694786821,6701581,NC
0.06693033364792281,6701582,NC
0.0419247964790005,6701583,NC
0.041919257972057845,6701584,NC
0.021913718127237566,6701585,NC
0.011908176944682436,6701586,NC
-0.028097365575464772,6701587,NC
-0.04810290943306126,6701588,NC
-0.07810845462796413,6701589,NC
-0.09311400116003052,6701590,NC
-0.1131195490291175,6701591,NC
-0.12812509823508206,6701592,NC
-0.14313064877778128,6701593,NC
-0.1781362006570721,6701594,NC
-0.18814175387281146,6701595,NC
-0.18814730842485622,6701596,NC
-0.18315286431306332,6701597,NC
-0.19815842153728958,6701598,NC
-0.2131639800973918,6701599,NC
-0.2181695399932267,6701600,NC
-0.253175101224651,6701601,NC
-0.2431806637915214,6701602,NC
-0.22318622769369467,6701603,NC
-0.22319179293102737,6701604,NC
-0.24319735950337598,6701605,NC
-0.26320292741059725,6701606,NC
-0.2832084966525476,6701607,NC
-0.26821406722908353,6701608,NC
-0.25321963914006146,6701609,NC
-0.24322521238533787,6701610,NC
-0.24823078696476913,6701611,NC
-0.24823636287821157,6701612,NC
-0.2632419401255216,6701613,NC
-0.2532475187065553,6701614,NC
-0.2382530986211691,6701615,NC
-0.2382586798692192,6701616,NC
-0.2532642624505617,6701617,NC
-0.24826984636505284,6701618,NC
-0.2582754316125486,6701619,NC
-0.2382810181929052,6701620,NC
-0.23328660610597857,6701621,NC
-0.22829219535162487,6701622,NC
-0.23829778592969983,6701623,NC
-0.23830337784005956,6701624,NC
-0.24830897108255998,6701625,NC
-0.22831456565705693,6701626,NC
-0.18332016156340616,6701627,NC
-0.17832575880146362,6701628,NC
-0.1833313573710849,6701629,NC
-0.21333695727212593,6701630,NC
-0.2283425585044423,6701631,NC
-0.23334816106788964,6701632,NC
-0.2233537649623237,6701633,NC
-0.22335937018759996,6701634,NC
-0.22836497674357403,6701635,NC
-0.25837058463010143,6701636,NC
-0.2783761938470377,6701637,NC
-0.2583818043942382,6701638,NC
-0.24338741627155844,6701639,NC
-0.2333930294788538,6701640,NC
-0.2483986440159796,6701641,NC
-0.25840425988279125,6701642,NC
-0.26840987707914393,6701643,NC
-0.2584154956048929,6701644,NC
-0.23842111545989342,6701645,NC
-0.22342673664400076,6701646,NC
-0.22843235915706994,6701647,NC
-0.23843798299895602,6701648,NC
-0.23844360816951427,6701649,NC
-0.22344923466859967,6701650,NC
-0.2184548624960672,6701651,NC
-0.21846049165177184,6701652,NC
-0.22346612213556852,6701653,NC
-0.26347175394731215,6701654,NC
-0.25847738708685775,6701655,NC
-0.23848302155405993,6701656,NC
-0.23348865734877366,6701657,NC
-0.21849429447085372,6701658,NC
-0.2284999329201548,6701659,NC
-0.24350557269653153,6701660,NC
-0.24351121379983873,6701661,NC
-0.23851685622993093,6701662,NC
-0.2385224999866628,6701663,NC
-0.22352814506988888,6701664,NC
-0.2435337914794637,6701665,NC
-0.25853943921524175,6701666,NC
-0.2535450882770775,6701667,NC
-0.24355073866482543,6701668,NC
-0.22355639037833994,6701669,NC
-0.22356204341747532,6701670,NC
-0.24356769778208592,6701671,NC
-0.25357335347202603,6701672,NC
-0.25857901048715,6701673,NC
-0.25358466882731195,6701674,NC
-0.2535903284923662,6701675,NC
-0.21859598948216674,6701676,NC
-0.2286016517965678,6701677,NC
-0.23360731543542343,6701678,NC
-0.23361298039858774,6701679,NC
-0.23861864668591473,6701680,NC
-0.21362431429725842,6701681,NC
-0.21362998323247268,6701682,NC
-0.22363565349141146,6701683,NC
-0.2586413250739287,6701684,NC
-0.2836469979798782,6701685,NC
-0.26865267220911376,6701686,NC
-0.2536583477614892,6701687,NC
-0.2486640246368583,6701688,NC
-0.23866970283507474,6701689,NC
-0.25367538235599224,6701690,NC
-0.24368106319946434,6701691,NC
-0.2236867453653448,6701692,NC
-0.19869242885348706,6701693,NC
-0.1936981136637448,6701694,NC
-0.2087037997959714,6701695,NC
-0.21370948725002042,6701696,NC
-0.2087151760257453,6701697,NC
-0.19872086612299938,6701698,NC
-0.1837265575416361,6701699,NC
-0.16873225028150884,6701700,NC
-0.15373794434247084,6701701,NC
-0.1737436397243754,6701702,NC
-0.1637493364270757,6701703,NC
-0.14875503445042504,6701704,NC
-0.1487607337942765,6701705,NC
-0.1387664344584833,6701706,NC
-0.15377213644289844,6701707,NC
-0.16877783974737512,6701708,NC
-0.18378354437176628,6701709,NC
-0.16878925031592495,6701710,NC
-0.15379495757970413,6701711,NC
-0.15880066616295668,6701712,NC
-0.16880637606553553,6701713,NC
-0.20381208728729355,6701714,NC
-0.2038177998280836,6701715,NC
-0.1838235136877584,6701716,NC
-0.1838292288661708,6701717,NC
-0.1838349453631735,6701718,NC
-0.20884066317861918,6701719,NC
-0.23384638231236046,6701720,NC
-0.24885210276425004,6701721,NC
-0.2438578245341405,6701722,NC
-0.2438635476218844,6701723,NC
-0.24386927202733422,6701724,NC
-0.2588749977503425,6701725,NC
-0.27888072479076165,6701726,NC
-0.2788864531484441,6701727,NC
-0.27389218282324235,6701728,NC
-0.2638979138150086,6701729,NC
-0.24890364612359525,6701730,NC
-0.2589093797488546,6701731,NC
-0.27391511469063884,6701732,NC
-0.27392085094880025,6701733,NC
-0.26892658852319096,6701734,NC
-0.2589323274136632,6701735,NC
-0.23393806762006897,6701736,NC
-0.23394380914226046,6701737,NC
-0.26894955198008974,6701738,NC
-0.27895529613340875,6701739,NC
-0.26896104160206946,6701740,NC
-0.2689667883859239,6701741,NC
-0.24897253648482387,6701742,NC
-0.25397828589862137,6701743,NC
-0.24898403662716817,6701744,NC
-0.26398978867031614,6701745,NC
-0.26399554202791703,6701746,NC
-0.24900129669982252,6701747,NC
-0.2390070526858844,6701748,NC
-0.23901280998595437,6701749,NC
-0.25401856859988403,6701750,NC
-0.254024328527525,6701751,NC
-0.2640300897687288,6701752,NC
-0.2640358523233471,6701753,NC
-0.24904161619123122,6701754,NC
-0.2390473813722328,6701755,NC
-0.23905314786620321,6701756,NC
-0.26905891567299395,6701757,NC
-0.2640646847924562,6701758,NC
-0.2740704552244415,6701759,NC
-0.279076226968801,6701760,NC
-0.26908200002538607,6701761,NC
-0.2740877743940479,6701762,NC
-0.2890935500746377,6701763,NC
-0.29909932706700665,6701764,NC
-0.2991051053710059,6701765,NC
-0.2941108849864865,6701766,NC
-0.28911666591329965,6701767,NC
-0.28912244815129623,6701768,NC
-0.2741282317003273,6701769,NC
-0.24913401656024378,6701770,NC
-0.21413980273089672,6701771,NC
-0.19914559021213693,6701772,NC
-0.18415137900381526,6701773,NC
-0.16915716910578263,6701774,NC
-0.11416296051788977,6701775,NC
-0.044168753239987445,6701776,NC
0.0408254527280736,6701777,NC
0.11081965738644264,6701778,NC
0.17081386073526905,6701779,NC
0.1808080627747022,6701780,NC
0.18080226350489148,6701781,NC
0.16079646292598634,6701782,NC
0.13079066103813622,6701783,NC
0.0757848578414907,6701784,NC
-0.01422094666380079,6701785,NC
-0.0892267524775886,6701786,NC
-0.09923255959972313,6701787,NC
-0.04423836803005477,6701788,NC
0.07575582223156618,6701789,NC
0.20575001118528943,6701790,NC
0.3107441988312647,6701791,NC
0.3907383851696418,6701792,NC
0.4457325702005705,6701793,NC
0.4857267539242006,6701794,NC
0.49572093634068215,6701795,L
0.4407151174501649,6701796,NC
0.34070929725279875,6701797,NC
0.1807034757487339,6701798,NC
0.07069765293812015,6701799,NC
-0.03430817117889235,6701800,NC
-0.12931399660215356,6701801,NC
-0.2143198233315134,6701802,NC
-0.31932565136682156,6701803,NC
-0.4193314807079281,6701804,NC
-0.4893373113546827,6701805,NC
-0.549343143306935,6701806,NC
-0.5593489765645349,6701807,NC
-0.574354811127332,6701808,NC
-0.579360646995176,6701809,NC
-0.5793664841679164,6701810,NC
-0.5743723226454028,6701811,NC
-0.5193781624274849,6701812,NC
-0.4793840035140122,6701813,NC
-0.4543898459048341,6701814,NC
-0.41439568959980005,6701815,NC
-0.4144015345987595,6701816,NC
-0.3994073809015618,6701817,NC
-0.3694132285080563,6701818,NC
-0.35441907741809237,6701819,NC
-0.3494249276315193,6701820,NC
-0.3544307791481862,6701821,NC
-0.3594366319679424,6701822,NC
-0.3694424860906371,6701823,NC
-0.36444834151611943,6701824,NC
-0.3344541982442385,6701825,NC
-0.32446005627484337,6701826,NC
-0.3294659156077831,6701827,NC
-0.3344717762429067,6701828,NC
-0.32447763818006314,6701829,NC
-0.3294835014191014,6701830,NC
-0.3244893659598704,6701831,NC
-0.32449523180221895,6701832,NC
-0.32950109894599594,6701833,NC
-0.31950696739105017,6701834,NC
-0.3145128371372305,6701835,NC
-0.30951870818438554,6701836,NC
-0.30452458053236414,6701837,NC
-0.3195304541810149,6701838,NC
-0.3195363291301864,6701839,NC
-0.3345422053797274,6701840,NC
-0.3395480829294864,6701841,NC
-0.32955396177931195,6701842,NC
-0.30955984192905256,6701843,NC
-0.2995657233785567,6701844,NC
-0.2995716061276728,6701845,NC
-0.29457749017624935,6701846,NC
-0.29958337552413467,6701847,NC
-0.29458926217117704,6701848,NC
-0.26959515011722496,6701849,NC
-0.25460103936212647,6701850,NC
-0.26460692990573,6701851,NC
-0.26961282174788365,6701852,NC
-0.26461871488843564,6701853,NC
-0.24962460932723407,6701854,NC
-0.2346305050641271,6701855,NC
-0.21963640209896287,6701856,NC
-0.21464230043158927,6701857,NC
-0.21464820006185442,6701858,NC
-0.22465410098960625,6701859,NC
-0.2096600032146927,6701860,NC
-0.1796659067369617,6701861,NC
-0.1746718115562611,6701862,NC
-0.19467771767243877,6701863,NC
-0.18468362508534253,6701864,NC
-0.1746895337948201,6701865,NC
-0.16969544380071927,6701866,NC
-0.14470135510288776,6701867,NC
-0.1347072677011732,6701868,NC
-0.11971318159542324,6701869,NC
-0.1347190967854855,6701870,NC
-0.13472501327120756,6701871,NC
-0.12473093105243693,6701872,NC
-0.09973685012902117,6701873,NC
-0.06974277050080772,6701874,NC
-0.05974869216764405,6701875,NC
-0.06475461512937752,6701876,NC
-0.05476053938585554,6701877,NC
-0.034766464936925444,6701878,NC
-0.014772391782434544,6701879,NC
0.01522168007776991,6701880,NC
0.0002157506438406273,6701881,NC
0.005209819915930461,6701882,NC
0.015203887894192171,6701883,NC
0.030197954578778687,6701884,NC
0.05519201996984285,6701885,NC
0.07018608406753761,6701886,NC
0.0701801468720159,6701887,NC
0.06517420838343074,6701888,NC
0.060168268601935145,6701889,NC
0.060162327527682184,6701890,NC
0.0801563851608249,6701891,NC
0.0751504415015165,6701892,NC
0.06514449654991009,6701893,NC
0.035138550306158846,6701894,NC
0.015132602770416052,6701895,NC
0.00012665394283490478,6701896,NC
-0.01987929617643125,6701897,NC
-0.014885247587229124,6701898,NC
-0.06989120028940533,6701899,NC
-0.08489715428280653,6701900,NC
-0.10990310956727925,6701901,NC
-0.12990906614267,6701902,NC
-0.1449150240088254,6701903,NC
-0.13992098316559182,6701904,NC
-0.1649269436128157,6701905,NC
-0.20493290535034356,6701906,NC
-0.21993886837802168,6701907,NC
-0.22994483269569643,6701908,NC
-0.21995079830321407,6701909,NC
-0.23495676520042091,6701910,NC
-0.23496273338716328,6701911,NC
-0.25996870286328727,6701912,NC
-0.27497467362863914,6701913,NC
-0.2649806456830649,6701914,NC
-0.25998661902641085,6701915,NC
-0.2749925936585229,6701916,NC
-0.2749985695792472,6701917,NC
-0.29500454678842963,6701918,NC
-0.3050105252859163,6701919,NC
-0.31001650507155315,6701920,NC
-0.315022486145186,6701921,NC
-0.3000284685066609,6701922,NC
-0.3000344521558234,6701923,NC
-0.3200404370925196,6701924,NC
-0.3300464233165951,6701925,NC
-0.32005241082789576,6701926,NC
-0.3000583996262672,6701927,NC
-0.3150643897115551,6701928,NC
-0.3300703810836052,6701929,NC
-0.360076373742263,6701930,NC
-0.3700823676873741,6701931,NC
-0.36508836291878416,6701932,NC
-0.3450943594363386,6701933,NC
-0.34010035723988286,6701934,NC
-0.34510635632926245,6701935,NC
-0.3601123567043227,6701936,NC
-0.3601183583649091,6701937,NC
-0.355124361310867,6701938,NC
-0.34513036554204163,6701939,NC
-0.3251363710582783,6701940,NC
-0.32514237785942224,6701941,NC
-0.3351483859453187,6701942,NC
-0.36015439531581284,6701943,NC
-0.36016040597074983,6701944,NC
-0.3301664179099748,6701945,NC
-0.31517243113333276,6701946,NC
-0.3201784456406688,6701947,NC
-0.35018446143182796,6701948,NC
-0.36019047850665514,6701949,NC
-0.34519649686499543,6701950,NC
-0.33520251650669364,6701951,NC
-0.3202085374315946,6701952,NC
-0.3302145596395433,6701953,NC
-0.35522058313038457,6701954,NC
-0.35522660790396304,6701955,NC
-0.35023263396012355,6701956,NC
-0.3402386612987108,6701957,NC
-0.32524468991956945,6701958,NC
-0.33525071982254423,6701959,NC
-0.3352567510074797,6701960,NC
-0.34526278347422046,6701961,NC
-0.3402688172226111,6701962,NC
-0.3352748522524961,6701963,NC
-0.33028088856371984,6701964,NC
-0.340286926156127,6701965,NC
-0.35529296502956187,6701966,NC
-0.3752990051838688,6701967,NC
-0.3503050466188922,6701968,NC
-0.32531108933447644,6701969,NC
-0.3203171333304657,6701970,NC
-0.33532317860670435,6701971,NC
-0.35532922516303656,6701972,NC
-0.35033527299930645,6701973,NC
-0.3553413221153583,6701974,NC
-0.3403473725110361,6701975,NC
-0.3303534241861841,6701976,NC
-0.3353594771406462,6701977,NC
-0.3453655313742665,6701978,NC
-0.3503715868868891,6701979,NC
-0.3653776436783577,6701980,NC
-0.3503837017485165,6701981,NC
-0.3403897610972092,6701982,NC
-0.34039582172427973,6701983,NC
-0.350401883629572,6701984,NC
-0.34540794681292963,6701985,NC
-0.3404140112741965,6701986,NC
-0.3304200770132163,6701987,NC
-0.35542614402983275,6701988,NC
-0.38543221232388947,6701989,NC
-0.3954382818952301,6701990,NC
-0.41044435274369834,6701991,NC
-0.4054504248691376,6701992,NC
-0.3754564982713915,6701993,NC
-0.3504625729503036,6701994,NC
-0.34046864890571715,6701995,NC
-0.35047472613747577,6701996,NC
-0.3554808046454228,6701997,NC
-0.35048688442940157,6701998,NC
-0.3254929654892555,6701999,NC
-0.33049904782482786,6702000,NC
-0.3155051314359618,6702001,NC
-0.3205112163225008,6702002,NC
-0.31551730248428783,6702003,NC
-0.3055233899211661,6702004,NC
-0.29052947863297895,6702005,NC
-0.26553556861956923,6702006,NC
-0.2605416598807801,6702007,NC
-0.2605477524164546,6702008,NC
-0.2755538462264358,6702009,NC
-0.2655599413105666,6702010,NC
-0.2605660376686899,6702011,NC
-0.2505721353006487,6702012,NC
-0.27057823420628585,6702013,NC
-0.27558433438544416,6702014,NC
-0.29059043583796645,6702015,NC
-0.2805965385636955,6702016,NC
-0.265602642562474,6702017,NC
-0.26560874783414473,6702018,NC
-0.2706148543785504,6702019,NC
-0.2906209621955335,6702020,NC
-0.30062707128493676,6702021,NC
-0.2956331816466028,6702022,NC
-0.29063929328037413,6702023,NC
-0.29564540618609314,6702024,NC
-0.2856515203636025,6702025,NC
-0.2806576358127445,6702026,NC
-0.29066375253336163,6702027,NC
-0.29566987052529625,6702028,NC
-0.28067598978839076,6702029,NC
-0.2856821103224874,6702030,NC
-0.30068823212742846,6702031,NC
-0.32069435520305634,6702032,NC
-0.33070047954921306,6702033,NC
-0.32570660516574085,6702034,NC
-0.3107127320524819,6702035,NC
-0.3107188602092784,6702036,NC
-0.3257249896359723,6702037,NC
-0.34073112033240577,6702038,NC
-0.3307372522984207,6702039,NC
-0.3107433855338592,6702040,NC
-0.29574952003856314,6702041,NC
-0.2807556558123746,6702042,NC
-0.29576179285513526,6702043,NC
-0.3057679311666871,6702044,NC
-0.3107740707468719,6702045,NC
-0.3057802115955315,6702046,NC
-0.2807863537125077,6702047,NC
-0.2757924970976421,6702048,NC
-0.2857986417507764,6702049,NC
-0.29580478767175233,6702050,NC
-0.2908109348604116,6702051,NC
-0.29081708331659567,6702052,NC
-0.2908232330401461,6702053,NC
-0.3008293840309045,6702054,NC
-0.32583553628871237,6702055,NC
-0.3458416898134111,6702056,NC
-0.3458478446048422,6702057,NC
-0.345854000662847,6702058,NC
-0.3358601579872669,6702059,NC
-0.3308663165779433,6702060,NC
-0.3258724764347174,6702061,NC
-0.3308786375574305,6702062,NC
-0.3408847999459239,6702063,NC
-0.3058909636000387,6702064,NC
-0.2808971285196162,6702065,NC
-0.2809032947044974,6702066,NC
-0.2859094621545235,6702067,NC
-0.29091563086953554,6702068,NC
-0.2909218008493746,6702069,NC
-0.29092797209388166,6702070,NC
-0.2809341446028977,6702071,NC
-0.2709403183762636,6702072,NC
-0.2709464934138204,6702073,NC
-0.2909526697154089,6702074,NC
-0.3059588472808699,6702075,NC
-0.2909650261100444,6702076,NC
-0.27097120620277293,6702077,NC
-0.2459773875588964,6702078,NC
-0.2459835701782555,6702079,NC
-0.2409897540606909,6702080,NC
-0.23599593920604323,6702081,NC
-0.1960021256141532,6702082,NC
-0.1410083132848613,6702083,NC
-0.09101450221800811,6702084,NC
-0.03102069241343413,6702085,NC
0.028973116129020125,6702086,NC
0.06396692340951418,6702087,NC
0.11396072942820766,6702088,NC
0.16895453418526013,6702089,NC
0.18894833768083127,6702090,NC
0.15894213991508072,6702091,NC
0.09393594088816819,6702092,NC
0.018929740600253438,6702093,NC
-0.04607646094850376,6702094,NC
-0.07108266375794361,6702095,NC
-0.0710888678279063,6702096,NC
-0.03609507315823193,6702097,NC
0.00889872025123941,6702098,NC
0.09389251240066762,6702099,NC
0.1788863032902127,6702100,NC
0.2888800929200346,6702101,NC
0.39387388129029344,6702102,NC
0.4388676684011492,6702103,NC
0.45386145425276203,6702104,NC
0.42385523884529197,6702105,L
0.34384902217889923,6702106,NC
0.27384280425374413,6702107,NC
0.1938365850699867,6702108,NC
0.12383036462778732,6702109,NC
0.043824142927306235,6702110,NC
-0.04118208003129623,6702111,NC
-0.10118830424785968,6702112,NC
-0.18619452972222378,6702113,NC
-0.2512007564542281,6702114,NC
-0.3262069844437122,6702115,NC
-0.39621321369051554,6702116,NC
-0.4562194441944776,6702117,NC
-0.5162256759554379,6702118,NC
-0.5412319089732358,6702119,NC
-0.5562381432477107,6702120,NC
-0.5612443787787019,6702121,NC
-0.5512506155660488,6702122,NC
-0.5412568536095907,6702123,NC
-0.5062630929091669,6702124,NC
-0.46626933346461646,6702125,NC
-0.43627557527577865,6702126,NC
-0.4262818183424926,6702127,NC
-0.4362880626645975,6702128,NC
-0.44129430824193244,6702129,NC
-0.4463005550743364,6702130,NC
-0.4263068031616485,6702131,NC
-0.42131305250370765,6702132,NC
-0.42631930310035293,6702133,NC
-0.43632555495142317,6702134,NC
-0.4363318080567573,6702135,NC
-0.44133806241619417,6702136,NC
-0.4213443180295727,6702137,NC
-0.41135057489673155,6702138,NC
-0.4213568330175096,6702139,NC
-0.44136309239174554,6702140,NC
-0.4363693530192781,6702141,NC
-0.436375614899946,6702142,NC
-0.42138187803358773,6702143,NC
-0.41638814242004213,6702144,NC
-0.43139440805914747,6702145,NC
-0.4364006749507426,6702146,NC
-0.4414069430946659,6702147,NC
-0.43141321249075576,6702148,NC
-0.4114194831388508,6702149,NC
-0.4064257550387893,6702150,NC
-0.4064320281904097,6702151,NC
-0.41143830259355035,6702152,NC
-0.42144457824804954,6702153,NC
-0.4314508551537456,6702154,NC
-0.4064571333104768,6702155,NC
-0.4014634127180813,6702156,NC
-0.3964696933763973,6702157,NC
-0.406475975285263,6702158,NC
-0.41148225844451647,6702159,NC
-0.4014885428539958,6702160,NC
-0.3814948285135391,6702161,NC
-0.3665011154229844,6702162,NC
-0.3765074035821697,6702163,NC
-0.396513692990933,6702164,NC
-0.39151998364911206,6702165,NC
-0.3765262755565449,6702166,NC
-0.3615325687130694,6702167,NC
-0.32653886311852337,6702168,NC
-0.32154515877274464,6702169,NC
-0.3215514556755709,6702170,NC
-0.33155775382684005,6702171,NC
-0.3115640532263896,6702172,NC
-0.30657035387405734,6702173,NC
-0.29157665576968095,6702174,NC
-0.29158295891309793,6702175,NC
-0.3065892633041458,6702176,NC
-0.2915955689426624,6702177,NC
-0.26660187582848494,6702178,NC
-0.24160818396145106,6702179,NC
-0.2316144933413982,6702180,NC
-0.22662080396816373,6702181,NC
-0.23162711584158502,6702182,NC
-0.24663342896149942,6702183,NC
-0.23163974332774437,6702184,NC
-0.23164605894015705,6702185,NC
-0.2266523757985747,6702186,NC
-0.2216586939028346,6702187,NC
-0.2116650132527739,6702188,NC
-0.19167133384822982,6702189,NC
-0.17167765568903945,6702190,NC
-0.1416839787750399,6702191,NC
-0.1366903031060682,6702192,NC
-0.12169662868196145,6702193,NC
-0.12670295550255656,6702194,NC
-0.12170928356769058,6702195,NC
-0.10171561287720038,6702196,NC
-0.0717219434309229,6702197,NC
-0.04672827522869503,6702198,NC
-0.05673460827035355,6702199,NC
-0.05674094255573533,6702200,NC
-0.0567472780846771,6702201,NC
-0.061753614857015644,6702202,NC
-0.06175995287258765,6702203,NC
-0.051766292131229796,6702204,NC
-0.09177263263277871,6702205,NC
-0.14677897437707105,6702206,NC
-0.16178531736394333,6702207,NC
-0.18179166159323223,6702208,NC
-0.2117980070647741,6702209,NC
-0.2218043537784056,6702210,NC
-0.24181070173396302,6702211,NC
-0.25681705093128293,6702212,NC
-0.2718234013702016,6702213,NC
-0.2818297530505555,6702214,NC
-0.2918361059721809,6702215,NC
-0.311842460134914,6702216,NC
-0.3668488155385913,6702217,NC
-0.42185517218304874,6702218,NC
-0.4418615300681228,6702219,NC
-0.43686788919364944,6702220,NC
-0.41687424955946495,6702221,NC
-0.4068806111654053,6702222,NC
-0.4218869740113066,6702223,NC
-0.45189333809700494,6702224,NC
-0.4618997034223363,6702225,NC
-0.4569060699871366,6702226,NC
-0.4519124377912419,6702227,NC
-0.441918806834488,6702228,NC
-0.46192517711671083,6702229,NC
-0.4719315486377463,6702230,NC
-0.45693792139743006,6702231,NC
-0.451944295395598,6702232,NC
-0.4369506706320859,6702233,NC
-0.42195704710672943,6702234,NC
-0.43196342481936434,6702235,NC
-0.4519698037698262,6702236,NC
-0.4769761839579507,6702237,NC
-0.4619825653835734,6702238,NC
-0.46698894804652985,6702239,NC
-0.4519953319466556,6702240,NC
-0.4670017170837861,6702241,NC
-0.47700810345775696,6702242,NC
-0.4820144910684035,6702243,NC
-0.4820208799155611,6702244,NC
-0.46702726999906513,6702245,NC
-0.46703366131875096,6702246,NC
-0.4620400538744539,6702247,NC
-0.4970464476660093,6702248,NC
-0.4870528426932522,6702249,NC
-0.49705923895601806,6702250,NC
-0.4720656364541418,6702251,NC
-0.46707203518745877,6702252,NC
-0.477078435155804,6702253,NC
-0.4920848363590126,6702254,NC
-0.5070912387969196,6702255,NC
-0.48709764246936,6702256,NC
-0.48710404737616886,6702257,NC
-0.457110453517181,6702258,NC
-0.4721168608922315,6702259,NC
-0.4771232695011552,6702260,NC
-0.5021296793437869,6702261,NC
-0.5071360904199615,6702262,NC
-0.49714250272951377,6702263,NC
-0.49214891627227847,6702264,NC
-0.4921553310480903,6702265,NC
-0.5121617470567841,6702266,NC
-0.5171681642981942,6702267,NC
-0.5071745827721558,6702268,NC
-0.502181002478503,6702269,NC
-0.4971874234170705,6702270,NC
-0.497193845587693,6702271,NC
-0.49720026899020486,6702272,NC
-0.49720669362444064,6702273,NC
-0.4922131194902348,6702274,NC
-0.5122195465874216,6702275,NC
-0.5322259749158356,6702276,NC
-0.557232404475311,6702277,NC
-0.5672388352656823,6702278,NC
-0.5822452672867837,6702279,NC
-0.5572517005384494,6702280,NC
-0.5372581350205137,6702281,NC
-0.5222645707328107,6702282,NC
-0.5322710076751749,6702283,NC
-0.5372774458474399,6702284,NC
-0.5472838852494402,6702285,NC
-0.5472903258810097,6702286,NC
-0.5472967677419823,6702287,NC
-0.5523032108321924,6702288,NC
-0.5573096551514736,6702289,NC
-0.5523161006996601,6702290,NC
-0.5573225474765855,6702291,NC
-0.552328995482084,6702292,NC
-0.5523354447159893,6702293,NC
-0.5423418951781351,6702294,NC
-0.5523483468683555,6702295,NC
-0.572354799786484,6702296,NC
-0.5873612539323543,6702297,NC
-0.5873677093058002,6702298,NC
-0.5573741659066553,6702299,NC
-0.5373806237347533,6702300,NC
-0.5423870827899276,6702301,NC
-0.587393543072012,6702302,NC
-0.6074000045808399,6702303,NC
-0.5824064673162448,6702304,NC
-0.5574129312780601,6702305,NC
-0.5274193964661195,6702306,NC
-0.5424258628802561,6702307,NC
-0.5324323305203034,6702308,NC
-0.5474387993860947,6702309,NC
-0.5274452694774633,6702310,NC
-0.5224517407942426,6702311,NC
-0.5224582133362657,6702312,NC
-0.5174646871033659,6702313,NC
-0.5324711620953764,6702314,NC
-0.5474776383121303,6702315,NC
-0.5524841157534606,6702316,NC
-0.5624905944192006,6702317,NC
-0.5774970743091833,6702318,NC
-0.6075035554232416,6702319,NC
-0.6275100377612086,6702320,NC
-0.6475165213229171,6702321,NC
-0.6225230061082003,6702322,NC
-0.602529492116891,6702323,NC
-0.607535979348822,6702324,NC
-0.6175424678038262,6702325,NC
-0.6275489574817362,6702326,NC
-0.632555448382385,6702327,NC
-0.6425619405056052,6702328,NC
-0.6275684338512297,6702329,NC
-0.6375749284190911,6702330,NC
-0.627581424209022,6702331,NC
-0.6475879212208548,6702332,NC
-0.6475944194544225,6702333,NC
-0.6576009189095574,6702334,NC
-0.6526074195860921,6702335,NC
-0.652613921483859,6702336,NC
-0.6876204246026907,6702337,NC
-0.6976269289424195,6702338,NC
-0.7226334345028779,6702339,NC
-0.7026399412838981,6702340,NC
-0.6826464492853125,6702341,NC
-0.6826529585069534,6702342,NC
-0.6726594689486531,6702343,NC
-0.692665980610244,6702344,NC
-0.722672493491558,6702345,NC
-0.7226790075924274,6702346,NC
-0.7026855229126844,6702347,NC
-0.6976920394521611,6702348,NC
-0.6926985572106894,6702349,NC
-0.7277050761881015,6702350,NC
-0.7227115963842295,6702351,NC
-0.7127181177989053,6702352,NC
-0.7227246404319607,6702353,NC
-0.7027311642832278,6702354,NC
-0.7077376893525386,6702355,NC
-0.7327442156397246,6702356,NC
-0.752750743144618,6702357,NC
-0.7377572718670503,6702358,NC
-0.7327638018068535,6702359,NC
-0.7277703329638592,6702360,NC
-0.7377768653378991,6702361,NC
-0.737783398928805,6702362,NC
-0.7477899337364085,6702363,NC
-0.7527964697605409,6702364,NC
-0.7578030070010342,6702365,NC
-0.7528095454577198,6702366,NC
-0.7528160851304291,6702367,NC
-0.7528226260189937,6702368,NC
-0.7528291681232451,6702369,NC
-0.7528357114430146,6702370,NC
-0.7528422559781336,6702371,NC
-0.7428488017284336,6702372,NC
-0.7478553486937457,6702373,NC
-0.7528618968739014,6702374,NC
-0.7428684462687318,6702375,NC
-0.7378749968780682,6702376,NC
-0.7228815487017419,6702377,NC
-0.6778881017395839,6702378,NC
-0.6778946559914254,6702379,NC
-0.6229012114570976,6702380,NC
-0.5729077681364315,6702381,NC
-0.4929143260292582,6702382,NC
-0.4129208851354086,6702383,NC
-0.3529274454547138,6702384,NC
-0.3279340069870046,6702385,NC
-0.33794056973211206,6702386,NC
-0.372947133689867,6702387,NC
-0.4179536988601003,6702388,NC
-0.4929602652426428,6702389,NC
-0.5779668328373253,6702390,NC
-0.6179734016439785,6702391,NC
-0.6329799716624332,6702392,NC
-0.5929865428925201,6702393,NC
-0.4979931153340698,6702394,NC
-0.382999688986913,6702395,NC
-0.25300626385088026,6702396,NC
-0.15801283992580226,6702397,NC
-0.09801941721150943,6702398,NC
-0.04302599570783235,6702399,NC
-0.04303257541460146,6702400,NC
-0.06303915633164725,6702401,L
-0.1130457384588001,6702402,NC
-0.22805232179589044,6702403,NC
-0.3380589063427486,6702404,NC
-0.44306549209920487,6702405,NC
-0.5330720790650896,6702406,NC
-0.5980786672402332,6702407,NC
-0.6680852566244655,6702408,NC
-0.7480918472176171,6702409,NC
-0.838098439019518,6702410,NC
-0.9231050320299983,6702411,NC
-0.9531116262488882,6702412,NC
-0.9781182216760177,6702413,NC
-0.988124818311217,6702414,NC
-0.998131416154316,6702415,NC
-1.0281380152051447,6702416,NC
-1.023144615463533,6702417,NC
-0.9931512169293109,6702418,NC
-0.9381578196023082,6702419,NC
-0.8931644234823547,6702420,NC
-0.8781710285692805,6702421,NC
-0.8931776348629151,6702422,NC
-0.9031842423630886,6702423,NC
-0.8981908510696305,6702424,NC
-0.8931974609823704,6702425,NC
-0.8882040721011384,6702426,NC
-0.8982106844257636,6702427,NC
-0.9282172979560759,6702428,NC
-0.943223912691905,6702429,NC
-0.95823052863308,6702430,NC
-0.9332371457794311,6702431,NC
-0.9182437641307872,6702432,NC
-0.903250383686978,6702433,NC
-0.9032570044478329,6702434,NC
-0.9132636264131812,6702435,NC
-0.9132702495828524,6702436,NC
-0.8882768739566759,6702437,NC
-0.8932834995344805,6702438,NC
-0.8832901263160963,6702439,NC
-0.8882967543013518,6702440,NC
-0.8983033834900764,6702441,NC
-0.8833100138820996,6702442,NC
-0.8683166454772502,6702443,NC
-0.8483232782753574,6702444,NC
-0.8433299122762503,6702445,NC
-0.8683365474797581,6702446,NC
-0.8633431838857095,6702447,NC
-0.8583498214939338,6702448,NC
-0.8383564603042597,6702449,NC
-0.8183631003165163,6702450,NC
-0.8283697415305324,6702451,NC
-0.8233763839461371,6702452,NC
-0.828383027563159,6702453,NC
-0.8233896723814268,6702454,NC
-0.7833963184007695,6702455,NC
-0.7684029656210158,6702456,NC
-0.7734096140419945,6702457,NC
-0.7684162636635341,6702458,NC
-0.7584229144854634,6702459,NC
-0.7434295665076107,6702460,NC
-0.748436219729805,6702461,NC
-0.7234428741518747,6702462,NC
-0.7234495297736482,6702463,NC
-0.7234561865949541,6702464,NC
-0.733462844615621,6702465,NC
-0.708469503835477,6702466,NC
-0.6784761642543509,6702467,NC
-0.6534828258720707,6702468,NC
-0.648489488688465,6702469,NC
-0.6384961527033621,6702470,NC
-0.6385028179165901,6702471,NC
-0.5985094843279775,6702472,NC
-0.5635161519373522,6702473,NC
-0.5285228207445425,6702474,NC
-0.5435294907493767,6702475,NC
-0.5485361619516829,6702476,NC
-0.5385428343512891,6702477,NC
-0.5335495079480234,6702478,NC
-0.5085561827417139,6702479,NC
-0.4885628587321883,6702480,NC
-0.4785695359192749,6702481,NC
-0.46857621430280155,6702482,NC
-0.47358289388259617,6702483,NC
-0.4485895746584865,6702484,NC
-0.40359625663030063,6702485,NC
-0.38860293979786614,6702486,NC
-0.37360962416101096,6702487,NC
-0.3686163097195628,6702488,NC
-0.3636229964733494,6702489,NC
-0.34862968442219844,6702490,NC
-0.34363637356593757,6702491,NC
-0.3186430639043944,6702492,NC
-0.3286497554373966,6702493,NC
-0.3586564481647717,6702494,NC
-0.3886631420863472,6702495,NC
-0.4086698372019507,6702496,NC
-0.4186765335114096,6702497,NC
-0.4186832310145514,6702498,NC
-0.4236899297112034,6702499,NC
-0.4636966296011932,6702500,NC
-0.46870333068434794,6702501,NC
-0.4787100329604951,6702502,NC
-0.4837167364294619,6702503,NC
-0.48372344109107557,6702504,NC
-0.5087301469451634,6702505,NC
-0.5387368539915525,6702506,NC
-0.5587435622300702,6702507,NC
-0.5537502716605435,6702508,NC
-0.5687569822827996,6702509,NC
-0.5737636940966655,6702510,NC
-0.5737704071019682,6702511,NC
-0.588777121298535,6702512,NC
-0.5837838366861925,6702513,NC
-0.5937905532647679,6702514,NC
-0.5887972710340881,6702515,NC
-0.58380398999398,6702516,NC
-0.5738107101442703,6702517,NC
-0.5938174314847859,6702518,NC
-0.6088241540153538,6702519,NC
-0.6238308777358006,6702520,NC
-0.6188376026459531,6702521,NC
-0.6188443287456379,6702522,NC
-0.6188510560346818,6702523,NC
-0.6338577845129114,6702524,NC
-0.6338645141801533,6702525,NC
-0.6538712450362341,6702526,NC
-0.6488779770809803,6702527,NC
-0.6488847103142186,6702528,NC
-0.6488914447357753,6702529,NC
-0.668898180345477,6702530,NC
-0.65390491714315,6702531,NC
-0.6439116551286209,6702532,NC
-0.628918394301716,6702533,NC
-0.6089251346622615,6702534,NC
-0.6239318762100838,6702535,NC
-0.6339386189450094,6702536,NC
-0.6339453628668641,6702537,NC
-0.6339521079754744,6702538,NC
-0.6189588542706665,6702539,NC
-0.5889656017522665,6702540,NC
-0.6139723504201006,6702541,NC
-0.6039791002739947,6702542,NC
-0.623985851313775,6702543,NC
-0.6239926035392678,6702544,NC
-0.6139993569502986,6702545,NC
-0.5840061115466937,6702546,NC
-0.584012867328279,6702547,NC
-0.6140196242948803,6702548,NC
-0.6190263824463236,6702549,NC
-0.6040331417824347,6702550,NC
-0.5890399023030394,6702551,NC
-0.5690466640079636,6702552,NC
-0.584053426897033,6702553,NC
-0.5890601909700732,6702554,NC
-0.5990669562269102,6702555,NC
-0.5940737226673694,6702556,NC
-0.5690804902912765,6702557,NC
-0.5590872590984572,6702558,NC
-0.5690940290887371,6702559,NC
-0.5741008002619415,6702560,NC
-0.5891075726178963,6702561,NC
-0.5891143461564265,6702562,NC
-0.579121120877358,6702563,NC
-0.584127896780516,6702564,NC
-0.589134673865726,6702565,NC
-0.6141414521328133,6702566,NC
-0.6091482315816034,6702567,NC
-0.5991550122119212,6702568,NC
-0.5891617940235924,6702569,NC
-0.574168577016442,6702570,NC
-0.5791753611902952,6702571,NC
-0.5941821465449774,6702572,NC
-0.5941889330803136,6702573,NC
-0.5941957207961289,6702574,NC
-0.5892025096922485,6702575,NC
-0.5892092997684973,6702576,NC
-0.5942160910247005,6702577,NC
-0.599222883460683,6702578,NC
-0.6042296770762698,6702579,NC
-0.5792364718712858,6702580,NC
-0.569243267845556,6702581,NC
-0.5692500649989052,6702582,NC
-0.5792568633311582,6702583,NC
-0.59926366284214,6702584,NC
-0.6242704635316753,6702585,NC
-0.6092772653995887,6702586,NC
-0.5942840684457051,6702587,NC
-0.5842908726698491,6702588,NC
-0.6142976780718455,6702589,NC
-0.619304484651519,6702590,NC
-0.6143112924086939,6702591,NC
-0.6193181013431949,6702592,NC
-0.5743249114548465,6702593,NC
-0.5693317227434734,6702594,NC
-0.5743385352089,6702595,NC
-0.5943453488509508,6702596,NC
-0.6043521636694501,6702597,NC
-0.5893589796642222,6702598,NC
-0.5643657968350918,6702599,NC
-0.5443726151818828,6702600,NC
-0.5243794347044199,6702601,NC
-0.5393862554025274,6702602,NC
-0.5643930772760292,6702603,NC
-0.5643999003247496,6702604,NC
-0.5544067245485129,6702605,NC
-0.5544135499471432,6702606,NC
-0.5494203765204646,6702607,NC
-0.5544272042683013,6702608,NC
-0.5494340331904771,6702609,NC
-0.5344408632868163,6702610,NC
-0.5194476945571428,6702611,NC
-0.4944545270012806,6702612,NC
-0.48446136061905354,6702613,NC
-0.49946819541028564,6702614,NC
-0.5044750313748008,6702615,NC
-0.5244818685124225,6702616,NC
-0.5094887068229752,6702617,NC
-0.5094955463062822,6702618,NC
-0.5095023869621674,6702619,NC
-0.5345092287904545,6702620,NC
-0.5445160717909672,6702621,NC
-0.5395229159635293,6702622,NC
-0.5195297613079642,6702623,NC
-0.5195366078240957,6702624,NC
-0.5345434555117474,6702625,NC
-0.5545503043707427,6702626,NC
-0.5745571544009052,6702627,NC
-0.5645640056020583,6702628,NC
-0.5645708579740255,6702629,NC
-0.5595777115166303,6702630,NC
-0.554584566229696,6702631,NC
-0.559591422113046,6702632,NC
-0.5845982791665036,6702633,NC
-0.5796051373898922,6702634,NC
-0.564611996783035,6702635,NC
-0.5396188573457552,6702636,NC
-0.544625719077876,6702637,NC
-0.5646325819792208,6702638,NC
-0.5796394460496126,6702639,NC
-0.6146463112888746,6702640,NC
-0.6096531776968297,6702641,NC
-0.5796600452733011,6702642,NC
-0.5896669140181118,6702643,NC
-0.5946737839310849,6702644,NC
-0.6046806550120433,6702645,NC
-0.6046875272608099,6702646,NC
-0.5946944006772076,6702647,NC
-0.5847012752610594,6702648,NC
-0.6047081510121881,6702649,NC
-0.5997150279304165,6702650,NC
-0.6147219060155674,6702651,NC
-0.6097287852674635,6702652,NC
-0.5897356656859277,6702653,NC
-0.5797425472707826,6702654,NC
-0.5847494300218509,6702655,NC
-0.5847563139389551,6702656,NC
-0.5947631990219181,6702657,NC
-0.5847700852705622,6702658,NC
-0.56477697268471,6702659,NC
-0.5547838612641841,6702660,NC
-0.554790751008807,6702661,NC
-0.5797976419184013,6702662,NC
-0.5998045339927892,6702663,NC
-0.599811427231793,6702664,NC
-0.5948183216352355,6702665,NC
-0.5998252172029386,6702666,NC
-0.5998321139347249,6702667,NC
-0.5948390118304165,6702668,NC
-0.5898459108898358,6702669,NC
-0.579852811112805,6702670,NC
-0.5698597124991461,6702671,NC
-0.5748666150486815,6702672,NC
-0.5648735187612333,6702673,NC
-0.5698804236366235,6702674,NC
-0.5548873296746741,6702675,NC
-0.5398942368752074,6702676,NC
-0.5149011452380454,6702677,NC
-0.47990805476300974,6702678,NC
-0.4499149654499226,6702679,NC
-0.40492187729860596,6702680,NC
-0.3449287903088816,6702681,NC
-0.2849357044805715,6702682,NC
-0.18494261981349733,6702683,NC
-0.07994953630748103,6702684,NC
-0.02495645396234429,6702685,NC
-0.009963372777908909,6702686,NC
-0.029970292753996576,6702687,NC
-0.06497721389042896,6702688,NC
-0.11498413618702776,6702689,NC
-0.16999105964361452,6702690,NC
-0.19499798426001091,6702691,NC
-0.2100049100360385,6702692,NC
-0.15001183697151876,6702693,NC
-0.055018765066273206,6702694,NC
0.07997430567987665,6702695,NC
0.2199673752671094,6702696,NC
0.3249604436956036,6702697,NC
0.4049535109655379,6702698,NC
0.4449465770770909,6702699,NC
0.4299396420304413,6702700,L
0.3799327058257678,6702701,NC
0.2899257684632492,6702702,NC
0.18491882994306416,6702703,NC
0.07491189026539152,6702704,NC
-0.015095050569589895,6702705,NC
-0.1001019925617012,6702706,NC
-0.19510893571076357,6702707,NC
-0.2901158800165981,6702708,NC
-0.41512282547902574,6702709,NC
-0.5201297720978675,6702710,NC
-0.6101367198729447,6702711,NC
-0.6601436688040778,6702712,NC
-0.6601506188910882,6702713,NC
-0.6651575701337965,6702714,NC
-0.6351645225320238,6702715,NC
-0.6201714760855909,6702716,NC
-0.5951784307943183,6702717,NC
-0.5701853866580272,6702718,NC
-0.5451923436765381,6702719,NC
-0.5301993018496719,6702720,NC
-0.5302062611772492,6702721,NC
-0.5302132216590908,6702722,NC
-0.5452201832950172,6702723,NC
-0.535227146084849,6702724,NC
-0.5352341100284068,6702725,NC
-0.5252410751255112,6702726,NC
-0.5202480413759827,6702727,NC
-0.5302550087796418,6702728,NC
-0.525261977336309,6702729,NC
-0.5152689470458046,6702730,NC
-0.5102759179079491,6702731,NC
-0.4852828899225629,6702732,NC
-0.5052898630894663,6702733,NC
-0.5102968374084795,6702734,NC
-0.495303812879423,6702735,NC
-0.5103107895021168,6702736,NC
-0.48531776727638143,6702737,NC
-0.45532474620203683,6702738,NC
-0.4653317262789033,6702739,NC
-0.4753387075068009,6702740,NC
-0.48534568988554977,6702741,NC
-0.49535267341496997,6702742,NC
-0.47535965809488157,6702743,NC
-0.4553666439251045,6702744,NC
-0.4403736309054589,6702745,NC
-0.44538061903576465,6702746,NC
-0.4403876083158416,6702747,NC
-0.4303945987455098,6702748,NC
-0.420401590324589,6702749,NC
-0.41540858305289907,6702750,NC
-0.4254155769302598,6702751,NC
-0.430422571956491,6702752,NC
-0.4404295681314124,6702753,NC
-0.42043656545484376,6702754,NC
-0.39044356392660473,6702755,NC
-0.3704505635465149,6702756,NC
-0.36045756431439413,6702757,NC
-0.37046456623006174,6702758,NC
-0.3604715692933375,6702759,NC
-0.33547857350404087,6702760,NC
-0.31548557886199136,6702761,NC
-0.30049258536700846,6702762,NC
-0.2854995930189117,6702763,NC
-0.3055066018175204,6702764,NC
-0.280513611762654,6702765,NC
-0.2555206228541318,6702766,NC
-0.23052763509177326,6702767,NC
-0.21053464847539757,6702768,NC
-0.20054166300482407,6702769,NC
-0.19054867867987196,6702770,NC
-0.18055569550036055,6702771,NC
-0.1705627134661089,6702772,NC
-0.1405697325769363,6702773,NC
-0.11557675283266178,6702774,NC
-0.11558377423310447,6702775,NC
-0.12059079677808343,6702776,NC
-0.12059782046741774,6702777,NC
-0.10060484530092632,6702778,NC
-0.07061187127842827,6702779,NC
-0.025618898399742455,6702780,NC
-0.010625926664687826,6702781,NC
-0.005632956073083277,6702782,NC
0.009360013375252323,6702783,NC
0.029352981680500163,6702784,NC
0.05434594884284141,6702785,NC
0.0743389148624573,6702786,NC
0.0593318797395291,6702787,NC
0.029324843474238083,6702788,NC
0.009317806066765577,6702789,NC
-0.020689232482707112,6702790,NC
-0.015696272173998584,6702791,NC
-0.005703313006927425,6702792,NC
-0.025710354981312238,6702793,NC
-0.045717398096971514,6702794,NC
-0.06572444235372382,6702795,NC
-0.10073148775138757,6702796,NC
-0.11073853428978131,6702797,NC
-0.1207455819687234,6702798,NC
-0.1557526307880322,6702799,NC
-0.15575968074752616,6702800,NC
-0.1907667318470235,6702801,NC
-0.18577378408634265,6702802,NC
-0.1807808374653018,6702803,NC
-0.18578789198371923,6702804,NC
-0.2107949476414131,6702805,NC
-0.22580200443820173,6702806,NC
-0.23580906237390314,6702807,NC
-0.2308161214483355,6702808,NC
-0.21582318166131692,6702809,NC
-0.21083024301266548,6702810,NC
-0.23083730550219922,6702811,NC
-0.24584436912973606,6702812,NC
-0.27085143389509414,6702813,NC
-0.26585849979809134,6702814,NC
-0.2608655668385455,6702815,NC
-0.26087263501627467,6702816,NC
-0.2708797043310966,6702817,NC
-0.27088677478282913,6702818,NC
-0.2708938463712901,6702819,NC
-0.27090091909629727,6702820,NC
-0.2609079929576684,6702821,NC
-0.25591506795522123,6702822,NC
-0.2609221440887734,6702823,NC
-0.2559292213581426,6702824,NC
-0.2709362997631465,6702825,NC
-0.26594337930360257,6702826,NC
-0.25095045997932847,6702827,NC
-0.2459575417901418,6702828,NC
-0.24596462473585995,6702829,NC
-0.2609717088163005,6702830,NC
-0.27097879403128083,6702831,NC
-0.2509858803806184,6702832,NC
-0.23599296786413065,6702833,NC
-0.22600005648163488,6702834,NC
-0.22100714623294843,6702835,NC
-0.2460142371178886,6702836,NC
-0.26102132913627274,6702837,NC
-0.23602842228791812,6702838,NC
-0.22603551657264181,6702839,NC
-0.21604261199026115,6702840,NC
-0.20604970854059318,6702841,NC
-0.21605680622345513,6702842,NC
-0.23106390503866409,6702843,NC
-0.22607100498603708,6702844,NC
-0.21107810606539115,6702845,NC
-0.2060852082765434,6702846,NC
-0.21609231161931075,6702847,NC
-0.21109941609351018,6702848,NC
-0.2161065216989586,6702849,NC
-0.2161136284354729,6702850,NC
-0.20112073630286997,6702851,NC
-0.1911278453009667,6702852,NC
-0.2061349554295798,6702853,NC
-0.21614206668852615,6702854,NC
-0.23114917907762245,6702855,NC
-0.21115629259668542,6702856,NC
-0.21616340724553176,6702857,NC
-0.19617052302397817,6702858,NC
-0.2061776399318413,6702859,NC
-0.21618475796893766,6702860,NC
-0.22619187713508396,6702861,NC
-0.22619899743009664,6702862,NC
-0.20120611885379225,6702863,NC
-0.17621324140598732,6702864,NC
-0.1862203650864983,6702865,NC
-0.1862274898951416,6702866,NC
-0.20623461583173364,6702867,NC
-0.1912417428960908,6702868,NC
-0.1962488710880294,6702869,NC
-0.18125600040736584,6702870,NC
-0.18126313085391632,6702871,NC
-0.19127026242749706,6702872,NC
-0.19127739512792444,6702873,NC
-0.17628452895501456,6702874,NC
-0.1762916639085836,6702875,NC
-0.1612987999884477,6702876,NC
-0.20630593719442306,6702877,NC
-0.21631307552632567,6702878,NC
-0.2263202149839716,6702879,NC
-0.22632735556717687,6702880,NC
-0.2163344972757575,6702881,NC
-0.2063416401095295,6702882,NC
-0.1963487840683087,6702883,NC
-0.20135592915191114,6702884,NC
-0.2163630753601526,6702885,NC
-0.201370222692849,6702886,NC
-0.1713773711498161,6702887,NC
-0.15138452073086983,6702888,NC
-0.14139167143582576,6702889,NC
-0.1463988232644998,6702890,NC
-0.14640597621670756,6702891,NC
-0.16141313029226473,6702892,NC
-0.131420285490987,6702893,NC
-0.11142744181268996,6702894,NC
-0.1064345992571892,6702895,NC
-0.10144175782430033,6702896,NC
-0.11144891751383884,6702897,NC
-0.12145607832562026,6702898,NC
-0.08646324025946003,6702899,NC
-0.09147040331517364,6702900,NC
-0.08147756749257648,6702901,NC
-0.08648473279148396,6702902,NC
-0.11649189921171144,6702903,NC
-0.10649906675307422,6702904,NC
-0.11150623541538766,6702905,NC
-0.09151340519846701,6702906,NC
-0.0865205761021275,6702907,NC
-0.10152774812618434,6702908,NC
-0.1265349212704528,6702909,NC
-0.12654209553474793,6702910,NC
-0.1215492709188849,6702911,NC
-0.10655644742267881,6702912,NC
-0.10656362504594477,6702913,NC
-0.14157080378849776,6702914,NC
-0.14657798365015287,6702915,NC
-0.131585164630725,6702916,NC
-0.11659234673002922,6702917,NC
-0.10159952994788035,6702918,NC
-0.12660671428409337,6702919,NC
-0.14161389973848307,6702920,NC
-0.14662108631086435,6702921,NC
-0.146628274001052,6702922,NC
-0.1316354628088608,6702923,NC
-0.12164265273410557,6702924,NC
-0.13164984377660094,6702925,NC
-0.13665703593616169,6702926,NC
-0.14166422921260244,6702927,NC
-0.13167142360573783,6702928,NC
-0.13167861911538248,6702929,NC
-0.12668581574135104,6702930,NC
-0.14169301348345792,6702931,NC
-0.1567002123415178,6702932,NC
-0.19670741231534505,6702933,NC
-0.18671461340475423,6702934,NC
-0.1467218156095597,6702935,NC
-0.13672901892957595,6702936,NC
-0.12673622336461732,6702937,NC
-0.14174342891449815,6702938,NC
-0.14675063557903284,6702939,NC
-0.15675784335803555,6702940,NC
-0.11676505225132067,6702941,NC
-0.09677226225870239,6702942,NC
-0.09177947337999492,6702943,NC
-0.10678668561501242,6702944,NC
-0.1417938989635691,6702945,NC
-0.161801113425479,6702946,NC
-0.15180832900055632,6702947,NC
-0.15181554568861505,6702948,NC
-0.13182276348946925,6702949,NC
-0.12182998240293291,6702950,NC
-0.13183720242882002,6702951,NC
-0.11684442356694455,6702952,NC
-0.10685164581712041,6702953,NC
-0.10185886917916148,6702954,NC
-0.09186609365288168,6702955,NC
-0.10187331923809473,6702956,NC
-0.10688054593461457,6702957,NC
-0.10688777374225493,6702958,NC
-0.08189500266082952,6702959,NC
-0.06190223269015212,6702960,NC
-0.06690946383003638,6702961,NC
-0.076916696080296,6702962,NC
-0.08192392944074459,6702963,NC
-0.05193116391119577,6702964,NC
-0.02693839949146313,6702965,NC
0.013054363818639829,6702966,NC
0.05304712601929953,6702967,NC
0.08303988711070248,6702968,NC
0.13803264709303525,6702969,NC
0.2380254059664844,6702970,NC
0.3480181637312365,6702971,NC
0.4380109203874782,6702972,NC
0.4980036759353961,6702973,NC
0.48299643037517687,6702974,NC
0.44798918370700735,6702975,NC
0.3829819359310741,6702976,NC
0.34797468704756396,6702977,NC
0.3029674370566638,6702978,NC
0.3129601859585603,6702979,NC
0.3629529337534404,6702980,NC
0.44794568044149097,6702981,NC
0.5679384260228989,6702982,NC
0.727931170497851,6702983,NC
0.8979239138665345,6702984,NC
0.9979166561291362,6702985,NC
1.0279093972858433,6702986,NC
0.9829021373368425,6702987,L
0.8878948762823212,6702988,NC
0.7878876141224664,6702989,NC
0.7128803508574654,6702990,NC
0.622873086487505,6702991,NC
0.5228658210127726,6702992,NC
0.4078585544334554,6702993,NC
0.31285128674974083,6702994,NC
0.20284401796181584,6702995,NC
0.09283674806986794,6702996,NC
-0.022170522925915606,6702997,NC
-0.1221777950253474,6702998,NC
-0.19218506822824005,6702999,NC
-0.22219234253440617,6703000,NC
-0.2171996179436583,6703001,NC
-0.18720689445580893,6703002,NC
-0.16221417207067057,6703003,NC
-0.15222145078805577,6703004,NC
-0.12722873060777684,6703005,NC
-0.11723601152964627,6703006,NC
-0.09724329355347644,6703007,NC
-0.06225057667907965,6703008,NC
-0.06725786090626829,6703009,NC
-0.07726514623485463,6703010,NC
-0.08727243266465093,6703011,NC
-0.08227972019546945,6703012,NC
-0.08728700882712237,6703013,NC
-0.057294298559421905,6703014,NC
-0.047301589392180175,6703015,NC
-0.06230888132520936,6703016,NC
-0.0623161743583215,6703017,NC
-0.06232346849132872,6703018,NC
-0.05233076372404304,6703019,NC
-0.03233806005627646,6703020,NC
-0.05234535748784096,6703021,NC
-0.042352656018548526,6703022,NC
-0.04735995564821104,6703023,NC
-0.05236725637664047,6703024,NC
-0.042374558203648625,6703025,NC
-0.012381861129047378,6703026,NC
-0.0023891651526485383,6703027,NC
-0.012396470274263903,6703028,NC
-0.022403776493705223,6703029,NC
-0.012411083810784207,6703030,NC
-0.0024183922253126003,6703031,NC
0.012574298262897965,6703032,NC
0.01756698765403581,6703033,NC
0.007559675948289352,6703034,NC
0.01255236314584697,6703035,NC
0.007545049246897126,6703036,NC
0.047537734251628265,6703037,NC
0.05753041816022891,6703038,NC
0.057523100972887535,6703039,NC
0.06251578268979277,6703040,NC
0.057508463311133136,6703041,NC
0.06250114283709728,6703042,NC
0.08749382126787378,6703043,NC
0.1124864986036514,6703044,NC
0.12247917484461873,6703045,NC
0.12247184999096455,6703046,NC
0.11746452404287758,6703047,NC
0.12745719700054664,6703048,NC
0.15744986886416049,6703049,NC
0.182442539633908,6703050,NC
0.19243520930997798,6703051,NC
0.18742787789255938,6703052,NC
0.20242054538184115,6703053,NC
0.20741321177801214,6703054,NC
0.23740587708126137,6703055,NC
0.26239854129177786,6703056,NC
0.2823912044097506,6703057,NC
0.2873838664353687,6703058,NC
0.2873765273688212,6703059,NC
0.2973691872102972,6703060,NC
0.317361845959986,6703061,NC
0.3623545036180766,6703062,NC
0.3673471601847582,6703063,NC
0.3723398156602202,6703064,NC
0.36733247004465164,6703065,NC
0.377325123338242,6703066,NC
0.39731777554118036,6703067,NC
0.4323104266536563,6703068,NC
0.4423030766758591,6703069,NC
0.44229572560797814,6703070,NC
0.4522883734502028,6703071,NC
0.46228102020272266,6703072,NC
0.4822736658657271,6703073,NC
0.5122663104394056,6703074,NC
0.5072589539239479,6703075,NC
0.49225159631954335,6703076,NC
0.45724423762638156,6703077,NC
0.4522368778446523,6703078,NC
0.46222951697454506,6703079,NC
0.4722221550162496,6703080,NC
0.43221479196995566,6703081,NC
0.40720742783585284,6703082,NC
0.3722000626141311,6703083,NC
0.34719269630498,6703084,NC
0.33218532890858954,6703085,NC
0.3271779604251495,6703086,NC
0.2821705908548498,6703087,NC
0.26716322019788025,6703088,NC
0.24715584845443084,6703089,NC
0.2171484756246915,6703090,NC
0.23214110170885227,6703091,NC
0.2521337267071031,6703092,NC
0.2371263506196341,6703093,NC
0.21711897344663522,6703094,NC
0.1921115951882967,6703095,NC
0.20210421584480864,6703096,NC
0.19209683541636108,6703097,NC
0.20708945390314437,6703098,NC
0.19208207130534855,6703099,NC
0.15207468762316395,6703100,NC
0.14706730285678088,6703101,NC
0.16705991700638953,6703102,NC
0.1670525300721803,6703103,NC
0.1820451420543435,6703104,NC
0.17703775295306953,6703105,NC
0.17203036276854874,6703106,NC
0.14702297150097166,6703107,NC
0.16701557915052867,6703108,NC
0.16200818571741027,6703109,NC
0.18200079120180707,6703110,NC
0.17699339560390948,6703111,NC
0.15698599892390813,6703112,NC
0.14197860116199362,6703113,NC
0.1519712023183566,6703114,NC
0.1669638023931877,6703115,NC
0.18195640138667765,6703116,NC
0.17194899929901708,6703117,NC
0.1719415961303968,6703118,NC
0.16193419188100752,6703119,NC
0.17192678655104013,6703120,NC
0.17191938014068536,6703121,NC
0.1769119726501341,6703122,NC
0.1619045640795772,6703123,NC
0.14189715442920564,6703124,NC
0.14688974369921026,6703125,NC
0.1518823318897821,6703126,NC
0.1668749190011121,6703127,NC
0.1868675050333913,6703128,NC
0.18186008998681077,6703129,NC
0.16185267386156152,6703130,NC
0.15184525665783472,6703131,NC
0.16183783837582144,6703132,NC
0.18183041901571292,6703133,NC
0.18682299857770024,6703134,NC
0.1818155770619747,6703135,NC
0.17680815446872752,6703136,NC
0.16680073079814992,6703137,NC
0.17679330605043325,6703138,NC
0.1917858802257688,6703139,NC
0.19677845332434796,6703140,NC
0.17677102534636208,6703141,NC
0.16676359629200255,6703142,NC
0.15175616616146087,6703143,NC
0.17174873495492843,6703144,NC
0.1917413026725968,6703145,NC
0.2017338693146574,6703146,NC
0.19172643488130184,6703147,NC
0.1767189993727217,6703148,NC
0.15171156278910852,6703149,NC
0.151704125130654,6703150,NC
0.1416966863975498,6703151,NC
0.1566892465899875,6703152,NC
0.17168180570815897,6703153,NC
0.1566743637522558,6703154,NC
0.14666692072246984,6703155,NC
0.15165947661899287,6703156,NC
0.16665203144201673,6703157,NC
0.17664458519173323,6703158,NC
0.1716371378683343,6703159,NC
0.15662968947201175,6703160,NC
0.1516222400029576,6703161,NC
0.1416147894613638,6703162,NC
0.17660733784742233,6703163,NC
0.17659988516132522,6703164,NC
0.17159243140326447,6703165,NC
0.1665849765734322,6703166,NC
0.15157752067202046,6703167,NC
0.14657006369922143,6703168,NC
0.16156260565522723,6703169,NC
0.17655514654023008,6703170,NC
0.16654768635442213,6703171,NC
0.16654022509799565,6703172,NC
0.15153276277114291,6703173,NC
0.1615252993740562,6703174,NC
0.16651783490692784,6703175,NC
0.1815103693699502,6703176,NC
0.1815029027633156,6703177,NC
0.16149543508721645,6703178,NC
0.15148796634184525,6703179,NC
0.17148049652739436,6703180,NC
0.17647302564405637,6703181,NC
0.20146555369202368,6703182,NC
0.20145808067148893,6703183,NC
0.19645060658264463,6703184,NC
0.1864431314256834,6703185,NC
0.19643565520079787,6703186,NC
0.21642817790818064,6703187,NC
0.20642069954802444,6703188,NC
0.211413220120522,6703189,NC
0.19640573962586594,6703190,NC
0.19139825806424912,6703191,NC
0.20639077543586432,6703192,NC
0.23638329174090433,6703193,NC
0.24637580697956196,6703194,NC
0.2613683211520302,6703195,NC
0.23136083425850182,6703196,NC
0.23135334629916982,6703197,NC
0.24634585727422706,6703198,NC
0.25633836718386666,6703199,NC
0.2863308760282815,6703200,NC
0.27132338380766474,6703201,NC
0.2463158905222093,6703202,NC
0.2113083961721084,6703203,NC
0.18630090075755507,6703204,NC
0.1862934042787425,6703205,NC
0.17628590673586386,6703206,NC
0.1812784081291123,6703207,NC
0.15627090845868113,6703208,NC
0.13626340772476353,6703209,NC
0.15125590592755278,6703210,NC
0.16124840306724228,6703211,NC
0.1712408991440253,6703212,NC
0.1762333941580952,6703213,NC
0.1712258881096454,6703214,NC
0.15121838099886928,6703215,NC
0.1612108728259603,6703216,NC
0.16120336359111198,6703217,NC
0.18619585329451777,6703218,NC
0.1561883419363712,6703219,NC
0.1361808295168659,6703220,NC
0.11617331603619532,6703221,NC
0.11116580149455318,6703222,NC
0.13615828589213308,6703223,NC
0.15115076922912868,6703224,NC
0.14614325150573368,6703225,NC
0.1311357327221418,6703226,NC
0.1211282128785468,6703227,NC
0.12112069197514241,6703228,NC
0.13111317001212247,6703229,NC
0.15110564698968082,6703230,NC
0.1260981229080113,6703231,NC
0.12609059776730777,6703232,NC
0.11108307156776419,6703233,NC
0.12607554430957446,6703234,NC
0.13606801599293256,6703235,NC
0.15106048661803245,6703236,NC
0.14105295618506822,6703237,NC
0.13604542469423386,6703238,NC
0.12603789214572347,6703239,NC
0.12103035853973114,6703240,NC
0.121022823876451,6703241,NC
0.14101528815607722,6703242,NC
0.14600775137880395,6703243,NC
0.13600021354482547,6703244,NC
0.12599267465433595,6703245,NC
0.13598513470752965,6703246,NC
0.14097759370460092,6703247,NC
0.145970051645744,6703248,NC
0.15096250853115337,6703249,NC
0.15095496436102326,6703250,NC
0.13594741913554814,6703251,NC
0.15093987285492247,6703252,NC
0.14593232551934063,6703253,NC
0.16592477712899717,6703254,NC
0.17591722768408655,6703255,NC
0.16590967718480334,6703256,NC
0.16590212563134207,6703257,NC
0.1908945730238974,6703258,NC
0.21088701936266385,6703259,NC
0.24087946464783613,6703260,NC
0.2608719088796089,6703261,NC
0.2758643520581769,6703262,NC
0.3058567941837348,6703263,NC
0.37084923525647734,6703264,NC
0.4408416752765994,6703265,NC
0.5408341142442956,6703266,NC
0.635826552159761,6703267,NC
0.6858189890231904,6703268,NC
0.7108114248347787,6703269,NC
0.6808038595947206,6703270,NC
0.6457962933032112,6703271,NC
0.5557887259604456,6703272,NC
0.4757811575666187,6703273,NC
0.41577358812192544,6703274,NC
0.455766017626561,6703275,NC
0.5557584460807203,6703276,NC
0.7157508734845988,6703277,NC
0.8957432998383911,6703278,NC
1.0407357251422928,6703279,NC
1.150728149396499,6703280,NC
1.1857205726012046,6703281,NC
1.1557129947566052,6703282,L
1.0957054158628958,6703283,NC
1.0006978359202723,6703284,NC
0.8706902549289293,6703285,NC
0.7706826728890623,6703286,NC
0.6756750898008671,6703287,NC
0.5606675056645386,6703288,NC
0.44565992048027253,6703289,NC
0.3456523342482642,6703290,NC
0.2306447469687092,6703291,NC
0.130637158641803,6703292,NC
0.05562956926774112,6703293,NC
0.03562197884671916,6703294,NC
0.025614387378932665,6703295,NC
0.055606794864577314,6703296,NC
0.0605992013038487,6703297,NC
0.08559160669694255,6703298,NC
0.11558401104405452,6703299,NC
0.14557641434538035,6703300,NC
0.18556881660111582,6703301,NC
0.19056121781145668,6703302,NC
0.18055361797659877,6703303,NC
0.1555460170967379,6703304,NC
0.14553841517206992,6703305,NC
0.15053081220279077,6703306,NC
0.16052320818909632,6703307,NC
0.16551560313118255,6703308,NC
0.1555079970292454,6703309,NC
0.14550038988348088,6703310,NC
0.16049278169408498,6703311,NC
0.17548517246125384,6703312,NC
0.1904775621851834,6703313,NC
0.2154699508660699,6703314,NC
0.21546233850410945,6703315,NC
0.21045472509949814,6703316,NC
0.2054471106524322,6703317,NC
0.22043949516310782,6703318,NC
0.24043187863172127,6703319,NC
0.2604242610584688,6703320,NC
0.23541664244354665,6703321,NC
0.19540902278715122,6703322,NC
0.20540140208947888,6703323,NC
0.21539378035072587,6703324,NC
0.25538615757108873,6703325,NC
0.2803785337507638,6703326,NC
0.26537090888994763,6703327,NC
0.23036328298883657,6703328,NC
0.20535565604762723,6703329,NC
0.21534802806651604,6703330,NC
0.25034039904569966,6703331,NC
0.2903327689853747,6703332,NC
0.3053251378857377,6703333,NC
0.31031750574698524,6703334,NC
0.32030987256931415,6703335,NC
0.32030223835292104,6703336,NC
0.3352946030980025,6703337,NC
0.32528696680475555,6703338,NC
0.2952793294733768,6703339,NC
0.2702716911040631,6703340,NC
0.27526405169701124,6703341,NC
0.3202564112524181,6703342,NC
0.35524876977048053,6703343,NC
0.3852411272513955,6703344,NC
0.40523348369535994,6703345,NC
0.3852258391025707,6703346,NC
0.38021819347322494,6703347,NC
0.39521054680751955,6703348,NC
0.4302028991056516,6703349,NC
0.47019525036781823,6703350,NC
0.49018760059421645,6703351,NC
0.5251799497850433,6703352,NC
0.5351722979404963,6703353,NC
0.5551646450607721,6703354,NC
0.5601569911460683,6703355,NC
0.5651493361965819,6703356,NC
0.5851416802125105,6703357,NC
0.6051340231940507,6703358,NC
0.6301263651414006,6703359,NC
0.6751187060547571,6703360,NC
0.6901110459343176,6703361,NC
0.7001033847802796,6703362,NC
0.7000957225928405,6703363,NC
0.7100880593721975,6703364,NC
0.7000803951185484,6703365,NC
0.6700727298320905,6703366,NC
0.6400650635130214,6703367,NC
0.6350573961615386,6703368,NC
0.6400497277778397,6703369,NC
0.6500420583621224,6703370,NC
0.6100343879145841,6703371,NC
0.5600267164354228,6703372,NC
0.5150190439248358,6703373,NC
0.480011370383021,6703374,NC
0.4400036958101761,6703375,NC
0.41499602020649895,6703376,NC
0.39998834357218715,6703377,NC
0.3799806659074388,6703378,NC
0.3599729872124514,6703379,NC
0.3649653074874231,6703380,NC
0.3549576267325516,6703381,NC
0.349949944948035,6703382,NC
0.3549422621340711,6703383,NC
0.3349345782908579,6703384,NC
0.3199268934185935,6703385,NC
0.3099192075174758,6703386,NC
0.2949115205877029,6703387,NC
0.27990383262947294,6703388,NC
0.27989614364298393,6703389,NC
0.27988845362843406,6703390,NC
0.29488076258602147,6703391,NC
0.29987307051594436,6703392,NC
0.29986537741840097,6703393,NC
0.2898576832935894,6703394,NC
0.26984998814170813,6703395,NC
0.2698422919629553,6703396,NC
0.27483459475752925,6703397,NC
0.2898268965256284,6703398,NC
0.28981919726745103,6703399,NC
0.2798114969831956,6703400,NC
0.26480379567306045,6703401,NC
0.24979609333724412,6703402,NC
0.2797883899759451,6703403,NC
0.29978068558936183,6703404,NC
0.30477298017769283,6703405,NC
0.2897652737411367,6703406,NC
0.279757566279892,6703407,NC
0.27974985779415734,6703408,NC
0.2947421482841314,6703409,NC
0.2997344377500128,6703410,NC
0.2947267261920002,6703411,NC
0.2997190136102924,6703412,NC
0.30471130000508806,6703413,NC
0.28970358537658597,6703414,NC
0.29469586972498496,6703415,NC
0.2946881530504838,6703416,NC
0.26468043535328134,6703417,NC
0.2646727166335765,6703418,NC
0.25466499689156813,6703419,NC
0.28465727612745517,6703420,NC
0.2996495543414366,6703421,NC
0.32964183153371135,6703422,NC
0.30963410770447847,6703423,NC
0.299626382853937,6703424,NC
0.26961865698228593,6703425,NC
0.25961093008972436,6703426,NC
0.26460320217645145,6703427,NC
0.26459547324266636,6703428,NC
0.2795877432885681,6703429,NC
0.25958001231435607,6703430,NC
0.2345722803202293,6703431,NC
0.22456454730638709,6703432,NC
0.2295568132730288,6703433,NC
0.24954907822035355,6703434,NC
0.24954134214856083,6703435,NC
0.24953360505784988,6703436,NC
0.23952586694842015,6703437,NC
0.24451812782047094,6703438,NC
0.25451038767420175,6703439,NC
0.26950264650981204,6703440,NC
0.2644949043275012,6703441,NC
0.25448716112746883,6703442,NC
0.2594794169099145,6703443,NC
0.23447167167503757,6703444,NC
0.2544639254230378,6703445,NC
0.2794561781541147,6703446,NC
0.24944842986846802,6703447,NC
0.2544406805662973,6703448,NC
0.24443293024780227,6703449,NC
0.24942517891318264,6703450,NC
0.26441742656263817,6703451,NC
0.2794096731963686,6703452,NC
0.27440191881457376,6703453,NC
0.24939416341745343,6703454,NC
0.23938640700520752,6703455,NC
0.23437864957803578,6703456,NC
0.23437089113613824,6703457,NC
0.2543631316797147,6703458,NC
0.24435537120896517,6703459,NC
0.24434760972408964,6703460,NC
0.24433984722528806,6703461,NC
0.25433208371276056,6703462,NC
0.2743243191867071,6703463,NC
0.27931655364732777,6703464,NC
0.27930878709482265,6703465,NC
0.24430101952939198,6703466,NC
0.19929325095123585,6703467,NC
0.1892854813605544,6703468,NC
0.20427771075754791,6703469,NC
0.22926993914241658,6703470,NC
0.2342621665153607,6703471,NC
0.2292543928765805,6703472,NC
0.22924661822627634,6703473,NC
0.2192388425646486,6703474,NC
0.23923106589189758,6703475,NC
0.2642232882082237,6703476,NC
0.27921550951382734,6703477,NC
0.284207729808909,6703478,NC
0.2791999490936692,6703479,NC
0.28419216736830827,6703480,NC
0.2941843846330269,6703481,NC
0.3041766008880255,6703482,NC
0.3091688161335048,6703483,NC
0.2941610303696652,6703484,NC
0.2691532435967075,6703485,NC
0.2691454558148323,6703486,NC
0.2741376670242402,6703487,NC
0.28412987722513205,6703488,NC
0.2691220864177085,6703489,NC
0.25411429460217033,6703490,NC
0.23910650177871828,6703491,NC
0.22909870794755316,6703492,NC
0.2290909131088759,6703493,NC
0.25908311726288724,6703494,NC
0.24907532040978814,6703495,NC
0.22406752254977946,6703496,NC
0.20905972368306225,6703497,NC
0.20905192380983734,6703498,NC
0.20904412293030578,6703499,NC
0.19903632104466856,6703500,NC
0.15902851815312674,6703501,NC
0.13902071425588142,6703502,NC
0.12401290935313364,6703503,NC
0.14400510344508458,6703504,NC
0.14899729653193533,6703505,NC
0.1589894886138871,6703506,NC
0.13398167969114105,6703507,NC
0.11897386976389845,6703508,NC
0.1089660588323605,6703509,NC
0.10395824689672853,6703510,NC
0.13895043395720377,6703511,NC
0.1439426200139876,6703512,NC
0.14893480506728135,6703513,NC
0.13392698911728645,6703514,NC
0.11891917216420425,6703515,NC
0.1139113542082362,6703516,NC
0.12390353524958375,6703517,NC
0.1488957152884484,6703518,NC
0.1388878943250316,6703519,NC
0.13388007235953497,6703520,NC
0.11387224939215998,6703521,NC
0.1238644254231083,6703522,NC
0.12385660045258151,6703523,NC
0.1288487744807812,6703524,NC
0.12384094750790911,6703525,NC
0.09383311953416687,6703526,NC
0.08382529055975624,6703527,NC
0.0788174605848789,6703528,NC
0.10380962960973669,6703529,NC
0.10880179763453135,6703530,NC
0.12379396465946473,6703531,NC
0.1037861306847386,6703532,NC
0.09877829571055494,6703533,NC
0.09877045973711555,6703534,NC
0.09876262276462244,6703535,NC
0.10875478479327748,6703536,NC
0.10874694582328268,6703537,NC
0.10373910585484002,6703538,NC
0.09373126488815153,6703539,NC
0.09372342292341926,6703540,NC
0.11871557996084531,6703541,NC
0.12370773600063173,6703542,NC
0.12869989104298066,6703543,NC
0.10869204508809431,6703544,NC
0.10868419813617478,6703545,NC
0.09867635018742432,6703546,NC
0.12366850124204515,6703547,NC
0.1436606513002395,6703548,NC
0.15365280036220968,6703549,NC
0.15864494842815802,6703550,NC
0.1686370954982868,6703551,NC
0.19862924157279838,6703552,NC
0.26362138665189516,6703553,NC
0.34361353073577955,6703554,NC
0.418605673824654,6703555,NC
0.5135978159187209,6703556,NC
0.583589957018183,6703557,NC
0.6435820971232423,6703558,NC
0.7035742362341019,6703559,NC
0.7285663743509638,6703560,NC
0.6685585114740312,6703561,NC
0.5585506476035063,6703562,NC
0.4685427827395918,6703563,NC
0.37853491688249047,6703564,NC
0.3585270500324049,6703565,NC
0.40851918218953787,6703566,NC
0.4785113133540921,6703567,NC
0.5785034435262704,6703568,NC
0.7034955727062754,6703569,NC
0.8284877008943101,6703570,NC
0.9234798280905773,6703571,NC
0.9984719542952797,6703572,NC
1.0134640795086205,6703573,NC
0.9534562037308025,6703574,L
0.8484483269620285,6703575,NC
0.7234404492025017,6703576,NC
0.6234325704524248,6703577,NC
0.5234246907120013,6703578,NC
0.4334168099814337,6703579,NC
0.32340892826092543,6703580,NC
0.2184010455506795,6703581,NC
0.098393161850899,6703582,NC
0.013385277161787078,6703583,NC
-0.06162260851645303,6703584,NC
-0.12163049518361817,6703585,NC
-0.16663838283950505,6703586,NC
-0.21164627148391055,6703587,NC
-0.21165416111663127,6703588,NC
-0.20166205173746393,6703589,NC
-0.17166994334620525,6703590,NC
-0.14667783594265182,6703591,NC
-0.10668572952660031,6703592,NC
-0.10169362409784731,6703593,NC
-0.06670151965618931,6703594,NC
-0.04670941620142295,6703595,NC
-0.026717313733344676,6703596,NC
-0.006725212251751045,6703597,NC
-0.016733111756438476,6703598,NC
-0.026741012247203454,6703599,NC
-0.021748913723842342,6703600,NC
-0.0017568161861515955,6703601,NC
0.028235280366072465,6703602,NC
0.023227375933033506,6703603,NC
0.00821947051493517,6703604,NC
0.008211564111981214,6703605,NC
-0.016796343275624667,6703606,NC
-0.0068042516476787065,6703607,NC
-0.016812161003977075,6703608,NC
-0.0018200713443160127,6703609,NC
-0.02682798266849165,6703610,NC
-0.021835894976300153,6703611,NC
-0.011843808267537621,6703612,NC
0.003148277457999886,6703613,NC
0.028140362200516272,6703614,NC
0.023132445960215527,6703615,NC
0.013124528737301598,6703616,NC
0.023116610531978554,6703617,NC
0.02310869134445038,6703618,NC
0.038100771174921194,6703619,NC
0.06309285002359505,6703620,NC
0.053084927890676065,6703621,NC
0.04307700477636838,6703622,NC
0.03306908068087618,6703623,NC
0.03306115560440367,6703624,NC
0.058053229547155014,6703625,NC
0.06804530250933447,6703626,NC
0.08303737449114636,6703627,NC
0.0630294454927949,6703628,NC
0.05802151551448448,6703629,NC
0.08301358455641936,6703630,NC
0.093005652618804,6703631,NC
0.1329977197018427,6703632,NC
0.12298978580573997,6703633,NC
0.12298185093070019,6703634,NC
0.12297391507692784,6703635,NC
0.13796597824462747,6703636,NC
0.1679580404340035,6703637,NC
0.19795010164526056,6703638,NC
0.20294216187860317,6703639,NC
0.18793422113423597,6703640,NC
0.17792627941236352,6703641,NC
0.19791833671319053,6703642,NC
0.2079103930369216,6703643,NC
0.2529024483837615,6703644,NC
0.2578945027539149,6703645,NC
0.2678865561475866,6703646,NC
0.26787860856498136,6703647,NC
0.2778706600063039,6703648,NC
0.2978627104717591,6703649,NC
0.3078547599615518,6703650,NC
0.3128468084758869,6703651,NC
0.31283885601496925,6703652,NC
0.3178309025790038,6703653,NC
0.30782294816819544,6703654,NC
0.31281499278274927,6703655,NC
0.34280703642287014,6703656,NC
0.35779907908876324,6703657,NC
0.38279112078063343,6703658,NC
0.36778316149868595,6703659,NC
0.3777752012431258,6703660,NC
0.3877672400141581,6703661,NC
0.41275927781198807,6703662,NC
0.4127513146368208,6703663,NC
0.4127433504888615,6703664,NC
0.4177353853683155,6703665,NC
0.4177274192753879,6703666,NC
0.43271945221028413,6703667,NC
0.4377114841732093,6703668,NC
0.4527035151643689,6703669,NC
0.43269554518396824,6703670,NC
0.4276875742322126,6703671,NC
0.40767960230930744,6703672,NC
0.41267162941545826,6703673,NC
0.4076636555508704,6703674,NC
0.40265568071574936,6703675,NC
0.36264770491030074,6703676,NC
0.32263972813472985,6703677,NC
0.2726317503892424,6703678,NC
0.277623771674044,6703679,NC
0.26761579198934016,6703680,NC
0.24760781133533646,6703681,NC
0.2075998297122387,6703682,NC
0.20259184712025236,6703683,NC
0.17758386355958333,6703684,NC
0.15757587903043718,6703685,NC
0.1575678935330198,6703686,NC
0.14755990706753686,6703687,NC
0.12755191963419418,6703688,NC
0.1025439312331976,6703689,NC
0.10253594186475298,6703690,NC
0.11252795152906614,6703691,NC
0.11751996022634305,6703692,NC
0.10251196795678957,6703693,NC
0.08750397472061167,6703694,NC
0.07249598051801535,6703695,NC
0.06748798534920658,6703696,NC
0.0674799892143914,6703697,NC
0.07247199211377582,6703698,NC
0.06746399404756596,6703699,NC
0.05745599501596789,6703700,NC
0.03244799501918775,6703701,NC
0.047439994057431656,6703702,NC
0.0624319921309058,6703703,NC
0.06242398923981638,6703704,NC
0.052415985384369645,6703705,NC
0.04240798056477179,6703706,NC
0.02739997478122913,6703707,NC
0.032391968033947935,6703708,NC
0.027383960323134546,6703709,NC
0.05237595164899528,6703710,NC
0.052367942011736536,6703711,NC
0.04735993141156469,6703712,NC
0.03235191984868616,6703713,NC
0.027343907323307437,6703714,NC
0.04233589383563492,6703715,NC
0.04232787938587518,6703716,NC
0.04231986397423467,6703717,NC
0.027311847600919988,6703718,NC
0.027303830266137648,6703719,NC
0.0122958119700943,6703720,NC
0.01728779271299651,6703721,NC
0.05227977249505096,6703722,NC
0.04227175131646429,6703723,NC
0.03226372917744325,6703724,NC
0.012255706078194484,6703725,NC
0.007247682018924791,6703726,NC
0.0172396569998409,6703727,NC
0.042231631021149636,6703728,NC
0.032223604083057786,6703729,NC
0.027215576185772215,6703730,NC
0.01220754732949976,6703731,NC
0.027199517514447352,6703732,NC
0.04219148674082187,6703733,NC
0.042183455008830265,6703734,NC
0.03717542231867953,6703735,NC
0.02716738867057661,6703736,NC
0.002159354064728565,6703737,NC
-0.002848681498657621,6703738,NC
0.002143281980625175,6703739,NC
0.032135244502784,6703740,NC
0.04212720606802597,6703741,NC
0.022119166676558263,6703742,NC
0.01211112632858799,6703743,NC
0.0021030850243223473,6703744,NC
-0.012904957236031404,6703745,NC
0.007086999547733917,6703746,NC
0.0020789553758256,6703747,NC
0.007070910248450905,6703748,NC
0.002062864165817177,6703749,NC
0.012054817128131716,6703750,NC
0.02204676913560192,6703751,NC
0.027038720188435124,6703752,NC
0.027030670286838768,6703753,NC
0.012022619431020301,6703754,NC
-0.0029854323788128592,6703755,NC
-0.007993485142453183,6703756,NC
0.006998461140306778,6703757,NC
0.016990406469674608,6703758,NC
0.0069823508458578265,6703759,NC
0.0019742942690640225,6703760,NC
-0.018033763260499165,6703761,NC
-0.02804182174262415,6703762,NC
-0.00304988117710326,6703763,NC
0.006942058436271201,6703764,NC
0.001933997097706891,6703765,NC
-0.008074065192588402,6703766,NC
-0.013082128434406988,6703767,NC
-0.01809019262754103,6703768,NC
-0.0030982577717827836,6703769,NC
-0.0031063238669243667,6703770,NC
0.0018856090872420225,6703771,NC
0.0018775410909242923,6703772,NC
-0.013130527855669684,6703773,NC
-0.0031385977523319675,6703774,NC
0.0018533314011454013,6703775,NC
0.021845259604970364,6703776,NC
0.016837186859350945,6703777,NC
0.006829113164495179,6703778,NC
0.0018210385206110652,6703779,NC
-0.013187037072093274,6703780,NC
0.011804886386590205,6703781,NC
0.016796808896869676,6703782,NC
0.016788730458953235,6703783,NC
0.01678065107304907,6703784,NC
0.011772570739365398,6703785,NC
0.021764489458110395,6703786,NC
0.03675640722949234,6703787,NC
0.06174832405371946,6703788,NC
0.056740239931000094,6703789,NC
0.0567321548615425,6703790,NC
0.05672406884555507,6703791,NC
0.05671598188324614,6703792,NC
0.07670789397482411,6703793,NC
0.09169980512049737,6703794,NC
0.08669171532047437,6703795,NC
0.07168362457496359,6703796,NC
0.06167553288417351,6703797,NC
0.04666744024831261,6703798,NC
0.04165934666758946,6703799,NC
0.051651252142212604,6703800,NC
0.046643156672390634,6703801,NC
0.02663506025833213,6703802,NC
0.011626962900245764,6703803,NC
0.011618864598340148,6703804,NC
0.011610765352823987,6703805,NC
0.026602665163906004,6703806,NC
0.021594564031794897,6703807,NC
0.006586461956699451,6703808,NC
0.0065783589388283895,6703809,NC
-0.0034297450216094205,6703810,NC
0.0015621500755947926,6703811,NC
0.011554044230649936,6703812,NC
0.011545937443764823,6703813,NC
-0.00846217028485162,6703814,NC
-0.01847027895499047,6703815,NC
-0.028478388566442754,6703816,NC
-0.02348649911899954,6703817,NC
-0.013494610612451802,6703818,NC
-0.03350272304659055,6703819,NC
-0.048510836421206696,6703820,NC
-0.058518950736091216,6703821,NC
-0.05852706599103498,6703822,NC
-0.04353518218582891,6703823,NC
-0.018543299320263842,6703824,NC
-0.023551417394130594,6703825,NC
-0.03855953640722001,6703826,NC
-0.04856765635932284,6703827,NC
-0.053575777250229877,6703828,NC
-0.043583899079731835,6703829,NC
-0.03359202184761946,6703830,NC
-0.033600145553683396,6703831,NC
-0.04360827019771435,6703832,NC
-0.05361639577950292,6703833,NC
-0.0636245222988398,6703834,NC
-0.04863264975551548,6703835,NC
-0.04364077814932059,6703836,NC
-0.03364890748004564,6703837,NC
-0.0436570377474812,6703838,NC
-0.0686651689514177,6703839,NC
-0.06367330109164569,6703840,NC
-0.05368143416795554,6703841,NC
-0.028689568180137744,6703842,NC
-0.03869770312798263,6703843,NC
-0.043705839011280646,6703844,NC
-0.0587139758298221,6703845,NC
-0.07372211358339731,6703846,NC
-0.0437302522717966,6703847,NC
-0.028738391894810235,6703848,NC
-0.0337465324522285,6703849,NC
-0.03875467394384158,6703850,NC
-0.04876281636943973,6703851,NC
-0.053770959728813066,6703852,NC
-0.05377910402175183,6703853,NC
-0.02878724924804612,6703854,NC
-0.028795395407486032,6703855,NC
-0.02880354249986164,6703856,NC
-0.03381169052496305,6703857,NC
-0.03381983948258026,6703858,NC
-0.02882798937250331,6703859,NC
-0.013836140194522166,6703860,NC
-0.013844291948426839,6703861,NC
-0.0038524446340072113,6703862,NC
0.0011394017489467362,6703863,NC
0.016131247200645144,6703864,NC
0.05612309172129816,6703865,NC
0.08111493531111591,6703866,NC
0.1361067779703086,6703867,NC
0.19109861969908637,6703868,NC
0.2510904604976595,6703869,NC
0.3310823003662382,6703870,NC
0.3910741393050328,6703871,NC
0.4510659773142536,6703872,NC
0.46605781439411087,6703873,NC
0.44104965054481493,6703874,NC
0.4010414857665762,6703875,NC
0.29603332005960514,6703876,NC
0.21102515342411204,6703877,NC
0.13601698586030742,6703878,NC
0.09100881736840172,6703879,NC
0.09600064794860541,6703880,NC
0.13099247760112906,6703881,NC
0.20098430632618314,6703882,NC
0.28097613412397826,6703883,NC
0.38596796099472497,6703884,NC
0.4709597869386339,6703885,NC
0.5359516119559157,6703886,NC
0.585943436046781,6703887,NC
0.5959352592114405,6703888,NC
0.5659270814501048,6703889,L
0.5109189027629848,6703890,NC
0.41591072315029115,6703891,NC
0.31090254261223466,6703892,NC
0.22089436114902608,6703893,NC
0.1308861787608763,6703894,NC
0.06587799544799611,6703895,NC
0.015869811210596423,6703896,NC
-0.03913837395111189,6703897,NC
-0.11414656003691788,6703898,NC
-0.17915474704661066,6703899,NC
-0.2091629349799792,6703900,NC
-0.2241711238368126,6703901,NC
-0.2341793136168997,6703902,NC
-0.20918750432002958,6703903,NC
-0.2091956959459912,6703904,NC
-0.21420388849457334,6703905,NC
-0.19921208196556503,6703906,NC
-0.18422027635875504,6703907,NC
-0.1592284716739323,6703908,NC
-0.15923666791088556,6703909,NC
-0.14924486506940363,6703910,NC
-0.1142530631492753,6703911,NC
-0.0742612621502893,6703912,NC
-0.0642694620722344,6703913,NC
-0.04427766291489924,6703914,NC
-0.054285864678072504,6703915,NC
-0.0742940673615429,6703916,NC
-0.059302270965098984,6703917,NC
-0.05931047548852943,6703918,NC
-0.02431868093162276,6703919,NC
-0.009326887294167585,6703920,NC
-0.0243350945759524,6703921,NC
-0.024343302776765753,6703922,NC
-0.03935151189639609,6703923,NC
-0.029359721934631926,6703924,NC
-0.009367932891261657,6703925,NC
0.005623855233926292,6703926,NC
0.005615642441143508,6703927,NC
0.0006074287306016488,6703928,NC
-0.024400785897487662,6703929,NC
-0.009409001442912727,6703930,NC
0.00558278209453817,6703931,NC
0.030574564715076715,6703932,NC
0.015566346418914707,6703933,NC
0.025558127206263867,6703934,NC
0.005549907077336019,6703935,NC
0.015541686032342992,6703936,NC
0.0205334640714966,6703937,NC
0.045525241195008746,6703938,NC
0.04551701740309128,6703939,NC
0.05050879269595616,6703940,NC
0.04550056707381528,6703941,NC
0.06049234053688064,6703942,NC
0.07548411308536418,6703943,NC
0.10047588471947798,6703944,NC
0.10546765543943398,6703945,NC
0.09545942524544429,6703946,NC
0.09545119413772099,6703947,NC
0.1004429621164762,6703948,NC
0.11043472918192199,6703949,NC
0.14042649533427057,6703950,NC
0.15541826057373404,6703951,NC
0.1604100249005247,6703952,NC
0.14540178831485467,6703953,NC
0.15539355081693626,6703954,NC
0.1803853124069817,6703955,NC
0.21037707308520326,6703956,NC
0.22536883285181336,6703957,NC
0.23036059170702422,6703958,NC
0.23535234965104826,6703959,NC
0.23034410668409783,6703960,NC
0.2603358628063854,6703961,NC
0.29032761801812335,6703962,NC
0.3053193723195241,6703963,NC
0.3053111257108002,6703964,NC
0.3103028781921642,6703965,NC
0.31529462976382844,6703966,NC
0.3352863804260056,6703967,NC
0.3702781301789083,6703968,NC
0.39026987902274907,6703969,NC
0.3952616269577405,6703970,NC
0.4002533739840953,6703971,NC
0.410245120102026,6703972,NC
0.4052368653117455,6703973,NC
0.41522860961346636,6703974,NC
0.40522035300740133,6703975,NC
0.39021209549376323,6703976,NC
0.4002038370727648,6703977,NC
0.4051955777446189,6703978,NC
0.43018731750953826,6703979,NC
0.4501790563677358,6703980,NC
0.45017079431942436,6703981,NC
0.45016253136481693,6703982,NC
0.4351542675041264,6703983,NC
0.4501460027375656,6703984,NC
0.4651377370653476,6703985,NC
0.4751294704876854,6703986,NC
0.45012120300479197,6703987,NC
0.4251129346168805,6703988,NC
0.4001046653241638,6703989,NC
0.3800963951268551,6703990,NC
0.36508812402516755,6703991,NC
0.35007985201931424,6703992,NC
0.33007157910950824,6703993,NC
0.29006330529596286,6703994,NC
0.26005503057889123,6703995,NC
0.2350467549585066,6703996,NC
0.23003847843502223,6703997,NC
0.23503020100865138,6703998,NC
0.21002192267960734,6703999,NC
0.19001364344810343,6704000,NC
0.16500536331435303,6704001,NC
0.14999708227856942,6704002,NC
0.16498880034096608,6704003,NC
0.16498051750175638,6704004,NC
0.14997223376115376,6704005,NC
0.13496394911937165,6704006,NC
0.12495566357662363,6704007,NC
0.11494737713312307,6704008,NC
0.10493908978908362,6704009,NC
0.12493080154471872,6704010,NC
0.12992251240024205,6704011,NC
0.11491422235586717,6704012,NC
0.09990593141180766,6704013,NC
0.09489763956827722,6704014,NC
0.08988934682548949,6704015,NC
0.12988105318365817,6704016,NC
0.11487275864299695,6704017,NC
0.11486446320371962,6704018,NC
0.11485616686603989,6704019,NC
0.11484786963017155,6704020,NC
0.12483957149632845,6704021,NC
0.13483127246472437,6704022,NC
0.12982297253557318,6704023,NC
0.10481467170908877,6704024,NC
0.08480636998548502,6704025,NC
0.08479806736497586,6704026,NC
0.08978976384777523,6704027,NC
0.10478145943409711,6704028,NC
0.11477315412415551,6704029,NC
0.10476484791816437,6704030,NC
0.0847565408163378,6704031,NC
0.08474823281888985,6704032,NC
0.09973992392603456,6704033,NC
0.1147316141379861,6704034,NC
0.12972330345495856,6704035,NC
0.1247149918771661,6704036,NC
0.1147066794048229,6704037,NC
0.10969836603814317,6704038,NC
0.11969005177734113,6704039,NC
0.12968173662263094,6704040,NC
0.11967342057422706,6704041,NC
0.08966510363234356,6704042,NC
0.10465678579719496,6704043,NC
0.1096484670689954,6704044,NC
0.09964014744795943,6704045,NC
0.13463182693430129,6704046,NC
0.12462350552823545,6704047,NC
0.12461518322997633,6704048,NC
0.1346068600397384,6704049,NC
0.12959853595773607,6704050,NC
0.14459021098418393,6704051,NC
0.13458188511929645,6704052,NC
0.12457355836328815,6704053,NC
0.09956523071637367,6704054,NC
0.08455690217876753,6704055,NC
0.0945485727506844,6704056,NC
0.10454024243233886,6704057,NC
0.11953191122394563,6704058,NC
0.12452357912571932,6704059,NC
0.09951524613787469,6704060,NC
0.09950691226062647,6704061,NC
0.10949857749418937,6704062,NC
0.1144902418387782,6704063,NC
0.11948190529460775,6704064,NC
0.12447356786189283,6704065,NC
0.11446522954084828,6704066,NC
0.10445689033168899,6704067,NC
0.1044485502346298,6704068,NC
0.10944020924988568,6704069,NC
0.1244318673776715,6704070,NC
0.10942352461820229,6704071,NC
0.104415180971693,6704072,NC
0.07440683643835858,6704073,NC
0.08439849101841414,6704074,NC
0.11939014471207465,6704075,NC
0.11938179751955527,6704076,NC
0.124373449441071,6704077,NC
0.11936510047683704,6704078,NC
0.09935675062706845,6704079,NC
0.09934839989198042,6704080,NC
0.1093400482717882,6704081,NC
0.12933169576670692,6704082,NC
0.12432334237695185,6704083,NC
0.11931498810273822,6704084,NC
0.09930663294428133,6704085,NC
0.08929827690179645,6704086,NC
0.09928991997549894,6704087,NC
0.0942815621656041,6704088,NC
0.08927320347232734,6704089,NC
0.07926484389588402,6704090,NC
0.06925648343648957,6704091,NC
0.06424812209435943,6704092,NC
0.08423975986970904,6704093,NC
0.1142313967627539,6704094,NC
0.10922303277370948,6704095,NC
0.10921466790279136,6704096,NC
0.10920630215021504,6704097,NC
0.10919793551619614,6704098,NC
0.1141895680009502,6704099,NC
0.1341811996046929,6704100,NC
0.13417283032763982,6704101,NC
0.12416446017000662,6704102,NC
0.10915608913200908,6704103,NC
0.12414771721386281,6704104,NC
0.1191393444157836,6704105,NC
0.13413097073798713,6704106,NC
0.13412259618068928,6704107,NC
0.12411422074410575,6704108,NC
0.13910584442845245,6704109,NC
0.14409746723394515,6704110,NC
0.17908908916079974,6704111,NC
0.18908071020923214,6704112,NC
0.18907233037945823,6704113,NC
0.14906394967169398,6704114,NC
0.1440555680861553,6704115,NC
0.1340471856230582,6704116,NC
0.14903880228261868,6704117,NC
0.15903041806505275,6704118,NC
0.14902203297057645,6704119,NC
0.12901364699940593,6704120,NC
0.11900526015175716,6704121,NC
0.12399687242784632,6704122,NC
0.1239884838278896,6704123,NC
0.1289800943521031,6704124,NC
0.12897170400070299,6704125,NC
0.11896331277390551,6704126,NC
0.09895492067192688,6704127,NC
0.10394652769498335,6704128,NC
0.11893813384329119,6704129,NC
0.11392973911706669,6704130,NC
0.11392134351652616,6704131,NC
0.10391294704188601,6704132,NC
0.08390454969336253,6704133,NC
0.08889615147117214,6704134,NC
0.0788877523755312,6704135,NC
0.08887935240665623,6704136,NC
0.06887095156476361,6704137,NC
0.048862549850069846,6704138,NC
0.033854147262791415,6704139,NC
0.04384574380314488,6704140,NC
0.06883733947134674,6704141,NC
0.08382893426761359,6704142,NC
0.07882052819216201,6704143,NC
0.0638121212452086,6704144,NC
0.04880371342697004,6704145,NC
0.03379530473766292,6704146,NC
0.05878689517750397,6704147,NC
0.07877848474670986,6704148,NC
0.06877007344549733,6704149,NC
0.048761661274083115,6704150,NC
0.03375324823268398,6704151,NC
0.03874483432151675,6704152,NC
0.0437364195407982,6704153,NC
0.058728003890745194,6704154,NC
0.06371958737157453,6704155,NC
0.04871116998350321,6704156,NC
0.023702751726747982,6704157,NC
0.03869433260152592,6704158,NC
0.053685912608053846,6704159,NC
0.05367749174654882,6704160,NC
0.06866907001722777,6704161,NC
0.048660647420307755,6704162,NC
0.02365222395600581,6704163,NC
0.023643799624538962,6704164,NC
0.048635374426124346,6704165,NC
0.063626948360979,6704166,NC
0.06861852142932012,6704167,NC
0.06361009363136477,6704168,NC
0.043601664967330214,6704169,NC
0.03859323543743357,6704170,NC
0.04858480504189209,6704171,NC
0.08357637378092303,6704172,NC
0.0835679416547436,6704173,NC
0.07855950866357111,6704174,NC
0.07355107480762288,6704175,NC
0.04854264008711623,6704176,NC
0.08353420450226848,6704177,NC
0.11352576805329703,6704178,NC
0.15351733074041926,6704179,NC
0.15850889256385262,6704180,NC
0.1735004535238145,6704181,NC
0.23349201362052238,6704182,NC
0.3384835728541937,6704183,NC
0.4134751312250461,6704184,NC
0.473466688733297,6704185,NC
0.538458245379164,6704186,NC
0.5434498011628646,6704187,NC
0.5534413560846163,6704188,NC
0.528432910144637,6704189,NC
0.46842446334314414,6704190,NC
0.38341601568035544,6704191,NC
0.3434075671564886,6704192,NC
0.3133991177717613,6704193,NC
0.34839066752639125,6704194,NC
0.4583822164205962,6704195,NC
0.6083737644545939,6704196,NC
0.7483653116286022,6704197,NC
0.8433568579428391,6704198,NC
0.913348403397522,6704199,NC
0.8983399479928691,6704200,NC
0.8383314917290982,6704201,L
0.7533230346064269,6704202,NC
0.6483145766250737,6704203,NC
0.5483061177852562,6704204,NC
0.47329765808719243,6704205,NC
0.3832891975311003,6704206,NC
0.3032807361171981,6704207,NC
0.22327227384570347,6704208,NC
0.13826381071683475,6704209,NC
0.04825534673080995,6704210,NC
-0.04175311811215284,6704211,NC
-0.09676158381183547,6704212,NC
-0.13677005036801984,6704213,NC
-0.1417785177804877,6704214,NC
-0.17678698604902093,6704215,NC
-0.20679545517340125,6704216,NC
-0.21180392515341054,6704217,NC
-0.2018123959888304,6704218,NC
-0.1518208676794427,6704219,NC
-0.12682934022502898,6704220,NC
-0.08683781362537103,6704221,NC
-0.07684628788025047,6704222,NC
-0.056854762989448894,6704223,NC
-0.06686323895274798,6704224,NC
-0.02187171576992924,6704225,NC
0.0031198065592256893,6704226,NC
0.003111328034935322,6704227,NC
-0.006897151342581918,6704228,NC
-0.026905631573107477,6704229,NC
-0.026914112656422892,6704230,NC
-0.016922594592309603,6704231,NC
0.008068922619451038,6704232,NC
0.01306043897907749,6704233,NC
0.008051954486788478,6704234,NC
-0.00195653085719745,6704235,NC
0.0030349829473384216,6704236,NC
0.018026495900614725,6704237,NC
0.038018008002850184,6704238,NC
0.058009519254263495,6704239,NC
0.05300102965507343,6704240,NC
0.05299253920549872,6704241,NC
0.052984047905758155,6704242,NC
0.04797555575607057,6704243,NC
0.052967062756654776,6704244,NC
0.04795856890772963,6704245,NC
0.017950074209513986,6704246,NC
0.007941578662226778,6704247,NC
0.017933082266086878,6704248,NC
0.032924585021313256,6704249,NC
0.06291608692812485,6704250,NC
0.07790758798674066,6704251,NC
0.0728990881973797,6704252,NC
0.07789058756026095,6704253,NC
0.09288208607560353,6704254,NC
0.11287358374362644,6704255,NC
0.12286508056454881,6704256,NC
0.12785657653858973,6704257,NC
0.13284807166596838,6704258,NC
0.10783956594690386,6704259,NC
0.10783105938161539,6704260,NC
0.12282255197032213,6704261,NC
0.12781404371324337,6704262,NC
0.1428055346105983,6704263,NC
0.1477970246626062,6704264,NC
0.15278851386948633,6704265,NC
0.17778000223145804,6704266,NC
0.1927714897487407,6704267,NC
0.22276297642155354,6704268,NC
0.23775446225011604,6704269,NC
0.23774594723464754,6704270,NC
0.2527374313753676,6704271,NC
0.2727289146724954,6704272,NC
0.2977203971262506,6704273,NC
0.3227118787368526,6704274,NC
0.32270335950452095,6704275,NC
0.3226948394294752,6704276,NC
0.3176863185119348,6704277,NC
0.34267779675211946,6704278,NC
0.35766927415024863,6704279,NC
0.382660750706542,6704280,NC
0.39265222642121916,6704281,NC
0.3926437012944999,6704282,NC
0.4026351753266037,6704283,NC
0.41262664851775044,6704284,NC
0.4326181208681597,6704285,NC
0.4626095923780513,6704286,NC
0.47260106304764504,6704287,NC
0.46759253287716057,6704288,NC
0.4375840018668179,6704289,NC
0.4575754700168367,6704290,NC
0.45756693732743686,6704291,NC
0.4625584037988383,6704292,NC
0.4425498694312608,6704293,NC
0.4475413342249244,6704294,NC
0.41753279818004907,6704295,NC
0.39752426129685464,6704296,NC
0.3725157235755612,6704297,NC
0.3575071850163886,6704298,NC
0.327498645619557,6704299,NC
0.29749010538528653,6704300,NC
0.277481564313797,6704301,NC
0.2574730224053087,6704302,NC
0.2474644796600417,6704303,NC
0.2474559360782161,6704304,NC
0.23244739166005213,6704305,NC
0.2024388464057698,6704306,NC
0.17243030031558954,6704307,NC
0.15742175338973136,6704308,NC
0.15741320562841565,6704309,NC
0.15740465703186254,6704310,NC
0.14739610760029248,6704311,NC
0.1273875573339256,6704312,NC
0.11237900623298232,6704313,NC
0.107370454297683,6704314,NC
0.10736190152824795,6704315,NC
0.12235334792489765,6704316,NC
0.12234479348785242,6704317,NC
0.10733623821733276,6704318,NC
0.09732768211355908,6704319,NC
0.09231912517675189,6704320,NC
0.09731056740713166,6704321,NC
0.10230200880491894,6704322,NC
0.10729344937033425,6704323,NC
0.10228488910359818,6704324,NC
0.08727632800493126,6704325,NC
0.08726776607455415,6704326,NC
0.09725920331268749,6704327,NC
0.09725063971955186,6704328,NC
0.102242075295368,6704329,NC
0.09223351004035651,6704330,NC
0.07222494395473823,6704331,NC
0.0822163770387338,6704332,NC
0.09720780929256399,6704333,NC
0.10719924071644962,6704334,NC
0.10719067131061144,6704335,NC
0.10218210107527032,6704336,NC
0.09217353001064701,6704337,NC
0.09216495811696249,6704338,NC
0.09715638539443758,6704339,NC
0.12214781184329318,6704340,NC
0.12213923746375024,6704341,NC
0.12213066225602967,6704342,NC
0.10712208622035252,6704343,NC
0.09711350935693967,6704344,NC
0.08210493166601227,6704345,NC
0.0670963531477912,6704346,NC
0.07708777380249766,6704347,NC
0.0570791936303526,6704348,NC
0.05207061263157721,6704349,NC
0.052062030806392545,6704350,NC
0.0570534481550198,6704351,NC
0.08704486467768009,6704352,NC
0.08203628037459462,6704353,NC
0.07202769524598461,6704354,NC
0.062019109292071245,6704355,NC
0.06201052251307582,6704356,NC
0.06700193490921955,6704357,NC
0.08199334648072379,6704358,NC
0.08198475722780976,6704359,NC
0.08197616715069889,6704360,NC
0.07196757624961243,6704361,NC
0.06695898452477184,6704362,NC
0.0769503919763985,6704363,NC
0.09694179860471377,6704364,NC
0.08693320440993917,6704365,NC
0.0819246093922961,6704366,NC
0.06691601355200606,6704367,NC
0.07690741688929054,6704368,NC
0.08189881940437109,6704369,NC
0.0868902210974692,6704370,NC
0.09688162196880651,6704371,NC
0.08187302201860454,6704372,NC
0.07186442124708492,6704373,NC
0.0718558196544693,6704374,NC
0.0868472172409793,6704375,NC
0.0868386140068366,6704376,NC
0.0868300099522629,6704377,NC
0.07182140507747992,6704378,NC
0.04681279938270934,6704379,NC
0.05180419286817299,6704380,NC
0.0667955855340926,6704381,NC
0.09178697738068994,6704382,NC
0.10677836840818694,6704383,NC
0.0767697586168053,6704384,NC
0.041761148006767,6704385,NC
0.03675253657829384,6704386,NC
0.026743924331607775,6704387,NC
0.031735311266930695,6704388,NC
0.021726697384484565,6704389,NC
0.03171808268449133,6704390,NC
0.026709467167173016,6704391,NC
0.031700850832751586,6704392,NC
0.04669223368144908,6704393,NC
0.06668361571348758,6704394,NC
0.07167499692908912,6704395,NC
0.07166637732847583,6704396,NC
0.06665775691186979,6704397,NC
0.061649135679493136,6704398,NC
0.08664051363156804,6704399,NC
0.11663189076831668,6704400,NC
0.12662326708996122,6704401,NC
0.10661464259672393,6704402,NC
0.09160601728882702,6704403,NC
0.08159739116649274,6704404,NC
0.09658876422994342,6704405,NC
0.1165801364794013,6704406,NC
0.12657150791508875,6704407,NC
0.11156287853722807,6704408,NC
0.11155424834604169,6704409,NC
0.11154561734175192,6704410,NC
0.13153698552458126,6704411,NC
0.13652835289475201,6704412,NC
0.13651971945248673,6704413,NC
0.13651108519800786,6704414,NC
0.12650245013153788,6704415,NC
0.11649381425329934,6704416,NC
0.1114851775635147,6704417,NC
0.13147654006240658,6704418,NC
0.1364679017501975,6704419,NC
0.11145926262711012,6704420,NC
0.08645062269336698,6704421,NC
0.0864419819491908,6704422,NC
0.08643334039480413,6704423,NC
0.09142469803042977,6704424,NC
0.09141605485629037,6704425,NC
0.07640741087260863,6704426,NC
0.07139876607960734,6704427,NC
0.0563901204775092,6704428,NC
0.04138147406653705,6704429,NC
0.05637282684691365,6704430,NC
0.051364178818861864,6704431,NC
0.04135552998260451,6704432,NC
0.026346880338364447,6704433,NC
0.026338229886364615,6704434,NC
0.03132957862682786,6704435,NC
0.03632092655997716,6704436,NC
0.03131227368603543,6704437,NC
0.02130362000522567,6704438,NC
-0.013705034482229157,6704439,NC
-0.008713689776106016,6704440,NC
0.016277654123818104,6704441,NC
0.04126899721776631,6704442,NC
0.021260339505961588,6704443,NC
0.006251680988627099,6704444,NC
-0.003756978334014043,6704445,NC
-0.018765638461738732,6704446,NC
-0.008774299394323764,6704447,NC
0.0062170388684539835,6704448,NC
0.0012083763268177679,6704449,NC
-0.018800287019009255,6704450,NC
-0.01880895116880378,6704451,NC
-0.018817616122342604,6704452,NC
-0.013826281879402411,6704453,NC
0.0061650515602401194,6704454,NC
0.0011563841968082675,6704455,NC
-0.008852283969474586,6704456,NC
-0.018860952938385116,6704457,NC
-0.02886962270969988,6704458,NC
-0.01387829328319556,6704459,NC
-0.003886964658648604,6704460,NC
0.0011043631641643042,6704461,NC
0.0010956901854667599,6704462,NC
-0.003912983594517892,6704463,NC
-0.013921658175566023,6704464,NC
0.006069666442545873,6704465,NC
0.01606099026004131,6704466,NC
0.016052313277143904,6704467,NC
0.016043635494077196,6704468,NC
0.011034956911064861,6704469,NC
0.026026277528330463,6704470,NC
0.04601759734609773,6704471,NC
0.07600891636459026,6704472,NC
0.1060002345840318,6704473,NC
0.13099155200464607,6704474,NC
0.16098286862665676,6704475,NC
0.21597418445028768,6704476,NC
0.3109654994757626,6704477,NC
0.40095681370330527,6704478,NC
0.4659481271331395,6704479,NC
0.49093943976548926,6704480,NC
0.5409307516005782,6704481,NC
0.5309220626386304,6704482,NC
0.5009133728798697,6704483,NC
0.41590468232452,6704484,NC
0.3408959909728052,6704485,NC
0.2558872988249493,6704486,NC
0.20587860588117635,6704487,NC
0.22586991214171026,6704488,NC
0.3058612176067751,6704489,NC
0.4408525222765948,6704490,NC
0.5558438261513937,6704491,NC
0.7108351292313957,6704492,NC
0.7908264315168247,6704493,NC
0.8658177330079052,6704494,NC
0.9108090337048611,6704495,NC
0.8958003336079168,6704496,L
0.8157916327172963,6704497,NC
0.6957829310332239,6704498,NC
0.5657742285559236,6704499,NC
0.45576552528562,6704500,NC
0.36075682122253716,6704501,NC
0.2807481163668994,6704502,NC
0.16073941071893103,6704503,NC
0.040730704278856375,6704504,NC
-0.07427800295310014,6704505,NC
-0.16928671097671424,6704506,NC
-0.21429541979176145,6704507,NC
-0.24430412939801746,6704508,NC
-0.2743128397952577,6704509,NC
-0.28932155098325785,6704510,NC
-0.3093302629617934,6704511,NC
-0.26433897573063975,6704512,NC
-0.22434768928957255,6704513,NC
-0.17935640363836713,6704514,NC
-0.13436511877679905,6704515,NC
-0.1143738347046436,6704516,NC
-0.10938255142167636,6704517,NC
-0.09939126892767253,6704518,NC
-0.0743999872224076,6704519,NC
-0.06440870630565684,6704520,NC
-0.06441742617719563,6704521,NC
-0.06442614683679923,6704522,NC
-0.08443486828424296,6704523,NC
-0.07444359051930205,6704524,NC
-0.05945231354175174,6704525,NC
-0.0544610373513673,6704526,NC
-0.029469761947923848,6704527,NC
-0.03947848733119666,6704528,NC
-0.05448721350096081,6704529,NC
-0.0494959404569915,6704530,NC
-0.03450466819906381,6704531,NC
-0.024513396726952873,6704532,NC
-0.00952212604043378,6704533,NC
-0.034530856139281495,6704534,NC
-0.034539587023271194,6704535,NC
-0.04454831869217775,6704536,NC
-0.02455705114577632,6704537,NC
-0.009565784383841747,6704538,NC
0.0004254815938509321,6704539,NC
-0.004583253212473177,6704540,NC
-0.00959198880258903,6704541,NC
-0.029600725176271478,6704542,NC
0.010390537666704544,6704543,NC
0.03038179972656421,6704544,NC
0.030373061003532705,6704545,NC
0.03036432149783517,6704546,NC
0.015355581209696847,6704547,NC
0.030346840139342916,6704548,NC
0.05033809828699867,6704549,NC
0.07032935565288932,6704550,NC
0.07532061223724021,6704551,NC
0.06031186804027658,6704552,NC
0.05030312306222381,6704553,NC
0.0652943773033072,6704554,NC
0.06528563076375213,6704555,NC
0.10027688344378402,6704556,NC
0.1152681353436282,6704557,NC
0.12525938646351018,6704558,NC
0.11025063680365534,6704559,NC
0.11524188636428918,6704560,NC
0.14523313514563715,6704561,NC
0.1652243831479248,6704562,NC
0.18521563037137762,6704563,NC
0.19020687681622117,6704564,NC
0.19019812248268103,6704565,NC
0.20018936737098278,6704566,NC
0.21018061148135198,6704567,NC
0.2351718548140143,6704568,NC
0.2551630973691954,6704569,NC
0.2501543391471209,6704570,NC
0.2501455801480165,6704571,NC
0.26013682037210795,6704572,NC
0.2901280598196209,6704573,NC
0.3151192984907811,6704574,NC
0.3301105363858144,6704575,NC
0.3251017735049465,6704576,NC
0.3350930098484033,6704577,NC
0.3400842454164106,6704578,NC
0.3700754802091941,6704579,NC
0.39006671422697986,6704580,NC
0.40505794746999363,6704581,NC
0.4100491799384614,6704582,NC
0.4150404116326091,6704583,NC
0.4350316425526626,6704584,NC
0.4400228726988479,6704585,NC
0.46001410207139093,6704586,NC
0.46000533067051785,6704587,NC
0.45499655849645454,6704588,NC
0.4299877855494272,6704589,NC
0.39497901182966166,6704590,NC
0.4049702373373842,6704591,NC
0.39996146207282085,6704592,NC
0.37495268603619775,6704593,NC
0.32994390922774103,6704594,NC
0.28493513164767686,6704595,NC
0.26492635329623143,6704596,NC
0.24991757417363097,6704597,NC
0.24990879428010168,6704598,NC
0.23490001361586976,6704599,NC
0.20489123218116154,6704600,NC
0.1648824499762033,6704601,NC
0.1448736670012213,6704602,NC
0.16486488325644189,6704603,NC
0.16485609874209142,6704604,NC
0.15484731345839622,6704605,NC
0.1198385274055827,6704606,NC
0.0898297405838773,6704607,NC
0.07982095299350636,6704608,NC
0.0848121646346964,6704609,NC
0.09480337550767381,6704610,NC
0.07479458561266514,6704611,NC
0.06478579494989681,6704612,NC
0.044777003519595446,6704613,NC
0.04476821132198748,6704614,NC
0.04975941835729955,6704615,NC
0.07475062462575824,6704616,NC
0.0847418301275901,6704617,NC
0.0647330348630218,6704618,NC
0.05972423883227993,6704619,NC
0.05471544203559121,6704620,NC
0.06970664447318226,6704621,NC
0.07969784614527982,6704622,NC
0.05968904705211056,6704623,NC
0.059680247193901276,6704624,NC
0.03967144657087871,6704625,NC
0.04966264518326962,6704626,NC
0.04965384303130084,6704627,NC
0.06464504011519914,6704628,NC
0.0746362364351914,6704629,NC
0.05962743199150444,6704630,NC
0.04461862678436518,6704631,NC
0.039609820814000475,6704632,NC
0.06460101408063727,6704633,NC
0.07459220658450247,6704634,NC
0.06458339832582305,6704635,NC
0.049574589304826014,6704636,NC
0.029565779521738295,6704637,NC
0.034556968976786964,6704638,NC
0.05454815767019901,6704639,NC
0.06453934560220154,6704640,NC
0.05453053277302155,6704641,NC
0.04452171918288621,6704642,NC
0.019512904832022566,6704643,NC
0.04950408972065779,6704644,NC
0.07449527384901905,6704645,NC
0.06448645721733348,6704646,NC
0.07447763982582829,6704647,NC
0.06446882167473064,6704648,NC
0.044460002764267884,6704649,NC
0.04445118309466711,6704650,NC
0.05444236266615576,6704651,NC
0.06943354147896094,6704652,NC
0.0744247195333101,6704653,NC
0.0544158968294305,6704654,NC
0.0494070733675495,6704655,NC
0.0393982491478945,6704656,NC
0.05438942417069283,6704657,NC
0.05438059843617195,6704658,NC
0.06437177194455923,6704659,NC
0.04936294469608217,6704660,NC
0.04435411669096818,6704661,NC
0.044345287929444796,6704662,NC
0.05933645841173947,6704663,NC
0.05932762813807976,6704664,NC
0.06931879710869322,6704665,NC
0.06430996532380737,6704666,NC
0.054301132783649834,6704667,NC
0.054292299488448166,6704668,NC
0.059283465438430036,6704669,NC
0.05927463063382303,6704670,NC
0.05926579507485487,6704671,NC
0.03425695876175317,6704672,NC
0.019248121694745685,6704673,NC
0.009239283874060086,6704674,NC
0.00923044529992412,6704675,NC
0.034221605972565586,6704676,NC
0.0392127658922122,6704677,NC
0.0342039250590918,6704678,NC
0.024195083473432164,6704679,NC
0.02918624113546117,6704680,NC
0.03417739804540662,6704681,NC
0.049168554203496445,6704682,NC
0.06415970960995848,6704683,NC
0.049150864265020626,6704684,NC
0.044142018168910925,6704685,NC
0.04413317132185718,6704686,NC
0.05412432372408751,6704687,NC
0.04911547537582974,6704688,NC
0.04910662627731202,6704689,NC
0.03909777642876229,6704690,NC
0.024088925830408652,6704691,NC
0.03408007448247913,6704692,NC
0.054071222385201845,6704693,NC
0.07906236953880486,6704694,NC
0.0890535159435163,6704695,NC
0.07904466159956439,6704696,NC
0.07403580650717718,6704697,NC
0.06902695066658296,6704698,NC
0.07401809407800983,6704699,NC
0.09400923674168607,6704700,NC
0.0940003786578399,6704701,NC
0.0989915198266996,6704702,NC
0.0889826602484934,6704703,NC
0.09897379992344968,6704704,NC
0.11896493885179665,6704705,NC
0.14395607703376273,6704706,NC
0.14394721446957626,6704707,NC
0.13393835115946556,6704708,NC
0.1139294871036591,6704709,NC
0.11392062230238525,6704710,NC
0.11891175675587246,6704711,NC
0.13390289046434914,6704712,NC
0.13889402342804383,6704713,NC
0.11388515564718496,6704714,NC
0.10887628712200105,6704715,NC
0.08886741785272066,6704716,NC
0.0838585478395723,6704717,NC
0.10384967708278457,6704718,NC
0.09884080558258602,6704719,NC
0.08383193333920529,6704720,NC
0.06382306035287096,6704721,NC
0.058814186623811715,6704722,NC
0.07380531215225619,6704723,NC
0.0637964369384331,6704724,NC
0.07878756098257109,6704725,NC
0.06377868428489888,6704726,NC
0.06376980684564529,6704727,NC
0.05376092866503901,6704728,NC
0.07875204974330885,6704729,NC
0.08374317008068358,6704730,NC
0.06373428967739204,6704731,NC
0.03372540853366302,6704732,NC
0.02371652664972543,6704733,NC
-0.011292355974191908,6704734,NC
0.003698760662139918,6704735,NC
0.033689876558949845,6704736,NC
0.02368099171646675,6704737,NC
0.023672106134919633,6704738,NC
-0.00633678018546259,6704739,NC
-0.026345667244450876,6704740,NC
-0.016354555041816276,6704741,NC
0.018636556422670286,6704742,NC
0.008627667149237805,6704743,NC
0.013618777138115393,6704744,NC
-0.026390113610467923,6704745,NC
-0.036399005096283014,6704746,NC
-0.016407897319100726,6704747,NC
-0.01141679027869199,6704748,NC
-0.006425683974827581,6704749,NC
0.003565421592721621,6704750,NC
-0.011443473575815138,6704751,NC
-0.011452369480208696,6704752,NC
-0.016461266120229766,6704753,NC
0.0035298365043508508,6704754,NC
-0.001479061606237543,6704755,NC
-0.0014879604517656388,6704756,NC
0.0035031399679958213,6704757,NC
-0.011505760346723772,6704758,NC
0.003485338604304864,6704759,NC
0.013476436821311152,6704760,NC
0.01346753430452443,6704761,NC
0.008458631054174142,6704762,NC
0.003449727070489645,6704763,NC
-0.001559177646299495,6704764,NC
0.008431916904036024,6704765,NC
0.028423010721725792,6704766,NC
0.0334141038069993,6704767,NC
0.01840519616008602,6704768,NC
0.018396287781215534,6704769,NC
0.018387378670617356,6704770,NC
0.008378468828521096,6704771,NC
0.0333695582551563,6704772,NC
0.048360646950752637,6704773,NC
0.04335173491553969,6704774,NC
0.043342822149747114,6704775,NC
0.06333390865360462,6704776,NC
0.09332499442734184,6704777,NC
0.14331607947118852,6704778,NC
0.19330716378537435,6704779,NC
0.24829824737012912,6704780,NC
0.3232893302256825,6704781,NC
0.3832804123522644,6704782,NC
0.45827149375010456,6704783,NC
0.5332625744194328,6704784,NC
0.5482536543604789,6704785,NC
0.5082447335734728,6704786,NC
0.44823581205864427,6704787,NC
0.3632268898162233,6704788,NC
0.2882179668464398,6704789,NC
0.2532090431495237,6704790,NC
0.2582001187257049,6704791,NC
0.3031911935752134,6704792,NC
0.3831822676982791,6704793,NC
0.5031733410951322,6704794,NC
0.6381644137660025,6704795,NC
0.7781554857111203,6704796,NC
0.8581465569307154,6704797,NC
0.8881376274250181,6704798,NC
0.8931286971942582,6704799,L
0.8481197662386663,6704800,NC
0.7581108345584721,6704801,NC
0.6681019021539059,6704802,NC
0.5580929690251979,6704803,NC
0.4480840351725782,6704804,NC
0.33307510059627715,6704805,NC
0.2430661652965249,6704806,NC
0.12805722927355173,6704807,NC
0.02804829252758786,6704808,NC
-0.08196064494113636,6704809,NC
-0.18196958313239067,6704810,NC
-0.24697852204594475,6704811,NC
-0.27698746168156824,6704812,NC
-0.27199640203903075,6704813,NC
-0.2570053431181019,6704814,NC
-0.21701428491855146,6704815,NC
-0.1720232274401488,6704816,NC
-0.1420321706826636,6704817,NC
-0.11204111464586533,6704818,NC
-0.07705005932952358,6704819,NC
-0.03705900473340783,6704820,NC
-0.037067950857287604,6704821,NC
-0.032076897700932326,6704822,NC
-0.012085845264111501,6704823,NC
-0.01209479354659452,6704824,NC
-0.01710374254815084,6704825,NC
-0.04211269226854985,6704826,NC
-0.05212164270756088,6704827,NC
-0.06713059386495336,6704828,NC
-0.06713954574049658,6704829,NC
-0.04214849833395991,6704830,NC
-0.022157451645112604,6704831,NC
-0.012166405673724002,6704832,NC
-0.017175360419563326,6704833,NC
-0.03218431588239987,6704834,NC
-0.032193272062002856,6704835,NC
-0.027202228958141457,6704836,NC
-0.017211186570584944,6704837,NC
-0.007220144899102381,6704838,NC
0.0027708960565369437,6704839,NC
-0.007238063703435976,6704840,NC
-0.012247024178790398,6704841,NC
-0.007255985369295309,6704842,NC
0.007735052725280134,6704843,NC
0.032726090105166916,6704844,NC
0.027717126770595936,6704845,NC
0.022708162721798195,6704846,NC
0.012699197959004708,6704847,NC
0.03269023248244642,6704848,NC
0.02768126629235443,6704849,NC
0.04767229938895971,6704850,NC
0.05766333177249339,6704851,NC
0.06265436344318649,6704852,NC
0.05764539440127017,6704853,NC
0.06763642464697549,6704854,NC
0.07762745418053361,6704855,NC
0.10261848300217571,6704856,NC
0.10760951111213293,6704857,NC
0.10760053851063649,6704858,NC
0.10759156519791756,6704859,NC
0.12258259117420742,6704860,NC
0.13257361643973725,6704861,NC
0.1675646409947384,6704862,NC
0.17755566483944205,6704863,NC
0.1775466879740796,6704864,NC
0.1875377103988823,6704865,NC
0.18752873211408153,6704866,NC
0.2075197531199086,6704867,NC
0.22751077341659498,6704868,NC
0.24750179300437194,6704869,NC
0.25749281188347095,6704870,NC
0.2574838300541235,6704871,NC
0.2724748475165609,6704872,NC
0.2874658642710148,6704873,NC
0.30745688031771645,6704874,NC
0.3124478956568975,6704875,NC
0.3224389102887895,6704876,NC
0.3224299242136239,6704877,NC
0.3274209374316323,6704878,NC
0.3474119499430463,6704879,NC
0.37240296174809745,6704880,NC
0.3873939728470174,6704881,NC
0.41738498324003775,6704882,NC
0.4073759929273901,6704883,NC
0.3973670019093062,6704884,NC
0.4323580101860177,6704885,NC
0.4623490177577563,6704886,NC
0.4723400246247538,6704887,NC
0.46733103078724175,6704888,NC
0.4573220362454521,6704889,NC
0.4473130409996165,6704890,NC
0.4323040450499669,6704891,NC
0.4272950483967349,6704892,NC
0.4072860510401524,6704893,NC
0.37227705298045133,6704894,NC
0.3172680542178635,6704895,NC
0.28225905475262086,6704896,NC
0.26725005458495515,6704897,NC
0.2772410537150985,6704898,NC
0.26723205214328266,6704899,NC
0.23722304986973972,6704900,NC
0.21221404689470158,6704901,NC
0.18720504321840026,6704902,NC
0.16719603884106776,6704903,NC
0.16718703376293612,6704904,NC
0.15217802798423735,6704905,NC
0.14716902150520353,6704906,NC
0.12216001432606682,6704907,NC
0.10215100644705921,6704908,NC
0.09714199786841292,6704909,NC
0.10213298859035998,6704910,NC
0.09212397861313264,6704911,NC
0.072114967936963,6704912,NC
0.062105956562083314,6704913,NC
0.04709694448872573,6704914,NC
0.04208793171712252,6704915,NC
0.06207891824750588,6704916,NC
0.062069904080108124,6704917,NC
0.04706088921516155,6704918,NC
0.03705187365289838,6704919,NC
0.03704285739355102,6704920,NC
0.037033840437351716,6704921,NC
0.04702482278453289,6704922,NC
0.06701580443532687,6704923,NC
0.04700678538996608,6704924,NC
0.026997765648682885,6704925,NC
0.021988745211709727,6704926,NC
0.02697972407927908,6704927,NC
0.036970702251623355,6704928,NC
0.04696167972897508,6704929,NC
0.046952656511566694,6704930,NC
0.026943632599630764,6704931,NC
0.02693460799339978,6704932,NC
0.03192558269310633,6704933,NC
0.04191655669898294,6704934,NC
0.046907530011262244,6704935,NC
0.0368985026301768,6704936,NC
0.026889474555959247,6704937,NC
0.011880445788842252,6704938,NC
0.021871416329058414,6704939,NC
0.03686238617684048,6704940,NC
0.041853355332421065,6704941,NC
0.03184432379603295,6704942,NC
0.011835291567908808,6704943,NC
0.011826258648281431,6704944,NC
0.026817225037383537,6704945,NC
0.041808190735447934,6704946,NC
0.036799155742707444,6704947,NC
0.031790120059394834,6704948,NC
0.011781083685742991,6704949,NC
0.021772046621984717,6704950,NC
0.02676300886835294,6704951,NC
0.04675397042508046,6704952,NC
0.03174493129240032,6704953,NC
0.02673589147054529,6704954,NC
0.006726850959748464,6704955,NC
0.006717809760242652,6704956,NC
0.021708767872260924,6704957,NC
0.031699725296036284,6704958,NC
0.03669068203180169,6704959,NC
0.026681638079790227,6704960,NC
0.006672593440234888,6704961,NC
0.0016635481133687909,6704962,NC
0.01165450209942498,6704963,NC
0.011645455398636588,6704964,NC
0.011636408011236693,6704965,NC
0.0016273599374584634,6704966,NC
-0.013381688822464932,6704967,NC
0.0016092617316996356,6704968,NC
0.011600211600185407,6704969,NC
0.011591160783225536,6704970,NC
0.011582109281053302,6704971,NC
0.006573057093901893,6704972,NC
-0.008435995777995382,6704973,NC
-0.013445049334405285,6704974,NC
0.0015458964249055254,6704975,NC
0.0065368415001703095,6704976,NC
0.001527785891622422,6704977,NC
0.001518729599495245,6704978,NC
-0.018490327375977906,6704979,NC
-0.028499385034563608,6704980,NC
-0.013508443376028498,6704981,NC
-0.003517502400139115,6704982,NC
0.0014734378933379325,6704983,NC
-0.01853562249536385,6704984,NC
-0.013544683566011042,6704985,NC
-0.033553745318370125,6704986,NC
-0.023562807752207583,6704987,NC
0.0014281291327100515,6704988,NC
-0.013580934663383556,6704989,NC
-0.003589999140255002,6704990,NC
-0.023599064297670565,6704991,NC
-0.03360813013539678,6704992,NC
-0.03361719665319993,6704993,NC
-0.0036262638508464465,6704994,NC
-0.0036353317281026427,6704995,NC
0.0013555997152650996,6704996,NC
-0.008653469520509507,6704997,NC
-0.0036625394351927354,6704998,NC
0.006328389971449067,6704999,NC
0.011319318699649701,6705000,NC
0.02131024674964286,6705001,NC
0.006301174121662364,6705002,NC
0.006292100815941955,6705003,NC
-0.008716973167284515,6705004,NC
0.02127395217221673,6705005,NC
0.03626487683467955,6705006,NC
0.046255800820337825,6705007,NC
0.05124672412942539,6705008,NC
0.051237646762176174,6705009,NC
0.041228568718824035,6705010,NC
0.05121948999960298,6705011,NC
0.06121041060474687,6705012,NC
0.04120133053448972,6705013,NC
0.036192249789065475,6705014,NC
0.016183168368708166,6705015,NC
0.011174086273651775,6705016,NC
0.00616500350413034,6705017,NC
0.0061559200603779445,6705018,NC
0.011146835942628604,6705019,NC
-0.008862248848883553,6705020,NC
-0.028871334313924468,6705021,NC
-0.023880420452259982,6705022,NC
-0.013889507263656002,6705023,NC
-0.008898594747878328,6705024,NC
-0.018907682904692837,6705025,NC
-0.018916771733865294,6705026,NC
-0.043925861235161553,6705027,NC
-0.048934951408347374,6705028,NC
-0.03394404225318843,6705029,NC
-0.03395313376945061,6705030,NC
-0.03896222595689952,6705031,NC
-0.03897131881530094,6705032,NC
-0.06898041234442051,6705033,NC
-0.08398950654402396,6705034,NC
-0.07399860141387687,6705035,NC
-0.04400769695374498,6705036,NC
-0.04401679316339384,6705037,NC
-0.05402589004258905,6705038,NC
-0.07403498759109625,6705039,NC
-0.07904408580868094,6705040,NC
-0.07905318469510876,6705041,NC
-0.06406228425014518,6705042,NC
-0.05907138447355576,6705043,NC
-0.059080485365105954,6705044,NC
-0.07908958692456129,6705045,NC
-0.0940986891516872,6705046,NC
-0.08410779204624919,6705047,NC
-0.08911689560801264,6705048,NC
-0.08412599983674296,6705049,NC
-0.09413510473220559,6705050,NC
-0.10414421029416587,6705051,NC
-0.10915331652238922,6705052,NC
-0.0941624234166409,6705053,NC
-0.08417153097668634,6705054,NC
-0.07918063920229076,6705055,NC
-0.08418974809321954,6705056,NC
-0.09919885764923791,6705057,NC
-0.09920796787011112,6705058,NC
-0.09421707875560444,6705059,NC
-0.08422619030548308,6705060,NC
-0.07923530251951227,6705061,NC
-0.08924441539745719,6705062,NC
-0.08425352893908301,6705063,NC
-0.0992626431441549,6705064,NC
-0.089271758012438,6705065,NC
-0.07428087354369742,6705066,NC
-0.05928998973769831,6705067,NC
-0.04929910659420571,6705068,NC
-0.06430822411298467,6705069,NC
-0.08431734229380033,6705070,NC
-0.06932646113641767,6705071,NC
-0.06433558064060174,6705072,NC
-0.06934470080611752,6705073,NC
-0.054353821632730004,6705074,NC
-0.039362943120204164,6705075,NC
0.0006279347316950207,6705076,NC
0.04061881192320264,6705077,NC
0.1106096884545538,6705078,NC
0.18060056432598354,6705079,NC
0.255591439537727,6705080,NC
0.3205823140900193,6705081,NC
0.3655731879830957,6705082,NC
0.3905640612171911,6705083,NC
0.410554933792541,6705084,NC
0.3605458057093804,6705085,NC
0.28553667696794455,6705086,NC
0.18052754756846867,6705087,NC
0.10051841751118806,6705088,NC
0.065509286796338,6705089,NC
0.09550015542415372,6705090,NC
0.15049102339487055,6705091,NC
0.28048189070872376,6705092,NC
0.37547275736594876,6705093,NC
0.4854636233667809,6705094,NC
0.5954544887114555,6705095,NC
0.680445353400208,6705096,NC
0.7054362174332737,6705097,NC
0.675427080810888,6705098,L
0.5704179435332866,6705099,NC
0.45040880560070456,6705100,NC
0.3353996670133777,6705101,NC
0.24039052777154135,6705102,NC
0.165381387875431,6705103,NC
0.06037224732528228,6705104,NC
-0.039636893878669435,6705105,NC
-0.1346460357361884,6705106,NC
-0.19965517824703927,6705107,NC
-0.2646643214109862,6705108,NC
-0.29967346522779387,6705109,NC
-0.3246826096972264,6705110,NC
-0.3496917548190483,6705111,NC
-0.36970090059302385,6705112,NC
-0.3147100470189174,6705113,NC
-0.27971919409649326,6705114,NC
-0.25472834182551574,6705115,NC
-0.2297374902057491,6705116,NC
-0.20974663923695758,6705117,NC
-0.1897557889189055,6705118,NC
-0.169764939251357,6705119,NC
-0.15477409023407632,6705120,NC
-0.15978324186682769,6705121,NC
-0.1547923941493752,6705122,NC
-0.1548015470814831,6705123,NC
-0.1598107006629155,6705124,NC
-0.14981985489343652,6705125,NC
-0.1298290097728103,6705126,NC
-0.11983816530080088,6705127,NC
-0.1348473214771724,6705128,NC
-0.14485647830168888,6705129,NC
-0.14986563577411433,6705130,NC
-0.13487479389421284,6705131,NC
-0.11988395266174838,6705132,NC
-0.11489311207648498,6705133,NC
-0.11490227213818659,6705134,NC
-0.12991143284661713,6705135,NC
-0.13492059420154062,6705136,NC
-0.14492975620272097,6705137,NC
-0.11493891884992205,6705138,NC
-0.09994808214290779,6705139,NC
-0.11995724608144201,6705140,NC
-0.11996641066528868,6705141,NC
-0.1299755758942115,6705142,NC
-0.09998474176797444,6705143,NC
-0.06999390828634117,6705144,NC
-0.06000307544907563,6705145,NC
-0.06501224325594145,6705146,NC
-0.07002141170670251,6705147,NC
-0.07003058080112248,6705148,NC
-0.0700397505389651,6705149,NC
-0.03004892091999412,6705150,NC
-0.02005809194397317,6705151,NC
-0.010067263610665997,6705152,NC
-0.025076435919836194,6705153,NC
-0.02008560887124746,6705154,NC
-9.478246466337881e-05,6705155,NC
0.03489604330015239,6705156,NC
0.05488686842343628,6705157,NC
0.03987769290542474,6705158,NC
0.039868516746354166,6705159,NC
0.03985933994646104,6705160,NC
0.05985016250598181,6705161,NC
0.09984098442515299,6705162,NC
0.11483180570421106,6705163,NC
0.11982262634339257,6705164,NC
0.119813446342934,6705165,NC
0.124804265703072,6705166,NC
0.14979508442404305,6705167,NC
0.17478590250608375,6705168,NC
0.19977671994943078,6705169,NC
0.19976753675432066,6705170,NC
0.2097583529209901,6705171,NC
0.21474916844967573,6705172,NC
0.2447399833406142,6705173,NC
0.2647307975940422,6705174,NC
0.2947216112101965,6705175,NC
0.2947124241893137,6705176,NC
0.27970323653163065,6705177,NC
0.289694048237384,6705178,NC
0.3146848593068105,6705179,NC
0.3396756697401471,6705180,NC
0.33966647953763046,6705181,NC
0.3496572886994975,6705182,NC
0.34464809722598494,6705183,NC
0.3496389051173297,6705184,NC
0.3646297123737686,6705185,NC
0.37962051899553856,6705186,NC
0.3896113249828765,6705187,NC
0.37960213033601925,6705188,NC
0.3445929350552039,6705189,NC
0.32958373914066713,6705190,NC
0.30957454259264616,6705191,NC
0.2945653454113779,6705192,NC
0.27455614759709934,6705193,NC
0.24454694915004743,6705194,NC
0.20953775007045927,6705195,NC
0.16952855035857184,6705196,NC
0.1645193500146223,6705197,NC
0.16451014903884767,6705198,NC
0.15450094743148501,6705199,NC
0.1194917451927715,6705200,NC
0.09948254232294422,6705201,NC
0.07947333882224036,6705202,NC
0.07946413469089703,6705203,NC
0.054454929929151435,6705204,NC
0.04944572453724075,6705205,NC
0.0444365185154022,6705206,NC
0.019427311863872986,6705207,NC
0.009418104582890368,6705208,NC
0.01940889667269162,6705209,NC
0.01939968813351397,6705210,NC
0.019390478965594763,6705211,NC
0.014381269169171247,6705212,NC
-0.0006279412555192064,6705213,NC
-0.005637152308239298,6705214,NC
-0.005646363988751641,6705215,NC
0.0143444237031811,6705216,NC
0.014335210767796354,6705217,NC
0.004325997205331479,6705218,NC
-0.0006832169839761128,6705219,NC
-0.010692431799888907,6705220,NC
0.004298352757830477,6705221,NC
0.009289136689419553,6705222,NC
0.01427991999511575,6705223,NC
-0.0007292973248433816,6705224,NC
-0.01573851527022037,6705225,NC
-0.010747733840777634,6705226,NC
0.014243046963722325,6705227,NC
0.01923382714351709,6705228,NC
0.01422460669884427,6705229,NC
-0.005784614370058592,6705230,NC
-0.005793836062953826,6705231,NC
-0.015803058379603864,6705232,NC
0.014187718680229002,6705233,NC
0.01917849511678237,6705234,NC
0.014169270930293977,6705235,NC
0.019160046121001455,6705236,NC
0.004150820689142576,6705237,NC
0.004141594634955004,6705238,NC
0.014132367958676504,6705239,NC
0.03912314066054487,6705240,NC
0.03911391274079781,6705241,NC
0.03410468419967318,6705242,NC
0.014095455037408717,6705243,NC
0.0190862252542423,6705244,NC
0.03407699485041172,6705245,NC
0.03906776382615487,6705246,NC
0.039058532181709585,6705247,NC
0.02904929991731376,6705248,NC
0.02904006703320533,6705249,NC
0.019030833529622152,6705250,NC
0.034021599406802217,6705251,NC
0.03901236466498342,6705252,NC
0.03900312930440378,6705253,NC
0.04399389332530123,6705254,NC
0.018984656727913805,6705255,NC
0.01897541951247945,6705256,NC
0.048966181679236324,6705257,NC
0.05395694322842231,6705258,NC
0.05394770416027557,6705259,NC
0.048938464475034194,6705260,NC
0.038929224172936205,6705261,NC
0.038919983254219775,6705262,NC
0.03891074171912297,6705263,NC
0.043901499567883986,6705264,NC
0.03889225680074093,6705265,NC
0.03388301341793201,6705266,NC
0.018873769419695378,6705267,NC
0.013864524806269258,6705268,NC
0.01885527957789189,6705269,NC
0.03884603373480146,6705270,NC
0.03883678727723628,6705271,NC
0.033827540205434554,6705272,NC
0.01881829251963461,6705273,NC
0.018809044220074712,6705274,NC
0.023799795306993218,6705275,NC
0.023790545780628405,6705276,NC
0.02878129564121867,6705277,NC
0.028772044889002323,6705278,NC
0.023762793524217767,6705279,NC
0.018753541547103424,6705280,NC
0.03374428895789765,6705281,NC
0.02873503575683892,6705282,NC
0.04872578194416562,6705283,NC
0.04371652752011627,6705284,NC
0.028707272484929273,6705285,NC
0.01869801683884318,6705286,NC
0.01868876058209644,6705287,NC
0.0286795037149276,6705288,NC
0.038670246237575215,6705289,NC
0.028660988150277792,6705290,NC
0.04865172945327394,6705291,NC
0.053642470146802165,6705292,NC
0.0686332102311012,6705293,NC
0.08862394970640951,6705294,NC
0.09361468857296587,6705295,NC
0.09360542683100875,6705296,NC
0.08359616448077699,6705297,NC
0.07358690152250912,6705298,NC
0.0785776379564439,6705299,NC
0.09856837378282007,6705300,NC
0.1185591090018763,6705301,NC
0.11854984361385137,6705302,NC
0.10354057761898397,6705303,NC
0.10353131101751295,6705304,NC
0.10852204380967703,6705305,NC
0.13351277599571504,6705306,NC
0.11850350757586578,6705307,NC
0.0984942385503681,6705308,NC
0.08848496891946088,6705309,NC
0.07847569868338292,6705310,NC
0.08346642784237313,6705311,NC
0.0884571563966704,6705312,NC
0.08344788434651365,6705313,NC
0.0684386116921418,6705314,NC
0.0534293384337938,6705315,NC
0.05842006457170858,6705316,NC
0.06841079010612514,6705317,NC
0.07340151503728246,6705318,NC
0.07339223936541953,6705319,NC
0.0433829630907754,6705320,NC
0.038373686213589074,6705321,NC
0.03836440873409964,6705322,NC
0.03335513065254611,6705323,NC
0.03834585196916763,6705324,NC
0.038336572684203235,6705325,NC
0.05332729279789209,6705326,NC
0.028318012310473276,6705327,NC
0.018308731222185983,6705328,NC
0.008299449533269325,6705329,NC
0.0032901672439624684,6705330,NC
0.013280884354504708,6705331,NC
0.013271600865135102,6705332,NC
0.013262316776093018,6705333,NC
0.003253032087617541,6705334,NC
0.013243746799948051,6705335,NC
0.02323446091332374,6705336,NC
0.02322517442798394,6705337,NC
0.003215887344167896,6705338,NC
-0.016793400337885046,6705339,NC
-0.01680268861793554,6705340,NC
-0.02681197749574429,6705341,NC
-0.0018212669710718776,6705342,NC
0.013169442956321007,6705343,NC
-0.001839847713326185,6705344,NC
-0.016849138979774095,6705345,NC
-0.0068584308427832585,6705346,NC
-0.006867723302114288,6705347,NC
0.013122983642472321,6705348,NC
0.01811368999121598,6705349,NC
0.008104395744356205,6705350,NC
-0.001904899097867483,6705351,NC
-0.011914194535215628,6705352,NC
-0.016923490567448636,6705353,NC
-0.016932787194327028,6705354,NC
-0.01194208441561119,6705355,NC
-0.03695138223106159,6705356,NC
-0.036960680640438594,6705357,NC
-0.026969979643502656,6705358,NC
-0.011979279240014115,6705359,NC
0.003011420570266689,6705360,NC
0.01800211978757935,6705361,NC
0.007992818412163583,6705362,NC
-0.017016483555740976,6705363,NC
-0.027025786115894575,6705364,NC
-0.017035089268057562,6705365,NC
0.0029556069880098505,6705366,NC
0.01794630265254735,6705367,NC
0.002936997725794744,6705368,NC
0.0029276922079917583,6705369,NC
0.007918386099378182,6705370,NC
0.03790907940019389,6705371,NC
0.07789977211067863,6705372,NC
0.10289046423107229,6705373,NC
0.13788115576161464,6705374,NC
0.17787184670254563,6705375,NC
0.2478625370541051,6705376,NC
0.33285322681653295,6705377,NC
0.4228439159900691,6705378,NC
0.5028346045749534,6705379,NC
0.537825292571426,6705380,NC
0.5328159799797265,6705381,NC
0.47780666680009526,6705382,NC
0.39779735303277197,6705383,NC
0.3177880386779968,6705384,NC
0.25277872373600974,6705385,NC
0.26276940820705075,6705386,NC
0.29776009209136,6705387,NC
0.4127507753891774,6705388,NC
0.5577414581007432,6705389,NC
0.6827321402262972,6705390,NC
0.7827228217660799,6705391,NC
0.842713502720331,6705392,NC
0.867704183089291,6705393,NC
0.8426948628731998,6705394,L
0.7626855420722979,6705395,NC
0.6726762206868252,6705396,NC
0.5476668987170219,6705397,NC
0.42265757616312827,6705398,NC
0.3276482530253845,6705399,NC
0.2276389293040309,6705400,NC
0.1276296049993077,6705401,NC
0.0276202801114552,6705402,NC
-0.07738904535928638,6705403,NC
-0.17239837141267667,6705404,NC
-0.26240769804847536,6705405,NC
-0.2974170252664422,6705406,NC
-0.31742635306633676,6705407,NC
-0.29743568144791865,6705408,NC
-0.2924450104109476,6705409,NC
-0.26745433995518314,6705410,NC
-0.23246367008038488,6705411,NC
-0.2124730007863124,6705412,NC
-0.16748233207272523,6705413,NC
-0.13249166393938297,6705414,NC
-0.10250099638604512,6705415,NC
-0.09751032941247122,6705416,NC
-0.10251966301842073,6705417,NC
-0.1075289972036532,6705418,NC
-0.08753833196792807,6705419,NC
-0.08254766731100475,6705420,NC
-0.08255700323264278,6705421,NC
-0.0825663397326015,6705422,NC
-0.0825756768106404,6705423,NC
-0.08758501446651881,6705424,NC
-0.08759435269999616,6705425,NC
-0.07260369151083178,6705426,NC
-0.052613030898785065,6705427,NC
-0.05762237086361532,6705428,NC
-0.0826317114050819,6705429,NC
-0.0926410525229441,6705430,NC
-0.06765039421696117,6705431,NC
-0.06765973648689247,6705432,NC
-0.0626690793324972,6705433,NC
-0.057678422753534644,6705434,NC
-0.06768776674976401,6705435,NC
-0.06769711132094455,6705436,NC
-0.052706456466835444,6705437,NC
-0.04271580218719591,6705438,NC
-0.027725148481785103,6705439,NC
-0.03273449535036216,6705440,NC
-0.047743842792686286,6705441,NC
-0.047753190808516546,6705442,NC
-0.027762539397612106,6705443,NC
0.0022281114402679693,6705444,NC
0.007218761705364521,6705445,NC
0.017209411397918605,6705446,NC
0.017200060518171013,6705447,NC
0.012190709066362859,6705448,NC
0.03218135704273495,6705449,NC
0.04217200444752839,6705450,NC
0.052162651280984164,6705451,NC
0.062153297543343256,6705452,NC
0.05214394323484673,6705453,NC
0.0621345883557356,6705454,NC
0.10212523290625096,6705455,NC
0.12711587688663384,6705456,NC
0.1621065202971254,6705457,NC
0.15709716313796665,6705458,NC
0.15208780540939876,6705459,NC
0.16207844711166292,6705460,NC
0.18706908824500018,6705461,NC
0.20705972880965176,6705462,NC
0.2270503688058588,6705463,NC
0.22204100823386258,6705464,NC
0.21703164709390418,6705465,NC
0.2320222853862249,6705466,NC
0.252012923111066,6705467,NC
0.2820035602686687,6705468,NC
0.2919941968592742,6705469,NC
0.3069848328831238,6705470,NC
0.30197546834045896,6705471,NC
0.3019661032315208,6705472,NC
0.3269567375565507,6705473,NC
0.32694737131579,6705474,NC
0.37193800450948006,6705475,NC
0.3669286371378622,6705476,NC
0.356919269201178,6705477,NC
0.34690990069966865,6705478,NC
0.3419005316335756,6705479,NC
0.34689116200314024,6705480,NC
0.3168817918086041,6705481,NC
0.29187242105020866,6705482,NC
0.25186304972819523,6705483,NC
0.23185367784280547,6705484,NC
0.2168443053942808,6705485,NC
0.19183493238286273,6705486,NC
0.18182555880879275,6705487,NC
0.1568161846723125,6705488,NC
0.11680680997366347,6705489,NC
0.08679743471308722,6705490,NC
0.08178805889082538,6705491,NC
0.08177868250711953,6705492,NC
0.0667693055622113,6705493,NC
0.0467599280563423,6705494,NC
0.0067505499897541794,6705495,NC
-0.003258828637311424,6705496,NC
0.001731792175387211,6705497,NC
0.011722412428091708,6705498,NC
0.006713032121043835,6705499,NC
-0.013296348745514757,6705500,NC
-0.0333057301713423,6705501,NC
-0.04831511215619704,6705502,NC
-0.04332449469983725,6705503,NC
-0.033333877802021114,6705504,NC
-0.0283432614625069,6705505,NC
-0.018352645681052746,6705506,NC
-0.04336203045741689,6705507,NC
-0.04837141579135746,6705508,NC
-0.053380801682632636,6705509,NC
-0.03839018813100056,6705510,NC
-0.04339957513621934,6705511,NC
-0.0584089626980471,6705512,NC
-0.06841835081624191,6705513,NC
-0.0734277394905619,6705514,NC
-0.0634371287207651,6705515,NC
-0.03844651850660959,6705516,NC
-0.03845590884785337,6705517,NC
-0.03346529974425454,6705518,NC
-0.05347469119557102,6705519,NC
-0.05348408320156089,6705520,NC
-0.048493475761982124,6705521,NC
-0.03350286887659257,6705522,NC
-0.033512262545150356,6705523,NC
-0.033521656767413296,6705524,NC
-0.048531051543139386,6705525,NC
-0.05354044687208648,6705526,NC
-0.053549842754012526,6705527,NC
-0.03855923918867536,6705528,NC
-0.03856863617583292,6705529,NC
-0.038578033715243015,6705530,NC
-0.05358743180666345,6705531,NC
-0.053596830449852126,6705532,NC
-0.028606229644566793,6705533,NC
-0.0286156293905653,6705534,NC
-0.01862502968760537,6705535,NC
-0.028634430535444837,6705536,NC
-0.0386438319338414,6705537,NC
-0.06365323388255285,6705538,NC
-0.04866263638133686,6705539,NC
-0.02367203942995119,6705540,NC
-0.028681443028153536,6705541,NC
-0.02369084717570152,6705542,NC
-0.03870025187235289,6705543,NC
-0.038709657117865254,6705544,NC
-0.03871906291199628,6705545,NC
-0.018728469254503572,6705546,NC
-0.01873787614514477,6705547,NC
-0.013747283583677439,6705548,NC
-0.04375669156985921,6705549,NC
-0.03376610010344762,6705550,NC
-0.023775509184200207,6705551,NC
-0.013784918811874575,6705552,NC
0.0012056710137718155,6705553,NC
-0.02380373970701861,6705554,NC
-0.03381315097400331,6705555,NC
-0.038822562786939796,6705556,NC
-0.02883197514558552,6705557,NC
-0.01884138804969797,6705558,NC
0.006149198500965458,6705559,NC
-0.003860215493352751,6705560,NC
-0.013869630032409933,6705561,NC
-0.03887904511596348,6705562,NC
-0.023888460743770854,6705563,NC
-0.00889787691558936,6705564,NC
-0.003907293631176416,6705565,NC
0.0010832891097106896,6705566,NC
-0.023926128692685428,6705567,NC
-0.023935547038122045,6705568,NC
-0.013944965926356516,6705569,NC
-0.003954385357146085,6705570,NC
0.006036194669751974,6705571,NC
0.006026774154580361,6705572,NC
0.0010173530975818752,6705573,NC
0.0010079314989992275,6705574,NC
0.015998509359075253,6705575,NC
0.035989086678052694,6705576,NC
0.030979663456174415,6705577,NC
0.04097023969368317,6705578,NC
0.01596081539082186,6705579,NC
0.010951390547833279,6705580,NC
0.035941965164960316,6705581,NC
0.04093253924244587,6705582,NC
0.0709231127805328,6705583,NC
0.06091368577946403,6705584,NC
0.050904258239482456,6705585,NC
0.07089483016083105,6705586,NC
0.07088540154375271,6705587,NC
0.09087597238849043,6705588,NC
0.09086654269528718,6705589,NC
0.07585711246438592,6705590,NC
0.0658476816960297,6705591,NC
0.06083825039046149,6705592,NC
0.06082881854792438,6705593,NC
0.06581938616866134,6705594,NC
0.0708099532529155,6705595,NC
0.060800519800929834,6705596,NC
0.045791085812947566,6705597,NC
0.03078165128921164,6705598,NC
0.02577221622996532,6705599,NC
0.05076278063545159,6705600,NC
0.04075334450591368,6705601,NC
0.030743907841594746,6705602,NC
0.02573447064273791,6705603,NC
0.0157250329095864,6705604,NC
0.010715594642383365,6705605,NC
0.025706155841372067,6705606,NC
0.030696716506795667,6705607,NC
0.015687276638897466,6705608,NC
-0.009322163762079342,6705609,NC
-0.01933160469589147,6705610,NC
-0.004341046162295612,6705611,NC
-0.009350488161048522,6705612,NC
0.0006400693080931448,6705613,NC
-0.009369373754627337,6705614,NC
-0.024378817348966582,6705615,NC
-0.0143882614746813,6705616,NC
-0.01439770613152807,6705617,NC
0.0005928486807364255,6705618,NC
0.0055834029623556235,6705619,NC
0.010573956713572872,6705620,NC
-0.009435490065368382,6705621,NC
-0.01944493737422469,6705622,NC
0.0055456147872473445,6705623,NC
0.015536166419291224,6705624,NC
0.01552671752215037,6705625,NC
0.010517268096068318,6705626,NC
-0.00949218185871149,6705627,NC
-0.024501632341945488,6705628,NC
-0.009511083353390213,6705629,NC
0.005479465107197934,6705630,NC
0.015470013040062448,6705631,NC
0.010460560445446921,6705632,NC
-0.0045488926764050384,6705633,NC
0.00044165367475007544,6705634,NC
0.00043219949915600936,6705635,NC
0.015422744797056215,6705636,NC
0.020413289568694492,6705637,NC
0.01540383381431432,6705638,NC
0.010394377534159496,6705639,NC
0.0003849207284736117,6705640,NC
-0.004624536602499618,6705641,NC
0.005366005541483535,6705642,NC
0.015356547160666732,6705643,NC
0.01034708825529375,6705644,NC
0.00033762882560828267,6705645,NC
-0.004671831128145874,6705646,NC
-0.004681291605724988,6705647,NC
0.020309247393114762,6705648,NC
0.030299785868617125,6705649,NC
0.02029032382102596,6705650,NC
0.020280861250585036,6705651,NC
0.030271398157538217,6705652,NC
0.040261934542129375,6705653,NC
0.060252470404602326,6705654,NC
0.07524300574520099,6705655,NC
0.09023354056416921,6705656,NC
0.08522407486175093,6705657,NC
0.12521460863819003,6705658,NC
0.1752051418937305,6705659,NC
0.23019567462861618,6705660,NC
0.30018620684309116,6705661,NC
0.34017673853739927,6705662,NC
0.3951672697117846,6705663,NC
0.4401578003664911,6705664,NC
0.4801483305017628,6705665,NC
0.5251388601178437,6705666,NC
0.5301293892149779,6705667,NC
0.4901199177934093,6705668,NC
0.42511044585338215,6705669,NC
0.3451009733951404,6705670,NC
0.3100915004189282,6705671,NC
0.3000820269249896,6705672,NC
0.3250725529135688,6705673,NC
0.38006307838490977,6705674,NC
0.44005360333925686,6705675,NC
0.5300441277768542,6705676,NC
0.6500346516979458,6705677,NC
0.7300251751027759,6705678,NC
0.7950156979915889,6705679,NC
0.8050062203646287,6705680,NC
0.7749967422221397,6705681,L
0.719987263564366,6705682,NC
0.6549777843915521,6705683,NC
0.5649683047039421,6705684,NC
0.4899588245017802,6705685,NC
0.4099493437853109,6705686,NC
0.3199398625547783,6705687,NC
0.21493038081042687,6705688,NC
0.14992089855250085,6705689,NC
0.07991141578124461,6705690,NC
0.014901932496902474,6705691,NC
-0.07010755130028115,6705692,NC
-0.13011703561006185,6705693,NC
-0.16012652043219533,6705694,NC
-0.1751360057664371,6705695,NC
-0.16514549161254274,6705696,NC
-0.14515497797026783,6705697,NC
-0.13516446483936795,6705698,NC
-0.1251739522195986,6705699,NC
-0.09018344011071533,6705700,NC
-0.055192928512473635,6705701,NC
-0.025202417424629003,6705702,NC
-0.010211906846936965,6705703,NC
0.009778603220847065,6705704,NC
-0.005230887221032432,6705705,NC
-0.020240378172330837,6705706,NC
-0.005249869632803654,6705707,NC
0.004740638397793765,6705708,NC
0.019731145919705952,6705709,NC
0.01972165293317757,6705710,NC
-0.00028784056154682047,6705711,NC
-0.0002973345642225782,6705712,NC
0.019693170925395014,6705713,NC
0.024683675907550544,6705714,NC
0.02467418038248873,6705715,NC
0.0346646843504542,6705716,NC
0.009655187811691711,6705717,NC
0.024645690766445925,6705718,NC
0.019636193214961604,6705719,NC
0.03462669515748344,6705720,NC
0.03961719659425623,6705721,NC
0.02960769752552473,6705722,NC
0.01959819795153368,6705723,NC
0.029588697872527915,6705724,NC
0.0395791972887522,6705725,NC
0.05456969620045138,6705726,NC
0.06456019460787024,6705727,NC
0.07455069251125368,6705728,NC
0.059541189910846504,6705729,NC
0.05953168680689362,6705730,NC
0.06952218319963986,6705731,NC
0.09451267908933014,6705732,NC
0.11450317447620942,6705733,NC
0.10449366936052251,6705734,NC
0.09448416374251443,6705735,NC
0.11447465762243009,6705736,NC
0.12446515100051446,6705737,NC
0.13945564387701248,6705738,NC
0.1544461362521692,6705739,NC
0.15443662812622955,6705740,NC
0.15942711949943855,6705741,NC
0.15441761037204127,6705742,NC
0.18940810074428266,6705743,NC
0.19939859061640786,6705744,NC
0.20938907998866185,6705745,NC
0.2093795688612898,6705746,NC
0.2143700572345367,6705747,NC
0.2093605451086477,6705748,NC
0.23435103248386788,6705749,NC
0.2643415193604425,6705750,NC
0.28433200573861644,6705751,NC
0.28932249161863505,6705752,NC
0.30431297700074345,6705753,NC
0.31430346188518676,6705754,NC
0.3192939462722103,6705755,NC
0.3442844301620592,6705756,NC
0.3542749135549786,6705757,NC
0.3542653964512138,6705758,NC
0.35425587885101006,6705759,NC
0.3742463607546126,6705760,NC
0.4042368421622667,6705761,NC
0.4142273230742176,6705762,NC
0.4042178034907107,6705763,NC
0.39420828341199116,6705764,NC
0.37919876283830434,6705765,NC
0.38418924176989566,6705766,NC
0.41417972020701044,6705767,NC
0.4341701981498939,6705768,NC
0.4491606755987915,6705769,NC
0.4491511525539487,6705770,NC
0.4391416290156108,6705771,NC
0.45913210498402324,6705772,NC
0.46912258045943145,6705773,NC
0.4891130554420807,6705774,NC
0.4841035299322167,6705775,NC
0.4790940039300848,6705776,NC
0.4440844774359304,6705777,NC
0.40407495044999897,6705778,NC
0.39406542297253616,6705779,NC
0.38905589500378734,6705780,NC
0.3640463665439981,6705781,NC
0.33403683759341396,6705782,NC
0.2740273081522804,6705783,NC
0.2490177782208431,6705784,NC
0.2440082477993475,6705785,NC
0.22399871688803932,6705786,NC
0.21898918548716403,6705787,NC
0.20897965359696735,6705788,NC
0.1839701212176948,6705789,NC
0.1689605883495921,6705790,NC
0.14895105499290484,6705791,NC
0.1339415211478787,6705792,NC
0.12393198681475934,6705793,NC
0.12392245199379247,6705794,NC
0.12891291668522378,6705795,NC
0.13390338088929898,6705796,NC
0.11889384460626379,6705797,NC
0.1238843078363639,6705798,NC
0.10387477057984515,6705799,NC
0.0838652328369532,6705800,NC
0.0638556946079339,6705801,NC
0.038846155893032995,6705802,NC
0.053836616692496286,6705803,NC
0.058827077006569625,6705804,NC
0.08381753683549877,6705805,NC
0.0738079961795296,6705806,NC
0.058798455038907946,6705807,NC
0.06378891341387968,6705808,NC
0.06377937130469065,6705809,NC
0.09376982871158679,6705810,NC
0.10376028563481393,6705811,NC
0.09375074207461802,6705812,NC
0.06874119803124501,6705813,NC
0.03873165350494076,6705814,NC
0.0537221084959513,6705815,NC
0.05871256300452252,6705816,NC
0.058703017030900445,6705817,NC
0.08369347057533102,6705818,NC
0.08368392363806028,6705819,NC
0.07867437621933418,6705820,NC
0.07866482831939882,6705821,NC
0.06365527993850015,6705822,NC
0.06864573107688425,6705823,NC
0.05363618173479725,6705824,NC
0.04862663191248508,6705825,NC
0.04861708161019397,6705826,NC
0.06360753082816989,6705827,NC
0.08359797956665906,6705828,NC
0.0835884278259075,6705829,NC
0.09857887560616144,6705830,NC
0.08856932290766693,6705831,NC
0.06855976973067018,6705832,NC
0.06855021607541739,6705833,NC
0.06354066194215467,6705834,NC
0.04853110733112829,6705835,NC
0.02852155224258439,6705836,NC
0.008511996676769244,6705837,NC
-0.0014975593660709642,6705838,NC
0.02349288411431006,6705839,NC
0.04348332711815852,6705840,NC
0.06847376964572073,6705841,NC
0.05346421169724294,6705842,NC
0.04345465327297145,6705843,NC
0.03844509437315259,6705844,NC
0.03343553499803263,6705845,NC
0.04342597514785797,6705846,NC
0.03341641482287487,6705847,NC
0.03840685402332976,6705848,NC
0.028397292749468943,6705849,NC
0.023387731001538854,6705850,NC
0.03337816877978583,6705851,NC
0.0383686060844563,6705852,NC
0.048359042915796714,6705853,NC
0.03834947927405344,6705854,NC
0.03833991515947298,6705855,NC
0.02833035057230171,6705856,NC
0.02832078551278617,6705857,NC
0.03331121998117277,6705858,NC
0.04330165397770806,6705859,NC
0.028292087502638494,6705860,NC
0.008282520556210619,6705861,NC
0.008272953138670923,6705862,NC
0.013263385250265936,6705863,NC
0.033253816891242294,6705864,NC
0.053244248061846466,6705865,NC
0.048234678762325095,6705866,NC
0.0332251089929247,6705867,NC
0.028215538753891933,6705868,NC
0.033205968045473364,6705869,NC
0.03319639686791566,6705870,NC
0.028186825221465393,6705871,NC
0.01317725310636925,6705872,NC
0.013167680522873908,6705873,NC
-0.001841892528774012,6705874,NC
0.03314853395167223,6705875,NC
0.058138959964459266,6705876,NC
0.06312938550983385,6705877,NC
0.05811981058804267,6705878,NC
0.053110235199332494,6705879,NC
0.02310065934395001,6705880,NC
0.028091083022142034,6705881,NC
0.04308150623415528,6705882,NC
0.04807192898023653,6705883,NC
0.05806235126063264,6705884,NC
0.028052773075590336,6705885,NC
0.0030431944253564887,6705886,NC
-0.001966384689822128,6705887,NC
0.0030240357303013797,6705888,NC
0.018014455685973808,6705889,NC
0.03300487517744207,6705890,NC
0.027995294204952996,6705891,NC
0.052985712768753496,6705892,NC
0.06797613086909049,6705893,NC
0.08296654850621082,6705894,NC
0.0929569656803615,6705895,NC
0.09294738239178939,6705896,NC
0.07293779864074149,6705897,NC
0.0579282144274647,6705898,NC
0.04791862975220605,6705899,NC
0.06290904461521243,6705900,NC
0.052899459016731,6705901,NC
0.052889872957008574,6705902,NC
0.012880286436292281,6705903,NC
0.01287069945482916,6705904,NC
0.022861112012866194,6705905,NC
0.03785152411065049,6705906,NC
0.03784193574842906,6705907,NC
0.017832346926449034,6705908,NC
0.01282275764495745,6705909,NC
-0.007186832095798543,6705910,NC
-0.0021964222955718794,6705911,NC
-0.0022060129541154154,6705912,NC
-0.012215604071181982,6705913,NC
-0.00722519564652449,6705914,NC
-0.032234787679895724,6705915,NC
-0.022244380171048555,6705916,NC
-0.04725397311973577,6705917,NC
-0.0222635665257102,6705918,NC
-0.0272731603887246,6705919,NC
-0.037282754708531804,6705920,NC
-0.03729234948488454,6705921,NC
-0.05230194471753559,6705922,NC
-0.032311540406237696,6705923,NC
-0.022321136550743553,6705924,NC
-0.017330733150805945,6705925,NC
-0.022340330206177525,6705926,NC
-0.04734992771661105,6705927,NC
-0.06235952568185915,6705928,NC
-0.062369124101674556,6705929,NC
-0.047378722975809875,6705930,NC
-0.0423883223040178,6705931,NC
-0.052397922086050985,6705932,NC
-0.05740752232166199,6705933,NC
-0.06241712301060351,6705934,NC
-0.0674267241526281,6705935,NC
-0.03743632574748837,6705936,NC
-0.027445927794936882,6705937,NC
-0.027455530294726284,6705938,NC
-0.042465133246609,6705939,NC
-0.04747473665033773,6705940,NC
-0.03748434050566485,6705941,NC
-0.02749394481234304,6705942,NC
-0.04250354957012472,6705943,NC
-0.05251315477876239,6705944,NC
-0.04752276043800857,6705945,NC
-0.04753236654761571,6705946,NC
-0.0575419731073363,6705947,NC
-0.03755158011692278,6705948,NC
-0.03256118757612761,6705949,NC
-0.037570795484703184,6705950,NC
-0.05758040384240197,6705951,NC
-0.07759001264897633,6705952,NC
-0.04759962190417871,6705953,NC
-0.04260923160776146,6705954,NC
-0.027618841759476934,6705955,NC
-0.012628452359077544,6705956,NC
-0.03763806340631559,6705957,NC
-0.04264767490094346,6705958,NC
-0.05265728684271344,6705959,NC
-0.047666899231377874,6705960,NC
-0.007676512066689029,6705961,NC
0.0023138746516007495,6705962,NC
-0.007695739076260789,6705963,NC
0.01729464674997411,6705964,NC
0.062285032130553135,6705965,NC
0.12227541706572409,6705966,NC
0.2072658015557347,6705967,NC
0.2772561856008328,6705968,NC
0.3472465692012661,6705969,NC
0.4222369523572825,6705970,NC
0.48722733506912963,6705971,NC
0.5222177173370555,6705972,NC
0.5072080991613078,6705973,NC
0.4571984805421346,6705974,NC
0.36218886147978346,6705975,NC
0.2721792419745025,6705976,NC
0.22716962202653945,6705977,NC
0.22716000163614222,6705978,NC
0.2721503808035588,6705979,NC
0.342140759529037,6705980,NC
0.42713113781282475,6705981,NC
0.5171215156551701,6705982,NC
0.6121118930563209,6705983,NC
0.707102270016525,6705984,NC
0.7620926465360307,6705985,NC
0.7820830226150858,6705986,NC
0.752073398253938,6705987,L
0.7070637734528358,6705988,NC
0.632054148212027,6705989,NC
0.5520445225317596,6705990,NC
0.4870348964122816,6705991,NC
0.4070252698538412,6705992,NC
0.32201564285668627,6705993,NC
0.24200601542106503,6705994,NC
0.16699638754722554,6705995,NC
0.11698675923541586,6705996,NC
0.051977130485884135,6705997,NC
-0.028032498701121577,6705998,NC
-0.10304212832535307,6705999,NC
-0.1430517583865623,6706000,NC
-0.188061388884501,6706001,NC
-0.1980710198189211,6706002,NC
-0.1980806511895744,6706003,NC
-0.2080902829962127,6706004,NC
-0.19309991523858783,6706005,NC
-0.18310954791645154,6706006,NC
-0.15811918102955563,6706007,NC
-0.10812881457765186,6706008,NC
-0.07313844856049204,6706009,NC
-0.06314808297782785,6706010,NC
-0.05815771782941109,6706011,NC
-0.06816735311499342,6706012,NC
-0.0731769888343266,6706013,NC
-0.07818662498716238,6706014,NC
-0.08819626157325228,6706015,NC
-0.12320589859234818,6706016,NC
-0.1382155360442016,6706017,NC
-0.1432251739285643,6706018,NC
-0.14823481224518784,6706019,NC
-0.13324445099382393,6706020,NC
-0.11825409017422414,6706021,NC
-0.13826372978614013,6706022,NC
-0.12827336982932347,6706023,NC
-0.12328301030352577,6706024,NC
-0.10329265120849859,6706025,NC
-0.0833022925439935,6706026,NC
-0.06831193430976211,6706027,NC
-0.06832157650555588,6706028,NC
-0.06833121913112643,6706029,NC
-0.07834086218622521,6706030,NC
-0.0533505056706038,6706031,NC
-0.04336014958401364,6706032,NC
-0.03336979392620629,6706033,NC
-0.028379438696933185,6706034,NC
-0.043389083895945785,6706035,NC
-0.04839872952299559,6706036,NC
-0.023408375577834,6706037,NC
-0.0134180220602125,6706038,NC
-0.0034276689698824678,6706039,NC
0.0015626836934046345,6706040,NC
-0.01844696407010255,6706041,NC
0.001543387739844547,6706042,NC
0.021533739123494555,6706043,NC
0.07652409008109613,6706044,NC
0.09651444061289788,6706045,NC
0.0915047907191485,6706046,NC
0.08649514040009658,6706047,NC
0.05148548965599087,6706048,NC
0.05147583848707999,6706049,NC
0.04646618689361269,6706050,NC
0.07645653487583763,6706051,NC
0.08644688243400359,6706052,NC
0.08643722956835918,6706053,NC
0.10642757627915325,6706054,NC
0.13641792256663454,6706055,NC
0.17140826843105178,6706056,NC
0.17139861387265376,6706057,NC
0.18638895889168924,6706058,NC
0.18137930348840703,6706059,NC
0.1813696476630559,6706060,NC
0.20635999141588476,6706061,NC
0.24635033474714232,6706062,NC
0.26134067765707747,6706063,NC
0.2713310201459391,6706064,NC
0.296321362213976,6706065,NC
0.31631170386143703,6706066,NC
0.34130204508857115,6706067,NC
0.3712923858956272,6706068,NC
0.3962827262828541,6706069,NC
0.4112730662505008,6706070,NC
0.4112634057988161,6706071,NC
0.41625374492804906,6706072,NC
0.42624408363844846,6706073,NC
0.44623442193026347,6706074,NC
0.481224759803743,6706075,NC
0.47121509725913596,6706076,NC
0.46620543429669137,6706077,NC
0.47119577091665815,6706078,NC
0.4811861071192855,6706079,NC
0.4911764429048222,6706080,NC
0.47116677827351755,6706081,NC
0.4761571132256204,6706082,NC
0.4711474477613798,6706083,NC
0.4611377818810449,6706084,NC
0.4361281155848647,6706085,NC
0.4011184488730884,6706086,NC
0.37110878174596496,6706087,NC
0.3410991142037436,6706088,NC
0.2960894462466734,6706089,NC
0.2810797778750035,6706090,NC
0.2760701090889829,6706091,NC
0.276060439888861,6706092,NC
0.2810507702748867,6706093,NC
0.2560411002473093,6706094,NC
0.22603142980637805,6706095,NC
0.20102175895234203,6706096,NC
0.21601208768545052,6706097,NC
0.22600241600595264,6706098,NC
0.2259927439140977,6706099,NC
0.21098307141013492,6706100,NC
0.18597339849431352,6706101,NC
0.17096372516688274,6706102,NC
0.19595405142809189,6706103,NC
0.2159443772781902,6706104,NC
0.225934702717427,6706105,NC
0.2009250277460516,6706106,NC
0.19091535236431323,6706107,NC
0.18590567657246135,6706108,NC
0.2058960003707451,6706109,NC
0.210886323759414,6706110,NC
0.20087664673871725,6706111,NC
0.17586696930890436,6706112,NC
0.16085729147022457,6706113,NC
0.15084761322292733,6706114,NC
0.19083793456726203,6706115,NC
0.20082825550347805,6706116,NC
0.21081857603182488,6706117,NC
0.1908088961525518,6706118,NC
0.1657992158659084,6706119,NC
0.160789535172144,6706120,NC
0.1607798540715082,6706121,NC
0.1507701725642503,6706122,NC
0.1507604906506199,6706123,NC
0.1407508083308664,6706124,NC
0.11574112560523936,6706125,NC
0.11073144247398828,6706126,NC
0.14072175893736263,6706127,NC
0.15071207499561207,6706128,NC
0.16570239064898595,6706129,NC
0.170692705897734,6706130,NC
0.17068302074210562,6706131,NC
0.17567333518235054,6706132,NC
0.1906636492187182,6706133,NC
0.2106539628514583,6706134,NC
0.2356442760808204,6706135,NC
0.23563458890705408,6706136,NC
0.21562490133040904,6706137,NC
0.2006152133511348,6706138,NC
0.19060552496948113,6706139,NC
0.2005958361856976,6706140,NC
0.2205861470000339,6706141,NC
0.23557645741273972,6706142,NC
0.22556676742406473,6706143,NC
0.21055707703425863,6706144,NC
0.18054738624357108,6706145,NC
0.16053769505225188,6706146,NC
0.13552800346055072,6706147,NC
0.15551831146871734,6706148,NC
0.16550861907700143,6706149,NC
0.18549892628565287,6706150,NC
0.1904892330949213,6706151,NC
0.2054795395050566,6706152,NC
0.21046984551630848,6706153,NC
0.19546015112892676,6706154,NC
0.16045045634316127,6706155,NC
0.15044076115926186,6706156,NC
0.16543106557747828,6706157,NC
0.18542136959806044,6706158,NC
0.19541167322125813,6706159,NC
0.19540197644732124,6706160,NC
0.17539227927649967,6706161,NC
0.18538258170904326,6706162,NC
0.1703728837452019,6706163,NC
0.17536318538522552,6706164,NC
0.19035348662936397,6706165,NC
0.1903437874778673,6706166,NC
0.17033408793098528,6706167,NC
0.17032438798896798,6706168,NC
0.1803146876520653,6706169,NC
0.18530498692052721,6706170,NC
0.19529528579460365,6706171,NC
0.19028558427454464,6706172,NC
0.1802758823606002,6706173,NC
0.17026618005302024,6706174,NC
0.1752564773520549,6706175,NC
0.18024677425795407,6706176,NC
0.19523707077096789,6706177,NC
0.18022736689134636,6706178,NC
0.15521766261933953,6706179,NC
0.16020795795519743,6706180,NC
0.17019825289917023,6706181,NC
0.1901885474515079,6706182,NC
0.18017884161246067,6706183,NC
0.1801691353822785,6706184,NC
0.15515942876121158,6706185,NC
0.16014972174951,6706186,NC
0.17014001434742396,6706187,NC
0.19013030655520355,6706188,NC
0.19512059837309895,6706189,NC
0.1951108898013603,6706190,NC
0.20010118084023779,6706191,NC
0.21509147148998162,6706192,NC
0.2650817617508419,6706193,NC
0.31507205162306895,6706194,NC
0.31506234110691295,6706195,NC
0.28505263020262406,6706196,NC
0.2200429189104526,6706197,NC
0.16503320723064877,6706198,NC
0.13502349516346285,6706199,NC
0.15001378270914506,6706200,NC
0.18500406986794574,6706201,NC
0.1899943566401151,6706202,NC
0.18998464302590348,6706203,NC
0.18997492902556118,6706204,NC
0.2099652146393385,6706205,NC
0.23495549986748582,6706206,NC
0.24994578471025336,6706207,NC
0.2499360691678916,6706208,NC
0.21492635324065082,6706209,NC
0.1849166369287814,6706210,NC
0.17490692023253368,6706211,NC
0.1848972031521581,6706212,NC
0.199887485687905,6706213,NC
0.19487776784002478,6706214,NC
0.17986804960876795,6706215,NC
0.1648583309943848,6706216,NC
0.1798486119971259,6706217,NC
0.20983889261724156,6706218,NC
0.20982917285498234,6706219,NC
0.19981945271059864,6706220,NC
0.14980973218434096,6706221,NC
0.11480001127645977,6706222,NC
0.10479028998720556,6706223,NC
0.10978056831682884,6706224,NC
0.14477084626558012,6706225,NC
0.17476112383370995,6706226,NC
0.1847514010214688,6706227,NC
0.17974167782910727,6706228,NC
0.18973195425687586,6706229,NC
0.1797222303050252,6706230,NC
0.15471250597380581,6706231,NC
0.13470278126346827,6706232,NC
0.1296930561742632,6706233,NC
0.13468333070644112,6706234,NC
0.13967360486025276,6706235,NC
0.14466387863594865,6706236,NC
0.1296541520337795,6706237,NC
0.11464442505399586,6706238,NC
0.054634697696848436,6706239,NC
0.02962496996258785,6706240,NC
0.029615241851464816,6706241,NC
0.054605513363729936,6706242,NC
0.06959578449963402,6706243,NC
0.09458605525942763,6706244,NC
0.07957632564336156,6706245,NC
0.08456659565168653,6706246,NC
0.09455686528465321,6706247,NC
0.10954713454251239,6706248,NC
0.12453740342551477,6706249,NC
0.11452767193391115,6706250,NC
0.10951794006795225,6706251,NC
0.10450820782788889,6706252,NC
0.10949847521397181,6706253,NC
0.11448874222645186,6706254,NC
0.10947900886557978,6706255,NC
0.09946927513160642,6706256,NC
0.09945954102478262,6706257,NC
0.09444980654535916,6706258,NC
0.10444007169358693,6706259,NC
0.11943033646971675,6706260,NC
0.11942060087399953,6706261,NC
0.11441086490668607,6706262,NC
0.0894011285680273,6706263,NC
0.0843913918582741,6706264,NC
0.08938165477767734,6706265,NC
0.119371917326488,6706266,NC
0.1393621795049569,6706267,NC
0.1293524413133351,6706268,NC
0.1143427027518734,6706269,NC
0.12433296382082283,6706270,NC
0.12432322452043432,6706271,NC
0.13931348485095885,6706272,NC
0.15930374481264736,6706273,NC
0.1742940044057509,6706274,NC
0.1742842636305204,6706275,NC
0.1742745224872069,6706276,NC
0.19426478097606142,6706277,NC
0.24925503909733493,6706278,NC
0.3392452968512786,6706279,NC
0.43423555423814325,6706280,NC
0.5192258112581801,6706281,NC
0.6242160679116402,6706282,NC
0.7142063241987746,6706283,NC
0.7841965801198344,6706284,NC
0.8091868356750705,6706285,NC
0.7391770908647343,6706286,NC
0.6641673456890768,6706287,NC
0.599157600148349,6706288,NC
0.5591478542428021,6706289,NC
0.5641381079726873,6706290,NC
0.6341283613382556,6706291,NC
0.7091186143397583,6706292,NC
0.8091088669774466,6706293,NC
0.9190991192515715,6706294,NC
1.0440893711623842,6706295,NC
1.159079622710136,6706296,NC
1.2340698738950782,6706297,NC
1.249060124717462,6706298,NC
1.234050375177538,6706299,NC
1.1690406252755583,6706300,L
1.0890308750117736,6706301,NC
1.0290211243864356,6706302,NC
0.954011373399795,6706303,NC
0.8790016220521035,6706304,NC
0.7689918703436122,6706305,NC
0.6489821182745724,6706306,NC
0.5439723658452353,6706307,NC
0.4389626130558524,6706308,NC
0.3239528599066749,6706309,NC
0.2089431063979542,6706310,NC
0.10393335252994149,6706311,NC
0.033923598302888255,6706312,NC
-0.031086156282954233,6706313,NC
-0.05609591122733458,6706314,NC
-0.07610566653000142,6706315,NC
-0.08111542219070345,6706316,NC
-0.0661251782091891,6706317,NC
-0.04613493458520717,6706318,NC
-0.021144691318506097,6706319,NC
0.0038455515911653866,6706320,NC
0.023835794144058838,6706321,NC
0.03382603634042561,6706322,NC
0.02881627818051719,6706323,NC
0.0038065196645849873,6706324,NC
0.02379676079288049,6706325,NC
0.03878700156565519,6706326,NC
0.04377724198316052,6706327,NC
0.023767482045648027,6706328,NC
0.008757721753369141,6706329,NC
0.008747961106575431,6706330,NC
0.028738200105518356,6706331,NC
0.0437284387504495,6706332,NC
0.05371867704162035,6706333,NC
0.033708914979282495,6706334,NC
0.013699152563687433,6706335,NC
0.008689389795086752,6706336,NC
0.02367962667373206,6706337,NC
0.03866986319987487,6706338,NC
0.07366009937376683,6706339,NC
0.0636503351956595,6706340,NC
0.04864057066580453,6706341,NC
0.048630805784453474,6706342,NC
0.05362104055185801,6706343,NC
0.053611274968269736,6706344,NC
0.053601509033940314,6706345,NC
0.05859174274912142,6706346,NC
0.04358197611406467,6706347,NC
0.048572209129021784,6706348,NC
0.04856244179424439,6706349,NC
0.06855267410998422,6706350,NC
0.06854290607649294,6706351,NC
0.04853313769402229,6706352,NC
0.08352336896282395,6706353,NC
0.07351359988314966,6706354,NC
0.08350383045525116,6706355,NC
0.10349406067938013,6706356,NC
0.10848429055578847,6706357,NC
0.1084745200847278,6706358,NC
0.11346474926644998,6706359,NC
0.11345497810120672,6706360,NC
0.12844520658924985,6706361,NC
0.14843543473083115,6706362,NC
0.17342566252620242,6706363,NC
0.1534158899756155,6706364,NC
0.14840611707932216,6706365,NC
0.15839634383757428,6706366,NC
0.18338657025062371,6706367,NC
0.21837679631872228,6706368,NC
0.23836702204212185,6706369,NC
0.24835724742107426,6706370,NC
0.23834747245583143,6706371,NC
0.22833769714664523,6706372,NC
0.22832792149376754,6706373,NC
0.24331814549745032,6706374,NC
0.2733083691579454,6706375,NC
0.2882985924755047,6706376,NC
0.3032888154503802,6706377,NC
0.3182790380828239,6706378,NC
0.33826926037308763,6706379,NC
0.3882594823214234,6706380,NC
0.3932497039280831,6706381,NC
0.40323992519331886,6706382,NC
0.37823014611738254,6706383,NC
0.3582203667005261,6706384,NC
0.3532105869430017,6706385,NC
0.3682008068450612,6706386,NC
0.4081910264069567,6706387,NC
0.4031812456289402,6706388,NC
0.42317146451126364,6706389,NC
0.43316168305417924,6706390,NC
0.473151901257939,6706391,NC
0.5031421191227948,6706392,NC
0.5281323366489991,6706393,NC
0.5281225538368036,6706394,NC
0.5231127706864604,6706395,NC
0.5081029871982219,6706396,NC
0.50309320337234,6706397,NC
0.5280834192090669,6706398,NC
0.5130736347086545,6706399,NC
0.49306384987135515,6706400,NC
0.44805406469742104,6706401,NC
0.4230442791871041,6706402,NC
0.3880344933406567,6706403,NC
0.3830247071583308,6706404,NC
0.36301492064037877,6706405,NC
0.33300513378705265,6706406,NC
0.3079953465986047,6706407,NC
0.28298555907528716,6706408,NC
0.2779757712173521,6706409,NC
0.2679659830250519,6706410,NC
0.26295619449863866,6706411,NC
0.2579464056383647,6706412,NC
0.23293661644448221,6706413,NC
0.21792682691724347,6706414,NC
0.2029170370569007,6706415,NC
0.21790724686370622,6706416,NC
0.23789745633791232,6706417,NC
0.2278876654797712,6706418,NC
0.18287787428953528,6706419,NC
0.14286808276745674,6706420,NC
0.14285829091378796,6706421,NC
0.15284849872878126,6706422,NC
0.16783870621268893,6706423,NC
0.15782891336576332,6706424,NC
0.13781912018825687,6706425,NC
0.11780932668042178,6706426,NC
0.1227995328425105,6706427,NC
0.13778973867477542,6706428,NC
0.17277994417746886,6706429,NC
0.16277014935084325,6706430,NC
0.14276035419515096,6706431,NC
0.14275055871064446,6706432,NC
0.13274076289757603,6706433,NC
0.1527309667561983,6706434,NC
0.15272117028676346,6706435,NC
0.15271137348952413,6706436,NC
0.1527015763647327,6706437,NC
0.1426917789126416,6706438,NC
0.14268198113350333,6706439,NC
0.14267218302757034,6706440,NC
0.14766238459509518,6706441,NC
0.13765258583633022,6706442,NC
0.12264278675152807,6706443,NC
0.11263298734094115,6706444,NC
0.10762318760482205,6706445,NC
0.13261338754342322,6706446,NC
0.14260358715699725,6706447,NC
0.1375937864457967,6706448,NC
0.13758398541007402,6706449,NC
0.11757418405008188,6706450,NC
0.13256438236607276,6706451,NC
0.1275545803582993,6706452,NC
0.132544778027014,6706453,NC
0.11753497537246954,6706454,NC
0.10252517239491846,6706455,NC
0.10251536909461338,6706456,NC
0.12750556547180697,6706457,NC
0.13749576152675175,6706458,NC
0.15748595725970044,6706459,NC
0.15247615267090567,6706460,NC
0.15246634776062004,6706461,NC
0.13745654252909623,6706462,NC
0.12744673697658693,6706463,NC
0.11243693110334477,6706464,NC
0.1274271249096225,6706465,NC
0.12241731839567271,6706466,NC
0.10740751156174815,6706467,NC
0.0973977044081016,6706468,NC
0.11738789693498562,6706469,NC
0.1273780891426531,6706470,NC
0.13736828103135665,6706471,NC
0.11735847260134906,6706472,NC
0.10234866385288306,6706473,NC
0.06733885478621145,6706474,NC
0.052329045401586914,6706475,NC
0.08231923569926228,6706476,NC
0.08230942567949034,6706477,NC
0.08729961534252383,6706478,NC
0.08728980468861561,6706479,NC
0.08227999371801843,6706480,NC
0.08227018243098515,6706481,NC
0.09226037082776854,6706482,NC
0.10225055890862148,6706483,NC
0.09724074667379677,6706484,NC
0.08223093412354729,6706485,NC
0.08222112125812583,6706486,NC
0.07721130807778531,6706487,NC
0.09220149458277863,6706488,NC
0.10719168077335858,6706489,NC
0.10218186664977812,6706490,NC
0.09217205221229009,6706491,NC
0.09216223746114746,6706492,NC
0.10215242239660305,6706493,NC
0.10714260701890987,6706494,NC
0.10713279132832078,6706495,NC
0.11712297532508872,6706496,NC
0.1071131590094667,6706497,NC
0.1071033423817076,6706498,NC
0.11709352544206442,6706499,NC
0.14708370819079009,6706500,NC
0.15707389062813762,6706501,NC
0.14706407275435998,6706502,NC
0.13705425456971015,6706503,NC
0.12204443607444113,6706504,NC
0.12203461726880596,6706505,NC
0.1170247981530576,6706506,NC
0.12201497872744908,6706507,NC
0.11200515899223355,6706508,NC
0.11199533894766386,6706509,NC
0.1219855185939932,6706510,NC
0.14197569793147458,6706511,NC
0.16696587696036105,6706512,NC
0.18695605568090565,6706513,NC
0.19194623409336156,6706514,NC
0.17693641219798178,6706515,NC
0.18192658999501946,6706516,NC
0.17691676748472765,6706517,NC
0.18690694466735946,6706518,NC
0.20189712154316808,6706519,NC
0.19688729811240657,6706520,NC
0.1718774743753281,6706521,NC
0.15186765033218577,6706522,NC
0.15185782598323277,6706523,NC
0.16684800132872224,6706524,NC
0.16683817636890735,6706525,NC
0.16182835110404126,6706526,NC
0.13181852553437717,6706527,NC
0.1268086996601683,6706528,NC
0.1267988734816678,6706529,NC
0.13178904699912886,6706530,NC
0.14177922021280476,6706531,NC
0.11176939312294866,6706532,NC
0.0917595657298138,6706533,NC
0.06674973803365344,6706534,NC
0.09673991003472081,6706535,NC
0.13173008173326914,6706536,NC
0.15172025312955176,6706537,NC
0.13671042422382185,6706538,NC
0.07670059501633275,6706539,NC
0.011690765507337698,6706540,NC
-0.008319064302909967,6706541,NC
0.001671105585843,6706542,NC
0.046661275173849964,6706543,NC
0.07165144446136418,6706544,NC
0.07664161344863901,6706545,NC
0.05663178213592773,6706546,NC
0.04662195052348375,6706547,NC
0.0666121186115604,6706548,NC
0.071602286400411,6706549,NC
0.06159245389028895,6706550,NC
0.04158262108144757,6706551,NC
0.02657278797414029,6706552,NC
0.011562954568620434,6706553,NC
0.026553120865141458,6706554,NC
0.0415432868639567,6706555,NC
0.04653345256531959,6706556,NC
0.056523617969483575,6706557,NC
0.061513783076702036,6706558,NC
0.06150394788722843,6706559,NC
0.08649411240131614,6706560,NC
0.09148427661921871,6706561,NC
0.07147444054118948,6706562,NC
0.046464604167482014,6706563,NC
0.036454767498349694,6706564,NC
0.06144493053404605,6706565,NC
0.05643509327482453,6706566,NC
0.05142525572093864,6706567,NC
-0.0035845821273580956,6706568,NC
-0.023594420269812226,6706569,NC
-0.04360425870617017,6706570,NC
-0.03861409743617848,6706571,NC
-0.023623936459583564,6706572,NC
-0.008633775776131931,6706573,NC
0.01635638461443,6706574,NC
-0.0036534552876442607,6706575,NC
0.02133670451789889,6706576,NC
0.03132686403131297,6706577,NC
0.051317023252851576,6706578,NC
0.08630718218276832,6706579,NC
0.08129734082131675,6706580,NC
0.10128749916875047,6706581,NC
0.11627765722532306,6706582,NC
0.17126781499128826,6706583,NC
0.25125797246689946,6706584,NC
0.3312481296524106,6706585,NC
0.4212382865480749,6706586,NC
0.4862284431541463,6706587,NC
0.5412185994708785,6706588,NC
0.6112087554985249,6706589,NC
0.6261989112373394,6706590,NC
0.6161890666875756,6706591,NC
0.576179221849487,6706592,NC
0.4911693767233275,6706593,NC
0.4561595313093508,6706594,NC
0.4811496856078104,6706595,NC
0.5611398396189603,6706596,NC
0.681129993343054,6706597,NC
0.7961201467803452,6706598,NC
0.9011102999310877,6706599,NC
0.9811004527955353,6706600,NC
1.0760906053739416,6706601,NC
1.1310807576665607,6706602,L
1.071070909673646,6706603,NC
0.9160610613954512,6706604,NC
0.7660512128322303,6706605,NC
0.6360413639842372,6706606,NC
0.5510315148517253,6706607,NC
0.4860216654349487,6706608,NC
0.3710118157341611,6706609,NC
0.2110019657496164,6706610,NC
0.025992115481568275,6706611,NC
-0.10901773506972934,6706612,NC
-0.16902758590402267,6706613,NC
-0.17903743702105784,6706614,NC
-0.17404728842058104,6706615,NC
-0.13905714010233836,6706616,NC
-0.129066992066076,6706617,NC
-0.10407684431154006,6706618,NC
-0.07908669683847662,6706619,NC
-0.059096549646631906,6706620,NC
-0.054106402735751874,6706621,NC
-0.03411625610558278,6706622,NC
-0.03412610975587058,6706623,NC
-0.029135963686361514,6706624,NC
-0.029145817896801512,6706625,NC
-0.049155672386936744,6706626,NC
-0.04916552715651324,6706627,NC
-0.05417538220527704,6706628,NC
-0.05918523753297424,6706629,NC
-0.06419509313935082,6706630,NC
-0.044204949024152895,6706631,NC
-0.034214805187126426,6706632,NC
-0.014224661628017492,6706633,NC
-0.019234518346572048,6706634,NC
-0.02424437534253617,6706635,NC
-0.05425423261565579,6706636,NC
-0.02426409016567696,6706637,NC
0.0007260520076543577,6706638,NC
0.025716193904592212,6706639,NC
0.015706335525390577,6706640,NC
-0.00930352312969646,6706641,NC
-0.029313382060414908,6706642,NC
-0.03932324126651067,6706643,NC
-0.044333100747729726,6706644,NC
-0.024342960503817988,6706645,NC
-0.014352820534521414,6706646,NC
-0.009362680839585908,6706647,NC
-0.014372541418757363,6706648,NC
0.020617597728218265,6706649,NC
0.04560773660159513,6706650,NC
0.06059787520162727,6706651,NC
0.07558801352856886,6706652,NC
0.06057815158267398,6706653,NC
0.06556828936419679,6706654,NC
0.08555842687339138,6706655,NC
0.09554856411051195,6706656,NC
0.09553870107581258,6706657,NC
0.08052883776954743,6706658,NC
0.07051897419197076,6706659,NC
0.07550911034333661,6706660,NC
0.08549924622389925,6706661,NC
0.11048938183391283,6706662,NC
0.1554795171736315,6706663,NC
0.15546965224330953,6706664,NC
0.1654597870432011,6706665,NC
0.1654499215735604,6706666,NC
0.18044005583464165,6706667,NC
0.20543018982669908,6706668,NC
0.22542032354998692,6706669,NC
0.24041045700475944,6706670,NC
0.2504005901912708,6706671,NC
0.22039072310977537,6706672,NC
0.26038085576052733,6706673,NC
0.26537098814378096,6706674,NC
0.2953611202597905,6706675,NC
0.3003512521088103,6706676,NC
0.28534138369109463,6706677,NC
0.29033151500689774,6706678,NC
0.31032164605647394,6706679,NC
0.3353117768400776,6706680,NC
0.35530190735796296,6706681,NC
0.3752920376103844,6706682,NC
0.3552821675975962,6706683,NC
0.3702722973198527,6706684,NC
0.3952624267774083,6706685,NC
0.4102525559705173,6706686,NC
0.43024268489943396,6706687,NC
0.4302328135644128,6706688,NC
0.43522294196570815,6706689,NC
0.4152130701035744,6706690,NC
0.4102031979782658,6706691,NC
0.4051933255900369,6706692,NC
0.39018345293914203,6706693,NC
0.37017358002583556,6706694,NC
0.3551637068503719,6706695,NC
0.32015383341300563,6706696,NC
0.3151439597139909,6706697,NC
0.30513408575358236,6706698,NC
0.2901242115320344,6706699,NC
0.26511433704960136,6706700,NC
0.2251044623065378,6706701,NC
0.1850945873030981,6706702,NC
0.17008471203953685,6706703,NC
0.17007483651610836,6706704,NC
0.1750649607330672,6706705,NC
0.17505508469066783,6706706,NC
0.1300452083891647,6706707,NC
0.1200353318288124,6706708,NC
0.10502545500986536,6706709,NC
0.08001557793257816,6706710,NC
0.06000570059720521,6706711,NC
0.024995823004001126,6706712,NC
0.019985945153220386,6706713,NC
0.004976067045117566,6706714,NC
0.03996618867994717,6706715,NC
0.029956310057963783,6706716,NC
0.06494643117942192,6706717,NC
0.04493655204457618,6706718,NC
0.03992667265368113,6706719,NC
0.02491679300699133,6706720,NC
0.029906913104761394,6706721,NC
0.04489703294724586,6706722,NC
0.04488715253469938,6706723,NC
0.039877271867376496,6706724,NC
0.03486739094553189,6706725,NC
0.009857509769420106,6706726,NC
0.019847628339295827,6706727,NC
0.01983774665541363,6706728,NC
0.01982786471802817,6706729,NC
0.014817982527394122,6706730,NC
0.004808100083766079,6706731,NC
0.00479821738739875,6706732,NC
0.014788334438546744,6706733,NC
0.024778451237464777,6706734,NC
0.03976856778440745,6706735,NC
0.04975868407962958,6706736,NC
0.024748800123385685,6706737,NC
-0.015261084084069426,6706738,NC
-0.020270968542481053,6706739,NC
-0.005280853251594553,6706740,NC
0.01970926178884485,6706741,NC
0.014699376579091823,6706742,NC
-0.005310508880598856,6706743,NC
-0.01032039458997251,6706744,NC
-0.020330280548774345,6706745,NC
-0.030340166756749665,6706746,NC
-0.020350053213643672,6706747,NC
-0.005359939919201653,6706748,NC
-0.010369826873168824,6706749,NC
-0.020379714075290378,6706750,NC
-0.015389601525311604,6706751,NC
-0.030399489222977652,6706752,NC
-0.0054093771680337865,6706753,NC
-0.005419265360225163,6706754,NC
-0.015429153799297034,6706755,NC
-0.03543904248499452,6706756,NC
-0.025448931417062885,6706757,NC
-0.010458820595247258,6706758,NC
-0.0054687100192927895,6706759,NC
-0.010478599688944703,6706760,NC
-0.010488489603948098,6706761,NC
-0.030498379764048185,6706762,NC
-0.020508270168990053,6706763,NC
-0.005518160818518896,6706764,NC
0.009471948287620203,6706765,NC
-0.005537942850317931,6706766,NC
-0.015547834232078374,6706767,NC
-0.025557725857406288,6706768,NC
-0.015567617726046753,6706769,NC
0.004422490162255154,6706770,NC
0.024412597807754254,6706771,NC
0.01440270521070559,6706772,NC
0.014392812371363924,6706773,NC
-0.005617080710015661,6706774,NC
0.0143730259668216,6706775,NC
0.014363132402130774,6706776,NC
0.01935323859616673,6706777,NC
0.014343344549184435,6706778,NC
0.0043334502614388705,6706779,NC
0.00932355573318495,6706780,NC
-0.010686339035322312,6706781,NC
-0.010696234043827996,6706782,NC
-0.010706129292077066,6706783,NC
-0.015716024779814597,6706784,NC
-0.04572592050678553,6706785,NC
-0.09073581647273496,6706786,NC
-0.09074571267740777,6706787,NC
-0.07075560912054905,6706788,NC
-0.040765505801903745,6706789,NC
-0.045775402721216794,6706790,NC
-0.045785299878233245,6706791,NC
-0.05079519727269799,6706792,NC
-0.040805094904356055,6706793,NC
-0.02081499277295233,6706794,NC
-0.025824890878231834,6706795,NC
-0.04583478921993943,6706796,NC
-0.06084468779782014,6706797,NC
-0.07585458661161883,6706798,NC
-0.0508644856610804,6706799,NC
-0.02587438494594985,6706800,NC
-0.025884284465972015,6706801,NC
-0.020894184220891857,6706802,NC
-0.02590408421045423,6706803,NC
-0.030913984434404067,6706804,NC
-0.005923884892486207,6706805,NC
0.024066214415554406,6706806,NC
0.04905631348997297,6706807,NC
0.02904641233102455,6706808,NC
0.03403651093896428,6706809,NC
0.01902660931404742,6706810,NC
0.03401670745652896,6706811,NC
0.0340068053666642,6706812,NC
0.03899690304470815,6706813,NC
0.04898700049091613,6706814,NC
0.04397709770554321,6706815,NC
0.03896719468884462,6706816,NC
0.043957291441075505,6706817,NC
0.05894738796249107,6706818,NC
0.053937484253346546,6706819,NC
0.05392758031389709,6706820,NC
0.04391767614439797,6706821,NC
0.02390777174510431,6706822,NC
0.02389786711627142,6706823,NC
0.03888796225815447,6706824,NC
0.048878057171008724,6706825,NC
0.02886815185508939,6706826,NC
0.02885824631065176,6706827,NC
-0.0011516594620489783,6706828,NC
-0.0011615654627575335,6706829,NC
-0.0011714716912186174,6706830,NC
0.008818621852822983,6706831,NC
0.0038087151696225936,6706832,NC
-0.0012011917405645584,6706833,NC
-0.01121109887748313,6706834,NC
-0.011221006240877891,6706835,NC
0.013769086169506516,6706836,NC
0.023759178353925336,6706837,NC
-0.0012507296873660936,6706838,NC
-0.03126063795411243,6706839,NC
-0.06627054644605841,6706840,NC
-0.08628045516294865,6706841,NC
-0.08629036410452787,6706842,NC
-0.056300273270540685,6706843,NC
-0.06131018266073181,6706844,NC
-0.06632009227484581,6706845,NC
-0.07133000211262744,6706846,NC
-0.08133991217382122,6706847,NC
-0.04134982245817189,6706848,NC
-0.011359732965424049,6706849,NC
-0.016369643695322247,6706850,NC
-0.031379554647611184,6706851,NC
-0.05138946582203541,6706852,NC
-0.05139937721833958,6706853,NC
-0.04140928883626826,6706854,NC
-0.05141920067556607,6706855,NC
-0.06642911273597756,6706856,NC
-0.09643902501724735,6706857,NC
-0.12144893751912002,6706858,NC
-0.11645885024134008,6706859,NC
-0.09146876318365217,6706860,NC
-0.05647867634580078,6706861,NC
-0.07648858972753053,6706862,NC
-0.08649850332858591,6706863,NC
-0.09150841714871151,6706864,NC
-0.08151833118765181,6706865,NC
-0.061528245445151425,6706866,NC
-0.036538159920954785,6706867,NC
-0.04654807461480649,6706868,NC
-0.056557989526451025,6706869,NC
-0.06156790465563286,6706870,NC
-0.06657782000209654,6706871,NC
-0.036587735565586546,6706872,NC
-0.021597651345847395,6706873,NC
-0.03160756734262353,6706874,NC
-0.05661748355565948,6706875,NC
-0.07162739998469966,6706876,NC
-0.07663731662948861,6706877,NC
-0.07164723348977073,6706878,NC
-0.06165715056529054,6706879,NC
-0.06666706785579243,6706880,NC
-0.09667698536102087,6706881,NC
-0.11168690308072034,6706882,NC
-0.0816968210146352,6706883,NC
-0.05670673916250996,6706884,NC
-0.02171665752408898,6706885,NC
-0.006726576099116758,6706886,NC
-0.0067364948873375775,6706887,NC
0.01825358611150399,6706888,NC
0.028243666897663656,6706889,NC
0.09823374747139701,6706890,NC
0.18822382783295963,6706891,NC
0.2582139079826072,6706892,NC
0.3382039879205952,6706893,NC
0.39319406764717935,6706894,NC
0.4381841471626152,6706895,NC
0.4331742264671586,6706896,NC
0.41816430556106493,6706897,NC
0.34315438444459,6706898,NC
0.2381444631179894,6706899,NC
0.18813454158151877,6706900,NC
0.20312461983543384,6706901,NC
0.2531146978799902,6706902,NC
0.36310477571544353,6706903,NC
0.47809485334204954,6706904,NC
0.603084930760064,6706905,NC
0.7080750079697424,6706906,NC
0.8030650849713407,6706907,NC
0.8580551617651143,6706908,NC
0.8480452383513191,6706909,L
0.7930353147302108,6706910,NC
0.6830253909020451,6706911,NC
0.5630154668670776,6706912,NC
0.43300554262556407,6706913,NC
0.3529956181777604,6706914,NC
0.24298569352392219,6706915,NC
0.14297576866430525,6706916,NC
0.0029658435991652765,6706917,NC
-0.12204408167124194,6706918,NC
-0.22205400714666068,6706919,NC
-0.2820639328268351,6706920,NC
-0.32207385871150956,6706921,NC
-0.3470837848004282,6706922,NC
-0.3620937110933352,6706923,NC
-0.36710363758997494,6706924,NC
-0.3271135642900915,6706925,NC
-0.282123491193429,6706926,NC
-0.2171334182997318,6706927,NC
-0.17714334560874406,6706928,NC
-0.16215327312020997,6706929,NC
-0.1371632008338736,6706930,NC
-0.1171731287494793,6706931,NC
-0.10718305686677111,6706932,NC
-0.10219298518549327,6706933,NC
-0.1372029137053899,6706934,NC
-0.15221284242620522,6706935,NC
-0.1772227713476833,6706936,NC
-0.16723270046956837,6706937,NC
-0.15224262979160452,6706938,NC
-0.1422525593135359,6706939,NC
-0.13226248903510668,6706940,NC
-0.14227241895606085,6706941,NC
-0.15728234907614272,6706942,NC
-0.13729227939509625,6706943,NC
-0.12730220991266566,6706944,NC
-0.11231214062859499,6706945,NC
-0.10732207154262839,6706946,NC
-0.11233200265450989,6706947,NC
-0.1323419339639837,6706948,NC
-0.11735186547079376,6706949,NC
-0.08736179717468422,6706950,NC
-0.06737172907539916,6706951,NC
-0.06238166117268265,6706952,NC
-0.06239159346627877,6706953,NC
-0.08740152595593151,6706954,NC
-0.07741145864138503,6706955,NC
-0.037421391522383274,6706956,NC
-0.012431324598670374,6706957,NC
-0.01744125786999031,6706958,NC
-0.01245119133608717,6706959,NC
-0.012461124996704983,6706960,NC
-0.012471058851587667,6706961,NC
-0.0024809929004794033,6706962,NC
0.002509072856875956,6706963,NC
0.007499138420734235,6706964,NC
-0.017510796208648434,6706965,NC
-0.012520731031016133,6706966,NC
-0.0175306660461128,6706967,NC
0.017459398746317516,6706968,NC
0.05744946334653086,6706969,NC
0.07243952775478327,6706970,NC
0.06742959197133074,6706971,NC
0.07741965599642933,6706972,NC
0.09240971983033502,6706973,NC
0.1023997834733039,6706974,NC
0.122389846925592,6706975,NC
0.12737991018745537,6706976,NC
0.13736997325915007,6706977,NC
0.14236003614093215,6706978,NC
0.17235009883305763,6706979,NC
0.19234016133578266,6706980,NC
0.2323302236493633,6706981,NC
0.22232028577405555,6706982,NC
0.2273103477101156,6706983,NC
0.21230040945779943,6706984,NC
0.22729047101736324,6706985,NC
0.24228053238906305,6706986,NC
0.28227059357315504,6706987,NC
0.2922606545698952,6706988,NC
0.2872507153795398,6706989,NC
0.2772407760023448,6706990,NC
0.29723083643856635,6706991,NC
0.3222208966884607,6706992,NC
0.35721095675228387,6706993,NC
0.37220101663029204,6706994,NC
0.3671910763227413,6706995,NC
0.3721811358298879,6706996,NC
0.3771711951519879,6706997,NC
0.39216125428929743,6706998,NC
0.40715131324207277,6706999,NC
0.4221413720105699,6707000,NC
0.39713143059504524,6707001,NC
0.3821214889957547,6707002,NC
0.3571115472129547,6707003,NC
0.35710160524690127,6707004,NC
0.33709166309785066,6707005,NC
0.307081720766059,6707006,NC
0.2520717782517826,6707007,NC
0.24206183555527755,6707008,NC
0.23705189267680013,6707009,NC
0.23204194961660654,6707010,NC
0.22703200637495294,6707011,NC
0.18702206295209564,6707012,NC
0.1520121193482908,6707013,NC
0.12200217556379468,6707014,NC
0.10699223159886348,6707015,NC
0.1119822874537535,6707016,NC
0.10697234312872095,6707017,NC
0.10196239862402208,6707018,NC
0.051952453939913136,6707019,NC
0.02194250907665039,6707020,NC
0.006932564034490131,6707021,NC
0.0019226188136885706,6707022,NC
0.021912673414502037,6707023,NC
0.02690272783718676,6707024,NC
0.011892782081999068,6707025,NC
-0.003117163850804805,6707026,NC
0.0018728900390314876,6707027,NC
0.011862943751764186,6707028,NC
0.026852997287649647,6707029,NC
0.021843050646944116,6707030,NC
-0.013166896170096067,6707031,NC
-0.013176843163214559,6707032,NC
-0.008186790332155098,6707033,NC
-0.0031967376766613093,6707034,NC
-0.008206685196476916,6707035,NC
-0.008216632891345534,6707036,NC
-0.02322658076101088,6707037,NC
-0.018236528805216562,6707038,NC
-0.00824647702370631,6707039,NC
0.001743574583776301,6707040,NC
0.006733626017487631,6707041,NC
0.006723677277683981,6707042,NC
0.00671372836462177,6707043,NC
0.0017037792785573116,6707044,NC
0.0016938300197470316,6707045,NC
-0.008316119411552747,6707046,NC
-0.01832606901508559,6707047,NC
-0.01833601879059516,6707048,NC
-0.028345968737825026,6707049,NC
-0.03835591885651883,6707050,NC
-0.04836586914642016,6707051,NC
-0.05837581960727258,6707052,NC
-0.038385770238819734,6707053,NC
-0.03839572104080516,6707054,NC
-0.0484056720129725,6707055,NC
-0.04841562315506527,6707056,NC
-0.033425574466827104,6707057,NC
-0.018435525948001515,6707058,NC
0.006554522401667878,6707059,NC
0.011544570582437534,6707060,NC
0.0065346185945639275,6707061,NC
-0.01847533356169655,6707062,NC
-0.00848528588608739,6707063,NC
-0.0034952383783521963,6707064,NC
0.0014948089617655494,6707065,NC
0.0014848561345222559,6707066,NC
0.0014749031401744472,6707067,NC
0.01146494997897854,6707068,NC
0.021454996651191067,6707069,NC
0.01644504315706846,6707070,NC
-0.0035649105031327795,6707071,NC
-0.03857486432915612,6707072,NC
-0.06358481832074514,6707073,NC
-0.06859477247764326,6707074,NC
-0.05860472679959408,6707075,NC
-0.03861468128634095,6707076,NC
-0.03862463593762752,6707077,NC
-0.02863459075319712,6707078,NC
-0.04364454573279338,6707079,NC
-0.023654500876159675,6707080,NC
-0.028664456183039477,6707081,NC
-0.003674411653176301,6707082,NC
-0.018684367286313563,6707083,NC
-0.013694323082194775,6707084,NC
-0.018704279040563335,6707085,NC
-0.028714235161162754,6707086,NC
-0.03372419144373641,6707087,NC
-0.028734147888027816,6707088,NC
-0.008744104493780346,6707089,NC
-0.023754061260737487,6707090,NC
-0.048764018188642656,6707091,NC
-0.06877397527723923,6707092,NC
-0.0687839325262707,6707093,NC
-0.05879388993548043,6707094,NC
-0.04380384750461188,6707095,NC
-0.04381380523340841,6707096,NC
-0.023823763121613467,6707097,NC
-0.023833721168970413,6707098,NC
-0.033843679375222695,6707099,NC
-0.023853637740113672,6707100,NC
-0.013863596263386716,6707101,NC
-0.013873554944785257,6707102,NC
-0.033883513784052625,6707103,NC
-0.05889347278093225,6707104,NC
-0.07390343193516745,6707105,NC
-0.053913391246501643,6707106,NC
-0.038923350714678145,6707107,NC
-0.04893331033944037,6707108,NC
-0.043943270120531626,6707109,NC
-0.0489532300576953,6707110,NC
-0.023963190150674732,6707111,NC
-0.003973150399213229,6707112,NC
0.0060168891969457836,6707113,NC
0.01600692863805911,6707114,NC
0.000996967924383244,6707115,NC
-0.009012992943824967,6707116,NC
-0.019022953966309018,6707117,NC
0.0059670848571879145,6707118,NC
0.005957123526922426,6707119,NC
0.02094716204315123,6707120,NC
0.020937200406131055,6707121,NC
0.005927238616118535,6707122,NC
0.0059172766733704245,6707123,NC
0.025907314578143374,6707124,NC
0.050897352330694146,6707125,NC
0.055887389931279396,6707126,NC
0.040877427380155894,6707127,NC
0.04586746467758031,6707128,NC
0.0358575018238094,6707129,NC
0.04584753881909987,6707130,NC
0.05083757566370846,6707131,NC
0.030827612357891932,6707132,NC
0.005817648901906969,6707133,NC
-0.029192314703989627,6707134,NC
-0.019202278459541165,6707135,NC
-0.024212242364490842,6707136,NC
-0.02922220641858196,6707137,NC
-0.0192321706215577,6707138,NC
-0.04424213497316136,6707139,NC
-0.05425209947313614,6707140,NC
-0.04426206412122526,6707141,NC
-0.03927202891717198,6707142,NC
-0.024281993860719484,6707143,NC
-0.029291958951611043,6707144,NC
-0.049301924189589806,6707145,NC
-0.059311889574399056,6707146,NC
-0.04932185510578194,6707147,NC
-0.044331820783481704,6707148,NC
-0.04934178660724151,6707149,NC
-0.0393517525768046,6707150,NC
-0.06436171869191418,6707151,NC
-0.0893716849523133,6707152,NC
-0.08938165135774535,6707153,NC
-0.06939161790795334,6707154,NC
-0.05940158460268055,6707155,NC
-0.0644115514416701,6707156,NC
-0.08442151842466518,6707157,NC
-0.09443148555140896,6707158,NC
-0.07944145282164461,6707159,NC
-0.08445142023511526,6707160,NC
-0.07446138779156408,6707161,NC
-0.07447135549073426,6707162,NC
-0.10948132333236887,6707163,NC
-0.09949129131621112,6707164,NC
-0.08950125944200413,6707165,NC
-0.06951122770949103,6707166,NC
-0.05952119611841496,6707167,NC
-0.05953116466851906,6707168,NC
-0.07454113335954642,6707169,NC
-0.07955110219124022,6707170,NC
-0.07956107116334354,6707171,NC
-0.07957104027559947,6707172,NC
-0.06458100952775118,6707173,NC
-0.08459097891954173,6707174,NC
-0.11960094845071428,6707175,NC
-0.12461091812101187,6707176,NC
-0.11462088793017763,6707177,NC
-0.09463085787795465,6707178,NC
-0.06464082796408603,6707179,NC
-0.06965079818831481,6707180,NC
-0.07466076855038414,6707181,NC
-0.07467073905003707,6707182,NC
-0.07468070968701665,6707183,NC
-0.07969068046106599,6707184,NC
-0.08470065137192812,6707185,NC
-0.09471062241934616,6707186,NC
-0.10472059360306311,6707187,NC
-0.09973056492282209,6707188,NC
-0.0747405363783661,6707189,NC
-0.04975050796943827,6707190,NC
-0.03476047969578156,6707191,NC
-0.03477045155713902,6707192,NC
-0.029780423553253756,6707193,NC
-0.024790395683868732,6707194,NC
0.010199632051272955,6707195,NC
0.09018965965242834,6707196,NC
0.1801796871198543,6707197,NC
0.24516971445380792,6707198,NC
0.3101597416545461,6707199,NC
0.35014976872232584,6707200,NC
0.3901397956574042,6707201,NC
0.4051298224600381,6707202,NC
0.38011984913048447,6707203,NC
0.31010987566900045,6707204,NC
0.20009990207584294,6707205,NC
0.13008992835126898,6707206,NC
0.11007995449553558,6707207,NC
0.15506998050889972,6707208,NC
0.24506000639161846,6707209,NC
0.36505003214394877,6707210,NC
0.4800400577661477,6707211,NC
0.5900300832584723,6707212,NC
0.7050201086211795,6707213,NC
0.7850101338545266,6707214,NC
0.8000001589587702,6707215,NC
0.7349901839341676,6707216,L
0.6249802087809758,6707217,NC
0.49997023349945197,6707218,NC
0.37996025808985295,6707219,NC
0.29995028255243594,6707220,NC
0.2249403068874579,6707221,NC
0.09993033109517589,6707222,NC
-0.03007964482415296,6707223,NC
-0.17008962087027163,6707224,NC
-0.30509959704292305,6707225,NC
-0.38010957334185014,6707226,NC
-0.42011954976679583,6707227,NC
-0.4301295263175031,6707228,NC
-0.4151395029937147,6707229,NC
-0.4051494797951738,6707230,NC
-0.3451594567216231,6707231,NC
-0.26516943377280566,6707232,NC
-0.19017941094846424,6707233,NC
-0.1751893882483418,6707234,NC
-0.16019936567218132,6707235,NC
-0.17020934321972558,6707236,NC
-0.15521932089071758,6707237,NC
-0.14522929868490012,6707238,NC
-0.11023927660201616,6707239,NC
-0.12024925464180852,6707240,NC
-0.13525923280402016,6707241,NC
-0.1552692110883939,6707242,NC
-0.15027918949467262,6707243,NC
-0.13528916802259922,6707244,NC
-0.11029914667191651,6707245,NC
-0.08530912544236742,6707246,NC
-0.08531910433369479,6707247,NC
-0.10032908334564149,6707248,NC
-0.10533906247795034,6707249,NC
-0.09034904173036425,6707250,NC
-0.10035902110262603,6707251,NC
-0.08536900059447852,6707252,NC
-0.1153789802056646,6707253,NC
-0.12038895993592708,6707254,NC
-0.13039893978500883,6707255,NC
-0.10540891975265262,6707256,NC
-0.06541889983860139,6707257,NC
-0.060428880042597846,6707258,NC
-0.07543886036438491,6707259,NC
-0.08044884080370535,6707260,NC
-0.04545882136030202,6707261,NC
-0.020468802033917727,6707262,NC
-0.0004787828242952506,6707263,NC
-0.0054887637311774855,6707264,NC
-0.020498744754307102,6707265,NC
-0.04550872589342707,6707266,NC
-0.020518707148280024,6707267,NC
-0.015528688518608927,6707268,NC
0.00946132999584356,6707269,NC
0.02445134839533456,6707270,NC
0.029441366680121317,6707271,NC
0.03443138485046106,6707272,NC
0.04942140290661096,6707273,NC
0.0744114208488283,6707274,NC
0.08940143867737023,6707275,NC
0.10939145639249402,6707276,NC
0.09938147399445688,6707277,NC
0.09437149148351606,6707278,NC
0.09936150885992875,6707279,NC
0.11935152612395226,6707280,NC
0.15434154327584373,6707281,NC
0.1593315603158605,6707282,NC
0.17932157724425976,6707283,NC
0.19931159406129878,6707284,NC
0.22430161076723482,6707285,NC
0.24929162736232507,6707286,NC
0.2792816438468269,6707287,NC
0.2842716602209974,6707288,NC
0.28426167648509404,6707289,NC
0.2992516926393739,6707290,NC
0.30424170868409434,6707291,NC
0.31923172461951266,6707292,NC
0.3442217404458861,6707293,NC
0.35421175616347184,6707294,NC
0.34420177177252737,6707295,NC
0.3441917872733098,6707296,NC
0.3541818026660764,6707297,NC
0.3591718179510846,6707298,NC
0.3791618331285916,6707299,NC
0.4041518481988547,6707300,NC
0.3991418631621312,6707301,NC
0.3741318780186783,6707302,NC
0.3441218927687536,6707303,NC
0.359111907412614,6707304,NC
0.35910192195051716,6707305,NC
0.3190919363827202,6707306,NC
0.30908195070948047,6707307,NC
0.28907196493105525,6707308,NC
0.269061979047702,6707309,NC
0.24405199305967787,6707310,NC
0.23404200696724028,6707311,NC
0.19903202077064652,6707312,NC
0.1690220344701539,6707313,NC
0.1490120480660198,6707314,NC
0.10900206155850152,6707315,NC
0.12899207494785644,6707316,NC
0.12398208823434183,6707317,NC
0.1089721014182151,6707318,NC
0.08396211449973354,6707319,NC
0.03395212747915454,6707320,NC
0.03394214035673541,6707321,NC
0.018932153132733515,6707322,NC
0.018922165807406254,6707323,NC
0.003912178381010918,6707324,NC
0.0039021908538049268,6707325,NC
-0.011107796773954412,6707326,NC
-0.0011177845020096814,6707327,NC
0.023872227669896436,6707328,NC
0.043862239742021365,6707329,NC
0.04385225171462242,6707330,NC
0.03884226358795704,6707331,NC
0.013832275362282535,6707332,NC
-0.011177712962143673,6707333,NC
-0.02118770138506418,6707334,NC
-0.016197689906221654,6707335,NC
-0.031207678525358655,6707336,NC
-0.021217667242217835,6707337,NC
-0.016227656056541757,6707338,NC
-0.02123764496807308,6707339,NC
-0.011247633976554343,6707340,NC
-0.016257623081728206,6707341,NC
-0.021267612283337265,6707342,NC
-0.03127760158112403,6707343,NC
-0.036287590974831176,6707344,NC
-0.03629758046420123,6707345,NC
-0.021307570048976845,6707346,NC
-0.011317559728900542,6707347,NC
-0.006327549503714964,6707348,NC
-0.03133753937316263,6707349,NC
-0.03634752933698617,6707350,NC
-0.02635751939492811,6707351,NC
-0.016367509546731076,6707352,NC
-0.0013774997921376067,6707353,NC
-0.0013874901308902417,6707354,NC
-0.016397480562731603,6707355,NC
-0.016407471087404195,6707356,NC
-0.021417461704650635,6707357,NC
-0.006427452414213424,6707358,NC
-0.0014374432158351723,6707359,NC
-0.01144743410925838,6707360,NC
-0.03645742509422565,6707361,NC
-0.0414674161704795,6707362,NC
-0.03147740733776246,6707363,NC
-0.01648739859581711,6707364,NC
0.0035026100556140465,6707365,NC
0.008492618616788426,6707366,NC
0.0034826270879635443,6707367,NC
-0.01652736453060319,6707368,NC
-0.026537356238654244,6707369,NC
-0.04154734803593221,6707370,NC
-0.02155733992217957,6707371,NC
-0.011567331897138884,6707372,NC
-0.03157732396055266,6707373,NC
-0.051587316112163384,6707374,NC
-0.05659730835171363,6707375,NC
-0.05160730067894587,6707376,NC
-0.02661729309360265,6707377,NC
-0.021627285595426447,6707378,NC
-0.03663727818415984,6707379,NC
-0.04664727085954521,6707380,NC
-0.05665726362132521,6707381,NC
-0.03666725646924225,6707382,NC
-0.026677249403038814,6707383,NC
-0.02168724242245747,6707384,NC
-0.041697235527240646,6707385,NC
-0.041707228717130895,6707386,NC
-0.041717221991870654,6707387,NC
-0.04672721535120247,6707388,NC
-0.026737208794868766,6707389,NC
-0.03674720232261209,6707390,NC
-0.04675719593417487,6707391,NC
-0.046767189629299634,6707392,NC
-0.04177718340772883,6707393,NC
-0.03178717726920493,6707394,NC
-0.016797171213470432,6707395,NC
-0.04180716524026777,6707396,NC
-0.04181715934933947,6707397,NC
-0.07182715354042793,6707398,NC
-0.056837147813275694,6707399,NC
-0.026847142167625147,6707400,NC
-0.03185713660321882,6707401,NC
-0.02686713111979914,6707402,NC
-0.06687712571710853,6707403,NC
-0.05688712039488951,6707404,NC
-0.051897115152884477,6707405,NC
-0.03190710999083593,6707406,NC
-0.011917104908486267,6707407,NC
-0.031927099905577995,6707408,NC
-0.046937094981853486,6707409,NC
-0.04694709013705526,6707410,NC
-0.026957085370925685,6707411,NC
0.003032919316792737,6707412,NC
0.008022923926357598,6707413,NC
-0.00198707154197351,6707414,NC
-0.016997067087943074,6707415,NC
-0.03700706271129347,6707416,NC
-0.0270170584117672,6707417,NC
-0.002027054189106566,6707418,NC
0.02796294995694585,6707419,NC
0.03295295402664779,6707420,NC
0.03294295802025666,6707421,NC
0.03793296193803016,6707422,NC
0.03792296578022587,6707423,NC
0.04791296954710133,6707424,NC
0.06290297323891417,6707425,NC
0.07289297685592193,6707426,NC
0.057882980398382244,6707427,NC
0.047872983866552664,6707428,NC
0.03286298726069084,6707429,NC
0.02285299058105431,6707430,NC
0.01784299382790072,6707431,NC
-0.002167002998512369,6707432,NC
-0.04717699989792734,6707433,NC
-0.05218699687008655,6707434,NC
-0.06219699391473246,6707435,NC
-0.0522069910316074,6707436,NC
-0.04721698822045381,6707437,NC
-0.03722698548101403,6707438,NC
-0.0422369828130305,6707439,NC
-0.07224698021624555,6707440,NC
-0.07225697769040162,6707441,NC
-0.05726697523524107,6707442,NC
-0.03727697285050623,6707443,NC
-0.02228697053593955,6707444,NC
-0.052296968291283344,6707445,NC
-0.06730696611628004,6707446,NC
-0.08731696401067195,6707447,NC
-0.09732696197420151,6707448,NC
-0.09733696000661103,6707449,NC
-0.08734695810764292,6707450,NC
-0.07735695627703952,6707451,NC
-0.08736695451454321,6707452,NC
-0.09237695281989637,6707453,NC
-0.09238695119284125,6707454,NC
-0.07739694963312038,6707455,NC
-0.08240694814047593,6707456,NC
-0.10241694671465043,6707457,NC
-0.1174269453553861,6707458,NC
-0.10243694406242536,6707459,NC
-0.09244694283551053,6707460,NC
-0.08245694167438399,6707461,NC
-0.09246694057878806,6707462,NC
-0.09747693954846505,6707463,NC
-0.10748693858315737,6707464,NC
-0.09749693768260732,6707465,NC
-0.08750693684655725,6707466,NC
-0.07751693607474949,6707467,NC
-0.0875269353669264,6707468,NC
-0.10253693472283028,6707469,NC
-0.10254693414220349,6707470,NC
-0.10255693362478832,6707471,NC
-0.08756693317032717,6707472,NC
-0.07257693277856232,6707473,NC
-0.07258693244923607,6707474,NC
-0.09759693218209083,6707475,NC
-0.11760693197686879,6707476,NC
-0.10261693183331241,6707477,NC
-0.08762693175116391,6707478,NC
-0.06763693173016569,6707479,NC
-0.05764693177005998,6707480,NC
-0.07265693187058916,6707481,NC
-0.09766693203149554,6707482,NC
-0.08767693225252136,6707483,NC
-0.08768693253340903,6707484,NC
-0.07769693287390078,6707485,NC
-0.07770693327373898,6707486,NC
-0.10771693373266586,6707487,NC
-0.1277269342504238,6707488,NC
-0.08273693482675505,6707489,NC
-0.04774693546140195,6707490,NC
-0.007756936154106747,6707491,NC
0.017233063095388197,6707492,NC
0.032223062287340586,6707493,NC
0.06721306142200821,6707494,NC
0.1422030604996487,6707495,NC
0.22719305952051982,6707496,NC
0.3071830584848792,6707497,NC
0.3571730573929846,6707498,NC
0.35716305624509376,6707499,NC
0.3421530550414644,6707500,NC
0.3021430537823541,6707501,NC
0.26213305246802077,6707502,NC
0.19212305109872196,6707503,NC
0.11711304967471547,6707504,NC
0.08210304819625905,6707505,NC
0.09709304666361035,6707506,NC
0.20208304507702718,6707507,NC
0.33207304343676713,6707508,NC
0.47706304174308806,6707509,NC
0.6020530399962476,6707510,NC
0.6720430381965037,6707511,NC
0.7070330363441137,6707512,NC
0.7420230344393357,6707513,L
0.7170130324824272,6707514,NC
0.657003030473646,6707515,NC
0.50699302841325,6707516,NC
0.35698302630149664,6707517,NC
0.2069730241386439,6707518,NC
0.10196302192494942,6707519,NC
0.02195301966067095,6707520,NC
-0.05805698265393379,6707521,NC
-0.173066985018607,6707522,NC
-0.288076987433091,6707523,NC
-0.383086989897128,6707524,NC
-0.43809699241046024,6707525,NC
-0.42310699497283005,6707526,NC
-0.4181169975839795,6707527,NC
-0.4081270002436511,6707528,NC
-0.3831370029515869,6707529,NC
-0.3531470057075292,6707530,NC
-0.2881570085112202,6707531,NC
-0.23816701136240234,6707532,NC
-0.19817701426081766,6707533,NC
-0.16818701720620838,6707534,NC
-0.16819702019831687,6707535,NC
-0.17820702323688525,6707536,NC
-0.1732170263216559,6707537,NC
-0.16822702945237095,6707538,NC
-0.16323703262877265,6707539,NC
-0.16324703585060324,6707540,NC
-0.15825703911760497,6707541,NC
-0.16326704242952006,6707542,NC
-0.15327704578609075,6707543,NC
-0.12828704918705927,6707544,NC
-0.0982970526321678,6707545,NC
-0.11330705612115863,6707546,NC
-0.10831705965377394,6707547,NC
-0.10832706322975601,6707548,NC
-0.133337066848847,6707549,NC
-0.10834707051078918,6707550,NC
-0.11335707421532473,6707551,NC
-0.11336707796219593,6707552,NC
-0.12837708175114496,6707553,NC
-0.128387085581914,6707554,NC
-0.12339708945424534,6707555,NC
-0.10840709336788114,6707556,NC
-0.08341709732256367,6707557,NC
-0.08842710131803508,6707558,NC
-0.08343710535403764,6707559,NC
-0.07844710943031351,6707560,NC
-0.05845711354660496,6707561,NC
-0.043467117702654136,6707562,NC
-0.013477121898203308,6707563,NC
-0.013487126132994652,6707564,NC
-0.02349713040677035,6707565,NC
-0.03350713471927266,6707566,NC
-0.03851713907024373,6707567,NC
-0.03852714345942586,6707568,NC
-0.02853714788656109,6707569,NC
-0.033547152351391815,6707570,NC
-0.03855715685366004,6707571,NC
-0.023567161393108157,6707572,NC
0.006422834030521759,6707573,NC
0.02641282941748751,6707574,NC
0.06640282476804683,6707575,NC
0.0713928200824576,6707576,NC
0.09638281536097756,6707577,NC
0.09137281060386457,6707578,NC
0.09636280581137638,6707579,NC
0.11135280098377086,6707580,NC
0.12134279612130575,6707581,NC
0.13633279122423894,6707582,NC
0.12132278629282814,6707583,NC
0.12631278132733126,6707584,NC
0.13130277632800605,6707585,NC
0.17129277129511036,6707586,NC
0.20128276622890198,6707587,NC
0.21627276112963872,6707588,NC
0.22626275599757845,6707589,NC
0.22125275083297888,6707590,NC
0.22124274563609794,6707591,NC
0.27123274040719336,6707592,NC
0.281222735146523,6707593,NC
0.27621272985434475,6707594,NC
0.27620272453091627,6707595,NC
0.26619271917649556,6707596,NC
0.29618271379134026,6707597,NC
0.3211727083757083,6707598,NC
0.33116270292985756,6707599,NC
0.33615269745404575,6707600,NC
0.33114269194853074,6707601,NC
0.31613268641357034,6707602,NC
0.3111226808494224,6707603,NC
0.31111267525634473,6707604,NC
0.2961026696345952,6707605,NC
0.2660926639844316,6707606,NC
0.24608265830611178,6707607,NC
0.2160726525998935,6707608,NC
0.18106264686603474,6707609,NC
0.14605264110479313,6707610,NC
0.1260426353164267,6707611,NC
0.08103262950119318,6707612,NC
0.0660226236593504,6707613,NC
0.021012617791156245,6707614,NC
0.016002611896868496,6707615,NC
0.020992605976745047,6707616,NC
0.02098260003104367,6707617,NC
0.005972594060022269,6707618,NC
-0.02903741193606138,6707619,NC
-0.049047417956949384,6707620,NC
-0.06405742400238396,6707621,NC
-0.06906743007210721,6707622,NC
-0.05907743616586133,6707623,NC
-0.04908744228338849,6707624,NC
-0.06409744842443078,6707625,NC
-0.07410745458873044,6707626,NC
-0.07911746077602957,6707627,NC
-0.06912746698607039,6707628,NC
-0.06413747321859496,6707629,NC
-0.07914747947334552,6707630,NC
-0.08415748575006418,6707631,NC
-0.09416749204849312,6707632,NC
-0.08917749836837448,6707633,NC
-0.08918750470945039,6707634,NC
-0.09919751107146306,6707635,NC
-0.12420751745415458,6707636,NC
-0.12921752385726715,6707637,NC
-0.13922753028054288,6707638,NC
-0.10923753672372395,6707639,NC
-0.11424754318655249,6707640,NC
-0.10425754966877067,6707641,NC
-0.1092675561701206,6707642,NC
-0.1392775626903445,6707643,NC
-0.1342875692291845,6707644,NC
-0.13929757578638263,6707645,NC
-0.14430758236168117,6707646,NC
-0.12931758895482223,6707647,NC
-0.13932759556554797,6707648,NC
-0.13933760219360047,6707649,NC
-0.14434760883872194,6707650,NC
-0.14435761550065448,6707651,NC
-0.1293676221791403,6707652,NC
-0.10937762887392147,6707653,NC
-0.11438763558474019,6707654,NC
-0.09939764231133857,6707655,NC
-0.12440764905345873,6707656,NC
-0.11441765581084289,6707657,NC
-0.1294276625832331,6707658,NC
-0.13443766937037158,6707659,NC
-0.1144476761720004,6707660,NC
-0.12445768298786176,6707661,NC
-0.15446768981769776,6707662,NC
-0.1394776966612506,6707663,NC
-0.11448770351826235,6707664,NC
-0.11449771038847516,6707665,NC
-0.1145077172716312,6707666,NC
-0.12451772416747257,6707667,NC
-0.13952773107574146,6707668,NC
-0.11453773799617994,6707669,NC
-0.12454774492853023,6707670,NC
-0.11955775187253437,6707671,NC
-0.1295677588279346,6707672,NC
-0.12957776579447297,6707673,NC
-0.14958777277189167,6707674,NC
-0.12959777975993284,6707675,NC
-0.12960778675833853,6707676,NC
-0.11961779376685099,6707677,NC
-0.11962780078521226,6707678,NC
-0.10963780781316457,6707679,NC
-0.11964781485044995,6707680,NC
-0.13465782189681064,6707681,NC
-0.12966782895198867,6707682,NC
-0.14467783601572629,6707683,NC
-0.14968784308776553,6707684,NC
-0.18469785016784857,6707685,NC
-0.21470785725571753,6707686,NC
-0.22471786435111454,6707687,NC
-0.20972787145378174,6707688,NC
-0.18973787856346128,6707689,NC
-0.17474788567989527,6707690,NC
-0.17975789280282584,6707691,NC
-0.17976789993199516,6707692,NC
-0.2047779070671453,6707693,NC
-0.19478791420801847,6707694,NC
-0.18979792135435675,6707695,NC
-0.1748079285059022,6707696,NC
-0.16481793566239714,6707697,NC
-0.15482794282358353,6707698,NC
-0.1598379499892036,6707699,NC
-0.14984795715899937,6707700,NC
-0.1448579643327131,6707701,NC
-0.13986797151008687,6707702,NC
-0.15487797869086278,6707703,NC
-0.15488798587478303,6707704,NC
-0.12989799306158967,6707705,NC
-0.10990800025102489,6707706,NC
-0.07991800744283077,6707707,NC
-0.05992801463674949,6707708,NC
-0.054938021832523144,6707709,NC
-0.0599480290298939,6707710,NC
-0.06495803622860384,6707711,NC
-0.08996804342839515,6707712,NC
-0.09497805062900991,6707713,NC
-0.1349880578301903,6707714,NC
-0.1749980650316784,6707715,NC
-0.18000807223321633,6707716,NC
-0.18001807943454629,6707717,NC
-0.16002808663541035,6707718,NC
-0.1450380938355507,6707719,NC
-0.1500481010347094,6707720,NC
-0.15005810823262863,6707721,NC
-0.17006811542905048,6707722,NC
-0.1750781226237171,6707723,NC
-0.18008812981637068,6707724,NC
-0.17509813700675322,6707725,NC
-0.18010814419460697,6707726,NC
-0.175118151379674,6707727,NC
-0.18512815856169645,6707728,NC
-0.17513816574041643,6707729,NC
-0.18514817291557614,6707730,NC
-0.20515818008691764,6707731,NC
-0.2451681872541831,6707732,NC
-0.27017819441711466,6707733,NC
-0.2651882015754544,6707734,NC
-0.2301982087289445,6707735,NC
-0.21520821587732702,6707736,NC
-0.19521822302034422,6707737,NC
-0.1902282301577381,6707738,NC
-0.2002382372892509,6707739,NC
-0.21524824441462465,6707740,NC
-0.22025825153360154,6707741,NC
-0.2152682586459237,6707742,NC
-0.20027826575133328,6707743,NC
-0.1952882728495724,6707744,NC
-0.19529827994038312,6707745,NC
-0.20530828702350767,6707746,NC
-0.23031829409868815,6707747,NC
-0.24532830116566667,6707748,NC
-0.2653383082241854,6707749,NC
-0.2803483152739865,6707750,NC
-0.275358322314812,6707751,NC
-0.2853683293464041,6707752,NC
-0.255378336368505,6707753,NC
-0.2603883433808567,6707754,NC
-0.23539835038320142,6707755,NC
-0.24540835737528127,6707756,NC
-0.26541836435683847,6707757,NC
-0.255428371327615,6707758,NC
-0.20543837828735306,6707759,NC
-0.1404483852357948,6707760,NC
-0.10045839217268243,6707761,NC
-0.11046839909775796,6707762,NC
-0.1504784060107636,6707763,NC
-0.20048841291144148,6707764,NC
-0.2604984197995337,6707765,NC
-0.2755084266747825,6707766,NC
-0.2955184335369298,6707767,NC
-0.340528440385718,6707768,NC
-0.350538447220889,6707769,NC
-0.3455484540421852,6707770,NC
-0.3105584608493485,6707771,NC
-0.25056846764212126,6707772,NC
-0.2205784744202454,6707773,NC
-0.23058848118346323,6707774,NC
-0.2255984879315168,6707775,NC
-0.22060849466414825,6707776,NC
-0.22061850138109979,6707777,NC
-0.2006285080821135,6707778,NC
-0.15063851476693152,6707779,NC
-0.12564852143529603,6707780,NC
-0.10065852808694921,6707781,NC
-0.060668534721633104,6707782,NC
0.004321458660910056,6707783,NC
0.09431145206093816,6707784,NC
0.17930144547870908,6707785,NC
0.23429143891448062,6707786,NC
0.24928143236851072,6707787,NC
0.23427142584105712,6707788,NC
0.21926141933237778,6707789,NC
0.18925141284273048,6707790,NC
0.1242414063723731,6707791,NC
0.02423139992156347,6707792,NC
-0.06577860650944052,6707793,NC
-0.10578861292038108,6707794,NC
-0.07579861931100035,6707795,NC
0.029191374318959632,6707796,NC
0.14418136796975653,6707797,NC
0.2641713616416484,6707798,NC
0.36916135533489286,6707799,NC
0.44915134904974796,6707800,NC
0.5341413427864714,6707801,NC
0.5791313365453211,6707802,L
0.549121330326555,6707803,NC
0.4291113241304307,6707804,NC
0.2741013179572062,6707805,NC
0.09909131180713933,6707806,NC
-0.03591869431951206,6707807,NC
-0.11092870042249015,6707808,NC
-0.1409387065015371,6707809,NC
-0.18094871255639502,6707810,NC
-0.22595871858680613,6707811,NC
-0.28596872459251255,6707812,NC
-0.35097873057325646,6707813,NC
-0.3959887365287801,6707814,NC
-0.4159987424588255,6707815,NC
-0.43600874836313486,6707816,NC
-0.4260187542414504,6707817,NC
-0.4310287600935142,6707818,NC
-0.40103876591906856,6707819,NC
-0.37604877171785545,6707820,NC
-0.3260587774896172,6707821,NC
-0.3210687832340959,6707822,NC
-0.29107878895103373,6707823,NC
-0.28608879464017284,6707824,NC
-0.2560988003012555,6707825,NC
-0.21610880593402376,6707826,NC
-0.17611881153821982,6707827,NC
-0.19612881711358593,6707828,NC
-0.24613882265986411,6707829,NC
-0.3211488281767967,6707830,NC
-0.3561588336641257,6707831,NC
-0.3361688391215935,6707832,NC
-0.30117884454894206,6707833,NC
-0.27118884994591375,6707834,NC
-0.25119885531225056,6707835,NC
-0.23620886064769478,6707836,NC
-0.2312188659519886,6707837,NC
-0.2312288712248741,6707838,NC
-0.24123887646609352,6707839,NC
-0.25624888167538906,6707840,NC
-0.28125888685250294,6707841,NC
-0.2812688919971772,6707842,NC
-0.27627889710915415,6707843,NC
-0.2662889021881759,6707844,NC
-0.2262989072339847,6707845,NC
-0.2263089122463227,6707846,NC
-0.25131891722493205,6707847,NC
-0.22632892216955505,6707848,NC
-0.22633892707993375,6707849,NC
-0.21634893195581045,6707850,NC
-0.20635893679692727,6707851,NC
-0.21136894160302644,6707852,NC
-0.2163789463738501,6707853,NC
-0.22138895110914056,6707854,NC
-0.2013989558086399,6707855,NC
-0.1814089604720903,6707856,NC
-0.16641896509923407,6707857,NC
-0.1664289696898133,6707858,NC
-0.15643897424357026,6707859,NC
-0.16644897876024708,6707860,NC
-0.16645898323958602,6707861,NC
-0.13646898768132926,6707862,NC
-0.11147899208521898,6707863,NC
-0.1114889964509974,6707864,NC
-0.12149900077840674,6707865,NC
-0.1015090050671892,6707866,NC
-0.09651900931708693,6707867,NC
-0.06652901352784221,6707868,NC
-0.0415390176991972,6707869,NC
-0.036549021830894146,6707870,NC
-0.03655902592267521,6707871,NC
-0.031569029974282674,6707872,NC
-0.02157903398545863,6707873,NC
-0.0015890379559454439,6707874,NC
0.028400958114514777,6707875,NC
0.05339095422617982,6707876,NC
0.05338095037930742,6707877,NC
0.0633709465741554,6707878,NC
0.0733609428109815,6707879,NC
0.09835093909004357,6707880,NC
0.1133409354115993,6707881,NC
0.14333093177590653,6707882,NC
0.13832092818322303,6707883,NC
0.1383109246338066,6707884,NC
0.1583009211279149,6707885,NC
0.18329091766580585,6707886,NC
0.20828091424773715,6707887,NC
0.22327091087396658,6707888,NC
0.22326090754475195,6707889,NC
0.23325090426035094,6707890,NC
0.23824090102102144,6707891,NC
0.26323089782702114,6707892,NC
0.2632208946786078,6707893,NC
0.2732108915760392,6707894,NC
0.26820088851957313,6707895,NC
0.26819088550946735,6707896,NC
0.25318088254597954,6707897,NC
0.24817087962936757,6707898,NC
0.27816087675988915,6707899,NC
0.24815087393780205,6707900,NC
0.218140871163364,6707901,NC
0.20813086843683282,6707902,NC
0.15312086575846617,6707903,NC
0.1481108631285219,6707904,NC
0.14310086054725765,6707905,NC
0.10309085801493129,6707906,NC
0.0730808555318005,6707907,NC
0.04807085309812305,6707908,NC
0.028060850714156694,6707909,NC
0.02805084838015911,6707910,NC
0.01304084609638818,6707911,NC
0.008030843863101484,6707912,NC
-0.026979158319443076,6707913,NC
-0.046989160450987916,6707914,NC
-0.0519991625312752,6707915,NC
-0.05200916456004718,6707916,NC
-0.05201916653704617,6707917,NC
-0.0670291684620144,6707918,NC
-0.08703917033469416,6707919,NC
-0.10704917215482769,6707920,NC
-0.11705917392215731,6707921,NC
-0.1070691756364252,6707922,NC
-0.10207917729737376,6707923,NC
-0.10208917890474514,6707924,NC
-0.1020991804582817,6707925,NC
-0.13210918195772567,6707926,NC
-0.14211918340281932,6707927,NC
-0.12712918479330496,6707928,NC
-0.12213918612892484,6707929,NC
-0.1271491874094213,6707930,NC
-0.13715918863453655,6707931,NC
-0.1571691898040129,6707932,NC
-0.15217919091759263,6707933,NC
-0.12218919197501807,6707934,NC
-0.09719919297603148,6707935,NC
-0.11220919392037512,6707936,NC
-0.11721919480779133,6707937,NC
-0.14722919563802234,6707938,NC
-0.1472391964108105,6707939,NC
-0.1322491971258981,6707940,NC
-0.10725919778302746,6707941,NC
-0.1172691983819408,6707942,NC
-0.1222791989223805,6707943,NC
-0.1372891994040888,6707944,NC
-0.14229919982680805,6707945,NC
-0.11730920019028057,6707946,NC
-0.09731920049424854,6707947,NC
-0.09232920073845445,6707948,NC
-0.09733920092264045,6707949,NC
-0.112349201046549,6707950,NC
-0.10235920110992228,6707951,NC
-0.10236920111250267,6707952,NC
-0.09737920105403246,6707953,NC
-0.112389200934254,6707954,NC
-0.14239920075290957,6707955,NC
-0.14740920050974152,6707956,NC
-0.12741920020449218,6707957,NC
-0.12242919983690383,6707958,NC
-0.09243919940671884,6707959,NC
-0.09244919891367949,6707960,NC
-0.11745919835752817,6707961,NC
-0.13246919773800714,6707962,NC
-0.1274791970548588,6707963,NC
-0.09748919630782543,6707964,NC
-0.0774991954966494,6707965,NC
-0.09750919462107305,6707966,NC
-0.10751919368083865,6707967,NC
-0.12252919267568864,6707968,NC
-0.12753919160536528,6707969,NC
-0.11254919046961097,6707970,NC
-0.10255918926816801,6707971,NC
-0.10256918800077879,6707972,NC
-0.10757918666718559,6707973,NC
-0.11758918526713087,6707974,NC
-0.11259918380035687,6707975,NC
-0.11260918226660602,6707976,NC
-0.08761918066562065,6707977,NC
-0.09762917899714307,6707978,NC
-0.09263917726091574,6707979,NC
-0.11264917545668092,6707980,NC
-0.10765917358418103,6707981,NC
-0.09266917164315841,6707982,NC
-0.07767916963335546,6707983,NC
-0.09268916755451448,6707984,NC
-0.08769916540637794,6707985,NC
-0.10770916318868815,6707986,NC
-0.11771916090118745,6707987,NC
-0.11272915854361826,6707988,NC
-0.09273915611572292,6707989,NC
-0.09774915361724389,6707990,NC
-0.10275915104792345,6707991,NC
-0.11276914840750404,6707992,NC
-0.11777914569572802,6707993,NC
-0.10778914291233781,6707994,NC
-0.09279914005707575,6707995,NC
-0.10280913712968429,6707996,NC
-0.11281913412990575,6707997,NC
-0.12782913105748256,6707998,NC
-0.12283912791215712,6707999,NC
-0.10284912469367181,6708000,NC
-0.07285912140176908,6708001,NC
-0.07286911803619123,6708002,NC
-0.06787911459668075,6708003,NC
-0.07288911108298,6708004,NC
-0.06289910749483142,6708005,NC
-0.05290910383197741,6708006,NC
-0.042919100094160334,6708007,NC
-0.04792909628112267,6708008,NC
-0.052939092392606774,6708009,NC
-0.05794908842835512,6708010,NC
-0.04795908438811006,6708011,NC
-0.027969080271614086,6708012,NC
-0.007979076078609551,6708013,NC
-0.007989071808838939,6708014,NC
-0.007999067462044622,6708015,NC
-0.013009063037969079,6708016,NC
-0.023019058536354716,6708017,NC
-0.013029053956943933,6708018,NC
-0.003039049299479222,6708019,NC
-0.023049044563702964,6708020,NC
-0.03305903974935765,6708021,NC
-0.04306903485618566,6708022,NC
-0.05307902988392951,6708023,NC
-0.038089024832331564,6708024,NC
-0.028099019701134365,6708025,NC
-0.033109014490080274,6708026,NC
-0.06311900919891174,6708027,NC
-0.07312900382737128,6708028,NC
-0.08813899837520128,6708029,NC
-0.07814899284214424,6708030,NC
-0.058158987227942605,6708031,NC
-0.06316898153233885,6708032,NC
-0.08817897575507541,6708033,NC
-0.09318896989589479,6708034,NC
-0.0881989639545394,6708035,NC
-0.07320895793075177,6708036,NC
-0.07321895182427435,6708037,NC
-0.07322894563484955,6708038,NC
-0.08823893936221995,6708039,NC
-0.09324893300612792,6708040,NC
-0.11825892656631606,6708041,NC
-0.12826892004252674,6708042,NC
-0.13327891343450254,6708043,NC
-0.12828890674198584,6708044,NC
-0.14329889996471926,6708045,NC
-0.13330889310244518,6708046,NC
-0.12331888615490609,6708047,NC
-0.11832887912184457,6708048,NC
-0.11333887200300305,6708049,NC
-0.12834886479812407,6708050,NC
-0.14835885750695008,6708051,NC
-0.15836885012922364,6708052,NC
-0.16837884266468722,6708053,NC
-0.14838883511308334,6708054,NC
-0.13339882747415452,6708055,NC
-0.12340881974764324,6708056,NC
-0.12841881193329208,6708057,NC
-0.15342880403084344,6708058,NC
-0.15343879604004,6708059,NC
-0.13844878796062413,6708060,NC
-0.11845877979233849,6708061,NC
-0.12846877153492542,6708062,NC
-0.13847876318812768,6708063,NC
-0.1634887547516876,6708064,NC
-0.15849874622534785,6708065,NC
-0.1285087376088509,6708066,NC
-0.11351872890193929,6708067,NC
-0.11852872010435558,6708068,NC
-0.1435387112158423,6708069,NC
-0.14854870223614197,6708070,NC
-0.1385586931649972,6708071,NC
-0.1335686840021505,6708072,NC
-0.1135786747473444,6708073,NC
-0.12858866540032152,6708074,NC
-0.13859865596082435,6708075,NC
-0.1436086464285955,6708076,NC
-0.1436186368033775,6708077,NC
-0.13362862708491288,6708078,NC
-0.12363861727294428,6708079,NC
-0.13864860736721424,6708080,NC
-0.1486585973674653,6708081,NC
-0.15366858727344007,6708082,NC
-0.14367857708488116,6708083,NC
-0.12868856680153104,6708084,NC
-0.0986985564231324,6708085,NC
-0.09370854594942778,6708086,NC
-0.08371853538015973,6708087,NC
-0.0787285247150709,6708088,NC
-0.05873851395390382,6708089,NC
-0.018748503096401154,6708090,NC
0.016241507857694574,6708091,NC
0.0562315189086407,6708092,NC
0.1062215300566947,6708093,NC
0.1512115413021139,6708094,NC
0.19620155264515574,6708095,NC
0.2661915640860776,6708096,NC
0.29618157562513675,6708097,NC
0.27617158726259083,6708098,NC
0.236161598998697,6708099,NC
0.18115161083371278,6708100,NC
0.11114162276789546,6708101,NC
0.031131634801502515,6708102,NC
-0.0038783530652088285,6708103,NC
-0.04388834083198106,6708104,NC
-0.03389832849855688,6708105,NC
0.021091683935321112,6708106,NC
0.11108169646991024,6708107,NC
0.21107170910546788,6708108,NC
0.31606172184225145,6708109,NC
0.37605173468051817,6708110,NC
0.45104174762052557,6708111,NC
0.48103176066253084,6708112,NC
0.4760217738067914,6708113,NC
0.44601178705356465,6708114,L
0.3710018004031078,6708115,NC
0.27599181385567834,6708116,NC
0.17098182741153345,6708117,NC
0.07597184107093063,6708118,NC
0.020961854834127085,6708119,NC
-0.02404813129861979,6708120,NC
-0.06905811732705272,6708121,NC
-0.1290681032509143,6708122,NC
-0.1840780890699473,6708123,NC
-0.25408807478389434,6708124,NC
-0.31409806039249816,6708125,NC
-0.33910804589550136,6708126,NC
-0.3591180312926467,6708127,NC
-0.39912801658367686,6708128,NC
-0.37913800176833445,6708129,NC
-0.38414798684636237,6708130,NC
-0.3541579718175031,6708131,NC
-0.31916795668149944,6708132,NC
-0.2891779414380941,6708133,NC
-0.24418792608702983,6708134,NC
-0.26419791062804926,6708135,NC
-0.24920789506089513,6708136,NC
-0.2492178793853102,6708137,NC
-0.23922786360103707,6708138,NC
-0.22423784770781865,6708139,NC
-0.21424783170539746,6708140,NC
-0.2092578155935164,6708141,NC
-0.2192677993719181,6708142,NC
-0.22427778304034532,6708143,NC
-0.21428776659854076,6708144,NC
-0.19429775004624728,6708145,NC
-0.19430773338320748,6708146,NC
-0.2193177166091642,6708147,NC
-0.23432769972386017,6708148,NC
-0.25433768272703805,6708149,NC
-0.23934766561844073,6708150,NC
-0.2293576483978109,6708151,NC
-0.2243676310648913,6708152,NC
-0.2143776136194247,6708153,NC
-0.21938759606115393,6708154,NC
-0.2243975783898217,6708155,NC
-0.21440756060517077,6708156,NC
-0.20441754270694398,6708157,NC
-0.209427524694884,6708158,NC
-0.22443750656873374,6708159,NC
-0.23944748832823584,6708160,NC
-0.21945746997313323,6708161,NC
-0.19446745150316858,6708162,NC
-0.18947743291808475,6708163,NC
-0.1844874142176245,6708164,NC
-0.17949739540153067,6708165,NC
-0.17450737646954603,6708166,NC
-0.1745173574214134,6708167,NC
-0.14952733825687553,6708168,NC
-0.14453731897567532,6708169,NC
-0.13954729957755552,6708170,NC
-0.12955728006225894,6708171,NC
-0.12456726042952844,6708172,NC
-0.11457724067910681,6708173,NC
-0.09458722081073691,6708174,NC
-0.09959720082416153,6708175,NC
-0.08460718071912356,6708176,NC
-0.06961716049536575,6708177,NC
-0.06962714015263095,6708178,NC
-0.06463711969066206,6708179,NC
-0.044647099109201865,6708180,NC
-0.04465707840799326,6708181,NC
-0.02466705758677904,6708182,NC
-0.019677036645302116,6708183,NC
-0.019687015583305285,6708184,NC
-0.01969699440053146,6708185,NC
0.010293026903276548,6708186,NC
0.035283048328375824,6708187,NC
0.045273069875023525,6708188,NC
0.055263091543476806,6708189,NC
0.06525311333399275,6708190,NC
0.06524313524682851,6708191,NC
0.07523315728224117,6708192,NC
0.1052231794404879,6708193,NC
0.12021320172182576,6708194,NC
0.13020322412651192,6708195,NC
0.11519324665480338,6708196,NC
0.13018326930695737,6708197,NC
0.1401732920832309,6708198,NC
0.1801633149838811,6708199,NC
0.19015333800916512,6708200,NC
0.17514336115933993,6708201,NC
0.18013338443466276,6708202,NC
0.18512340783539055,6708203,NC
0.20511343136178048,6708204,NC
0.2201034550140896,6708205,NC
0.220093478792575,6708206,NC
0.2200835026974937,6708207,NC
0.2150735267291028,6708208,NC
0.21506355088765938,6708209,NC
0.21505357517342047,6708210,NC
0.22004359958664318,6708211,NC
0.2100336241275845,6708212,NC
0.19502364879650158,6708213,NC
0.1700136735936513,6708214,NC
0.1550036985192909,6708215,NC
0.13999372357367726,6708216,NC
0.12498374875706754,6708217,NC
0.09997377406971872,6708218,NC
0.06996379951188782,6708219,NC
0.03995382508383191,6708220,NC
0.019943850785807973,6708221,NC
0.009933876618073068,6708222,NC
0.004923902580884168,6708223,NC
-0.005086071325501657,6708224,NC
-0.030096045100827452,6708225,NC
-0.060106018744836155,6708226,NC
-0.0701159922572708,6708227,NC
-0.06512596563787439,6708228,NC
-0.07013593888638987,6708229,NC
-0.08514591200256032,6708230,NC
-0.10515588498612867,6708231,NC
-0.125165857836838,6708232,NC
-0.13017583055443127,6708233,NC
-0.11018580313865158,6708234,NC
-0.10519577558924186,6708235,NC
-0.1052057479059452,6708236,NC
-0.12021572008850459,6708237,NC
-0.14022569213666305,6708238,NC
-0.15023566405016367,6708239,NC
-0.13524563582874946,6708240,NC
-0.13525560747216347,6708241,NC
-0.12026557898014872,6708242,NC
-0.13527555035244831,6708243,NC
-0.15528552158880524,6708244,NC
-0.16529549268896263,6708245,NC
-0.14030546365266347,6708246,NC
-0.12531543447965085,6708247,NC
-0.11532540516966788,6708248,NC
-0.13033537572245754,6708249,NC
-0.13034534613776305,6708250,NC
-0.1303553164153273,6708251,NC
-0.12536528655489354,6708252,NC
-0.12037525655620471,6708253,NC
-0.11038522641900404,6708254,NC
-0.12039519614303452,6708255,NC
-0.12540516572803928,6708256,NC
-0.13541513517376147,6708257,NC
-0.12042510447994409,6708258,NC
-0.09543507364633032,6708259,NC
-0.11544504267266323,6708260,NC
-0.11545501155868598,6708261,NC
-0.13046498030414164,6708262,NC
-0.14047494890877338,6708263,NC
-0.14548491737232427,6708264,NC
-0.11549488569453747,6708265,NC
-0.1155048538751561,6708266,NC
-0.12551482191392332,6708267,NC
-0.14052478981058228,6708268,NC
-0.13053475756487604,6708269,NC
-0.11054472517654784,6708270,NC
-0.09555469264534078,6708271,NC
-0.09056465997099805,6708272,NC
-0.10057462715326275,6708273,NC
-0.1205845941918781,6708274,NC
-0.1305945610865872,6708275,NC
-0.11060452783713332,6708276,NC
-0.09061449444325953,6708277,NC
-0.08062446090470907,6708278,NC
-0.0956344272212251,6708279,NC
-0.1056443933925508,6708280,NC
-0.10565435941842936,6708281,NC
-0.09566432529860394,6708282,NC
-0.07567429103281782,6708283,NC
-0.0756842566208141,6708284,NC
-0.09569422206233605,6708285,NC
-0.09070418735712683,6708286,NC
-0.10571415250492971,6708287,NC
-0.0907241175054879,6708288,NC
-0.07573408235854448,6708289,NC
-0.09074404706384287,6708290,NC
-0.07575401162112615,6708291,NC
-0.0857639760301376,6708292,NC
-0.08577394029062047,6708293,NC
-0.08578390440231798,6708294,NC
-0.07079386836497335,6708295,NC
-0.06580383217832987,6708296,NC
-0.07081379584213074,6708297,NC
-0.08582375935611926,6708298,NC
-0.08083372272003865,6708299,NC
-0.07584368593363218,6708300,NC
-0.05585364899664312,6708301,NC
-0.05086361190881471,6708302,NC
-0.05087357466989027,6708303,NC
-0.055883537279613024,6708304,NC
-0.0658934997377263,6708305,NC
-0.035903462043973336,6708306,NC
-0.030913424198097467,6708307,NC
-0.030923386199841953,6708308,NC
-0.03093334804895007,6708309,NC
-0.04094330974516516,6708310,NC
-0.030953271288230486,6708311,NC
-0.015963232677889395,6708312,NC
0.004026806086114848,6708313,NC
0.004016845004038875,6708314,NC
0.004006884076139424,6708315,NC
0.003996923302673117,6708316,NC
0.02398696268389668,6708317,NC
0.04397700222006674,6708318,NC
0.05896704191143996,6708319,NC
0.05395708175827306,6708320,NC
0.05894712176082264,6708321,NC
0.03893716191934538,6708322,NC
0.04392720223409791,6708323,NC
0.06391724270533691,6708324,NC
0.08890728333331897,6708325,NC
0.09389732411830079,6708326,NC
0.10388736506053893,6708327,NC
0.09387740616029004,6708328,NC
0.11386744741781081,6708329,NC
0.1238574888333578,6708330,NC
0.13384753040718766,6708331,NC
0.14383757213955695,6708332,NC
0.13882761403072236,6708333,NC
0.13381765608094043,6708334,NC
0.12880769829046776,6708335,NC
0.133797740659561,6708336,NC
0.14878778318847666,6708337,NC
0.1487778258774714,6708338,NC
0.1337678687268018,6708339,NC
0.1287579117367244,6708340,NC
0.1337479549074958,6708341,NC
0.13873799823937255,6708342,NC
0.14372804173261125,6708343,NC
0.1337180853874685,6708344,NC
0.11370812920420073,6708345,NC
0.11369817318306463,6708346,NC
0.11368821732431666,6708347,NC
0.12867826162821341,6708348,NC
0.13866830609501143,6708349,NC
0.1386583507249672,6708350,NC
0.12364839551833738,6708351,NC
0.10863844047537836,6708352,NC
0.10862848559634676,6708353,NC
0.11861853088149901,6708354,NC
0.12360857633109174,6708355,NC
0.12859862194538138,6708356,NC
0.09858866772462445,6708357,NC
0.07357871366907748,6708358,NC
0.06356875977899695,6708359,NC
0.08855880605463938,6708360,NC
0.11354885249626123,6708361,NC
0.12353889910411904,6708362,NC
0.11852894587846922,6708363,NC
0.10851899281956832,6708364,NC
0.09850903992767272,6708365,NC
0.10849908720303905,6708366,NC
0.10848913464592358,6708367,NC
0.11347918225658289,6708368,NC
0.07846923003527347,6708369,NC
0.08845927798225167,6708370,NC
0.08844932609777403,6708371,NC
0.09343937438209693,6708372,NC
0.11342942283547684,6708373,NC
0.09841947145817018,6708374,NC
0.09340952025043342,6708375,NC
0.08839956921252291,6708376,NC
0.08338961834469516,6708377,NC
0.09337966764720652,6708378,NC
0.10836971712031344,6708379,NC
0.11835976676427234,6708380,NC
0.08834981657933959,6708381,NC
0.07333986656577163,6708382,NC
0.09832991672382478,6708383,NC
0.09831996705375554,6708384,NC
0.12331001755582022,6708385,NC
0.11330006823027523,6708386,NC
0.09829011907737693,6708387,NC
0.08828017009738172,6708388,NC
0.10327022129054597,6708389,NC
0.098260272657126,6708390,NC
0.11825032419737824,6708391,NC
0.11824037591155899,6708392,NC
0.10823042779992464,6708393,NC
0.09822047986273148,6708394,NC
0.10321053210023594,6708395,NC
0.10820058451269426,6708396,NC
0.10819063710036288,6708397,NC
0.11818068986349801,6708398,NC
0.11817074280235605,6708399,NC
0.12316079591719334,6708400,NC
0.1231508492082661,6708401,NC
0.1581409026758308,6708402,NC
0.17813095632014356,6708403,NC
0.19812101014146083,6708404,NC
0.2131110641400388,6708405,NC
0.23310111831613387,6708406,NC
0.28809117267000217,6708407,NC
0.36308122720190017,6708408,NC
0.4380712819120841,6708409,NC
0.5280613368008101,6708410,NC
0.5780513918683345,6708411,NC
0.6130414471149138,6708412,NC
0.618031502540804,6708413,NC
0.6080215581462612,6708414,NC
0.5630116139315421,6708415,NC
0.4930016698969027,6708416,NC
0.4329917260425992,6708417,NC
0.387981782368888,6708418,NC
0.3779718388760251,6708419,NC
0.4329618955642669,6708420,NC
0.5179519524338696,6708421,NC
0.5879420094850893,6708422,NC
0.6779320667181825,6708423,NC
0.7579221241334051,6708424,NC
0.8429121817310133,6708425,NC
0.9179022395112637,6708426,NC
0.9428922974744121,6708427,NC
0.9028823556207148,6708428,L
0.812872413950428,6708429,NC
0.717862472463808,6708430,NC
0.6328525311611107,6708431,NC
0.5578425900425924,6708432,NC
0.4728326491085095,6708433,NC
0.37782270835911785,6708434,NC
0.2878127677946737,6708435,NC
0.18280282741543324,6708436,NC
0.09779288722165261,6708437,NC
0.022782947213587913,6708438,NC
-0.032226992608504715,6708439,NC
-0.09723693224436902,6708440,NC
-0.14724687169374906,6708441,NC
-0.19225681095638852,6708442,NC
-0.17226675003203146,6708443,NC
-0.12727668892042163,6708444,NC
-0.087286627621303,6708445,NC
-0.0272965661344194,6708446,NC
-0.007306504459514799,6708447,NC
0.012683557403666957,6708448,NC
0.03267361945538191,6708449,NC
0.042663681695886156,6708450,NC
0.05765374412543582,6708451,NC
0.05264380674428691,6708452,NC
0.037633869552695556,6708453,NC
0.022623932550917783,6708454,NC
0.02761399573920969,6708455,NC
0.04760405911782728,6708456,NC
0.06259412268702666,6708457,NC
0.06758418644706382,6708458,NC
0.03757425039819484,6708459,NC
0.03256431454067577,6708460,NC
0.0325543788747626,6708461,NC
0.042544443400711396,6708462,NC
0.08753450811877814,6708463,NC
0.07752457302921888,6708464,NC
0.047514638132289594,6708465,NC
0.01250470342824634,6708466,NC
0.012494768917345063,6708467,NC
0.02248483459984181,6708468,NC
0.03747490047599253,6708469,NC
0.04246496654605322,6708470,NC
0.04245503281027991,6708471,NC
0.0324450992689285,6708472,NC
0.01243516592225503,6708473,NC
0.042425232770515416,6708474,NC
0.06741529981396566,6708475,NC
0.07240536705286167,6708476,NC
0.06739543448745945,6708477,NC
0.062385502118014906,6708478,NC
0.062375569944783965,6708479,NC
0.07736563796802265,6708480,NC
0.1023557061879868,6708481,NC
0.1123457746049324,6708482,NC
0.10233584321911535,6708483,NC
0.11232591203079156,6708484,NC
0.11731598104021695,6708485,NC
0.14230605024764745,6708486,NC
0.1622961196533389,6708487,NC
0.17228618925754724,6708488,NC
0.15727625906052833,6708489,NC
0.14226632906253808,6708490,NC
0.1422563992638324,6708491,NC
0.13724646966466708,6708492,NC
0.16223654026529813,6708493,NC
0.18222661106598126,6708494,NC
0.18721668206697242,6708495,NC
0.1822067532685274,6708496,NC
0.18219682467090215,6708497,NC
0.1721868962743524,6708498,NC
0.21217696807913405,6708499,NC
0.22216704008550298,6708500,NC
0.22215711229371493,6708501,NC
0.19714718470402576,6708502,NC
0.24213725731669128,6708503,NC
0.2671273301319674,6708504,NC
0.2871174031501097,6708505,NC
0.2821074763713742,6708506,NC
0.2970975497960166,6708507,NC
0.30208762342429274,6708508,NC
0.3020776972564584,6708509,NC
0.31206777129276925,6708510,NC
0.34705784553348124,6708511,NC
0.36704791997885,6708512,NC
0.36703799462913145,6708513,NC
0.36202806948458116,6708514,NC
0.377018144545455,6708515,NC
0.4170082198120087,6708516,NC
0.4419982952844981,6708517,NC
0.45698837096317874,6708518,NC
0.4669784468483064,6708519,NC
0.451968522940137,6708520,NC
0.45695859923892607,6708521,NC
0.4819486757449294,6708522,NC
0.4819387524584027,6708523,NC
0.46192882937960167,6708524,NC
0.451918906508782,6708525,NC
0.42190898384619946,6708526,NC
0.40189906139210957,6708527,NC
0.38688913914676826,6708528,NC
0.371879217110431,6708529,NC
0.3618692952833535,6708530,NC
0.31685937366579153,6708531,NC
0.2918494522580007,6708532,NC
0.26683953106023667,6708533,NC
0.25182961007275506,6708534,NC
0.24181968929581157,6708535,NC
0.20680976872966178,6708536,NC
0.18179984837456142,6708537,NC
0.16178992823076604,6708538,NC
0.1617800082985313,6708539,NC
0.16677008857811282,6708540,NC
0.18176016906976622,6708541,NC
0.17675024977374712,6708542,NC
0.1467403306903111,6708543,NC
0.12673041181971376,6708544,NC
0.11172049316221067,6708545,NC
0.1217105747180575,6708546,NC
0.12670065648750975,6708547,NC
0.12169073847082305,6708548,NC
0.10668082066825292,6708549,NC
0.10167090308005497,6708550,NC
0.09166098570648476,6708551,NC
0.08165106854779781,6708552,NC
0.09664115160424973,6708553,NC
0.11163123487609596,6708554,NC
0.09162131836359219,6708555,NC
0.08161140206699379,6708556,NC
0.08160148598655644,6708557,NC
0.0965915701225355,6708558,NC
0.11158165447518661,6708559,NC
0.10657173904476527,6708560,NC
0.08656182383152694,6708561,NC
0.08155190883572715,6708562,NC
0.07654199405762137,6708563,NC
0.0965320794974651,6708564,NC
0.11152216515551383,6708565,NC
0.09651225103202303,6708566,NC
0.10150233712724817,6708567,NC
0.09149242344144473,6708568,NC
0.08648250997486813,6708569,NC
0.09647259672777383,6708570,NC
0.10646268370041737,6708571,NC
0.10645277089305408,6708572,NC
0.10644285830593946,6708573,NC
0.09643294593932888,6708574,NC
0.08142303379347786,6708575,NC
0.09641312186864173,6708576,NC
0.10140321016507599,6708577,NC
0.09639329868303596,6708578,NC
0.09638338742277712,6708579,NC
0.09137347638455481,6708580,NC
0.07636356556862443,6708581,NC
0.07635365497524142,6708582,NC
0.1063437446046611,6708583,NC
0.11133383445713887,6708584,NC
0.0963239245329301,6708585,NC
0.07631401483229017,6708586,NC
0.07130410535547438,6708587,NC
0.08129419610273814,6708588,NC
0.09128428707433675,6708589,NC
0.08627437827052555,6708590,NC
0.06626446969155997,6708591,NC
0.0712545613376952,6708592,NC
0.046244653209186706,6708593,NC
0.06623474530628964,6708594,NC
0.07622483762925951,6708595,NC
0.0862149301783514,6708596,NC
0.08120502295382079,6708597,NC
0.07119511595592287,6708598,NC
0.056185209184913,6708599,NC
0.06617530264104639,6708600,NC
0.07116539632457836,6708601,NC
0.08115549023576418,6708602,NC
0.0811455843748591,6708603,NC
0.06113567874211841,6708604,NC
0.06612577333779729,6708605,NC
0.07611586816215109,6708606,NC
0.06610596321543494,6708607,NC
0.07109605849790418,6708608,NC
0.06608615400981394,6708609,NC
0.056076249751419505,6708610,NC
0.051066345722976095,6708611,NC
0.05605644192473889,6708612,NC
0.06104653835696314,6708613,NC
0.07603663501990397,6708614,NC
0.06602673191381665,6708615,NC
0.031016829038956313,6708616,NC
0.046006926395578185,6708617,NC
0.05099702398393739,6708618,NC
0.07598712180428918,6708619,NC
0.07097721985688861,6708620,NC
0.060967318141990905,6708621,NC
0.04595741665985122,6708622,NC
0.04594751541072467,6708623,NC
0.040937614394866435,6708624,NC
0.0559277136125316,6708625,NC
0.055917813063975336,6708626,NC
0.050907912749452715,6708627,NC
0.05089801266921891,6708628,NC
0.055888112823528985,6708629,NC
0.07587821321263803,6708630,NC
0.10086831383680125,6708631,NC
0.09085841469627359,6708632,NC
0.09084851579131026,6708633,NC
0.07583861712216625,6708634,NC
0.07082871868909668,6708635,NC
0.0708188204923566,6708636,NC
0.10580892253220109,6708637,NC
0.11079902480888516,6708638,NC
0.10078912732266393,6708639,NC
0.09077923007379238,6708640,NC
0.09576933306252555,6708641,NC
0.12575943628911854,6708642,NC
0.13574953975382625,6708643,NC
0.12573964345690386,6708644,NC
0.13572974739860622,6708645,NC
0.12071985157918845,6708646,NC
0.11070995599890548,6708647,NC
0.09570006065801237,6708648,NC
0.09569016555676403,6708649,NC
0.08068027069541549,6708650,NC
0.060670376074221745,6708651,NC
0.04566048169343769,6708652,NC
0.04065058755331838,6708653,NC
0.05564069365411868,6708654,NC
0.05063079999609362,6708655,NC
0.030620906579498085,6708656,NC
0.035611013404587055,6708657,NC
0.03060112047161542,6708658,NC
0.025591227780838156,6708659,NC
0.03058133533251012,6708660,NC
0.04557144312688627,6708661,NC
0.04556155116422152,6708662,NC
0.025551659444770725,6708663,NC
0.00554176796878883,6708664,NC
-0.009468123263469325,6708665,NC
-0.004478014251748807,6708666,NC
0.0005120950042052028,6708667,NC
0.0005022045046476284,6708668,NC
-0.004507685750166746,6708669,NC
-0.01951757575998299,6708670,NC
-0.019527465524546248,6708671,NC
-0.004537355043601727,6708672,NC
0.005452755683105456,6708673,NC
0.005442866655830084,6708674,NC
-0.009567022125172967,6708675,NC
-0.02457691065964893,6708676,NC
-0.029586798947342945,6708677,NC
-0.009596686988000253,6708678,NC
-0.009606574781366006,6708679,NC
-0.014616462327185463,6708680,NC
-0.00962634962520381,6708681,NC
-0.02963623667516624,6708682,NC
-0.03464612347681804,6708683,NC
-0.02465601002990437,6708684,NC
-0.014665896334170543,6708685,NC
-0.029675782389361742,6708686,NC
-0.03468566819522328,6708687,NC
-0.03969555375150035,6708688,NC
-0.029705439057938272,6708689,NC
-0.0297153241142823,6708690,NC
-0.01472520892027768,6708691,NC
-0.029735093475669744,6708692,NC
-0.03474497778020374,6708693,NC
-0.04475486183362501,6708694,NC
-0.0397647456356788,6708695,NC
-0.024774629186110488,6708696,NC
-0.019784512484665326,6708697,NC
-0.014794395531088692,6708698,NC
-0.04480427832512587,6708699,NC
-0.03481416086652223,6708700,NC
-0.03982404315502311,6708701,NC
-0.03983392519037382,6708702,NC
-0.009843806972319768,6708703,NC
0.0001463114993937309,6708704,NC
-0.014863569774978744,6708705,NC
-0.01987345079518251,6708706,NC
-0.024883331560963035,6708707,NC
-0.019893212072065566,6708708,NC
-0.009903092328235663,6708709,NC
-0.004912972329218622,6708710,NC
0.005077147925240154,6708711,NC
0.015067268435395194,6708712,NC
0.025057389201501135,6708713,NC
0.07004751022381248,6708714,NC
0.14003763150258386,6708715,NC
0.2000277530380698,6708716,NC
0.2900178748305249,6708717,NC
0.3700079968802036,6708718,NC
0.44499811918736054,6708719,NC
0.5349882417522502,6708720,NC
0.5799783645751271,6708721,NC
0.5699684876562457,6708722,NC
0.5099586109958608,6708723,NC
0.43494873459422667,6708724,NC
0.38993885845159776,6708725,NC
0.40992898256822863,6708726,NC
0.48491910694437385,6708727,NC
0.5599092315802877,6708728,NC
0.664899356476225,6708729,NC
0.7698894816324399,6708730,NC
0.8748796070491869,6708731,NC
0.9648697327267205,6708732,NC
1.0198598586652952,6708733,NC
0.9998499848651654,6708734,NC
0.9148401113265855,6708735,L
0.8098302380498099,6708736,NC
0.7248203650350932,6708737,NC
0.6648104922826896,6708738,NC
0.6048006197928536,6708739,NC
0.5347907475658397,6708740,NC
0.44478087560190194,6708741,NC
0.33977100390129505,6708742,NC
0.2347611324642733,6708743,NC
0.12975126129109113,6708744,NC
0.04474139038200275,6708745,NC
-0.05526848026273731,6708746,NC
-0.1402783506428749,6708747,NC
-0.20028822075815544,6708748,NC
-0.22029809060832478,6708749,NC
-0.2103079601931285,6708750,NC
-0.1853178295123123,6708751,NC
-0.15532769856562187,6708752,NC
-0.14033756735280287,6708753,NC
-0.14534743587360105,6708754,NC
-0.13535730412776206,6708755,NC
-0.12036717211503165,6708756,NC
-0.11037703983515548,6708757,NC
-0.11038690728787937,6708758,NC
-0.12539677447294895,6708759,NC
-0.15040664139011004,6708760,NC
-0.13041650803910831,6708761,NC
-0.13042637441968957,6708762,NC
-0.10543624053159958,6708763,NC
-0.10544610637458406,6708764,NC
-0.11045597194838883,6708765,NC
-0.13546583725275962,6708766,NC
-0.15047570228744228,6708767,NC
-0.14048556705218251,6708768,NC
-0.11549543154672622,6708769,NC
-0.09550529577081915,6708770,NC
-0.09551515972420714,6708771,NC
-0.10552502340663601,6708772,NC
-0.11553488681785154,6708773,NC
-0.10054474995759966,6708774,NC
-0.07055461282562611,6708775,NC
-0.09056447542167682,6708776,NC
-0.0905743377454976,6708777,NC
-0.11558419979683433,6708778,NC
-0.12559406157543287,6708779,NC
-0.10560392308103914,6708780,NC
-0.07061378431339899,6708781,NC
-0.06062364527225825,6708782,NC
-0.06563350595736295,6708783,NC
-0.07064336636845889,6708784,NC
-0.07565322650529203,6708785,NC
-0.060663086367608254,6708786,NC
-0.045672945955153546,6708787,NC
-0.03568280526767377,6708788,NC
-0.01569266430491494,6708789,NC
-0.03570252306662294,6708790,NC
-0.020712381552543777,6708791,NC
-0.015722239762423394,6708792,NC
0.014267902303992273,6708793,NC
0.01425804464695719,6708794,NC
0.034248187266725426,6708795,NC
0.039238330163550945,6708796,NC
0.04922847333768779,6708797,NC
0.06921861678938991,6708798,NC
0.09420876051891135,6708799,NC
0.10919890452650602,6708800,NC
0.11418904881242795,6708801,NC
0.1241791933769311,6708802,NC
0.1241693382202694,6708803,NC
0.14915948334269685,6708804,NC
0.17914962874446733,6708805,NC
0.17913977442583484,6708806,NC
0.18412992038705325,6708807,NC
0.18412006662837654,6708808,NC
0.18911021315005858,6708809,NC
0.20910035995235332,6708810,NC
0.23909050703551463,6708811,NC
0.25408065439979644,6708812,NC
0.2640708020454526,6708813,NC
0.259060949972737,6708814,NC
0.25905109818190347,6708815,NC
0.2890412466732059,6708816,NC
0.3090313954468983,6708817,NC
0.3190215445032343,6708818,NC
0.32401169384246786,6708819,NC
0.2940018434648527,6708820,NC
0.2789919933706428,6708821,NC
0.2939821435600919,6708822,NC
0.28897229403345387,6708823,NC
0.2739624447909824,6708824,NC
0.2439525958329315,6708825,NC
0.20394274715955474,6708826,NC
0.17393289877110601,6708827,NC
0.16892305066783908,6708828,NC
0.17391320285000772,6708829,NC
0.13890335531786566,6708830,NC
0.1188935080716667,6708831,NC
0.08388366111166455,6708832,NC
0.04387381443811299,6708833,NC
0.04886396805126571,6708834,NC
0.048854121951376485,6708835,NC
0.03884427613869899,6708836,NC
0.03883443061348697,6708837,NC
-0.011175414624005918,6708838,NC
-0.016185259573525918,6708839,NC
-0.016195104234819395,6708840,NC
-0.011204948607632645,6708841,NC
-0.02121479269171197,6708842,NC
-0.031224636486803747,6708843,NC
-0.04623447999265427,6708844,NC
-0.05124432320900994,6708845,NC
-0.05125416613561706,6708846,NC
-0.04126400877222205,6708847,NC
-0.041273851118571216,6708848,NC
-0.04628369317441101,6708849,NC
-0.06129353493948774,6708850,NC
-0.07130337641354786,6708851,NC
-0.06631321759633776,6708852,NC
-0.0513230584876038,6708853,NC
-0.051332899087092466,6708854,NC
-0.061342739394550115,6708855,NC
-0.07135257940972323,6708856,NC
-0.07136241913235822,6708857,NC
-0.07637225856220159,6708858,NC
-0.05638209769899965,6708859,NC
-0.051391936542499045,6708860,NC
-0.06140177509244612,6708861,NC
-0.07641161334858736,6708862,NC
-0.0914214513106693,6708863,NC
-0.07643128897843837,6708864,NC
-0.05144112635164114,6708865,NC
-0.06145096343002404,6708866,NC
-0.06646080021333366,6708867,NC
-0.08147063670131646,6708868,NC
-0.07648047289371901,6708869,NC
-0.0764903087902878,6708870,NC
-0.06150014439076944,6708871,NC
-0.06650997969491045,6708872,NC
-0.08151981470245735,6708873,NC
-0.08152964941315677,6708874,NC
-0.08153948382675524,6708875,NC
-0.07154931794299937,6708876,NC
-0.05155915176163574,6708877,NC
-0.06156898528241096,6708878,NC
-0.06657881850507161,6708879,NC
-0.07658865142936433,6708880,NC
-0.09659848405503572,6708881,NC
-0.09160831638183244,6708882,NC
-0.0816181484095011,6708883,NC
-0.07162798013778832,6708884,NC
-0.07663781156644081,6708885,NC
-0.09164764269520517,6708886,NC
-0.08665747352382812,6708887,NC
-0.0916673040520563,6708888,NC
-0.06667713427963642,6708889,NC
-0.08168696420631515,6708890,NC
-0.0916967938318392,6708891,NC
-0.11170662315595527,6708892,NC
-0.10171645217841004,6708893,NC
-0.09172628089895034,6708894,NC
-0.07673610931732272,6708895,NC
-0.07674593743327413,6708896,NC
-0.08175576524655111,6708897,NC
-0.0967655927569006,6708898,NC
-0.10677541996406917,6708899,NC
-0.10678524686780377,6708900,NC
-0.09679507346785106,6708901,NC
-0.08680489976395786,6708902,NC
-0.08681472575587099,6708903,NC
-0.10182455144333716,6708904,NC
-0.11683437682610329,6708905,NC
-0.10684420190391611,6708906,NC
-0.08685402667652249,6708907,NC
-0.08186385114366924,6708908,NC
-0.10187367530510322,6708909,NC
-0.11688349916057122,6708910,NC
-0.1168933227098202,6708911,NC
-0.10190314595259693,6708912,NC
-0.1019129688886483,6708913,NC
-0.11192279151772122,6708914,NC
-0.12193261383956253,6708915,NC
-0.12194243585391917,6708916,NC
-0.121952257560538,6708917,NC
-0.11696207895916597,6708918,NC
-0.09697190004954997,6708919,NC
-0.10698172083143695,6708920,NC
-0.1119915413045738,6708921,NC
-0.12200136146870752,6708922,NC
-0.14201118132358503,6708923,NC
-0.12202100086895326,6708924,NC
-0.10703082010455924,6708925,NC
-0.10204063903014987,6708926,NC
-0.1020504576454722,6708927,NC
-0.08706027595027317,6708928,NC
-0.08207009394429983,6708929,NC
-0.08207991162729911,6708930,NC
-0.0620897289990181,6708931,NC
-0.05709954605920381,6708932,NC
-0.06210936280760318,6708933,NC
-0.07711917924396339,6708934,NC
-0.07212899536803133,6708935,NC
-0.05713881117955421,6708936,NC
-0.03714862667827898,6708937,NC
-0.037158441863952764,6708938,NC
-0.0371682567363226,6708939,NC
-0.05717807129513562,6708940,NC
-0.04718788554013888,6708941,NC
-0.042197699471079514,6708942,NC
-0.03720751308770463,6708943,NC
-0.0272173263897613,6708944,NC
-0.03722713937699671,6708945,NC
-0.06223695204915795,6708946,NC
-0.0672467644059922,6708947,NC
-0.04725657644724657,6708948,NC
-0.052266388172668266,6708949,NC
-0.06727619958200441,6708950,NC
-0.07728601067500222,6708951,NC
-0.09229582145140887,6708952,NC
-0.1073056319109715,6708953,NC
-0.09231544205343739,6708954,NC
-0.09232525187855367,6708955,NC
-0.10233506138606761,6708956,NC
-0.11734487057572641,6708957,NC
-0.10735467944727735,6708958,NC
-0.13236448800046757,6708959,NC
-0.13237429623504443,6708960,NC
-0.10738410415075512,6708961,NC
-0.11739391174734694,6708962,NC
-0.12740371902456715,6708963,NC
-0.147413525982163,6708964,NC
-0.15242333261988186,6708965,NC
-0.15243313893747093,6708966,NC
-0.15744294493467756,6708967,NC
-0.16245275061124909,6708968,NC
-0.15246255596693284,6708969,NC
-0.16747236100147606,6708970,NC
-0.1574821657146262,6708971,NC
-0.16249197010613062,6708972,NC
-0.16250177417573652,6708973,NC
-0.15751157792319143,6708974,NC
-0.17752138134824264,6708975,NC
-0.18753118445063752,6708976,NC
-0.19254098723012347,6708977,NC
-0.17755078968644797,6708978,NC
-0.16756059181935828,6708979,NC
-0.16757039362860196,6708980,NC
-0.16258019511392632,6708981,NC
-0.18258999627507888,6708982,NC
-0.17759979711180704,6708983,NC
-0.1676095976238582,6708984,NC
-0.1626193978109799,6708985,NC
-0.14762919767291954,6708986,NC
-0.17763899720942464,6708987,NC
-0.18764879642024263,6708988,NC
-0.18765859530512105,6708989,NC
-0.1726683938638074,6708990,NC
-0.16267819209604914,6708991,NC
-0.1626879900015938,6708992,NC
-0.16269778758018894,6708993,NC
-0.18270758483158206,6708994,NC
-0.19771738175552067,6708995,NC
-0.1877271783517524,6708996,NC
-0.17773697462002475,6708997,NC
-0.1627467705600853,6708998,NC
-0.17775656617168162,6708999,NC
-0.18776636145456127,6709000,NC
-0.17777615640847189,6709001,NC
-0.16778595103316105,6709002,NC
-0.16279574532837635,6709003,NC
-0.1578055392938654,6709004,NC
-0.1628153329293759,6709005,NC
-0.14782512623465538,6709006,NC
-0.15283491920945158,6709007,NC
-0.12284471185351202,6709008,NC
-0.1028545041665845,6709009,NC
-0.06786429614841659,6709010,NC
-0.04287408779875605,6709011,NC
0.0021161208826495047,6709012,NC
0.06210632989605239,6709013,NC
0.15209653924170485,6709014,NC
0.2570867489198592,6709015,NC
0.32707695893076777,6709016,NC
0.3720671692746827,6709017,NC
0.3720573799518564,6709018,NC
0.347047590962541,6709019,NC
0.31203780230698885,6709020,NC
0.26702801398545223,6709021,NC
0.23201822599818314,6709022,NC
0.227008438345434,6709023,NC
0.266998651027457,6709024,NC
0.35698886404450425,6709025,NC
0.4719790773968281,6709026,NC
0.6169692910846806,6709027,NC
0.736959505108314,6709028,NC
0.8269497194679803,6709029,NC
0.856939934163932,6709030,NC
0.856930149196421,6709031,NC
0.8369203645656994,6709032,L
0.7619105802720196,6709033,NC
0.6619007963156335,6709034,NC
0.5568910126967932,6709035,NC
0.45188122941575093,6709036,NC
0.36687144647275877,6709037,NC
0.2868616638680687,6709038,NC
0.19685188160193298,6709039,NC
0.08184209967460354,6709040,NC
-0.07316768191366746,6709041,NC
-0.18317746316262806,6709042,NC
-0.27818724407202616,6709043,NC
-0.31819702464160965,6709044,NC
-0.3582068048711266,6709045,NC
-0.368216584760325,6709046,NC
-0.35822636430895277,6709047,NC
-0.3682361435167579,6709048,NC
-0.33824592238348855,6709049,NC
-0.3082557009088924,6709050,NC
-0.28326547909271793,6709051,NC
-0.25327525693471276,6709052,NC
-0.2632850344346252,6709053,NC
-0.25829481159220313,6709054,NC
-0.2583045884071947,6709055,NC
-0.25331436487934794,6709056,NC
-0.24332414100841096,6709057,NC
-0.2233339167941318,6709058,NC
-0.2333436922362586,6709059,NC
-0.2383534673345394,6709060,NC
-0.23836324208872237,6709061,NC
-0.22337301649855562,6709062,NC
-0.22338279056378726,6709063,NC
-0.23339256428416544,6709064,NC
-0.2234023376594383,6709065,NC
-0.233412110689354,6709066,NC
-0.2384218833736607,6709067,NC
-0.21843165571210654,6709068,NC
-0.2034414277044398,6709069,NC
-0.19845119935040856,6709070,NC
-0.21846097064976108,6709071,NC
-0.22347074160224556,6709072,NC
-0.22348051220761023,6709073,NC
-0.20849028246560333,6709074,NC
-0.198500052375973,6709075,NC
-0.1935098219384676,6709076,NC
-0.19351959115283532,6709077,NC
-0.20352936001882446,6709078,NC
-0.19853912853618322,6709079,NC
-0.19354889670465997,6709080,NC
-0.16355866452400294,6709081,NC
-0.1585684319939605,6709082,NC
-0.16357819911428093,6709083,NC
-0.17358796588471243,6709084,NC
-0.1685977323050035,6709085,NC
-0.1586074983749023,6709086,NC
-0.12861726409415739,6709087,NC
-0.1386270294625169,6709088,NC
-0.13363679447972934,6709089,NC
-0.13864655914554302,6709090,NC
-0.13865632345970635,6709091,NC
-0.11366608742196768,6709092,NC
-0.09867585103207546,6709093,NC
-0.06868561428977807,6709094,NC
-0.07369537719482389,6709095,NC
-0.06870513974696141,6709096,NC
-0.06371490194593901,6709097,NC
-0.05872466379150518,6709098,NC
-0.03373442528340833,6709099,NC
-0.02874418642139696,6709100,NC
-0.023753947205219506,6709101,NC
-0.018763707634624482,6709102,NC
-0.008773467709360366,6709103,NC
0.021216772570824383,6709104,NC
0.0562070132061812,6709105,NC
0.0711972541969616,6709106,NC
0.08118749554341703,6709107,NC
0.08117773724579902,6709108,NC
0.09116797930435894,6709109,NC
0.10115822171934831,6709110,NC
0.1311484644910185,6709111,NC
0.141138707619621,6709112,NC
0.14112895110540719,6709113,NC
0.1461191949486285,6709114,NC
0.13110943914953632,6709115,NC
0.17109968370838205,6709116,NC
0.19608992862541708,6709117,NC
0.21108017390089276,6709118,NC
0.22607041953506046,6709119,NC
0.22106066552817152,6709120,NC
0.22605091188047735,6709121,NC
0.2310411585922292,6709122,NC
0.26103140566367844,6709123,NC
0.25602165309507646,6709124,NC
0.2310119008866744,6709125,NC
0.22600214903872368,6709126,NC
0.21099239755147559,6709127,NC
0.1809826464251814,6709128,NC
0.1709728956600923,6709129,NC
0.16096314525645966,6709130,NC
0.15095339521453469,6709131,NC
0.10594364553456863,6709132,NC
0.0759338962168127,6709133,NC
0.06092414726151814,6709134,NC
0.06091439866893619,6709135,NC
0.04090465043931801,6709136,NC
0.015894902572914846,6709137,NC
-0.014114844930022168,6709138,NC
-0.0341245920692418,6709139,NC
-0.039134338844492945,6709140,NC
-0.04414408525552437,6709141,NC
-0.049153831302085005,6709142,NC
-0.07416357698392366,6709143,NC
-0.09417332230078919,6709144,NC
-0.10918306725243052,6709145,NC
-0.10919281183859648,6709146,NC
-0.09920255605903605,6709147,NC
-0.09921229991349804,6709148,NC
-0.11922204340173144,6709149,NC
-0.13923178652348514,6709150,NC
-0.1392415292785081,6709151,NC
-0.14425127166654922,6709152,NC
-0.12426101368735752,6709153,NC
-0.12427075534068192,6709154,NC
-0.1392804966262714,6709155,NC
-0.15929023754387492,6709156,NC
-0.1642999780932415,6709157,NC
-0.16430971827412016,6709158,NC
-0.14431945808625987,6709159,NC
-0.13432919752940967,6709160,NC
-0.13933893660331859,6709161,NC
-0.1543486753077357,6709162,NC
-0.16435841364240997,6709163,NC
-0.14936815160709052,6709164,NC
-0.1443778892015264,6709165,NC
-0.14938762642546666,6709166,NC
-0.14939736327866046,6709167,NC
-0.1644070997608568,6709168,NC
-0.16941683587180487,6709169,NC
-0.15442657161125375,6709170,NC
-0.14943630697895258,6709171,NC
-0.13444604197465046,6709172,NC
-0.1444557765980966,6709173,NC
-0.1644655108490401,6709174,NC
-0.1694752447272301,6709175,NC
-0.16448497823241584,6709176,NC
-0.15949471136434645,6709177,NC
-0.1445044441227712,6709178,NC
-0.15951417650743918,6709179,NC
-0.1595239085180997,6709180,NC
-0.1595336401545019,6709181,NC
-0.15454337141639513,6709182,NC
-0.14455310230352847,6709183,NC
-0.13956283281565127,6709184,NC
-0.1445725629525128,6709185,NC
-0.15458229271386228,6709186,NC
-0.169592022099449,6709187,NC
-0.1496017511090223,6709188,NC
-0.13961147974233143,6709189,NC
-0.13962120799912567,6709190,NC
-0.14963093587915444,6709191,NC
-0.15964066338216693,6709192,NC
-0.17965039050791262,6709193,NC
-0.16966011725614075,6709194,NC
-0.1496698436266007,6709195,NC
-0.1346795696190419,6709196,NC
-0.16468929523321363,6709197,NC
-0.1646990204688654,6709198,NC
-0.16970874532574645,6709199,NC
-0.15471846980360635,6709200,NC
-0.15472819390219433,6709201,NC
-0.15473791762126002,6709202,NC
-0.15474764096055266,6709203,NC
-0.17975736391982186,6709204,NC
-0.184767086498817,6709205,NC
-0.16477680869728747,6709206,NC
-0.15478653051498292,6709207,NC
-0.14979625195165266,6709208,NC
-0.1598059730070463,6709209,NC
-0.16981569368091326,6709210,NC
-0.17982541397300314,6709211,NC
-0.1698351338830654,6709212,NC
-0.15984485341084959,6709213,NC
-0.15985457255610527,6709214,NC
-0.16986429131858197,6709215,NC
-0.18987400969802926,6709216,NC
-0.18488372769419673,6709217,NC
-0.18489344530683394,6709218,NC
-0.16990316253569046,6709219,NC
-0.15991287938051593,6709220,NC
-0.17492259584105999,6709221,NC
-0.1699323119170722,6709222,NC
-0.17994202760830222,6709223,NC
-0.15995174291449968,6709224,NC
-0.1549614578354143,6709225,NC
-0.1499711723707956,6709226,NC
-0.14998088652039337,6709227,NC
-0.15999060028395723,6709228,NC
-0.15000031366123695,6709229,NC
-0.12501002665198213,6709230,NC
-0.10501973925594257,6709231,NC
-0.10502945147286792,6709232,NC
-0.11503916330250798,6709233,NC
-0.12504887474461243,6709234,NC
-0.13505858579893104,6709235,NC
-0.11006829646521364,6709236,NC
-0.10007800674320985,6709237,NC
-0.09008771663266962,6709238,NC
-0.08509742613334259,6709239,NC
-0.0951071352449787,6709240,NC
-0.10511684396732765,6709241,NC
-0.08512655230013934,6709242,NC
-0.08013626024316353,6709243,NC
-0.08514596779615013,6709244,NC
-0.08015567495884897,6709245,NC
-0.10016538173100988,6709246,NC
-0.10017508811238277,6709247,NC
-0.10018479410271747,6709248,NC
-0.10019449970176394,6709249,NC
-0.10020420490927204,6709250,NC
-0.11521390972499171,6709251,NC
-0.13522361414867282,6709252,NC
-0.1552333181800654,6709253,NC
-0.13524302181891928,6709254,NC
-0.13525272506498445,6709255,NC
-0.13526242791801094,6709256,NC
-0.15027213037774861,6709257,NC
-0.16528183244394754,6709258,NC
-0.18029153411635768,6709259,NC
-0.18030123539472903,6709260,NC
-0.16031093627881157,6709261,NC
-0.15032063676835541,6709262,NC
-0.17033033686311053,6709263,NC
-0.20034003656282698,6709264,NC
-0.20034973586725482,6709265,NC
-0.21535943477614408,6709266,NC
-0.19536913328924488,6709267,NC
-0.1803788314063073,6709268,NC
-0.1953885291270814,6709269,NC
-0.21039822645131734,6709270,NC
-0.21040792337876518,6709271,NC
-0.21041761990917507,6709272,NC
-0.20042731604229716,6709273,NC
-0.1954370117778816,6709274,NC
-0.21544670711567845,6709275,NC
-0.21545640205543803,6709276,NC
-0.22046609659691038,6709277,NC
-0.2104757907398458,6709278,NC
-0.2054854844839944,6709279,NC
-0.1904951778291064,6709280,NC
-0.21550487077493208,6709281,NC
-0.21551456332122162,6709282,NC
-0.23052425546772523,6709283,NC
-0.21053394721419322,6709284,NC
-0.21054363856037583,6709285,NC
-0.1905533295060233,6709286,NC
-0.20056302005088594,6709287,NC
-0.20557271019471404,6709288,NC
-0.2155823999372579,6709289,NC
-0.20559208927826778,6709290,NC
-0.19060177821749408,6709291,NC
-0.17061146675468705,6709292,NC
-0.18562115488959716,6709293,NC
-0.20563084262197462,6709294,NC
-0.20564052995156984,6709295,NC
-0.20065021687813323,6709296,NC
-0.17565990340141513,6709297,NC
-0.17566958952116596,6709298,NC
-0.1806792752371361,6709299,NC
-0.20068896054907598,6709300,NC
-0.205698645456736,6709301,NC
-0.1857083299598667,6709302,NC
-0.16571801405821834,6709303,NC
-0.16572769775154153,6709304,NC
-0.16573738103958668,6709305,NC
-0.16074706392210428,6709306,NC
-0.14075674639884483,6709307,NC
-0.12076642846955876,6709308,NC
-0.07577611013399665,6709309,NC
-0.025785791391908987,6709310,NC
0.03920452775695367,6709311,NC
0.09919484731284084,6709312,NC
0.1741851672760019,6709313,NC
0.2541754876466863,6709314,NC
0.3191658084251436,6709315,NC
0.35915612961162297,6709316,NC
0.32914645120637404,6709317,NC
0.26913677320964613,6709318,NC
0.18912709562168864,6709319,NC
0.1341174184427509,6709320,NC
0.12410774167308235,6709321,NC
0.14409806531293226,6709322,NC
0.19908838936255002,6709323,NC
0.27407871382218496,6709324,NC
0.3790690386920864,6709325,NC
0.5240593639725037,6709326,NC
0.659049689663686,6709327,NC
0.7640400157658829,6709328,NC
0.8090303422793433,6709329,NC
0.7990206692043167,6709330,L
0.7290109965410525,6709331,NC
0.6440013242897996,6709332,NC
0.5439916524508075,6709333,NC
0.4289819810243252,6709334,NC
0.3439723100106022,6709335,NC
0.2439626394098875,6709336,NC
0.13895296922243036,6709337,NC
0.02394329944847997,6709338,NC
-0.07106636991171449,6709339,NC
-0.18607603885790389,6709340,NC
-0.281085707389839,6709341,NC
-0.3660953755072708,6709342,NC
-0.42110504320995007,6709343,NC
-0.4211147104976277,6709344,NC
-0.4011243773700546,6709345,NC
-0.37113404382698156,6709346,NC
-0.35114370986815974,6709347,NC
-0.3261533754933398,6709348,NC
-0.29616304070227284,6709349,NC
-0.2811727054947097,6709350,NC
-0.2461823698704014,6709351,NC
-0.2361920338290988,6709352,NC
-0.24620169737055309,6709353,NC
-0.256211360494515,6709354,NC
-0.25122102320073575,6709355,NC
-0.2412306854889662,6709356,NC
-0.24624034735895742,6709357,NC
-0.2362500088104604,6709358,NC
-0.25125966984322623,6709359,NC
-0.25626933045700595,6709360,NC
-0.24127899065155062,6709361,NC
-0.2362886504266113,6709362,NC
-0.21129830978193903,6709363,NC
-0.21630796871728503,6709364,NC
-0.21631762723240028,6709365,NC
-0.2213272853270359,6709366,NC
-0.21133694300094316,6709367,NC
-0.20634660025387302,6709368,NC
-0.18635625708557674,6709369,NC
-0.1863659134958054,6709370,NC
-0.18637556948431025,6709371,NC
-0.19638522505084235,6709372,NC
-0.20139488019515306,6709373,NC
-0.18640453491699346,6709374,NC
-0.15641418921611483,6709375,NC
-0.14642384309226833,6709376,NC
-0.15643349654520522,6709377,NC
-0.16144314957467673,6709378,NC
-0.16645280218043415,6709379,NC
-0.15146245436222877,6709380,NC
-0.1314721061198118,6709381,NC
-0.12148175745293459,6709382,NC
-0.11149140836134838,6709383,NC
-0.10650105884480454,6709384,NC
-0.12151070890305438,6709385,NC
-0.09652035853584919,6709386,NC
-0.0865300077429404,6709387,NC
-0.08153965652407921,6709388,NC
-0.08654930487901719,6709389,NC
-0.0815589528075055,6709390,NC
-0.07156860030929574,6709391,NC
-0.04157824738413913,6709392,NC
-0.021587894031787236,6709393,NC
-0.0015975402519913494,6709394,NC
-0.00660718604450298,6709395,NC
-0.01661683140907355,6709396,NC
0.003373523654545515,6709397,NC
0.003363879146602699,6709398,NC
0.02835423506734658,6709399,NC
0.04834459141702562,6709400,NC
0.05333494819588837,6709401,NC
0.06332530540418327,6709402,NC
0.07331566304215884,6709403,NC
0.0933060211100635,6709404,NC
0.12329637960814577,6709405,NC
0.13328673853665404,6709406,NC
0.13827709789583678,6709407,NC
0.13826745768594245,6709408,NC
0.13825781790721936,6709409,NC
0.168248178559916,6709410,NC
0.1882385396442807,6709411,NC
0.20322890116056191,6709412,NC
0.21321926310900796,6709413,NC
0.1982096254898672,6709414,NC
0.21819998830338794,6709415,NC
0.2331903515498186,6709416,NC
0.2531807152294075,6709417,NC
0.26317107934240286,6709418,NC
0.25316144388905304,6709419,NC
0.2531518088696063,6709420,NC
0.253142174284311,6709421,NC
0.26313254013341536,6709422,NC
0.2631229064171676,6709423,NC
0.263113273135816,6709424,NC
0.2081036402896087,6709425,NC
0.17809400787879417,6709426,NC
0.14308437590362036,6709427,NC
0.12307474436433567,6709428,NC
0.13306511326118808,6709429,NC
0.10305548259442598,6709430,NC
0.06804585236429743,6709431,NC
0.0330362225710506,6709432,NC
-0.0019734067850663978,6709433,NC
-0.006983035703805365,6709434,NC
-0.001992664184918242,6709435,NC
-0.027002292228156886,6709436,NC
-0.022011919833273174,6709437,NC
-0.04702154700001907,6709438,NC
-0.06703117372814646,6709439,NC
-0.06204080001740729,6709440,NC
-0.0670504258675535,6709441,NC
-0.08206005127833707,6709442,NC
-0.10206967624950992,6709443,NC
-0.1320793007808241,6709444,NC
-0.14208892487203156,6709445,NC
-0.12709854852288427,6709446,NC
-0.12210817173313429,6709447,NC
-0.12211779450253363,6709448,NC
-0.12712741683083434,6709449,NC
-0.13213703871778845,6709450,NC
-0.14214666016314803,6709451,NC
-0.1621562811666651,6709452,NC
-0.14716590172809188,6709453,NC
-0.1371755218471803,6709454,NC
-0.14718514152368256,6709455,NC
-0.15219476075735078,6709456,NC
-0.147204379547937,6709457,NC
-0.14221399789519346,6709458,NC
-0.12722361579887223,6709459,NC
-0.12223323325872555,6709460,NC
-0.13724285027450553,6709461,NC
-0.1422524668459644,6709462,NC
-0.15726208297285432,6709463,NC
-0.1422716986549275,6709464,NC
-0.13228131389193626,6709465,NC
-0.12229092868363262,6709466,NC
-0.13730054302976902,6709467,NC
-0.15231015693009758,6709468,NC
-0.15731977038437067,6709469,NC
-0.15732938339234048,6709470,NC
-0.14233899595375935,6709471,NC
-0.13234860806837956,6709472,NC
-0.14235821973595345,6709473,NC
-0.1473678309562333,6709474,NC
-0.14737744172897146,6709475,NC
-0.1473870520539203,6709476,NC
-0.1373966619308321,6709477,NC
-0.12740627135945934,6709478,NC
-0.14241588033955432,6709479,NC
-0.1574254888708695,6709480,NC
-0.16243509695315714,6709481,NC
-0.15244470458616985,6709482,NC
-0.1474543117696599,6709483,NC
-0.1374639185033798,6709484,NC
-0.15247352478708204,6709485,NC
-0.16248313062051895,6709486,NC
-0.16249273600344313,6709487,NC
-0.152502340935607,6709488,NC
-0.1525119454167631,6709489,NC
-0.16252154944666386,6709490,NC
-0.1525311530250619,6709491,NC
-0.17254075615170963,6709492,NC
-0.18255035882635973,6709493,NC
-0.17255996104876464,6709494,NC
-0.15756956281867704,6709495,NC
-0.1475791641358494,6709496,NC
-0.1625887650000343,6709497,NC
-0.17759836541098448,6709498,NC
-0.1826079653684524,6709499,NC
-0.16761756487219076,6709500,NC
-0.16262716392195217,6709501,NC
-0.17763676251748933,6709502,NC
-0.17764636065855482,6709503,NC
-0.19265595834490137,6709504,NC
-0.19766555557628163,6709505,NC
-0.19267515235244834,6709506,NC
-0.17768474867315417,6709507,NC
-0.1776943445381518,6709508,NC
-0.18770393994719406,6709509,NC
-0.19271353490003354,6709510,NC
-0.20772312939642318,6709511,NC
-0.1827327234361156,6709512,NC
-0.18274231701886365,6709513,NC
-0.19275191014442003,6709514,NC
-0.19276150281253768,6709515,NC
-0.21777109502296935,6709516,NC
-0.2127806867754678,6709517,NC
-0.21279027806978595,6709518,NC
-0.1877998689056766,6709519,NC
-0.20280945928289262,6709520,NC
-0.19281904920118687,6709521,NC
-0.2128286386603123,6709522,NC
-0.2078382276600217,6709523,NC
-0.19784781620006806,6709524,NC
-0.18785740428020425,6709525,NC
-0.16786699190018323,6709526,NC
-0.16787657905975795,6709527,NC
-0.1728861657586813,6709528,NC
-0.1628957519967063,6709529,NC
-0.15790533777358595,6709530,NC
-0.1479149230890732,6709531,NC
-0.14792450794292103,6709532,NC
-0.1579340923348825,6709533,NC
-0.18294367626471061,6709534,NC
-0.17295325973215842,6709535,NC
-0.16296284273697895,6709536,NC
-0.14297242527892526,6709537,NC
-0.13298200735775048,6709538,NC
-0.12799158897320762,6709539,NC
-0.13800117012504984,6709540,NC
-0.13801075081303016,6709541,NC
-0.14302033103690184,6709542,NC
-0.14302991079641783,6709543,NC
-0.1430394900913315,6709544,NC
-0.1530490689213958,6709545,NC
-0.168058647286364,6709546,NC
-0.17306822518598927,6709547,NC
-0.17307780262002476,6709548,NC
-0.17308737958822376,6709549,NC
-0.1530969560903394,6709550,NC
-0.16810653212612495,6709551,NC
-0.20311610769533364,6709552,NC
-0.22312568279771874,6709553,NC
-0.2281352574330335,6709554,NC
-0.20814483160103123,6709555,NC
-0.19315440530146516,6709556,NC
-0.2031639785340886,6709557,NC
-0.2281735512986549,6709558,NC
-0.23318312359491736,6709559,NC
-0.22819269542262935,6709560,NC
-0.20820226678154416,6709561,NC
-0.21321183767141522,6709562,NC
-0.23322140809199582,6709563,NC
-0.24823097804303942,6709564,NC
-0.2732405475242994,6709565,NC
-0.2632501165355291,6709566,NC
-0.2482596850764821,6709567,NC
-0.23826925314691166,6709568,NC
-0.24327882074657134,6709569,NC
-0.2532883878752145,6709570,NC
-0.26329795453259475,6709571,NC
-0.2633075207184654,6709572,NC
-0.2533170864325801,6709573,NC
-0.25332665167469226,6709574,NC
-0.25833621644455546,6709575,NC
-0.2683457807419232,6709576,NC
-0.28335534456654904,6709577,NC
-0.2733649079181865,6709578,NC
-0.2633744707965891,6709579,NC
-0.2533840332015106,6709580,NC
-0.25839359513270443,6709581,NC
-0.27840315658992426,6709582,NC
-0.27841271757292363,6709583,NC
-0.2784222780814563,6709584,NC
-0.25843183811527576,6709585,NC
-0.2584413976741358,6709586,NC
-0.26845095675779007,6709587,NC
-0.29346051536599216,6709588,NC
-0.2984700734984958,6709589,NC
-0.27847963115505464,6709590,NC
-0.2534891883354225,6709591,NC
-0.25849874503935305,6709592,NC
-0.2635083012666,6709593,NC
-0.2785178570169172,6709594,NC
-0.27852741229005834,6709595,NC
-0.27853696708577724,6709596,NC
-0.24854652140382757,6709597,NC
-0.25355607524396323,6709598,NC
-0.253565628605938,6709599,NC
-0.27857518148950583,6709600,NC
-0.27858473389442034,6709601,NC
-0.26859428582043554,6709602,NC
-0.2436038372673052,6709603,NC
-0.21861338823478327,6709604,NC
-0.21362293872262358,6709605,NC
-0.19863248873058006,6709606,NC
-0.15864203825840664,6709607,NC
-0.11365158730585714,6709608,NC
-0.01866113587268563,6709609,NC
0.056329316041354036,6709610,NC
0.13131976843650783,6709611,NC
0.15131022131302185,6709612,NC
0.17130067467114202,6709613,NC
0.15629112851111443,6709614,NC
0.10628158283318502,6709615,NC
0.04127203763759975,6709616,NC
-0.033737507075395315,6709617,NC
-0.07374705130555437,6709618,NC
-0.05875659505263134,6709619,NC
0.01623386168361961,6709620,NC
0.13122431890344444,6709621,NC
0.2612147766070891,6709622,NC
0.38620523479479935,6709623,NC
0.4811956934668211,6709624,NC
0.5561861526234003,6709625,NC
0.5861766122647828,6709626,NC
0.5561670723912143,6709627,L
0.47615753300294084,6709628,NC
0.336147994100208,6709629,NC
0.21113845568326184,6709630,NC
0.10112891775234792,6709631,NC
0.016119380307712147,6709632,NC
-0.0838901566503998,6709633,NC
-0.20389969312174208,6709634,NC
-0.34890922910606903,6709635,NC
-0.46891876460313486,6709636,NC
-0.5689282996126939,6709637,NC
-0.6139378341345004,6709638,NC
-0.6189473681683086,6709639,NC
-0.6189569017138732,6709640,NC
-0.598966434770948,6709641,NC
-0.5689759673392878,6709642,NC
-0.5339854994186466,6709643,NC
-0.493995031008779,6709644,NC
-0.44900456210943934,6709645,NC
-0.409014092720382,6709646,NC
-0.40902362284136146,6709647,NC
-0.404033152472132,6709648,NC
-0.4240426816124482,6709649,NC
-0.4140522102620644,6709650,NC
-0.4240617384207351,6709651,NC
-0.40407126608821475,6709652,NC
-0.39908079326425794,6709653,NC
-0.41409031994861906,6709654,NC
-0.4190998461410527,6709655,NC
-0.40410937184131324,6709656,NC
-0.3891188970491554,6709657,NC
-0.3941284217643337,6709658,NC
-0.41413794598660264,6709659,NC
-0.42414746971571676,6709660,NC
-0.4141569929514307,6709661,NC
-0.3991665156934991,6709662,NC
-0.3791760379416765,6709663,NC
-0.3791855596957176,6709664,NC
-0.37419508095537696,6709665,NC
-0.38420460172040927,6709666,NC
-0.38921412199056926,6709667,NC
-0.3842236417656115,6709668,NC
-0.36923316104529075,6709669,NC
-0.3592426798293617,6709670,NC
-0.359252198117579,6709671,NC
-0.36426171590969747,6709672,NC
-0.3642712332054718,6709673,NC
-0.36928075000465677,6709674,NC
-0.3392902663070072,6709675,NC
-0.33429978211227773,6709676,NC
-0.32430929742022324,6709677,NC
-0.33431881223059856,6709678,NC
-0.3243283265431584,6709679,NC
-0.3143378403576577,6709680,NC
-0.29434735367385134,6709681,NC
-0.28435686649149405,6709682,NC
-0.2893663788103407,6709683,NC
-0.28437589063014634,6709684,NC
-0.27438540195066563,6709685,NC
-0.25939491277165366,6709686,NC
-0.23940442309286536,6709687,NC
-0.21941393291405553,6709688,NC
-0.2194234422349792,6709689,NC
-0.22943295105539124,6709690,NC
-0.21944245937504683,6709691,NC
-0.19945196719370067,6709692,NC
-0.19446147451110804,6709693,NC
-0.16947098132702373,6709694,NC
-0.15948048764120296,6709695,NC
-0.1644899934534005,6709696,NC
-0.14449949876337173,6709697,NC
-0.12450900357087148,6709698,NC
-0.09951850787565489,6709699,NC
-0.08452801167747705,6709700,NC
-0.07953751497609304,6709701,NC
-0.07954701777125803,6709702,NC
-0.0695565200627271,6709703,NC
-0.05956602185025542,6709704,NC
-0.039575523133598106,6709705,NC
-0.024585023912510374,6709706,NC
-0.024594524186747384,6709707,NC
-0.019604023956064295,6709708,NC
-0.034613523220216366,6709709,NC
-0.014623021978958772,6709710,NC
0.01036747976795321,6709711,NC
0.025357982020764388,6709712,NC
0.02534848477971945,6709713,NC
0.01533898804506318,6709714,NC
0.005329491817040236,6709715,NC
0.015319996095895377,6709716,NC
0.015310500881873235,6709717,NC
0.025301006175218518,6709718,NC
-0.01970848802382408,6709719,NC
-0.03471798171500996,6709720,NC
-0.07972747489809445,6709721,NC
-0.09973696757283297,6709722,NC
-0.12474645973898082,6709723,NC
-0.13475595139629354,6709724,NC
-0.19476544254452638,6709725,NC
-0.21977493318343494,6709726,NC
-0.23978442331277453,6709727,NC
-0.2597939129323006,6709728,NC
-0.2848034020417688,6709729,NC
-0.28981289064093435,6709730,NC
-0.31982237872955294,6709731,NC
-0.34483186630737994,6709732,NC
-0.354841353374171,6709733,NC
-0.37485083992968155,6709734,NC
-0.3648603259736672,6709735,NC
-0.37486981150588344,6709736,NC
-0.38487929652608593,6709737,NC
-0.40988878103403026,6709738,NC
-0.4248982650294719,6709739,NC
-0.4449077485121666,6709740,NC
-0.41991723148186993,6709741,NC
-0.42492671393833753,6709742,NC
-0.439936195881325,6709743,NC
-0.4649456773105881,6709744,NC
-0.47995515822588247,6709745,NC
-0.4699646386269638,6709746,NC
-0.45497411851358777,6709747,NC
-0.4499835978855101,6709748,NC
-0.46999307674248664,6709749,NC
-0.47000255508427297,6709750,NC
-0.4900120329106249,6709751,NC
-0.47502151022129824,6709752,NC
-0.48503098701604874,6709753,NC
-0.4700404632946322,6709754,NC
-0.4800499390568045,6709755,NC
-0.4950594143023213,6709756,NC
-0.5150688890309386,6709757,NC
-0.5050783632424123,6709758,NC
-0.5000878369364979,6709759,NC
-0.5050973101129518,6709760,NC
-0.5001067827715295,6709761,NC
-0.5151162549119871,6709762,NC
-0.5351257265340804,6709763,NC
-0.5201351976375654,6709764,NC
-0.515144668222198,6709765,NC
-0.5301541382877342,6709766,NC
-0.52516360783393,6709767,NC
-0.5351730768605413,6709768,NC
-0.5401825453673241,6709769,NC
-0.5501920133540346,6709770,NC
-0.5252014808204285,6709771,NC
-0.525210947766262,6709772,NC
-0.5402204141912913,6709773,NC
-0.5552298800952722,6709774,NC
-0.5602393454779611,6709775,NC
-0.5652488103391137,6709776,NC
-0.5502582746784863,6709777,NC
-0.5402677384958351,6709778,NC
-0.5502772017909162,6709779,NC
-0.5702866645634856,6709780,NC
-0.5852961268132996,6709781,NC
-0.5703055885401145,6709782,NC
-0.5653150497436861,6709783,NC
-0.5503245104237708,6709784,NC
-0.565333970580125,6709785,NC
-0.5853434302125046,6709786,NC
-0.6003528893206661,6709787,NC
-0.5953623479043656,6709788,NC
-0.5903718059633595,6709789,NC
-0.5853812634974039,6709790,NC
-0.5853907205062553,6709791,NC
-0.6004001769896699,6709792,NC
-0.6154096329474039,6709793,NC
-0.6054190883792139,6709794,NC
-0.6004285432848561,6709795,NC
-0.5854379976640868,6709796,NC
-0.5954474515166625,6709797,NC
-0.6154569048423394,6709798,NC
-0.6304663576408742,6709799,NC
-0.6204758099120231,6709800,NC
-0.6054852616555425,6709801,NC
-0.600494712871189,6709802,NC
-0.615504163558719,6709803,NC
-0.6205136137178889,6709804,NC
-0.6355230633484553,6709805,NC
-0.6405325124501746,6709806,NC
-0.6355419610228034,6709807,NC
-0.6255514090660982,6709808,NC
-0.6305608565798154,6709809,NC
-0.6505703035637117,6709810,NC
-0.6705797500175437,6709811,NC
-0.6505891959410678,6709812,NC
-0.6455986413340408,6709813,NC
-0.6456080861962191,6709814,NC
-0.6556175305273595,6709815,NC
-0.6756269743272186,6709816,NC
-0.685636417595553,6709817,NC
-0.6856458603321194,6709818,NC
-0.6656553025366744,6709819,NC
-0.6456647442089747,6709820,NC
-0.6406741853487771,6709821,NC
-0.6556836259558382,6709822,NC
-0.6756930660299149,6709823,NC
-0.6507025055707637,6709824,NC
-0.6357119445781415,6709825,NC
-0.6307213830518051,6709826,NC
-0.6457308209915114,6709827,NC
-0.6557402583970169,6709828,NC
-0.6557496952680786,6709829,NC
-0.6357591316044533,6709830,NC
-0.6157685674058977,6709831,NC
-0.620778002672169,6709832,NC
-0.6307874374030237,6709833,NC
-0.6357968715982188,6709834,NC
-0.6108063052575113,6709835,NC
-0.6158157383806581,6709836,NC
-0.610825170967416,6709837,NC
-0.620834603017542,6709838,NC
-0.6308440345307931,6709839,NC
-0.6508534655069261,6709840,NC
-0.6558628959456981,6709841,NC
-0.6558723258468662,6709842,NC
-0.6508817552101872,6709843,NC
-0.6608911840354184,6709844,NC
-0.6709006123223163,6709845,NC
-0.6909100400706386,6709846,NC
-0.7059194672801419,6709847,NC
-0.7059288939505836,6709848,NC
-0.7159383200817203,6709849,NC
-0.7059477456733098,6709850,NC
-0.7309571707251085,6709851,NC
-0.745966595236874,6709852,NC
-0.7659760192083633,6709853,NC
-0.7809854426393337,6709854,NC
-0.7659948655295421,6709855,NC
-0.751004287878746,6709856,NC
-0.7860137096867023,6709857,NC
-0.8010231309531685,6709858,NC
-0.7910325516779014,6709859,NC
-0.7810419718606587,6709860,NC
-0.7710513915011975,6709861,NC
-0.761060810599275,6709862,NC
-0.7760702291546486,6709863,NC
-0.7960796471670756,6709864,NC
-0.806089064636313,6709865,NC
-0.8110984815621186,6709866,NC
-0.8061078979442494,6709867,NC
-0.7861173137824629,6709868,NC
-0.8011267290765165,6709869,NC
-0.8161361438261674,6709870,NC
-0.8311455580311732,6709871,NC
-0.836154971691291,6709872,NC
-0.8111643848062788,6709873,NC
-0.8011737973758936,6709874,NC
-0.8111832093998929,6709875,NC
-0.8311926208780341,6709876,NC
-0.8462020318100749,6709877,NC
-0.8262114421957728,6709878,NC
-0.816220852034885,6709879,NC
-0.8162302613271694,6709880,NC
-0.8262396700723832,6709881,NC
-0.8312490782702842,6709882,NC
-0.8462584859206297,6709883,NC
-0.8412678930231776,6709884,NC
-0.8312772995776854,6709885,NC
-0.8112867055839106,6709886,NC
-0.8312961110416108,6709887,NC
-0.8513055159505437,6709888,NC
-0.8513149203104671,6709889,NC
-0.8413243241211384,6709890,NC
-0.8263337273823156,6709891,NC
-0.816343130093756,6709892,NC
-0.8213525322552176,6709893,NC
-0.8313619338664581,6709894,NC
-0.8463713349272349,6709895,NC
-0.8363807354373062,6709896,NC
-0.8113901353964297,6709897,NC
-0.7913995348043629,6709898,NC
-0.7914089336608637,6709899,NC
-0.75641833196569,6709900,NC
-0.7214277297185996,6709901,NC
-0.6464371269193503,6709902,NC
-0.5714465235677,6709903,NC
-0.5014559196634064,6709904,NC
-0.43646531520622756,6709905,NC
-0.41647471019592136,6709906,NC
-0.40648410463224555,6709907,NC
-0.43649349851495817,6709908,NC
-0.4715028918438172,6709909,NC
-0.5465122846185806,6709910,NC
-0.6665216768390061,6709911,NC
-0.7915310685048519,6709912,NC
-0.8565404596158759,6709913,NC
-0.8515498501718362,6709914,NC
-0.7665592401724907,6709915,NC
-0.6715686296175976,6709916,NC
-0.5865780185069146,6709917,NC
-0.5115874068402002,6709918,NC
-0.4365967946172122,6709919,NC
-0.3666061818377088,6709920,NC
-0.32161556850144807,6709921,NC
-0.3216249546081882,6709922,L
-0.39163434015768717,6709923,NC
-0.5116437251497032,6709924,NC
-0.6416531095839946,6709925,NC
-0.7266624934603193,6709926,NC
-0.8066718767784358,6709927,NC
-0.8766812595381018,6709928,NC
-0.9566906417390761,6709929,NC
-1.0367000233811166,6709930,NC
-1.1217094044639817,6709931,NC
-1.1567187849874294,6709932,NC
-1.1917281649512184,6709933,NC
-1.2067375443551067,6709934,NC
-1.2317469231988525,6709935,NC
-1.2317563014822144,6709936,NC
-1.1917656792049507,6709937,NC
-1.1467750563668198,6709938,NC
-1.1217844329675797,6709939,NC
-1.086793809006989,6709940,NC
-1.0818031844848064,6709941,NC
-1.0718125594007897,6709942,NC
-1.0568219337546978,6709943,NC
-1.041831307546289,6709944,NC
-1.0118406807753217,6709945,NC
-1.0168500534415545,6709946,NC
-1.0218594255447457,6709947,NC
-1.0318687970846538,6709948,NC
-1.0268781680610375,6709949,NC
-1.0168875384736553,6709950,NC
-1.0068969083222656,6709951,NC
-0.991906277606627,6709952,NC
-0.9869156463264981,6709953,NC
-1.0119250144816374,6709954,NC
-1.0069343820718037,6709955,NC
-0.9969437490967553,6709956,NC
-0.9769531155562511,6709957,NC
-0.9719624814500496,6709958,NC
-0.9819718467779095,6709959,NC
-1.0069812115395895,6709960,NC
-0.9919905757348483,6709961,NC
-0.9969999393634444,6709962,NC
-0.9770093024251367,6709963,NC
-0.9670186649196839,6709964,NC
-0.9770280268468449,6709965,NC
-0.9920373882063781,6709966,NC
-0.9820467489980426,6709967,NC
-0.9670561092215969,6709968,NC
-0.9520654688768002,6709969,NC
-0.9420748279634108,6709970,NC
-0.947084186481188,6709971,NC
-0.9420935444298904,6709972,NC
-0.9471029018092768,6709973,NC
-0.9221122586191063,6709974,NC
-0.9071216148591376,6709975,NC
-0.8921309705291296,6709976,NC
-0.9021403256288415,6709977,NC
-0.9171496801580319,6709978,NC
-0.8871590341164599,6709979,NC
-0.8821683875038845,6709980,NC
-0.8721777403200646,6709981,NC
-0.8421870925647591,6709982,NC
-0.8371964442377272,6709983,NC
-0.8472057953387279,6709984,NC
-0.8522151458675201,6709985,NC
-0.817224495823863,6709986,NC
-0.8022338452075156,6709987,NC
-0.787243194018237,6709988,NC
-0.7622525422557862,6709989,NC
-0.7622618899199224,6709990,NC
-0.7472712370104047,6709991,NC
-0.7272805835269922,6709992,NC
-0.7022899294694442,6709993,NC
-0.6772992748375198,6709994,NC
-0.6673086196309781,6709995,NC
-0.6723179638495783,6709996,NC
-0.6823273074930798,6709997,NC
-0.6573366505612416,6709998,NC
-0.6273459930538231,6709999,NC
-0.6123553349705835,6710000,NC
-0.6073646763112821,6710001,NC
-0.6023740170756782,6710002,NC
-0.5873833572635309,6710003,NC
-0.5723926968745999,6710004,NC
-0.5574020359086442,6710005,NC
-0.5224113743654233,6710006,NC
-0.5124207122446964,6710007,NC
-0.5224300495462232,6710008,NC
-0.5274393862697628,6710009,NC
-0.5174487224150748,6710010,NC
-0.49245805798191844,6710011,NC
-0.4774673929700533,6710012,NC
-0.48747672737923875,6710013,NC
-0.5074860612092342,6710014,NC
-0.4974953944597994,6710015,NC
-0.5025047271306935,6710016,NC
-0.5025140592216764,6710017,NC
-0.5075233907325072,6710018,NC
-0.5475327216629458,6710019,NC
-0.5775420520127514,6710020,NC
-0.6025513817816839,6710021,NC
-0.6225607109695027,6710022,NC
-0.6475700395759676,6710023,NC
-0.6575793676008379,6710024,NC
-0.6875886950438735,6710025,NC
-0.7125980219048339,6710026,NC
-0.742607348183479,6710027,NC
-0.7676166738795681,6710028,NC
-0.7726259989928612,6710029,NC
-0.7676353235231178,6710030,NC
-0.7876446474700978,6710031,NC
-0.8076539708335608,6710032,NC
-0.8376632936132665,6710033,NC
-0.8526726158089749,6710034,NC
-0.8326819374204457,6710035,NC
-0.8326912584474386,6710036,NC
-0.8527005788897134,6710037,NC
-0.86270989874703,6710038,NC
-0.8677192180191482,6710039,NC
-0.867728536705828,6710040,NC
-0.8627378548068291,6710041,NC
-0.8677471723219115,6710042,NC
-0.8627564892508348,6710043,NC
-0.8777658055933595,6710044,NC
-0.892775121349245,6710045,NC
-0.8877844365182515,6710046,NC
-0.8777937511001388,6710047,NC
-0.8628030650946671,6710048,NC
-0.8628123785015963,6710049,NC
-0.8828216913206863,6710050,NC
-0.8928310035516973,6710051,NC
-0.8878403151943891,6710052,NC
-0.877849626248522,6710053,NC
-0.872858936713856,6710054,NC
-0.8878682465901512,6710055,NC
-0.8878775558771674,6710056,NC
-0.8828868645746653,6710057,NC
-0.8778961726824044,6710058,NC
-0.8729054802001454,6710059,NC
-0.857914787127648,6710060,NC
-0.8579240934646726,6710061,NC
-0.8729333992109795,6710062,NC
-0.8679427043663287,6710063,NC
-0.8629520089304804,6710064,NC
-0.857961312903195,6710065,NC
-0.8429706162842328,6710066,NC
-0.8479799190733538,6710067,NC
-0.8629892212703184,6710068,NC
-0.8679985228748871,6710069,NC
-0.8330078238868199,6710070,NC
-0.8430171243058773,6710071,NC
-0.8280264241318197,6710072,NC
-0.8280357233644072,6710073,NC
-0.8330450220034005,6710074,NC
-0.8430543200485596,6710075,NC
-0.8380636174996453,6710076,NC
-0.8180729143564179,6710077,NC
-0.8130822106186377,6710078,NC
-0.8130915062860653,6710079,NC
-0.8231008013584611,6710080,NC
-0.8281100958355855,6710081,NC
-0.8231193897171991,6710082,NC
-0.8131286830030624,6710083,NC
-0.7981379756929359,6710084,NC
-0.8031472677865801,6710085,NC
-0.8181565592837557,6710086,NC
-0.8131658501842232,6710087,NC
-0.8081751404877432,6710088,NC
-0.7931844301940761,6710089,NC
-0.7881937193029829,6710090,NC
-0.793203007814224,6710091,NC
-0.79821229572756,6710092,NC
-0.8082215830427517,6710093,NC
-0.7982308697595597,6710094,NC
-0.7882401558777448,6710095,NC
-0.7782494413970675,6710096,NC
-0.7982587263172888,6710097,NC
-0.8032680106381692,6710098,NC
-0.8032772943594697,6710099,NC
-0.7832865774809509,6710100,NC
-0.7832958600023735,6710101,NC
-0.7683051419234985,6710102,NC
-0.7833144232440866,6710103,NC
-0.8033237039638987,6710104,NC
-0.8083329840826957,6710105,NC
-0.7933422636002384,6710106,NC
-0.7733515425162876,6710107,NC
-0.7683608208306043,6710108,NC
-0.7783700985429495,6710109,NC
-0.7833793756530839,6710110,NC
-0.7983886521607686,6710111,NC
-0.7883979280657645,6710112,NC
-0.7684072033678325,6710113,NC
-0.7734164780667339,6710114,NC
-0.7734257521622293,6710115,NC
-0.78843502565408,6710116,NC
-0.7934442985420469,6710117,NC
-0.7734535708258912,6710118,NC
-0.7634628425053738,6710119,NC
-0.7584721135802558,6710120,NC
-0.7384813840502984,6710121,NC
-0.7484906539152627,6710122,NC
-0.7484999231749097,6710123,NC
-0.7435091918290007,6710124,NC
-0.7185184598772968,6710125,NC
-0.7035277273195593,6710126,NC
-0.7085369941555492,6710127,NC
-0.7285462603850276,6710128,NC
-0.728555526007756,6710129,NC
-0.7135647910234956,6710130,NC
-0.6985740554320077,6710131,NC
-0.6885833192330533,6710132,NC
-0.6935925824263939,6710133,NC
-0.6986018450117908,6710134,NC
-0.6886111069890052,6710135,NC
-0.6686203683577985,6710136,NC
-0.6536296291179321,6710137,NC
-0.6436388892691673,6710138,NC
-0.6436481488112655,6710139,NC
-0.6786574077439882,6710140,NC
-0.6986666660670966,6710141,NC
-0.6886759237803524,6710142,NC
-0.6636851808835167,6710143,NC
-0.6536944373763511,6710144,NC
-0.6587036932586172,6710145,NC
-0.6737129485300765,6710146,NC
-0.7087222031904904,6710147,NC
-0.7037314572396204,6710148,NC
-0.693740710677228,6710149,NC
-0.6787499635030748,6710150,NC
-0.6887592157169226,6710151,NC
-0.7087684673185326,6710152,NC
-0.7137777183076665,6710153,NC
-0.7187869686840861,6710154,NC
-0.698796218447553,6710155,NC
-0.6988054675978288,6710156,NC
-0.698814716134675,6710157,NC
-0.7188239640578534,6710158,NC
-0.7238332113671259,6710159,NC
-0.7188424580622539,6710160,NC
-0.7138517041429993,6710161,NC
-0.7038609496091238,6710162,NC
-0.7188701944603891,6710163,NC
-0.7388794386965571,6710164,NC
-0.7538886823173895,6710165,NC
-0.7438979253226481,6710166,NC
-0.7239071677120947,6710167,NC
-0.7239164094854914,6710168,NC
-0.7139256506425996,6710169,NC
-0.7189348911831815,6710170,NC
-0.7339441311069991,6710171,NC
-0.7339533704138138,6710172,NC
-0.7289626091033881,6710173,NC
-0.7139718471754833,6710174,NC
-0.718981084629862,6710175,NC
-0.7289903214662857,6710176,NC
-0.7289995576845166,6710177,NC
-0.7290087932843167,6710178,NC
-0.709018028265448,6710179,NC
-0.7040272626276725,6710180,NC
-0.704036496370752,6710181,NC
-0.7140457294944489,6710182,NC
-0.7140549619985253,6710183,NC
-0.714064193882743,6710184,NC
-0.7040734251468644,6710185,NC
-0.7040826557906514,6710186,NC
-0.6940918858138663,6710187,NC
-0.6991011152162712,6710188,NC
-0.7091103439976282,6710189,NC
-0.7091195721576996,6710190,NC
-0.6941287996962476,6710191,NC
-0.6841380266130342,6710192,NC
-0.6941472529078221,6710193,NC
-0.6991564785803731,6710194,NC
-0.7091657036304496,6710195,NC
-0.694174928057814,6710196,NC
-0.6791841518622286,6710197,NC
-0.6691933750434554,6710198,NC
-0.6742025976012572,6710199,NC
-0.6942118195353961,6710200,NC
-0.6942210408456344,6710201,NC
-0.6842302615317347,6710202,NC
-0.6642394815934591,6710203,NC
-0.6642487010305703,6710204,NC
-0.6692579198428306,6710205,NC
-0.6592671380300025,6710206,NC
-0.6692763555918484,6710207,NC
-0.6442855725281307,6710208,NC
-0.604294788838612,6710209,NC
-0.584304004523055,6710210,NC
-0.5493132195812218,6710211,NC
-0.5293224340128753,6710212,NC
-0.4743316478177779,6710213,NC
-0.4143408609956922,6710214,NC
-0.3493500735463808,6710215,NC
-0.27435928546960625,6710216,NC
-0.2393684967651313,6710217,NC
-0.2193777074327185,6710218,NC
-0.2143869174721305,6710219,NC
-0.21939612688313004,6710220,NC
-0.2194053356654797,6710221,NC
-0.29441454381894233,6710222,NC
-0.38442375134328044,6710223,NC
-0.44443295823825696,6710224,NC
-0.4744421645036346,6710225,NC
-0.44445137013917607,6710226,NC
-0.3494605751446442,6710227,NC
-0.2644697795198018,6710228,NC
-0.1694789832644116,6710229,NC
-0.07948818637823657,6710230,NC
0.0005026111389605271,6710231,NC
0.08049340928741683,6710232,NC
0.13548420806736938,6710233,NC
0.1454750074790554,6710234,NC
0.07046580752271184,6710235,L
-0.004543391801424126,6710236,NC
-0.09955259049311552,6710237,NC
-0.18456178855212524,6710238,NC
-0.24957098597821634,6710239,NC
-0.32458018277115175,6710240,NC
-0.4095893789306945,6710241,NC
-0.49459857445660765,6710242,NC
-0.5646077693486542,6710243,NC
-0.6346169636065973,6710244,NC
-0.6946261572301999,6710245,NC
-0.7396353502192251,6710246,NC
-0.7946445425734362,6710247,NC
-0.8546537342925962,6710248,NC
-0.8746629253764682,6710249,NC
-0.8746721158248154,6710250,NC
-0.849681305637401,6710251,NC
-0.8146904948139881,6710252,NC
-0.77969968335434,6710253,NC
-0.76970887125822,6710254,NC
-0.7347180585253912,6710255,NC
-0.7097272451556169,6710256,NC
-0.6847364311486605,6710257,NC
-0.6697456165042849,6710258,NC
-0.6697548012222538,6710259,NC
-0.6947639853023306,6710260,NC
-0.6897731687442783,6710261,NC
-0.6847823515478604,6710262,NC
-0.6797915337128403,6710263,NC
-0.6648007152389813,6710264,NC
-0.6648098961260469,6710265,NC
-0.6798190763738006,6710266,NC
-0.6698282559820056,6710267,NC
-0.6648374349504256,6710268,NC
-0.6498466132788239,6710269,NC
-0.644855790966964,6710270,NC
-0.6448649680146096,6710271,NC
-0.674874144421524,6710272,NC
-0.6748833201874709,6710273,NC
-0.6748924953122136,6710274,NC
-0.644901669795516,6710275,NC
-0.6399108436371415,6710276,NC
-0.6349200168368537,6710277,NC
-0.6499291893944164,6710278,NC
-0.6549383613095929,6710279,NC
-0.6549475325821471,6710280,NC
-0.6249567032118427,6710281,NC
-0.6099658731984433,6710282,NC
-0.6249750425417125,6710283,NC
-0.6299842112414143,6710284,NC
-0.6299933792973123,6710285,NC
-0.62500254670917,6710286,NC
-0.5950117134767515,6710287,NC
-0.5800208795998206,6710288,NC
-0.5800300450781409,6710289,NC
-0.5750392099114763,6710290,NC
-0.5800483740995906,6710291,NC
-0.5700575376422478,6710292,NC
-0.5500667005392116,6710293,NC
-0.5300758627902459,6710294,NC
-0.5300850243951147,6710295,NC
-0.5400941853535819,6710296,NC
-0.5251033456654114,6710297,NC
-0.5251125053303671,6710298,NC
-0.49012166434821314,6710299,NC
-0.47013082271871337,6710300,NC
-0.4551399804416318,6710301,NC
-0.46514913751673254,6710302,NC
-0.46515829394377944,6710303,NC
-0.43516744972253674,6710304,NC
-0.41517660485276847,6710305,NC
-0.39518575933423866,6710306,NC
-0.38519491316671145,6710307,NC
-0.390204066349951,6710308,NC
-0.3802132188837213,6710309,NC
-0.3652223707677867,6710310,NC
-0.33523152200191125,6710311,NC
-0.3202406725858591,6710312,NC
-0.3202498225193946,6710313,NC
-0.3252589718022818,6710314,NC
-0.3252681204342851,6710315,NC
-0.30527726841516867,6710316,NC
-0.29028641574469677,6710317,NC
-0.25529556242263374,6710318,NC
-0.2553047084487438,6710319,NC
-0.2603138538227913,6710320,NC
-0.2503229985445407,6710321,NC
-0.22033214261375622,6710322,NC
-0.2003412860302022,6710323,NC
-0.18035042879364319,6710324,NC
-0.17035957090384343,6710325,NC
-0.16536871236056747,6710326,NC
-0.17037785316357962,6710327,NC
-0.1553869933126445,6710328,NC
-0.12539613280752643,6710329,NC
-0.11540527164798997,6710330,NC
-0.13041440983379962,6710331,NC
-0.1454235473647199,6710332,NC
-0.18043268424051537,6710333,NC
-0.18544182046095053,6710334,NC
-0.20045095602579002,6710335,NC
-0.2154600909347984,6710336,NC
-0.2354692251877403,6710337,NC
-0.28547835878438027,6710338,NC
-0.31048749172448303,6710339,NC
-0.3354966240078132,6710340,NC
-0.33550575563413554,6710341,NC
-0.35051488660321467,6710342,NC
-0.37052401691481524,6710343,NC
-0.4005331465687021,6710344,NC
-0.40554227556463984,6710345,NC
-0.4255514039023934,6710346,NC
-0.4155605315817274,6710347,NC
-0.42056965860240675,6710348,NC
-0.43557878496419616,6710349,NC
-0.45558791066686055,6710350,NC
-0.46559703571016475,6710351,NC
-0.46560616009387357,6710352,NC
-0.46561528381775197,6710353,NC
-0.4606244068815647,6710354,NC
-0.47063352928507685,6710355,NC
-0.48064265102805326,6710356,NC
-0.4956517721102588,6710357,NC
-0.4706608925314586,6710358,NC
-0.4656700122914175,6710359,NC
-0.4606791313899006,6710360,NC
-0.4706882498266729,6710361,NC
-0.4756973676014994,6710362,NC
-0.495706484714145,6710363,NC
-0.47571560116437517,6710364,NC
-0.46072471695195455,6710365,NC
-0.46573383207664854,6710366,NC
-0.46574294653822207,6710367,NC
-0.47575206033644046,6710368,NC
-0.48076117347106867,6710369,NC
-0.500770285941872,6710370,NC
-0.4807793977486156,6710371,NC
-0.4507885088910646,6710372,NC
-0.4557976193689844,6710373,NC
-0.46580672918214,6710374,NC
-0.47581583833029684,6710375,NC
-0.4658249468132201,6710376,NC
-0.45083405463067516,6710377,NC
-0.4358431617824272,6710378,NC
-0.44585226826824165,6710379,NC
-0.4558613740878838,6710380,NC
-0.465870479241119,6710381,NC
-0.46587958372771265,6710382,NC
-0.4608886875474301,6710383,NC
-0.43089779070003686,6710384,NC
-0.43090689318529823,6710385,NC
-0.4459159950029797,6710386,NC
-0.44592509615284676,6710387,NC
-0.4459341966346649,6710388,NC
-0.4259432964481995,6710389,NC
-0.41595239559321623,6710390,NC
-0.4359614940694805,6710391,NC
-0.4509705918767579,6710392,NC
-0.45597968901481406,6710393,NC
-0.4459887854834144,6710394,NC
-0.42599788128232474,6710395,NC
-0.43100697641131047,6710396,NC
-0.4310160708701374,6710397,NC
-0.43602516465857094,6710398,NC
-0.4610342577763771,6710399,NC
-0.44104335022332125,6710400,NC
-0.43605244199916926,6710401,NC
-0.4210615331036869,6710402,NC
-0.4310706235366398,6710403,NC
-0.4410797132977936,6710404,NC
-0.45108880238691434,6710405,NC
-0.4460978908037676,6710406,NC
-0.4361069785481193,6710407,NC
-0.4161160656197353,6710408,NC
-0.43112515201838125,6710409,NC
-0.45613423774382317,6710410,NC
-0.4511433227958269,6710411,NC
-0.4511524071741583,6710412,NC
-0.4411614908785833,6710413,NC
-0.4311705739088678,6710414,NC
-0.43617965626477784,6710415,NC
-0.4511887379460792,6710416,NC
-0.4711978189525381,6710417,NC
-0.4512068992839203,6710418,NC
-0.4312159789399921,6710419,NC
-0.43622505792051913,6710420,NC
-0.4412341362252678,6710421,NC
-0.456243213854004,6710422,NC
-0.4612522908064939,6710423,NC
-0.45126136708250353,6710424,NC
-0.446270442681799,6710425,NC
-0.4312795176041465,6710426,NC
-0.44128859184931213,6710427,NC
-0.4512976654170622,6710428,NC
-0.4613067383071627,6710429,NC
-0.44131581051937996,6710430,NC
-0.4213248820534802,6710431,NC
-0.4113339529092296,6710432,NC
-0.4163430230863945,6710433,NC
-0.43135209258474105,6710434,NC
-0.4563611614040356,6710435,NC
-0.4313702295440446,6710436,NC
-0.4213792970045342,6710437,NC
-0.39638836378527076,6710438,NC
-0.3963974298860207,6710439,NC
-0.40640649530655043,6710440,NC
-0.4064155600466263,6710441,NC
-0.40142462410601476,6710442,NC
-0.39143368748448215,6710443,NC
-0.37144275018179507,6710444,NC
-0.37145181219771983,6710445,NC
-0.37146087353202306,6710446,NC
-0.37146993418447116,6710447,NC
-0.36147899415483076,6710448,NC
-0.3464880534428682,6710449,NC
-0.33149711204835025,6710450,NC
-0.3315061699710433,6710451,NC
-0.3565152272107142,6710452,NC
-0.35152428376712935,6710453,NC
-0.35153333964005534,6710454,NC
-0.351542394829259,6710455,NC
-0.3415514493345068,6710456,NC
-0.3415605031555656,6710457,NC
-0.3615695562922019,6710458,NC
-0.3715786087441826,6710459,NC
-0.3765876605112743,6710460,NC
-0.3615967115932439,6710461,NC
-0.361605761989858,6710462,NC
-0.3666148117008835,6710463,NC
-0.39162386072608707,6710464,NC
-0.4016329090652357,6710465,NC
-0.39664195671809616,6710466,NC
-0.3866510036844353,6710467,NC
-0.3816600499640199,6710468,NC
-0.37666909555661704,6710469,NC
-0.39667814046199357,6710470,NC
-0.4316871846799163,6710471,NC
-0.4116962282101523,6710472,NC
-0.40170527105246845,6710473,NC
-0.39671431320663175,6710474,NC
-0.40172335467240927,6710475,NC
-0.4217323954495679,6710476,NC
-0.4417414355378748,6710477,NC
-0.44675047493709696,6710478,NC
-0.43675951364700144,6710479,NC
-0.4117685516673554,6710480,NC
-0.4017775889979258,6710481,NC
-0.4167866256384799,6710482,NC
-0.4317956615887848,6710483,NC
-0.4268046968486076,6710484,NC
-0.42681373141771556,6710485,NC
-0.4268227652958758,6710486,NC
-0.41683179848285556,6710487,NC
-0.4218408309784221,6710488,NC
-0.4418498627823426,6710489,NC
-0.4318588938943845,6710490,NC
-0.4318679243143148,6710491,NC
-0.421876954041901,6710492,NC
-0.4218859830769104,6710493,NC
-0.43189501141911024,6710494,NC
-0.4469040390682679,6710495,NC
-0.43691306602415086,6710496,NC
-0.4119220922865265,6710497,NC
-0.40693111785516206,6710498,NC
-0.4119401427298251,6710499,NC
-0.43194916691028307,6710500,NC
-0.4469581903963033,6710501,NC
-0.4269672131876535,6710502,NC
-0.42197623528410094,6710503,NC
-0.42198525668541326,6710504,NC
-0.4169942773913579,6710505,NC
-0.4170032974017025,6710506,NC
-0.42701231671621465,6710507,NC
-0.4220213353346618,6710508,NC
-0.4120303532568117,6710509,NC
-0.39203937048243187,6710510,NC
-0.39204838701128997,6710511,NC
-0.4070574028431537,6710512,NC
-0.4120664179777908,6710513,NC
-0.4020754324149688,6710514,NC
-0.38208444615445547,6710515,NC
-0.37209345919601855,6710516,NC
-0.36210247153942593,6710517,NC
-0.36711148318444514,6710518,NC
-0.36212049413084413,6710519,NC
-0.3371295043783905,6710520,NC
-0.29213851392685236,6710521,NC
-0.24214752277599735,6710522,NC
-0.19715653092559338,6710523,NC
-0.13716553837540832,6710524,NC
-0.06217454512521005,6710525,NC
0.007816448825233465,6710526,NC
0.09780744347615442,6710527,NC
0.14779843882778468,6710528,NC
0.17778943488035648,6710529,NC
0.15278043163410168,6710530,NC
0.08777142908925242,6710531,NC
-0.0022375727539594506,6710532,NC
-0.03724657389530191,6710533,NC
-0.04225557433454298,6710534,NC
-0.012264574071450794,6710535,NC
0.037726426894206605,6710536,NC
0.13771742856266106,6710537,NC
0.2327084309341445,6710538,NC
0.35769943400888876,6710539,NC
0.4676904377871256,6710540,NC
0.5476814422690869,6710541,NC
0.5776724474550046,6710542,NC
0.5376634533451102,6710543,L
0.47265445993963573,6710544,NC
0.36764546723881275,6710545,NC
0.28763647524287306,6710546,NC
0.18262748395204836,6710547,NC
0.08261849336657037,6710548,NC
-0.03239049651332926,6710549,NC
-0.1273994856874189,6710550,NC
-0.20240847415546684,6710551,NC
-0.2924174619172416,6710552,NC
-0.4074264489725114,6710553,NC
-0.5024354353210447,6710554,NC
-0.5724444209626102,6710555,NC
-0.6074534058969759,6710556,NC
-0.6174623901239106,6710557,NC
-0.6274713736431827,6710558,NC
-0.6024803564545608,6710559,NC
-0.5874893385578133,6710560,NC
-0.5524983199527087,6710561,NC
-0.5275073006390156,6710562,NC
-0.48751628061650276,6710563,NC
-0.4525252598849386,6710564,NC
-0.4525342384440917,6710565,NC
-0.4475432162937309,6710566,NC
-0.4475521934336247,6710567,NC
-0.4575611698635418,6710568,NC
-0.44757014558325087,6710569,NC
-0.4375791205925207,6710570,NC
-0.42258809489112,6710571,NC
-0.4275970684788174,6710572,NC
-0.4526060413553818,6710573,NC
-0.41761501352058195,6710574,NC
-0.41262398497418656,6710575,NC
-0.3976329557159646,6710576,NC
-0.4076419257456848,6710577,NC
-0.41265089506311603,6710578,NC
-0.4276598636680272,6710579,NC
-0.4126688315601872,6710580,NC
-0.3926777987393649,6710581,NC
-0.3826867652053293,6710582,NC
-0.38269573095784926,6710583,NC
-0.3877046959966938,6710584,NC
-0.39771366032163197,6710585,NC
-0.3977226239324327,6710586,NC
-0.3777315868288649,6710587,NC
-0.36774054901069786,6710588,NC
-0.3677495104777004,6710589,NC
-0.3727584712296417,6710590,NC
-0.37776743126629087,6710591,NC
-0.36777639058741707,6710592,NC
-0.3427853491927893,6710593,NC
-0.3227943070821768,6710594,NC
-0.3178032642553487,6710595,NC
-0.32281222071207427,6710596,NC
-0.3378211764521227,6710597,NC
-0.33783013147526303,6710598,NC
-0.3028390857812647,6710599,NC
-0.27784803936989694,6710600,NC
-0.277856992240929,6710601,NC
-0.28786594439413016,6710602,NC
-0.2878748958292698,6710603,NC
-0.2678838465461172,6710604,NC
-0.2628927965444417,6710605,NC
-0.23790174582401274,6710606,NC
-0.21791069438459967,6710607,NC
-0.2179196422259719,6710608,NC
-0.22292858934789886,6710609,NC
-0.20793753575014998,6710610,NC
-0.17794648143249475,6710611,NC
-0.16295542639470267,6710612,NC
-0.15296437063654322,6710613,NC
-0.1579733141577859,6710614,NC
-0.15798225695820028,6710615,NC
-0.1479911990375559,6710616,NC
-0.12300014039562238,6710617,NC
-0.09300908103216923,6710618,NC
-0.07801802094696615,6710619,NC
-0.07802696013978272,6710620,NC
-0.07803589861038862,6710621,NC
-0.0630448363585535,6710622,NC
-0.028053773384047062,6710623,NC
-0.023062709686639017,6710624,NC
-0.023071645266099054,6710625,NC
-0.013080580122196973,6710626,NC
-0.02308951425470248,6710627,NC
-0.0030984476633854063,6710628,NC
0.036892619651984496,6710629,NC
0.06688368769163736,6710630,NC
0.06687475645580337,6710631,NC
0.06686582594471267,6710632,NC
0.07185689615859539,6710633,NC
0.09684796709768163,6710634,NC
0.1118390387622015,6710635,NC
0.13183011115238502,6710636,NC
0.12182118426846228,6710637,NC
0.12181225811066332,6710638,NC
0.10180333267921811,6710639,NC
0.0867944079743567,6710640,NC
0.09678548399630896,6710641,NC
0.091776560745305,6710642,NC
0.06176763822157462,6710643,NC
0.016758716425347826,6710644,NC
-0.018250204643145487,6710645,NC
-0.04825912498367549,6710646,NC
-0.04326804459601226,6710647,NC
-0.053276963479926005,6710648,NC
-0.08328588163518685,6710649,NC
-0.10829479906156504,6710650,NC
-0.13830371575883074,6710651,NC
-0.1483126317267542,6710652,NC
-0.15332154696510572,6710653,NC
-0.14833046147365544,6710654,NC
-0.1583393752521738,6710655,NC
-0.17834828830043098,6710656,NC
-0.20335720061819737,6710657,NC
-0.2033661122052433,6710658,NC
-0.20337502306133914,6710659,NC
-0.20838393318625525,6710660,NC
-0.2233928425797621,6710661,NC
-0.23340175124162998,6710662,NC
-0.2634106591716294,6710663,NC
-0.24841956636953091,6710664,NC
-0.21842847283510483,6710665,NC
-0.21343737856812173,6710666,NC
-0.2234462835683521,6710667,NC
-0.2484551878355665,6710668,NC
-0.2534640913695354,6710669,NC
-0.24847299417002952,6710670,NC
-0.2334818962368193,6710671,NC
-0.23349079756967545,6710672,NC
-0.23349969816836855,6710673,NC
-0.24350859803266925,6710674,NC
-0.25851749716234823,6710675,NC
-0.24352639555717612,6710676,NC
-0.22853529321692376,6710677,NC
-0.22354419014136165,6710678,NC
-0.22355308633026075,6710679,NC
-0.2435619817833916,6710680,NC
-0.24357087650052525,6710681,NC
-0.25357977048143227,6710682,NC
-0.2435886637258836,6710683,NC
-0.22859755623365,6710684,NC
-0.21860644800450232,6710685,NC
-0.24361533903821153,6710686,NC
-0.24362422933454841,6710687,NC
-0.23863311889328395,6710688,NC
-0.22364200771418905,6710689,NC
-0.20865089579703464,6710690,NC
-0.2336597831415917,6710691,NC
-0.24866866974763127,6710692,NC
-0.2536775556149243,6710693,NC
-0.23368644074324177,6710694,NC
-0.22869532513235485,6710695,NC
-0.2137042087820345,6710696,NC
-0.22371309169205184,6710697,NC
-0.23372197386217794,6710698,NC
-0.25373085529218403,6710699,NC
-0.24373973598184107,6710700,NC
-0.23874861593092037,6710701,NC
-0.22875749513919305,6710702,NC
-0.2337663736064303,6710703,NC
-0.25377525133240336,6710704,NC
-0.24878412831688343,6710705,NC
-0.2537930045596418,6710706,NC
-0.25380188006044974,6710707,NC
-0.2388107548190785,6710708,NC
-0.23881962883529942,6710709,NC
-0.24382850210888388,6710710,NC
-0.2838373746396031,6710711,NC
-0.26384624642722865,6710712,NC
-0.2588551174715317,6710713,NC
-0.2438639877722838,6710714,NC
-0.24887285732925638,6710715,NC
-0.2588817261422207,6710716,NC
-0.2638905942109485,6710717,NC
-0.26389946153521104,6710718,NC
-0.25890832811478,6710719,NC
-0.25891719394942675,6710720,NC
-0.27392605903892286,6710721,NC
-0.28393492338303994,6710722,NC
-0.2839437869815496,6710723,NC
-0.2839526498342234,6710724,NC
-0.2739615119408329,6710725,NC
-0.2739703733011498,6710726,NC
-0.2689792339149457,6710727,NC
-0.2989880937819924,6710728,NC
-0.2989969529020615,6710729,NC
-0.28900581127492475,6710730,NC
-0.2740146689003538,6710731,NC
-0.2790235257781205,6710732,NC
-0.26903238190799655,6710733,NC
-0.28904123728975384,6710734,NC
-0.3090500919231641,6710735,NC
-0.2990589458079992,6710736,NC
-0.29906779894403096,6710737,NC
-0.2790766513310312,6710738,NC
-0.299085502968772,6710739,NC
-0.319094353857025,6710740,NC
-0.3241032039955623,6710741,NC
-0.32411205338415583,6710742,NC
-0.2991209020225776,6710743,NC
-0.2791297499105994,6710744,NC
-0.2991385970479934,6710745,NC
-0.30914744343453165,6710746,NC
-0.30415628906998604,6710747,NC
-0.29916513395412875,6710748,NC
-0.2891739780867318,6710749,NC
-0.27418282146756734,6710750,NC
-0.2841916640964075,6710751,NC
-0.2892005059730244,6710752,NC
-0.2742093470971901,6710753,NC
-0.27921818746867694,6710754,NC
-0.2592270270872571,6710755,NC
-0.2442358659527026,6710756,NC
-0.2492447040647859,6710757,NC
-0.25925354142327917,6710758,NC
-0.26426237802795466,6710759,NC
-0.2442712138785847,6710760,NC
-0.2242800489749416,6710761,NC
-0.20928888331679768,6710762,NC
-0.2342977169039253,6710763,NC
-0.2443065497360969,6710764,NC
-0.2543153818130847,6710765,NC
-0.2593242131346613,6710766,NC
-0.24433304370059902,6710767,NC
-0.24934187351067036,6710768,NC
-0.23935070256464772,6710769,NC
-0.2643595308623037,6710770,NC
-0.2743683584034107,6710771,NC
-0.2843771851877413,6710772,NC
-0.27938601121506806,6710773,NC
-0.28439483648516356,6710774,NC
-0.2994036609978003,6710775,NC
-0.3144124847527509,6710776,NC
-0.3394213077497881,6710777,NC
-0.3244301299886845,6710778,NC
-0.3144389514692127,6710779,NC
-0.30444777219114544,6710780,NC
-0.3044565921542554,6710781,NC
-0.33446541135831526,6710782,NC
-0.3594742298030979,6710783,NC
-0.36448304748837596,6710784,NC
-0.3594918644139222,6710785,NC
-0.34950068057950956,6710786,NC
-0.3495094959849107,6710787,NC
-0.36451831062989865,6710788,NC
-0.38452712451424603,6710789,NC
-0.379535937637726,6710790,NC
-0.37454475000011117,6710791,NC
-0.36455356160117475,6710792,NC
-0.3645623724406894,6710793,NC
-0.39457118251842827,6710794,NC
-0.39957999183416426,6710795,NC
-0.39958880038767036,6710796,NC
-0.38959760817871963,6710797,NC
-0.3896064152070851,6710798,NC
-0.3946152214725398,6710799,NC
-0.40462402697485683,6710800,NC
-0.41963283171380933,6710801,NC
-0.4246416356891703,6710802,NC
-0.39965043890071295,6710803,NC
-0.3896592413482104,6710804,NC
-0.3946680430314359,6710805,NC
-0.4296768439501626,6710806,NC
-0.42968564410416366,6710807,NC
-0.42969444349321234,6710808,NC
-0.4097032421170819,6710809,NC
-0.4047120399755457,6710810,NC
-0.409720837068377,6710811,NC
-0.40972963339534896,6710812,NC
-0.4297384289562351,6710813,NC
-0.44974722375080867,6710814,NC
-0.41975601777884314,6710815,NC
-0.4047648110401117,6710816,NC
-0.414773603534388,6710817,NC
-0.40978239526144533,6710818,NC
-0.4347911862210572,6710819,NC
-0.424799976412997,6710820,NC
-0.42480876583703836,6710821,NC
-0.4098175544929546,6710822,NC
-0.41482634238051946,6710823,NC
-0.42983512949950636,6710824,NC
-0.4198439158496889,6710825,NC
-0.4098527014308406,6710826,NC
-0.3948614862427352,6710827,NC
-0.39487027028514626,6710828,NC
-0.3798790535578474,6710829,NC
-0.36988783606061243,6710830,NC
-0.3648966177932148,6710831,NC
-0.3399053987554284,6710832,NC
-0.2899141789470269,6710833,NC
-0.22492295836778414,6710834,NC
-0.14993173701747373,6710835,NC
-0.08494051489586954,6710836,NC
5.070799725460928e-05,6710837,NC
0.07504193166212493,6710838,NC
0.13503315609896754,6710839,NC
0.1550243813080086,6710840,NC
0.14501560728947419,6710841,NC
0.07500683404359043,6710842,NC
-0.020001938429416617,6710843,NC
-0.11501071012932092,6710844,NC
-0.1650194810558964,6710845,NC
-0.16502825120891707,6710846,NC
-0.13003702058815692,6710847,NC
-0.05004578919339002,6710848,NC
0.04494544297560964,6710849,NC
0.14993667591906792,6710850,NC
0.2849279096372108,6710851,NC
0.36991914413026417,6710852,NC
0.4349103793984539,6710853,NC
0.40990161544200576,6710854,L
0.3898928522611457,6710855,NC
0.2898840898560995,6710856,NC
0.1948753282270929,6710857,NC
0.0948665673743517,6710858,NC
-0.02014219270189832,6710859,NC
-0.12015095200143142,6710860,NC
-0.22015971052402195,6710861,NC
-0.31016846826944416,6710862,NC
-0.40017722523747234,6710863,NC
-0.45518598142788097,6710864,NC
-0.5101947368404443,6710865,NC
-0.5652034914749368,6710866,NC
-0.6052122453311327,6710867,NC
-0.5952209984088066,6710868,NC
-0.5952297507077329,6710869,NC
-0.5702385022276862,6710870,NC
-0.5552472529684408,6710871,NC
-0.5352560029297713,6710872,NC
-0.525264752111452,6710873,NC
-0.4652735005132578,6710874,NC
-0.46528224813496305,6710875,NC
-0.4402909949763424,6710876,NC
-0.44029974103717046,6710877,NC
-0.4603084863172219,6710878,NC
-0.45531723081627123,6710879,NC
-0.46032597453409324,6710880,NC
-0.4353347174704626,6710881,NC
-0.41534345962515395,6710882,NC
-0.42535220099794213,6710883,NC
-0.4403609415886018,6710884,NC
-0.46036968139690776,6710885,NC
-0.4403784204226348,6710886,NC
-0.41538715866555775,6710887,NC
-0.4153958961254514,6710888,NC
-0.42040463280209056,6710889,NC
-0.41541336869525025,6710890,NC
-0.4254221038047052,6710891,NC
-0.4204308381302304,6710892,NC
-0.4054395716716007,6710893,NC
-0.3904483044285912,6710894,NC
-0.3804570364009767,6710895,NC
-0.39546576758853236,6710896,NC
-0.4054744979910331,6710897,NC
-0.40048322760825394,6710898,NC
-0.40049195643996993,6710899,NC
-0.3705006844859562,6710900,NC
-0.35050941174598776,6710901,NC
-0.3555181382198398,6710902,NC
-0.3605268639072874,6710903,NC
-0.3605355888081057,6710904,NC
-0.3305443129220699,6710905,NC
-0.3105530362489553,6710906,NC
-0.2905617587885369,6710907,NC
-0.3055704805405901,6710908,NC
-0.2905792015048901,6710909,NC
-0.2805879216812121,6710910,NC
-0.26059664106933156,6710911,NC
-0.25060535966902364,6710912,NC
-0.23061407748006377,6710913,NC
-0.21062279450222726,6710914,NC
-0.21563151073528952,6710915,NC
-0.2006402261790259,6710916,NC
-0.17064894083321186,6710917,NC
-0.1456576546976228,6710918,NC
-0.13066636777203422,6710919,NC
-0.11067508005622154,6710920,NC
-0.11068379154996033,6710921,NC
-0.07569250225302604,6710922,NC
-0.05570121216519427,6710923,NC
-0.020709921286240524,6710924,NC
-0.0007186296159404325,6710925,NC
0.004272662845930437,6710926,NC
0.009263956099596467,6710927,NC
0.029255250145281988,6710928,NC
0.0692465449832114,6710929,NC
0.09923784061360892,6710930,NC
0.10422913703669895,6710931,NC
0.11422043425270567,6710932,NC
0.10921173226185346,6710933,NC
0.1442030310643664,6710934,NC
0.17419433066046885,6710935,NC
0.19418563105038497,6710936,NC
0.19917693223433885,6710937,NC
0.17916823421255473,6710938,NC
0.18415953698525672,6710939,NC
0.18915084055266898,6710940,NC
0.1741421449150155,6710941,NC
0.17413345007252046,6710942,NC
0.1441247560254078,6710943,NC
0.08911606277390169,6710944,NC
0.044107370318226,6710945,NC
0.019098678658604817,6710946,NC
0.004089987795262099,6710947,NC
-0.0009187022715782464,6710948,NC
-0.025927391541692234,6710949,NC
-0.04593608001485601,6710950,NC
-0.07094476769084564,6710951,NC
-0.07595345456943729,6710952,NC
-0.07596214065040709,6710953,NC
-0.07597082593353124,6710954,NC
-0.09597951041858592,6710955,NC
-0.12098819410534731,6710956,NC
-0.12599687699359172,6710957,NC
-0.1410055590830953,6710958,NC
-0.13101424037363446,6710959,NC
-0.11102292086498536,6710960,NC
-0.12103160055692441,6710961,NC
-0.12604027944922794,6710962,NC
-0.14604895754167227,6710963,NC
-0.14105763483403377,6710964,NC
-0.14106631132608893,6710965,NC
-0.12107498701761407,6710966,NC
-0.12108366190838568,6710967,NC
-0.1360923359981802,6710968,NC
-0.13110100928677415,6710969,NC
-0.13610968177394397,6710970,NC
-0.12111835345946624,6710971,NC
-0.1061270243431175,6710972,NC
-0.11613569442467428,6710973,NC
-0.1411443637039132,6710974,NC
-0.13615303218061084,6710975,NC
-0.12616169985454384,6710976,NC
-0.10117036672548885,6710977,NC
-0.10117903279322252,6710978,NC
-0.10118769805752156,6710979,NC
-0.11119636251816267,6710980,NC
-0.11620502617492262,6710981,NC
-0.12621368902757807,6710982,NC
-0.10122235107590591,6710983,NC
-0.07123101231968279,6710984,NC
-0.07623967275868568,6710985,NC
-0.0812483323926913,6710986,NC
-0.09125699122147654,6710987,NC
-0.0912656492448183,6710988,NC
-0.06127430646249342,6710989,NC
-0.04128296287427887,6710990,NC
-0.04629161847995155,6710991,NC
-0.051300273279288475,6710992,NC
-0.06130892727206655,6710993,NC
-0.05131758045806284,6710994,NC
-0.036326232837054336,6710995,NC
-0.026334884408818062,6710996,NC
-0.026343535173131125,6710997,NC
-0.031352185129770546,6710998,NC
-0.04136083427851351,6710999,NC
-0.031369482619137065,6711000,NC
-0.031378130151418424,6711001,NC
-0.011386776875134685,6711002,NC
-0.016395422790063105,6711003,NC
-0.021404067895980823,6711004,NC
-0.03141271219266514,6711005,NC
-0.03642135567989327,6711006,NC
-0.011429998357442451,6711007,NC
-0.006438640225090039,6711008,NC
0.003552718717386709,6711009,NC
-0.0014559215297895861,6711010,NC
-0.011464560966396236,6711011,NC
-0.006473199592210661,6711012,NC
0.0035181625929897944,6711013,NC
0.01850952558942766,6711014,NC
0.018500889397325512,6711015,NC
0.003492254016905935,6711016,NC
-0.006516380551608615,6711017,NC
-0.0015250143079955786,6711018,NC
0.013466352747967446,6711019,NC
0.01845772061650304,6711020,NC
0.013449089297833478,6711021,NC
-0.0015595412078186488,6711022,NC
-0.021568170900231116,6711023,NC
-0.01157679977918143,6711024,NC
-0.0015854278444472902,6711025,NC
0.01840594490419365,6711026,NC
0.013397318466963709,6711027,NC
0.008388692844085152,6711028,NC
-0.0066199319642197205,6711029,NC
0.008371444042271303,6711030,NC
0.008362820863780492,6711031,NC
0.028354198500529997,6711032,NC
0.02334557695274206,6711033,NC
0.013336956220638789,6711034,NC
0.008328336304442373,6711035,NC
0.0033197172043749335,6711036,NC
0.018311098920658526,6711037,NC
0.008302481453515288,6711038,NC
0.013293864803167216,6711039,NC
0.008285248969836408,6711040,NC
-0.006723366046255161,6711041,NC
-0.001731980244885474,6711042,NC
0.023259406374167423,6711043,NC
0.02825079381112551,6711044,NC
0.038242182066210696,6711045,NC
0.043233571139644884,6711046,NC
0.03322496103165002,6711047,NC
0.0482163517424479,6711048,NC
0.07320774327226043,6711049,NC
0.07319913562130939,6711050,NC
0.08319052878981664,6711051,NC
0.06318192277800391,6711052,NC
0.053173317586093,6711053,NC
0.06816471321430562,6711054,NC
0.08815610966286352,6711055,NC
0.1081475069319884,6711056,NC
0.11813890502190186,6711057,NC
0.09813030393282574,6711058,NC
0.09312170366498145,6711059,NC
0.09311310421859079,6711060,NC
0.10810450559387526,6711061,NC
0.11809590779105646,6711062,NC
0.09808731081035593,6711063,NC
0.08307871465199523,6711064,NC
0.07307011931619581,6711065,NC
0.07806152480317921,6711066,NC
0.0680529311131669,6711067,NC
0.0780443382463803,6711068,NC
0.07803574620304085,6711069,NC
0.05802715498336992,6711070,NC
0.038018564587588954,6711071,NC
0.03800997501591925,6711072,NC
0.043001386268582194,6711073,NC
0.05299279834579908,6711074,NC
0.04798421124779121,6711075,NC
0.03297562497477985,6711076,NC
0.012967039526986267,6711077,NC
0.017958454904631722,6711078,NC
0.022949871107937364,6711079,NC
0.027941288137124452,6711080,NC
0.027932705992414084,6711081,NC
0.0029241246740274937,6711082,NC
-0.007084455817814278,6711083,NC
-0.01209303548289006,6711084,NC
-0.01210161432097882,6711085,NC
0.002889807668140537,6711086,NC
-0.02211876951531093,6711087,NC
-0.017127345871112254,6711088,NC
-0.02213592139904237,6711089,NC
-0.01214449609888037,6711090,NC
-0.007153069970405233,6711091,NC
-0.0021616430133960876,6711092,NC
-0.012170215227631943,6711093,NC
-0.027178786612891987,6711094,NC
-0.027187357168955286,6711095,NC
-0.03219592689560104,6711096,NC
-0.022204495792608414,6711097,NC
-0.012213063859756536,6711098,NC
-0.012221631096824701,6711099,NC
-0.03723019750359208,6711100,NC
-0.04223876307983798,6711101,NC
-0.02724732782534164,6711102,NC
-0.027255891739882413,6711103,NC
-0.017264454823239565,6711104,NC
-0.01727301707519248,6711105,NC
-0.027281578495520497,6711106,NC
-0.032290139084003,6711107,NC
-0.032298698840419415,6711108,NC
-0.02730725776454915,6711109,NC
-0.0073158158561716785,6711110,NC
-0.01732437311506644,6711111,NC
-0.03233292954101297,6711112,NC
-0.03734148513379073,6711113,NC
-0.04235003989317932,6711114,NC
-0.02235859381895823,6711115,NC
-0.022367146910907097,6711116,NC
-0.037375699168805496,6711117,NC
-0.022384250592433028,6711118,NC
-0.03239280118156938,6711119,NC
-0.027401350935994166,6711120,NC
-0.022409899855487123,6711121,NC
-0.012418447939827913,6711122,NC
-0.007426995188796318,6711123,NC
-0.022435541602172024,6711124,NC
-0.022444087179734867,6711125,NC
-0.002452631921264617,6711126,NC
0.01753882417345895,6711127,NC
0.057530281104655925,6711128,NC
0.08252173887254653,6711129,NC
0.11251319747735081,6711130,NC
0.1525046569192889,6711131,NC
0.2274961171985809,6711132,NC
0.3374875783154468,6711133,NC
0.4324790402701067,6711134,NC
0.5274705030627806,6711135,NC
0.5774619666936883,6711136,NC
0.5774534311630501,6711137,NC
0.5974448964710858,6711138,NC
0.5474363626180153,6711139,NC
0.5074278296040585,6711140,NC
0.4574192974294353,6711141,NC
0.4274107660943656,6711142,NC
0.4324022355990692,6711143,NC
0.49739370594376586,6711144,NC
0.6023851771286755,6711145,NC
0.7173766491540178,6711146,NC
0.8523681220200124,6711147,NC
0.9423595957268793,6711148,NC
1.0373510702748383,6711149,NC
1.0973425456641084,6711150,NC
1.11233402189491,6711151,NC
1.0723254989674627,6711152,L
0.9773169768819856,6711153,NC
0.8723084556386986,6711154,NC
0.7722999352378215,6711155,NC
0.7022914156795733,6711156,NC
0.6372828969641742,6711157,NC
0.5672743790918431,6711158,NC
0.47226586206279997,6711159,NC
0.32725734587726407,6711160,NC
0.20724883053545481,6711161,NC
0.08224031603759174,6711162,NC
-0.02276819761610583,6711163,NC
-0.10777671042541848,6711164,NC
-0.1727852223901269,6711165,NC
-0.21279373351001163,6711166,NC
-0.23780224378485343,6711167,NC
-0.21281075321443305,6711168,NC
-0.18281926179853114,6711169,NC
-0.1428277695369285,6711170,NC
-0.12783627642940582,6711171,NC
-0.11284478247574399,6711172,NC
-0.11785328767572373,6711173,NC
-0.10286179202912596,6711174,NC
-0.09287029553573145,6711175,NC
-0.08787879819532117,6711176,NC
-0.09288730000767595,6711177,NC
-0.10289580097257674,6711178,NC
-0.11290430108980448,6711179,NC
-0.11291280035914011,6711180,NC
-0.08792129878036466,6711181,NC
-0.0679297963532591,6711182,NC
-0.07293829307760451,6711183,NC
-0.09294678895318187,6711184,NC
-0.09295528397977235,6711185,NC
-0.08296377815715698,6711186,NC
-0.08297227148511686,6711187,NC
-0.057980763963433206,6711188,NC
-0.0729892555918871,6711189,NC
-0.0729977463702598,6711190,NC
-0.08300623629833243,6711191,NC
-0.0780147253758863,6711192,NC
-0.07302321360270261,6711193,NC
-0.05303170097856265,6711194,NC
-0.058040187503247694,6711195,NC
-0.06304867317653909,6711196,NC
-0.06805715799821817,6711197,NC
-0.06806564196806625,6711198,NC
-0.05307412508586476,6711199,NC
-0.033082607351395066,6711200,NC
-0.03809108876443863,6711201,NC
-0.043099569324776876,6711202,NC
-0.053108049032191296,6711203,NC
-0.03311652788646334,6711204,NC
-0.023125005887374567,6711205,NC
-0.013133483034706472,6711206,NC
-0.013141959328240655,6711207,NC
-0.018150434767758697,6711208,NC
-0.028158909353042102,6711209,NC
-0.01316738308387264,6711210,NC
-0.0031758559600318023,6711211,NC
0.02181567201869858,6711212,NC
0.016807200852536966,6711213,NC
0.011798730541701545,6711214,NC
0.011790261086410639,6711215,NC
0.01678179248688246,6711216,NC
0.026773324743335228,6711217,NC
0.0517648578559872,6711218,NC
0.06675639182505647,6711219,NC
0.06674792665076128,6711220,NC
0.06173946233331968,6711221,NC
0.07173099887294984,6711222,NC
0.09672253626986983,6711223,NC
0.12171407452429775,6711224,NC
0.10670561363645159,6711225,NC
0.1266971536065494,6711226,NC
0.11668869443480917,6711227,NC
0.13668023612144892,6711228,NC
0.15667177866668655,6711229,NC
0.20166332207074003,6711230,NC
0.1916548663338273,6711231,NC
0.19164641145616618,6711232,NC
0.19663795743797463,6711233,NC
0.2166295042794704,6711234,NC
0.23662105198087138,6711235,NC
0.2616126005423953,6711236,NC
0.25160414996426,6711237,NC
0.27159570024668334,6711238,NC
0.2715872513898828,6711239,NC
0.3065788033940764,6711240,NC
0.3165703562594815,6711241,NC
0.3565619099863161,6711242,NC
0.3615534645747976,6711243,NC
0.3565450200251437,6711244,NC
0.351536576337572,6711245,NC
0.3665281335123002,6711246,NC
0.35651969154954566,6711247,NC
0.371511250449526,6711248,NC
0.34150281021245876,6711249,NC
0.3114943708385614,6711250,NC
0.2764859323280515,6711251,NC
0.26647749468114634,6711252,NC
0.2614690578980634,6711253,NC
0.2464606219790202,6711254,NC
0.22145218692423393,6711255,NC
0.18644375273392205,6711256,NC
0.15143531940830188,6711257,NC
0.1314268869475908,6711258,NC
0.13641845535200597,6711259,NC
0.14141002462176475,6711260,NC
0.11640159475708436,6711261,NC
0.08639316575818205,6711262,NC
0.061384737625274986,6711263,NC
0.05137631035858038,6711264,NC
0.05136788395831534,6711265,NC
0.06135945842469707,6711266,NC
0.04635103375794261,6711267,NC
0.026342609958269085,6711268,NC
0.021334187025893597,6711269,NC
0.016325764961033135,6711270,NC
0.01631734376390477,6711271,NC
0.03130892343472545,6711272,NC
0.021300503973712213,6711273,NC
0.00129208538108197,6711274,NC
-0.013716332342948324,6711275,NC
0.011275250801838221,6711276,NC
-0.003733165184341483,6711277,NC
0.0062584196987294435,6711278,NC
0.0012500054512678063,6711279,NC
-0.008758407926509539,6711280,NC
-0.01876682043438583,6711281,NC
-0.013775232072144244,6711282,NC
0.0012163571604319329,6711283,NC
0.016207947263559466,6711284,NC
0.011199538237455002,6711285,NC
-0.003808869917664645,6711286,NC
-0.013817277201582965,6711287,NC
-0.008825683614083209,6711288,NC
0.0011659108450512295,6711289,NC
0.001157506176036903,6711290,NC
0.00614910237909045,6711291,NC
-0.008859300545571644,6711292,NC
-0.013867702597732793,6711293,NC
-0.003876103777176544,6711294,NC
0.001115495916313651,6711295,NC
0.021107096482954196,6711296,NC
0.001098697922961564,6711297,NC
-0.008909699763447819,6711298,NC
-0.008918096576057598,6711299,NC
-0.018926492514651345,6711300,NC
-0.008934887579012764,6711301,NC
0.01105671823107452,6711302,NC
-0.0039516750841732395,6711303,NC
-0.013960067524539706,6711304,NC
-0.03396845908980867,6711305,NC
-0.018976849779763834,6711306,NC
-0.003985239594189054,6711307,NC
0.0010063714671319085,6711308,NC
-0.01900201659558478,6711309,NC
-0.014010403782122993,6711310,NC
-0.03401879009226657,6711311,NC
-0.02402717552579945,6711312,NC
-0.014035560082505522,6711313,NC
-0.00404394376216876,6711314,NC
-0.01405232656457309,6711315,NC
-0.029060708489502544,6711316,NC
-0.029069089536741113,6711317,NC
-0.034077469706072804,6711318,NC
-0.029085848997281716,6711319,NC
-0.014094227410151903,6711320,NC
-0.019102604944467486,6711321,NC
-0.044110981600012554,6711322,NC
-0.05411935737657132,6711323,NC
-0.04412773227392784,6711324,NC
-0.039136106291866445,6711325,NC
-0.024144479430171215,6711326,NC
-0.02915285168862652,6711327,NC
-0.03916122306701654,6711328,NC
-0.049169593565125534,6711329,NC
-0.04917796318273787,6711330,NC
-0.04418633191963783,6711331,NC
-0.024194699775609806,6711332,NC
-0.03420306675043813,6711333,NC
-0.044211432843907245,6711334,NC
-0.04921979805580152,6711335,NC
-0.06422816238590544,6711336,NC
-0.05423652583400344,6711337,NC
-0.03424488839988001,6711338,NC
-0.03925325008331968,6711339,NC
-0.05926161088410696,6711340,NC
-0.06426997080202643,6711341,NC
-0.06927832983686262,6711342,NC
-0.06428668798840019,6711343,NC
-0.049295045256423725,6711344,NC
-0.0493034016407179,6711345,NC
-0.07431175714106734,6711346,NC
-0.0743201117572568,6711347,NC
-0.05432846548907094,6711348,NC
-0.029336818336294503,6711349,NC
-0.014345170298712285,6711350,NC
-0.019353521376109024,6711351,NC
-0.024361871568269577,6711352,NC
-0.019370220874978722,6711353,NC
-0.019378569296021345,6711354,NC
-0.014386916831182293,6711355,NC
-0.009395263480246503,6711356,NC
-0.004403609242998846,6711357,NC
0.0005880458807756908,6711358,NC
-0.009420298108707863,6711359,NC
-0.004428641211234402,6711360,NC
0.020563016573410926,6711361,NC
0.03555467524544323,6711362,NC
0.035546334805077295,6711363,NC
0.02053799525252817,6711364,NC
-0.009470343411989317,6711365,NC
0.010521318811739754,6711366,NC
0.005512981923930189,6711367,NC
0.005504645924796839,6711368,NC
-0.00450368918544547,6711369,NC
-0.014512023406582,6711370,NC
-0.03952035673839794,6711371,NC
-0.049528689180678605,6711372,NC
-0.039537020733209235,6711373,NC
-0.02454535139577519,6711374,NC
-0.044553681168161746,6711375,NC
-0.05956201005015431,6711376,NC
-0.0695703380415382,6711377,NC
-0.07457866514209888,6711378,NC
-0.05958699135162175,6711379,NC
-0.05459531666989223,6711380,NC
-0.06460364109669584,6711381,NC
-0.084611964631818,6711382,NC
-0.0946202872750443,6711383,NC
-0.07962860902616023,6711384,NC
-0.0796369298849514,6711385,NC
-0.07464524985120333,6711386,NC
-0.08465356892470169,6711387,NC
-0.10466188710523208,6711388,NC
-0.12467020439258013,6711389,NC
-0.12467852078653158,6711390,NC
-0.11968683628687206,6711391,NC
-0.09969515089338733,6711392,NC
-0.08970346460586312,6711393,NC
-0.11471177742408525,6711394,NC
-0.12472008934783943,6711395,NC
-0.13472840037691153,6711396,NC
-0.12973671051108737,6711397,NC
-0.10974501975015283,6711398,NC
-0.1197533280938938,6711399,NC
-0.1247616355420961,6711400,NC
-0.1497699420945458,6711401,NC
-0.13477824775102873,6711402,NC
-0.11978655251133091,6711403,NC
-0.10479485637523836,6711404,NC
-0.1098031593425371,6711405,NC
-0.10981146141301312,6711406,NC
-0.12481976258645255,6711407,NC
-0.1248280628626415,6711408,NC
-0.13483636224136603,6711409,NC
-0.12484466072241227,6711410,NC
-0.11985295830556641,6711411,NC
-0.12986125499061466,6711412,NC
-0.14986955077734318,6711413,NC
-0.13487784566553823,6711414,NC
-0.12988613965498602,6711415,NC
-0.10989443274547289,6711416,NC
-0.1099027249367851,6711417,NC
-0.11991101622870902,6711418,NC
-0.14491930662103092,6711419,NC
-0.1299275961135372,6711420,NC
-0.10993588470601431,6711421,NC
-0.0949441723982486,6711422,NC
-0.10495245919002652,6711423,NC
-0.11496074508113452,6711424,NC
-0.11496903007135914,6711425,NC
-0.10497731416048683,6711426,NC
-0.08498559734830417,6711427,NC
-0.09499387963459768,6711428,NC
-0.07000216101915396,6711429,NC
-0.0800104415017596,6711430,NC
-0.0650187210822012,6711431,NC
-0.03002699976026547,6711432,NC
0.02496472246426098,6711433,NC
0.10495644559159142,6711434,NC
0.17994816962193913,6711435,NC
0.26493989455551736,6711436,NC
0.33993162039253944,6711437,NC
0.41992334713321844,6711438,NC
0.47991507477776757,6711439,NC
0.5049068033264001,6711440,NC
0.46489853277932913,6711441,NC
0.42489026313676775,6711442,NC
0.3598819943989291,6711443,NC
0.33487372656602615,6711444,NC
0.34986545963827204,6711445,NC
0.4048571936158798,6711446,NC
0.4848489284990624,6711447,NC
0.5948406642880328,6711448,NC
0.719832400983004,6711449,NC
0.8448241385841889,6711450,NC
0.9548158770918005,6711451,NC
1.0398076165060515,6711452,NC
1.0297993568271548,6711453,NC
0.9697910980553235,6711454,L
0.8597828401907703,6711455,NC
0.7647745832337078,6711456,NC
0.6797663271843488,6711457,NC
0.6097580720429062,6711458,NC
0.5147498178095927,6711459,NC
0.38974156448462083,6711460,NC
0.2697333120682035,6711461,NC
0.15972506056055322,6711462,NC
0.02971680996188264,6711463,NC
-0.06529143972759562,6711464,NC
-0.170299688507669,6711465,NC
-0.2553079363781249,6711466,NC
-0.3053161833387509,6711467,NC
-0.32532442938933426,6711468,NC
-0.30533267452966273,6711469,NC
-0.2703409187595237,6711470,NC
-0.24034916207870477,6711471,NC
-0.24035740448699355,6711472,NC
-0.23536564598417767,6711473,NC
-0.2253738865700447,6711474,NC
-0.2053821262443823,6711475,NC
-0.19039036500697815,6711476,NC
-0.2103986028576199,6711477,NC
-0.22040683979609543,6711478,NC
-0.23041507582219237,6711479,NC
-0.21542331093569844,6711480,NC
-0.21543154513640156,6711481,NC
-0.21043977842408945,6711482,NC
-0.21544801079855003,6711483,NC
-0.2254562422595711,6711484,NC
-0.22046447280694056,6711485,NC
-0.22047270244044634,6711486,NC
-0.20048093115987642,6711487,NC
-0.18048915896501866,6711488,NC
-0.18549738585566108,6711489,NC
-0.19050561183159173,6711490,NC
-0.2105138368925986,6711491,NC
-0.19552206103846975,6711492,NC
-0.19553028426899324,6711493,NC
-0.17053850658395722,6711494,NC
-0.17554672798314974,6711495,NC
-0.180554948466359,6711496,NC
-0.19556316803337317,6711497,NC
-0.20057138668398045,6711498,NC
-0.180579604417969,6711499,NC
-0.16558782123512714,6711500,NC
-0.1505960371352431,6711501,NC
-0.15560425211810514,6711502,NC
-0.16561246618350162,6711503,NC
-0.17062067933122085,6711504,NC
-0.1306288915610512,6711505,NC
-0.13063710287278105,6711506,NC
-0.13064531326619883,6711507,NC
-0.11565352274109293,6711508,NC
-0.12566173129725183,6711509,NC
-0.11566993893446402,6711510,NC
-0.08567814565251797,6711511,NC
-0.07568635145120226,6711512,NC
-0.07069455633030532,6711513,NC
-0.07070276028961588,6711514,NC
-0.07071096332892239,6711515,NC
-0.06571916544801361,6711516,NC
-0.05072736664667807,6711517,NC
-0.03073556692470451,6711518,NC
-0.005743766281881599,6711519,NC
-0.020751964717998027,6711520,NC
-0.010760162232842568,6711521,NC
-0.005768358826203961,6711522,NC
0.024223445502128974,6711523,NC
0.059215250752367485,6711524,NC
0.07420705692472267,6711525,NC
0.07919886401940572,6711526,NC
0.06919067203662771,6711527,NC
0.08418248097659979,6711528,NC
0.099174290839533,6711529,NC
0.14416610162563834,6711530,NC
0.15915791333512694,6711531,NC
0.15414972596820972,6711532,NC
0.15914153952509769,6711533,NC
0.15913335400600176,6711534,NC
0.1791251694111329,6711535,NC
0.20411698574070197,6711536,NC
0.22410880299491995,6711537,NC
0.2241006211739976,6711538,NC
0.22409244027814573,6711539,NC
0.24908426030757522,6711540,NC
0.2690760812624968,6711541,NC
0.29906790314312137,6711542,NC
0.2840597259496595,6711543,NC
0.269051549682322,6711544,NC
0.2690433743413194,6711545,NC
0.25903519992686264,6711546,NC
0.25402702643916214,6711547,NC
0.2640188538784286,6711548,NC
0.23401068224487265,6711549,NC
0.1990025115387047,6711550,NC
0.1689943417601355,6711551,NC
0.13898617290937545,6711552,NC
0.13397800498663515,6711553,NC
0.1189698379921249,6711554,NC
0.09896167192605534,6711555,NC
0.06395350678863676,6711556,NC
0.028945342580079657,6711557,NC
0.018937179300594333,6711558,NC
0.023929016950391173,6711559,NC
0.018920855529680557,6711560,NC
0.008912695038672709,6711561,NC
-0.011095464522422015,6711562,NC
-0.036103623153393424,6711563,NC
-0.031111780854031223,6711564,NC
-0.04111993762412524,6711565,NC
-0.03112809346346526,6711566,NC
-0.056136248371841155,6711567,NC
-0.06614440234904273,6711568,NC
-0.07115255539485996,6711569,NC
-0.08116070750908266,6711570,NC
-0.0711688586915008,6711571,NC
-0.046177008941904366,6711572,NC
-0.07118515826008327,6711573,NC
-0.0761933066458276,6711574,NC
-0.0812014540989273,6711575,NC
-0.07620960061917251,6711576,NC
-0.07621774620635323,6711577,NC
-0.08122589086025961,6711578,NC
-0.09123403458068177,6711579,NC
-0.09624217736740982,6711580,NC
-0.10125031922023399,6711581,NC
-0.09625846013894442,6711582,NC
-0.08626660012333139,6711583,NC
-0.07627473917318509,6711584,NC
-0.09128287728829582,6711585,NC
-0.10129101446845386,6711586,NC
-0.10129915071344955,6711587,NC
-0.10630728602307321,6711588,NC
-0.08631542039711523,6711589,NC
-0.07632355383536601,6711590,NC
-0.07633168633761589,6711591,NC
-0.08633981790365539,6711592,NC
-0.10134794853327489,6711593,NC
-0.10135607822626497,6711594,NC
-0.09136420698241605,6711595,NC
-0.09137233480151875,6711596,NC
-0.09638046168336356,6711597,NC
-0.10138858762774113,6711598,NC
-0.12139671263444202,6711599,NC
-0.12140483670325683,6711600,NC
-0.0964129598339763,6711601,NC
-0.08642108202639104,6711602,NC
-0.0864292032802918,6711603,NC
-0.09643732359546925,6711604,NC
-0.10644544297171424,6711605,NC
-0.10645356140881743,6711606,NC
-0.10146167890656971,6711607,NC
-0.09646979546476184,6711608,NC
-0.09147791108318473,6711609,NC
-0.10148602576162924,6711610,NC
-0.09649413949988621,6711611,NC
-0.12150225229774664,6711612,NC
-0.1115103641550014,6711613,NC
-0.08151847507144153,6711614,NC
-0.09652658504685799,6711615,NC
-0.0915346940810418,6711616,NC
-0.11154280217378398,6711617,NC
-0.10155090932487568,6711618,NC
-0.1015590155341079,6711619,NC
-0.09156712080127177,6711620,NC
-0.10157522512615849,6711621,NC
-0.11658332850855915,6711622,NC
-0.12159143094826502,6711623,NC
-0.1265995324450672,6711624,NC
-0.13660763299875706,6711625,NC
-0.12161573260912574,6711626,NC
-0.10162383127596464,6711627,NC
-0.11663192899906494,6711628,NC
-0.12164002577821811,6711629,NC
-0.13664812161321543,6711630,NC
-0.12665621650384826,6711631,NC
-0.10166431044990806,6711632,NC
-0.10667240345118625,6711633,NC
-0.12168049550747428,6711634,NC
-0.13668858661856362,6711635,NC
-0.13669667678424582,6711636,NC
-0.13170476600431233,6711637,NC
-0.1217128542785548,6711638,NC
-0.10672094160676474,6711639,NC
-0.13172902798873376,6711640,NC
-0.1417371134242535,6711641,NC
-0.14674519791311558,6711642,NC
-0.13175328145511175,6711643,NC
-0.09676136405003363,6711644,NC
-0.10676944569767302,6711645,NC
-0.10177752639782156,6711646,NC
-0.10178560615027114,6711647,NC
-0.09679368495481348,6711648,NC
-0.07180176281124045,6711649,NC
-0.07180983971934388,6711650,NC
-0.0668179156789156,6711651,NC
-0.08682599068974758,6711652,NC
-0.09683406475163167,6711653,NC
-0.07684213786435987,6711654,NC
-0.06185021002772409,6711655,NC
-0.031858281241516385,6711656,NC
-0.04186635150552872,6711657,NC
-0.04687442081955318,6711658,NC
-0.051882489183381814,6711659,NC
-0.05189055659680669,6711660,NC
-0.041898623059619965,6711661,NC
-0.04190668857161374,6711662,NC
-0.06191475313258025,6711663,NC
-0.07192281674231155,6711664,NC
-0.08693087940060001,6711665,NC
-0.09693894110723772,6711666,NC
-0.08694700186201709,6711667,NC
-0.08695506166473028,6711668,NC
-0.08696312051516969,6711669,NC
-0.10697117841312762,6711670,NC
-0.12197923535839639,6711671,NC
-0.12698729135076844,6711672,NC
-0.12699534639003618,6711673,NC
-0.11200340047599203,6711674,NC
-0.13201145360842842,6711675,NC
-0.1370195057871379,6711676,NC
-0.1420275570119129,6711677,NC
-0.15703560728254604,6711678,NC
-0.1420436565988298,6711679,NC
-0.12705170496055682,6711680,NC
-0.14205975236751966,6711681,NC
-0.17706779881951099,6711682,NC
-0.1920758443163234,6711683,NC
-0.20708388885774967,6711684,NC
-0.1920919324435824,6711685,NC
-0.1670999750736144,6711686,NC
-0.15210801674763838,6711687,NC
-0.15711605746544713,6711688,NC
-0.18712409722683346,6711689,NC
-0.1871321360315902,6711690,NC
-0.1771401738795102,6711691,NC
-0.16214821077038633,6711692,NC
-0.16715624670401147,6711693,NC
-0.17716428168017861,6711694,NC
-0.18717231569868065,6711695,NC
-0.20718034875931057,6711696,NC
-0.19218838086186138,6711697,NC
-0.16719641200612612,6711698,NC
-0.1622044421918978,6711699,NC
-0.17721247141896956,6711700,NC
-0.19222049968713448,6711701,NC
-0.18722852699618558,6711702,NC
-0.18223655334591615,6711703,NC
-0.17224457873611929,6711704,NC
-0.16725260316658824,6711705,NC
-0.17726062663711617,6711706,NC
-0.19226864914749636,6711707,NC
-0.18227667069752204,6711708,NC
-0.1822846912869866,6711709,NC
-0.16729271091568332,6711710,NC
-0.18230072958340549,6711711,NC
-0.17730874728994656,6711712,NC
-0.19231676403509984,6711713,NC
-0.20232477981865885,6711714,NC
-0.18233279464041696,6711715,NC
-0.15734080850016768,6711716,NC
-0.1623488213977045,6711717,NC
-0.16735683333282095,6711718,NC
-0.17236484430531054,6711719,NC
-0.17737285431496688,6711720,NC
-0.16238086336158353,6711721,NC
-0.1423888714449541,6711722,NC
-0.1373968785648723,6711723,NC
-0.1324048847211317,6711724,NC
-0.12741288991352612,6711725,NC
-0.10242089414184917,6711726,NC
-0.05742889740589466,6711727,NC
0.0175631002945437,6711728,NC
0.09255509895967207,6711729,NC
0.1725470985896966,6711730,NC
0.23753909918482358,6711731,NC
0.31253110074525897,6711732,NC
0.377523103271209,6711733,NC
0.4125151067628797,6711734,NC
0.4075071112204772,6711735,NC
0.35249911664420747,6711736,NC
0.30749112303427645,6711737,NC
0.2474831303908902,6711738,NC
0.22747513871425476,6711739,NC
0.2624671480045759,6711740,NC
0.31745915826205956,6711741,NC
0.4074511694869118,6711742,NC
0.5174431816793383,6711743,NC
0.6424351948395449,6711744,NC
0.7674272089677374,6711745,NC
0.8724192240641218,6711746,NC
0.9224112401289034,6711747,NC
0.8974032571622885,6711748,L
0.8073952751644824,6711749,NC
0.6923872941356909,6711750,NC
0.5923793140761198,6711751,NC
0.5073713349859745,6711752,NC
0.4273633568654608,6711753,NC
0.33235537971478407,6711754,NC
0.18734740353415008,6711755,NC
0.06733942832376424,6711756,NC
-0.06266854591616786,6711757,NC
-0.1526765191854408,6711758,NC
-0.2576844914838491,6711759,NC
-0.3526924628111873,6711760,NC
-0.40770043316725,6711761,NC
-0.42770840255183196,6711762,NC
-0.4127163709647276,6711763,NC
-0.3927243384057316,6711764,NC
-0.35773230487463886,6711765,NC
-0.3377402703712439,6711766,NC
-0.34274823489534156,6711767,NC
-0.3127561984467266,6711768,NC
-0.28776416102519375,6711769,NC
-0.2727721226305379,6711770,NC
-0.28778008326255383,6711771,NC
-0.29778804292103644,6711772,NC
-0.2977960016057806,6711773,NC
-0.30280395931658133,6711774,NC
-0.29781191605323337,6711775,NC
-0.28281987181553186,6711776,NC
-0.2728278266032717,6711777,NC
-0.287835780416248,6711778,NC
-0.2928437332542557,6711779,NC
-0.29285168511709003,6711780,NC
-0.2728596360045458,6711781,NC
-0.26286758591641846,6711782,NC
-0.25287553485250286,6711783,NC
-0.26788348281259433,6711784,NC
-0.2878914297964881,6711785,NC
-0.28789937580397923,6711786,NC
-0.2679073208348631,6711787,NC
-0.2579152648889349,6711788,NC
-0.25792320796599,6711789,NC
-0.2679311500658237,6711790,NC
-0.2579390911882312,6711791,NC
-0.2579470313330081,6711792,NC
-0.23295497049994965,6711793,NC
-0.2079629086888513,6711794,NC
-0.2179708458995085,6711795,NC
-0.22297878213171674,6711796,NC
-0.22298671738527148,6711797,NC
-0.21299465165996828,6711798,NC
-0.19300258495560266,6711799,NC
-0.1780105172719702,6711800,NC
-0.1630184486088665,6711801,NC
-0.16802637896608716,6711802,NC
-0.16803430834342786,6711803,NC
-0.16304223674068422,6711804,NC
-0.153050164157652,6711805,NC
-0.12305809059412687,6711806,NC
-0.1280660160499046,6711807,NC
-0.113073940524781,6711808,NC
-0.11808186401855184,6711809,NC
-0.11308978653101293,6711810,NC
-0.0930977080619601,6711811,NC
-0.07810562861118929,6711812,NC
-0.05311354817849634,6711813,NC
-0.05312146676367721,6711814,NC
-0.05812938436652783,6711815,NC
-0.04313730098684422,6711816,NC
-0.023145216624422288,6711817,NC
-0.008153131279058187,6711818,NC
0.01183895504945217,6711819,NC
0.026831042361312576,6711820,NC
0.016823130656726998,6711821,NC
0.036815219935899327,6711822,NC
0.06180731019903336,6711823,NC
0.08679940144633295,6711824,NC
0.09179149367800188,6711825,NC
0.10678358689424391,6711826,NC
0.09177568109526282,6711827,NC
0.1067677762812623,6711828,NC
0.13175987245244605,6711829,NC
0.16175196960901778,6711830,NC
0.15674406775118102,6711831,NC
0.1617361668791395,6711832,NC
0.1617282669930968,6711833,NC
0.15672036809325643,6711834,NC
0.186712470179822,6711835,NC
0.21170457325299696,6711836,NC
0.1916966773129849,6711837,NC
0.19168878235998915,6711838,NC
0.16668088839421324,6711839,NC
0.17167299541586056,6711840,NC
0.17166510342513452,6711841,NC
0.1816572124222385,6711842,NC
0.15164932240737578,6711843,NC
0.12164143338074973,6711844,NC
0.08163354534256356,6711845,NC
0.06662565829302064,6711846,NC
0.05661777223232411,6711847,NC
0.04660988716067725,6711848,NC
0.02160200307828318,6711849,NC
-0.028405880014654862,6711850,NC
-0.05841376211793381,6711851,NC
-0.07342164323135056,6711852,NC
-0.0684295233547019,6711853,NC
-0.06843740248778496,6711854,NC
-0.09844528063039652,6711855,NC
-0.10345315778233376,6711856,NC
-0.12846103394339353,6711857,NC
-0.128468909113373,6711858,NC
-0.12347678329206915,6711859,NC
-0.12848465647927912,6711860,NC
-0.13349252867480005,6711861,NC
-0.153500399878429,6711862,NC
-0.15850827008996324,6711863,NC
-0.1635161393091999,6711864,NC
-0.15352400753593626,6711865,NC
-0.13353187476996953,6711866,NC
-0.16353974101109697,6711867,NC
-0.1685476062591159,6711868,NC
-0.18855547051382365,6711869,NC
-0.18356333377501757,6711870,NC
-0.17357119604249507,6711871,NC
-0.15857905731605348,6711872,NC
-0.16858691759549024,6711873,NC
-0.16859477688060287,6711874,NC
-0.18360263517118874,6711875,NC
-0.18361049246704544,6711876,NC
-0.18361834876797048,6711877,NC
-0.16862620407376144,6711878,NC
-0.16863405838421586,6711879,NC
-0.18864191169913133,6711880,NC
-0.19364976401830555,6711881,NC
-0.1936576153415361,6711882,NC
-0.17866546566862077,6711883,NC
-0.1636733149993571,6711884,NC
-0.16368116333354302,6711885,NC
-0.18868901067097615,6711886,NC
-0.19869685701145437,6711887,NC
-0.2087047023547754,6711888,NC
-0.18871254670073714,6711889,NC
-0.17372039004913745,6711890,NC
-0.1787282323997742,6711891,NC
-0.18873607375244533,6711892,NC
-0.19374391410694874,6711893,NC
-0.19375175346308246,6711894,NC
-0.18375959182064439,6711895,NC
-0.17376742917943266,6711896,NC
-0.1737752655392452,6711897,NC
-0.18878310089988015,6711898,NC
-0.2087909352611356,6711899,NC
-0.18879876862280964,6711900,NC
-0.16880660098470046,6711901,NC
-0.16881443234660617,6711902,NC
-0.16382226270832503,6711903,NC
-0.17383009206965525,6711904,NC
-0.18383792043039504,6711905,NC
-0.18884574779034272,6711906,NC
-0.1838535741492966,6711907,NC
-0.16386139950705494,6711908,NC
-0.18386922386341614,6711909,NC
-0.17887704721817863,6711910,NC
-0.1888848695711407,6711911,NC
-0.19389269092210087,6711912,NC
-0.18390051127085755,6711913,NC
-0.16390833061720927,6711914,NC
-0.17891614896095448,6711915,NC
-0.19892396630189174,6711916,NC
-0.1939317826398196,6711917,NC
-0.1939395979745367,6711918,NC
-0.19394741230584153,6711919,NC
-0.20395522563353286,6711920,NC
-0.18896303795740926,6711921,NC
-0.18897084927726948,6711922,NC
-0.20397865959291223,6711923,NC
-0.19898646890413615,6711924,NC
-0.19399427721074014,6711925,NC
-0.17400208451252294,6711926,NC
-0.18900989080928335,6711927,NC
-0.1940176961008202,6711928,NC
-0.21902550038693244,6711929,NC
-0.2040333036674189,6711930,NC
-0.20904110594207853,6711931,NC
-0.18904890721071024,6711932,NC
-0.19905670747311305,6711933,NC
-0.20406450672908594,6711934,NC
-0.22407230497842787,6711935,NC
-0.22408010222093802,6711936,NC
-0.19908789845641536,6711937,NC
-0.18409569368465906,6711938,NC
-0.19410348790546822,6711939,NC
-0.19911128111864201,6711940,NC
-0.21911907332397956,6711941,NC
-0.18912686452128014,6711942,NC
-0.184134654710343,6711943,NC
-0.15414244389096732,6711944,NC
-0.14915023206295241,6711945,NC
-0.15915801922609762,6711946,NC
-0.16916580538020226,6711947,NC
-0.1591735905250657,6711948,NC
-0.1441813746604873,6711949,NC
-0.13918915778626653,6711950,NC
-0.13419693990220277,6711951,NC
-0.14420472100809556,6711952,NC
-0.12921250110374433,6711953,NC
-0.1342202801889486,6711954,NC
-0.10922805826350797,6711955,NC
-0.07923583532722196,6711956,NC
-0.08424361137989017,6711957,NC
-0.10425138642131226,6711958,NC
-0.12925916045128782,6711959,NC
-0.13926693346961663,6711960,NC
-0.1242747054760983,6711961,NC
-0.11428247647053255,6711962,NC
-0.1242902464527192,6711963,NC
-0.12929801542245795,6711964,NC
-0.1643057833795487,6711965,NC
-0.1593135503237912,6711966,NC
-0.15432131625498538,6711967,NC
-0.14432908117293103,6711968,NC
-0.14933684507742817,6711969,NC
-0.15934460796827662,6711970,NC
-0.18935236984527648,6711971,NC
-0.19436013070822764,6711972,NC
-0.1893678905569301,6711973,NC
-0.16937564939118396,6711974,NC
-0.17938340721078927,6711975,NC
-0.18939116401554612,6711976,NC
-0.20439891980525463,6711977,NC
-0.2144066745797149,6711978,NC
-0.2244144283387272,6711979,NC
-0.20442218108209168,6711980,NC
-0.1944299328096085,6711981,NC
-0.214437683521078,6711982,NC
-0.21944543321630045,6711983,NC
-0.22445318189507607,6711984,NC
-0.21446092955720528,6711985,NC
-0.21446867620248838,6711986,NC
-0.2144764218307258,6711987,NC
-0.2294841664417179,6711988,NC
-0.23949191003526515,6711989,NC
-0.23949965261116796,6711990,NC
-0.24950739416922688,6711991,NC
-0.2245151347092424,6711992,NC
-0.224522874231015,6711993,NC
-0.23953061273434534,6711994,NC
-0.2545383502190339,6711995,NC
-0.26454608668488144,6711996,NC
-0.24455382213168844,6711997,NC
-0.22456155655925572,6711998,NC
-0.22956928996738388,6711999,NC
-0.23457702235587372,6712000,NC
-0.24458475372452587,6712001,NC
-0.24459248407314121,6712002,NC
-0.22960021340152054,6712003,NC
-0.2196079417094646,6712004,NC
-0.22961566899677435,6712005,NC
-0.23462339526325057,6712006,NC
-0.23963112050869426,6712007,NC
-0.23963884473290625,6712008,NC
-0.2346465679356876,6712009,NC
-0.20965429011683923,6712010,NC
-0.2146620112761622,6712011,NC
-0.1996697314134575,6712012,NC
-0.1846774505285262,6712013,NC
-0.13968516862116942,6712014,NC
-0.08469288569118825,6712015,NC
-0.019700601738383863,6712016,NC
0.07529168323744262,6712017,NC
0.14528396923648992,6712018,NC
0.2102762562589569,6712019,NC
0.24526854430504225,6712020,NC
0.25026083337494476,6712021,NC
0.2002531234688631,6712022,NC
0.1102454145869959,6712023,NC
0.0002377067295418686,6712024,NC
-0.06477000010330043,6712025,NC
-0.04477770591133236,6712026,NC
0.03521458930564461,6712027,NC
0.14520688554782907,6712028,NC
0.2601991828154194,6712029,NC
0.39019148110861435,6712030,NC
0.47518378042761217,6712031,NC
0.5501760807726113,6712032,NC
0.6051683821438102,6712033,NC
0.5951606845414072,6712034,L
0.5151529879656008,6712035,NC
0.3901452924165892,6712036,NC
0.2751375978945707,6712037,NC
0.18012990439974363,6712038,NC
0.09012221193230621,6712039,NC
-0.00988547950754335,6712040,NC
-0.09989316991960681,6712041,NC
-0.21990085930368602,6712042,NC
-0.3349085476595829,6712043,NC
-0.43491623498709925,6712044,NC
-0.499923921286037,6712045,NC
-0.5149316065561981,6712046,NC
-0.5349392907973844,6712047,NC
-0.5549469740093982,6712048,NC
-0.5349546561920411,6712049,NC
-0.49996233734511547,6712050,NC
-0.4649700174684232,6712051,NC
-0.39997769656176646,6712052,NC
-0.3699853746249474,6712053,NC
-0.3299930516577681,6712054,NC
-0.32500072766003074,6712055,NC
-0.3150084026315376,6712056,NC
-0.2950160765720908,6712057,NC
-0.2750237494814926,6712058,NC
-0.2750314213595454,6712059,NC
-0.2800390922060514,6712060,NC
-0.27504676202081296,6712061,NC
-0.30005443080363253,6712062,NC
-0.28006209855431236,6712063,NC
-0.2650697652726549,6712064,NC
-0.2450774309584626,6712065,NC
-0.25508509561153797,6712066,NC
-0.26509275923168346,6712067,NC
-0.25510042181870163,6712068,NC
-0.24010808337239498,6712069,NC
-0.2351157438925661,6712070,NC
-0.2251234033790176,6712071,NC
-0.2301310618315521,6712072,NC
-0.2501387192499722,6712073,NC
-0.2551463756340807,6712074,NC
-0.23015403098368029,6712075,NC
-0.21516168529857357,6712076,NC
-0.20016933857856342,6712077,NC
-0.2151769908234526,6712078,NC
-0.21518464203304388,6712079,NC
-0.21519229220714017,6712080,NC
-0.1951999413455443,6712081,NC
-0.17520758944805923,6712082,NC
-0.17521523651448775,6712083,NC
-0.18522288254463287,6712084,NC
-0.19023052753829758,6712085,NC
-0.18523817149528488,6712086,NC
-0.1652458144153978,6712087,NC
-0.13525345629843932,6712088,NC
-0.14026109714421264,6712089,NC
-0.13026873695252078,6712090,NC
-0.13027637572316694,6712091,NC
-0.12528401345595425,6712092,NC
-0.10529165015068584,6712093,NC
-0.085299285807165,6712094,NC
-0.08030692042519495,6712095,NC
-0.08031455400457896,6712096,NC
-0.08032218654512031,6712097,NC
-0.07032981804662235,6712098,NC
-0.0503374485088884,6712099,NC
-0.025345077931721846,6712100,NC
-0.020352706314926073,6712101,NC
-0.010360333658304549,6712102,NC
-0.025367959961660705,6712103,NC
-0.0003755852247979974,6712104,NC
0.01961679055248,6712105,NC
0.03460916737036982,6712106,NC
0.04960154522906785,6712107,NC
0.054593924128770545,6712108,NC
0.049586304069674236,6712109,NC
0.06957868505197534,6712110,NC
0.09957106707587013,6712111,NC
0.11456345014155492,6712112,NC
0.12955583424922607,6712113,NC
0.13954821939907966,6712114,NC
0.1345406055913121,6712115,NC
0.13953299282611942,6712116,NC
0.15452538110369796,6712117,NC
0.1795177704242437,6712118,NC
0.17451016078795284,6712119,NC
0.19450255219502144,6712120,NC
0.18949494464564565,6712121,NC
0.19948733814002131,6712122,NC
0.2144797326783446,6712123,NC
0.2194721282608115,6712124,NC
0.24446452488761783,6712125,NC
0.24945692255895965,6712126,NC
0.2244493212750328,6712127,NC
0.21444172103603318,6712128,NC
0.2144341218421566,6712129,NC
0.23942652369359893,6712130,NC
0.21941892659055587,6712131,NC
0.1894113305332233,6712132,NC
0.15940373552179685,6712133,NC
0.13939614155647229,6712134,NC
0.12938854863744537,6712135,NC
0.10938095676491158,6712136,NC
0.08937336593906672,6712137,NC
0.06436577616010629,6712138,NC
0.01935818742822592,6712139,NC
-0.0006494002563788848,6712140,NC
-0.005656986893512551,6712141,NC
-0.030664572482979637,6712142,NC
-0.03567215702458466,6712143,NC
-0.06067974051813213,6712144,NC
-0.08568732296342668,6712145,NC
-0.10069490436027291,6712146,NC
-0.10570248470847549,6712147,NC
-0.08571006400783901,6712148,NC
-0.09571764225816823,6712149,NC
-0.13572521945926785,6712150,NC
-0.1457327956109426,6712151,NC
-0.1457403707129973,6712152,NC
-0.13574794476523672,6712153,NC
-0.1257555177674657,6712154,NC
-0.15576308971948907,6712155,NC
-0.16577066062111176,6712156,NC
-0.1807782304721386,6712157,NC
-0.17578579927237464,6712158,NC
-0.1707933670216247,6712159,NC
-0.15580093371969392,6712160,NC
-0.15580849936638722,6712161,NC
-0.1708160639615097,6712162,NC
-0.1758236275048664,6712163,NC
-0.18583118999626239,6712164,NC
-0.17583875143550287,6712165,NC
-0.18084631182239294,6712166,NC
-0.1708538711567378,6712167,NC
-0.19586142943834264,6712168,NC
-0.19086898666701274,6712169,NC
-0.19087654284255334,6712170,NC
-0.18088409796476973,6712171,NC
-0.17589165203346718,6712172,NC
-0.18589920504845106,6712173,NC
-0.18090675700952683,6712174,NC
-0.19091430791649971,6712175,NC
-0.19592185776917528,6712176,NC
-0.18092940656735895,6712177,NC
-0.17093695431085618,6712178,NC
-0.16594450099947244,6712179,NC
-0.18595204663301335,6712180,NC
-0.19595959121128442,6712181,NC
-0.21096713473409126,6712182,NC
-0.21597467720123945,6712183,NC
-0.19598221861253465,6712184,NC
-0.19598975896778256,6712185,NC
-0.18099729826678884,6712186,NC
-0.1960048365093592,6712187,NC
-0.19601237369529945,6712188,NC
-0.1860199098244153,6712189,NC
-0.17102744489651261,6712190,NC
-0.18103497891139722,6712191,NC
-0.20104251186887492,6712192,NC
-0.19105004376875165,6712193,NC
-0.18605757461083336,6712194,NC
-0.18606510439492588,6712195,NC
-0.17107263312083532,6712196,NC
-0.18108016078836756,6712197,NC
-0.19108768739732868,6712198,NC
-0.1960952129475247,6712199,NC
-0.20610273743876176,6712200,NC
-0.20111026087084585,6712201,NC
-0.20111778324358326,6712202,NC
-0.19612530455678,6712203,NC
-0.19613282481024236,6712204,NC
-0.21114034400377651,6712205,NC
-0.2111478621371887,6712206,NC
-0.1961553792102852,6712207,NC
-0.19116289522287228,6712208,NC
-0.18617041017475633,6712209,NC
-0.19617792406574364,6712210,NC
-0.22618543689564063,6712211,NC
-0.22619294866425368,6712212,NC
-0.21120045937138926,6712213,NC
-0.20120796901685378,6712214,NC
-0.21121547760045373,6712215,NC
-0.22622298512199568,6712216,NC
-0.2312304915812861,6712217,NC
-0.23123799697813163,6712218,NC
-0.2212455013123388,6712219,NC
-0.20625300458371434,6712220,NC
-0.21626050679206477,6712221,NC
-0.23126800793719687,6712222,NC
-0.23127550801891733,6712223,NC
-0.2312830070370328,6712224,NC
-0.22629050499135017,6712225,NC
-0.21629800188167614,6712226,NC
-0.23130549770781758,6712227,NC
-0.2363129924695813,6712228,NC
-0.2663204861667742,6712229,NC
-0.2463279787992031,6712230,NC
-0.25133547036667503,6712231,NC
-0.22634296086899688,6712232,NC
-0.23135045030597567,6712233,NC
-0.2513579386774184,6712234,NC
-0.2563654259831321,6712235,NC
-0.25137291222292385,6712236,NC
-0.2363803973966007,6712237,NC
-0.22638788150396977,6712238,NC
-0.21639536454483824,6712239,NC
-0.2214028465190133,6712240,NC
-0.24641032742630206,6712241,NC
-0.2314178072665119,6712242,NC
-0.20642528603944996,6712243,NC
-0.19143276374492352,6712244,NC
-0.18144024038273998,6712245,NC
-0.20144771595270655,6712246,NC
-0.20645519045463073,6712247,NC
-0.1964626638883198,6712248,NC
-0.19147013625358128,6712249,NC
-0.16647760755022253,6712250,NC
-0.1714850777780511,6712251,NC
-0.16149254693687445,6712252,NC
-0.17650001502650017,6712253,NC
-0.17650748204673575,6712254,NC
-0.14151494799738878,6712255,NC
-0.1315224128782669,6712256,NC
-0.13652987668917776,6712257,NC
-0.15153733942992903,6712258,NC
-0.16654480110032835,6712259,NC
-0.16655226170018353,6712260,NC
-0.16655972122930224,6712261,NC
-0.16156717968749235,6712262,NC
-0.17157463707456158,6712263,NC
-0.1815820933903178,6712264,NC
-0.2115895486345689,6712265,NC
-0.20659700280712273,6712266,NC
-0.20160445590778722,6712267,NC
-0.2016119079363703,6712268,NC
-0.20661935889268,6712269,NC
-0.22662680877652425,6712270,NC
-0.23663425758771114,6712271,NC
-0.24164170532604864,6712272,NC
-0.23664915199134495,6712273,NC
-0.21665659758340808,6712274,NC
-0.22666404210204621,6712275,NC
-0.24167148554706755,6712276,NC
-0.25167892791828017,6712277,NC
-0.26168636921549243,6712278,NC
-0.2566938094385125,6712279,NC
-0.2567012485871487,6712280,NC
-0.2717086866612093,6712281,NC
-0.2767161236605026,6712282,NC
-0.281723559584837,6712283,NC
-0.286730994434021,6712284,NC
-0.2767384282078628,6712285,NC
-0.256745860906171,6712286,NC
-0.276753292528754,6712287,NC
-0.2767607230754204,6712288,NC
-0.2967681525459786,6712289,NC
-0.29677558094023715,6712290,NC
-0.28678300825800473,6712291,NC
-0.2767904344990899,6712292,NC
-0.2817978596633013,6712293,NC
-0.2818052837504476,6712294,NC
-0.3118127067603375,6712295,NC
-0.3018201286927797,6712296,NC
-0.30682754954758296,6712297,NC
-0.28183496932455604,6712298,NC
-0.28684238802350775,6712299,NC
-0.28684980564424695,6712300,NC
-0.3018572221865825,6712301,NC
-0.31186463765032324,6712302,NC
-0.2918720520352781,6712303,NC
-0.27187946534125607,6712304,NC
-0.2918868775680661,6712305,NC
-0.29189428871551715,6712306,NC
-0.3119016987834183,6712307,NC
-0.29690910777157853,6712308,NC
-0.291916515679807,6712309,NC
-0.2769239225079127,6712310,NC
-0.271931328255705,6712311,NC
-0.28693873292299277,6712312,NC
-0.2919461365095855,6712313,NC
-0.2919535390152922,6712314,NC
-0.29196094043992216,6712315,NC
-0.2769683407832847,6712316,NC
-0.27197574004518915,6712317,NC
-0.29198313822544475,6712318,NC
-0.2969905353238609,6712319,NC
-0.29199793134024704,6712320,NC
-0.26200532627441253,6712321,NC
-0.2420127201261668,6712322,NC
-0.22202011289531934,6712323,NC
-0.20702750458167973,6712324,NC
-0.1970348951850574,6712325,NC
-0.16204228470526189,6712326,NC
-0.11204967314210289,6712327,NC
-0.027057060495389904,6712328,NC
0.03793555323506736,6712329,NC
0.08292816804945927,6712330,NC
0.11292078394797611,6712331,NC
0.14791340093080818,6712332,NC
0.15790601899814571,6712333,NC
0.1578986381501789,6712334,NC
0.06789125838709797,6712335,NC
-0.027116120290906903,6712336,NC
-0.11212349788364559,6712337,NC
-0.15713087439092802,6712338,NC
-0.12213824981256403,6712339,NC
-0.057145624148363654,6712340,NC
0.07784700260186318,6712341,NC
0.15783963043830646,6712342,NC
0.2778322593611562,6712343,NC
0.38782488937060217,6712344,NC
0.47281752046683445,6712345,NC
0.5228101526500429,6712346,NC
0.5328027859204174,6712347,L
0.46779542027814774,6712348,NC
0.3627880557234237,6712349,NC
0.23278069225643505,6712350,NC
0.13777332987737154,6712351,NC
0.06276596858642294,6712352,NC
-0.0272413916162211,6712353,NC
-0.1422487507303709,6712354,NC
-0.25225610875583687,6712355,NC
-0.3722634656924294,6712356,NC
-0.4622708215399588,6712357,NC
-0.5172781762982357,6712358,NC
-0.5872855299670705,6712359,NC
-0.6172928825462736,6712360,NC
-0.6373002340356557,6712361,NC
-0.6223075844350273,6712362,NC
-0.5973149337441991,6712363,NC
-0.5323222819629814,6712364,NC
-0.4923296290911852,6712365,NC
-0.462336975128621,6712366,NC
-0.4523443200750995,6712367,NC
-0.41735166393043155,6712368,NC
-0.3823590066944278,6712369,NC
-0.347366348366899,6712370,NC
-0.3323736889476561,6712371,NC
-0.34738102843650986,6712372,NC
-0.36238836683327125,6712373,NC
-0.362395704137751,6712374,NC
-0.3474030403497602,6712375,NC
-0.3174103754691097,6712376,NC
-0.31741770949561054,6712377,NC
-0.33742504242907373,6712378,NC
-0.3424323742693103,6712379,NC
-0.3424397050161313,6712380,NC
-0.3124470346693479,6712381,NC
-0.3024543632287712,6712382,NC
-0.30246169069421225,6712383,NC
-0.30746901706548235,6712384,NC
-0.3224763423423927,6712385,NC
-0.31248366652475446,6712386,NC
-0.29749098961237896,6712387,NC
-0.2924983116050775,6712388,NC
-0.2825056325026614,6712389,NC
-0.277512952304942,6712390,NC
-0.2925202710117307,6712391,NC
-0.2925275886228389,6712392,NC
-0.272534905138078,6712393,NC
-0.2675422205572595,6712394,NC
-0.2575495348801949,6712395,NC
-0.2625568481066957,6712396,NC
-0.2725641602365735,6712397,NC
-0.26257147126963976,6712398,NC
-0.24757878120570614,6712399,NC
-0.2275860900445844,6712400,NC
-0.22759339778608603,6712401,NC
-0.23260070443002284,6712402,NC
-0.22260800997620644,6712403,NC
-0.22261531442444868,6712404,NC
-0.21262261777456132,6712405,NC
-0.19262992002635607,6712406,NC
-0.17263722117964486,6712407,NC
-0.17764452123423952,6712408,NC
-0.17765182018995196,6712409,NC
-0.17765911804659404,6712410,NC
-0.15266641480397775,6712411,NC
-0.12767371046191506,6712412,NC
-0.112681005020218,6712413,NC
-0.10768829847869854,6712414,NC
-0.11269559083716876,6712415,NC
-0.1077028820954408,6712416,NC
-0.08771017225332668,6712417,NC
-0.05771746131063863,6712418,NC
-0.052724749267188765,6712419,NC
-0.047732036122789326,6712420,NC
-0.05273932187725251,6712421,NC
-0.037746606530390615,6712422,NC
-0.017753890082015875,6712423,NC
-0.0027611725319406713,6712424,NC
0.022231546120022712,6712425,NC
0.02722426587406191,6712426,NC
0.022216986730364464,6712427,NC
0.03220970868911801,6712428,NC
0.05720243175051004,6712429,NC
0.07719515591472811,6712430,NC
0.09218788118195968,6712431,NC
0.08718060755239222,6712432,NC
0.08717333502621315,6712433,NC
0.0971660636036099,6712434,NC
0.11715879328476977,6712435,NC
0.1221515240698802,6712436,NC
0.13214425595912843,6712437,NC
0.1371369889527018,6712438,NC
0.13212972305078755,6712439,NC
0.1421224582535729,6712440,NC
0.16211519456124507,6712441,NC
0.17210793197399124,6712442,NC
0.17710067049199854,6712443,NC
0.17209341011545407,6712444,NC
0.15708615084454494,6712445,NC
0.14707889267945823,6712446,NC
0.14207163562038091,6712447,NC
0.15706437966750006,6712448,NC
0.14705712482100258,6712449,NC
0.1220498710810755,6712450,NC
0.09204261844790565,6712451,NC
0.06203536692167997,6712452,NC
0.047028116502585295,6712453,NC
0.027020867190808512,6712454,NC
-0.002986381013463664,6712455,NC
-0.027993628110044397,6712456,NC
-0.06800087409874693,6712457,NC
-0.08300811897938459,6712458,NC
-0.09301536275177066,6712459,NC
-0.09302260541571852,6712460,NC
-0.11302984697104146,6712461,NC
-0.14303708741755297,6712462,NC
-0.16304432675506636,6712463,NC
-0.17305156498339522,6712464,NC
-0.18305880210235292,6712465,NC
-0.17806603811175303,6712466,NC
-0.17307327301140907,6712467,NC
-0.19308050680113456,6712468,NC
-0.2030877394807432,6712469,NC
-0.21809497105004855,6712470,NC
-0.2081022015088643,6712471,NC
-0.2031094308570041,6712472,NC
-0.20311665909428164,6712473,NC
-0.2081238862205107,6712474,NC
-0.23313111223550506,6712475,NC
-0.24813833713907846,6712476,NC
-0.2231455609310448,6712477,NC
-0.2081527836112179,6712478,NC
-0.21316000517941158,6712479,NC
-0.21816722563543983,6712480,NC
-0.2431744449791166,6712481,NC
-0.2481816632102558,6712482,NC
-0.2531888803286715,6712483,NC
-0.2231960963341776,6712484,NC
-0.21820331122658831,6712485,NC
-0.2382105250057176,6712486,NC
-0.24821773767137964,6712487,NC
-0.25822494922338857,6712488,NC
-0.22323215966155852,6712489,NC
-0.2182393689857037,6712490,NC
-0.20824657719563838,6712491,NC
-0.22825378429117676,6712492,NC
-0.25326099027213317,6712493,NC
-0.24326819513832187,6712494,NC
-0.24827539888955724,6712495,NC
-0.22328260152565368,6712496,NC
-0.21328980304642553,6712497,NC
-0.22329700345168726,6712498,NC
-0.2383042027412533,6712499,NC
-0.24331140091493816,6712500,NC
-0.24331859797255628,6712501,NC
-0.22832579391392233,6712502,NC
-0.21333298873885076,6712503,NC
-0.23834018244715627,6712504,NC
-0.2533473750386534,6712505,NC
-0.2433545665131569,6712506,NC
-0.24836175687048137,6712507,NC
-0.2383689461104416,6712508,NC
-0.2433761342328523,6712509,NC
-0.24838332123752818,6712510,NC
-0.25839050712428413,6712511,NC
-0.268397691892935,6712512,NC
-0.2534048755432956,6712513,NC
-0.2384120580751808,6712514,NC
-0.23841923948840554,6712515,NC
-0.2584264197827848,6712516,NC
-0.2934335989581335,6712517,NC
-0.26344077701426666,6712518,NC
-0.26344795395099935,6712519,NC
-0.23845512976814656,6712520,NC
-0.24846230446552342,6712521,NC
-0.2534694780429451,6712522,NC
-0.2734766505002267,6712523,NC
-0.28348382183718335,6712524,NC
-0.27349099205363037,6712525,NC
-0.25349816114938284,6712526,NC
-0.2685053291242562,6712527,NC
-0.28851249597806555,6712528,NC
-0.29351966171062643,6712529,NC
-0.293526826321754,6712530,NC
-0.2835339898112637,6712531,NC
-0.283541152178971,6712532,NC
-0.2685483134246913,6712533,NC
-0.28355547354824,6712534,NC
-0.2985626325494327,6712535,NC
-0.28856979042808495,6712536,NC
-0.28357694718401205,6712537,NC
-0.2885841028170299,6712538,NC
-0.27359125732695394,6712539,NC
-0.30359841071359983,6712540,NC
-0.3086055629767832,6712541,NC
-0.32861271411631987,6712542,NC
-0.30361986413202546,6712543,NC
-0.28362701302371573,6712544,NC
-0.2936341607912065,6712545,NC
-0.2936413074343136,6712546,NC
-0.3136484529528529,6712547,NC
-0.3386555973466401,6712548,NC
-0.32366274061549133,6712549,NC
-0.3036698827592223,6712550,NC
-0.30867702377764916,6712551,NC
-0.30868416367058776,6712552,NC
-0.32869130243785416,6712553,NC
-0.3386984400792644,6712554,NC
-0.3237055765946347,6712555,NC
-0.3187127119837809,6712556,NC
-0.31871984624651933,6712557,NC
-0.3137269793826661,6712558,NC
-0.31873411139203733,6712559,NC
-0.31874124227444933,6712560,NC
-0.30374837202971827,6712561,NC
-0.2687555006576605,6712562,NC
-0.26876262815809226,6712563,NC
-0.27376975453082997,6712564,NC
-0.29377687977568995,6712565,NC
-0.3137840038924886,6712566,NC
-0.2787911268810423,6712567,NC
-0.26879824874116753,6712568,NC
-0.24880536947268078,6712569,NC
-0.24881248907539857,6712570,NC
-0.26381960754913747,6712571,NC
-0.26882672489371395,6712572,NC
-0.25883384110894464,6712573,NC
-0.2288409561946462,6712574,NC
-0.23884807015063533,6712575,NC
-0.2538551829767286,6712576,NC
-0.2588622946727428,6712577,NC
-0.26386940523849467,6712578,NC
-0.2638765146738009,6712579,NC
-0.2488836229784784,6712580,NC
-0.253890730152344,6712581,NC
-0.27889783619521447,6712582,NC
-0.30890494110690675,6712583,NC
-0.31391204488723773,6712584,NC
-0.3139191475360244,6712585,NC
-0.30392624905308374,6712586,NC
-0.2989333494382327,6712587,NC
-0.32394044869128835,6712588,NC
-0.3389475468120677,6712589,NC
-0.3439546438003879,6712590,NC
-0.34396173965606613,6712591,NC
-0.32896883437891944,6712592,NC
-0.328975927968765,6712593,NC
-0.35898302042542013,6712594,NC
-0.363990111748702,6712595,NC
-0.36899720193842783,6712596,NC
-0.369004290994415,6712597,NC
-0.3590113789164808,6712598,NC
-0.3640184657044426,6712599,NC
-0.3840255513581177,6712600,NC
-0.3990326358773236,6712601,NC
-0.39903971926187776,6712602,NC
-0.3990468015115976,6712603,NC
-0.37905388262630074,6712604,NC
-0.3690609626058045,6712605,NC
-0.38906804144992657,6712606,NC
-0.4090751191584846,6712607,NC
-0.41908219573129607,6712608,NC
-0.40908927116817867,6712609,NC
-0.3990963454689501,6712610,NC
-0.38910341863342807,6712611,NC
-0.40411049066143034,6712612,NC
-0.4141175615527746,6712613,NC
-0.43412463130727874,6712614,NC
-0.4241316999247605,6712615,NC
-0.4191387674050378,6712616,NC
-0.41414583374792846,6712617,NC
-0.41415289895325036,6712618,NC
-0.4291599630208216,6712619,NC
-0.42916702595045997,6712620,NC
-0.42917408774198357,6712621,NC
-0.4091811483952104,6712622,NC
-0.4091882079099585,6712623,NC
-0.4341952662860461,6712624,NC
-0.4492023235232911,6712625,NC
-0.42920937962151173,6712626,NC
-0.4192164345805262,6712627,NC
-0.4142234884001527,6712628,NC
-0.41423054108020946,6712629,NC
-0.43423759262051476,6712630,NC
-0.4392446430208869,6712631,NC
-0.43425169228114413,6712632,NC
-0.42425874040110484,6712633,NC
-0.4142657873805874,6712634,NC
-0.4092728332194103,6712635,NC
-0.4242798779173919,6712636,NC
-0.4292869214743507,6712637,NC
-0.4342939638901052,6712638,NC
-0.40430100516447387,6712639,NC
-0.3893080452972753,6712640,NC
-0.36931508428832815,6712641,NC
-0.35432212213745096,6712642,NC
-0.3443291588444624,6712643,NC
-0.30933619440918114,6712644,NC
-0.21934322883142585,6712645,NC
-0.14935026211101535,6712646,NC
-0.07435729424776832,6712647,NC
-0.01936432524150357,6712648,NC
-0.004371355092039973,6712649,NC
0.04062161620080372,6712650,NC
0.03561458863720849,6712651,NC
-0.004392437782644434,6712652,NC
-0.0893994630585741,6712653,NC
-0.2244064871903994,6712654,NC
-0.35441351017793943,6712655,NC
-0.3744205320210131,6712656,NC
-0.31942755271943957,6712657,NC
-0.23943457227303783,6712658,NC
-0.11944159068162705,6712659,NC
-0.019448607945026418,6712660,NC
0.06054437593694496,6712661,NC
0.14053736096446784,6712662,NC
0.205530347137723,6712663,NC
0.2555233344568911,6712664,NC
0.22551632292215307,6712665,L
0.15050931253368935,6712666,NC
0.025502303291680656,6712667,NC
-0.07950470480369237,6712668,NC
-0.17451171175224917,6712669,NC
-0.2395187175538091,6712670,NC
-0.33952572220819177,6712671,NC
-0.43953272571521657,6712672,NC
-0.5395397280747031,6712673,NC
-0.6095467292864708,6712674,NC
-0.6745537293503394,6712675,NC
-0.7045607282661286,6712676,NC
-0.7195677260336578,6712677,NC
-0.7545747226527467,6712678,NC
-0.7695817181232153,6712679,NC
-0.754588712444883,6712680,NC
-0.7245957056175698,6712681,NC
-0.6546026976410954,6712682,NC
-0.6196096885152795,6712683,NC
-0.5996166782399422,6712684,NC
-0.5746236668149033,6712685,NC
-0.5746306542399827,6712686,NC
-0.5346376405150003,6712687,NC
-0.5146446256397761,6712688,NC
-0.5046516096141301,6712689,NC
-0.5096585924378824,6712690,NC
-0.5346655741108529,6712691,NC
-0.5296725546328619,6712692,NC
-0.5046795340037294,6712693,NC
-0.48468651222327563,6712694,NC
-0.4646934892913207,6712695,NC
-0.48970046520768484,6712696,NC
-0.4947074399721883,6712697,NC
-0.49971441358465135,6712698,NC
-0.4947213860448943,6712699,NC
-0.47472835735273744,6712700,NC
-0.4647353275080011,6712701,NC
-0.4697422965105058,6712702,NC
-0.4747492643600719,6712703,NC
-0.46975623105651987,6712704,NC
-0.4697631965996701,6712705,NC
-0.4597701609893432,6712706,NC
-0.4647771242253596,6712707,NC
-0.45478408630753997,6712708,NC
-0.4597910472357049,6712709,NC
-0.469798007009675,6712710,NC
-0.45480496562927086,6712711,NC
-0.42981192309431326,6712712,NC
-0.4198188794046229,6712713,NC
-0.4348258345600205,6712714,NC
-0.4298327885603268,6712715,NC
-0.43483974140536275,6712716,NC
-0.404846693094949,6712717,NC
-0.4098536436289065,6712718,NC
-0.3698605930070562,6712719,NC
-0.35986754122921893,6712720,NC
-0.37487448829521575,6712721,NC
-0.3748814342048675,6712722,NC
-0.36488837895799536,6712723,NC
-0.3348953225544202,6712724,NC
-0.32490226499396335,6712725,NC
-0.30990920627644564,6712726,NC
-0.30991614640168835,6712727,NC
-0.29492308536951256,6712728,NC
-0.2849300231797396,6712729,NC
-0.25493695983219056,6712730,NC
-0.23994389532668675,6712731,NC
-0.2499508296630494,6712732,NC
-0.22995776284109992,6712733,NC
-0.2349646948606596,6712734,NC
-0.20997162572154981,6712735,NC
-0.18497855542359198,6712736,NC
-0.15998548396660747,6712737,NC
-0.1649924113504178,6712738,NC
-0.1499993375748445,6712739,NC
-0.145006262639709,6712740,NC
-0.12001318654483291,6712741,NC
-0.10002010929003782,6712742,NC
-0.07002703087514528,6712743,NC
-0.08003395129997702,6712744,NC
-0.08004087056435463,6712745,NC
-0.06004778866809987,6712746,NC
-0.05005470561103444,6712747,NC
-0.030061621392980097,6712748,NC
-0.030068536013758668,6712749,NC
-0.030075449473191927,6712750,NC
-0.025082361771101767,6712751,NC
-0.030089272907310033,6712752,NC
0.0049038171183613324,6712753,NC
0.024896908306090426,6712754,NC
0.029890000656055217,6712755,NC
0.029883094168433773,6712756,NC
-0.005123811156595978,6712757,NC
0.0048692846811439,6712758,NC
-0.005137618318168655,6712759,NC
-0.005144520154355785,6712760,NC
-0.010151420827239625,6712761,NC
-0.030158320336642383,6712762,NC
-0.07016521868238623,6712763,NC
-0.09517211586429347,6712764,NC
-0.10517901188218626,6712765,NC
-0.12518590673588703,6712766,NC
-0.14019280042521806,6712767,NC
-0.17519969295000168,6712768,NC
-0.2252065843100603,6712769,NC
-0.24021347450521635,6712770,NC
-0.24522036353529228,6712771,NC
-0.2502272514001105,6712772,NC
-0.26023413809949364,6712773,NC
-0.2902410236332642,6712774,NC
-0.32524790800124476,6712775,NC
-0.3452547912032578,6712776,NC
-0.34526167323912615,6712777,NC
-0.32026855410867233,6712778,NC
-0.3252754338117191,6712779,NC
-0.34528231234808904,6712780,NC
-0.3602891897176051,6712781,NC
-0.37029606592009,6712782,NC
-0.3753029409553665,6712783,NC
-0.3603098148232574,6712784,NC
-0.3653166875235857,6712785,NC
-0.3803235590561742,6712786,NC
-0.3903304294208459,6712787,NC
-0.39533729861742367,6712788,NC
-0.39534416664573063,6712789,NC
-0.38035103350558974,6712790,NC
-0.390357899196824,6712791,NC
-0.39536476371925655,6712792,NC
-0.4003716270727105,6712793,NC
-0.420378489257009,6712794,NC
-0.40538535027197514,6712795,NC
-0.3953922101174322,6712796,NC
-0.39039906879320346,6712797,NC
-0.4004059262991121,6712798,NC
-0.40541278263498143,6712799,NC
-0.4054196378006348,6712800,NC
-0.41042649179589547,6712801,NC
-0.385433344620587,6712802,NC
-0.3854401962745326,6712803,NC
-0.3904470467575558,6712804,NC
-0.4004538960694801,6712805,NC
-0.40046074421012906,6712806,NC
-0.40046759117932607,6712807,NC
-0.37547443697689487,6712808,NC
-0.37548128160265887,6712809,NC
-0.38048812505644175,6712810,NC
-0.4004949673380672,6712811,NC
-0.41550180844735896,6712812,NC
-0.40550864838414064,6712813,NC
-0.385515487148236,6712814,NC
-0.3755223247394689,6712815,NC
-0.37552916115766305,6712816,NC
-0.4055359964026423,6712817,NC
-0.4005428304742306,6712818,NC
-0.3855496633722518,6712819,NC
-0.3905564950965298,6712820,NC
-0.37556332564688855,6712821,NC
-0.37557015502315205,6712822,NC
-0.40057698322514435,6712823,NC
-0.40058381025268947,6712824,NC
-0.39059063610561146,6712825,NC
-0.37059746078373457,6712826,NC
-0.36560428428688274,6712827,NC
-0.39061110661488024,6712828,NC
-0.3906179277675513,6712829,NC
-0.39562474774472006,6712830,NC
-0.40063156654621085,6712831,NC
-0.380638384171848,6712832,NC
-0.3606452006214557,6712833,NC
-0.3756520158948584,6712834,NC
-0.38565882999188045,6712835,NC
-0.3806656429123462,6712836,NC
-0.3906724546560802,6712837,NC
-0.38067926522290696,6712838,NC
-0.39068607461265076,6712839,NC
-0.4056928828251364,6712840,NC
-0.4006996898601882,6712841,NC
-0.40070649571763095,6712842,NC
-0.39571330039728914,6712843,NC
-0.3857201038989876,6712844,NC
-0.3907269062225507,6712845,NC
-0.40073370736780345,6712846,NC
-0.4157405073345705,6712847,NC
-0.4107473061226766,6712848,NC
-0.3957541037319466,6712849,NC
-0.3857609001622053,6712850,NC
-0.3757676954132776,6712851,NC
-0.3907744894849883,6712852,NC
-0.4107812823771624,6712853,NC
-0.42078807408962493,6712854,NC
-0.4057948646222007,6712855,NC
-0.3958016539747149,6712856,NC
-0.3858084421469926,6712857,NC
-0.3908152291388587,6712858,NC
-0.41082201495013837,6712859,NC
-0.4158287995806569,6712860,NC
-0.39583558303023925,6712861,NC
-0.3908423652987107,6712862,NC
-0.3758491463858966,6712863,NC
-0.37585592629162207,6712864,NC
-0.39086270501571235,6712865,NC
-0.38086948255799297,6712866,NC
-0.3658762589182891,6712867,NC
-0.35088303409642624,6712868,NC
-0.34588980809222974,6712869,NC
-0.345896580905525,6712870,NC
-0.37090335253613765,6712871,NC
-0.3709101229838931,6712872,NC
-0.36591689224861684,6712873,NC
-0.34092366033013444,6712874,NC
-0.3209304272282717,6712875,NC
-0.32093719294285394,6712876,NC
-0.31594395747370707,6712877,NC
-0.3159507208206566,6712878,NC
-0.29595748298352836,6712879,NC
-0.29596424396214804,6712880,NC
-0.3009710037563415,6712881,NC
-0.31597776236593444,6712882,NC
-0.3259845197907528,6712883,NC
-0.33099127603062234,6712884,NC
-0.3259980310853691,6712885,NC
-0.316004784954819,6712886,NC
-0.32101153763879786,6712887,NC
-0.32601828913713177,6712888,NC
-0.34102503944964674,6712889,NC
-0.35103178857616885,6712890,NC
-0.35103853651652417,6712891,NC
-0.3360452832705388,6712892,NC
-0.3410520288380389,6712893,NC
-0.35105877321885065,6712894,NC
-0.3610655164128003,6712895,NC
-0.37607225841971403,6712896,NC
-0.3660789992394181,6712897,NC
-0.35608573887173883,6712898,NC
-0.36109247731650257,6712899,NC
-0.36609921457353567,6712900,NC
-0.3861059506426645,6712901,NC
-0.38611268552371547,6712902,NC
-0.39611941921651506,6712903,NC
-0.3811261517208898,6712904,NC
-0.37113288303666614,6712905,NC
-0.39613961316367063,6712906,NC
-0.3961463421017299,6712907,NC
-0.39615306985067045,6712908,NC
-0.38115979641031905,6712909,NC
-0.36616652178050224,6712910,NC
-0.36117324596104683,6712911,NC
-0.37617996895177946,6712912,NC
-0.38618669075252693,6712913,NC
-0.391193411363116,6712914,NC
-0.38120013078337356,6712915,NC
-0.3562068490131263,6712916,NC
-0.3462135660522014,6712917,NC
-0.3562202819004255,6712918,NC
-0.3862269965576256,6712919,NC
-0.3862337100236287,6712920,NC
-0.3512404222982618,6712921,NC
-0.331247133381352,6712922,NC
-0.3212538432727263,6712923,NC
-0.33126055197221177,6712924,NC
-0.3462672594796356,6712925,NC
-0.33127396579482493,6712926,NC
-0.33128067091760693,6712927,NC
-0.3062873748478089,6712928,NC
-0.31129407758525796,6712929,NC
-0.3313007791297814,6712930,NC
-0.33130747948120665,6712931,NC
-0.3463141786393609,6712932,NC
-0.32132087660407177,6712933,NC
-0.2763275733751664,6712934,NC
-0.2563342689524723,6712935,NC
-0.27634096333581704,6712936,NC
-0.29134765652502803,6712937,NC
-0.30635434851993276,6712938,NC
-0.30636103932035885,6712939,NC
-0.2763677289261339,6712940,NC
-0.2713744173370855,6712941,NC
-0.2463811045530413,6712942,NC
-0.25638779057382893,6712943,NC
-0.24639447539927622,6712944,NC
-0.23140115902921082,6712945,NC
-0.20140784146346055,6712946,NC
-0.1864145227018532,6712947,NC
-0.17142120274421657,6712948,NC
-0.1714278815903786,6712949,NC
-0.1614345592401671,6712950,NC
-0.1264412356934101,6712951,NC
-0.09144791094993543,6712952,NC
-0.05645458500957122,6712953,NC
-0.026461257872145347,6712954,NC
0.013532070462514006,6712955,NC
0.06352539999457887,6712956,NC
0.12851873072422101,6712957,NC
0.20851206265161243,6712958,NC
0.25850539577692483,6712959,NC
0.2784987301003301,6712960,NC
0.2784920656219999,6712961,NC
0.24848540234210603,6712962,NC
0.19347874026082024,6712963,NC
0.12347207937831411,6712964,NC
0.008465419694759307,6712965,NC
-0.09654123878967255,6712966,NC
-0.15154789607480987,6712967,NC
-0.16155455216048115,6712968,NC
-0.11156120704651483,6712969,NC
-0.011567860732739417,6712970,NC
0.11342548678101651,6712971,NC
0.2184188354949244,6712972,NC
0.29341218540915565,6712973,NC
0.35340553652388157,6712974,NC
0.39339888883927354,6712975,NC
0.3583922423555029,6712976,NC
0.29838559707274076,6712977,L
0.21837895299115856,6712978,NC
0.13837231011092738,6712979,NC
0.06836566843221843,6712980,NC
0.028359027955202863,6712981,NC
-0.011647611319948202,6712982,NC
-0.05165424939306369,6712983,NC
-0.10666088626397256,6712984,NC
-0.16166752193250378,6712985,NC
-0.24167415639848638,6712986,NC
-0.2816807896617493,6712987,NC
-0.31168742172212177,6712988,NC
-0.3316940525794328,6712989,NC
-0.3367006822335115,6712990,NC
-0.33670731068418713,6712991,NC
-0.33671393793128873,6712992,NC
-0.27672056397464573,6712993,NC
-0.23672718881408722,6712994,NC
-0.20673381244944258,6712995,NC
-0.1867404348805411,6712996,NC
-0.1867470561072121,6712997,NC
-0.176753676129285,6712998,NC
-0.15676029494658916,6712999,NC
-0.1417669125589541,6713000,NC
-0.13177352896620925,6713001,NC
-0.13178014416818415,6713002,NC
-0.15678675816470827,6713003,NC
-0.14679337095561124,6713004,NC
-0.13179998254072264,6713005,NC
-0.12180659291987209,6713006,NC
-0.10681320209288925,6713007,NC
-0.10681981005960384,6713008,NC
-0.11682641681984558,6713009,NC
-0.12183302237344416,6713010,NC
-0.11183962672022946,6713011,NC
-0.09184622986003121,6713012,NC
-0.09185283179267931,6713013,NC
-0.09685943251800364,6713014,NC
-0.09686603203583408,6713015,NC
-0.08687263034600058,6713016,NC
-0.07187922744833314,6713017,NC
-0.07688582334266172,6713018,NC
-0.09689241802881639,6713019,NC
-0.1218990115066272,6713020,NC
-0.14690560377592424,6713021,NC
-0.12191219483653765,6713022,NC
-0.09691878468829757,6713023,NC
-0.07192537333103421,6713024,NC
-0.06193196076457778,6713025,NC
-0.07193854698875855,6713026,NC
-0.06694513200340677,6713027,NC
-0.09195171580835279,6713028,NC
-0.07695829840342697,6713029,NC
-0.04696487978845959,6713030,NC
-0.021971459963281176,6713031,NC
-0.016978038927722094,6713032,NC
-0.026984616681612842,6713033,NC
-0.0069911932247839065,6713034,NC
0.02800223144293415,6713035,NC
0.05299565732171082,6713036,NC
0.07298908441171542,6713037,NC
0.0829825127131174,6713038,NC
0.0579759422260861,6713039,NC
0.07796937295079079,6713040,NC
0.10796280488740077,6713041,NC
0.11795623803608529,6713042,NC
0.13294967239701355,6713043,NC
0.15294310797035476,6713044,NC
0.1379365447562781,6713045,NC
0.14792998275495262,6713046,NC
0.16792342196654744,6713047,NC
0.20791686239123167,6713048,NC
0.20791030402917426,6713049,NC
0.2129037468805443,6713050,NC
0.2178971909455107,6713051,NC
0.23289063622424241,6713052,NC
0.23788408271690825,6713053,NC
0.2678775304236773,6713054,NC
0.28287097934471817,6713055,NC
0.28786442948019986,6713056,NC
0.287857880830291,6713057,NC
0.2978513333951604,6713058,NC
0.3128447871749768,6713059,NC
0.3278382421699089,6713060,NC
0.33283169838012533,6713061,NC
0.3328251558057947,6713062,NC
0.3378186144470856,6713063,NC
0.3278120743041666,6713064,NC
0.3478055353772062,6713065,NC
0.35279899766637296,6713066,NC
0.3577924611718353,6713067,NC
0.3277859258937616,6713068,NC
0.28777939183232043,6713069,NC
0.26777285898768,6713070,NC
0.2477663273600087,6713071,NC
0.24275979694947492,6713072,NC
0.21775326775624687,6713073,NC
0.2027467397804928,6713074,NC
0.15774021302238087,6713075,NC
0.12773368748207933,6713076,NC
0.11772716315975636,6713077,NC
0.09272064005558002,6713078,NC
0.0777141181697184,6713079,NC
0.07770759750233962,6713080,NC
0.04770107805361169,6713081,NC
0.012694559823702545,6713082,NC
-0.002311957187219764,6713083,NC
0.022681527021012622,6713084,NC
0.017675012448567624,6713085,NC
-0.007331500904386883,6713086,NC
-0.012338013037683046,6713087,NC
-0.03234452395115307,6713088,NC
-0.03235103364462918,6713089,NC
-0.012357542117943578,6713090,NC
-0.01236404937092865,6713091,NC
-0.01737055540341663,6713092,NC
-0.03737706021523993,6713093,NC
-0.0523835638062309,6713094,NC
-0.04239006617622197,6713095,NC
-0.02239656732504556,6713096,NC
-0.017403067252534155,6713097,NC
-0.03240956595852023,6713098,NC
-0.03741606344283639,6713099,NC
-0.04742255970531518,6713100,NC
-0.02242905474578915,6713101,NC
0.01256445143590898,6713102,NC
0.0275579588399466,6713103,NC
0.0025514674664910073,6713104,NC
-0.03245502268429054,6713105,NC
-0.057461511612230794,6713106,NC
-0.0574679993171625,6713107,NC
-0.03747448579891859,6713108,NC
-0.032480971057331824,6713109,NC
-0.032487455092235065,6713110,NC
-0.03749393790346132,6713111,NC
-0.027500419490843458,6713112,NC
-0.017506899854214532,6713113,NC
0.007486621006592489,6713114,NC
0.0024801430917445605,6713115,NC
0.012473666401408595,6713116,NC
-0.012532809064248501,6713117,NC
-0.017539283305059834,6713118,NC
-0.007545756320858632,6713119,NC
0.002447771888521917,6713120,NC
0.017441301323248636,6713121,NC
0.01243483198348818,6713122,NC
-0.007571636130592696,6713123,NC
0.0024218969811726568,6713124,NC
-0.0025845686810491014,6713125,NC
0.007408966882908631,6713126,NC
0.007402503673212477,6713127,NC
0.0023960416900288967,6713128,NC
-0.022610419066475547,6713129,NC
-0.03761687859613433,6713130,NC
-0.027623336898781086,6713131,NC
-0.0076297939742493645,6713132,NC
0.012363750177627253,6713133,NC
0.007357295557015094,6713134,NC
-0.007649157835919497,6713135,NC
-0.0026556100010102016,6713136,NC
0.0023379390619091764,6713137,NC
-0.0026685106469950606,6713138,NC
0.007325040872443206,6713139,NC
0.007318593620390182,6713140,NC
0.012312147597012019,6713141,NC
0.012305702802474804,6713142,NC
0.02229925923694462,6713143,NC
0.022292816900587493,6713144,NC
0.0022863757935694742,6713145,NC
-0.017720064083943568,6713146,NC
-0.05772650273178554,6713147,NC
-0.06773294014979063,6713148,NC
-0.06273937633779293,6713149,NC
-0.04274581129562655,6713150,NC
-0.027752245023125757,6713151,NC
-0.0327586775201247,6713152,NC
-0.042765108786457645,6713153,NC
-0.05777153882195886,6713154,NC
-0.03777796762646265,6713155,NC
-0.03778439519980333,6713156,NC
-0.027790821541815332,6713157,NC
-0.03779724665233301,6713158,NC
-0.05280367053119083,6713159,NC
-0.052810093178223265,6713160,NC
-0.04281651459326479,6713161,NC
-0.02782293477614994,6713162,NC
-0.02282935372671327,6713163,NC
-0.02283577144478939,6713164,NC
-0.03284218793021288,6713165,NC
-0.027848603182818465,6713166,NC
-0.012855017202440769,6713167,NC
-0.0028614299889145878,6713168,NC
0.007132158457925371,6713169,NC
0.0021257481382443294,6713170,NC
0.0021193390522074515,6713171,NC
-0.017887068800020105,6713172,NC
0.002106524581726797,6713173,NC
0.007100119197613254,6713174,NC
0.027093715047804265,6713175,NC
0.017087312132464942,6713176,NC
0.012080910451760185,6713177,NC
0.017074510005854998,6713178,NC
0.032068110794914305,6713179,NC
0.037061712819103025,6713180,NC
0.04705531607858599,6713181,NC
0.042048920573528055,6713182,NC
0.02204252630409407,6713183,NC
0.012036133270448654,6713184,NC
0.0070297414727567425,6713185,NC
0.027023350911182895,6713186,NC
0.027016961585891876,6713187,NC
0.017010573497048265,6713188,NC
-0.00299581335518332,6713189,NC
-0.018002198970638282,6713190,NC
-0.01800858334915207,6713191,NC
-0.028014966490560168,6713192,NC
-0.028021348394698106,6713193,NC
-0.03302772906140138,6713194,NC
-0.043034108490505665,6713195,NC
-0.048040486681846475,6713196,NC
-0.04804686363525955,6713197,NC
-0.04305323935058051,6713198,NC
-0.03805961382764507,6713199,NC
-0.05806598706628897,6713200,NC
-0.08807235906634797,6713201,NC
-0.0830787298276579,6713202,NC
-0.08308509935005456,6713203,NC
-0.05809146763337385,6713204,NC
-0.06309783467745163,6713205,NC
-0.0731042004821239,6713206,NC
-0.11311056504722658,6713207,NC
-0.10811692837259565,6713208,NC
-0.10812329045806718,6713209,NC
-0.08812965130347719,6713210,NC
-0.0681360109086618,6713211,NC
-0.06814236927345706,6713212,NC
-0.08814872639769923,6713213,NC
-0.10315508228122441,6713214,NC
-0.1031614369238689,6713215,NC
-0.08816779032546891,6713216,NC
-0.09817414248586072,6713217,NC
-0.09818049340488064,6713218,NC
-0.11818684308236505,6713219,NC
-0.12319319151815025,6713220,NC
-0.11819953871207275,6713221,NC
-0.09820588466396893,6713222,NC
-0.09321222937367525,6713223,NC
-0.1182185728410283,6713224,NC
-0.12322491506586448,6713225,NC
-0.13323125604802052,6713226,NC
-0.12323759578733295,6713227,NC
-0.1082439342836384,6713228,NC
-0.11325027153677356,6713229,NC
-0.11325660754657507,6713230,NC
-0.11826294231287973,6713231,NC
-0.13326927583552425,6713232,NC
-0.12827560811434546,6713233,NC
-0.10828193914918016,6713234,NC
-0.12328826893986525,6713235,NC
-0.1132945974862376,6713236,NC
-0.12830092478813412,6713237,NC
-0.1233072508453918,6713238,NC
-0.11831357565784761,6713239,NC
-0.10831989922533852,6713240,NC
-0.11332622154770164,6713241,NC
-0.10833254262477404,6713242,NC
-0.11833886245639283,6713243,NC
-0.11834518104239516,6713244,NC
-0.09835149838261824,6713245,NC
-0.08835781447689925,6713246,NC
-0.07836412932507542,6713247,NC
-0.07837044292698406,6713248,NC
-0.08337675528246244,6713249,NC
-0.08338306639134795,6713250,NC
-0.03838937625347792,6713251,NC
0.0016043151313102494,6713252,NC
0.046598007763179065,6713253,NC
0.09659170164229108,6713254,NC
0.17158539676880885,6713255,NC
0.24657909314289472,6713256,NC
0.3515727907647113,6713257,NC
0.42156648963442084,6713258,NC
0.4765601897521858,6713259,NC
0.48155389111816843,6713260,NC
0.4615475937325312,6713261,NC
0.40154129759543616,6713262,NC
0.34653500270704574,6713263,NC
0.306528709067522,6713264,NC
0.2915224166770272,6713265,NC
0.3215161255357235,6713266,NC
0.391509835643773,6713267,NC
0.4865035470013378,6713268,NC
0.6214972596085799,6713269,NC
0.7464909734656613,6713270,NC
0.861484688572744,6713271,NC
0.93147840492999,6713272,NC
0.9564721225375611,6713273,NC
0.9364658413956194,6713274,L
0.8714595615043267,6713275,NC
0.7714532828638445,6713276,NC
0.671447005474335,6713277,NC
0.6014407293359599,6713278,NC
0.5164344544488807,6713279,NC
0.4214281808132593,6713280,NC
0.31142190842925727,6713281,NC
0.23141563729703624,6713282,NC
0.13640936741675777,6713283,NC
-0.003596901211416481,6713284,NC
-0.13860316858732502,6713285,NC
-0.21860943471080638,6713286,NC
-0.26361569958169895,6713287,NC
-0.2986219631998415,6713288,NC
-0.2986282255650725,6713289,NC
-0.29863448667723064,6713290,NC
-0.3036407465361545,6713291,NC
-0.2936470051416829,6713292,NC
-0.26365326249365445,6713293,NC
-0.22865951859190797,6713294,NC
-0.19866577343628222,6713295,NC
-0.19367202702661598,6713296,NC
-0.21867827936274825,6713297,NC
-0.2236845304445177,6713298,NC
-0.22369078027176348,6713299,NC
-0.20369702884432442,6713300,NC
-0.19870327616203945,6713301,NC
-0.2037095222247477,6713302,NC
-0.22371576703228818,6713303,NC
-0.20872201058449996,6713304,NC
-0.19872825288122214,6713305,NC
-0.1837344939222939,6713306,NC
-0.1787407337075544,6713307,NC
-0.17874697223684283,6713308,NC
-0.19875320950999845,6713309,NC
-0.20375944552686057,6713310,NC
-0.19376568028726845,6713311,NC
-0.1887719137910615,6713312,NC
-0.163778146038079,6713313,NC
-0.1787843770281604,6713314,NC
-0.19379060676114512,6713315,NC
-0.17379683523687264,6713316,NC
-0.16880306245518248,6713317,NC
-0.16380928841591413,6713318,NC
-0.1538155131189072,6713319,NC
-0.1638217365640013,6713320,NC
-0.18382795875103605,6713321,NC
-0.18883417967985108,6713322,NC
-0.1638403993502861,6713323,NC
-0.14384661776218083,6713324,NC
-0.12885283491537503,6713325,NC
-0.13885905080970856,6713326,NC
-0.14386526544502115,6713327,NC
-0.14887147882115273,6713328,NC
-0.11887769093794319,6713329,NC
-0.14388390179523242,6713330,NC
-0.09889011139286037,6713331,NC
-0.10889631973066705,6713332,NC
-0.12390252680849248,6713333,NC
-0.12390873262617669,6713334,NC
-0.12891493718355984,6713335,NC
-0.08892114048048191,6713336,NC
-0.07892734251678318,6713337,NC
-0.07893354329230376,6713338,NC
-0.08893974280688391,6713339,NC
-0.09894594106036388,6713340,NC
-0.07895213805258391,6713341,NC
-0.04895833378338435,6713342,NC
-0.028964528252605527,6713343,NC
-0.03397072146008783,6713344,NC
-0.04897691340567162,6713345,NC
-0.03398310408919742,6713346,NC
-0.01398929351050563,6713347,NC
0.0060045183305631675,6713348,NC
0.025998331434168458,6713349,NC
0.05099214580046969,6713350,NC
0.04098596142962623,6713351,NC
0.04597977832179746,6713352,NC
0.060973596477142705,6713353,NC
0.0859674158958213,6713354,NC
0.09096123657799243,6713355,NC
0.10595505852381538,6713356,NC
0.10094888173344932,6713357,NC
0.09594270620705342,6713358,NC
0.12093653194478685,6713359,NC
0.14593035894680867,6713360,NC
0.1859241872132779,6713361,NC
0.18091801674435373,6713362,NC
0.19091184754019505,6713363,NC
0.20590567960096087,6713364,NC
0.21589951292681012,6713365,NC
0.2358933475179016,6713366,NC
0.24088718337439435,6713367,NC
0.2458810204964471,6713368,NC
0.23087485888421877,6713369,NC
0.210868698537868,6713370,NC
0.2008625394575536,6713371,NC
0.18585638164343427,6713372,NC
0.17085022509566872,6713373,NC
0.16084406981441557,6713374,NC
0.11583791579983341,6713375,NC
0.08083176305208087,6713376,NC
0.07082561157131642,6713377,NC
0.060819461357698626,6713378,NC
0.06581331241138597,6713379,NC
0.04580716473253687,6713380,NC
-0.0041989816786902265,6713381,NC
-0.019205126822136945,6713382,NC
-0.0292112706976449,6713383,NC
-0.03421741330505585,6713384,NC
-0.04422355464421143,6713385,NC
-0.06422969471495346,6713386,NC
-0.0642358335171237,6713387,NC
-0.08924197105056392,6713388,NC
-0.084248107315116,6713389,NC
-0.07425424231062183,6713390,NC
-0.0792603760369233,6713391,NC
-0.07426650849386232,6713392,NC
-0.10927263968128094,6713393,NC
-0.11427876959902109,6713394,NC
-0.10928489824692489,6713395,NC
-0.09929102562483438,6713396,NC
-0.09429715173259166,6713397,NC
-0.09430327657003888,6713398,NC
-0.1093094001370182,6713399,NC
-0.11431552243337181,6713400,NC
-0.10432164345894201,6713401,NC
-0.08932776321357103,6713402,NC
-0.09433388169710112,6713403,NC
-0.10933999890937472,6713404,NC
-0.10934611485023416,6713405,NC
-0.11935222951952182,6713406,NC
-0.12435834291708014,6713407,NC
-0.11936445504275162,6713408,NC
-0.09437056589637868,6713409,NC
-0.10437667547780398,6713410,NC
-0.12438278378686998,6713411,NC
-0.11938889082341927,6713412,NC
-0.12439499658729455,6713413,NC
-0.11440110107833845,6713414,NC
-0.0944072042963937,6713415,NC
-0.114413306241303,6713416,NC
-0.12941940691290912,6713417,NC
-0.13442550631105485,6713418,NC
-0.129431604435583,6713419,NC
-0.11943770128633645,6713420,NC
-0.11944379686315809,6713421,NC
-0.11444989116589088,6713422,NC
-0.1294559841943777,6713423,NC
-0.14446207594846164,6713424,NC
-0.12946816642798567,6713425,NC
-0.12947425563279286,6713426,NC
-0.12448034356272628,6713427,NC
-0.1344864302176291,6713428,NC
-0.15449251559734437,6713429,NC
-0.15449859970171542,6713430,NC
-0.1495046825305854,6713431,NC
-0.14951076408379754,6713432,NC
-0.1445168443611952,6713433,NC
-0.13952292336262165,6713434,NC
-0.15452900108792025,6713435,NC
-0.16453507753693442,6713436,NC
-0.16454115270950753,6713437,NC
-0.14954722660548303,6713438,NC
-0.14455329922470445,6713439,NC
-0.15955937056701525,6713440,NC
-0.16456544063225906,6713441,NC
-0.16457150942027943,6713442,NC
-0.16457757693091996,6713443,NC
-0.1545836431640243,6713444,NC
-0.14458970811943617,6713445,NC
-0.15459577179699924,6713446,NC
-0.1596018341965572,6713447,NC
-0.18960789531795405,6713448,NC
-0.18461395516103332,6713449,NC
-0.1846200137256391,6713450,NC
-0.17462607101161515,6713451,NC
-0.19963212701880534,6713452,NC
-0.19963818174705375,6713453,NC
-0.19964423519620428,6713454,NC
-0.18465028736610095,6713455,NC
-0.15965633825658776,6713456,NC
-0.17966238786750888,6713457,NC
-0.19466843619870833,6713458,NC
-0.20467448325003035,6713459,NC
-0.209680529021319,6713460,NC
-0.2046865735124186,6713461,NC
-0.19969261672317334,6713462,NC
-0.18469865865342752,6713463,NC
-0.19470469930302542,6713464,NC
-0.21471073867181142,6713465,NC
-0.22471677675962984,6713466,NC
-0.2097228135663251,6713467,NC
-0.19972884909174168,6713468,NC
-0.17973488333572402,6713469,NC
-0.18974091629811668,6713470,NC
-0.19474694797876413,6713471,NC
-0.199752978377511,6713472,NC
-0.19475900749420183,6713473,NC
-0.17476503532868135,6713474,NC
-0.14977106188079414,6713475,NC
-0.1547770871503849,6713476,NC
-0.1647831111372985,6713477,NC
-0.16978913384137956,6713478,NC
-0.174795155262473,6713479,NC
-0.1598011754004236,6713480,NC
-0.13980719425507623,6713481,NC
-0.13981321182627582,6713482,NC
-0.14981922811386728,6713483,NC
-0.15982524311769555,6713484,NC
-0.14483125683760567,6713485,NC
-0.12983726927344275,6713486,NC
-0.10984328042505168,6713487,NC
-0.10984929029227777,6713488,NC
-0.12985529887496597,6713489,NC
-0.14486130617296158,6713490,NC
-0.14486731218610976,6713491,NC
-0.1398733169142557,6713492,NC
-0.14987932035724474,6713493,NC
-0.14488532251492214,6713494,NC
-0.16989132338713323,6713495,NC
-0.18489732297372338,6713496,NC
-0.179903321274538,6713497,NC
-0.18490931828942248,6713498,NC
-0.1849153140182224,6713499,NC
-0.20492130846078313,6713500,NC
-0.22492730161695026,6713501,NC
-0.2299332934865694,6713502,NC
-0.22993928406948608,6713503,NC
-0.22494527336554593,6713504,NC
-0.19995126137459465,6713505,NC
-0.22495724809647794,6713506,NC
-0.2299632335310415,6713507,NC
-0.24996921767813116,6713508,NC
-0.24497520053759264,6713509,NC
-0.2199811821092718,6713510,NC
-0.22498716239301453,6713511,NC
-0.2499931413886667,6713512,NC
-0.2649991190960742,6713513,NC
-0.2700050955150831,6713514,NC
-0.2650110706455393,6713515,NC
-0.26001704448728885,6713516,NC
-0.2450230170401779,6713517,NC
-0.25002898830405246,6713518,NC
-0.2700349582787586,6713519,NC
-0.2750409269641427,6713520,NC
-0.2750468943600507,6713521,NC
-0.25505286046632897,6713522,NC
-0.26505882528282376,6713523,NC
-0.2650647888093814,6713524,NC
-0.2800707510458481,6713525,NC
-0.3100767119920703,6713526,NC
-0.2850826716478944,6713527,NC
-0.28508863001316687,6713528,NC
-0.3000945870877341,6713529,NC
-0.2851005428714426,6713530,NC
-0.29510649736413896,6713531,NC
-0.30511245056566966,6713532,NC
-0.2801184024758813,6713533,NC
-0.26512435309462057,6713534,NC
-0.2701303024217341,6713535,NC
-0.2801362504570685,6713536,NC
-0.29014219720047063,6713537,NC
-0.31014814265178725,6713538,NC
-0.3001540868108651,6713539,NC
-0.275160029677551,6713540,NC
-0.2651659712516918,6713541,NC
-0.2701719115331344,6713542,NC
-0.2801778505217258,6713543,NC
-0.2951837882173129,6713544,NC
-0.2801897246197427,6713545,NC
-0.27519565972886223,6713546,NC
-0.27520159354451856,6713547,NC
-0.2702075260665588,6713548,NC
-0.2802134572948301,6713549,NC
-0.2802193872291795,6713550,NC
-0.2552253158694543,6713551,NC
-0.2252312432155017,6713552,NC
-0.195237169267169,6713553,NC
-0.18024309402430344,6713554,NC
-0.14024901748675236,6713555,NC
-0.08525493965436316,6713556,NC
0.009739139473016793,6713557,NC
0.09973321989554008,6713558,NC
0.17972730161335926,6713559,NC
0.2297213846266268,6713560,NC
0.2547154689354951,6713561,NC
0.22970955454011677,6713562,NC
0.2047036414406441,6713563,NC
0.16969772963722946,6713564,NC
0.10969181913002525,6713565,NC
0.07968590991918371,6713566,NC
0.09468000200485713,6713567,NC
0.15967409538719773,6713568,NC
0.2646681900663578,6713569,NC
0.40966228604248944,6713570,NC
0.5446563833157447,6713571,NC
0.6496504818862758,6713572,NC
0.7046445817542349,6713573,NC
0.739638682919774,6713574,NC
0.7446327853830449,6713575,L
0.6846268891441997,6713576,NC
0.5696209942033903,6713577,NC
0.4596151005607687,6713578,NC
0.3696092082164867,6713579,NC
0.2646033171706962,6713580,NC
0.1895974274235489,6713581,NC
0.07959153897519664,6713582,NC
-0.020414348174208848,6713583,NC
-0.16042023402451588,6713584,NC
-0.2854261185755728,6713585,NC
-0.400432001827228,6713586,NC
-0.46543788377932976,6713587,NC
-0.49044376443172666,6713588,NC
-0.510449643784267,6713589,NC
-0.5254555218367994,6713590,NC
-0.5154613985891724,6713591,NC
-0.48046727404123446,6713592,NC
-0.4504731481928343,6713593,NC
-0.40047902104382044,6713594,NC
-0.38048489259404167,6713595,NC
-0.3754907628433466,6713596,NC
-0.385496631791584,6713597,NC
-0.4105024994386025,6713598,NC
-0.3955083657842512,6713599,NC
-0.3855142308283786,6713600,NC
-0.37552009457083385,6713601,NC
-0.3755259570114656,6713602,NC
-0.40053181815012295,6713603,NC
-0.41553767798665486,6713604,NC
-0.40054353652091024,6713605,NC
-0.40054939375273824,6713606,NC
-0.3905552496819879,6713607,NC
-0.3755611043085082,6713608,NC
-0.3855669576321484,6713609,NC
-0.3955728096527576,6713610,NC
-0.37557866037018506,6713611,NC
-0.37558450978428,6713612,NC
-0.3655903578948917,6713613,NC
-0.36559620470186943,6713614,NC
-0.38060205020506255,6713615,NC
-0.3756078944043204,6713616,NC
-0.37061373729949243,6713617,NC
-0.360619578890428,6713618,NC
-0.3456254191769767,6713619,NC
-0.34563125815898793,6713620,NC
-0.3606370958363113,6713621,NC
-0.36064293220879634,6713622,NC
-0.3456487672762927,6713623,NC
-0.33065460103865,6713624,NC
-0.3206604334957179,6713625,NC
-0.31566626464734604,6713626,NC
-0.3406720944933842,6713627,NC
-0.3456779230336823,6713628,NC
-0.32068375026808993,6713629,NC
-0.3056895761964571,6713630,NC
-0.2956954008186336,6713631,NC
-0.29070122413446936,6713632,NC
-0.2857070461438143,6713633,NC
-0.29571286684651843,6713634,NC
-0.28571868624243174,6713635,NC
-0.27072450433140427,6713636,NC
-0.24573032111328613,6713637,NC
-0.2457361365879273,6713638,NC
-0.24574195075517818,6713639,NC
-0.26574776361488867,6713640,NC
-0.22575357516690917,6713641,NC
-0.20575938541108987,6713642,NC
-0.195765194347281,6713643,NC
-0.180771001975333,6713644,NC
-0.18577680829509607,6713645,NC
-0.18078261330642068,6713646,NC
-0.14578841700915718,6713647,NC
-0.13079421940315605,6713648,NC
-0.10080002048826778,6713649,NC
-0.0958058202643429,6713650,NC
-0.11581161873123194,6713651,NC
-0.11081741588878549,6713652,NC
-0.09582321173685415,6713653,NC
-0.06582900627528859,6713654,NC
-0.05083479950393948,6713655,NC
-0.05084059142265751,6713656,NC
-0.0708463820312935,6713657,NC
-0.04585217132969814,6713658,NC
-0.03585795931772235,6713659,NC
-0.02086374599521694,6713660,NC
-0.005869531362032797,6713661,NC
-0.0008753154180208347,6713662,NC
-0.00588109816303202,6713663,NC
-0.015886879596917314,6713664,NC
-0.0058926597195277375,6713665,NC
-0.005898438530714402,6713666,NC
-0.005904216030328313,6713667,NC
-0.025909992218220677,6713668,NC
-0.050915767094242614,6713669,NC
-0.08092154065824532,6713670,NC
-0.10092731291008,6713671,NC
-0.11093308384959794,6713672,NC
-0.14093885347665042,6713673,NC
-0.1609446217910887,6713674,NC
-0.2059503887927643,6713675,NC
-0.24595615448152847,6713676,NC
-0.24096191885723267,6713677,NC
-0.25096768191972835,6713678,NC
-0.27597344366886706,6713679,NC
-0.28097920410450034,6713680,NC
-0.3159849632264797,6713681,NC
-0.33599072103465666,6713682,NC
-0.340996477528883,6713683,NC
-0.3310022327090104,6713684,NC
-0.3310079865748904,6713685,NC
-0.3310137391263748,6713686,NC
-0.3560194903633153,6713687,NC
-0.3710252402855639,6713688,NC
-0.3910309888929723,6713689,NC
-0.38103673618539236,6713690,NC
-0.371042482162676,6713691,NC
-0.3960482268246751,6713692,NC
-0.4410539701712418,6713693,NC
-0.4560597122022279,6713694,NC
-0.43606545291748555,6713695,NC
-0.42607119231686674,6713696,NC
-0.4160769304002237,6713697,NC
-0.4410826671674085,6713698,NC
-0.4460884026182733,6713699,NC
-0.46609413675267025,6713700,NC
-0.46609986957045174,6713701,NC
-0.45610560107146997,6713702,NC
-0.44111133125557717,6713703,NC
-0.4411170601226258,6713704,NC
-0.45612278767246817,6713705,NC
-0.4661285139049567,6713706,NC
-0.4761342388199438,6713707,NC
-0.46613996241728206,6713708,NC
-0.446145684696824,6713709,NC
-0.456151405658422,6713710,NC
-0.46615712530192865,6713711,NC
-0.47116284362719674,6713712,NC
-0.4711685606340788,6713713,NC
-0.4611742763224275,6713714,NC
-0.4561799906920957,6713715,NC
-0.4611857037429358,6713716,NC
-0.49119141547480105,6713717,NC
-0.49119712588754394,6713718,NC
-0.49120283498101747,6713719,NC
-0.4762085427550744,6713720,NC
-0.4562142492095678,6713721,NC
-0.4612199543443505,6713722,NC
-0.49622565815927555,6713723,NC
-0.5062313606541959,6713724,NC
-0.49623706182896477,6713725,NC
-0.49624276168343506,6713726,NC
-0.48124846021746004,6713727,NC
-0.4962541574308928,6713728,NC
-0.5212598533235865,6713729,NC
-0.5212655478953944,6713730,NC
-0.5112712411461697,6713731,NC
-0.5012769330757659,6713732,NC
-0.49128262368403613,6713733,NC
-0.49628831297083376,6713734,NC
-0.5162940009360123,6713735,NC
-0.521299687579425,6713736,NC
-0.5063053729009256,6713737,NC
-0.5213110569003673,6713738,NC
-0.4913167395776038,6713739,NC
-0.5063224209324887,6713740,NC
-0.5213281009648754,6713741,NC
-0.5363337796746177,6713742,NC
-0.5363394570615693,6713743,NC
-0.5313451331255838,6713744,NC
-0.521350807866515,6713745,NC
-0.5263564812842166,6713746,NC
-0.5413621533785425,6713747,NC
-0.5463678241493466,6713748,NC
-0.5513734935964825,6713749,NC
-0.5513791617198043,6713750,NC
-0.5363848285191659,6713751,NC
-0.5463904939944213,6713752,NC
-0.5613961581454245,6713753,NC
-0.5714018209720296,6713754,NC
-0.5564074824740906,6713755,NC
-0.5364131426514616,6713756,NC
-0.5464188015039968,6713757,NC
-0.5514244590315504,6713758,NC
-0.5814301152339765,6713759,NC
-0.5814357701111293,6713760,NC
-0.5914414236628635,6713761,NC
-0.5714470758890329,6713762,NC
-0.5514527267894921,6713763,NC
-0.5464583763640954,6713764,NC
-0.5664640246126974,6713765,NC
-0.5664696715351524,6713766,NC
-0.5714753171313149,6713767,NC
-0.5514809614010394,6713768,NC
-0.5464866043441805,6713769,NC
-0.5564922459605929,6713770,NC
-0.566497886250131,6713771,NC
-0.5565035252126496,6713772,NC
-0.5515091628480033,6713773,NC
-0.5365147991560469,6713774,NC
-0.5315204341366353,6713775,NC
-0.551526067789623,6713776,NC
-0.5465317001148651,6713777,NC
-0.5365373311122161,6713778,NC
-0.5365429607815313,6713779,NC
-0.5065485891226655,6713780,NC
-0.48655421613547356,6713781,NC
-0.5015598418198106,6713782,NC
-0.5215654661755316,6713783,NC
-0.5415710892024916,6713784,NC
-0.5315767109005458,6713785,NC
-0.5365823312695492,6713786,NC
-0.5315879503093571,6713787,NC
-0.5315935680198247,6713788,NC
-0.5615991844008072,6713789,NC
-0.5766047994521599,6713790,NC
-0.581610413173738,6713791,NC
-0.5866160255653969,6713792,NC
-0.5816216366269921,6713793,NC
-0.5866272463583789,6713794,NC
-0.6116328547594128,6713795,NC
-0.621638461829949,6713796,NC
-0.6166440675698435,6713797,NC
-0.6216496719789515,6713798,NC
-0.6216552750571287,6713799,NC
-0.6266608768042307,6713800,NC
-0.6366664772201132,6713801,NC
-0.6516720763046319,6713802,NC
-0.6566776740576423,6713803,NC
-0.6566832704790004,6713804,NC
-0.661688865568562,6713805,NC
-0.6566944593261828,6713806,NC
-0.6567000517517185,6713807,NC
-0.6617056428450254,6713808,NC
-0.6467112326059591,6713809,NC
-0.6567168210343757,6713810,NC
-0.6567224081301312,6713811,NC
-0.6667279938930815,6713812,NC
-0.6717335783230828,6713813,NC
-0.6917391614199911,6713814,NC
-0.6767447431836627,6713815,NC
-0.6767503236139536,6713816,NC
-0.66675590271072,6713817,NC
-0.6717614804738182,6713818,NC
-0.6867670569031046,6713819,NC
-0.7017726319984353,6713820,NC
-0.7017782057596667,6713821,NC
-0.681783778186655,6713822,NC
-0.681789349279257,6713823,NC
-0.6817949190373288,6713824,NC
-0.6968004874607271,6713825,NC
-0.7068060545493083,6713826,NC
-0.7118116203029289,6713827,NC
-0.6868171847214455,6713828,NC
-0.6718227478047147,6713829,NC
-0.6818283095525934,6713830,NC
-0.696833869964938,6713831,NC
-0.6918394290416052,6713832,NC
-0.691844986782452,6713833,NC
-0.676850543187335,6713834,NC
-0.6718560982561109,6713835,NC
-0.6918616519886368,6713836,NC
-0.7068672043847696,6713837,NC
-0.7068727554443659,6713838,NC
-0.691878305167283,6713839,NC
-0.6768838535533778,6713840,NC
-0.6768894006025072,6713841,NC
-0.6718949463145285,6713842,NC
-0.6519004906892986,6713843,NC
-0.6219060337266746,6713844,NC
-0.581911575426514,6713845,NC
-0.5319171157886734,6713846,NC
-0.47192265481301054,6713847,NC
-0.39692819249938255,6713848,NC
-0.32693372884764677,6713849,NC
-0.2519392638576604,6713850,NC
-0.1769447975292809,6713851,NC
-0.1369503298623657,6713852,NC
-0.11695586085677213,6713853,NC
-0.1569613905123578,6713854,NC
-0.23696691882898016,6713855,NC
-0.3369724458064967,6713856,NC
-0.44197797144476514,6713857,NC
-0.501983495743643,6713858,NC
-0.4969890187029879,6713859,NC
-0.43699454032265755,6713860,NC
-0.35700006060250966,6713861,NC
-0.277005579542402,6713862,NC
-0.1870110971421924,6713863,NC
-0.08701661340173864,6713864,NC
-0.0320221283208985,6713865,NC
-0.0070276418995299725,6713866,NC
-0.052033154137490906,6713867,L
-0.12703866503463931,6713868,NC
-0.20204417459083318,6713869,NC
-0.28204968280593057,6713870,NC
-0.36205518967978945,6713871,NC
-0.4670606952122679,6713872,NC
-0.5620661994032242,6713873,NC
-0.6220717022525164,6713874,NC
-0.6870772037600028,6713875,NC
-0.7320827039255415,6713876,NC
-0.7970882027489908,6713877,NC
-0.8620937002302091,6713878,NC
-0.9020991963690547,6713879,NC
-0.9321046911653859,6713880,NC
-0.9321101846190611,6713881,NC
-0.9221156767299389,6713882,NC
-0.8771211674978776,6713883,NC
-0.857126656922736,6713884,NC
-0.8571321450043723,6713885,NC
-0.8221376317426451,6713886,NC
-0.8021431171374133,6713887,NC
-0.8121486011885353,6713888,NC
-0.8021540838958698,6713889,NC
-0.7971595652592758,6713890,NC
-0.7921650452786116,6713891,NC
-0.7971705239537363,6713892,NC
-0.7821760012845087,6713893,NC
-0.7721814772707876,6713894,NC
-0.7621869519124319,6713895,NC
-0.7821924252093005,6713896,NC
-0.7921978971612526,6713897,NC
-0.7972033677681467,6713898,NC
-0.7922088370298422,6713899,NC
-0.7772143049461981,6713900,NC
-0.7722197715170735,6713901,NC
-0.7772252367423276,6713902,NC
-0.7772307006218194,6713903,NC
-0.7922361631554082,6713904,NC
-0.7872416243429532,6713905,NC
-0.7722470841843138,6713906,NC
-0.7772525426793492,6713907,NC
-0.7722579998279187,6713908,NC
-0.7722634556298817,6713909,NC
-0.7872689100850977,6713910,NC
-0.7672743631934261,6713911,NC
-0.7422798149547264,6713912,NC
-0.7372852653688581,6713913,NC
-0.7372907144356807,6713914,NC
-0.7622961621550538,6713915,NC
-0.7573016085268371,6713916,NC
-0.7573070535508902,6713917,NC
-0.7223124972270729,6713918,NC
-0.7223179395552448,6713919,NC
-0.7123233805352656,6713920,NC
-0.7023288201669952,6713921,NC
-0.7123342584502934,6713922,NC
-0.68733969538502,6713923,NC
-0.6723451309710351,6713924,NC
-0.6373505652081984,6713925,NC
-0.63235599809637,6713926,NC
-0.63236142963541,6713927,NC
-0.6323668598251782,6713928,NC
-0.6273722886655347,6713929,NC
-0.5873777161563399,6713930,NC
-0.5623831422974536,6713931,NC
-0.5573885670887361,6713932,NC
-0.5573939905300477,6713933,NC
-0.5373994126212485,6713934,NC
-0.5124048333621989,6713935,NC
-0.4874102527527592,6713936,NC
-0.4624156707927896,6713937,NC
-0.4424210874821507,6713938,NC
-0.44242650282070284,6713939,NC
-0.42743191680830633,6713940,NC
-0.4074373294448219,6713941,NC
-0.39244274073011,6713942,NC
-0.362448150664031,6713943,NC
-0.33745355924644577,6713944,NC
-0.3674589664772148,6713945,NC
-0.33746437235619875,6713946,NC
-0.3074697768832584,6713947,NC
-0.2774751800582544,6713948,NC
-0.26248058188104745,6713949,NC
-0.25248598235149855,6713950,NC
-0.2574913814694684,6713951,NC
-0.24749677923481792,6713952,NC
-0.237502175647408,6713953,NC
-0.21250757070709958,6713954,NC
-0.21751296441375367,6713955,NC
-0.23251835676723123,6713956,NC
-0.24252374776739338,6713957,NC
-0.2725291374141011,6713958,NC
-0.2825345257072156,6713959,NC
-0.29753991264659796,6713960,NC
-0.31254529823210947,6713961,NC
-0.34755068246361126,6713962,NC
-0.37755606534096464,6713963,NC
-0.39756144686403083,6713964,NC
-0.4075668270326713,6713965,NC
-0.4325722058467472,6713966,NC
-0.4375775833061201,6713967,NC
-0.4575829594106514,6713968,NC
-0.4825883341602024,6713969,NC
-0.512593707554635,6713970,NC
-0.5125990795938102,6713971,NC
-0.5176044502775901,6713972,NC
-0.5226098196058357,6713973,NC
-0.5326151875784093,6713974,NC
-0.5576205541951722,6713975,NC
-0.5776259194559862,6713976,NC
-0.572631283360713,6713977,NC
-0.5676366459092144,6713978,NC
-0.5476420071013521,6713979,NC
-0.5576473669369882,6713980,NC
-0.5676527254159845,6713981,NC
-0.5826580825382028,6713982,NC
-0.5826634383035052,6713983,NC
-0.5676687927117536,6713984,NC
-0.55267414576281,6713985,NC
-0.5526794974565366,6713986,NC
-0.5726848477927953,6713987,NC
-0.5726901967714484,6713988,NC
-0.557695544392358,6713989,NC
-0.5527008906553863,6713990,NC
-0.5377062355603954,6713991,NC
-0.5627115791072479,6713992,NC
-0.5627169212958059,6713993,NC
-0.5827222621259317,6713994,NC
-0.5677276015974877,6713995,NC
-0.5477329397103363,6713996,NC
-0.5377382764643401,6713997,NC
-0.5477436118593614,6713998,NC
-0.5627489458952628,6713999,NC
-0.5577542785719068,6714000,NC
-0.5527596098891561,6714001,NC
-0.5477649398468731,6714002,NC
-0.5327702684449206,6714003,NC
-0.5327755956831614,6714004,NC
-0.542780921561458,6714005,NC
-0.5477862460796733,6714006,NC
-0.54779156923767,6714007,NC
-0.5277968910353111,6714008,NC
-0.5078022114724594,6714009,NC
-0.5128075305489777,6714010,NC
-0.517812848264729,6714011,NC
-0.5178181646195762,6714012,NC
-0.5228234796133823,6714013,NC
-0.5228287932460105,6714014,NC
-0.5078341055173239,6714015,NC
-0.5078394164271853,6714016,NC
-0.5378447259754582,6714017,NC
-0.5328500341620055,6714018,NC
-0.5278553409866906,6714019,NC
-0.5128606464493768,6714020,NC
-0.5028659505499272,6714021,NC
-0.49787125328820514,6714022,NC
-0.5078765546640741,6714023,NC
-0.5228818546773973,6714024,NC
-0.5128871533280385,6714025,NC
-0.5128924506158609,6714026,NC
-0.4978977465407278,6714027,NC
-0.5029030411025032,6714028,NC
-0.5129083343010503,6714029,NC
-0.5229136261362329,6714030,NC
-0.5279189166079147,6714031,NC
-0.5129242057159591,6714032,NC
-0.50292949346023,6714033,NC
-0.5029347798405911,6714034,NC
-0.5179400648569061,6714035,NC
-0.522945348509039,6714036,NC
-0.5079506307968535,6714037,NC
-0.5079559117202136,6714038,NC
-0.49796119127898303,6714039,NC
-0.4979664694730259,6714040,NC
-0.5179717463022062,6714041,NC
-0.5179770217663878,6714042,NC
-0.527982295865435,6714043,NC
-0.5179875685992117,6714044,NC
-0.49299283996758214,6714045,NC
-0.5029981099704104,6714046,NC
-0.5330033786075608,6714047,NC
-0.5330086458788974,6714048,NC
-0.5230139117842846,6714049,NC
-0.5130191763235867,6714050,NC
-0.508024439496668,6714051,NC
-0.5280297013033928,6714052,NC
-0.5230349617436256,6714053,NC
-0.523040220817231,6714054,NC
-0.5280454785240734,6714055,NC
-0.4980507348640171,6714056,NC
-0.47305598983692676,6714057,NC
-0.4780612434426671,6714058,NC
-0.4930664956811026,6714059,NC
-0.498071746552098,6714060,NC
-0.49307699605551797,6714061,NC
-0.4780822441912272,6714062,NC
-0.46808749095909047,6714063,NC
-0.4580927363589727,6714064,NC
-0.4830979803907385,6714065,NC
-0.4781032230542529,6714066,NC
-0.46810846434938075,6714067,NC
-0.44311370427598706,6714068,NC
-0.4231189428339367,6714069,NC
-0.4331241800230948,6714070,NC
-0.4431294158433262,6714071,NC
-0.45813465029449624,6714072,NC
-0.4581398833764698,6714073,NC
-0.45314511508911226,6714074,NC
-0.4581503454322886,6714075,NC
-0.4581555744058642,6714076,NC
-0.4931608020097042,6714077,NC
-0.48816602824367394,6714078,NC
-0.4981712531076388,6714079,NC
-0.4931764766014641,6714080,NC
-0.4931816987250152,6714081,NC
-0.5181869194781575,6714082,NC
-0.5231921388607567,6714083,NC
-0.528197356872678,6714084,NC
-0.5382025735137872,6714085,NC
-0.5132077887839497,6714086,NC
-0.5132130026830312,6714087,NC
-0.5232182152108973,6714088,NC
-0.5532234263674136,6714089,NC
-0.538228636152446,6714090,NC
-0.5432338445658601,6714091,NC
-0.548239051607522,6714092,NC
-0.538244257277297,6714093,NC
-0.5482494615750513,6714094,NC
-0.5782546645006508,6714095,NC
-0.5832598660539613,6714096,NC
-0.5532650662348488,6714097,NC
-0.5432702650431793,6714098,NC
-0.553275462478819,6714099,NC
-0.5582806585416337,6714100,NC
-0.5782858532314896,6714101,NC
-0.5982910465482529,6714102,NC
-0.5882962384917898,6714103,NC
-0.5733014290619663,6714104,NC
-0.563306618258649,6714105,NC
-0.568311806081704,6714106,NC
-0.5783169925309974,6714107,NC
-0.583322177606396,6714108,NC
-0.5733273613077658,6714109,NC
-0.5733325436349734,6714110,NC
-0.5583377245878852,6714111,NC
-0.5783429041663678,6714112,NC
-0.5833480823702877,6714113,NC
-0.5933532591995113,6714114,NC
-0.5983584346539054,6714115,NC
-0.5883636087333366,6714116,NC
-0.5733687814376714,6714117,NC
-0.5783739527667767,6714118,NC
-0.5833791227205192,6714119,NC
-0.5883842912987657,6714120,NC
-0.5733894585013829,6714121,NC
-0.5683946243282377,6714122,NC
-0.5583997887791972,6714123,NC
-0.563404951854128,6714124,NC
-0.5834101135528972,6714125,NC
-0.5834152738753717,6714126,NC
-0.5634204328214186,6714127,NC
-0.5584255903909051,6714128,NC
-0.5534307465836981,6714129,NC
-0.5384359013996648,6714130,NC
-0.5284410548386723,6714131,NC
-0.523446206900588,6714132,NC
-0.4934513575852789,6714133,NC
-0.4584565068926125,6714134,NC
-0.4234616548224559,6714135,NC
-0.35346680137467656,6714136,NC
-0.27847194654914187,6714137,NC
-0.17847709034571918,6714138,NC
-0.063482232764276,6714139,NC
0.02651262619532023,6714140,NC
0.09650748653320192,6714141,NC
0.10150234824950155,6714142,NC
0.046497211344351544,6714143,NC
-0.05850792418211576,6714144,NC
-0.10851305832976803,6714145,NC
-0.11851819109847295,6714146,NC
-0.06352332248809822,6714147,NC
0.006471547501488317,6714148,NC
0.11146641887041892,6714149,NC
0.2264612916188257,6714150,NC
0.3314561657468407,6714151,NC
0.4014510412545962,6714152,NC
0.3864459181422241,6714153,L
0.32144079640985646,6714154,NC
0.2014356760576253,6714155,NC
0.07643055708566246,6714156,NC
-0.008574560505900067,6714157,NC
-0.07857967671693045,6714158,NC
-0.1635847915472968,6714159,NC
-0.28358990499686737,6714160,NC
-0.3985950170655103,6714161,NC
-0.5386001277530941,6714162,NC
-0.6286052370594868,6714163,NC
-0.7136103449845569,6714164,NC
-0.7486154515281725,6714165,NC
-0.7686205566902026,6714166,NC
-0.763625660470515,6714167,NC
-0.7586307628689787,6714168,NC
-0.728635863885462,6714169,NC
-0.6936409635198333,6714170,NC
-0.6736460617719613,6714171,NC
-0.6586511586417148,6714172,NC
-0.6586562541289622,6714173,NC
-0.6786613482335724,6714174,NC
-0.668666440955414,6714175,NC
-0.6586715322943559,6714176,NC
-0.6586766222502668,6714177,NC
-0.6436817108230155,6714178,NC
-0.6586867980124711,6714179,NC
-0.6536918838185022,6714180,NC
-0.668696968240978,6714181,NC
-0.6487020512797673,6714182,NC
-0.6387071329347392,6714183,NC
-0.6487122132057629,6714184,NC
-0.6587172920927072,6714185,NC
-0.6587223695954414,6714186,NC
-0.6487274457138347,6714187,NC
-0.6337325204477562,6714188,NC
-0.6337375937970751,6714189,NC
-0.6437426657616607,6714190,NC
-0.6437477363413824,6714191,NC
-0.6587528055361095,6714192,NC
-0.6387578733457113,6714193,NC
-0.6287629397700573,6714194,NC
-0.6187680048090167,6714195,NC
-0.6237730684624594,6714196,NC
-0.6237781307302547,6714197,NC
-0.643783191612272,6714198,NC
-0.6287882511083812,6714199,NC
-0.6087933092184519,6714200,NC
-0.5837983659423533,6714201,NC
-0.5938034212799556,6714202,NC
-0.6038084752311283,6714203,NC
-0.6038135277957413,6714204,NC
-0.5938185789736643,6714205,NC
-0.5738236287647671,6714206,NC
-0.5638286771689196,6714207,NC
-0.5588337241859919,6714208,NC
-0.5638387698158537,6714209,NC
-0.5588438140583751,6714210,NC
-0.5638488569134261,6714211,NC
-0.5288538983808767,6714212,NC
-0.5288589384605971,6714213,NC
-0.5188639771524575,6714214,NC
-0.5288690144563276,6714215,NC
-0.5288740503720781,6714216,NC
-0.5088790848995792,6714217,NC
-0.49388411803870086,6714218,NC
-0.46888914978931356,6714219,NC
-0.46889418015128764,6714220,NC
-0.48389920912449347,6714221,NC
-0.47390423670880144,6714222,NC
-0.44390926290408206,6714223,NC
-0.42391428771020573,6714224,NC
-0.408919311127043,6714225,NC
-0.4039243331544644,6714226,NC
-0.4039293537923406,6714227,NC
-0.40893437304054214,6714228,NC
-0.3889393908989398,6714229,NC
-0.3639444073674041,6714230,NC
-0.33894942244580584,6714231,NC
-0.31895443613401586,6714232,NC
-0.32395944843190494,6714233,NC
-0.3089644593393439,6714234,NC
-0.2839694688562036,6714235,NC
-0.26897447698235494,6714236,NC
-0.24897948371766895,6714237,NC
-0.21898448906201656,6714238,NC
-0.2239894930152688,6714239,NC
-0.2239944955772967,6714240,NC
-0.20899949674797136,6714241,NC
-0.18900449652716395,6714242,NC
-0.17400949491474557,6714243,NC
-0.19401449191058748,6714244,NC
-0.20401948751456087,6714245,NC
-0.22902448172653703,6714246,NC
-0.2190294745463873,6714247,NC
-0.24403446597398296,6714248,NC
-0.2440394560091954,6714249,NC
-0.2740444446518961,6714250,NC
-0.30404943190195644,6714251,NC
-0.3390544177592479,6714252,NC
-0.34905940222364207,6714253,NC
-0.36406438529501045,6714254,NC
-0.3640693669732247,6714255,NC
-0.3990743472581563,6714256,NC
-0.42407932614967714,6714257,NC
-0.4440843036476587,6714258,NC
-0.45408927975197294,6714259,NC
-0.4440942544624914,6714260,NC
-0.44409922777908606,6714261,NC
-0.46910419970162864,6714262,NC
-0.4791091702299912,6714263,NC
-0.5041141393640455,6714264,NC
-0.5091191071036635,6714265,NC
-0.4941240734487173,6714266,NC
-0.4841290383990788,6714267,NC
-0.4891340019546201,6714268,NC
-0.5141389641152133,6714269,NC
-0.5291439248807306,6714270,NC
-0.5191488842510441,6714271,NC
-0.5141538422260261,6714272,NC
-0.49915879880554864,6714273,NC
-0.49916375398948415,6714274,NC
-0.519168707777705,6714275,NC
-0.5291736601700833,6714276,NC
-0.5291786111664916,6714277,NC
-0.5191835607668024,6714278,NC
-0.49918850897088796,6714279,NC
-0.504193455778621,6714280,NC
-0.5141984011898738,6714281,NC
-0.529203345204519,6714282,NC
-0.5192082878224293,6714283,NC
-0.48921322904347736,6714284,NC
-0.4842181688675357,6714285,NC
-0.49922310729447716,6714286,NC
-0.5092280443241745,6714287,NC
-0.5192329799565003,6714288,NC
-0.5142379141913275,6714289,NC
-0.49924284702852895,6714290,NC
-0.48424777846797756,6714291,NC
-0.4892527085095463,6714292,NC
-0.494257637153108,6714293,NC
-0.4942625643985358,6714294,NC
-0.4942674902457026,6714295,NC
-0.4742724146944815,6714296,NC
-0.4642773377447457,6714297,NC
-0.47928225939636826,6714298,NC
-0.4892871796492224,6714299,NC
-0.4892920985031813,6714300,NC
-0.4842970159581182,6714301,NC
-0.47430193201390636,6714302,NC
-0.46430684667041916,6714303,NC
-0.47431175992752994,6714304,NC
-0.4943166717851121,6714305,NC
-0.489321582243039,6714306,NC
-0.4893264913011842,6714307,NC
-0.48433139895942123,6714308,NC
-0.45933630521762353,6714309,NC
-0.46934121007566465,6714310,NC
-0.4843461135334183,6714311,NC
-0.5093510155907581,6714312,NC
-0.5093559162475576,6714313,NC
-0.49436081550369076,6714314,NC
-0.5043657133590311,6714315,NC
-0.4693706098134526,6714316,NC
-0.504375504866829,6714317,NC
-0.5043803985190342,6714318,NC
-0.5093852907699419,6714319,NC
-0.48439018161942626,6714320,NC
-0.47439507106736123,6714321,NC
-0.5043999591136208,6714322,NC
-0.5144048457580789,6714323,NC
-0.5294097310006096,6714324,NC
-0.5244146148410873,6714325,NC
-0.509419497279386,6714326,NC
-0.49942437831537967,6714327,NC
-0.4944292579489428,6714328,NC
-0.5044341361799496,6714329,NC
-0.5244390130082742,6714330,NC
-0.5194438884337912,6714331,NC
-0.5044487624563747,6714332,NC
-0.5044536350758992,6714333,NC
-0.4944585062922393,6714334,NC
-0.5194633761052694,6714335,NC
-0.5294682445148637,6714336,NC
-0.5294731115208973,6714337,NC
-0.49447797712324426,6714338,NC
-0.48948284132177955,6714339,NC
-0.49448770411637766,6714340,NC
-0.5194925655069134,6714341,NC
-0.5294974254932614,6714342,NC
-0.5145022840752964,6714343,NC
-0.49950714125289336,6714344,NC
-0.49451199702592696,6714345,NC
-0.49951685139427215,6714346,NC
-0.5145217043578039,6714347,NC
-0.524526555916397,6714348,NC
-0.5295314060699264,6714349,NC
-0.5145362548182674,6714350,NC
-0.4995411021612948,6714351,NC
-0.49454594809888386,6714352,NC
-0.5045507926309096,6714353,NC
-0.5045556357572472,6714354,NC
-0.4845604774777718,6714355,NC
-0.47956531779235884,6714356,NC
-0.4545701567008834,6714357,NC
-0.45457499420322084,6714358,NC
-0.45457983029924653,6714359,NC
-0.47458466498883584,6714360,NC
-0.4595894982718642,6714361,NC
-0.434594330148207,6714362,NC
-0.4295991606177398,6714363,NC
-0.4296039896803381,6714364,NC
-0.4446088173358775,6714365,NC
-0.4546136435842335,6714366,NC
-0.4346184684252819,6714367,NC
-0.4296232918588982,6714368,NC
-0.4146281138849582,6714369,NC
-0.4096329345033376,6714370,NC
-0.4396377537139123,6714371,NC
-0.44464257151655795,6714372,NC
-0.44964738791115044,6714373,NC
-0.44965220289756574,6714374,NC
-0.4296570164756797,6714375,NC
-0.4496618286453684,6714376,NC
-0.46466663940650765,6714377,NC
-0.4896714487589736,6714378,NC
-0.4896762567026423,6714379,NC
-0.4796810632373899,6714380,NC
-0.47468586836309246,6714381,NC
-0.48469067207962624,6714382,NC
-0.5046954743868675,6714383,NC
-0.5247002752846922,6714384,NC
-0.514705074772977,6714385,NC
-0.504709872851598,6714386,NC
-0.4997146695204316,6714387,NC
-0.5047194647793543,6714388,NC
-0.5197242586282425,6714389,NC
-0.5347290510669724,6714390,NC
-0.5297338420954208,6714391,NC
-0.5197386317134643,6714392,NC
-0.5197434199209794,6714393,NC
-0.5297482067178425,6714394,NC
-0.5697529921039306,6714395,NC
-0.5997577760791201,6714396,NC
-0.5747625586432878,6714397,NC
-0.5697673397963106,6714398,NC
-0.5197721195380651,6714399,NC
-0.5347768978684282,6714400,NC
-0.5497816747872769,6714401,NC
-0.5547864502944879,6714402,NC
-0.5597912243899383,6714403,NC
-0.539795997073505,6714404,NC
-0.5498007683450651,6714405,NC
-0.5398055382044955,6714406,NC
-0.5498103066516735,6714407,NC
-0.574815073686476,6714408,NC
-0.5698198393087803,6714409,NC
-0.5498246035184635,6714410,NC
-0.529829366315403,6714411,NC
-0.5348341276994759,6714412,NC
-0.5598388876705597,6714413,NC
-0.5648436462285314,6714414,NC
-0.5598484033732688,6714415,NC
-0.539853159104649,6714416,NC
-0.5248579134225495,6714417,NC
-0.549862666326848,6714418,NC
-0.5648674178174219,6714419,NC
-0.5698721678941486,6714420,NC
-0.5648769165569059,6714421,NC
-0.5548816638055714,6714422,NC
-0.5448864096400227,6714423,NC
-0.5448911540601374,6714424,NC
-0.5598958970657937,6714425,NC
-0.5799006386568689,6714426,NC
-0.579905378833241,6714427,NC
-0.5449101175947878,6714428,NC
-0.5499148549413873,6714429,NC
-0.5549195908729173,6714430,NC
-0.554924325389256,6714431,NC
-0.5649290584902811,6714432,NC
-0.5599337901758706,6714433,NC
-0.5499385204459029,6714434,NC
-0.5249432493002559,6714435,NC
-0.5149479767388079,6714436,NC
-0.5349527027614367,6714437,NC
-0.529957427368021,6714438,NC
-0.5099621505584387,6714439,NC
-0.47996687233256835,6714440,NC
-0.4449715926902881,6714441,NC
-0.4149763116314763,6714442,NC
-0.3549810291560115,6714443,NC
-0.30998574526377204,6714444,NC
-0.18999045995463643,6714445,NC
-0.08999517322848308,6714446,NC
0.005000114914809346,6714447,NC
0.0549954044753623,6714448,NC
0.08499069545329718,6714449,NC
0.0899859878487353,6714450,NC
0.06498128166179801,6714451,NC
0.029976576892606528,6714452,NC
-0.025028126458717846,6714453,NC
-0.08003282839205397,6714454,NC
-0.09503752890728066,6714455,NC
-0.0850422280042768,6714456,NC
-0.015046925682921278,6714457,NC
0.08494837805690694,6714458,NC
0.20994368321532886,6714459,NC
0.31993898979246543,6714460,NC
0.4049342977884377,6714461,NC
0.4799296072033665,6714462,NC
0.5299249180373726,6714463,NC
0.534920230290577,6714464,L
0.4849155439631006,6714465,NC
0.3549108590550638,6714466,NC
0.23990617556658758,6714467,NC
0.12990149349779256,6714468,NC
0.044896812848799386,6714469,NC
-0.045107866380271325,6714470,NC
-0.12511254418929899,6714471,NC
-0.23511722057816303,6714472,NC
-0.36512189554674307,6714473,NC
-0.5051265690949185,6714474,NC
-0.610131241222569,6714475,NC
-0.680135911929574,6714476,NC
-0.7301405812158135,6714477,NC
-0.7601452490811667,6714478,NC
-0.8001499155255136,6714479,NC
-0.805154580548734,6714480,NC
-0.7751592441507076,6714481,NC
-0.7351639063313143,6714482,NC
-0.7001685670904338,6714483,NC
-0.6851732264279461,6714484,NC
-0.6701778843437312,6714485,NC
-0.6801825408376689,6714486,NC
-0.6701871959096394,6714487,NC
-0.6701918495595226,6714488,NC
-0.6451965017871986,6714489,NC
-0.6552011525925476,6714490,NC
-0.6652058019754499,6714491,NC
-0.6952104499357853,6714492,NC
-0.6902150964734344,6714493,NC
-0.6602197415882771,6714494,NC
-0.645224385280194,6714495,NC
-0.6402290275490654,6714496,NC
-0.6402336683947716,6714497,NC
-0.6602383078171931,6714498,NC
-0.6602429458162101,6714499,NC
-0.6402475823917034,6714500,NC
-0.6302522175435534,6714501,NC
-0.6402568512716407,6714502,NC
-0.6402614835758458,6714503,NC
-0.6652661144560493,6714504,NC
-0.645270743912132,6714505,NC
-0.6402753719439747,6714506,NC
-0.6202799985514579,6714507,NC
-0.6202846237344624,6714508,NC
-0.6402892474928692,6714509,NC
-0.640293869826559,6714510,NC
-0.6202984907354128,6714511,NC
-0.6153031102193115,6714512,NC
-0.5803077282781359,6714513,NC
-0.5953123449117672,6714514,NC
-0.6103169601200864,6714515,NC
-0.6053215739029746,6714516,NC
-0.5953261862603126,6714517,NC
-0.585330797191982,6714518,NC
-0.5653354066978638,6714519,NC
-0.5603400147778391,6714520,NC
-0.5703446214317893,6714521,NC
-0.5703492266595956,6714522,NC
-0.5553538304611395,6714523,NC
-0.5353584328363021,6714524,NC
-0.5153630337849652,6714525,NC
-0.5203676333070097,6714526,NC
-0.5303722314023175,6714527,NC
-0.52537682807077,6714528,NC
-0.5103814233122488,6714529,NC
-0.4853860171266353,6714530,NC
-0.4653906095138113,6714531,NC
-0.46539520047365845,6714532,NC
-0.46539979000605836,6714533,NC
-0.43540437811089283,6714534,NC
-0.44040896478804364,6714535,NC
-0.41541355003739255,6714536,NC
-0.39041813385882146,6714537,NC
-0.3804227162522122,6714538,NC
-0.38542729721744673,6714539,NC
-0.3704318767544069,6714540,NC
-0.3654364548629749,6714541,NC
-0.3454410315430326,6714542,NC
-0.3154456067944621,6714543,NC
-0.3054501806171456,6714544,NC
-0.295454753010965,6714545,NC
-0.3004593239758028,6714546,NC
-0.285463893511541,6714547,NC
-0.25546846161806186,6714548,NC
-0.24547302829524772,6714549,NC
-0.2354775935429809,6714550,NC
-0.24548215736114373,6714551,NC
-0.25048671974961867,6714552,NC
-0.23049128070828806,6714553,NC
-0.21549584023703447,6714554,NC
-0.1855003983357403,6714555,NC
-0.1805049550042882,6714556,NC
-0.18550951024256074,6714557,NC
-0.18051406405044046,6714558,NC
-0.17551861642781008,6714559,NC
-0.18052316737455226,6714560,NC
-0.16052771689054976,6714561,NC
-0.17053226497568533,6714562,NC
-0.20053681162984177,6714563,NC
-0.2305413568529019,6714564,NC
-0.24054590064474868,6714565,NC
-0.2455504430052649,6714566,NC
-0.27055498393433364,6714567,NC
-0.2955595234318378,6714568,NC
-0.3255640614976604,6714569,NC
-0.3655685981316845,6714570,NC
-0.3855731333337933,6714571,NC
-0.3855776671038698,6714572,NC
-0.3905821994417973,6714573,NC
-0.4205867303474588,6714574,NC
-0.42559125982073776,6714575,NC
-0.44559578786151743,6714576,NC
-0.4606003144696811,6714577,NC
-0.4506048396451121,6714578,NC
-0.4556093633876938,6714579,NC
-0.4556138856973097,6714580,NC
-0.4906184065738432,6714581,NC
-0.5006229260171778,6714582,NC
-0.5106274440271972,6714583,NC
-0.4906319606037848,6714584,NC
-0.47563647574682427,6714585,NC
-0.5056409894561993,6714586,NC
-0.5206455017317936,6714587,NC
-0.5156500125734907,6714588,NC
-0.5106545219811746,6714589,NC
-0.5206590299547289,6714590,NC
-0.5056635364940376,6714591,NC
-0.5006680415989845,6714592,NC
-0.5206725452694536,6714593,NC
-0.5256770475053286,6714594,NC
-0.5206815483064938,6714595,NC
-0.5056860476728331,6714596,NC
-0.5006905456042304,6714597,NC
-0.50569504210057,6714598,NC
-0.530699537161736,6714599,NC
-0.5357040307876125,6714600,NC
-0.5157085229780838,6714601,NC
-0.520713013733034,6714602,NC
-0.5057175030523475,6714603,NC
-0.5057219909359085,6714604,NC
-0.5307264773836016,6714605,NC
-0.5407309623953108,6714606,NC
-0.5257354459709209,6714607,NC
-0.5157399281103162,6714608,NC
-0.5057444088133812,6714609,NC
-0.5057488880800005,6714610,NC
-0.5157533659100587,6714611,NC
-0.5257578423034402,6714612,NC
-0.5257623172600299,6714613,NC
-0.5257667907797123,6714614,NC
-0.5007712628623723,6714615,NC
-0.5257757335078945,6714616,NC
-0.5257802027161638,6714617,NC
-0.530784670487065,6714618,NC
-0.5157891368204831,6714619,NC
-0.5207936017163027,6714620,NC
-0.5057980651744091,6714621,NC
-0.510802527194687,6714622,NC
-0.5258069877770216,6714623,NC
-0.5408114469212979,6714624,NC
-0.5308159046274009,6714625,NC
-0.530820360895216,6714626,NC
-0.525824815724628,6714627,NC
-0.5208292691155225,6714628,NC
-0.5408337210677844,6714629,NC
-0.5458381715812992,6714630,NC
-0.5358426206559521,6714631,NC
-0.5308470682916285,6714632,NC
-0.5108515144882139,6714633,NC
-0.5208559592455935,6714634,NC
-0.5408604025636528,6714635,NC
-0.5508648444422775,6714636,NC
-0.555869284881353,6714637,NC
-0.5358737238807648,6714638,NC
-0.5208781614403988,6714639,NC
-0.5258825975601403,6714640,NC
-0.5408870322398753,6714641,NC
-0.5408914654794893,6714642,NC
-0.5408958972788681,6714643,NC
-0.5209003276378976,6714644,NC
-0.5059047565564636,6714645,NC
-0.520909184034452,6714646,NC
-0.5309136100717485,6714647,NC
-0.5559180346682393,6714648,NC
-0.5609224578238103,6714649,NC
-0.5559268795383475,6714650,NC
-0.5409312998117369,6714651,NC
-0.5409357186438648,6714652,NC
-0.5609401360346172,6714653,NC
-0.5509445519838803,6714654,NC
-0.5559489664915401,6714655,NC
-0.5509533795574832,6714656,NC
-0.5259577911815957,6714657,NC
-0.5359622013637639,6714658,NC
-0.5409666101038741,6714659,NC
-0.545971017401813,6714660,NC
-0.5559754232574666,6714661,NC
-0.5409798276707217,6714662,NC
-0.5259842306414646,6714663,NC
-0.540988632169582,6714664,NC
-0.5559930322549604,6714665,NC
-0.5559974308974864,6714666,NC
-0.5560018280970468,6714667,NC
-0.546006223853528,6714668,NC
-0.5360106181668169,6714669,NC
-0.5410150110368004,6714670,NC
-0.5410194024633651,6714671,NC
-0.546023792446398,6714672,NC
-0.5310281809857856,6714673,NC
-0.5160325680814154,6714674,NC
-0.4860369537331739,6714675,NC
-0.4860413379409483,6714676,NC
-0.5060457207046255,6714677,NC
-0.5010501020240927,6714678,NC
-0.511054481899237,6714679,NC
-0.4760588603299452,6714680,NC
-0.46606323731610494,6714681,NC
-0.4610676128576032,6714682,NC
-0.4660719869543272,6714683,NC
-0.46607635960616434,6714684,NC
-0.45608073081300193,6714685,NC
-0.45608510057472723,6714686,NC
-0.45108946889122775,6714687,NC
-0.4410938357623908,6714688,NC
-0.4810982011881039,6714689,NC
-0.48110256516825467,6714690,NC
-0.4811069277027306,6714691,NC
-0.4911112887914192,6714692,NC
-0.4661156484342081,6714693,NC
-0.4711200066309851,6714694,NC
-0.5061243633816378,6714695,NC
-0.5161287186860538,6714696,NC
-0.5161330725441211,6714697,NC
-0.5061374249557273,6714698,NC
-0.49114177592076047,6714699,NC
-0.5111461254391083,6714700,NC
-0.5261504735106588,6714701,NC
-0.5361548201352999,6714702,NC
-0.5361591653129197,6714703,NC
-0.5211635090434061,6714704,NC
-0.5211678513266472,6714705,NC
-0.5211721921625311,6714706,NC
-0.5511765315509459,6714707,NC
-0.5561808694917799,6714708,NC
-0.5561852059849213,6714709,NC
-0.5461895410302582,6714710,NC
-0.5261938746276791,6714711,NC
-0.5411982067770722,6714712,NC
-0.5712025374783258,6714713,NC
-0.5862068667313286,6714714,NC
-0.5762111945359687,6714715,NC
-0.5662155208921348,6714716,NC
-0.5412198457997153,6714717,NC
-0.5412241692585987,6714718,NC
-0.5662284912686739,6714719,NC
-0.5862328118298292,6714720,NC
-0.5862371309419534,6714721,NC
-0.5662414486049352,6714722,NC
-0.5612457648186633,6714723,NC
-0.5662500795830265,6714724,NC
-0.5812543928979137,6714725,NC
-0.5812587047632135,6714726,NC
-0.5862630151788151,6714727,NC
-0.5762673241446072,6714728,NC
-0.551271631660479,6714729,NC
-0.5612759377263192,6714730,NC
-0.5812802423420171,6714731,NC
-0.5812845455074617,6714732,NC
-0.581288847222542,6714733,NC
-0.5762931474871473,6714734,NC
-0.5712974463011666,6714735,NC
-0.5663017436644894,6714736,NC
-0.5813060395770048,6714737,NC
-0.6063103340386021,6714738,NC
-0.5763146270491706,6714739,NC
-0.5763189186085997,6714740,NC
-0.556323208716779,6714741,NC
-0.5513274973735977,6714742,NC
-0.5713317845789454,6714743,NC
-0.5763360703327116,6714744,NC
-0.5713403546347859,6714745,NC
-0.5713446374850579,6714746,NC
-0.5463489188834172,6714747,NC
-0.5663531988297534,6714748,NC
-0.5763574773239564,6714749,NC
-0.5613617543659157,6714750,NC
-0.5513660299555214,6714751,NC
-0.5413703040926631,6714752,NC
-0.5213745767772308,6714753,NC
-0.5113788480091143,6714754,NC
-0.5063831177882034,6714755,NC
-0.49138738611438837,6714756,NC
-0.4613916529875591,6714757,NC
-0.41139591840760553,6714758,NC
-0.3514001823744179,6714759,NC
-0.2914044448878863,6714760,NC
-0.23140870594790086,6714761,NC
-0.1464129655543518,6714762,NC
-0.07641722370712932,6714763,NC
-0.016421480406123692,6714764,NC
0.028574264348774712,6714765,NC
0.03357001055767557,6714766,NC
-0.016434241779311486,6714767,NC
-0.10643849266207688,6714768,NC
-0.1664427420905111,6714769,NC
-0.18644699006450463,6714770,NC
-0.171451236583948,6714771,NC
-0.1364554816487318,6714772,NC
-0.07645972525874661,6714773,NC
0.01353603258611688,6714774,NC
0.13853179188596798,6714775,NC
0.24852755264091603,6714776,NC
0.34852331485107024,6714777,NC
0.41351907851653974,6714778,NC
0.42851484363743375,6714779,NC
0.39851061021386147,6714780,L
0.3335063782459319,6714781,NC
0.2585021477337541,6714782,NC
0.17849791867743706,6714783,NC
0.0984936910770898,6714784,NC
-0.0015105350671787351,6714785,NC
-0.10151475975525964,6714786,NC
-0.20151898298704413,6714787,NC
-0.2815232047624233,6714788,NC
-0.40152742508128836,6714789,NC
-0.5165316439435307,6714790,NC
-0.6265358613490413,6714791,NC
-0.7265400772977119,6714792,NC
-0.7615442917894333,6714793,NC
-0.7715485048240974,6714794,NC
-0.7865527164015955,6714795,NC
-0.7765569265218191,6714796,NC
-0.7765611351846596,6714797,NC
-0.7565653423900086,6714798,NC
-0.7115695481377577,6714799,NC
-0.6765737524277986,6714800,NC
-0.6515779552600227,6714801,NC
-0.636582156634322,6714802,NC
-0.6365863565505882,6714803,NC
-0.6415905550087129,6714804,NC
-0.641594752008588,6714805,NC
-0.6215989475501053,6714806,NC
-0.6116031416331569,6714807,NC
-0.6116073342576344,6714808,NC
-0.6316115254234299,6714809,NC
-0.6316157151304355,6714810,NC
-0.6266199033785431,6714811,NC
-0.6116240901676451,6714812,NC
-0.6016282754976332,6714813,NC
-0.5966324593683996,6714814,NC
-0.6166366417798367,6714815,NC
-0.6166408227318366,6714816,NC
-0.6066450022242916,6714817,NC
-0.5916491802570939,6714818,NC
-0.591653356830136,6714819,NC
-0.5866575319433102,6714820,NC
-0.6066617055965089,6714821,NC
-0.6266658777896245,6714822,NC
-0.6116700485225497,6714823,NC
-0.5916742177951768,6714824,NC
-0.5816783856073985,6714825,NC
-0.5766825519591072,6714826,NC
-0.5816867168501958,6714827,NC
-0.5766908802805568,6714828,NC
-0.5866950422500831,6714829,NC
-0.5866992027586673,6714830,NC
-0.5567033618062021,6714831,NC
-0.5617075193925806,6714832,NC
-0.5767116755176954,6714833,NC
-0.5617158301814396,6714834,NC
-0.556719983383706,6714835,NC
-0.5317241351243877,6714836,NC
-0.5317282854033776,6714837,NC
-0.5217324342205688,6714838,NC
-0.5167365815758544,6714839,NC
-0.5467407274691275,6714840,NC
-0.5217448719002814,6714841,NC
-0.48674901486920913,6714842,NC
-0.471753156375804,6714843,NC
-0.46675729641995933,6714844,NC
-0.47176143500156836,6714845,NC
-0.4767655721205245,6714846,NC
-0.47176970777672117,6714847,NC
-0.4417738419700517,6714848,NC
-0.4217779747004097,6714849,NC
-0.4067821059676885,6714850,NC
-0.41178623577178175,6714851,NC
-0.4117903641125831,6714852,NC
-0.386794490989986,6714853,NC
-0.37679861640388423,6714854,NC
-0.3468027403541714,6714855,NC
-0.34680686284074136,6714856,NC
-0.3368109838634878,6714857,NC
-0.3468151034223045,6714858,NC
-0.30181922151708535,6714859,NC
-0.2918233381477242,6714860,NC
-0.26182745331411506,6714861,NC
-0.25183156701615184,6714862,NC
-0.25683567925372847,6714863,NC
-0.25683979002673907,6714864,NC
-0.2568438993350777,6714865,NC
-0.22184800717863837,6714866,NC
-0.20185211355731536,6714867,NC
-0.20685621847100277,6714868,NC
-0.1968603219195949,6714869,NC
-0.20186442390298592,6714870,NC
-0.17686852442107023,6714871,NC
-0.1568726234737421,6714872,NC
-0.12187672106089587,6714873,NC
-0.12188081718242601,6714874,NC
-0.13188491183822695,6714875,NC
-0.1368890050281932,6714876,NC
-0.12689309675221924,6714877,NC
-0.12189718701019966,6714878,NC
-0.1069012758020291,6714879,NC
-0.12190536312760211,6714880,NC
-0.15690944898681347,6714881,NC
-0.19191353337955777,6714882,NC
-0.19691761630572988,6714883,NC
-0.2019216977652245,6714884,NC
-0.21192577775793653,6714885,NC
-0.24192985628376074,6714886,NC
-0.28193393334259215,6714887,NC
-0.31693800893432567,6714888,NC
-0.3419420830588562,6714889,NC
-0.33194615571607883,6714890,NC
-0.34195022690588855,6714891,NC
-0.35695429662818057,6714892,NC
-0.3869583648828499,6714893,NC
-0.40196243166979173,6714894,NC
-0.4219664969889013,6714895,NC
-0.4169705608400739,6714896,NC
-0.41697462322320467,6714897,NC
-0.42197868413818906,6714898,NC
-0.43698274358492234,6714899,NC
-0.46698680156329997,6714900,NC
-0.46699085807321733,6714901,NC
-0.45199491311456996,6714902,NC
-0.4419989666872533,6714903,NC
-0.4520030187911629,6714904,NC
-0.4620070694261944,6714905,NC
-0.4670111185922433,6714906,NC
-0.46201516628920547,6714907,NC
-0.45201921251697635,6714908,NC
-0.4570232572754519,6714909,NC
-0.4570273005645277,6714910,NC
-0.4670313423840997,6714911,NC
-0.47703538273406376,6714912,NC
-0.4770394216143157,6714913,NC
-0.4820434590247514,6714914,NC
-0.4670474949652669,6714915,NC
-0.4820515294357582,6714916,NC
-0.48205556243612124,6714917,NC
-0.48205959396625225,6714918,NC
-0.48706362402604725,6714919,NC
-0.4720676526154024,6714920,NC
-0.47707167973421394,6714921,NC
-0.47207570538237803,6714922,NC
-0.47207972955979094,6714923,NC
-0.48708375226634903,6714924,NC
-0.4870877735019486,6714925,NC
-0.47709179326648604,6714926,NC
-0.46709581155985774,6714927,NC
-0.4670998283819602,6714928,NC
-0.46710384373268987,6714929,NC
-0.4921078576119433,6714930,NC
-0.4871118700196171,6714931,NC
-0.47211588095560775,6714932,NC
-0.4521198904198121,6714933,NC
-0.46212389841212664,6714934,NC
-0.4671279049324481,6714935,NC
-0.4871319099806734,6714936,NC
-0.4921359135566992,6714937,NC
-0.47713991566042235,6714938,NC
-0.4671439162917398,6714939,NC
-0.48214791545054836,6714940,NC
-0.5071519131367451,6714941,NC
-0.5121559093502268,6714942,NC
-0.5071599040908907,6714943,NC
-0.49716389735863376,6714944,NC
-0.4921678891533531,6714945,NC
-0.49217187947494584,6714946,NC
-0.5021758683233092,6714947,NC
-0.5171798556983402,6714948,NC
-0.5171838415999365,6714949,NC
-0.5021878260279949,6714950,NC
-0.5071918089824132,6714951,NC
-0.5121957904630884,6714952,NC
-0.517199770469918,6714953,NC
-0.5372037490027995,6714954,NC
-0.5272077260616305,6714955,NC
-0.5222117016463083,6714956,NC
-0.5072156757567304,6714957,NC
-0.5072196483927947,6714958,NC
-0.5222236195543986,6714959,NC
-0.5422275892414398,6714960,NC
-0.532231557453816,6714961,NC
-0.517235524191425,6714962,NC
-0.5172394894541646,6714963,NC
-0.5222434532419326,6714964,NC
-0.5222474155546268,6714965,NC
-0.5422513763921452,6714966,NC
-0.5422553357543856,6714967,NC
-0.532259293641246,6714968,NC
-0.5172632500526246,6714969,NC
-0.5472672049884192,6714970,NC
-0.537271158448528,6714971,NC
-0.5372751104328493,6714972,NC
-0.5322790609412809,6714973,NC
-0.5322830099737212,6714974,NC
-0.5322869575300685,6714975,NC
-0.527290903610221,6714976,NC
-0.542294848214077,6714977,NC
-0.5522987913415349,6714978,NC
-0.562302732992493,6714979,NC
-0.5573066731668499,6714980,NC
-0.5373106118645039,6714981,NC
-0.5573145490853536,6714982,NC
-0.5523184848292975,6714983,NC
-0.5673224190962342,6714984,NC
-0.5623263518860623,6714985,NC
-0.5723302831986805,6714986,NC
-0.5473342130339874,6714987,NC
-0.5323381413918818,6714988,NC
-0.5373420682722626,6714989,NC
-0.5373459936750284,6714990,NC
-0.5323499176000782,6714991,NC
-0.5173538400473109,6714992,NC
-0.5023577610166252,6714993,NC
-0.5023616805079203,6714994,NC
-0.512365598521095,6714995,NC
-0.5273695150560485,6714996,NC
-0.5223734301126799,6714997,NC
-0.5073773436908882,6714998,NC
-0.4823812557905725,6714999,NC
-0.4873851664116322,6715000,NC
-0.5023890755539664,6715001,NC
-0.5123929832174744,6715002,NC
-0.5023968894020554,6715003,NC
-0.4974007941076089,6715004,NC
-0.49240469733403425,6715005,NC
-0.5024085990812308,6715006,NC
-0.5224124993490981,6715007,NC
-0.5224163981375355,6715008,NC
-0.5174202954464426,6715009,NC
-0.49742419127571913,6715010,NC
-0.5124280856252645,6715011,NC
-0.5224319784949785,6715012,NC
-0.5474358698847606,6715013,NC
-0.5674397597945108,6715014,NC
-0.5774436482241286,6715015,NC
-0.562447535173514,6715016,NC
-0.5624514206425668,6715017,NC
-0.5624553046311869,6715018,NC
-0.577459187139274,6715019,NC
-0.5924630681667283,6715020,NC
-0.5974669477134498,6715021,NC
-0.5974708257793384,6715022,NC
-0.5924747023642941,6715023,NC
-0.5874785774682172,6715024,NC
-0.6174824510910079,6715025,NC
-0.6324863232325659,6715026,NC
-0.637490193892792,6715027,NC
-0.6524940630715862,6715028,NC
-0.6224979307688487,6715029,NC
-0.6075017969844803,6715030,NC
-0.6125056617183808,6715031,NC
-0.6275095249704508,6715032,NC
-0.6525133867405908,6715033,NC
-0.6475172470287013,6715034,NC
-0.6425211058346828,6715035,NC
-0.642524963158436,6715036,NC
-0.6675288189998613,6715037,NC
-0.6825326733588594,6715038,NC
-0.6825365262353309,6715039,NC
-0.6625403776291767,6715040,NC
-0.6325442275402975,6715041,NC
-0.637548075968594,6715042,NC
-0.6625519229139671,6715043,NC
-0.6725557683763177,6715044,NC
-0.6825596123555467,6715045,NC
-0.667563454851555,6715046,NC
-0.6525672958642436,6715047,NC
-0.6575711353935135,6715048,NC
-0.6725749734392659,6715049,NC
-0.6875788100014016,6715050,NC
-0.672582645079822,6715051,NC
-0.6825864786744282,6715052,NC
-0.6625903107851215,6715053,NC
-0.6725941414118031,6715054,NC
-0.6725979705543741,6715055,NC
-0.682601798212736,6715056,NC
-0.6826056243867903,6715057,NC
-0.6676094490764382,6715058,NC
-0.6626132722815812,6715059,NC
-0.6526170940021208,6715060,NC
-0.6526209142379584,6715061,NC
-0.6776247329889958,6715062,NC
-0.6876285502551345,6715063,NC
-0.672632366036276,6715064,NC
-0.6576361803323221,6715065,NC
-0.6626399931431743,6715066,NC
-0.6776438044687348,6715067,NC
-0.6676476143089051,6715068,NC
-0.6626514226635869,6715069,NC
-0.6376552295326823,6715070,NC
-0.6076590349160932,6715071,NC
-0.5876628388137213,6715072,NC
-0.5626666412254688,6715073,NC
-0.5376704421512376,6715074,NC
-0.48767424159092987,6715075,NC
-0.40267803954444764,6715076,NC
-0.3126818360116931,6715077,NC
-0.2376856309925683,6715078,NC
-0.1776894244869755,6715079,NC
-0.162693216494817,6715080,NC
-0.15269700701599506,6715081,NC
-0.18770079605041198,6715082,NC
-0.25270458359797016,6715083,NC
-0.35270836965857194,6715084,NC
-0.46271215423211987,6715085,NC
-0.49771593731851627,6715086,NC
-0.46771971891766373,6715087,NC
-0.35272349902946487,6715088,NC
-0.21772727765382227,6715089,NC
-0.11273105479063847,6715090,NC
-0.022734830439816188,6715091,NC
0.04226139539874186,6715092,NC
0.08225762272513297,6715093,NC
0.08725385153945428,6715094,L
0.04225008184180303,6715095,NC
-0.04775368636772366,6715096,NC
-0.16775745308902867,6715097,NC
-0.262761218322015,6715098,NC
-0.37276498206658554,6715099,NC
-0.44776874432264335,6715100,NC
-0.5077725050900915,6715101,NC
-0.5877762643688331,6715102,NC
-0.6877800221587712,6715103,NC
-0.777783778459809,6715104,NC
-0.8377875332718496,6715105,NC
-0.8627912865947965,6715106,NC
-0.8877950384285528,6715107,NC
-0.8927987887730218,6715108,NC
-0.922802537628107,6715109,NC
-0.9178062849937118,6715110,NC
-0.8878100308697393,6715111,NC
-0.8428137752560935,6715112,NC
-0.7978175181526774,6715113,NC
-0.782821259559395,6715114,NC
-0.7828249994761496,6715115,NC
-0.7778287379028449,6715116,NC
-0.7628324748393845,6715117,NC
-0.7528362102856723,6715118,NC
-0.7528399442416119,6715119,NC
-0.7528436767071072,6715120,NC
-0.7728474076820617,6715121,NC
-0.7678511371663796,6715122,NC
-0.7528548651599648,6715123,NC
-0.7278585916627212,6715124,NC
-0.7128623166745525,6715125,NC
-0.7328660401953628,6715126,NC
-0.7328697622250564,6715127,NC
-0.7378734827635373,6715128,NC
-0.7528772018107094,6715129,NC
-0.7328809193664771,6715130,NC
-0.7078846354307446,6715131,NC
-0.7178883500034161,6715132,NC
-0.7278920630843959,6715133,NC
-0.7328957746735882,6715134,NC
-0.7378994847708975,6715135,NC
-0.7029031933762281,6715136,NC
-0.6929069004894844,6715137,NC
-0.6829106061105711,6715138,NC
-0.7129143102393926,6715139,NC
-0.7129180128758532,6715140,NC
-0.7079217140198578,6715141,NC
-0.687925413671311,6715142,NC
-0.6529291118301174,6715143,NC
-0.6429328084961816,6715144,NC
-0.6479365036694085,6715145,NC
-0.6579401973497028,6715146,NC
-0.6429438895369693,6715147,NC
-0.622947580231113,6715148,NC
-0.6079512694320387,6715149,NC
-0.6229549571396512,6715150,NC
-0.6229586433538556,6715151,NC
-0.6229623280745571,6715152,NC
-0.6129660113016606,6715153,NC
-0.592969693035071,6715154,NC
-0.5679733732746937,6715155,NC
-0.5729770520204336,6715156,NC
-0.5729807292721961,6715157,NC
-0.5629844050298864,6715158,NC
-0.5579880792934099,6715159,NC
-0.5329917520626717,6715160,NC
-0.4929954233375773,6715161,NC
-0.487999093118032,6715162,NC
-0.4830027614039413,6715163,NC
-0.4780064281952107,6715164,NC
-0.4630100934917457,6715165,NC
-0.4380137572934518,6715166,NC
-0.40301741960023457,6715167,NC
-0.3880210804119998,6715168,NC
-0.37802473972865297,6715169,NC
-0.35802839755009985,6715170,NC
-0.3530320538762462,6715171,NC
-0.3230357087069978,6715172,NC
-0.2930393620422605,6715173,NC
-0.27304301388194013,6715174,NC
-0.27804666422594254,6715175,NC
-0.2780503130741737,6715176,NC
-0.2580539604265396,6715177,NC
-0.23805760628294628,6715178,NC
-0.20806125064329972,6715179,NC
-0.2130648935075061,6715180,NC
-0.20806853487547147,6715181,NC
-0.20307217474710204,6715182,NC
-0.193075813122304,6715183,NC
-0.17807945000098357,6715184,NC
-0.1480830853830471,6715185,NC
-0.15308671926840087,6715186,NC
-0.15309035165695123,6715187,NC
-0.17309398254860459,6715188,NC
-0.18809761194326738,6715189,NC
-0.2031012398408461,6715190,NC
-0.20310486624124724,6715191,NC
-0.2431084911443774,6715192,NC
-0.2681121145501431,6715193,NC
-0.30811573645845103,6715194,NC
-0.32811935686920785,6715195,NC
-0.3481229757823202,6715196,NC
-0.3631265931976949,6715197,NC
-0.37813020911523876,6715198,NC
-0.4081338235348585,6715199,NC
-0.42313743645646107,6715200,NC
-0.44314104787995334,6715201,NC
-0.4631446578052423,6715202,NC
-0.4481482662322348,6715203,NC
-0.463151873160838,6715204,NC
-0.4731554785909588,6715205,NC
-0.49315908252250445,6715206,NC
-0.498162684955382,6715207,NC
-0.48316628588949867,6715208,NC
-0.48816988532476163,6715209,NC
-0.48317348326107806,6715210,NC
-0.49317707969835545,6715211,NC
-0.503180674636501,6715212,NC
-0.513184268075422,6715213,NC
-0.49318786001502585,6715214,NC
-0.4831914504552201,6715215,NC
-0.47819503939591224,6715216,NC
-0.48319862683700976,6715217,NC
-0.4832022127784202,6715218,NC
-0.48320579722005114,6715219,NC
-0.47320938016181024,6715220,NC
-0.45321296160360514,6715221,NC
-0.45821654154534364,6715222,NC
-0.46322011998693335,6715223,NC
-0.48322369692828215,6715224,NC
-0.4682272723692979,6715225,NC
-0.4532308463098884,6715226,NC
-0.4282344187499616,6715227,NC
-0.4382379896894254,6715228,NC
-0.4482415591281878,6715229,NC
-0.45824512706615683,6715230,NC
-0.43824869350324047,6715231,NC
-0.423252258439347,6715232,NC
-0.39825582187438446,6715233,NC
-0.4032593838082609,6715234,NC
-0.44326294424088475,6715235,NC
-0.4382665031721641,6715236,NC
-0.42327006060200734,6715237,NC
-0.40827361653032274,6715238,NC
-0.39327717095701875,6715239,NC
-0.3882807238820037,6715240,NC
-0.403284275305186,6715241,NC
-0.4082878252264743,6715242,NC
-0.40829137364577694,6715243,NC
-0.38329492056300263,6715244,NC
-0.3682984659780598,6715245,NC
-0.37330200989085727,6715246,NC
-0.38330555230130364,6715247,NC
-0.3933090932093076,6715248,NC
-0.393312632614778,6715249,NC
-0.3683161705176235,6715250,NC
-0.35331970691775305,6715251,NC
-0.36332324181507547,6715252,NC
-0.3683267752094997,6715253,NC
-0.38333030710093463,6715254,NC
-0.3683338374892893,6715255,NC
-0.3583373663744727,6715256,NC
-0.343340893756394,6715257,NC
-0.35834441963496216,6715258,NC
-0.3633479440100864,6715259,NC
-0.3783514668816759,6715260,NC
-0.3733549882496399,6715261,NC
-0.3583585081138876,6715262,NC
-0.34336202647432834,6715263,NC
-0.34836554333087144,6715264,NC
-0.36336905868342634,6715265,NC
-0.37337257253190237,6715266,NC
-0.368376084876209,6715267,NC
-0.3633795957162557,6715268,NC
-0.3383831050519521,6715269,NC
-0.3533866128832077,6715270,NC
-0.35339011920993213,6715271,NC
-0.373393624032035,6715272,NC
-0.38339712734942605,6715273,NC
-0.36340062916201493,6715274,NC
-0.3384041294697115,6715275,NC
-0.35340762827242544,6715276,NC
-0.3684111255700667,6715277,NC
-0.37341462136254516,6715278,NC
-0.3834181156497707,6715279,NC
-0.3534216084316532,6715280,NC
-0.3334250997081028,6715281,NC
-0.3334285894790295,6715282,NC
-0.34343207774434326,6715283,NC
-0.3434355645039543,6715284,NC
-0.33843904975777284,6715285,NC
-0.3134425335057089,6715286,NC
-0.2884460157476728,6715287,NC
-0.30344949648357483,6715288,NC
-0.32845297571332527,6715289,NC
-0.31845645343683443,6715290,NC
-0.3234599296540127,6715291,NC
-0.30846340436477054,6715292,NC
-0.27846687756901845,6715293,NC
-0.27347034926666686,6715294,NC
-0.28847381945762635,6715295,NC
-0.30847728814180747,6715296,NC
-0.3134807553191208,6715297,NC
-0.2834842209894771,6715298,NC
-0.278487685152787,6715299,NC
-0.28349114780896123,6715300,NC
-0.3084946089579106,6715301,NC
-0.3184980685995459,6715302,NC
-0.3235015267337779,6715303,NC
-0.31850498336051764,6715304,NC
-0.30350843847967596,6715305,NC
-0.31351189209116387,6715306,NC
-0.3335153441948923,6715307,NC
-0.34851879479077236,6715308,NC
-0.3635222438787151,6715309,NC
-0.3535256914586317,6715310,NC
-0.3485291375304333,6715311,NC
-0.34853258209403104,6715312,NC
-0.3535360251493362,6715313,NC
-0.3735394666962601,6715314,NC
-0.36854290673471396,6715315,NC
-0.3635463452646092,6715316,NC
-0.3535497822858572,6715317,NC
-0.36855321779836947,6715318,NC
-0.38855665180205734,6715319,NC
-0.39856008429683243,6715320,NC
-0.39856351528260625,6715321,NC
-0.3935669447592903,6715322,NC
-0.3935703727267964,6715323,NC
-0.3885737991850361,6715324,NC
-0.3885772241339211,6715325,NC
-0.3935806475733632,6715326,NC
-0.38858406950327407,6715327,NC
-0.3885874899235657,6715328,NC
-0.3835909088341498,6715329,NC
-0.4085943262349383,6715330,NC
-0.4085977421258432,6715331,NC
-0.41860115650677654,6715332,NC
-0.4236045693776502,6715333,NC
-0.41360798073837624,6715334,NC
-0.40861139058886675,6715335,NC
-0.428614798929034,6715336,NC
-0.42361820575879006,6715337,NC
-0.44362161107804715,6715338,NC
-0.45862501488671753,6715339,NC
-0.4336284171847134,6715340,NC
-0.3986318179719473,6715341,NC
-0.40863521724833135,6715342,NC
-0.41863861501377814,6715343,NC
-0.4286420112682,6715344,NC
-0.4236454060115095,6715345,NC
-0.41364879924361914,6715346,NC
-0.41365219096444145,6715347,NC
-0.423655581173889,6715348,NC
-0.4286589698718746,6715349,NC
-0.4586623570583107,6715350,NC
-0.44866574273311016,6715351,NC
-0.4286691268961857,6715352,NC
-0.40367250954745004,6715353,NC
-0.39867589068681625,6715354,NC
-0.4236792703141969,6715355,NC
-0.4386826484295051,6715356,NC
-0.42868602503265374,6715357,NC
-0.4086894001235558,6715358,NC
-0.3786927737021244,6715359,NC
-0.40369614576827245,6715360,NC
-0.3886995163219132,6715361,NC
-0.4037028853629597,6715362,NC
-0.3887062528913252,6715363,NC
-0.36870961890692283,6715364,NC
-0.33371298340966604,6715365,NC
-0.31371634639946794,6715366,NC
-0.2937197078762419,6715367,NC
-0.2887230678399014,6715368,NC
-0.2287264262903598,6715369,NC
-0.15372978322753053,6715370,NC
-0.04373313865132716,6715371,NC
0.03126350743833686,6715372,NC
0.1262601550415479,6715373,NC
0.18625680415839233,6715374,NC
0.21625345478895658,6715375,NC
0.23625010693332682,6715376,NC
0.20124676059158947,6715377,NC
0.14124341576383068,6715378,NC
0.06624007245013663,6715379,NC
0.0362367306505935,6715380,NC
0.07123339036528742,6715381,NC
0.15123005159430442,6715382,NC
0.2662267143377306,6715383,NC
0.3812233785956518,6715384,NC
0.48122004436815424,6715385,NC
0.5762167116553236,6715386,NC
0.6512133804572457,6715387,NC
0.6712100507740068,6715388,NC
0.6212067226056923,6715389,L
0.5062033959523881,6715390,NC
0.38620007081417995,6715391,NC
0.28119674719115345,6715392,NC
0.20619342508339428,6715393,NC
0.14619010449098802,6715394,NC
0.07118678541402035,6715395,NC
-0.033816532147423334,6715396,NC
-0.1538198481932575,6715397,NC
-0.25882316272339667,6715398,NC
-0.3788264757377554,6715399,NC
-0.46882978723624846,6715400,NC
-0.5138330972187904,6715401,NC
-0.5638364056852959,6715402,NC
-0.5838397126356799,6715403,NC
-0.598843018069857,6715404,NC
-0.583846321987742,6715405,NC
-0.5588496243892499,6715406,NC
-0.5188529252742955,6715407,NC
-0.5038562246427938,6715408,NC
-0.49385952249465975,6715409,NC
-0.49386281882980837,6715410,NC
-0.49386611364815475,6715411,NC
-0.48386940694961394,6715412,NC
-0.47387269873410115,6715413,NC
-0.4838759890015315,6715414,NC
-0.49387927775182017,6715415,NC
-0.4988825649848825,6715416,NC
-0.5038858507006337,6715417,NC
-0.4838891348989892,6715418,NC
-0.4788924175798643,6715419,NC
-0.4838956987431744,6715420,NC
-0.483898978388835,6715421,NC
-0.49390225651676156,6715422,NC
-0.4889055331268696,6715423,NC
-0.4839088082190747,6715424,NC
-0.4739120817932925,6715425,NC
-0.47391535384943856,6715426,NC
-0.46891862438742865,6715427,NC
-0.4789218934071784,6715428,NC
-0.4839251609086037,6715429,NC
-0.47392842689162024,6715430,NC
-0.463931691356144,6715431,NC
-0.45893495430209064,6715432,NC
-0.47393821572937617,6715433,NC
-0.4839414756379167,6715434,NC
-0.49394473402762806,6715435,NC
-0.4739479908984263,6715436,NC
-0.4389512462502276,6715437,NC
-0.43895450008294795,6715438,NC
-0.45395775239650354,6715439,NC
-0.4589610031908106,6715440,NC
-0.4689642524657853,6715441,NC
-0.43896750022134406,6715442,NC
-0.403970746457403,6715443,NC
-0.4139739911738786,6715444,NC
-0.4239772343706872,6715445,NC
-0.4339804760477452,6715446,NC
-0.4239837162049691,6715447,NC
-0.38898695484227547,6715448,NC
-0.3739901919595807,6715449,NC
-0.37399342755680154,6715450,NC
-0.3739966616338545,6715451,NC
-0.3839998941906562,6715452,NC
-0.36900312522712353,6715453,NC
-0.33900635474317314,6715454,NC
-0.3290095827387217,6715455,NC
-0.29901280921368617,6715456,NC
-0.30401603416798334,6715457,NC
-0.30901925760153015,6715458,NC
-0.30402247951424355,6715459,NC
-0.2840256999060405,6715460,NC
-0.2640289187768379,6715461,NC
-0.26903213612655297,6715462,NC
-0.23903535195510273,6715463,NC
-0.23903856626240433,6715464,NC
-0.2390417790483749,6715465,NC
-0.21904499031293173,6715466,NC
-0.20404820005599197,6715467,NC
-0.19405140827747303,6715468,NC
-0.17905461497729214,6715469,NC
-0.1690578201553667,6715470,NC
-0.16406102381161414,6715471,NC
-0.13406422594595188,6715472,NC
-0.09906742655829742,6715473,NC
-0.09407062564856827,6715474,NC
-0.09907382321668201,6715475,NC
-0.08407701926255626,6715476,NC
-0.0840802137861086,6715477,NC
-0.04908340678725677,6715478,NC
-0.02408659826591847,6715479,NC
-0.019089788222011482,6715480,NC
-0.02409297665545356,6715481,NC
-0.034096163566162595,6715482,NC
-0.029099348954056435,6715483,NC
-0.034102532819053004,6715484,NC
-0.05410571516107027,6715485,NC
-0.08410889598002619,6715486,NC
-0.11411207527583885,6715487,NC
-0.1391152530484263,6715488,NC
-0.16411842929770665,6715489,NC
-0.17412160402359805,6715490,NC
-0.18412477722601872,6715491,NC
-0.20412794890488686,6715492,NC
-0.23913111906012077,6715493,NC
-0.2691342876916387,6715494,NC
-0.27913745479935914,6715495,NC
-0.2841406203832003,6715496,NC
-0.2841437844430807,6715497,NC
-0.2991469469789188,6715498,NC
-0.33415010799063316,6715499,NC
-0.3491532674781422,6715500,NC
-0.34915642544136455,6715501,NC
-0.334159581880219,6715502,NC
-0.3441627367946239,6715503,NC
-0.3491658901844982,6715504,NC
-0.3591690420497606,6715505,NC
-0.3741721923903298,6715506,NC
-0.37917534120612467,6715507,NC
-0.3641784884970641,6715508,NC
-0.35918163426306693,6715509,NC
-0.3691847785040521,6715510,NC
-0.38418792121993867,6715511,NC
-0.3891910624106456,6715512,NC
-0.3991942020760919,6715513,NC
-0.3841973402161968,6715514,NC
-0.35920047683087925,6715515,NC
-0.35920361192005856,6715516,NC
-0.37920674548365396,6715517,NC
-0.3892098775215846,6715518,NC
-0.3892130080337698,6715519,NC
-0.38421613702012897,6715520,NC
-0.36421926448058134,6715521,NC
-0.3692223904150465,6715522,NC
-0.37922551482344374,6715523,NC
-0.38922863770569266,6715524,NC
-0.3892317590617127,6715525,NC
-0.3792348788914235,6715526,NC
-0.3592379971947446,6715527,NC
-0.3792411139715957,6715528,NC
-0.3892442292218965,6715529,NC
-0.40924734294556664,6715530,NC
-0.414250455142526,6715531,NC
-0.3892535658126943,6715532,NC
-0.38925667495599137,6715533,NC
-0.37425978257233716,6715534,NC
-0.39926288866165155,6715535,NC
-0.4142659932238545,6715536,NC
-0.384269096258866,6715537,NC
-0.39427219776660616,6715538,NC
-0.36427529774699496,6715539,NC
-0.37427839619995257,6715540,NC
-0.3942814931253992,6715541,NC
-0.4042845885232549,6715542,NC
-0.3992876823934401,6715543,NC
-0.3842907747358749,6715544,NC
-0.3792938655504797,6715545,NC
-0.37429695483717484,6715546,NC
-0.4093000425958807,6715547,NC
-0.40430312882651775,6715548,NC
-0.4043062135290065,6715549,NC
-0.39430929670326736,6715550,NC
-0.38431237834922094,6715551,NC
-0.37931545846678777,6715552,NC
-0.3943185370558886,6715553,NC
-0.4143216141164439,6715554,NC
-0.4093246896483746,6715555,NC
-0.40432776365160134,6715556,NC
-0.39433083612604497,6715557,NC
-0.3993339070716262,6715558,NC
-0.41433697648826595,6715559,NC
-0.42934004437588524,6715560,NC
-0.42934311073440484,6715561,NC
-0.4143461755637458,6715562,NC
-0.4043492388638292,6715563,NC
-0.3943523006345761,6715564,NC
-0.41435536087590746,6715565,NC
-0.41935841958774456,6715566,NC
-0.40936147677000856,6715567,NC
-0.3993645324226207,6715568,NC
-0.3893675865455022,6715569,NC
-0.39937063913857435,6715570,NC
-0.40937369020175846,6715571,NC
-0.414376739734976,6715572,NC
-0.4143797877381484,6715573,NC
-0.399382834211197,6715574,NC
-0.3993858791540434,6715575,NC
-0.38938892256660906,6715576,NC
-0.40439196444881553,6715577,NC
-0.42939500480058457,6715578,NC
-0.42939804362183775,6715579,NC
-0.42440108091249673,6715580,NC
-0.4044041166724833,6715581,NC
-0.41940715090171926,6715582,NC
-0.42941018360012634,6715583,NC
-0.43941321476762646,6715584,NC
-0.43441624440414145,6715585,NC
-0.41441927250959326,6715586,NC
-0.399422299083904,6715587,NC
-0.38442532412699537,6715588,NC
-0.40442834763878965,6715589,NC
-0.39943136961920894,6715590,NC
-0.39443439006817527,6715591,NC
-0.36443740898561083,6715592,NC
-0.3544404263714379,6715593,NC
-0.3544434422255786,6715594,NC
-0.3594464565479554,6715595,NC
-0.3744494693384904,6715596,NC
-0.39445248059710614,6715597,NC
-0.3494554903237249,6715598,NC
-0.33445849851826925,6715599,NC
-0.3294615051806616,6715600,NC
-0.3394645103108245,6715601,NC
-0.32946751390868045,6715602,NC
-0.344470515974152,6715603,NC
-0.3244735165071621,6715604,NC
-0.3194765155076331,6715605,NC
-0.3294795129754879,6715606,NC
-0.3394825089106492,6715607,NC
-0.3594855033130397,6715608,NC
-0.3694884961825824,6715609,NC
-0.3594914875192001,6715610,NC
-0.35449447732281575,6715611,NC
-0.35949746559335233,6715612,NC
-0.38950045233073277,6715613,NC
-0.4045034375348801,6715614,NC
-0.40450642120571745,6715615,NC
-0.404509403343168,6715616,NC
-0.38451238394715476,6715617,NC
-0.394515363017601,6715618,NC
-0.4145183405544299,6715619,NC
-0.4295213165575648,6715620,NC
-0.42452429102692896,6715621,NC
-0.42452726396244583,6715622,NC
-0.3995302353640387,6715623,NC
-0.39453320523163105,6715624,NC
-0.4295361735651463,6715625,NC
-0.449539140364508,6715626,NC
-0.45454210562963976,6715627,NC
-0.439545069360465,6715628,NC
-0.4195480315569075,6715629,NC
-0.4245509922188909,6715630,NC
-0.4345539513463389,6715631,NC
-0.4445569089391752,6715632,NC
-0.4645598649973237,6715633,NC
-0.4745628195207081,6715634,NC
-0.44956577250925234,6715635,NC
-0.45456872396288034,6715636,NC
-0.464571673881516,6715637,NC
-0.4645746222650833,6715638,NC
-0.46457756911350623,6715639,NC
-0.46958051442670895,6715640,NC
-0.44958345820461554,6715641,NC
-0.44958640044715015,6715642,NC
-0.4595893411542369,6715643,NC
-0.48459228032580004,6715644,NC
-0.46959521796176384,6715645,NC
-0.4645981540620526,6715646,NC
-0.43960108862659075,6715647,NC
-0.4396040216553025,6715648,NC
-0.4546069531481124,6715649,NC
-0.4646098831049449,6715650,NC
-0.4696128115257243,6715651,NC
-0.4546157384103755,6715652,NC
-0.4546186637588228,6715653,NC
-0.4546215875709909,6715654,NC
-0.46462450984680453,6715655,NC
-0.4746274305861882,6715656,NC
-0.4746303497890669,6715657,NC
-0.45463326745536525,6715658,NC
-0.429636183585008,6715659,NC
-0.4346390981779201,6715660,NC
-0.4296420112340265,6715661,NC
-0.45964492275325214,6715662,NC
-0.4646478327355218,6715663,NC
-0.4446507411807607,6715664,NC
-0.4246536480888938,6715665,NC
-0.4246565534598462,6715666,NC
-0.40965945729354303,6715667,NC
-0.39466235958990953,6715668,NC
-0.3696652603488708,6715669,NC
-0.3246681595703522,6715670,NC
-0.249671057254279,6715671,NC
-0.17967395340057646,6715672,NC
-0.08967684800917,6715673,NC
-0.009679741079985024,6715674,NC
0.07531736738705301,6715675,NC
0.1403144773920186,6715676,NC
0.20031158893498624,6715677,NC
0.17530870201603033,6715678,NC
0.12530581663522536,6715679,NC
0.045302932792645544,6715680,NC
0.020300050488365286,6715681,NC
0.03529716972245881,6715682,NC
0.11529429049500038,6715683,NC
0.2002914128060642,6715684,NC
0.30528853665572436,6715685,NC
0.44028566204405506,6715686,NC
0.5602827889711303,6715687,NC
0.6552799174370241,6715688,NC
0.7102770474418106,6715689,NC
0.6652741789855635,6715690,L
0.575271312068357,6715691,NC
0.4402684466902649,6715692,NC
0.3402655828513609,6715693,NC
0.26526272055171884,6715694,NC
0.2052598597914126,6715695,NC
0.10025700057051573,6715696,NC
-0.019745857110897956,6715697,NC
-0.1397487132527549,6715698,NC
-0.27975156785498145,6715699,NC
-0.3997544209175041,6715700,NC
-0.48975727244024925,6715701,NC
-0.5647601224231436,6715702,NC
-0.6247629708661134,6715703,NC
-0.6597658177690856,6715704,NC
-0.6547686631319866,6715705,NC
-0.6197715069547433,6715706,NC
-0.5847743492372821,6715707,NC
-0.55477718997953,6715708,NC
-0.5397800291814137,6715709,NC
-0.53978286684286,6715710,NC
-0.539785702963796,6715711,NC
-0.5147885375441484,6715712,NC
-0.4997913705838442,6715713,NC
-0.5097942020828105,6715714,NC
-0.5497970320409742,6715715,NC
-0.5547998604582625,6715716,NC
-0.5548026873346023,6715717,NC
-0.5448055126699209,6715718,NC
-0.5298083364641457,6715719,NC
-0.5248111587172036,6715720,NC
-0.5448139794290221,6715721,NC
-0.5448167985995284,6715722,NC
-0.5348196162286498,6715723,NC
-0.5198224323163139,6715724,NC
-0.5098252468624479,6715725,NC
-0.5048280598669794,6715726,NC
-0.514830871329836,6715727,NC
-0.524833681250945,6715728,NC
-0.5248364896302342,6715729,NC
-0.5198392964676312,6715730,NC
-0.49984210176306354,6715731,NC
-0.4898449055164591,6715732,NC
-0.4998477077277456,6715733,NC
-0.5048505083968509,6715734,NC
-0.5048533075237025,6715735,NC
-0.4798561051082286,6715736,NC
-0.4598589011503571,6715737,NC
-0.45986169565001583,6715738,NC
-0.4748644886071327,6715739,NC
-0.479867280021636,6715740,NC
-0.4748700698934536,6715741,NC
-0.45987285822251367,6715742,NC
-0.4348756450087443,6715743,NC
-0.4398784302520738,6715744,NC
-0.4298812139524303,6715745,NC
-0.4348839961097421,6715746,NC
-0.4198867767239375,6715747,NC
-0.40988955579494485,6715748,NC
-0.3848923333226926,6715749,NC
-0.37989510930710907,6715750,NC
-0.3948978837481228,6715751,NC
-0.39490065664566226,6715752,NC
-0.374903427999656,6715753,NC
-0.3549061978100326,6715754,NC
-0.3299089660767207,6715755,NC
-0.304911732799649,6715756,NC
-0.3049144979787462,6715757,NC
-0.304917261613941,6715758,NC
-0.2999200237051622,6715759,NC
-0.2749227842523386,6715760,NC
-0.26492554325539913,6715761,NC
-0.24492830071427268,6715762,NC
-0.24493105662888814,6715763,NC
-0.23993381099917455,6715764,NC
-0.21993656382506094,6715765,NC
-0.19993931510647633,6715766,NC
-0.18494206484334982,6715767,NC
-0.1599448130356106,6715768,NC
-0.1599475596831878,6715769,NC
-0.15995030478601072,6715770,NC
-0.14995304834400852,6715771,NC
-0.1099557903571106,6715772,NC
-0.09495853082524626,6715773,NC
-0.07496126974834488,6715774,NC
-0.08996400712633587,6715775,NC
-0.06496674295914874,6715776,NC
-0.05496947724671294,6715777,NC
-0.02997220998895804,6715778,NC
-0.019974941185813604,6715779,NC
-0.014977670837209266,6715780,NC
-0.03498039894307467,6715781,NC
-0.04998312550333957,6715782,NC
-0.08498585051793364,6715783,NC
-0.09498857398678669,6715784,NC
-0.09499129590982855,6715785,NC
-0.10499401628698904,6715786,NC
-0.13999673511819813,6715787,NC
-0.17499945240338569,6715788,NC
-0.21000216814248174,6715789,NC
-0.21000488233541628,6715790,NC
-0.2150075949821194,6715791,NC
-0.24001030608252116,6715792,NC
-0.2700130156365517,6715793,NC
-0.30501572364414126,6715794,NC
-0.31001843010522,6715795,NC
-0.3100211350197182,6715796,NC
-0.32002383838756615,6715797,NC
-0.33002654020869415,6715798,NC
-0.35502924048303264,6715799,NC
-0.38003193921051204,6715800,NC
-0.3800346363910628,6715801,NC
-0.37003733202461536,6715802,NC
-0.3550400261111003,6715803,NC
-0.36504271865044824,6715804,NC
-0.3800454096425897,6715805,NC
-0.39004809908745547,6715806,NC
-0.4050507869849761,6715807,NC
-0.4050534733350824,6715808,NC
-0.3800561581377052,6715809,NC
-0.4050588413927752,6715810,NC
-0.4000615231002234,6715811,NC
-0.42506420325998057,6715812,NC
-0.42506688187197766,6715813,NC
-0.4100695589361457,6715814,NC
-0.40007223445241574,6715815,NC
-0.40007490842071874,6715816,NC
-0.4200775808409858,6715817,NC
-0.44008025171314813,6715818,NC
-0.43008292103713686,6715819,NC
-0.4250855888128832,6715820,NC
-0.41508825504031843,6715821,NC
-0.40509091971937383,6715822,NC
-0.4200935828499808,6715823,NC
-0.43009624443207056,6715824,NC
-0.43509890446557464,6715825,NC
-0.4201015629504245,6715826,NC
-0.4051042198865516,6715827,NC
-0.4051068752738875,6715828,NC
-0.4301095291123638,6715829,NC
-0.42011218140191203,6715830,NC
-0.4301148321424639,6715831,NC
-0.4201174813339511,6715832,NC
-0.41012012897630534,6715833,NC
-0.4101227750694584,6715834,NC
-0.41512541961334215,6715835,NC
-0.4201280626078884,6715836,NC
-0.425130704053029,6715837,NC
-0.42513334394869595,6715838,NC
-0.41013598229482123,6715839,NC
-0.4301386190913368,6715840,NC
-0.4501412543381748,6715841,NC
-0.4401438880352672,6715842,NC
-0.44014652018254624,6715843,NC
-0.43514915077994404,6715844,NC
-0.42515177982739283,6715845,NC
-0.43015440732482485,6715846,NC
-0.44515703327217243,6715847,NC
-0.4601596576693679,6715848,NC
-0.45516228051634355,6715849,NC
-0.45016490181303187,6715850,NC
-0.4451675215593653,6715851,NC
-0.45017013975527637,6715852,NC
-0.44017275640069753,6715853,NC
-0.4601753714955614,6715854,NC
-0.4551779850398006,6715855,NC
-0.4451805970333478,6715856,NC
-0.43518320747613565,6715857,NC
-0.4501858163680969,6715858,NC
-0.4551884237091643,6715859,NC
-0.4601910294992707,6715860,NC
-0.465193633738349,6715861,NC
-0.46019623642633195,6715862,NC
-0.43519883756315253,6715863,NC
-0.4402014371487438,6715864,NC
-0.46520403518303877,6715865,NC
-0.4652066316659704,6715866,NC
-0.4752092265974718,6715867,NC
-0.4602118199774762,6715868,NC
-0.4452144118059166,6715869,NC
-0.4402170020827264,6715870,NC
-0.46021959080783875,6715871,NC
-0.4802221779811869,6715872,NC
-0.4852247636027043,6715873,NC
-0.46522734767232427,6715874,NC
-0.4452299301899802,6715875,NC
-0.46023251115560554,6715876,NC
-0.47023509056913376,6715877,NC
-0.48023766843049853,6715878,NC
-0.4802402447396333,6715879,NC
-0.4652428194964717,6715880,NC
-0.4502453927009474,6715881,NC
-0.4552479643529941,6715882,NC
-0.47525053445254545,6715883,NC
-0.48025310299953533,6715884,NC
-0.49525566999389753,6715885,NC
-0.47525823543556583,6715886,NC
-0.4552607993244743,6715887,NC
-0.45526336166055664,6715888,NC
-0.455265922443747,6715889,NC
-0.44526848167397926,6715890,NC
-0.42527103935118754,6715891,NC
-0.42027359547530596,6715892,NC
-0.4052761500462686,6715893,NC
-0.42527870306400967,6715894,NC
-0.4152812545284634,6715895,NC
-0.440283804439564,6715896,NC
-0.4602863527972458,6715897,NC
-0.425288899601443,6715898,NC
-0.40029144485209023,6715899,NC
-0.3902939885491216,6715900,NC
-0.40029653069247184,6715901,NC
-0.4052990712820752,6715902,NC
-0.41030161031786644,6715903,NC
-0.39030414779978,6715904,NC
-0.3903066837277505,6715905,NC
-0.3903092181017126,6715906,NC
-0.405311750921601,6715907,NC
-0.43531428218735047,6715908,NC
-0.42031681189889575,6715909,NC
-0.4203193400561716,6715910,NC
-0.41032186665911297,6715911,NC
-0.42032439170765473,6715912,NC
-0.44032691520173184,6715913,NC
-0.46032943714127916,6715914,NC
-0.4653319575262318,6715915,NC
-0.46533447635652475,6715916,NC
-0.4603369936320931,6715917,NC
-0.48033950935287206,6715918,NC
-0.4853420235187968,6715919,NC
-0.4853445361298025,6715920,NC
-0.4903470471858244,6715921,NC
-0.4903495566867978,6715922,NC
-0.485352064632658,6715923,NC
-0.4903545710233405,6715924,NC
-0.5003570758587806,6715925,NC
-0.5153595791389138,6715926,NC
-0.5253620808636755,6715927,NC
-0.5253645810330014,6715928,NC
-0.525367079646827,6715929,NC
-0.5153695767050879,6715930,NC
-0.5303720722077196,6715931,NC
-0.5303745661546582,6715932,NC
-0.5353770585458391,6715933,NC
-0.535379549381198,6715934,NC
-0.5253820386606711,6715935,NC
-0.5353845263841939,6715936,NC
-0.5503870125517025,6715937,NC
-0.5703894971631327,6715938,NC
-0.5653919802184206,6715939,NC
-0.5503944617175021,6715940,NC
-0.5403969416603134,6715941,NC
-0.5503994200467904,6715942,NC
-0.5554018968768694,6715943,NC
-0.5654043721504864,6715944,NC
-0.565406845867578,6715945,NC
-0.5554093180280799,6715946,NC
-0.5454117886319289,6715947,NC
-0.545414257679061,6715948,NC
-0.5654167251694128,6715949,NC
-0.5604191911029205,6715950,NC
-0.5604216554795207,6715951,NC
-0.55042411829915,6715952,NC
-0.5504265795617447,6715953,NC
-0.5504290392672415,6715954,NC
-0.550431497415577,6715955,NC
-0.5704339540066878,6715956,NC
-0.5854364090405108,6715957,NC
-0.5504388625169824,6715958,NC
-0.5354413144360397,6715959,NC
-0.5354437647976193,6715960,NC
-0.5654462136016583,6715961,NC
-0.5604486608480933,6715962,NC
-0.5604511065368615,6715963,NC
-0.5454535506678997,6715964,NC
-0.530455993241145,6715965,NC
-0.5304584342565344,6715966,NC
-0.5154608737140051,6715967,NC
-0.4954633116134941,6715968,NC
-0.4654657479549388,6715969,NC
-0.4054681827382761,6715970,NC
-0.35047061596344353,6715971,NC
-0.26047304763037826,6715972,NC
-0.1904754777390177,6715973,NC
-0.1254779062892992,6715974,NC
-0.07548033328116015,6715975,NC
-0.015482758714538032,6715976,NC
-0.015485182589370365,6715977,NC
-0.060487604905594676,6715978,NC
-0.15049002566314854,6715979,NC
-0.24549244486196958,6715980,NC
-0.28049486250199546,6715981,NC
-0.24549727858316386,6715982,NC
-0.16049969310541257,6715983,NC
-0.05550210606867934,6715984,NC
0.07949548252709804,6715985,NC
0.20949307268198164,6715986,NC
0.3294906643960336,6715987,NC
0.4094882576693159,6715988,NC
0.4294858525018907,6715989,L
0.3744834488938199,6715990,NC
0.24948104684516545,6715991,NC
0.1144786463559892,6715992,NC
0.004476247426353087,6715993,NC
-0.07552614994368112,6715994,NC
-0.17052854575405166,6715995,NC
-0.2755309400046968,6715996,NC
-0.41053333269555475,6715997,NC
-0.555535723826564,6715998,NC
-0.6705381133976628,6715999,NC
-0.7405405014087897,6716000,NC
-0.780542887859883,6716001,NC
-0.8105452727508814,6716002,NC
-0.8255476560817233,6716003,NC
-0.8305500378523474,6716004,NC
-0.775552418062692,6716005,NC
-0.7305547967126964,6716006,NC
-0.6855571738022986,6716007,NC
-0.6655595493314379,6716008,NC
-0.6705619233000528,6716009,NC
-0.6655642957080822,6716010,NC
-0.6805666665554648,6716011,NC
-0.6705690358421399,6716012,NC
-0.6455714035680461,6716013,NC
-0.6555737697331224,6716014,NC
-0.6505761343373081,6716015,NC
-0.665578497380542,6716016,NC
-0.6655808588627633,6716017,NC
-0.6505832187839112,6716018,NC
-0.6305855771439248,6716019,NC
-0.6355879339427434,6716020,NC
-0.6505902891803061,6716021,NC
-0.6505926428565526,6716022,NC
-0.6555949949714218,6716023,NC
-0.6505973455248534,6716024,NC
-0.6355996945167866,6716025,NC
-0.630602041947161,6716026,NC
-0.6406043878159161,6716027,NC
-0.6356067321229915,6716028,NC
-0.6306090748683267,6716029,NC
-0.6156114160518615,6716030,NC
-0.6206137556735353,6716031,NC
-0.605616093733288,6716032,NC
-0.6106184302310592,6716033,NC
-0.6156207651667889,6716034,NC
-0.6106230985404167,6716035,NC
-0.6006254303518828,6716036,NC
-0.5756277606011267,6716037,NC
-0.5656300892880887,6716038,NC
-0.5556324164127087,6716039,NC
-0.5456347419749266,6716040,NC
-0.5556370659746825,6716041,NC
-0.5556393884119166,6716042,NC
-0.5356417092865692,6716043,NC
-0.5206440285985803,6716044,NC
-0.52064634634789,6716045,NC
-0.5306486625344389,6716046,NC
-0.530650977158167,6716047,NC
-0.48565329021901493,6716048,NC
-0.45565560171692293,6716049,NC
-0.4356579116518315,6716050,NC
-0.43566022002368104,6716051,NC
-0.44566252683241214,6716052,NC
-0.43566483207796536,6716053,NC
-0.42566713576028126,6716054,NC
-0.4056694378793005,6716055,NC
-0.3906717384349637,6716056,NC
-0.3856740374272117,6716057,NC
-0.3806763348559851,6716058,NC
-0.36567863072122486,6716059,NC
-0.34068092502287173,6716060,NC
-0.32068321776086656,6716061,NC
-0.3206855089351503,6716062,NC
-0.310687798545664,6716063,NC
-0.30069008659234847,6716064,NC
-0.29069237307514495,6716065,NC
-0.26069465799399444,6716066,NC
-0.24069694134883798,6716067,NC
-0.24069922313961686,6716068,NC
-0.2357015033662722,6716069,NC
-0.2507037820287453,6716070,NC
-0.2357060591269774,6716071,NC
-0.21570833466090986,6716072,NC
-0.200710608630484,6716073,NC
-0.21571288103564124,6716074,NC
-0.20071515187632302,6716075,NC
-0.19071742115247084,6716076,NC
-0.1707196888640262,6716077,NC
-0.17572195501093069,6716078,NC
-0.1657242195931259,6716079,NC
-0.17072648261055348,6716080,NC
-0.1857287440631551,6716081,NC
-0.21573100395087252,6716082,NC
-0.22573326227364748,6716083,NC
-0.2307355190314218,6716084,NC
-0.2457377742241373,6716085,NC
-0.2907400278517359,6716086,NC
-0.32074227991415954,6716087,NC
-0.36074453041135013,6716088,NC
-0.38574677934324975,6716089,NC
-0.4157490267098003,6716090,NC
-0.4207512725109441,6716091,NC
-0.46575351674662313,6716092,NC
-0.47075575941677955,6716093,NC
-0.5107580005213557,6716094,NC
-0.5357602400602935,6716095,NC
-0.5407624780335357,6716096,NC
-0.5557647144410244,6716097,NC
-0.555766949282702,6716098,NC
-0.5707691825585108,6716099,NC
-0.5907714142683934,6716100,NC
-0.5907736444122922,6716101,NC
-0.5957758729901498,6716102,NC
-0.5857781000019087,6716103,NC
-0.5807803254475116,6716104,NC
-0.600782549326901,6716105,NC
-0.6207847716400199,6716106,NC
-0.6357869923868106,6716107,NC
-0.6207892115672163,6716108,NC
-0.6157914291811796,6716109,NC
-0.6257936452286432,6716110,NC
-0.6357958597095503,6716111,NC
-0.6457980726238438,6716112,NC
-0.6558002839714665,6716113,NC
-0.6508024937523615,6716114,NC
-0.645804701966472,6716115,NC
-0.6408069086137409,6716116,NC
-0.6558091136941113,6716117,NC
-0.6558113172075266,6716118,NC
-0.6558135191539299,6716119,NC
-0.6508157195332644,6716120,NC
-0.6358179183454735,6716121,NC
-0.6458201155905005,6716122,NC
-0.6558223112682887,6716123,NC
-0.6708245053787817,6716124,NC
-0.6708266979219228,6716125,NC
-0.6558288888976556,6716126,NC
-0.6508310783059236,6716127,NC
-0.6658332661466704,6716128,NC
-0.6608354524198395,6716129,NC
-0.6708376371253748,6716130,NC
-0.6658398202632199,6716131,NC
-0.6508420018333184,6716132,NC
-0.6558441818356143,6716133,NC
-0.6508463602700513,6716134,NC
-0.6708485371365733,6716135,NC
-0.6808507124351242,6716136,NC
-0.690852886165648,6716137,NC
-0.6858550583280886,6716138,NC
-0.67085722892239,6716139,NC
-0.6708593979484964,6716140,NC
-0.6808615654063518,6716141,NC
-0.6908637312959003,6716142,NC
-0.6908658956170863,6716143,NC
-0.6758680583698539,6716144,NC
-0.6658702195541473,6716145,NC
-0.6658723791699108,6716146,NC
-0.685874537217089,6716147,NC
-0.6908766936956261,6716148,NC
-0.7008788486054665,6716149,NC
-0.6858810019465547,6716150,NC
-0.6758831537188352,6716151,NC
-0.6758853039222527,6716152,NC
-0.6858874525567517,6716153,NC
-0.7008895996222767,6716154,NC
-0.7058917451187725,6716155,NC
-0.7208938890461839,6716156,NC
-0.6808960314044554,6716157,NC
-0.670898172193532,6716158,NC
-0.7009003114133586,6716159,NC
-0.7009024490638799,6716160,NC
-0.6809045851450408,6716161,NC
-0.6909067196567864,6716162,NC
-0.6759088525990615,6716163,NC
-0.6859109839718115,6716164,NC
-0.7009131137749811,6716165,NC
-0.6959152420085155,6716166,NC
-0.6909173686723601,6716167,NC
-0.6759194937664598,6716168,NC
-0.6659216172907599,6716169,NC
-0.6609237392452059,6716170,NC
-0.6759258596297428,6716171,NC
-0.6909279784443163,6716172,NC
-0.6809300956888715,6716173,NC
-0.690932211363354,6716174,NC
-0.6809343254677093,6716175,NC
-0.6759364380018827,6716176,NC
-0.6959385489658202,6716177,NC
-0.700940658359467,6716178,NC
-0.7009427661827689,6716179,NC
-0.7109448724356715,6716180,NC
-0.6859469771181206,6716181,NC
-0.675949080230062,6716182,NC
-0.6709511817714414,6716183,NC
-0.6809532817422048,6716184,NC
-0.685955380142298,6716185,NC
-0.6859574769716669,6716186,NC
-0.6709595722302574,6716187,NC
-0.6559616659180156,6716188,NC
-0.6559637580348877,6716189,NC
-0.6809658485808197,6716190,NC
-0.6859679375557575,6716191,NC
-0.6559700249596474,6716192,NC
-0.6309721107924358,6716193,NC
-0.6459741950540687,6716194,NC
-0.6459762777444925,6716195,NC
-0.6359783588636536,6716196,NC
-0.6159804384114983,6716197,NC
-0.610982516387973,6716198,NC
-0.5909845927930241,6716199,NC
-0.5959866676265982,6716200,NC
-0.6059887408886419,6716201,NC
-0.6309908125791014,6716202,NC
-0.6309928826979238,6716203,NC
-0.6309949512450554,6716204,NC
-0.6159970182204433,6716205,NC
-0.6209990836240338,6716206,NC
-0.6210011474557738,6716207,NC
-0.6510032097156102,6716208,NC
-0.6460052704034899,6716209,NC
-0.6510073295193597,6716210,NC
-0.6310093870631666,6716211,NC
-0.6510114430348575,6716212,NC
-0.6510134974343795,6716213,NC
-0.6710155502616797,6716214,NC
-0.676017601516705,6716215,NC
-0.6710196511994028,6716216,NC
-0.6510216993097201,6716217,NC
-0.6610237458476041,6716218,NC
-0.6760257908130023,6716219,NC
-0.6810278342058618,6716220,NC
-0.70602987602613,6716221,NC
-0.6960319162737543,6716222,NC
-0.696033954948682,6716223,NC
-0.6910359920508609,6716224,NC
-0.7110380275802382,6716225,NC
-0.7460400615367614,6716226,NC
-0.7160420939203783,6716227,NC
-0.6960441247310364,6716228,NC
-0.6910461539686834,6716229,NC
-0.7010481816332671,6716230,NC
-0.7210502077247353,6716231,NC
-0.7260522322430355,6716232,NC
-0.7260542551881157,6716233,NC
-0.7310562765599238,6716234,NC
-0.7110582963584077,6716235,NC
-0.7260603145835153,6716236,NC
-0.7210623312351946,6716237,NC
-0.7510643463133937,6716238,NC
-0.7410663598180607,6716239,NC
-0.7410683717491436,6716240,NC
-0.7210703821065906,6716241,NC
-0.7160723908903499,6716242,NC
-0.7160743981003698,6716243,NC
-0.7410764037365984,6716244,NC
-0.7410784077989843,6716245,NC
-0.7260804102874756,6716246,NC
-0.7160824112020208,6716247,NC
-0.7010844105425683,6716248,NC
-0.7110864083090667,6716249,NC
-0.7360884045014644,6716250,NC
-0.73609039911971,6716251,NC
-0.7310923921637521,6716252,NC
-0.7260943836335393,6716253,NC
-0.7360963735290204,6716254,NC
-0.7310983618501439,6716255,NC
-0.7361003485968588,6716256,NC
-0.7161023337691138,6716257,NC
-0.7061043173668579,6716258,NC
-0.6911062993900396,6716259,NC
-0.6961082798386082,6716260,NC
-0.6961102587125126,6716261,NC
-0.6961122360117017,6716262,NC
-0.6811142117361246,6716263,NC
-0.6711161858857303,6716264,NC
-0.6261181584604681,6716265,NC
-0.5761201294602871,6716266,NC
-0.5411220988851365,6716267,NC
-0.5111240667349655,6716268,NC
-0.42112603300972345,6716269,NC
-0.3211279977093597,6716270,NC
-0.23612996083382354,6716271,NC
-0.21113192238306444,6716272,NC
-0.2311338823570319,6716273,NC
-0.2811358407556753,6716274,NC
-0.36113779757894426,6716275,NC
-0.4661397528267884,6716276,NC
-0.5711417064991572,6716277,NC
-0.6711436585960003,6716278,NC
-0.7161456091172677,6716279,NC
-0.6911475580629087,6716280,NC
-0.6111495054328735,6716281,NC
-0.5211514512271116,6716282,NC
-0.39115339544557304,6716283,NC
-0.3011553380882076,6716284,NC
-0.22115727915496536,6716285,NC
-0.2011592186457962,6716286,NC
-0.18616115656065013,6716287,NC
-0.2511630928994773,6716288,L
-0.3211650276622277,6716289,NC
-0.41116696084885157,6716290,NC
-0.5111688924592991,6716291,NC
-0.6061708224935205,6716292,NC
-0.6911727509514659,6716293,NC
-0.7111746778330859,6716294,NC
-0.7511766031383305,6716295,NC
-0.8061785268671502,6716296,NC
-0.8711804490194957,6716297,NC
-0.9311823695953171,6716298,NC
-0.9611842885945652,6716299,NC
-0.9461862060171903,6716300,NC
-0.936188121863143,6716301,NC
-0.8961900361323742,6716302,NC
-0.8711919488248345,6716303,NC
-0.8611938599404744,6716304,NC
-0.8411957694792447,6716305,NC
-0.8111976774410964,6716306,NC
-0.7861995838259801,6716307,NC
-0.7862014886338468,6716308,NC
-0.7662033918646474,6716309,NC
-0.7712052935183329,6716310,NC
-0.7712071935948542,6716311,NC
-0.7612090920941624,6716312,NC
-0.7612109890162087,6716313,NC
-0.7612128843609439,6716314,NC
-0.7712147781283194,6716315,NC
-0.7712166703182863,6716316,NC
-0.7662185609307961,6716317,NC
-0.7612204499657996,6716318,NC
-0.7312223374232487,6716319,NC
-0.7362242233030942,6716320,NC
-0.7512261076052877,6716321,NC
-0.7512279903297809,6716322,NC
-0.7562298714765251,6716323,NC
-0.7412317510454718,6716324,NC
-0.7312336290365725,6716325,NC
-0.7312355054497789,6716326,NC
-0.7362373802850427,6716327,NC
-0.7412392535423155,6716328,NC
-0.746241125221549,6716329,NC
-0.721242995322695,6716330,NC
-0.7212448638457054,6716331,NC
-0.6912467307905319,6716332,NC
-0.6912485961571266,6716333,NC
-0.6812504599454412,6716334,NC
-0.6862523221554279,6716335,NC
-0.6712541827870385,6716336,NC
-0.6412560418402252,6716337,NC
-0.6212578993149401,6716338,NC
-0.6412597552111351,6716339,NC
-0.6312616095287626,6716340,NC
-0.626263462267775,6716341,NC
-0.6062653134281242,6716342,NC
-0.5762671630097626,6716343,NC
-0.5612690110126426,6716344,NC
-0.5662708574367165,6716345,NC
-0.5512727022819368,6716346,NC
-0.5412745455482559,6716347,NC
-0.5112763872356264,6716348,NC
-0.4962782273440008,6716349,NC
-0.4612800658733316,6716350,NC
-0.4612819028235715,6716351,NC
-0.44628373819467315,6716352,NC
-0.4212855719865892,6716353,NC
-0.38128740419927254,6716354,NC
-0.36128923483267583,6716355,NC
-0.33629106388675195,6716356,NC
-0.34129289136145374,6716357,NC
-0.3362947172567341,6716358,NC
-0.321296541572546,6716359,NC
-0.30629836430884244,6716360,NC
-0.28130018546557645,6716361,NC
-0.26630200504270113,6716362,NC
-0.2513038230401695,6716363,NC
-0.2463056394579348,6716364,NC
-0.2313074542959502,6716365,NC
-0.2113092675541689,6716366,NC
-0.19631107923254423,6716367,NC
-0.18631288933102946,6716368,NC
-0.181314697849578,6716369,NC
-0.17631650478814317,6716370,NC
-0.18131831014667846,6716371,NC
-0.17632011392513736,6716372,NC
-0.15632191612347335,6716373,NC
-0.17132371674164001,6716374,NC
-0.20632551577959093,6716375,NC
-0.22132731323727978,6716376,NC
-0.26132910911466023,6716377,NC
-0.276330903411686,6716378,NC
-0.28633269612831086,6716379,NC
-0.32133448726448854,6716380,NC
-0.356336276820173,6716381,NC
-0.4013380647953181,6716382,NC
-0.4313398511898777,6716383,NC
-0.46134163600380584,6716384,NC
-0.45134341923705645,6716385,NC
-0.4613452008895837,6716386,NC
-0.48134698096134154,6716387,NC
-0.49134875945228423,6716388,NC
-0.5063505363623658,6716389,NC
-0.5113523116915406,6716390,NC
-0.5063540854397629,6716391,NC
-0.5113558576069868,6716392,NC
-0.5413576281931667,6716393,NC
-0.5463593971982571,6716394,NC
-0.5613611646222124,6716395,NC
-0.561362930464987,6716396,NC
-0.5513646947265353,6716397,NC
-0.551366457406812,6716398,NC
-0.5713682185057716,6716399,NC
-0.5813699780233686,6716400,NC
-0.596371735959558,6716401,NC
-0.5813734923142941,6716402,NC
-0.576375247087532,6716403,NC
-0.5763770002792262,6716404,NC
-0.5763787518893317,6716405,NC
-0.5863805019178032,6716406,NC
-0.5913822503645959,6716407,NC
-0.5913839972296644,6716408,NC
-0.5763857425129638,6716409,NC
-0.5713874862144492,6716410,NC
-0.5863892283340757,6716411,NC
-0.5913909688717983,6716412,NC
-0.5963927078275723,6716413,NC
-0.5813944452013526,6716414,NC
-0.5513961809930946,6716415,NC
-0.5513979152027537,6716416,NC
-0.5563996478302851,6716417,NC
-0.5764013788756441,6716418,NC
-0.5864031083387862,6716419,NC
-0.5764048362196666,6716420,NC
-0.546406562518241,6716421,NC
-0.546408287234465,6716422,NC
-0.541410010368294,6716423,NC
-0.5564117319196835,6716424,NC
-0.5614134518885894,6716425,NC
-0.5564151702749671,6716426,NC
-0.5414168870787726,6716427,NC
-0.5514186022999613,6716428,NC
-0.5314203159384894,6716429,NC
-0.5514220279943125,6716430,NC
-0.5464237384673866,6716431,NC
-0.5364254473576675,6716432,NC
-0.5314271546651113,6716433,NC
-0.5164288603896738,6716434,NC
-0.5164305645313114,6716435,NC
-0.5464322670899798,6716436,NC
-0.5464339680656354,6716437,NC
-0.5364356674582341,6716438,NC
-0.5114373652677324,6716439,NC
-0.5064390614940865,6716440,NC
-0.5114407561372525,6716441,NC
-0.521442449197187,6716442,NC
-0.521444140673846,6716443,NC
-0.5114458305671863,6716444,NC
-0.5064475188771641,6716445,NC
-0.48144920560373594,6716446,NC
-0.4964508907468585,6716447,NC
-0.5064525743064883,6716448,NC
-0.5064542562825818,6716449,NC
-0.5064559366750958,6716450,NC
-0.496457615483987,6716451,NC
-0.49145929270921207,6716452,NC
-0.5114609683507279,6716453,NC
-0.5164626424084912,6716454,NC
-0.5314643148824588,6716455,NC
-0.5314659857725877,6716456,NC
-0.511467655078835,6716457,NC
-0.5064693228011573,6716458,NC
-0.5014709889395119,6716459,NC
-0.5214726534938559,6716460,NC
-0.5214743164641462,6716461,NC
-0.51147597785034,6716462,NC
-0.5014776376523946,6716463,NC
-0.4964792958702672,6716464,NC
-0.491480952503915,6716465,NC
-0.5064826075532953,6716466,NC
-0.5264842610183657,6716467,NC
-0.5314859128990832,6716468,NC
-0.4914875631954055,6716469,NC
-0.49648921190729,6716470,NC
-0.49649085903469425,6716471,NC
-0.5064925045775758,6716472,NC
-0.5014941485358921,6716473,NC
-0.486495790909601,6716474,NC
-0.47149743169866004,6716475,NC
-0.45649907090302705,6716476,NC
-0.4615007085226597,6716477,NC
-0.4615023445575158,6716478,NC
-0.46150397900755324,6716479,NC
-0.4715056118727298,6716480,NC
-0.4465072431530036,6716481,NC
-0.43650887284833245,6716482,NC
-0.4365105009586744,6716483,NC
-0.45151212748398745,6716484,NC
-0.4465137524242297,6716485,NC
-0.4215153757793593,6716486,NC
-0.40151699754933445,6716487,NC
-0.39151861773411334,6716488,NC
-0.3965202363336542,6716489,NC
-0.40652185334791524,6716490,NC
-0.40652346877685497,6716491,NC
-0.4165250826204317,6716492,NC
-0.4015266948786038,6716493,NC
-0.3915283055513297,6716494,NC
-0.40652991463856797,6716495,NC
-0.4215315221402771,6716496,NC
-0.4365331280564157,6716497,NC
-0.4215347323869424,6716498,NC
-0.41153633513181576,6716499,NC
-0.42653793629099457,6716500,NC
-0.42153953586443754,6716501,NC
-0.44654113385210353,6716502,NC
-0.45154273025395125,6716503,NC
-0.4465443250699396,6716504,NC
-0.4315459183000275,6716505,NC
-0.43154750994417385,6716506,NC
-0.4365491000023377,6716507,NC
-0.46655068847447806,6716508,NC
-0.461552275360554,6716509,NC
-0.45155386066052455,6716510,NC
-0.45155544437434897,6716511,NC
-0.44655702650198636,6716512,NC
-0.47655860704339603,6716513,NC
-0.4865601859985372,6716514,NC
-0.5065617633673692,6716515,NC
-0.4815633391498514,6716516,NC
-0.4615649133459432,6716517,NC
-0.441566485955604,6716518,NC
-0.44156805697879326,6716519,NC
-0.46156962641547056,6716520,NC
-0.4615711942655954,6716521,NC
-0.46657276052912744,6716522,NC
-0.4415743252060262,6716523,NC
-0.4315758882962515,6716524,NC
-0.441577449799763,6716525,NC
-0.4415790097165205,6716526,NC
-0.4365805680464837,6716527,NC
-0.44658212478961257,6716528,NC
-0.4165836799458669,6716529,NC
-0.4065852335152067,6716530,NC
-0.42158678549759193,6716531,NC
-0.4265883358929825,6716532,NC
-0.4315898847013385,6716533,NC
-0.4115914319226201,6716534,NC
-0.3915929775567874,6716535,NC
-0.3915945216038005,6716536,NC
-0.40159606406361964,6716537,NC
-0.421597604936205,6716538,NC
-0.4215991442215171,6716539,NC
-0.4116006819195161,6716540,NC
-0.3866022180301624,6716541,NC
-0.39160375255341645,6716542,NC
-0.3916052854892387,6716543,NC
-0.4016068168375896,6716544,NC
-0.4116083465984297,6716545,NC
-0.4116098747717196,6716546,NC
-0.37161140135742005,6716547,NC
-0.35661292635549147,6716548,NC
-0.37161444976589475,6716549,NC
-0.37661597158859056,6716550,NC
-0.38661749182353966,6716551,NC
-0.3666190104707029,6716552,NC
-0.3266205275300412,6716553,NC
-0.3266220430015154,6716554,NC
-0.30662355688508647,6716555,NC
-0.2916250691807154,6716556,NC
-0.27162657988836325,6716557,NC
-0.22662808900799103,6716558,NC
-0.1766295965395599,6716559,NC
-0.10163110248303098,6716560,NC
-0.0366326068383655,6716561,NC
0.008365890394475321,6716562,NC
0.0583643892155302,6716563,NC
0.10836288962483785,6716564,NC
0.17336139162243686,6716565,NC
0.1633598952083659,6716566,NC
0.14335840038266345,6716567,NC
0.0833569071453681,6716568,NC
0.008355415496518317,6716569,NC
-0.06164607456384751,6716570,NC
-0.11164756303569096,6716571,NC
-0.09664904991897365,6716572,NC
-0.07665053521365728,6716573,NC
-0.021652018919703593,6716574,NC
0.06834649896292565,6716575,NC
0.17334501843426864,6716576,NC
0.2733435394943636,6716577,NC
0.3483420621432485,6716578,NC
0.3933405863809615,6716579,NC
0.3983391122075406,6716580,NC
0.3383376396230238,6716581,L
0.253336168627449,6716582,NC
0.18833469922085422,6716583,NC
0.12833323140327724,6716584,NC
0.06333176517475589,6716585,NC
-0.01666969946467204,6716586,NC
-0.08667116251496881,6716587,NC
-0.13667262397609672,6716588,NC
-0.19167408384801812,6716589,NC
-0.2616755421306954,6716590,NC
-0.34667699882409087,6716591,NC
-0.42667845392816717,6716592,NC
-0.4816799074428867,6716593,NC
-0.516681359368212,6716594,NC
-0.5366828097041058,6716595,NC
-0.5466842584505305,6716596,NC
-0.5316857056074489,6716597,NC
-0.5366871511748237,6716598,NC
-0.5066885951526175,6716599,NC
-0.46169003754079346,6716600,NC
-0.43169147833931404,6716601,NC
-0.41669291754814225,6716602,NC
-0.3866943551672411,6716603,NC
-0.4016957911965734,6716604,NC
-0.4066972256361021,6716605,NC
-0.41169865848579046,6716606,NC
-0.4017000897456014,6716607,NC
-0.3917015194154981,6716608,NC
-0.4017029474954436,6716609,NC
-0.4117043739854012,6716610,NC
-0.41170579888533415,6716611,NC
-0.3917072221952058,6716612,NC
-0.39170864391497934,6716613,NC
-0.38671006404461816,6716614,NC
-0.38671148258408566,6716615,NC
-0.39171289953334537,6716616,NC
-0.4017143148923607,6716617,NC
-0.40171572866109523,6716618,NC
-0.3867171408395124,6716619,NC
-0.40171855142757606,6716620,NC
-0.4067199604252496,6716621,NC
-0.41172136783249685,6716622,NC
-0.40672277364928155,6716623,NC
-0.3967241778755675,6716624,NC
-0.37172558051131843,6716625,NC
-0.37672698155649825,6716626,NC
-0.3617283810110708,6716627,NC
-0.3967297788750001,6716628,NC
-0.37673117514825005,6716629,NC
-0.37173256983078473,6716630,NC
-0.3617339629225682,6716631,NC
-0.3517353544235645,6716632,NC
-0.3667367443337378,6716633,NC
-0.3567381326530524,6716634,NC
-0.3567395193814723,6716635,NC
-0.35174090451896195,6716636,NC
-0.3317422880654856,6716637,NC
-0.3117436700210076,6716638,NC
-0.32174505038549234,6716639,NC
-0.33174642915890423,6716640,NC
-0.33174780634120776,6716641,NC
-0.3017491819323674,6716642,NC
-0.2967505559323478,6716643,NC
-0.28175192834111346,6716644,NC
-0.28675329915862907,6716645,NC
-0.28675466838485925,6716646,NC
-0.2917560360197688,6716647,NC
-0.26175740206332243,6716648,NC
-0.2467587665154849,6716649,NC
-0.23176012937622112,6716650,NC
-0.22676149064549594,6716651,NC
-0.2317628503232743,6716652,NC
-0.22176420840952113,6716653,NC
-0.19176556490420144,6716654,NC
-0.17676691980728032,6716655,NC
-0.17176827311872278,6716656,NC
-0.16176962483849405,6716657,NC
-0.1617709749665592,6716658,NC
-0.1567723235028835,6716659,NC
-0.14677367044743217,6716660,NC
-0.11177501580017049,6716661,NC
-0.09677635956106384,6716662,NC
-0.09177770173007757,6716663,NC
-0.10177904230717708,6716664,NC
-0.08678038129232783,6716665,NC
-0.07178171868549534,6716666,NC
-0.04178305448664511,6716667,NC
-0.036784388695742756,6716668,NC
-0.016785721312753875,6716669,NC
-0.026787052337644134,6716670,NC
-0.006788381770379236,6716671,NC
-0.0017897096109249222,6716672,NC
0.04320896414075303,6716673,NC
0.07320763948468881,6716674,NC
0.06820631642091651,6716675,NC
0.06320499494947024,6716676,NC
0.06820367507038405,6716677,NC
0.06320235678369199,6716678,NC
0.06820104008942798,6716679,NC
0.05819972498762597,6716680,NC
0.03319841147831985,6716681,NC
0.018197099561543473,6716682,NC
-0.01680421076266938,6716683,NC
-0.02680551949428492,6716684,NC
-0.03680682663326943,6716685,NC
-0.03680813217958923,6716686,NC
-0.06680943613321066,6716687,NC
-0.10181073849410016,6716688,NC
-0.12181203926222414,6716689,NC
-0.1268133384375491,6716690,NC
-0.1368146360200415,6716691,NC
-0.151815932009668,6716692,NC
-0.18181722640639514,6716693,NC
-0.2118185192101896,6716694,NC
-0.23681981042101802,6716695,NC
-0.2318211000388472,6716696,NC
-0.2418223880636438,6716697,NC
-0.23182367449537475,6716698,NC
-0.25682495933400684,6716699,NC
-0.27182624257950694,6716700,NC
-0.28682752423184205,6716701,NC
-0.28682880429097907,6716702,NC
-0.28683008275688504,6716703,NC
-0.29183135962952705,6716704,NC
-0.29683263490887213,6716705,NC
-0.3118339085948875,6716706,NC
-0.3218351806875403,6716707,NC
-0.3118364511867977,6716708,NC
-0.2768377200926271,6716709,NC
-0.28183898740499563,6716710,NC
-0.29184025312387074,6716711,NC
-0.3068415172492198,6716712,NC
-0.3168427797810102,6716713,NC
-0.30184404071920945,6716714,NC
-0.28184530006378505,6716715,NC
-0.2918465578147046,6716716,NC
-0.2968478139719355,6716717,NC
-0.3218490685354456,6716718,NC
-0.3118503215052024,6716719,NC
-0.30685157288117376,6716720,NC
-0.30185282266332736,6716721,NC
-0.271854070851631,6716722,NC
-0.2768553174460525,6716723,NC
-0.2968565624465598,6716724,NC
-0.3018578058531207,6716725,NC
-0.30185904766570326,6716726,NC
-0.28186028788427553,6716727,NC
-0.28686152650880536,6716728,NC
-0.29186276353926105,6716729,NC
-0.3168639989756106,6716730,NC
-0.2968652328178221,6716731,NC
-0.286866465065864,6716732,NC
-0.27186769571970426,6716733,NC
-0.2718689247793114,6716734,NC
-0.2818701522446536,6716735,NC
-0.27187137811569934,6716736,NC
-0.27687260239241696,6716737,NC
-0.2668738250747749,6716738,NC
-0.24687504616274175,6716739,NC
-0.25687626565628596,6716740,NC
-0.27687748355537606,6716741,NC
-0.3018786998599808,6716742,NC
-0.3268799145700687,6716743,NC
-0.3118811276856086,6716744,NC
-0.3068823392065691,6716745,NC
-0.2968835491329191,6716746,NC
-0.31688475746462735,6716747,NC
-0.32188596420166277,6716748,NC
-0.3218871693439942,6716749,NC
-0.30188837289159054,6716750,NC
-0.2968895748444209,6716751,NC
-0.30189077520245433,6716752,NC
-0.30689197396565976,6716753,NC
-0.3168931711340064,6716754,NC
-0.3218943667074633,6716755,NC
-0.3118955606859998,6716756,NC
-0.316896753069585,6716757,NC
-0.2968979438581882,6716758,NC
-0.3018991330517788,6716759,NC
-0.3119003206503261,6716760,NC
-0.32690150665379947,6716761,NC
-0.30690269106216833,6716762,NC
-0.30190387387540224,6716763,NC
-0.31190505509347066,6716764,NC
-0.3219062347163432,6716765,NC
-0.34690741274398945,6716766,NC
-0.346908589176379,6716767,NC
-0.3519097640134816,6716768,NC
-0.32191093725526704,6716769,NC
-0.3369121089017049,6716770,NC
-0.34191327895276513,6716771,NC
-0.33691444740841753,6716772,NC
-0.35191561426863194,6716773,NC
-0.32691677953337844,6716774,NC
-0.3169179432026269,6716775,NC
-0.3219191052763473,6716776,NC
-0.3269202657545098,6716777,NC
-0.3419214246370844,6716778,NC
-0.3419225819240413,6716779,NC
-0.32692373761535065,6716780,NC
-0.31692489171098265,6716781,NC
-0.3269260442109076,6716782,NC
-0.3269271951150958,6716783,NC
-0.34692834442351755,6716784,NC
-0.3419294921361434,6716785,NC
-0.3219306382529435,6716786,NC
-0.29693178277388843,6716787,NC
-0.2819329256989488,6716788,NC
-0.2819340670280951,6716789,NC
-0.28693520676129786,6716790,NC
-0.29693634489852777,6716791,NC
-0.2819374814397555,6716792,NC
-0.2819386163849517,6716793,NC
-0.28693974973408726,6716794,NC
-0.2919408814871328,6716795,NC
-0.2969420116440593,6716796,NC
-0.31194314020483754,6716797,NC
-0.29194426716943855,6716798,NC
-0.2819453925378332,6716799,NC
-0.26694651630999244,6716800,NC
-0.28194763848588744,6716801,NC
-0.2869487590654892,6716802,NC
-0.291949878048769,6716803,NC
-0.28195099543569774,6716804,NC
-0.2719521112262468,6716805,NC
-0.27195322542038736,6716806,NC
-0.2819543380180908,6716807,NC
-0.29695544901932835,6716808,NC
-0.31195655842407144,6716809,NC
-0.3069576662322915,6716810,NC
-0.3169587724439599,6716811,NC
-0.3169598770590482,6716812,NC
-0.34196098007752795,6716813,NC
-0.35196208149937064,6716814,NC
-0.36196318132454797,6716815,NC
-0.35196427955303156,6716816,NC
-0.34196537618479317,6716817,NC
-0.3519664712198044,6716818,NC
-0.35696756465803725,6716819,NC
-0.3769686564994634,6716820,NC
-0.39196974674405466,6716821,NC
-0.37197083539178305,6716822,NC
-0.35697192244262044,6716823,NC
-0.3619730078965389,6716824,NC
-0.3819740917535105,6716825,NC
-0.3919751740135071,6716826,NC
-0.411976254676501,6716827,NC
-0.40697733374246425,6716828,NC
-0.39197841121136917,6716829,NC
-0.38697948708318786,6716830,NC
-0.38198056135789266,6716831,NC
-0.3969816340354559,6716832,NC
-0.41198270511584983,6716833,NC
-0.39698377459904705,6716834,NC
-0.39198484248501986,6716835,NC
-0.39198590877374073,6716836,NC
-0.40198697346518225,6716837,NC
-0.4219880365593169,6716838,NC
-0.4219890980561174,6716839,NC
-0.39699015795555637,6716840,NC
-0.3869912162576064,6716841,NC
-0.3969922729622403,6716842,NC
-0.41699332806943085,6716843,NC
-0.4219943815791508,6716844,NC
-0.4269954334913731,6716845,NC
-0.41199648380607057,6716846,NC
-0.4019975325232162,6716847,NC
-0.40199857964278285,6716848,NC
-0.4169996251647436,6716849,NC
-0.4370006690890716,6716850,NC
-0.44200171141573985,6716851,NC
-0.4420027521447215,6716852,NC
-0.43200379127598976,6716853,NC
-0.4170048288095178,6716854,NC
-0.41700586474527895,6716855,NC
-0.42200689908324646,6716856,NC
-0.42200793182339374,6716857,NC
-0.4170089629656942,6716858,NC
-0.39700999251012115,6716859,NC
-0.40201102045664816,6716860,NC
-0.39701204680524865,6716861,NC
-0.4170130715558962,6716862,NC
-0.4170140947085645,6716863,NC
-0.3970151162632271,6716864,NC
-0.3670161362198577,6716865,NC
-0.32201715457843,6716866,NC
-0.30701817133891773,6716867,NC
-0.3020191865012948,6716868,NC
-0.26202020006553495,6716869,NC
-0.20202121203161205,6716870,NC
-0.11702222239950008,6716871,NC
-0.017023231169173016,6716872,NC
0.08797576165939516,6716873,NC
0.17297475608623042,6716874,NC
0.21797375211135872,6716875,NC
0.2479727497348058,6716876,NC
0.24297174895659757,6716877,NC
0.21797074977675984,6716878,NC
0.16296975219531828,6716879,NC
0.09296875621229866,6716880,NC
0.09796776182772665,6716881,NC
0.13796676904162786,6716882,NC
0.19296577785402785,6716883,NC
0.29796478826495215,6716884,NC
0.39796380027442635,6716885,NC
0.4929628138824758,6716886,NC
0.592961829089126,6716887,NC
0.6729608458944022,6716888,NC
0.7029598642983299,6716889,NC
0.7029588843009343,6716890,L
0.5879579059022407,6716891,NC
0.46295692910227426,6716892,NC
0.3729559539010602,6716893,NC
0.31295498029862356,6716894,NC
0.26295400829498955,6716895,NC
0.18795303789018314,6716896,NC
0.09295206908422934,6716897,NC
-0.017048898122846844,6716898,NC
-0.12704986373102053,6716899,NC
-0.2420508277402668,6716900,NC
-0.3520517901505608,6716901,NC
-0.42705275096187784,6716902,NC
-0.5120537101741931,6716903,NC
-0.5820546677874818,6716904,NC
-0.6020556238017193,6716905,NC
-0.602056578216881,6716906,NC
-0.5720575310329422,6716907,NC
-0.5520584822498785,6716908,NC
-0.5470594318676654,6716909,NC
-0.5420603798862782,6716910,NC
-0.5470613263056927,6716911,NC
-0.5220622711258844,6716912,NC
-0.5120632143468291,6716913,NC
-0.5170641559685023,6716914,NC
-0.5220650959908798,6716915,NC
-0.5470660344139373,6716916,NC
-0.5420669712376508,6716917,NC
-0.5220679064619962,6716918,NC
-0.5170688400869491,6716919,NC
-0.5070697721124856,6716920,NC
-0.5220707025385818,6716921,NC
-0.5220716313652136,6716922,NC
-0.527072558592357,6716923,NC
-0.5420734842199884,6716924,NC
-0.5120744082480835,6716925,NC
-0.48707533067661885,6716926,NC
-0.49207625150557055,6716927,NC
-0.5070771707349149,6716928,NC
-0.5170780883646282,6716929,NC
-0.5120790043946868,6716930,NC
-0.507079918825067,6716931,NC
-0.4920808316557454,6716932,NC
-0.4970817428866984,6716933,NC
-0.5170826525179025,6716934,NC
-0.5270835605493344,6716935,NC
-0.5120844669809705,6716936,NC
-0.48708537181278755,6716937,NC
-0.4720862750447622,6716938,NC
-0.47708717667687117,6716939,NC
-0.4920880767090913,6716940,NC
-0.48708897514139937,6716941,NC
-0.4820898719737722,6716942,NC
-0.46209076720618664,6716943,NC
-0.43209166083861966,6716944,NC
-0.43209255287104825,6716945,NC
-0.44709344330344947,6716946,NC
-0.45709433213580025,6716947,NC
-0.4570952193680778,6716948,NC
-0.46209610500025916,6716949,NC
-0.4370969890323216,6716950,NC
-0.4320978714642423,6716951,NC
-0.4470987522959985,6716952,NC
-0.4370996315275675,6716953,NC
-0.4371005091589267,6716954,NC
-0.39210138519005344,6716955,NC
-0.39210225962092515,6716956,NC
-0.37710313245151933,6716957,NC
-0.37710400368181346,6716958,NC
-0.3771048733117851,6716959,NC
-0.35710574134141176,6716960,NC
-0.32710660777067124,6716961,NC
-0.3121074725995411,6716962,NC
-0.312108335827999,6716963,NC
-0.3321091974560229,6716964,NC
-0.3121100574835904,6716965,NC
-0.30711091591067935,6716966,NC
-0.2671117727372677,6716967,NC
-0.25711262796333345,6716968,NC
-0.24711348158885443,6716969,NC
-0.24211433361380866,6716970,NC
-0.23211518403817422,6716971,NC
-0.22711603286192916,6716972,NC
-0.20211688008505166,6716973,NC
-0.19211772570751984,6716974,NC
-0.17211856972931194,6716975,NC
-0.16211941215040618,6716976,NC
-0.15212025297078088,6716977,NC
-0.14212109219041438,6716978,NC
-0.10212192980928503,6716979,NC
-0.09212276582737124,6716980,NC
-0.0771236002446515,6716981,NC
-0.07712443306110428,6716982,NC
-0.07212526427670814,6716983,NC
-0.08212609389144164,6716984,NC
-0.06212692190528341,6716985,NC
-0.07212774831821213,6716986,NC
-0.10212857313020648,6716987,NC
-0.13212939634124524,6716988,NC
-0.14213021795130715,6716989,NC
-0.14713103796037108,6716990,NC
-0.14713185636841586,6716991,NC
-0.17713267317542042,6716992,NC
-0.20713348838136372,6716993,NC
-0.24213430198622476,6716994,NC
-0.2721351139899826,6716995,NC
-0.2771359243926162,6716996,NC
-0.2871367331941048,6716997,NC
-0.30213754039442753,6716998,NC
-0.31213834599356355,6716999,NC
-0.3471391499914921,6717000,NC
-0.3671399523881925,6717001,NC
-0.36214075318364414,6717002,NC
-0.36214155237782625,6717003,NC
-0.37214234997071827,6717004,NC
-0.3771431459622997,6717005,NC
-0.40714394035254997,6717006,NC
-0.41214473314144867,6717007,NC
-0.40714552432897533,6717008,NC
-0.4021463139151096,6717009,NC
-0.40214710189983105,6717010,NC
-0.41714788828311944,6717011,NC
-0.4271486730649545,6717012,NC
-0.45214945624531605,6717013,NC
-0.44715023782418384,6717014,NC
-0.4271510178015377,6717015,NC
-0.4321517961773576,6717016,NC
-0.4421525729516235,6717017,NC
-0.46715334812431536,6717018,NC
-0.4721541216954131,6717019,NC
-0.46215489366489704,6717020,NC
-0.447155664032747,6717021,NC
-0.4421564327989433,6717022,NC
-0.44215719996346603,6717023,NC
-0.46215796552629557,6717024,NC
-0.477158729487412,6717025,NC
-0.45715949184679583,6717026,NC
-0.44216025260442726,6717027,NC
-0.4421610117602868,6717028,NC
-0.4471617693143548,6717029,NC
-0.4771625252666118,6717030,NC
-0.4621632796170383,6717031,NC
-0.4571640323656148,6717032,NC
-0.44216478351232197,6717033,NC
-0.44216553305714046,6717034,NC
-0.44716628100005096,6717035,NC
-0.46716702734103416,6717036,NC
-0.4771677720800708,6717037,NC
-0.4621685152171418,6717038,NC
-0.4471692567522279,6717039,NC
-0.44216999668531004,6717040,NC
-0.43717073501636916,6717041,NC
-0.4671714717453862,6717042,NC
-0.4721722068723422,6717043,NC
-0.46717294039721824,6717044,NC
-0.4671736723199954,6717045,NC
-0.4521744026406548,6717046,NC
-0.4521751313591776,6717047,NC
-0.46217585847554504,6717048,NC
-0.4771765839897384,6717049,NC
-0.45717730790173905,6717050,NC
-0.46717803021152826,6717051,NC
-0.4471787509190874,6717052,NC
-0.4621794700243979,6717053,NC
-0.47718018752744124,6717054,NC
-0.48218090342819897,6717055,NC
-0.48218161772665263,6717056,NC
-0.4771823304227838,6717057,NC
-0.47218304151657414,6717058,NC
-0.46218375100800535,6717059,NC
-0.47218445889705896,6717060,NC
-0.48218516518371696,6717061,NC
-0.472185869867961,6717062,NC
-0.46218657294977306,6717063,NC
-0.4721872744291349,6717064,NC
-0.47218797430602844,6717065,NC
-0.48218867258043574,6717066,NC
-0.4971893692523388,6717067,NC
-0.4671900643217196,6717068,NC
-0.4621907577885602,6717069,NC
-0.46219144965284287,6717070,NC
-0.4721921399145496,6717071,NC
-0.49219282857366276,6717072,NC
-0.48719351563016455,6717073,NC
-0.4671942010840373,6717074,NC
-0.46219488493526323,6717075,NC
-0.4521955671838248,6717076,NC
-0.4621962478297045,6717077,NC
-0.4721969268728846,6717078,NC
-0.4921976043133478,6717079,NC
-0.4821982801510766,6717080,NC
-0.45719895438605346,6717081,NC
-0.46219962701826117,6717082,NC
-0.45720029804768225,6717083,NC
-0.47220096747429946,6717084,NC
-0.4722016352980956,6717085,NC
-0.4672023015190535,6717086,NC
-0.4522029661371559,6717087,NC
-0.45720362915238566,6717088,NC
-0.46220429056472573,6717089,NC
-0.46720495037415904,6717090,NC
-0.48220560858066863,6717091,NC
-0.47220626518423753,6717092,NC
-0.44220692018484886,6717093,NC
-0.4372075735824857,6717094,NC
-0.4422082253771311,6717095,NC
-0.4372088755687685,6717096,NC
-0.43720952415738096,6717097,NC
-0.4222101711429518,6717098,NC
-0.41221081652546443,6717099,NC
-0.39221146030490217,6717100,NC
-0.4022121024812484,6717101,NC
-0.4072127430544865,6717102,NC
-0.40721338202460017,6717103,NC
-0.39221401939157285,6717104,NC
-0.3772146551553881,6717105,NC
-0.3672152893160295,6717106,NC
-0.36221592187348073,6717107,NC
-0.3672165528277256,6717108,NC
-0.3872171821787477,6717109,NC
-0.3572178099265308,6717110,NC
-0.35221843607105885,6717111,NC
-0.3572190606123157,6717112,NC
-0.36721968355028517,6717113,NC
-0.4022203048849513,6717114,NC
-0.392220924616298,6717115,NC
-0.3972215427443093,6717116,NC
-0.3722221592689694,6717117,NC
-0.39222277419026225,6717118,NC
-0.3972233875081721,6717119,NC
-0.40722399922268304,6717120,NC
-0.4272246093337795,6717121,NC
-0.4322252178414456,6717122,NC
-0.41722582474566566,6717123,NC
-0.4172264300464242,6717124,NC
-0.4222270337437054,6717125,NC
-0.43722763583749386,6717126,NC
-0.442228236327774,6717127,NC
-0.4372288352145304,6717128,NC
-0.43222943249774753,6717129,NC
-0.42723002817741007,6717130,NC
-0.44223062225350274,6717131,NC
-0.4522312147260101,6717132,NC
-0.45723180559491694,6717133,NC
-0.457232394860208,6717134,NC
-0.4522329825218681,6717135,NC
-0.44723356857988217,6717136,NC
-0.4472341530342351,6717137,NC
-0.47223473588491166,6717138,NC
-0.47723531713189704,6717139,NC
-0.46723589677517624,6717140,NC
-0.4672364748147342,6717141,NC
-0.4672370512505561,6717142,NC
-0.48223762608262705,6717143,NC
-0.49223819931093227,6717144,NC
-0.49723877093545704,6717145,NC
-0.4922393409561865,6717146,NC
-0.47223990937310606,6717147,NC
-0.4672404761862011,6717148,NC
-0.4872410413954569,6717149,NC
-0.49724160500085895,6717150,NC
-0.49224216700239276,6717151,NC
-0.4822427274000438,6717152,NC
-0.4772432861937977,6717153,NC
-0.47724384338363995,6717154,NC
-0.4822443989695563,6717155,NC
-0.48724495295153236,6717156,NC
-0.4972455053295539,6717157,NC
-0.49224605610360667,6717158,NC
-0.48224660527367647,6717159,NC
-0.47724715283974917,6717160,NC
-0.4822476988018106,6717161,NC
-0.4922482431598468,6717162,NC
-0.5072487859138436,6717163,NC
-0.47724932706378714,6717164,NC
-0.4722498666096634,6717165,NC
-0.4622504045514586,6717166,NC
-0.4572509408891587,6717167,NC
-0.48725147562274995,6717168,NC
-0.4822520087522186,6717169,NC
-0.4972525402775509,6717170,NC
-0.48225307019873315,6717171,NC
-0.47225359851575166,6717172,NC
-0.4722541252285929,6717173,NC
-0.47725465033724324,6717174,NC
-0.4522551738416892,6717175,NC
-0.43725569574191714,6717176,NC
-0.40725621603791373,6717177,NC
-0.37225673472966564,6717178,NC
-0.35225725181715933,6717179,NC
-0.2972577673003816,6717180,NC
-0.2472582811793191,6717181,NC
-0.14725879345395865,6717182,NC
-0.03225930412428701,6717183,NC
0.052740186809709,6717184,NC
0.11273967934804245,6717185,NC
0.12773917349072647,6717186,NC
0.12273866923777403,6717187,NC
0.09273816658919817,6717188,NC
0.05773766554501185,6717189,NC
-0.002262833894772054,6717190,NC
-0.022263331730140654,6717191,NC
-0.027263827961081122,6717192,NC
0.017735677412419326,6717193,NC
0.07773518439037344,6717194,NC
0.1877346929727939,6717195,NC
0.3027342031596934,6717196,NC
0.4027337149510846,6717197,NC
0.48273322834698,6717198,NC
0.5477327433473921,6717199,NC
0.5827322599523336,6717200,NC
0.5527317781618167,6717201,L
0.47273129797585406,6717202,NC
0.3477308193944578,6717203,NC
0.2527303424176405,6717204,NC
0.17272986704541426,6717205,NC
0.10272939327779149,6717206,NC
0.03272892111478426,6717207,NC
-0.0622715494435952,6717208,NC
-0.17727201839733478,6717209,NC
-0.30227248574642235,6717210,NC
-0.43227295149084594,6717211,NC
-0.5322734156305935,6717212,NC
-0.5872738781656531,6717213,NC
-0.6522743390960127,6717214,NC
-0.7122747984216607,6717215,NC
-0.737275256142585,6717216,NC
-0.737275712258774,6717217,NC
-0.7372761667702158,6717218,NC
-0.6972766196768986,6717219,NC
-0.6522770709788109,6717220,NC
-0.6422775206759411,6717221,NC
-0.6422779687682775,6717222,NC
-0.6472784152558086,6717223,NC
-0.632278860138523,6717224,NC
-0.617279303416409,6717225,NC
-0.6072797450894554,6717226,NC
-0.6172801851576506,6717227,NC
-0.6272806236209834,6717228,NC
-0.6372810604794426,6717229,NC
-0.6322814957330167,6717230,NC
-0.6022819293816948,6717231,NC
-0.6022823614254653,6717232,NC
-0.6022827918643174,6717233,NC
-0.61728322069824,6717234,NC
-0.6222836479272219,6717235,NC
-0.6072840735512521,6717236,NC
-0.5922844975703198,6717237,NC
-0.5772849199844138,6717238,NC
-0.5922853407935235,6717239,NC
-0.5872857599976379,6717240,NC
-0.5972861775967462,6717241,NC
-0.5922865935908377,6717242,NC
-0.5822870079799016,6717243,NC
-0.5672874207639274,6717244,NC
-0.5622878319429041,6717245,NC
-0.5772882415168216,6717246,NC
-0.587288649485669,6717247,NC
-0.5622890558494357,6717248,NC
-0.5472894606081116,6717249,NC
-0.537289863761686,6717250,NC
-0.5372902653101486,6717251,NC
-0.5422906652534889,6717252,NC
-0.5472910635916969,6717253,NC
-0.532291460324762,6717254,NC
-0.5122918554526743,6717255,NC
-0.5072922489754235,6717256,NC
-0.4972926408929993,6717257,NC
-0.5122930312053917,6717258,NC
-0.5122934199125907,6717259,NC
-0.5022938070145863,6717260,NC
-0.4822941925113684,6717261,NC
-0.47229457640292716,6717262,NC
-0.47229495868925264,6717263,NC
-0.472295339370335,6717264,NC
-0.4672957184461645,6717265,NC
-0.4572960959167313,6717266,NC
-0.4222964717820257,6717267,NC
-0.42229684604203793,6717268,NC
-0.4172972186967585,6717269,NC
-0.4122975897461777,6717270,NC
-0.40229795919028605,6717271,NC
-0.38229832702907385,6717272,NC
-0.36729869326253184,6717273,NC
-0.33729905789065046,6717274,NC
-0.33729942091342036,6717275,NC
-0.33729978233083213,6717276,NC
-0.3323001421428765,6717277,NC
-0.3023005003495442,6717278,NC
-0.292300856950826,6717279,NC
-0.2723012119467127,6717280,NC
-0.2623015653371952,6717281,NC
-0.2573019171222643,6717282,NC
-0.26230226730191103,6717283,NC
-0.23730261587612625,6717284,NC
-0.20730296284490107,6717285,NC
-0.2023033082082266,6717286,NC
-0.19230365196609378,6717287,NC
-0.1973039941184939,6717288,NC
-0.18230433466541804,6717289,NC
-0.1773046736068575,6717290,NC
-0.1423050109428035,6717291,NC
-0.11730534667324735,6717292,NC
-0.11730568079818043,6717293,NC
-0.11230601331759413,6717294,NC
-0.11230634423147984,6717295,NC
-0.09730667353982905,6717296,NC
-0.06730700124263328,6717297,NC
-0.0673073273398841,6717298,NC
-0.07230765183157307,6717299,NC
-0.09730797471769187,6717300,NC
-0.12730829599823215,6717301,NC
-0.13230861567318564,6717302,NC
-0.1473089337425441,6717303,NC
-0.15730925020629935,6717304,NC
-0.18230956506444324,6717305,NC
-0.2173098783169676,6717306,NC
-0.23231018996386443,6717307,NC
-0.25231050000512567,6717308,NC
-0.2623108084407433,6717309,NC
-0.2673111152707094,6717310,NC
-0.29231142049501607,6717311,NC
-0.32731172411365544,6717312,NC
-0.3373120261266197,6717313,NC
-0.34231232653390103,6717314,NC
-0.3273126253354917,6717315,NC
-0.352312922531384,6717316,NC
-0.36731321812157036,6717317,NC
-0.3723135121060431,6717318,NC
-0.38231380448479463,6717319,NC
-0.3723140952578174,6717320,NC
-0.3673143844251039,6717321,NC
-0.3573146719866468,6717322,NC
-0.3723149579424386,6717323,NC
-0.38231524229247194,6717324,NC
-0.38231552503673943,6717325,NC
-0.40231580617523394,6717326,NC
-0.36731608570794805,6717327,NC
-0.36231636363487474,6717328,NC
-0.37731663995600667,6717329,NC
-0.3823169146713369,6717330,NC
-0.41731718778085813,6717331,NC
-0.3923174592845635,6717332,NC
-0.37731772918244594,6717333,NC
-0.37231799747449856,6717334,NC
-0.38231826416071435,6717335,NC
-0.4023185292410865,6717336,NC
-0.4023187927156082,6717337,NC
-0.3873190545842726,6717338,NC
-0.387319314847073,6717339,NC
-0.38231957350400264,6717340,NC
-0.3873198305550549,6717341,NC
-0.41732008600022313,6717342,NC
-0.4073203398395008,6717343,NC
-0.4223205920728813,6717344,NC
-0.38232084270035815,6717345,NC
-0.37732109172192496,6717346,NC
-0.3873213391375752,6717347,NC
-0.3973215849473026,6717348,NC
-0.41232182915110066,6717349,NC
-0.4123220717489633,6717350,NC
-0.3973223127408842,6717351,NC
-0.37732255212685706,6717352,NC
-0.3823227899068758,6717353,NC
-0.40732302608093424,6717354,NC
-0.4023232606490264,6717355,NC
-0.41232349361114606,6717356,NC
-0.38232372496728734,6717357,NC
-0.3873239547174443,6717358,NC
-0.3873241828616109,6717359,NC
-0.40232440939978137,6717360,NC
-0.40732463433194976,6717361,NC
-0.40732485765811044,6717362,NC
-0.3923250793782576,6717363,NC
-0.3923252994923854,6717364,NC
-0.3923255180004883,6717365,NC
-0.4273257349025606,6717366,NC
-0.41732595019859675,6717367,NC
-0.3973261638885912,6717368,NC
-0.4073263759725384,6717369,NC
-0.397326586450433,6717370,NC
-0.4073267953222694,6717371,NC
-0.42232700258804234,6717372,NC
-0.4123272082477465,6717373,NC
-0.4173274123013765,6717374,NC
-0.4073276147489271,6717375,NC
-0.4173278155903931,6717376,NC
-0.4123280148257693,6717377,NC
-0.44232821245505066,6717378,NC
-0.43732840847823196,6717379,NC
-0.4123286028953082,6717380,NC
-0.40232879570627444,6717381,NC
-0.3923289869111256,6717382,NC
-0.39732917650985683,6717383,NC
-0.39232936450246314,6717384,NC
-0.4223295508889398,6717385,NC
-0.417329735669282,6717386,NC
-0.4023299188434849,6717387,NC
-0.39233010041154387,6717388,NC
-0.40233028037345414,6717389,NC
-0.4223304587292111,6717390,NC
-0.43233063547881023,6717391,NC
-0.41733081062224686,6717392,NC
-0.4023309841595166,6717393,NC
-0.39233115609061486,6717394,NC
-0.4023313264155373,6717395,NC
-0.4173314951342795,6717396,NC
-0.41233166224683704,6717397,NC
-0.4173318277532057,6717398,NC
-0.4023319916533813,6717399,NC
-0.40233215394735944,6717400,NC
-0.39733231463513596,6717401,NC
-0.40233247371670683,6717402,NC
-0.4173326311920678,6717403,NC
-0.40233278706121506,6717404,NC
-0.3823329413241443,6717405,NC
-0.36233309398085173,6717406,NC
-0.35733324503133335,6717407,NC
-0.3573333944755853,6717408,NC
-0.3573335423136037,6717409,NC
-0.35233368854538477,6717410,NC
-0.33733383317092475,6717411,NC
-0.3423339761902199,6717412,NC
-0.3323341176032664,6717413,NC
-0.33733425741006084,6717414,NC
-0.3473343956105994,6717415,NC
-0.3223345322048788,6717416,NC
-0.3173346671928952,6717417,NC
-0.29233480057464534,6717418,NC
-0.31233493235012566,6717419,NC
-0.33233506251933287,6717420,NC
-0.35733519108226347,6717421,NC
-0.34233531803891437,6717422,NC
-0.352335443389282,6717423,NC
-0.34233556713336344,6717424,NC
-0.3673356892711553,6717425,NC
-0.39233580980265453,6717426,NC
-0.4273359287278579,6717427,NC
-0.40233604604676254,6717428,NC
-0.40733616175936516,6717429,NC
-0.3973362758656631,6717430,NC
-0.3973363883656532,6717431,NC
-0.4123364992593325,6717432,NC
-0.4273366085466984,6717433,NC
-0.42733671622774794,6717434,NC
-0.41733682230247826,6717435,NC
-0.41733692677088674,6717436,NC
-0.4323370296329707,6717437,NC
-0.44233713088872745,6717438,NC
-0.4673372305381544,6717439,NC
-0.45233732858124887,6717440,NC
-0.4423374250180085,6717441,NC
-0.4223375198484307,6717442,NC
-0.43233761307251306,6717443,NC
-0.43233770469025323,6717444,NC
-0.4773377947016487,6717445,NC
-0.4623378831066974,6717446,NC
-0.45733796990539677,6717447,NC
-0.4523380550977447,6717448,NC
-0.45233813868373907,6717449,NC
-0.47233822066337755,6717450,NC
-0.4823383010366582,6717451,NC
-0.48233837980357885,6717452,NC
-0.4773384569641375,6717453,NC
-0.46733853251833224,6717454,NC
-0.467338606466161,6717455,NC
-0.4823386788076218,6717456,NC
-0.48733874954271306,6717457,NC
-0.4723388186714327,6717458,NC
-0.4673388861937791,6717459,NC
-0.4573389521097504,6717460,NC
-0.46733901641934494,6717461,NC
-0.4873390791225611,6717462,NC
-0.49233914021939723,6717463,NC
-0.48733919970985173,6717464,NC
-0.47733925759392315,6717465,NC
-0.46233931387161,6717466,NC
-0.4673393685429107,6717467,NC
-0.46733942160782393,6717468,NC
-0.47233947306634827,6717469,NC
-0.4773395229184825,6717470,NC
-0.4573395711642253,6717471,NC
-0.46233961780357535,6717472,NC
-0.4573396628365315,6717473,NC
-0.4723397062630926,6717474,NC
-0.47233974808325746,6717475,NC
-0.4773397882970251,6717476,NC
-0.4323398269043945,6717477,NC
-0.41733986390536454,6717478,NC
-0.41233989929993436,6717479,NC
-0.412339933088103,6717480,NC
-0.3873399652698697,6717481,NC
-0.35733999584523346,6717482,NC
-0.29234002481419363,6717483,NC
-0.21734005217674937,6717484,NC
-0.14234007793290004,6717485,NC
-0.06734010208264493,6717486,NC
0.007659875374016557,6717487,NC
0.062659854437085,6717488,NC
0.12765983510656095,6717489,NC
0.14265981738244488,6717490,NC
0.1176598012647373,6717491,NC
0.04765978675343859,6717492,NC
-0.017340226151450887,6717493,NC
-0.037340237449930785,6717494,NC
-0.027340247142000812,6717495,NC
-0.002340255227660723,6717496,NC
0.0676597382930897,6717497,NC
0.1276597334202506,6717498,NC
0.23765973015382214,6717499,NC
0.37265972849380435,6717500,NC
0.5126597284401974,6717501,NC
0.6076597299930011,6717502,NC
0.6476597331522155,6717503,NC
0.6476597379178406,6717504,NC
0.5776597442898762,6717505,L
0.47765975226832214,6717506,NC
0.3826597618531782,6717507,NC
0.3176597730444441,6717508,NC
0.2426597858421196,6717509,NC
0.14765980024620443,6717510,NC
0.06765981625669815,6717511,NC
-0.012340166126399675,6717512,NC
-0.10234014690308946,6717513,NC
-0.1923401260733717,6717514,NC
-0.32234010363724697,6717515,NC
-0.42734007959471576,6717516,NC
-0.5073400539457787,6717517,NC
-0.5623400266904367,6717518,NC
-0.6073399978286902,6717519,NC
-0.6273399673605398,6717520,NC
-0.6273399352859866,6717521,NC
-0.6223399016050315,6717522,NC
-0.617339866317675,6717523,NC
-0.5823398294239183,6717524,NC
-0.5573397909237621,6717525,NC
-0.5273397508172076,6717526,NC
-0.5373397091042558,6717527,NC
-0.5423396657849077,6717528,NC
-0.5523396208591644,6717529,NC
-0.5623395743270273,6717530,NC
-0.5373395261884972,6717531,NC
-0.5273394764435758,6717532,NC
-0.542339425092264,6717533,NC
-0.5423393721345633,6717534,NC
-0.547339317570475,6717535,NC
-0.5423392614000005,6717536,NC
-0.5323392036231414,6717537,NC
-0.522339144239899,6717538,NC
-0.5323390832502749,6717539,NC
-0.5523390206542707,6717540,NC
-0.5523389564518879,6717541,NC
-0.5473388906431284,6717542,NC
-0.5423388232279935,6717543,NC
-0.5423387542064854,6717544,NC
-0.5223386835786056,6717545,NC
-0.5323386113443559,6717546,NC
-0.5373385375037383,6717547,NC
-0.5223384620567546,6717548,NC
-0.5123383850034068,6717549,NC
-0.5073383063436968,6717550,NC
-0.5123382260776267,6717551,NC
-0.5173381442051986,6717552,NC
-0.5123380607264145,6717553,NC
-0.5173379756412768,6717554,NC
-0.48733788894978736,6717555,NC
-0.4823378006519486,6717556,NC
-0.4873377107477628,6717557,NC
-0.4973376192372322,6717558,NC
-0.5123375261203592,6717559,NC
-0.4823374313971462,6717560,NC
-0.46733733506759567,6717561,NC
-0.45733723713171004,6717562,NC
-0.4373371375894918,6717563,NC
-0.45733703644094365,6717564,NC
-0.4623369336860681,6717565,NC
-0.45233682932486774,6717566,NC
-0.4223367233573454,6717567,NC
-0.40233661578350377,6717568,NC
-0.3973365066033455,6717569,NC
-0.4023363958168736,6717570,NC
-0.4023362834240908,6717571,NC
-0.3773361694249999,6717572,NC
-0.3523360538196041,6717573,NC
-0.3473359366079061,6717574,NC
-0.3273358177899092,6717575,NC
-0.3173356973656163,6717576,NC
-0.3173355753350305,6717577,NC
-0.2873354516981549,6717578,NC
-0.2723353264549928,6717579,NC
-0.2523351996055474,6717580,NC
-0.23233507114982194,6717581,NC
-0.2373349410878197,6717582,NC
-0.22233480941954412,6717583,NC
-0.2073346761449985,6717584,NC
-0.18733454126418633,6717585,NC
-0.15233440477711108,6717586,NC
-0.15733426668377626,6717587,NC
-0.14733412698418544,6717588,NC
-0.15733398567834217,6717589,NC
-0.13733384276625016,6717590,NC
-0.11733369824791304,6717591,NC
-0.10233355212333459,6717592,NC
-0.0823334043925185,6717593,NC
-0.10233325505546864,6717594,NC
-0.09233310411218883,6717595,NC
-0.07233295156268296,6717596,NC
-0.04733279740695498,6717597,NC
-0.04733264164500884,6717598,NC
-0.052332484276848557,6717599,NC
-0.0673323253024782,6717600,NC
-0.08733216472190186,6717601,NC
-0.09233200253512366,6717602,NC
-0.0973318387421478,6717603,NC
-0.11733167334297848,6717604,NC
-0.12733150633762,6717605,NC
-0.17233133772607662,6717606,NC
-0.21733116750835269,6717607,NC
-0.22233099568445264,6717608,NC
-0.23733082225438082,6717609,NC
-0.2373306472181418,6717610,NC
-0.26733047057574,6717611,NC
-0.29733029232718,6717612,NC
-0.32733011247246646,6717613,NC
-0.3273299310116039,6717614,NC
-0.3373297479445971,6717615,NC
-0.32732956327145063,6717616,NC
-0.3673293769921694,6717617,NC
-0.38232918910675817,6717618,NC
-0.4023289996152218,6717619,NC
-0.4023288085175651,6717620,NC
-0.392328615813793,6717621,NC
-0.39732842150391057,6717622,NC
-0.4123282255879227,6717623,NC
-0.39732802806583456,6717624,NC
-0.4173278289376511,6717625,NC
-0.4173276282033775,6717626,NC
-0.41232742586301896,6717627,NC
-0.40232722191658077,6717628,NC
-0.407327016364068,6717629,NC
-0.4123268092054861,6717630,NC
-0.4373266004408404,6717631,NC
-0.4173263900701361,6717632,NC
-0.42232617809337886,6717633,NC
-0.402325964510574,6717634,NC
-0.41232574932172705,6717635,NC
-0.42732553252684363,6717636,NC
-0.4323253141259292,6717637,NC
-0.4373250941189895,6717638,NC
-0.4173248725060301,6717639,NC
-0.3973246492870568,6717640,NC
-0.40232442446207534,6717641,NC
-0.4123241980310914,6717642,NC
-0.43232396999411093,6717643,NC
-0.4223237403511398,6717644,NC
-0.39732350910218395,6717645,NC
-0.3873232762472492,6717646,NC
-0.40732304178634166,6717647,NC
-0.4173228057194674,6717648,NC
-0.43232256804663244,6717649,NC
-0.4223223287678429,6717650,NC
-0.40232208788310503,6717651,NC
-0.39232184539242493,6717652,NC
-0.4023216012958089,6717653,NC
-0.41732135559326317,6717654,NC
-0.4223211082847942,6717655,NC
-0.4173208593704083,6717656,NC
-0.40232060885011184,6717657,NC
-0.3923203567239113,6717658,NC
-0.39732010299181325,6717659,NC
-0.4023198476538241,6717660,NC
-0.41231959070995045,6717661,NC
-0.412319332160199,6717662,NC
-0.4073190720045764,6717663,NC
-0.3973188102430894,6717664,NC
-0.4023185468757446,6717665,NC
-0.4173182819025488,6717666,NC
-0.427318015323509,6717667,NC
-0.4173177471386319,6717668,NC
-0.40731747734792445,6717669,NC
-0.40231720595139375,6717670,NC
-0.4073169329490465,6717671,NC
-0.40731665834089,6717672,NC
-0.4223163821269312,6717673,NC
-0.41731610430717725,6717674,NC
-0.3973158248816353,6717675,NC
-0.3923155438503126,6717676,NC
-0.40231526121321626,6717677,NC
-0.4073149769703536,6717678,NC
-0.41731469112173214,6717679,NC
-0.42231440366735906,6717680,NC
-0.4023141146072418,6717681,NC
-0.3873138239413878,6717682,NC
-0.40731353166980455,6717683,NC
-0.42231323779249963,6717684,NC
-0.4273129423094805,6717685,NC
-0.42231264522075496,6717686,NC
-0.4023123465263305,6717687,NC
-0.3973120462262149,6717688,NC
-0.3923117443204159,6717689,NC
-0.41731144080894117,6717690,NC
-0.4223111356917987,6717691,NC
-0.4173108289689962,6717692,NC
-0.40731052064054163,6717693,NC
-0.40231021070644307,6717694,NC
-0.4023098991667083,6717695,NC
-0.4223095860213454,6717696,NC
-0.42230927127036244,6717697,NC
-0.42230895491376763,6717698,NC
-0.4023086369515691,6717699,NC
-0.3923083173837749,6717700,NC
-0.4073079962103934,6717701,NC
-0.42230767343143283,6717702,NC
-0.4173073490469015,6717703,NC
-0.3823070230568078,6717704,NC
-0.3673066954611601,6717705,NC
-0.34730636625996686,6717706,NC
-0.3473060354532366,6717707,NC
-0.34730570304097774,6717708,NC
-0.3573053690231989,6717709,NC
-0.35730503339990877,6717710,NC
-0.34730469617111587,6717711,NC
-0.337304357336829,6717712,NC
-0.3323040168970568,6717713,NC
-0.347303674851808,6717714,NC
-0.3273033312010916,6717715,NC
-0.3173029859449163,6717716,NC
-0.302302639083291,6717717,NC
-0.29730229061622476,6717718,NC
-0.30230194054372644,6717719,NC
-0.3273015888658051,6717720,NC
-0.34730123558246984,6717721,NC
-0.35730088069372967,6717722,NC
-0.36230052419959385,6717723,NC
-0.3723001661000715,6717724,NC
-0.3722998063951718,6717725,NC
-0.38229944508490415,6717726,NC
-0.3872990821692777,6717727,NC
-0.382298717648302,6717728,NC
-0.3822983515219862,6717729,NC
-0.37729798379033996,6717730,NC
-0.38729761445337263,6717731,NC
-0.40729724351109375,6717732,NC
-0.4272968709635129,6717733,NC
-0.4022964968106397,6717734,NC
-0.4222961210524837,6717735,NC
-0.3972957436890547,6717736,NC
-0.4022953647203623,6717737,NC
-0.4172949841464163,6717738,NC
-0.4172946019672266,6717739,NC
-0.412294218182803,6717740,NC
-0.40729383279315534,6717741,NC
-0.4172934457982936,6717742,NC
-0.43229305719822775,6717743,NC
-0.4522926669929678,6717744,NC
-0.4622922751825238,6717745,NC
-0.45229188176690577,6717746,NC
-0.43729148674612395,6717747,NC
-0.4272910901201885,6717748,NC
-0.44229069188910963,6717749,NC
-0.47229029205289763,6717750,NC
-0.4672898906115628,6717751,NC
-0.4622894875651154,6717752,NC
-0.44728908291356584,6717753,NC
-0.4372886766569246,6717754,NC
-0.4422882687952022,6717755,NC
-0.44728785932840903,6717756,NC
-0.4422874482565557,6717757,NC
-0.4372870355796528,6717758,NC
-0.42228662129771094,6717759,NC
-0.4172862054107408,6717760,NC
-0.42228578791875315,6717761,NC
-0.44728536882175873,6717762,NC
-0.46228494811976834,6717763,NC
-0.4522845258127927,6717764,NC
-0.45228410190084284,6717765,NC
-0.45728367638392964,6717766,NC
-0.492283249262064,6717767,NC
-0.5172828205352571,6717768,NC
-0.5222823902035199,6717769,NC
-0.5072819582668633,6717770,NC
-0.4922815247252986,6717771,NC
-0.4472810895788371,6717772,NC
-0.4622806528274898,6717773,NC
-0.477280214471268,6717774,NC
-0.4722797745101831,6717775,NC
-0.4622793329442464,6717776,NC
-0.4422788897734692,6717777,NC
-0.4322784449978629,6717778,NC
-0.4172779986174391,6717779,NC
-0.41727755063220917,6717780,NC
-0.41227710104218473,6717781,NC
-0.39227664984737737,6717782,NC
-0.3422761970477987,6717783,NC
-0.29727574264346035,6717784,NC
-0.24727528663437406,6717785,NC
-0.1872748290205516,6717786,NC
-0.10727436980200472,6717787,NC
-0.002273908978745305,6717788,NC
0.07772655344921484,6717789,NC
0.1427270174818637,6717790,NC
0.1527274831191894,6717791,NC
0.11272795036117994,6717792,NC
0.04272841920782325,6717793,NC
-0.04727111034089276,6717794,NC
-0.10227063828498018,6717795,NC
-0.1122701646244512,6717796,NC
-0.08226968935931803,6717797,NC
-0.022269212489592884,6717798,NC
0.12273126598471193,6717799,NC
0.2727317460635841,6717800,NC
0.43273222774701114,6717801,NC
0.5477327110349808,6717802,NC
0.5927331959274806,6717803,NC
0.577733682424498,6717804,NC
0.48773417052602047,6717805,L
0.3727346602320354,6717806,NC
0.29773515154253016,6717807,NC
0.21773564445749224,6717808,NC
0.12773613897690878,6717809,NC
0.03773663510076708,6717810,NC
-0.04226286717094563,6717811,NC
-0.14226236783824217,6717812,NC
-0.24226186690113544,6717813,NC
-0.3522613643596383,6717814,NC
-0.4672608602137638,6717815,NC
-0.5672603544635247,6717816,NC
-0.6272598471089342,6717817,NC
-0.6522593381500055,6717818,NC
-0.6422588275867516,6717819,NC
-0.6172583154191856,6717820,NC
-0.6122578016473207,6717821,NC
-0.5922572862711701,6717822,NC
-0.5872567692907472,6717823,NC
-0.5572562507060653,6717824,NC
-0.5422557305171377,6717825,NC
-0.5172552087239779,6717826,NC
-0.5272546853265992,6717827,NC
-0.5272541603250153,6717828,NC
-0.5522536337192395,6717829,NC
-0.5372531055092855,6717830,NC
-0.5322525756951668,6717831,NC
-0.5322520442768972,6717832,NC
-0.5422515112544904,6717833,NC
-0.5322509766279601,6717834,NC
-0.5422504403973198,6717835,NC
-0.5272499025625839,6717836,NC
-0.5022493631237657,6717837,NC
-0.4922488220808793,6717838,NC
-0.5022482794339387,6717839,NC
-0.5172477351829579,6717840,NC
-0.5272471893279508,6717841,NC
-0.5222466418689315,6717842,NC
-0.5022460928059143,6717843,NC
-0.482245542138913,6717844,NC
-0.5022449898679421,6717845,NC
-0.5072444359930157,6717846,NC
-0.502243880514148,6717847,NC
-0.5072433234313536,6717848,NC
-0.49224276474464645,6717849,NC
-0.4772422044540412,6717850,NC
-0.45224164255955224,6717851,NC
-0.4672410790611941,6717852,NC
-0.47224051395898115,6717853,NC
-0.46723994725292817,6717854,NC
-0.43723937894304954,6717855,NC
-0.42223880902936,6717856,NC
-0.4172382375118743,6717857,NC
-0.42223766439060706,6717858,NC
-0.4272370896655731,6717859,NC
-0.42723651333678725,6717860,NC
-0.41723593540426435,6717861,NC
-0.38723535586801927,6717862,NC
-0.37723477472806694,6717863,NC
-0.3772341919844224,6717864,NC
-0.37223360763710056,6717865,NC
-0.35723302168611654,6717866,NC
-0.3472324341314854,6717867,NC
-0.3222318449732224,6717868,NC
-0.3322312542113426,6717869,NC
-0.32223066184586124,6717870,NC
-0.3122300678767936,6717871,NC
-0.312229472304155,6717872,NC
-0.28222887512796074,6717873,NC
-0.25722827634822626,6717874,NC
-0.232227675964967,6717875,NC
-0.23222707397819836,6717876,NC
-0.22722647038793592,6717877,NC
-0.23222586519419522,6717878,NC
-0.2122252583969918,6717879,NC
-0.17222464999634138,6717880,NC
-0.17222403999225958,6717881,NC
-0.16722342838476215,6717882,NC
-0.15722281517386483,6717883,NC
-0.15222220035958342,6717884,NC
-0.13222158394193378,6717885,NC
-0.11222096592093178,6717886,NC
-0.09722034629659335,6717887,NC
-0.09721972506893445,6717888,NC
-0.10221910223797111,6717889,NC
-0.08721847780371936,6717890,NC
-0.06221785176619528,6717891,NC
-0.05721722412541503,6717892,NC
-0.03221659488139477,6717893,NC
-0.042215964034150705,6717894,NC
-0.042215331583699126,6717895,NC
-0.037214697530056275,6717896,NC
-0.027214061873238535,6717897,NC
-0.03221342461326227,6717898,NC
-0.04221278575014391,6717899,NC
-0.07721214528389991,6717900,NC
-0.11221150321454676,6717901,NC
-0.12221085954210104,6717902,NC
-0.1272102142665793,6717903,NC
-0.1622095673879982,6717904,NC
-0.18220891890637436,6717905,NC
-0.22220826882172454,6717906,NC
-0.2522076171340655,6717907,NC
-0.24720696384341395,6717908,NC
-0.2622063089497868,6717909,NC
-0.27720565245320095,6717910,NC
-0.28220499435367324,6717911,NC
-0.30720433465122066,6717912,NC
-0.32720367334586026,6717913,NC
-0.342203010437609,6717914,NC
-0.3472023459264839,6717915,NC
-0.3522016798125023,6717916,NC
-0.36720101209568123,6717917,NC
-0.3922003427760379,6717918,NC
-0.39219967185358956,6717919,NC
-0.3871989993283535,6717920,NC
-0.377198325200347,6717921,NC
-0.36719764946958755,6717922,NC
-0.3721969721360925,6717923,NC
-0.4021962931998793,6717924,NC
-0.4121956126609654,6717925,NC
-0.39719493051936844,6717926,NC
-0.38719424677510594,6717927,NC
-0.3871935614281955,6717928,NC
-0.3971928744786548,6717929,NC
-0.41719218592650154,6717930,NC
-0.42219149577175347,6717931,NC
-0.4221908040144284,6717932,NC
-0.42219011065454404,6717933,NC
-0.39218941569211846,6717934,NC
-0.39218871912716935,6717935,NC
-0.41718802095971474,6717936,NC
-0.42718732118977276,6717937,NC
-0.4271866198173612,6717938,NC
-0.41718591684249834,6717939,NC
-0.40718521226520216,6717940,NC
-0.4121845060854909,6717941,NC
-0.4221837983033827,6717942,NC
-0.4321830889188959,6717943,NC
-0.4171823779320486,6717944,NC
-0.4071816653428592,6717945,NC
-0.4021809511513462,6717946,NC
-0.40218023535752784,6717947,NC
-0.42717951796142256,6717948,NC
-0.41717879896304894,6717949,NC
-0.4221780783624255,6717950,NC
-0.4121773561595707,6717951,NC
-0.3921766323545033,6717952,NC
-0.42217590694724183,6717953,NC
-0.417175179937805,6717954,NC
-0.43217445132621163,6717955,NC
-0.4321737211124804,6717956,NC
-0.4121729892966302,6717957,NC
-0.4021722558786799,6717958,NC
-0.4171715208586482,6717959,NC
-0.4271707842365543,6717960,NC
-0.4521700460124171,6717961,NC
-0.45216930618625556,6717962,NC
-0.42716856475808873,6717963,NC
-0.4221678217279358,6717964,NC
-0.4071670770958159,6717965,NC
-0.4271663308617482,6717966,NC
-0.44216558302575193,6717967,NC
-0.44716483358784637,6717968,NC
-0.4321640825480508,6717969,NC
-0.41716332990638455,6717970,NC
-0.4321625756628671,6717971,NC
-0.4471618198175179,6717972,NC
-0.4571610623703563,6717973,NC
-0.4571603033214019,6717974,NC
-0.43715954267067425,6717975,NC
-0.437158780418193,6717976,NC
-0.4471580165639777,6717977,NC
-0.4621572511080481,6717978,NC
-0.46215648405042387,6717979,NC
-0.4571557153911248,6717980,NC
-0.4371549451301707,6717981,NC
-0.4321541732675815,6717982,NC
-0.4421533998033769,6717983,NC
-0.45215262473757706,6717984,NC
-0.4721518480702017,6717985,NC
-0.4621510698012711,6717986,NC
-0.45715028993080514,6717987,NC
-0.44714950845882395,6717988,NC
-0.4571487253853477,6717989,NC
-0.45214794071039643,6717990,NC
-0.4721471544339906,6717991,NC
-0.4771463665561503,6717992,NC
-0.47214557707689586,6717993,NC
-0.47214478599624765,6717994,NC
-0.4621439933142261,6717995,NC
-0.4771431990308515,6717996,NC
-0.4871424031461445,6717997,NC
-0.46214160566012547,6717998,NC
-0.44714080657281496,6717999,NC
-0.44214000588423363,6718000,NC
-0.4271392035944021,6718001,NC
-0.437138399703341,6718002,NC
-0.43713759421107107,6718003,NC
-0.42713678711761305,6718004,NC
-0.4221359784229878,6718005,NC
-0.40713516812721606,6718006,NC
-0.4221343562303188,6718007,NC
-0.41213354273231695,6718008,NC
-0.4221327276332314,6718009,NC
-0.41713191093308316,6718010,NC
-0.39213109263189333,6718011,NC
-0.3871302727296829,6718012,NC
-0.3821294512264731,6718013,NC
-0.3921286281222851,6718014,NC
-0.40212780341714,6718015,NC
-0.4121269771110591,6718016,NC
-0.40712614920406376,6718017,NC
-0.3871253196961753,6718018,NC
-0.39212448858741505,6718019,NC
-0.4171236558778044,6718020,NC
-0.42712282156736486,6718021,NC
-0.43712198565611793,6718022,NC
-0.43212114814408514,6718023,NC
-0.42712030903128806,6718024,NC
-0.44211946831774834,6718025,NC
-0.46211862600348763,6718026,NC
-0.47211778208852756,6718027,NC
-0.46711693657289,6718028,NC
-0.46711608945659666,6718029,NC
-0.4471152407396694,6718030,NC
-0.4671143904221301,6718031,NC
-0.4721135385040006,6718032,NC
-0.492112684985303,6718033,NC
-0.5021118298660591,6718034,NC
-0.47711097314629103,6718035,NC
-0.49211011482602096,6718036,NC
-0.5121092549052709,6718037,NC
-0.5321083933840629,6718038,NC
-0.5271075302624195,6718039,NC
-0.5171066655403626,6718040,NC
-0.4921057992179146,6718041,NC
-0.48210493129509785,6718042,NC
-0.4971040617719347,6718043,NC
-0.5071031906484477,6718044,NC
-0.522102317924659,6718045,NC
-0.5171014436005912,6718046,NC
-0.517100567676267,6718047,NC
-0.5020996901517087,6718048,NC
-0.5170988110269392,6718049,NC
-0.5270979303019809,6718050,NC
-0.5220970479768566,6718051,NC
-0.5270961640515892,6718052,NC
-0.5120952785262012,6718053,NC
-0.5020943914007155,6718054,NC
-0.5120935026751551,6718055,NC
-0.5220926123495427,6718056,NC
-0.5420917204239013,6718057,NC
-0.532090826898254,6718058,NC
-0.5120899317726239,6718059,NC
-0.49208903504703366,6718060,NC
-0.5070881367215068,6718061,NC
-0.5220872367960663,6718062,NC
-0.5370863352707352,6718063,NC
-0.5470854321455371,6718064,NC
-0.547084527420495,6718065,NC
-0.5120836210956322,6718066,NC
-0.5120827131709722,6718067,NC
-0.5220818036465382,6718068,NC
-0.5220808925223539,6718069,NC
-0.5120799797984427,6718070,NC
-0.5020790654748278,6718071,NC
-0.4970781495515333,6718072,NC
-0.4820772320285824,6718073,NC
-0.48707631290599884,6718074,NC
-0.4670753921838064,6718075,NC
-0.4270744698620287,6718076,NC
-0.38207354594068954,6718077,NC
-0.2970726204198127,6718078,NC
-0.21707169329942214,6718079,NC
-0.14207076457954163,6718080,NC
-0.09206983426019513,6718081,NC
-0.06706890234140662,6718082,NC
-0.04706796882320014,6718083,NC
-0.08206703370559973,6718084,NC
-0.17206609698862946,6718085,NC
-0.29206515867231353,6718086,NC
-0.38206421875667607,6718087,NC
-0.3970632772417413,6718088,NC
-0.32206233412753343,6718089,NC
-0.20706138941407687,6718090,NC
-0.0820604431013959,6718091,NC
0.017940504810485064,6718092,NC
0.1279414543215416,6718093,NC
0.2079424054317493,6718094,NC
0.23794335814108353,6718095,L
0.20294431244951988,6718096,NC
0.07294526835703369,6718097,NC
-0.06705377413639971,6718098,NC
-0.1920528150308049,6718099,NC
-0.28205185432620666,6718100,NC
-0.35705089202262974,6718101,NC
-0.4470499281200989,6718102,NC
-0.557048962618639,6718103,NC
-0.672047995518275,6718104,NC
-0.7570470268190317,6718105,NC
-0.8170460565209341,6718106,NC
-0.8270450846240073,6718107,NC
-0.8170441111282761,6718108,NC
-0.8170431360337658,6718109,NC
-0.7970421593405015,6718110,NC
-0.7670411810485083,6718111,NC
-0.7220402011578114,6718112,NC
-0.6470392196684361,6718113,NC
-0.6070382365804079,6718114,NC
-0.6020372518937517,6718115,NC
-0.6020362656084931,6718116,NC
-0.6070352777246576,6718117,NC
-0.6020342882422705,6718118,NC
-0.5970332971613573,6718119,NC
-0.5570323044819437,6718120,NC
-0.5720313102040552,6718121,NC
-0.5820303143277173,6718122,NC
-0.5870293168529559,6718123,NC
-0.5770283177797965,6718124,NC
-0.5670273171082648,6718125,NC
-0.5620263148383867,6718126,NC
-0.5570253109701881,6718127,NC
-0.5620243055036949,6718128,NC
-0.5720232984389327,6718129,NC
-0.5520222897759278,6718130,NC
-0.5370212795147059,6718131,NC
-0.5320202676552933,6718132,NC
-0.5320192541977159,6718133,NC
-0.5370182391419999,6718134,NC
-0.5370172224881714,6718135,NC
-0.5470162042362566,6718136,NC
-0.5270151843862818,6718137,NC
-0.5120141629382732,6718138,NC
-0.5070131398922572,6718139,NC
-0.5270121152482601,6718140,NC
-0.5120110890063082,6718141,NC
-0.4920100611664282,6718142,NC
-0.4670090317286465,6718143,NC
-0.45700800069298947,6718144,NC
-0.46700696805948383,6718145,NC
-0.46700593382815614,6718146,NC
-0.4520048979990331,6718147,NC
-0.44200386057214125,6718148,NC
-0.4220028215475075,6718149,NC
-0.4070017809251586,6718150,NC
-0.3920007387051213,6718151,NC
-0.3919996948874225,6718152,NC
-0.371998649472089,6718153,NC
-0.3819976024591479,6718154,NC
-0.351996553848626,6718155,NC
-0.3169955036405505,6718156,NC
-0.32199445183494835,6718157,NC
-0.3269933984318467,6718158,NC
-0.32699234343127265,6718159,NC
-0.3019912868332534,6718160,NC
-0.2669902286378162,6718161,NC
-0.2669891688449883,6718162,NC
-0.24698810745479705,6718163,NC
-0.23198704446726975,6718164,NC
-0.23198597988243383,6718165,NC
-0.21198491370031666,6718166,NC
-0.1719838459209458,6718167,NC
-0.16198277654434867,6718168,NC
-0.1619817055705529,6718169,NC
-0.16198063299958607,6718170,NC
-0.16697955883147578,6718171,NC
-0.15697848306624976,6718172,NC
-0.14197740570393572,6718173,NC
-0.10697632674456141,6718174,NC
-0.09697524618815465,6718175,NC
-0.10697416403474325,6718176,NC
-0.11197308028435513,6718177,NC
-0.09197199493701819,6718178,NC
-0.08197090799276041,6718179,NC
-0.0769698194516098,6718180,NC
-0.06696872931359443,6718181,NC
-0.09196763757874235,6718182,NC
-0.09696654424708173,6718183,NC
-0.10696544931864072,6718184,NC
-0.10696435279344753,6718185,NC
-0.12196325467153044,6718186,NC
-0.1519621549529177,6718187,NC
-0.18196105363763773,6718188,NC
-0.19695995072571887,6718189,NC
-0.22695884621718948,6718190,NC
-0.24195774011207807,6718191,NC
-0.24695663241041318,6718192,NC
-0.2819555231122233,6718193,NC
-0.31695441221753706,6718194,NC
-0.361953299726383,6718195,NC
-0.38195218563878996,6718196,NC
-0.39195106995478646,6718197,NC
-0.3969499526744013,6718198,NC
-0.40194883379766333,6718199,NC
-0.42194771332460135,6718200,NC
-0.4469465912552442,6718201,NC
-0.44694546758962084,6718202,NC
-0.45194434232776026,6718203,NC
-0.44694321546969135,6718204,NC
-0.4669420870154432,6718205,NC
-0.47694095696504485,6718206,NC
-0.49693982531852554,6718207,NC
-0.49693869207591435,6718208,NC
-0.4869375572372404,6718209,NC
-0.46693642080253317,6718210,NC
-0.49193528277182164,6718211,NC
-0.5019341431451353,6718212,NC
-0.5269330019225036,6718213,NC
-0.5219318591039558,6718214,NC
-0.5119307146895213,6718215,NC
-0.4969295686792298,6718216,NC
-0.5119284210731108,6718217,NC
-0.5319272718711936,6718218,NC
-0.5319261210735081,6718219,NC
-0.5219249686800839,6718220,NC
-0.5069238146909506,6718221,NC
-0.4919226591061379,6718222,NC
-0.4969215019256758,6718223,NC
-0.521920343149594,6718224,NC
-0.5469191827779222,6718225,NC
-0.5369180208106905,6718226,NC
-0.5219168572479289,6718227,NC
-0.5069156920896672,6718228,NC
-0.5069145253359355,6718229,NC
-0.5169133569867639,6718230,NC
-0.5319121870421823,6718231,NC
-0.5269110155022212,6718232,NC
-0.5219098423669106,6718233,NC
-0.5019086676362806,6718234,NC
-0.5119074913103617,6718235,NC
-0.5269063133891841,6718236,NC
-0.5569051338727782,6718237,NC
-0.5269039527611744,6718238,NC
-0.526902770054403,6718239,NC
-0.5019015857524947,6718240,NC
-0.5119003998554797,6718241,NC
-0.5268992123633889,6718242,NC
-0.5368980232762527,6718243,NC
-0.5268968325941019,6718244,NC
-0.5168956403169669,6718245,NC
-0.5068944464448787,6718246,NC
-0.521893250977868,6718247,NC
-0.5318920539159655,6718248,NC
-0.5418908552592021,6718249,NC
-0.5318896550076088,6718250,NC
-0.5268884531612164,6718251,NC
-0.5118872497200558,6718252,NC
-0.5268860446841582,6718253,NC
-0.5318848380535545,6718254,NC
-0.551883629828276,6718255,NC
-0.5468824200083535,6718256,NC
-0.5368812085938185,6718257,NC
-0.536879995584702,6718258,NC
-0.5218787809810355,6718259,NC
-0.53187756478285,6718260,NC
-0.551876346990177,6718261,NC
-0.5518751276030478,6718262,NC
-0.5468739066214939,6718263,NC
-0.5218726840455469,6718264,NC
-0.5318714598752379,6718265,NC
-0.5468702341105989,6718266,NC
-0.5618690067516612,6718267,NC
-0.5568677777984564,6718268,NC
-0.5518665472510164,6718269,NC
-0.5418653151093727,6718270,NC
-0.5468640813735572,6718271,NC
-0.5468628460436016,6718272,NC
-0.5568616091195377,6718273,NC
-0.5618603706013976,6718274,NC
-0.556859130489213,6718275,NC
-0.5518578887830158,6718276,NC
-0.5468566454828381,6718277,NC
-0.561855400588712,6718278,NC
-0.5918541541006694,6718279,NC
-0.5818529060187427,6718280,NC
-0.5618516563429637,6718281,NC
-0.541850405073365,6718282,NC
-0.5568491522099785,6718283,NC
-0.5468478977528367,6718284,NC
-0.5518466417019718,6718285,NC
-0.5468453840574162,6718286,NC
-0.5118441248192025,6718287,NC
-0.5068428639873628,6718288,NC
-0.5068416015619298,6718289,NC
-0.516840337542936,6718290,NC
-0.5268390719304139,6718291,NC
-0.5218378047243962,6718292,NC
-0.5118365359249156,6718293,NC
-0.4918352655320047,6718294,NC
-0.48683399354569623,6718295,NC
-0.4968327199660231,6718296,NC
-0.5018314447930179,6718297,NC
-0.48183016802671363,6718298,NC
-0.4568288896671433,6718299,NC
-0.4518276097143396,6718300,NC
-0.4518263281683357,6718301,NC
-0.4768250450291645,6718302,NC
-0.4968237602968592,6718303,NC
-0.49682247397145285,6718304,NC
-0.4868211860529785,6718305,NC
-0.47681989654146945,6718306,NC
-0.48681860543695893,6718307,NC
-0.5168173127394802,6718308,NC
-0.5268160184490664,6718309,NC
-0.5218147225657512,6718310,NC
-0.5118134250895677,6718311,NC
-0.5068121260205496,6718312,NC
-0.5168108253587301,6718313,NC
-0.5418095231041429,6718314,NC
-0.5668082192568215,6718315,NC
-0.5668069138167995,6718316,NC
-0.5518056067841105,6718317,NC
-0.5468042981587883,6718318,NC
-0.5468029879408665,6718319,NC
-0.5718016761303789,6718320,NC
-0.5918003627273594,6718321,NC
-0.5867990477318417,6718322,NC
-0.5867977311438596,6718323,NC
-0.5667964129634473,6718324,NC
-0.5767950931906386,6718325,NC
-0.5817937718254675,6718326,NC
-0.5767924488679682,6718327,NC
-0.5667911243181746,6718328,NC
-0.5667897981761209,6718329,NC
-0.5667884704418413,6718330,NC
-0.56678714111537,6718331,NC
-0.5717858101967412,6718332,NC
-0.5967844776859894,6718333,NC
-0.5717831435831487,6718334,NC
-0.5767818078882536,6718335,NC
-0.5567804706013384,6718336,NC
-0.5617791317224377,6718337,NC
-0.5767777912515859,6718338,NC
-0.5917764491888177,6718339,NC
-0.5917751055341675,6718340,NC
-0.5767737602876699,6718341,NC
-0.5567724134493597,6718342,NC
-0.5567710650192715,6718343,NC
-0.5617697149974403,6718344,NC
-0.5717683633839006,6718345,NC
-0.5667670101786872,6718346,NC
-0.5517656553818353,6718347,NC
-0.5417642989933795,6718348,NC
-0.5467629410133549,6718349,NC
-0.5517615814417964,6718350,NC
-0.5667602202787392,6718351,NC
-0.5617588575242182,6718352,NC
-0.5417574931782685,6718353,NC
-0.5117561272409255,6718354,NC
-0.5217547597122241,6718355,NC
-0.5367533905921996,6718356,NC
-0.5517520198808874,6718357,NC
-0.5267506475783229,6718358,NC
-0.5067492736845411,6718359,NC
-0.49174789819957787,6718360,NC
-0.4717465211234683,6718361,NC
-0.4567451424562481,6718362,NC
-0.4367437621979526,6718363,NC
-0.3867423803486175,6718364,NC
-0.33174099690827835,6718365,NC
-0.2617396118769708,6718366,NC
-0.1967382252547306,6718367,NC
-0.1317368370415934,6718368,NC
-0.09673544723759503,6718369,NC
-0.08173405584277127,6718370,NC
-0.06173266285715798,6718371,NC
-0.10673126828079108,6718372,NC
-0.21172987211370647,6718373,NC
-0.33172847435594016,6718374,NC
-0.4567270750075282,6718375,NC
-0.5517256740685065,6718376,NC
-0.5217242715389113,6718377,NC
-0.43672286741877875,6718378,NC
-0.35172146170814494,6718379,NC
-0.25672005440704615,6718380,NC
-0.15671864551551865,6718381,NC
-0.05671723503359871,6718382,NC
0.008284177038677315,6718383,NC
0.04328559070127301,6718384,NC
-0.021712994045848005,6718385,NC
-0.13671157720272226,6718386,NC
-0.2467101587693862,6718387,NC
-0.3467087387458764,6718388,NC
-0.41170731713222947,6718389,NC
-0.47170589392848206,6718390,NC
-0.4967044691346708,6718391,NC
-0.5567030427508324,6718392,NC
-0.6217016147770037,6718393,NC
-0.6517001852132214,6718394,NC
-0.6816987540595223,6718395,NC
-0.6966973213159434,6718396,L
-0.7116958869825216,6718397,NC
-0.6916944510592937,6718398,NC
-0.661693013546297,6718399,NC
-0.6066915744435684,6718400,NC
-0.5466901337511447,6718401,NC
-0.49168869146906347,6718402,NC
-0.47168724759736164,6718403,NC
-0.4516858021360765,6718404,NC
-0.46668435508524525,6718405,NC
-0.44668290644490516,6718406,NC
-0.43668145621509363,6718407,NC
-0.4116800043958479,6718408,NC
-0.43167855098720553,6718409,NC
-0.4166770959892039,6718410,NC
-0.4266756394018805,6718411,NC
-0.4366741812252729,6718412,NC
-0.43667272145941866,6718413,NC
-0.3966712601043554,6718414,NC
-0.40166979716012075,6718415,NC
-0.40666833262675234,6718416,NC
-0.4016668665042881,6718417,NC
-0.41166539879276565,6718418,NC
-0.3916639294922229,6718419,NC
-0.3766624586026976,6718420,NC
-0.3866609861242278,6718421,NC
-0.38165951205685134,6718422,NC
-0.3916580364006062,6718423,NC
-0.36665655915553047,6718424,NC
-0.35665508032166215,6718425,NC
-0.3416535998990395,6718426,NC
-0.34165211788770045,6718427,NC
-0.3566506342876833,6718428,NC
-0.35664914909902623,6718429,NC
-0.3466476623217676,6718430,NC
-0.3216461739559457,6718431,NC
-0.3066446840015988,6718432,NC
-0.29664319245876536,6718433,NC
-0.3016416993274838,6718434,NC
-0.3066402046077926,6718435,NC
-0.2866387082997303,6718436,NC
-0.2566372104033354,6718437,NC
-0.2316357109186466,6718438,NC
-0.22163420984570242,6718439,NC
-0.20663270718454158,6718440,NC
-0.21163120293520282,6718441,NC
-0.19662969709772493,6718442,NC
-0.17162818967214663,6718443,NC
-0.15162668065850682,6718444,NC
-0.14662517005684442,6718445,NC
-0.13662365786719827,6718446,NC
-0.14162214408960738,6718447,NC
-0.11162062872411077,6718448,NC
-0.08661911177074748,6718449,NC
-0.06661759322955658,6718450,NC
-0.05661607310057722,6718451,NC
-0.05161455138384857,6718452,NC
-0.04661302807940984,6718453,NC
-0.03161150318730028,6718454,NC
-0.01660997670755919,6718455,NC
0.008391551359774117,6718456,NC
0.008393081014660228,6718457,NC
0.00339461225705974,6718458,NC
0.003396145086933214,6718459,NC
0.018397679504241135,6718460,NC
0.058399215508943954,6718461,NC
0.07340075310100214,6718462,NC
0.07840229228037601,6718463,NC
0.0834038330470259,6718464,NC
0.07840537540091218,6718465,NC
0.10340691934199503,6718466,NC
0.11340846487023468,6718467,NC
0.13341001198559135,6718468,NC
0.11341156068802513,6718469,NC
0.09341311097749612,6718470,NC
0.05841466285396439,6718471,NC
0.05341621631738993,6718472,NC
0.028417771367732707,6718473,NC
0.023419328004952673,6718474,NC
-0.011579113770990308,6718475,NC
-0.06657755396013638,6718476,NC
-0.08157599256252575,6718477,NC
-0.11657442957819861,6718478,NC
-0.13157286500719528,6718479,NC
-0.14657129884955605,6718480,NC
-0.15656973110532132,6718481,NC
-0.18656816177453142,6718482,NC
-0.21156659085722684,6718483,NC
-0.22656501835344806,6718484,NC
-0.22156344426323557,6718485,NC
-0.22156186858662996,6718486,NC
-0.2365602913236718,6718487,NC
-0.25155871247440176,6718488,NC
-0.26655713203886056,6718489,NC
-0.27655555001708887,6718490,NC
-0.2615539664091274,6718491,NC
-0.27655238121501713,6718492,NC
-0.27155079443479874,6718493,NC
-0.28154920606851325,6718494,NC
-0.2915476161162015,6718495,NC
-0.28154602457790445,6718496,NC
-0.28654443145366315,6718497,NC
-0.2615428367435187,6718498,NC
-0.26654124044751204,6718499,NC
-0.28653964256568454,6718500,NC
-0.29653804309807713,6718501,NC
-0.2965364420447312,6718502,NC
-0.2815348394056879,6718503,NC
-0.2865332351809886,6718504,NC
-0.2965316293706746,6718505,NC
-0.3115300219747873,6718506,NC
-0.3065284129933681,6718507,NC
-0.2915268024264585,6718508,NC
-0.2965251902740999,6718509,NC
-0.276523576536334,6718510,NC
-0.27152196121320227,6718511,NC
-0.2915203443047464,6718512,NC
-0.2965187258110079,6718513,NC
-0.30151710573202867,6718514,NC
-0.2915154840678504,6718515,NC
-0.2715138608185148,6718516,NC
-0.27151223598406377,6718517,NC
-0.2765106095645392,6718518,NC
-0.29150898155998295,6718519,NC
-0.27650735197043697,6718520,NC
-0.2615057207959433,6718521,NC
-0.2615040880365439,6718522,NC
-0.2615024536922809,6718523,NC
-0.27150081776319646,6718524,NC
-0.2814991802493326,6718525,NC
-0.2764975411507316,6718526,NC
-0.26149590046743576,6718527,NC
-0.2464942581994872,6718528,NC
-0.2614926143469284,6718529,NC
-0.27149096890980157,6718530,NC
-0.28148932188814924,6718531,NC
-0.28648767328201374,6718532,NC
-0.27148602309143766,6718533,NC
-0.26148437131646346,6718534,NC
-0.2564827179571337,6718535,NC
-0.27648106301349096,6718536,NC
-0.291479406485578,6718537,NC
-0.2764777483734374,6718538,NC
-0.28147608867711194,6718539,NC
-0.2764744273966443,6718540,NC
-0.2714727645320774,6718541,NC
-0.29647110008345406,6718542,NC
-0.3014694340508171,6718543,NC
-0.3064677664342096,6718544,NC
-0.29646609723367434,6718545,NC
-0.2914644264492545,6718546,NC
-0.291462754080993,6718547,NC
-0.31646108012893304,6718548,NC
-0.32145940459311767,6718549,NC
-0.31145772747359013,6718550,NC
-0.3114560487703936,6718551,NC
-0.2814543684835714,6718552,NC
-0.28645268661316675,6718553,NC
-0.311451003159223,6718554,NC
-0.3314493181217836,6718555,NC
-0.3164476315008919,6718556,NC
-0.30644594329659136,6718557,NC
-0.2914442535089255,6718558,NC
-0.30144256213793785,6718559,NC
-0.3164408691836721,6718560,NC
-0.3214391746461717,6718561,NC
-0.32143747852548044,6718562,NC
-0.30643578082164197,6718563,NC
-0.2914340815347001,6718564,NC
-0.30143238066469846,6718565,NC
-0.31643067821168114,6718566,NC
-0.3214289741756918,6718567,NC
-0.3064272685567744,6718568,NC
-0.2914255613549729,6718569,NC
-0.28142385257033126,6718570,NC
-0.2764221422028936,6718571,NC
-0.2814204302527039,6718572,NC
-0.29641871671980635,6718573,NC
-0.2764170016042451,6718574,NC
-0.26641528490606425,6718575,NC
-0.24641356662530814,6718576,NC
-0.256411846762021,6718577,NC
-0.2564101253162472,6718578,NC
-0.26140840228803097,6718579,NC
-0.27140667767741683,6718580,NC
-0.2414049514844492,6718581,NC
-0.2314032237091726,6718582,NC
-0.2064014943516314,6718583,NC
-0.21639976341187034,6718584,NC
-0.23139803088993394,6718585,NC
-0.2363962967858668,6718586,NC
-0.2313945610997137,6718587,NC
-0.2163928238315193,6718588,NC
-0.23139108498132843,6718589,NC
-0.2513893445491858,6718590,NC
-0.27638760253513633,6718591,NC
-0.2713858589392249,6718592,NC
-0.2513841137614965,6718593,NC
-0.25638236700199596,6718594,NC
-0.2613806186607684,6718595,NC
-0.2863788687378588,6718596,NC
-0.3013771172333123,6718597,NC
-0.30637536414717403,6718598,NC
-0.28637360947948914,6718599,NC
-0.2863718532303029,6718600,NC
-0.2913700953996605,6718601,NC
-0.30636833598760727,6718602,NC
-0.3163665749941886,6718603,NC
-0.33136481241944976,6718604,NC
-0.3313630482634362,6718605,NC
-0.2913612825261934,6718606,NC
-0.3013595152077668,6718607,NC
-0.3163577463082021,6718608,NC
-0.33635597582754484,6718609,NC
-0.3463542037658404,6718610,NC
-0.34635243012313477,6718611,NC
-0.3413506548994735,6718612,NC
-0.3363488780949023,6718613,NC
-0.36134709970946705,6718614,NC
-0.3463453197432135,6718615,NC
-0.3463435381961875,6718616,NC
-0.3413417550684351,6718617,NC
-0.3413399703600021,6718618,NC
-0.3363381840709345,6718619,NC
-0.3563363962012784,6718620,NC
-0.35633460675107986,6718621,NC
-0.35133281572038494,6718622,NC
-0.3363310231092399,6718623,NC
-0.3263292289176908,6718624,NC
-0.3363274331457839,6718625,NC
-0.3413256357935655,6718626,NC
-0.35632383686108193,6718627,NC
-0.35132203634837955,6718628,NC
-0.36632023425550475,6718629,NC
-0.326318430582504,6718630,NC
-0.3313166253294237,6718631,NC
-0.35131481849631035,6718632,NC
-0.36131301008321065,6718633,NC
-0.346311200090171,6718634,NC
-0.34130938851723835,6718635,NC
-0.33130757536445904,6718636,NC
-0.33630576063187995,6718637,NC
-0.3513039443195478,6718638,NC
-0.35630212642750947,6718639,NC
-0.3663003069558118,6718640,NC
-0.3362984859045016,6718641,NC
-0.3212966632736258,6718642,NC
-0.34129483906323144,6718643,NC
-0.3462930132733654,6718644,NC
-0.34629118590407487,6718645,NC
-0.3512893569554069,6718646,NC
-0.3312875264274086,6718647,NC
-0.3162856943201271,6718648,NC
-0.3012838606336097,6718649,NC
-0.30628202536790355,6718650,NC
-0.28628018852305603,6718651,NC
-0.25627835009911437,6718652,NC
-0.20127651009612607,6718653,NC
-0.15627466851413846,6718654,NC
-0.096272825353199,6718655,NC
-0.0362709806133552,6718656,NC
0.013730865705345381,6718657,NC
0.0637327136028552,6718658,NC
0.12373456307912661,6718659,NC
0.13873641413411203,6718660,NC
0.1437382667677636,6718661,NC
0.09374012098003376,6718662,NC
0.008741976770874633,6718663,NC
-0.06125616585976158,6718664,NC
-0.10125430691192275,6718665,NC
-0.06625244638565678,6718666,NC
-0.01125058428101159,6718667,NC
0.05875127940196481,6718668,NC
0.15875314466322443,6718669,NC
0.2987550115027191,6718670,NC
0.4237568799204009,6718671,NC
0.5137587499162215,6718672,NC
0.5587606214901328,6718673,NC
0.5237624946420867,6718674,L
0.41876436937203465,6718675,NC
0.31376624567992856,6718676,NC
0.22876812356572,6718677,NC
0.15377000302936059,6718678,NC
0.06377188407080187,6718679,NC
-0.02122623331000459,6718680,NC
-0.13122434911310732,6718681,NC
-0.23122246333855484,6718682,NC
-0.3562205759863958,6718683,NC
-0.4462186870566788,6718684,NC
-0.5362167965494525,6718685,NC
-0.5962149044647657,6718686,NC
-0.6312130108026669,6718687,NC
-0.6412111155632053,6718688,NC
-0.6112092187464295,6718689,NC
-0.5562073203523883,6718690,NC
-0.5312054203811308,6718691,NC
-0.5062035188327059,6718692,NC
-0.4862016157071625,6718693,NC
-0.4661997110045498,6718694,NC
-0.44119780472491676,6718695,NC
-0.42619589686831255,6718696,NC
-0.4311939874347864,6718697,NC
-0.44119207642438735,6718698,NC
-0.45119016383716476,6718699,NC
-0.44618824967316784,6718700,NC
-0.44118633393244605,6718701,NC
-0.4311844166150486,6718702,NC
-0.421182497721025,6718703,NC
-0.43618057725042464,6718704,NC
-0.4461786552032971,6718705,NC
-0.4361767315796917,6718706,NC
-0.42117480637965826,6718707,NC
-0.4161728796032462,6718708,NC
-0.40617095125050534,6718709,NC
-0.4161690213214852,6718710,NC
-0.42616708981623563,6718711,NC
-0.42616515673480637,6718712,NC
-0.4061632220772472,6718713,NC
-0.401161285843608,6718714,NC
-0.40115934803393866,6718715,NC
-0.40115740864828914,6718716,NC
-0.4111554676867093,6718717,NC
-0.4061535251492493,6718718,NC
-0.39115158103595915,6718719,NC
-0.37114963534688894,6718720,NC
-0.36614768808208875,6718721,NC
-0.3761457392416089,6718722,NC
-0.39114378882549944,6718723,NC
-0.38114183683381075,6718724,NC
-0.3661398832665931,6718725,NC
-0.3261379281238968,6718726,NC
-0.3311359714057722,6718727,NC
-0.3411340131122699,6718728,NC
-0.34113205324344015,6718729,NC
-0.3261300917993335,6718730,NC
-0.3211281287800006,6718731,NC
-0.2911261641854919,6718732,NC
-0.28112419801585814,6718733,NC
-0.27112223027114996,6718734,NC
-0.28612026095141796,6718735,NC
-0.26111829005671305,6718736,NC
-0.2711163175870859,6718737,NC
-0.24111434354258732,6718738,NC
-0.21611236792326827,6718739,NC
-0.22611039072917963,6718740,NC
-0.2111084119603723,6718741,NC
-0.19610643161689736,6718742,NC
-0.17610444969880573,6718743,NC
-0.14610246620614858,6718744,NC
-0.13610048113897694,6718745,NC
-0.15109849449734203,6718746,NC
-0.151096506281295,6718747,NC
-0.14609451649088712,6718748,NC
-0.1060925251261696,6718749,NC
-0.09609053218719384,6718750,NC
-0.09108853767401112,6718751,NC
-0.09108654158667287,6718752,NC
-0.09608454392523051,6718753,NC
-0.07608254468973555,6718754,NC
-0.04108054388023946,6718755,NC
-0.011078541496793833,6718756,NC
-0.01107653753945026,6718757,NC
-0.02107453200826038,6718758,NC
-0.01607252490327587,6718759,NC
-0.011070516224548438,6718760,NC
0.02393149402787014,6718761,NC
0.023933505853928075,6718762,NC
0.03393551925357349,6718763,NC
0.04393753422675455,6718764,NC
0.03393955077341933,6718765,NC
0.013941568893515825,6718766,NC
0.028943588586992072,6718767,NC
0.04394560985379599,6718768,NC
0.028947632693875527,6718769,NC
-0.0010503428928214445,6718770,NC
-0.031048316906347108,6718771,NC
-0.056046289346753674,6718772,NC
-0.06104426021409336,6718773,NC
-0.05104222950841847,6718774,NC
