channel_0,sample #,type
0.2810801802201069,7052012,NC
0.2710977968528001,7052013,NC
0.24611524445671362,7052014,NC
0.226132522999474,7052015,NC
0.1961496324490215,7052016,NC
0.16616657277361013,7052017,NC
0.14118334394180776,7052018,NC
0.14619994592249602,7052019,NC
0.1162163786848705,7052020,NC
0.07623264219844085,7052021,NC
0.06124873643303065,7052022,NC
0.0412646613587776,7052023,NC
0.031280416946133566,7052024,NC
0.031296003165864617,7052025,NC
0.01631141998905107,7052026,NC
-0.003673332612912486,7052027,NC
-0.02365825466831703,7052028,NC
-0.038643346205139165,7052029,NC
-0.058628607251041034,7052030,NC
-0.028614037833370257,7052031,NC
-0.02859963797915986,7052032,NC
-0.05358540771512829,7052033,NC
-0.0585713470676793,7052034,NC
-0.06855745606290194,7052035,NC
-0.06854373472657045,7052036,NC
-0.058530183084144316,7052037,NC
-0.05851680116076813,7052038,NC
-0.0735035889812716,7052039,NC
-0.08849054657016941,7052040,NC
-0.08847767395166137,7052041,NC
-0.08346497114963213,7052042,NC
-0.07345243818765133,7052043,NC
-0.0634400750889734,7052044,NC
-0.08842788187653765,7052045,NC
-0.09841585857296817,7052046,NC
-0.09840400520057378,7052047,NC
-0.08839232178134798,7052048,NC
-0.08338080833696898,7052049,NC
-0.08336946488879955,7052050,NC
-0.08335829145788708,7052051,NC
-0.09334728806496345,7052052,NC
-0.1083364547304451,7052053,NC
-0.1033257914744329,7052054,NC
-0.07331529831671213,7052055,NC
-0.07330497527675249,7052056,NC
-0.07829482237370801,7052057,NC
-0.08828483962641705,7052058,NC
-0.09827502705340228,7052059,NC
-0.08826538467287054,7052060,NC
-0.06825591250271297,7052061,NC
-0.05824661056050483,7052062,NC
-0.08323747886350552,7052063,NC
-0.08822851742865866,7052064,NC
-0.1132197262725918,7052065,NC
-0.10821110541161671,7052066,NC
-0.078202654861729,7052067,NC
-0.07319437463860844,7052068,NC
-0.08318626475761862,7052069,NC
-0.09817832523380725,7052070,NC
-0.09317055608190575,7052071,NC
-0.08816295731632953,7052072,NC
-0.07315552895117788,7052073,NC
-0.06814827100023382,7052074,NC
-0.09314118347696422,7052075,NC
-0.10813426639451978,7052076,NC
-0.10812751976573487,7052077,NC
-0.09312094360312761,7052078,NC
-0.09811453791889987,7052079,NC
-0.07810830272493718,7052080,NC
-0.08310223803280868,7052081,NC
-0.09809634385376725,7052082,NC
-0.1180906201987493,7052083,NC
-0.10308506707837488,7052084,NC
-0.08307968450294759,7052085,NC
-0.08807447248245466,7052086,NC
-0.09806943102656678,7052087,NC
-0.09806456014463819,7052088,NC
-0.11305985984570661,7052089,NC
-0.09305533013849338,7052090,NC
-0.0830509710314031,7052091,NC
-0.09804678253252404,7052092,NC
-0.10304276464962775,7052093,NC
-0.11803891739016927,7052094,NC
-0.11803524076128707,7052095,NC
-0.10803173476980305,7052096,NC
-0.09302839942222238,7052097,NC
-0.08802523472473373,7052098,NC
-0.09302224068320906,7052099,NC
-0.10801941730320375,7052100,NC
-0.1180167645899564,7052101,NC
-0.11301428254838912,7052102,NC
-0.09301197118310721,7052103,NC
-0.07800983049839934,7052104,NC
-0.09800786049823743,7052105,NC
-0.10800606118627681,7052106,NC
-0.11300443256585599,7052107,NC
-0.11800297463999686,7052108,NC
-0.08800168741140452,7052109,NC
-0.0980005708824674,7052110,NC
-0.09799962505525717,7052111,NC
-0.11299884993152874,7052112,NC
-0.10799824551272041,7052113,NC
-0.1029978117999536,7052114,NC
-0.08799754879403304,7052115,NC
-0.08799745649544677,7052116,NC
-0.09799753490436602,7052117,NC
-0.1179977840206453,7052118,NC
-0.1129982038438224,7052119,NC
-0.09799879437311837,7052120,NC
-0.08799955560743745,7052121,NC
-0.07800048754536726,7052122,NC
-0.06800159018517854,7052123,NC
-0.08800286352482545,7052124,NC
-0.09300430756194535,7052125,NC
-0.07300592229385884,7052126,NC
-0.05300770771756985,7052127,NC
-0.04800966382976564,7052128,NC
-0.058011790626816634,7052129,NC
-0.07801408810477671,7052130,NC
-0.0880165562593829,7052131,NC
-0.058019195086055686,7052132,NC
-0.04802200457989883,7052133,NC
-0.018024984735699356,7052134,NC
-0.018028135547927718,7052135,NC
-0.018031457010737717,7052136,NC
-0.01803494911796645,7052137,NC
-0.008038611863134468,7052138,NC
0.001957554760554342,7052139,NC
0.006953550760212646,7052140,NC
-0.013050623856730212,7052141,NC
-0.02305496908252845,7052142,NC
-0.0330594849091196,7052143,NC
-0.023064171328124716,7052144,NC
-0.03306902833084832,7052145,NC
-0.02807405590827841,7052146,NC
-0.03807925405108649,7052147,NC
-0.058084622749627585,7052148,NC
-0.06809016199394027,7052149,NC
-0.07809587177374669,7052150,NC
-0.05810175207845247,7052151,NC
-0.068107802897147,7052152,NC
-0.08311402421860314,7052153,NC
-0.08812041603127749,7052154,NC
-0.11812697832331023,7052155,NC
-0.0981337110825253,7052156,NC
-0.09814061429643024,7052157,NC
-0.0831476879522164,7052158,NC
-0.08815493203675888,7052159,NC
-0.10316234653661652,7052160,NC
-0.10816993143803197,7052161,NC
-0.1131776867269317,7052162,NC
-0.09818561238892608,7052163,NC
-0.1081937084093093,7052164,NC
-0.11820197477305944,7052165,NC
-0.12321041146483862,7052166,NC
-0.1182190184689928,7052167,NC
-0.10322779576955202,7052168,NC
-0.10323674335023028,7052169,NC
-0.11324586119442565,7052170,NC
-0.12325514928522033,7052171,NC
-0.13326460760538056,7052172,NC
-0.13327423613735676,7052173,NC
-0.13328403486328352,7052174,NC
-0.10829400376497966,7052175,NC
-0.11330414282394821,7052176,NC
-0.11831445202137654,7052177,NC
-0.13332493133813628,7052178,NC
-0.1333355807547834,7052179,NC
-0.1283464002515583,7052180,NC
-0.12335738980838575,7052181,NC
-0.11836854940487505,7052182,NC
-0.11837987902031996,7052183,NC
-0.14339137863369875,7052184,NC
-0.13840304822367433,7052185,NC
-0.13341488776859411,7052186,NC
-0.11342689724649024,7052187,NC
-0.11343907663507964,7052188,NC
-0.10345142591176382,7052189,NC
-0.13846394505362913,7052190,NC
-0.13347663403744672,7052191,NC
-0.12348949283967266,7052192,NC
-0.11850252143644786,7052193,NC
-0.09851571980359826,7052194,NC
-0.10852908791663472,7052195,NC
-0.11854262575075314,7052196,NC
-0.1285563332808346,7052197,NC
-0.11357021048144522,7052198,NC
-0.09858425732683639,7052199,NC
-0.0935984737909446,7052200,NC
-0.10361285984739177,7052201,NC
-0.10362741546948503,7052202,NC
-0.11364214063021692,7052203,NC
-0.09365703530226549,7052204,NC
-0.08367209945799413,7052205,NC
-0.05368733306945184,7052206,NC
-0.0737027361083732,7052207,NC
-0.0637183085461784,7052208,NC
-0.04873405035397334,7052209,NC
-0.003749961502549609,7052210,NC
0.02123395803761534,7052211,NC
0.08621770829635825,7052212,NC
0.13120128930382996,7052213,NC
0.18118470109049528,7052214,NC
0.24116794368713315,7052215,NC
0.2861510171248363,7052216,NC
0.30113392143501133,7052217,NC
0.29611665664937875,7052218,NC
0.22609922279997283,7052219,NC
0.1410816199191413,7052220,NC
0.06106384803954586,7052221,NC
0.04104590719416151,7052222,NC
0.0910277974162769,7052223,NC
0.17100951873949405,7052224,NC
0.2909910711977285,7052225,NC
0.4109724548252089,7052226,NC
0.5659536696564773,7052227,NC
0.705934715726389,7052228,NC
0.8209155930701123,7052229,NC
0.8958963017231287,7052230,NC
0.9008768417212326,7052231,L
0.8258572131005312,7052232,NC
0.7008374158974447,7052233,NC
0.5908174501487065,7052234,NC
0.5107973158913619,7052235,NC
0.4157770131627697,7052236,NC
0.29075654200060064,7052237,NC
0.17073590244283826,7052238,NC
0.01071509452777862,7052239,NC
-0.11430588170596992,7052240,NC
-0.22932702621948675,7052241,NC
-0.3143483389735389,7052242,NC
-0.39436981992858133,7052243,NC
-0.4243914690447569,7052244,NC
-0.4394132862818964,7052245,NC
-0.40943527159951865,7052246,NC
-0.3594574249568308,7052247,NC
-0.304479746312728,7052248,NC
-0.26450223562579367,7052249,NC
-0.23952489285429987,7052250,NC
-0.21954771795620673,7052251,NC
-0.19957071088916312,7052252,NC
-0.1745938716105065,7052253,NC
-0.16961720007726291,7052254,NC
-0.1796406962461472,7052255,NC
-0.19966436007356306,7052256,NC
-0.19468819151560307,7052257,NC
-0.17971219052804893,7052258,NC
-0.15973635706637113,7052259,NC
-0.14976069108572962,7052260,NC
-0.14978519254097344,7052261,NC
-0.15980986138664102,7052262,NC
-0.16483469757696018,7052263,NC
-0.14985970106584817,7052264,NC
-0.13488487180691197,7052265,NC
-0.1299102097534481,7052266,NC
-0.12493571485844292,7052267,NC
-0.14496138707457257,7052268,NC
-0.13498722635420318,7052269,NC
-0.13001323264939085,7052270,NC
-0.11503940591188178,7052271,NC
-0.12006574609311245,7052272,NC
-0.11009225314420956,7052273,NC
-0.11511892701599015,7052274,NC
-0.11514576765896185,7052275,NC
-0.10017277502332278,7052276,NC
-0.08019994905896169,7052277,NC
-0.08522728971545807,7052278,NC
-0.08025479694208239,7052279,NC
-0.08528247068779583,7052280,NC
-0.08031031090125085,7052281,NC
-0.0553383175307908,7052282,NC
-0.020366490524450415,7052283,NC
-0.03539482982995566,7052284,NC
-0.03542333539472396,7052285,NC
-0.03545200716586423,7052286,NC
-0.035480845090177016,7052287,NC
-0.015509849114154525,7052288,NC
0.009460980816019163,7052289,NC
0.024431644754468115,7052290,NC
0.029402142755624375,7052291,NC
0.024372474874227848,7052292,NC
0.02934264116532627,7052293,NC
0.05431264168427502,7052294,NC
0.08928247648673712,7052295,NC
0.09425214562868303,7052296,NC
0.10422164916639058,7052297,NC
0.1141909871564449,7052298,NC
0.1191601596557383,7052299,NC
0.1391291667214701,7052300,NC
0.18409800841114662,7052301,NC
0.19906668478258102,7052302,NC
0.19903519589389318,7052303,NC
0.19900354180350968,7052304,NC
0.2139717225701635,7052305,NC
0.2289397382528942,7052306,NC
0.2639075889110475,7052307,NC
0.2788752746042754,7052308,NC
0.28384279539253604,7052309,NC
0.2788101513360933,7052310,NC
0.29877734249551724,7052311,NC
0.3087443689316835,7052312,NC
0.32871123070577324,7052313,NC
0.32867792787927347,7052314,NC
0.31864446051397627,7052315,NC
0.2936108286719792,7052316,NC
0.27857703241568504,7052317,NC
0.2635430718078015,7052318,NC
0.25350894691134135,7052319,NC
0.23847465778962207,7052320,NC
0.203440204506266,7052321,NC
0.15340558712519994,7052322,NC
0.14337080571065527,7052323,NC
0.1183358603271677,7052324,NC
0.10830075103957713,7052325,NC
0.09826547791302766,7052326,NC
0.0682300410129673,7052327,NC
0.033194440405148025,7052328,NC
0.008158676155625488,7052329,NC
0.008122748330759003,7052330,NC
0.013086656997211413,7052331,NC
-0.0019495977780510931,7052332,NC
-0.011986015927759039,7052333,NC
-0.037022597384339787,7052334,NC
-0.05705934207991778,7052335,NC
-0.03709624994631448,7052336,NC
-0.037133320915048645,7052337,NC
-0.052170554917336395,7052338,NC
-0.05720795188409129,7052339,NC
-0.07224551174592465,7052340,NC
-0.09228323443314539,7052341,NC
-0.08232111987576043,7052342,NC
-0.0673591680034746,7052343,NC
-0.072397378745691,7052344,NC
-0.08243575203151086,7052345,NC
-0.09247428778973393,7052346,NC
-0.08251298594885847,7052347,NC
-0.08255184643708136,7052348,NC
-0.07259086918229833,7052349,NC
-0.06763005411210406,7052350,NC
-0.08766940115379225,7052351,NC
-0.09770891023435588,7052352,NC
-0.0927485812804872,7052353,NC
-0.082788414218578,7052354,NC
-0.07782840897471961,7052355,NC
-0.06786856547470317,7052356,NC
-0.07790888364401974,7052357,NC
-0.09794936340786031,7052358,NC
-0.0879900046911161,7052359,NC
-0.0830308074183787,7052360,NC
-0.07807177151393999,7052361,NC
-0.08311289690179254,7052362,NC
-0.08315418350562964,7052363,NC
-0.09819563124884544,7052364,NC
-0.0982372400545351,7052365,NC
-0.08827900984549494,7052366,NC
-0.07832094054422259,7052367,NC
-0.07336303207291704,7052368,NC
-0.08340528435347899,7052369,NC
-0.09844769730751077,7052370,NC
-0.09849027085631666,7052371,NC
-0.0835330049209029,7052372,NC
-0.08357589942197796,7052373,NC
-0.07361895427995253,7052374,NC
-0.08866216941493989,7052375,NC
-0.10370554474675583,7052376,NC
-0.10374908019491896,7052377,NC
-0.09379277567865074,7052378,NC
-0.08883663111687576,7052379,NC
-0.08388064642822181,7052380,NC
-0.08392482153101995,7052381,NC
-0.09396915634330484,7052382,NC
-0.11901365078281483,7052383,NC
-0.10905830476699199,7052384,NC
-0.09410311821298244,7052385,NC
-0.09414809103763638,7052386,NC
-0.10919322315750833,7052387,NC
-0.11923851448885718,7052388,NC
-0.1342839649476465,7052389,NC
-0.12932957444954452,7052390,NC
-0.11437534290992439,7052391,NC
-0.11442127024386434,7052392,NC
-0.11446735636614781,7052393,NC
-0.1295136011912636,7052394,NC
-0.1395600046334061,7052395,NC
-0.13460656660647527,7052396,NC
-0.11965328702407703,7052397,NC
-0.1147001657995233,7052398,NC
-0.13974720284583214,7052399,NC
-0.1397943980757279,7052400,NC
-0.14984175140164152,7052401,NC
-0.14488926273571062,7052402,NC
-0.12993693198977946,7052403,NC
-0.1349847590753995,7052404,NC
-0.1400327439038292,7052405,NC
-0.1500808863860344,7052406,NC
-0.1501291864326884,7052407,NC
-0.14517764395417224,7052408,NC
-0.12522625886057454,7052409,NC
-0.13027503106169208,7052410,NC
-0.13032396046702982,7052411,NC
-0.15537304698580087,7052412,NC
-0.15042229052692696,7052413,NC
-0.1454716909990384,7052414,NC
-0.13052124831047435,7052415,NC
-0.13557096236928293,7052416,NC
-0.15062083308322144,7052417,NC
-0.16067086035975653,7052418,NC
-0.16572104410606436,7052419,NC
-0.14577138422903071,7052420,NC
-0.13582188063525122,7052421,NC
-0.1358725332310316,7052422,NC
-0.13092334192238775,7052423,NC
-0.15097430661504585,7052424,NC
-0.1610254272144428,7052425,NC
-0.141076703625726,7052426,NC
-0.1211281357537539,7052427,NC
-0.11617972350309605,7052428,NC
-0.11123146677803307,7052429,NC
-0.11628336548255722,7052430,NC
-0.1163354195203722,7052431,NC
-0.10138762879489356,7052432,NC
-0.09643999320924886,7052433,NC
-0.08649251266627776,7052434,NC
-0.0865451870685322,7052435,NC
-0.09659801631827668,7052436,NC
-0.09665100031748838,7052437,NC
-0.08170413896785736,7052438,NC
-0.06675743217078667,7052439,NC
-0.05681087982739268,7052440,NC
-0.061864481838505056,7052441,NC
-0.07191823810466723,7052442,NC
-0.09197214852613628,7052443,NC
-0.08702621300288331,7052444,NC
-0.07208043143459356,7052445,NC
-0.07713480372066664,7052446,NC
-0.09218932976021664,7052447,NC
-0.10724400945207246,7052448,NC
-0.1322988426947778,7052449,NC
-0.11735382938659149,7052450,NC
-0.11740896942548766,7052451,NC
-0.10746426270915588,7052452,NC
-0.12751970913500138,7052453,NC
-0.15257530860014532,7052454,NC
-0.15763106100142477,7052455,NC
-0.15268696623539313,7052456,NC
-0.13774302419832019,7052457,NC
-0.14279923478619233,7052458,NC
-0.15285559789471273,7052459,NC
-0.16791211341930173,7052460,NC
-0.1779687812550967,7052461,NC
-0.17302560129695238,7052462,NC
-0.16308257343944121,7052463,NC
-0.17313969757685346,7052464,NC
-0.1831969736031972,7052465,NC
-0.2032544014121987,7052466,NC
-0.2183119808973028,7052467,NC
-0.2183697119516727,7052468,NC
-0.1934275944681905,7052469,NC
-0.18348562833945714,7052470,NC
-0.1935438134577928,7052471,NC
-0.2186021497152371,7052472,NC
-0.2186606370035491,7052473,NC
-0.2187192752142077,7052474,NC
-0.20877806423841172,7052475,NC
-0.19883700396708026,7052476,NC
-0.2188960942908526,7052477,NC
-0.22395533510008875,7052478,NC
-0.22401472628486951,7052479,NC
-0.22407426773499656,7052480,NC
-0.2091339593399928,7052481,NC
-0.2091938009891026,7052482,NC
-0.20925379257129184,7052483,NC
-0.21931393397524823,7052484,NC
-0.21937422508938148,7052485,NC
-0.21443466580182358,7052486,NC
-0.2094952560004289,7052487,NC
-0.19955599557277443,7052488,NC
-0.2046168844061599,7052489,NC
-0.21967792238760842,7052490,NC
-0.21973910940386598,7052491,NC
-0.22980044534140232,7052492,NC
-0.20486193008641063,7052493,NC
-0.20492356352480823,7052494,NC
-0.2249853455422364,7052495,NC
-0.23004727602406072,7052496,NC
-0.22510935485537137,7052497,NC
-0.2151715819209832,7052498,NC
-0.2002339571054362,7052499,NC
-0.2052964802929952,7052500,NC
-0.20535915136765076,7052501,NC
-0.22042197021311888,7052502,NC
-0.2154849367128413,7052503,NC
-0.21054805074998595,7052504,NC
-0.19561131220744699,7052505,NC
-0.19067472096784482,7052506,NC
-0.19073827691352685,7052507,NC
-0.20580197992656715,7052508,NC
-0.21086582988876712,7052509,NC
-0.19592982668165532,7052510,NC
-0.17099397018648788,7052511,NC
-0.14105826028424884,7052512,NC
-0.12612269685565014,7052513,NC
-0.12118727978113204,7052514,NC
-0.10625200894086308,7052515,NC
-0.05131688421474061,7052516,NC
0.013618094517609175,7052517,NC
0.09855292737683098,7052518,NC
0.14348761448384012,7052519,NC
0.16342215595982246,7052520,NC
0.1683565519262339,7052521,NC
0.1782908025048005,7052522,NC
0.14322490781751804,7052523,NC
0.08315886798665173,7052524,NC
0.0030926831347362627,7052525,NC
-0.0619736466154248,7052526,NC
-0.07204012114075876,7052527,NC
-0.022106740317924645,7052528,NC
0.08782649597668724,7052529,NC
0.2177595878669546,7052530,NC
0.33269253547702304,7052531,NC
0.4676253389313059,7052532,NC
0.5775579983544842,7052533,NC
0.6724905138715057,7052534,NC
0.752422885607586,7052535,NC
0.7673551136882064,7052536,L
0.6672871982391158,7052537,NC
0.5472191393863287,7052538,NC
0.42215093725612596,7052539,NC
0.33708259197505436,7052540,NC
0.262014103669926,7052541,NC
0.1719454724678187,7052542,NC
0.041876698496075115,7052543,NC
-0.08819221811769692,7052544,NC
-0.2082612772456251,7052545,NC
-0.32333047875957266,7052546,NC
-0.4133998225311385,7052547,NC
-0.4534693084316578,7052548,NC
-0.4935389363322017,7052549,NC
-0.5236087061035783,7052550,NC
-0.5136786176163322,7052551,NC
-0.46374867074074494,7052552,NC
-0.42881886534683533,7052553,NC
-0.3738892013043599,7052554,NC
-0.34895967848281256,7052555,NC
-0.3190302967514256,7052556,NC
-0.294101055979169,7052557,NC
-0.2691719560347517,7052558,NC
-0.25424299678662104,7052559,NC
-0.24931417810296347,7052560,NC
-0.2543854998517044,7052561,NC
-0.2694569619005089,7052562,NC
-0.2695285641167816,7052563,NC
-0.2696003063676672,7052564,NC
-0.2396721885200504,7052565,NC
-0.23974421044055627,7052566,NC
-0.24481637199555079,7052567,NC
-0.24488867305114065,7052568,NC
-0.2499611134731738,7052569,NC
-0.2350336931272395,7052570,NC
-0.2201064118786688,7052571,NC
-0.2251792695925346,7052572,NC
-0.21525226613365195,7052573,NC
-0.22032540136657827,7052574,NC
-0.22039867515561376,7052575,NC
-0.21047208736480144,7052576,NC
-0.1855456378579275,7052577,NC
-0.1806193264985216,7052578,NC
-0.19569315314985702,7052579,NC
-0.20576711767495098,7052580,NC
-0.21084121993656485,7052581,NC
-0.19591545979720462,7052582,NC
-0.17098983711912064,7052583,NC
-0.1660643517643085,7052584,NC
-0.16613900359450884,7052585,NC
-0.17121379247120783,7052586,NC
-0.1612887182556373,7052587,NC
-0.15636378080877505,7052588,NC
-0.14143897999134514,7052589,NC
-0.12151431566381816,7052590,NC
-0.12158978768641136,7052591,NC
-0.12666539591908907,7052592,NC
-0.1167411402215628,7052593,NC
-0.10181702045329172,7052594,NC
-0.07189303647348262,7052595,NC
-0.061969188141090564,7052596,NC
-0.06704547531481864,7052597,NC
-0.06712189785311877,7052598,NC
-0.052198455614191536,7052599,NC
-0.037275148455986715,7052600,NC
-0.007351976236203428,7052601,NC
-0.007428938812290398,7052602,NC
-0.0025060360414462662,7052603,NC
0.0024167322193801855,7052604,NC
0.012339366113489778,7052605,NC
0.037261865784432566,7052606,NC
0.06218423137600775,7052607,NC
0.07710646303226326,7052608,NC
0.08202856089749547,7052609,NC
0.0769505251162492,7052610,NC
0.07687235583331697,7052611,NC
0.10679405319373929,7052612,NC
0.13171561734280385,7052613,NC
0.14163704842604574,7052614,NC
0.14655834658924677,7052615,NC
0.13647951197843547,7052616,NC
0.14640054473988667,7052617,NC
0.16632144502012142,7052618,NC
0.1862422129659064,7052619,NC
0.21116284872425395,7052620,NC
0.21108335244242163,7052621,NC
0.21100372426791203,7052622,NC
0.20592396434847243,7052623,NC
0.23084407283209457,7052624,NC
0.2657640498670144,7052625,NC
0.27068389560171174,7052626,NC
0.26560361018491,7052627,NC
0.23052319376557595,7052628,NC
0.2104426464929195,7052629,NC
0.21536196851639325,7052630,NC
0.23028115998569243,7052631,NC
0.21020022105075437,7052632,NC
0.1701191518617585,7052633,NC
0.1250379525691258,7052634,NC
0.1099566233235188,7052635,NC
0.099875164275841,7052636,NC
0.08979357557723688,7052637,NC
0.07471185737909139,7052638,NC
0.04463000983302976,7052639,NC
0.014548033090917338,7052640,NC
-0.020534072695140987,7052641,NC
-0.030616307372800716,7052642,NC
-0.02569867078947838,7052643,NC
-0.045781162792351435,7052644,NC
-0.06086378322835888,7052645,NC
-0.0959465319442014,7052646,NC
-0.11102940878634163,7052647,NC
-0.11111241360100449,7052648,NC
-0.11619554623417745,7052649,NC
-0.11127880653161082,7052650,NC
-0.12136219433881802,7052651,NC
-0.14644570950107585,7052652,NC
-0.15652935186342493,7052653,NC
-0.15161312127066967,7052654,NC
-0.14169701756737896,7052655,NC
-0.14178104059788607,7052656,NC
-0.15686519020628928,7052657,NC
-0.17194946623645188,7052658,NC
-0.18203386853200265,7052659,NC
-0.17211839693633607,7052660,NC
-0.1572030512926127,7052661,NC
-0.1672878314437592,7052662,NC
-0.1673727372324691,7052663,NC
-0.18745776850120266,7052664,NC
-0.17754292509218722,7052665,NC
-0.18762820684741782,7052666,NC
-0.1627136136086571,7052667,NC
-0.16279914521743583,7052668,NC
-0.16288480151505302,7052669,NC
-0.18297058234257643,7052670,NC
-0.18805648754084275,7052671,NC
-0.1781425169504579,7052672,NC
-0.15822867041179733,7052673,NC
-0.16331494776500627,7052674,NC
-0.17340134885000005,7052675,NC
-0.1934878735064646,7052676,NC
-0.19857452157385636,7052677,NC
-0.18366129289140287,7052678,NC
-0.17374818729810299,7052679,NC
-0.1638352046327272,7052680,NC
-0.16392234473381784,7052681,NC
-0.18400960743968953,7052682,NC
-0.19409699258842933,7052683,NC
-0.1791845000178972,7052684,NC
-0.16927212956572613,7052685,NC
-0.1843598810693226,7052686,NC
-0.1894477543658667,7052687,NC
-0.1945357492923126,7052688,NC
-0.1996238656853888,7052689,NC
-0.18971210338159847,7052690,NC
-0.16480046221721956,7052691,NC
-0.15988894202830545,7052692,NC
-0.17497754265068474,7052693,NC
-0.19506626391996232,7052694,NC
-0.19515510567151875,7052695,NC
-0.18524406774051144,7052696,NC
-0.1703331499618742,7052697,NC
-0.1804223521703183,7052698,NC
-0.190511674200332,7052699,NC
-0.20560111588618143,7052700,NC
-0.2056906770619107,7052701,NC
-0.2057803575613421,7052702,NC
-0.19087015721807665,7052703,NC
-0.20096007586549425,7052704,NC
-0.19105011333675392,7052705,NC
-0.21614026946479437,7052706,NC
-0.21623054408233397,7052707,NC
-0.21632093702187133,7052708,NC
-0.19141144811568556,7052709,NC
-0.1915020771958364,7052710,NC
-0.1915928240941649,7052711,NC
-0.2066836886422932,7052712,NC
-0.2217746706716254,7052713,NC
-0.21686577001334756,7052714,NC
-0.1969569864984279,7052715,NC
-0.19204831995761754,7052716,NC
-0.20213977022145038,7052717,NC
-0.22223133712024362,7052718,NC
-0.2223230204840982,7052719,NC
-0.20741482014289875,7052720,NC
-0.20250673592631419,7052721,NC
-0.20759876766379803,7052722,NC
-0.2076909151845886,7052723,NC
-0.22278317831770936,7052724,NC
-0.24287555689196932,7052725,NC
-0.2279680507359633,7052726,NC
-0.2230606596780721,7052727,NC
-0.2281533835464632,7052728,NC
-0.22824622216909057,7052729,NC
-0.24333917537369548,7052730,NC
-0.24843224298780647,7052731,NC
-0.2385254248387398,7052732,NC
-0.23361872075359985,7052733,NC
-0.2287121305592793,7052734,NC
-0.23880565408245952,7052735,NC
-0.2388992911496109,7052736,NC
-0.24399304158699306,7052737,NC
-0.2290869052206554,7052738,NC
-0.21418088187643725,7052739,NC
-0.2092749713799681,7052740,NC
-0.2093691735566683,7052741,NC
-0.21446348823174885,7052742,NC
-0.20955791523021233,7052743,NC
-0.20465245437685262,7052744,NC
-0.18974710549625567,7052745,NC
-0.18984186841279965,7052746,NC
-0.18993674295065527,7052747,NC
-0.20003172893378618,7052748,NC
-0.20512682618594913,7052749,NC
-0.1852220345306945,7052750,NC
-0.1653173537913666,7052751,NC
-0.16541278379110383,7052752,NC
-0.16050832435283913,7052753,NC
-0.17560397529930039,7052754,NC
-0.18069973645301057,7052755,NC
-0.17079560763628823,7052756,NC
-0.1708915886712477,7052757,NC
-0.16598767937979958,7052758,NC
-0.17108387958365084,7052759,NC
-0.20118018910430543,7052760,NC
-0.20127660776306433,7052761,NC
-0.20637313538102617,7052762,NC
-0.20646977177908726,7052763,NC
-0.21156651677794217,7052764,NC
-0.2216633701980839,7052765,NC
-0.25176033185980434,7052766,NC
-0.26685740158319454,7052767,NC
-0.246954579188145,7052768,NC
-0.23705186449434604,7052769,NC
-0.2421492573212882,7052770,NC
-0.2472467574882625,7052771,NC
-0.26734436481436075,7052772,NC
-0.272442079118476,7052773,NC
-0.2675399002193028,7052774,NC
-0.26263782793533746,7052775,NC
-0.2627358620848785,7052776,NC
-0.27283400248602707,7052777,NC
-0.29293224895668696,7052778,NC
-0.2930306013145654,7052779,NC
-0.29812905937717293,7052780,NC
-0.28822762296182414,7052781,NC
-0.27332629188563773,7052782,NC
-0.2784250659655369,7052783,NC
-0.28852394501824974,7052784,NC
-0.3036229288603098,7052785,NC
-0.2937220173080559,7052786,NC
-0.2988212101776329,7052787,NC
-0.283920507284992,7052788,NC
-0.29401990844589065,7052789,NC
-0.3141194134758938,7052790,NC
-0.30421902219037295,7052791,NC
-0.29931873440450796,7052792,NC
-0.29441854993328603,7052793,NC
-0.29951846859150316,7052794,NC
-0.31461849019376364,7052795,NC
-0.30471861455448096,7052796,NC
-0.31481884148787775,7052797,NC
-0.30991917080798653,7052798,NC
-0.29501960232864965,7052799,NC
-0.2951201358635201,7052800,NC
-0.3152207712260613,7052801,NC
-0.3453215082295479,7052802,NC
-0.33542234668706583,7052803,NC
-0.3255232864115129,7052804,NC
-0.29562432721559906,7052805,NC
-0.2957254689118464,7052806,NC
-0.3108267113125904,7052807,NC
-0.33092805422997895,7052808,NC
-0.33602949747597405,7052809,NC
-0.31613104086235116,7052810,NC
-0.31123268420070016,7052811,NC
-0.31633442730242534,7052812,NC
-0.321436269978746,7052813,NC
-0.3415382120406965,7052814,NC
-0.32664025329912705,7052815,NC
-0.3217423935647035,7052816,NC
-0.30184463264790823,7052817,NC
-0.30194697035904017,7052818,NC
-0.3220494065082154,7052819,NC
-0.3271519409053671,7052820,NC
-0.3422545733602462,7052821,NC
-0.31735730368242193,7052822,NC
-0.3124601316812816,7052823,NC
-0.29256305716603165,7052824,NC
-0.2876660799456973,7052825,NC
-0.2927691998291234,7052826,NC
-0.2878724166249747,7052827,NC
-0.2579757301417359,7052828,NC
-0.21307914018771246,7052829,NC
-0.17818264657103067,7052830,NC
-0.113286249099638,7052831,NC
-0.07338994758130356,7052832,NC
0.0015062581763814961,7052833,NC
0.046402368366003796,7052834,NC
0.08629838318032723,7052835,NC
0.0961943028122927,7052836,NC
0.07609012745501766,7052837,NC
0.010985857301795923,7052838,NC
-0.074118507453903,7052839,NC
-0.16922296661843383,7052840,NC
-0.20932751999797633,7052841,NC
-0.20943216739853526,7052842,NC
-0.12453690862594116,7052843,NC
-0.014641743485850206,7052844,NC
0.1302533282162549,7052845,NC
0.27514830667506507,7052846,NC
0.420043192085444,7052847,NC
0.5199379846424282,7052848,NC
0.5698326845412265,7052849,NC
0.5647272919772193,7052850,L
0.5096218071459591,7052851,NC
0.414516230243169,7052852,NC
0.3044105614647436,7052853,NC
0.19430480100674744,7052854,NC
0.0641989490654154,7052855,NC
-0.05090699416284801,7052856,NC
-0.17101302848146868,7052857,NC
-0.28611915369370383,7052858,NC
-0.37622536960264163,7052859,NC
-0.4413316760112023,7052860,NC
-0.501438072722138,7052861,NC
-0.5465445595380334,7052862,NC
-0.5716511362613058,7052863,NC
-0.581757802694206,7052864,NC
-0.5368645586388179,7052865,NC
-0.5169714038970598,7052866,NC
-0.492078338270684,7052867,NC
-0.4871853615612774,7052868,NC
-0.4522924735702621,7052869,NC
-0.40239967409889554,7052870,NC
-0.3725069629482708,7052871,NC
-0.3776143399193173,7052872,NC
-0.3927218048128007,7052873,NC
-0.39282935742932373,7052874,NC
-0.39293699756932626,7052875,NC
-0.3880447250330856,7052876,NC
-0.3581525396207175,7052877,NC
-0.36326044113217554,7052878,NC
-0.3783684293672523,7052879,NC
-0.3784765041255793,7052880,NC
-0.38358466520662776,7052881,NC
-0.3736929124097085,7052882,NC
-0.33880124553397256,7052883,NC
-0.3339096643784117,7052884,NC
-0.3540181687418585,7052885,NC
-0.3691267584229868,7052886,NC
-0.37423543322031244,7052887,NC
-0.34934419293219304,7052888,NC
-0.32945303735682874,7052889,NC
-0.32956196629226253,7052890,NC
-0.35967097953638055,7052891,NC
-0.3647800768869125,7052892,NC
-0.3498892581414322,7052893,NC
-0.3399985230973575,7052894,NC
-0.33010787155195115,7052895,NC
-0.3202173033023209,7052896,NC
-0.32032681814541997,7052897,NC
-0.33543641587804746,7052898,NC
-0.32054609629684844,7052899,NC
-0.30065585919831483,7052900,NC
-0.28076570437878545,7052901,NC
-0.27587563163444634,7052902,NC
-0.2609856407613313,7052903,NC
-0.2710957315553223,7052904,NC
-0.27120590381214965,7052905,NC
-0.24131615732739256,7052906,NC
-0.23142649189647965,7052907,NC
-0.21153690731468874,7052908,NC
-0.2166474033771481,7052909,NC
-0.21175797987883593,7052910,NC
-0.20186863661458163,7052911,NC
-0.17197937337906527,7052912,NC
-0.15209018996681886,7052913,NC
-0.13220108617222587,7052914,NC
-0.11731206178952251,7052915,NC
-0.1124231166127972,7052916,NC
-0.0975342504359917,7052917,NC
-0.07264546305290101,7052918,NC
-0.06775675425717405,7052919,NC
-0.04286812384231392,7052920,NC
-0.03797957160167812,7052921,NC
-0.028091097328479378,7052922,NC
-0.028202700815785457,7052923,NC
0.0016856181434798737,7052924,NC
0.011573859756537033,7052925,NC
0.03146202423074963,7052926,NC
0.036350111773624766,7052927,NC
0.036238122592811915,7052928,NC
0.046126056896103246,7052929,NC
0.06101391489143261,7052930,NC
0.08590169678687566,7052931,NC
0.10078940279064916,7052932,NC
0.10567703311111071,7052933,NC
0.09556458795675826,7052934,NC
0.09545206753622995,7052935,NC
0.11533947205830342,7052936,NC
0.13022680173189566,7052937,NC
0.13511405676606258,7052938,NC
0.13000123736999844,7052939,NC
0.1098883437530358,7052940,NC
0.09477537612464468,7052941,NC
0.07966233469443272,7052942,NC
0.0695492196721442,7052943,NC
0.044436031267660214,7052944,NC
0.009322769690997781,7052945,NC
-0.0007905648476901062,7052946,NC
-0.035903972138115206,7052947,NC
-0.056017451969854255,7052948,NC
-0.07113100413234938,7052949,NC
-0.10124462841490853,7052950,NC
-0.13635832460670577,7052951,NC
-0.15647209249678187,7052952,NC
-0.18658593187404443,7052953,NC
-0.18169984252726845,7052954,NC
-0.1968138242450967,7052955,NC
-0.19692787681604015,7052956,NC
-0.21704200002847815,7052957,NC
-0.23215619367065915,7052958,NC
-0.2422704575307007,7052959,NC
-0.23738479139659036,7052960,NC
-0.22749919505618552,7052961,NC
-0.22761366829721424,7052962,NC
-0.2527282109072754,7052963,NC
-0.2628428226738392,7052964,NC
-0.2779575033842475,7052965,NC
-0.2680722528257143,7052966,NC
-0.2631870707853259,7052967,NC
-0.2583019570500417,7052968,NC
-0.2634169114066942,7052969,NC
-0.2885319336419897,7052970,NC
-0.29364702354250827,7052971,NC
-0.2787621808947048,7052972,NC
-0.2738774054849088,7052973,NC
-0.26899269709932494,7052974,NC
-0.2641080555240338,7052975,NC
-0.26922348054499184,7052976,NC
-0.274338971948032,7052977,NC
-0.27445452951886384,7052978,NC
-0.25957015304307446,7052979,NC
-0.24968584230612845,7052980,NC
-0.2548015970933684,7052981,NC
-0.2699174171900154,7052982,NC
-0.2700333023811692,7052983,NC
-0.26014925245180887,7052984,NC
-0.24026526718679328,7052985,NC
-0.240381346370861,7052986,NC
-0.2504974897886311,7052987,NC
-0.2606136972246037,7052988,NC
-0.2607299684631599,7052989,NC
-0.2558463032885624,7052990,NC
-0.24596270148495608,7052991,NC
-0.23107916283636812,7052992,NC
-0.2511956871267084,7052993,NC
-0.25631227413977054,7052994,NC
-0.2664289236592311,7052995,NC
-0.2365456354686511,7052996,NC
-0.2216624093514758,7052997,NC
-0.22177924509103533,7052998,NC
-0.2418961424705451,7052999,NC
-0.25201310127310605,7053000,NC
-0.24713012128170536,7053001,NC
-0.2372472022792163,7053002,NC
-0.22236434404839922,7053003,NC
-0.21748154637190173,7053004,NC
-0.222598809032259,7053005,NC
-0.24271613181189422,7053006,NC
-0.24283351449311907,7053007,NC
-0.22795095685813405,7053008,NC
-0.21806845868902908,7053009,NC
-0.21818601976778346,7053010,NC
-0.2183036398762669,7053011,NC
-0.2384213187962392,7053012,NC
-0.2285390563093514,7053013,NC
-0.2386568521971455,7053014,NC
-0.2337747062410555,7053015,NC
-0.21389261822240724,7053016,NC
-0.2140105879224192,7053017,NC
-0.22912861512220273,7053018,NC
-0.23424669960276243,7053019,NC
-0.22436484114499672,7053020,NC
-0.21448303952969802,7053021,NC
-0.19960129453755354,7053022,NC
-0.21471960594914496,7053023,NC
-0.23983797354494993,7053024,NC
-0.24495639710534117,7053025,NC
-0.22507487641058815,7053026,NC
-0.2051934112408565,7053027,NC
-0.20531200137620914,7053028,NC
-0.20543064659660604,7053029,NC
-0.2105493466819053,7053030,NC
-0.21566810141186296,7053031,NC
-0.2057869105661338,7053032,NC
-0.18090577392427154,7053033,NC
-0.16602469126572947,7053034,NC
-0.16614366236986056,7053035,NC
-0.17626268701591796,7053036,NC
-0.19638176498305585,7053037,NC
-0.18150089605032896,7053038,NC
-0.166620079996694,7053039,NC
-0.1517393166010091,7053040,NC
-0.14185860564203512,7053041,NC
-0.14697794689843519,7053042,NC
-0.14209734014877598,7053043,NC
-0.1372167851715273,7053044,NC
-0.11733628174506326,7053045,NC
-0.12745582964766206,7053046,NC
-0.1375754286575067,7053047,NC
-0.15269507855268544,7053048,NC
-0.16281477911119208,7053049,NC
-0.1729345301109264,7053050,NC
-0.17305433132969464,7053051,NC
-0.1681741825452098,7053052,NC
-0.1782940835350921,7053053,NC
-0.1934140340768695,7053054,NC
-0.20353403394797795,7053055,NC
-0.19365408292576186,7053056,NC
-0.1837741807874745,7053057,NC
-0.20389432731027865,7053058,NC
-0.2040145222712464,7053059,NC
-0.2341347654473604,7053060,NC
-0.23925505661551352,7053061,NC
-0.23937539555250975,7053062,NC
-0.21949578203506437,7053063,NC
-0.2046162158398045,7053064,NC
-0.22473669674326935,7053065,NC
-0.2548572245219109,7053066,NC
-0.259977798952094,7053067,NC
-0.2700984198100971,7053068,NC
-0.2552190868721123,7053069,NC
-0.2603397999142461,7053070,NC
-0.2754605587125198,7053071,NC
-0.29558136304286947,7053072,NC
-0.3157022126811471,7053073,NC
-0.2908231074031202,7053074,NC
-0.27094404698447294,7053075,NC
-0.2810650312008062,7053076,NC
-0.2811860598276379,7053077,NC
-0.30630713264040377,7053078,NC
-0.3164282494144573,7053079,NC
-0.29654940992507056,7053080,NC
-0.28167061394743453,7053081,NC
-0.28179186125665934,7053082,NC
-0.29191315162777487,7053083,NC
-0.3170344848357311,7053084,NC
-0.32715586065539837,7053085,NC
-0.31727727886156826,7053086,NC
-0.3073987392289534,7053087,NC
-0.29752024153218837,7053088,NC
-0.3076417855458298,7053089,NC
-0.33276337104435727,7053090,NC
-0.34288499780217285,7053091,NC
-0.3430066655936025,7053092,NC
-0.3231283741928958,7053093,NC
-0.31825012337422687,7053094,NC
-0.32337191291169404,7053095,NC
-0.3384937425793214,7053096,NC
-0.32361561215105805,7053097,NC
-0.30373752140077936,7053098,NC
-0.27885947010228695,7053099,NC
-0.27898145802930924,7053100,NC
-0.31410348495550194,7053101,NC
-0.34422555065444826,7053102,NC
-0.3543476548996597,7053103,NC
-0.34446979746457596,7053104,NC
-0.3045919781225659,7053105,NC
-0.28971419664692744,7053106,NC
-0.2948364528108885,7053107,NC
-0.30995874638760695,7053108,NC
-0.3350810771501714,7053109,NC
-0.3452034448716013,7053110,NC
-0.35532584932484784,7053111,NC
-0.3454482902827935,7053112,NC
-0.33557076751825365,7053113,NC
-0.3406932808039759,7053114,NC
-0.3408158299126412,7053115,NC
-0.32093841461686395,7053116,NC
-0.31106103468919244,7053117,NC
-0.30618368990210953,7053118,NC
-0.2913063800280326,7053119,NC
-0.2914291048393146,7053120,NC
-0.29655186410824375,7053121,NC
-0.28667465760704464,7053122,NC
-0.2767974851078781,7053123,NC
-0.22692034638284217,7053124,NC
-0.2070432412039719,7053125,NC
-0.1721661693432403,7053126,NC
-0.10728913057255847,7053127,NC
-0.01741212466377617,7053128,NC
0.06746484861131785,7053129,NC
0.14734178948099536,7053130,NC
0.20721869817358832,7053131,NC
0.2120955749174883,7053132,NC
0.21697241994114624,7053133,NC
0.18184923347307186,7053134,NC
0.12672601574183334,7053135,NC
0.061602766976056975,7053136,NC
0.011479487404426406,7053137,NC
0.02135617725568272,7053138,NC
0.07623283675862343,7053139,NC
0.1511094661421027,7053140,NC
0.2509860656350302,7053141,NC
0.3858626354663714,7053142,NC
0.4857391758651466,7053143,NC
0.5806156870604308,7053144,NC
0.6554921692813532,7053145,NC
0.7153686227570967,7053146,NC
0.7102450477168974,7053147,L
0.6451214443900449,7053148,NC
0.5249978130058804,7053149,NC
0.3848741537937978,7053150,NC
0.3147504669832425,7053151,NC
0.24962675280371088,7053152,NC
0.20450301148475053,7053153,NC
0.11937924325595889,7053154,NC
0.03425544834698379,7053155,NC
-0.06086837301247781,7053156,NC
-0.16099222059267954,7053157,NC
-0.2461160941638267,7053158,NC
-0.31123999349607606,7053159,NC
-0.3913639183595369,7053160,NC
-0.43148786852427073,7053161,NC
-0.4616118437602926,7053162,NC
-0.4717358438375706,7053163,NC
-0.4368598685260271,7053164,NC
-0.42198391759553855,7053165,NC
-0.3921079908159361,7053166,NC
-0.3972320879570063,7053167,NC
-0.4073562087884913,7053168,NC
-0.40248035308008934,7053169,NC
-0.40260452060145474,7053170,NC
-0.38272871112219925,7053171,NC
-0.3828529244118915,7053172,NC
-0.3979771602400582,7053173,NC
-0.3931014183761841,7053174,NC
-0.41322569858971253,7053175,NC
-0.38335000065004593,7053176,NC
-0.36347432432654614,7053177,NC
-0.3785986693885349,7053178,NC
-0.3937230356052944,7053179,NC
-0.4038474227460673,7053180,NC
-0.40397183058005776,7053181,NC
-0.3890962588764313,7053182,NC
-0.3792207074043156,7053183,NC
-0.3893451759328009,7053184,NC
-0.39946966423093977,7053185,NC
-0.399594172067749,7053186,NC
-0.38971869921220836,7053187,NC
-0.36984324543326225,7053188,NC
-0.36996781049981936,7053189,NC
-0.3850923941807537,7053190,NC
-0.37021699624490445,7053191,NC
-0.360341616461077,7053192,NC
-0.36046625459804266,7053193,NC
-0.36559091042454006,7053194,NC
-0.3607155837092743,7053195,NC
-0.3608402742209188,7053196,NC
-0.36096498172811436,7053197,NC
-0.37108970599947083,7053198,NC
-0.3762144468035664,7053199,NC
-0.35633920390894913,7053200,NC
-0.34146397708413645,7053201,NC
-0.3265887660976161,7053202,NC
-0.3117135707178464,7053203,NC
-0.32183839071325676,7053204,NC
-0.3169632258522481,7053205,NC
-0.30708807590319304,7053206,NC
-0.25221294063443683,7053207,NC
-0.23733781981429714,7053208,NC
-0.2524627132110652,7053209,NC
-0.26258762059300556,7053210,NC
-0.267712541728357,7053211,NC
-0.25783747638533266,7053212,NC
-0.2279624243321207,7053213,NC
-0.1930873853368845,7053214,NC
-0.17821235916776337,7053215,NC
-0.1833373455928727,7053216,NC
-0.1684623443803045,7053217,NC
-0.13358735529812796,7053218,NC
-0.10871237811438961,7053219,NC
-0.08883741259711403,7053220,NC
-0.07896245851430411,7053221,NC
-0.0840875156339415,7053222,NC
-0.0792125837239871,7053223,NC
-0.049337662552381444,7053224,NC
-0.04446275188704505,7053225,NC
-0.019587851495879174,7053226,NC
-0.0147129611467657,7053227,NC
-0.019838080607568212,7053228,NC
3.679035386825076e-05,7053229,NC
0.02491165196971608,7053230,NC
0.0647865044721653,7053231,NC
0.08966134809342269,7053232,NC
0.09453618306571152,7053233,NC
0.08441100962127113,7053234,NC
0.08928582799235649,7053235,NC
0.0991606384112377,7053236,NC
0.10903544111019971,7053237,NC
0.09891023632154171,7053238,NC
0.08378502427757681,7053239,NC
0.06865980521063159,7053240,NC
0.04353457935304564,7053241,NC
0.018409346937171174,7053242,NC
0.008284108195372529,7053243,NC
-0.011841136639974065,7053244,NC
-0.026966387336481355,7053245,NC
-0.08209164366175094,7053246,NC
-0.1022169053833741,7053247,NC
-0.1173421722689321,7053248,NC
-0.1124674440859966,7053249,NC
-0.13759272060213015,7053250,NC
-0.14271800158488648,7053251,NC
-0.1828432868018112,7053252,NC
-0.20796857602044191,7053253,NC
-0.23309386900830883,7053254,NC
-0.21821916553293524,7053255,NC
-0.1933444653618378,7053256,NC
-0.21346976826252703,7053257,NC
-0.21359507400250782,7053258,NC
-0.21372038234927968,7053259,NC
-0.22384569307033744,7053260,NC
-0.20897100593317133,7053261,NC
-0.2090963207052678,7053262,NC
-0.2142216371541096,7053263,NC
-0.2343469550471765,7053264,NC
-0.2444722741519455,7053265,NC
-0.22459759423589135,7053266,NC
-0.19472291506648706,7053267,NC
-0.18984823641120416,7053268,NC
-0.19997355803751332,7053269,NC
-0.2100988797128846,7053270,NC
-0.22522420120478803,7053271,NC
-0.21534952228069396,7053272,NC
-0.2004748427080736,7053273,NC
-0.19560016225439902,7053274,NC
-0.19072548068714446,7053275,NC
-0.20085079777378578,7053276,NC
-0.21097611328180155,7053277,NC
-0.20610142697867323,7053278,NC
-0.20622673863188562,7053279,NC
-0.18635204800892735,7053280,NC
-0.20147735487729124,7053281,NC
-0.23660265900447472,7053282,NC
-0.24672796015798043,7053283,NC
-0.21185325810531644,7053284,NC
-0.15197855261399676,7053285,NC
-0.12210384345154182,7053286,NC
-0.12222913038547886,7053287,NC
-0.12735441318334237,7053288,NC
-0.1224796916126744,7053289,NC
-0.10260496544102535,7053290,NC
-0.10273023443595386,7053291,NC
-0.10785549836502777,7053292,NC
-0.10298075699582421,7053293,NC
-0.10810601009593016,7053294,NC
-0.12323125743294289,7053295,NC
-0.13335649877447034,7053296,NC
-0.13848173388813156,7053297,NC
-0.1386069625415572,7053298,NC
-0.1437321845023898,7053299,NC
-0.15385739953828445,7053300,NC
-0.14398260741690902,7053301,NC
-0.12910780790594464,7053302,NC
-0.11923300077308625,7053303,NC
-0.1093581857860427,7053304,NC
-0.11448336271253776,7053305,NC
-0.11460853132030989,7053306,NC
-0.12973369137711313,7053307,NC
-0.10985884265071738,7053308,NC
-0.09998398490890885,7053309,NC
-0.10010911791949041,7053310,NC
-0.13023424145028217,7053311,NC
-0.13535935526912174,7053312,NC
-0.14048445914386484,7053313,NC
-0.11060955284238559,7053314,NC
-0.09073463613257701,7053315,NC
-0.1008597087823514,7053316,NC
-0.14098477055964084,7053317,NC
-0.14110982123239763,7053318,NC
-0.13623486056859446,7053319,NC
-0.1013598883362254,7053320,NC
-0.08648490430330563,7053321,NC
-0.08660990823787254,7053322,NC
-0.10673489990798558,7053323,NC
-0.1268598790817271,7053324,NC
-0.14698484552720265,7053325,NC
-0.1321097990125413,7053326,NC
-0.12223473930589626,7053327,NC
-0.11735966617544517,7053328,NC
-0.09748457938939059,7053329,NC
-0.11260947871596041,7053330,NC
-0.09273436392340831,7053331,NC
-0.057859234780014125,7053332,NC
-0.047984091054084396,7053333,NC
-0.06810893251395254,7053334,NC
-0.09323375892797978,7053335,NC
-0.11835857006455484,7053336,NC
-0.10348336569209525,7053337,NC
-0.08360814557904687,7053338,NC
-0.08373290949388518,7053339,NC
-0.0638576572051149,7053340,NC
-0.05898238848127118,7053341,NC
-0.06410710309091934,7053342,NC
-0.034231800802655935,7053343,NC
-0.009356481385108598,7053344,NC
-0.03448114460693691,7053345,NC
-0.0796057902368326,7053346,NC
-0.09473041804352007,7053347,NC
-0.08485502779575682,7053348,NC
-0.05997961926233368,7053349,NC
-0.055104192212075694,7053350,NC
-0.07022874641384196,7053351,NC
-0.08035328163652666,7053352,NC
-0.12047779764905886,7053353,NC
-0.13060229422040365,7053354,NC
-0.13572677111956177,7053355,NC
-0.13585122811557093,7053356,NC
-0.11597566497750526,7053357,NC
-0.12110008147447675,7053358,NC
-0.12622447737563475,7053359,NC
-0.14634885245016716,7053360,NC
-0.14147320646730022,7053361,NC
-0.15159753919629954,7053362,NC
-0.16172185040647002,7053363,NC
-0.1418461398671565,7053364,NC
-0.16697040734774435,7053365,NC
-0.18209465261765945,7053366,NC
-0.18721887544636917,7053367,NC
-0.17234307560338233,7053368,NC
-0.17246725285824993,7053369,NC
-0.1675914069805653,7053370,NC
-0.16271553773996494,7053371,NC
-0.20283964490612846,7053372,NC
-0.20796372824877943,7053373,NC
-0.19308778753768543,7053374,NC
-0.18321182254265894,7053375,NC
-0.16833583303355718,7053376,NC
-0.16845981878028315,7053377,NC
-0.1685837795527855,7053378,NC
-0.19370771512105947,7053379,NC
-0.19383162525514683,7053380,NC
-0.1939555097251368,7053381,NC
-0.18407936830116592,7053382,NC
-0.16420320075341904,7053383,NC
-0.17432700685212935,7053384,NC
-0.19445078636757884,7053385,NC
-0.17957453907009913,7053386,NC
-0.17969826473007122,7053387,NC
-0.17482196311792664,7053388,NC
-0.1949456340041472,7053389,NC
-0.21506927715926605,7053390,NC
-0.20519289235386745,7053391,NC
-0.20031647935858793,7053392,NC
-0.18044003794411592,7053393,NC
-0.16556356788119295,7053394,NC
-0.1506870689406134,7053395,NC
-0.1608105408932255,7053396,NC
-0.17093398350993122,7053397,NC
-0.17605739656168723,7053398,NC
-0.17118077981950477,7053399,NC
-0.1513041330544507,7053400,NC
-0.15142745603764723,7053401,NC
-0.15155074854027298,7053402,NC
-0.15667401033356304,7053403,NC
-0.15179724118880927,7053404,NC
-0.15192044087736137,7053405,NC
-0.14204360917062642,7053406,NC
-0.13216674584007013,7053407,NC
-0.14728985065721653,7053408,NC
-0.1424129233936491,7053409,NC
-0.08753596382101056,7053410,NC
-0.017658971711003793,7053411,NC
0.062218053164608184,7053412,NC
0.11209511103400124,7053413,NC
0.15697220212529037,7053414,NC
0.20184932666652863,7053415,NC
0.25172648488570726,7053416,NC
0.29160367701075474,7053417,NC
0.29648090326953697,7053418,NC
0.26635816388985617,7053419,NC
0.19623545909945114,7053420,NC
0.12611278912599622,7053421,NC
0.04099015419710123,7053422,NC
-0.014132445459688857,7053423,NC
-0.034255009616894844,7053424,NC
-0.034377538047103036,7053425,NC
0.015499969477033616,7053426,NC
0.10537751318279578,7053427,NC
0.23025509329739668,7053428,NC
0.3701327100479823,7053429,NC
0.4950103636616303,7053430,NC
0.5698880543653503,7053431,NC
0.6047657823860828,7053432,NC
0.6196435479506992,7053433,NC
0.6095213512860014,7053434,L
0.5443991926187207,7053435,NC
0.4542770721755186,7053436,NC
0.3491549901829851,7053437,NC
0.2690329468676392,7053438,NC
0.20391094245592792,7053439,NC
0.14878897717422618,7053440,NC
0.08366705124883629,7053441,NC
0.008545164905987616,7053442,NC
-0.09157668162816408,7053443,NC
-0.18169848812753667,7053444,NC
-0.2618202543661226,7053445,NC
-0.3169419801179888,7053446,NC
-0.3470636651572774,7053447,NC
-0.35218530925820607,7053448,NC
-0.3573069121950684,7053449,NC
-0.33242847374223433,7053450,NC
-0.30754999367415076,7053451,NC
-0.26767147176534173,7053452,NC
-0.22279290779040883,7053453,NC
-0.2029143015240317,7053454,NC
-0.1830356527409686,7053455,NC
-0.17815696121605654,7053456,NC
-0.1782782267242119,7053457,NC
-0.18339944904043076,7053458,NC
-0.1835206279397893,7053459,NC
-0.1736417631974444,7053460,NC
-0.1887628545886338,7053461,NC
-0.19888390188867652,7053462,NC
-0.18900490487297372,7053463,NC
-0.17412586331700844,7053464,NC
-0.1342467769963466,7053465,NC
-0.13436764568663706,7053466,NC
-0.14448846916361216,7053467,NC
-0.16460924720308823,7053468,NC
-0.16472997958096577,7053469,NC
-0.1448506660732301,7053470,NC
-0.11997130645595165,7053471,NC
-0.1250919005052864,7053472,NC
-0.13021244799747633,7053473,NC
-0.1253329487088497,7053474,NC
-0.13045340241582176,7053475,NC
-0.14557380889489477,7053476,NC
-0.12069416792265876,7053477,NC
-0.09581447927579174,7053478,NC
-0.11593474273106022,7053479,NC
-0.10605495806531953,7053480,NC
-0.11117512505551436,7053481,NC
-0.11129524347867906,7053482,NC
-0.08141531311193798,7053483,NC
-0.08653533373250626,7053484,NC
-0.0716553051176897,7053485,NC
-0.07677522704488574,7053486,NC
-0.06189509929158324,7053487,NC
-0.04201492163536363,7053488,NC
-0.022134693853900565,7053489,NC
-0.007254415724961036,7053490,NC
-0.01737408702640513,7053491,NC
-0.0324937075361871,7053492,NC
-0.022613277032355095,7053493,NC
0.0022672047069477383,7053494,NC
0.017147737903483517,7053495,NC
0.04702832277891857,7053496,NC
0.04690895955482357,7053497,NC
0.03178964845267288,7053498,NC
0.021670389693843935,7053499,NC
0.04655118349961734,7053500,NC
0.07643203009117587,7053501,NC
0.09131292968960468,7053502,NC
0.08119388251589024,7053503,NC
0.07107488879092058,7053504,NC
0.09095594873548422,7053505,NC
0.1108370625702705,7053506,NC
0.13571823051586832,7053507,NC
0.15059945279276657,7053508,NC
0.15548072962135306,7053509,NC
0.14536206122191458,7053510,NC
0.15524344781463612,7053511,NC
0.1751248896196007,7053512,NC
0.20000638685678906,7053513,NC
0.20488793974607875,7053514,NC
0.21476954850724442,7053515,NC
0.20965121335995668,7053516,NC
0.21453293452378247,7053517,NC
0.22941471221818388,7053518,NC
0.25929654666251833,7053519,NC
0.26417843807603786,7053520,NC
0.2690603866778889,7053521,NC
0.2789423926871116,7053522,NC
0.28382445632263975,7053523,NC
0.3037065778033001,7053524,NC
0.3085887573478122,7053525,NC
0.32347099517478767,7053526,NC
0.3083532915027302,7053527,NC
0.3032356465500349,7053528,NC
0.2981180605349877,7053529,NC
0.3030005336757655,7053530,NC
0.3078830661904352,7053531,NC
0.29276565829695367,7053532,NC
0.267648310213167,7053533,NC
0.24253102215681074,7053534,NC
0.2124137943455085,7053535,NC
0.17729662699677257,7053536,NC
0.17217952032800277,7053537,NC
0.15206247455648655,7053538,NC
0.1319454898993981,7053539,NC
0.10182856657379852,7053540,NC
0.07671170479663478,7053541,NC
0.06659490478473994,7053542,NC
0.05147816675483239,7053543,NC
0.04136149092351532,7053544,NC
0.016244877507276823,7053545,NC
-0.013871673277511144,7053546,NC
-0.03398816121459252,7053547,NC
-0.03410458608782815,7053548,NC
-0.0242209476811956,7053549,NC
-0.014337245778790152,7053550,NC
-0.0294534801648246,7053551,NC
-0.04456965062363025,7053552,NC
-0.054685756939656716,7053553,NC
-0.04480179889747295,7053554,NC
-0.03991777628176699,7053555,NC
-0.05003368887734701,7053556,NC
-0.07014953646914107,7053557,NC
-0.0752653188421982,7053558,NC
-0.09038103578168805,7053559,NC
-0.07549668707290207,7053560,NC
-0.06561227250125323,7053561,NC
-0.09072779185227675,7053562,NC
-0.08584324491163065,7053563,NC
-0.09595863146509566,7053564,NC
-0.09607395129857621,7053565,NC
-0.09118920419810024,7053566,NC
-0.07630438994982015,7053567,NC
-0.08141950834001267,7053568,NC
-0.08153455915507979,7053569,NC
-0.09664954218154859,7053570,NC
-0.09176445720607225,7053571,NC
-0.09187930401542978,7053572,NC
-0.0819940823965271,7053573,NC
-0.07210879213639679,7053574,NC
-0.07722343302219906,7053575,NC
-0.08233800484122161,7053576,NC
-0.08245250738088061,7053577,NC
-0.06256694042872044,7053578,NC
-0.05268130377241468,7053579,NC
-0.06279559719976605,7053580,NC
-0.0529098204987072,7053581,NC
-0.06802397345730073,7053582,NC
-0.06313805586373974,7053583,NC
-0.05825206750634844,7053584,NC
-0.048366008173582095,7053585,NC
-0.05347987765402791,7053586,NC
-0.07359367573640488,7053587,NC
-0.07870740220956479,7053588,NC
-0.07882105686249202,7053589,NC
-0.07393463948430445,7053590,NC
-0.06904814986425337,7053591,NC
-0.06416158779172434,7053592,NC
-0.06927495305623715,7053593,NC
-0.07438824544744665,7053594,NC
-0.0745014647551426,7053595,NC
-0.06961461076925068,7053596,NC
-0.05972768327983227,7053597,NC
-0.05984068207708543,7053598,NC
-0.06495360695134468,7053599,NC
-0.08006645769308202,7053600,NC
-0.08517923409290676,7053601,NC
-0.09029193594156615,7053602,NC
-0.07540456302994603,7053603,NC
-0.07551711514907056,7053604,NC
-0.08062959209010342,7053605,NC
-0.1007419936443474,7053606,NC
-0.11585431960324549,7053607,NC
-0.09096656975838067,7053608,NC
-0.08607874390147682,7053609,NC
-0.07619084182439861,7053610,NC
-0.0963028633191524,7053611,NC
-0.10641480817788607,7053612,NC
-0.10152667619288999,7053613,NC
-0.09663846715659682,7053614,NC
-0.07675018086158249,7053615,NC
-0.10186181710056595,7053616,NC
-0.10197337566641024,7053617,NC
-0.11208485635212218,7053618,NC
-0.12219625895085337,7053619,NC
-0.10730758325590013,7053620,NC
-0.09241882906070403,7053621,NC
-0.09252999615885252,7053622,NC
-0.10764108434407876,7053623,NC
-0.12775209341026267,7053624,NC
-0.12786302315143067,7053625,NC
-0.12297387336175661,7053626,NC
-0.11808464383556166,7053627,NC
-0.11819533436731527,7053628,NC
-0.11330594475163483,7053629,NC
-0.13341647478328678,7053630,NC
-0.13352692425718637,7053631,NC
-0.11863729296839862,7053632,NC
-0.11374758071213809,7053633,NC
-0.10385778728376985,7053634,NC
-0.10396791247880942,7053635,NC
-0.10407795609292325,7053636,NC
-0.10418791792192941,7053637,NC
-0.08429779776179741,7053638,NC
-0.07940759540864921,7053639,NC
-0.08451731065875895,7053640,NC
-0.08962694330855397,7053641,NC
-0.09473649315461459,7053642,NC
-0.09984595999367502,7053643,NC
-0.07495534362262321,7053644,NC
-0.06006464383850181,7053645,NC
-0.05517386043850797,7053646,NC
-0.06528299321999421,7053647,NC
-0.06539204198046836,7053648,NC
-0.07050100651759436,7053649,NC
-0.055609886629192286,7053650,NC
-0.05571868211323879,7053651,NC
-0.0558273927678678,7053652,NC
-0.08593601839137036,7053653,NC
-0.11104455878219557,7053654,NC
-0.11615301373895037,7053655,NC
-0.11126138306040051,7053656,NC
-0.10636966654547038,7053657,NC
-0.10647786399324388,7053658,NC
-0.1365859752029643,7053659,NC
-0.13669399997403522,7053660,NC
-0.16180193810602028,7053661,NC
-0.14190978939864418,7053662,NC
-0.13201755365179252,7053663,NC
-0.14212523066551258,7053664,NC
-0.15723282024001337,7053665,NC
-0.16734032217566613,7053666,NC
-0.17244773627300494,7053667,NC
-0.16755506233272652,7053668,NC
-0.14766230015569126,7053669,NC
-0.157769449542923,7053670,NC
-0.15787651029560992,7053671,NC
-0.1629834822151044,7053672,NC
-0.18809036510292393,7053673,NC
-0.20319715876075087,7053674,NC
-0.20830386299043346,7053675,NC
-0.20841047759398568,7053676,NC
-0.2135170023735879,7053677,NC
-0.213623437131587,7053678,NC
-0.2087297816704971,7053679,NC
-0.19383603579299957,7053680,NC
-0.18894219930194373,7053681,NC
-0.19404827200034674,7053682,NC
-0.20915425369139443,7053683,NC
-0.22926014417844157,7053684,NC
-0.22936594326501192,7053685,NC
-0.21947165075479919,7053686,NC
-0.21457726645166655,7053687,NC
-0.199682790159648,7053688,NC
-0.2097882216829478,7053689,NC
-0.21989356082594164,7053690,NC
-0.22499880739317618,7053691,NC
-0.23010396118937035,7053692,NC
-0.21520902201941475,7053693,NC
-0.2003139896883728,7053694,NC
-0.21041886400148058,7053695,NC
-0.22052364476414754,7053696,NC
-0.2256283317819566,7053697,NC
-0.22573292486066457,7053698,NC
-0.21083742380620282,7053699,NC
-0.20594182842467704,7053700,NC
-0.21104613852236825,7053701,NC
-0.23115035390573258,7053702,NC
-0.23125447438140212,7053703,NC
-0.2313584997561849,7053704,NC
-0.22146242983706554,7053705,NC
-0.21656626443120533,7053706,NC
-0.21667000334594289,7053707,NC
-0.23677364638879417,7053708,NC
-0.23187719336745327,7053709,NC
-0.23198064408979224,7053710,NC
-0.21708399836386205,7053711,NC
-0.22718725599789233,7053712,NC
-0.21229041680029212,7053713,NC
-0.2223934805796503,7053714,NC
-0.22249644714473543,7053715,NC
-0.19759931630449684,7053716,NC
-0.18270208786806424,7053717,NC
-0.17280476164474873,7053718,NC
-0.16790733744404257,7053719,NC
-0.15800981507562006,7053720,NC
-0.13311219434933744,7053721,NC
-0.09321447507523363,7053722,NC
-0.0533166570635302,7053723,NC
0.006581259875367798,7053724,NC
0.0464792759308721,7053725,NC
0.09637739129221017,7053726,NC
0.1512756061484255,7053727,NC
0.1961739206883769,7053728,NC
0.2110723351007381,7053729,NC
0.20097084957399772,7053730,NC
0.15086946429645845,7053731,NC
0.07076817945623733,7053732,NC
-0.029333004758735355,7053733,NC
-0.10443408816071567,7053734,NC
-0.11953507056214704,7053735,NC
-0.07963595177565999,7053736,NC
0.00026326838592690555,7053737,NC
0.09516259010960723,7053738,NC
0.20506201358218593,7053739,NC
0.35496153899027927,7053740,NC
0.46986116652031434,7053741,NC
0.5597608963585287,7053742,NC
0.6296607286909703,7053743,NC
0.6845606637034966,7053744,NC
0.6794607015817746,7053745,L
0.6193608425112808,7053746,NC
0.5192610866773,7053747,NC
0.4341614342649257,7053748,NC
0.3390618854590596,7053749,NC
0.2639624404444108,7053750,NC
0.1738630994054963,7053751,NC
0.07876386252663972,7053752,NC
0.008664729991971785,7053753,NC
-0.0764342980145707,7053754,NC
-0.18653322130924457,7053755,NC
-0.3016320397085013,7053756,NC
-0.37173075302898656,7053757,NC
-0.39682936108754147,7053758,NC
-0.40692786370120204,7053759,NC
-0.39702626068720026,7053760,NC
-0.3871245518629639,7053761,NC
-0.37222273704611697,7053762,NC
-0.35232081605448057,7053763,NC
-0.32241878870607227,7053764,NC
-0.2825166548191074,7053765,NC
-0.2676144142119988,7053766,NC
-0.2627120667033572,7053767,NC
-0.27780961211199195,7053768,NC
-0.2679070502569109,7053769,NC
-0.25800438095732103,7053770,NC
-0.24810160403262854,7053771,NC
-0.25819871930243943,7053772,NC
-0.2732957265865597,7053773,NC
-0.2783926257049958,7053774,NC
-0.2834894164779547,7053775,NC
-0.26858609872584455,7053776,NC
-0.2636826722692749,7053777,NC
-0.2637791369290567,7053778,NC
-0.2538754925262034,7053779,NC
-0.2589717388819304,7053780,NC
-0.2640678758176559,7053781,NC
-0.24416390315500136,7053782,NC
-0.23425982071579118,7053783,NC
-0.23435562832205392,7053784,NC
-0.24445132579602172,7053785,NC
-0.24954691296013137,7053786,NC
-0.24464238963702414,7053787,NC
-0.2247377556495465,7053788,NC
-0.22483301082075005,7053789,NC
-0.21992815497389223,7053790,NC
-0.21502318793243624,7053791,NC
-0.21511810952005195,7053792,NC
-0.2202129195606155,7053793,NC
-0.20530761787821028,7053794,NC
-0.19040220429712681,7053795,NC
-0.19549667864186335,7053796,NC
-0.20559104073712592,7053797,NC
-0.20568529040782912,7053798,NC
-0.22577942747909588,7053799,NC
-0.2008734517762582,7053800,NC
-0.1909673631248573,7053801,NC
-0.1810611613506438,7053802,NC
-0.17615484627957856,7053803,NC
-0.1712484177378323,7053804,NC
-0.1813418755517866,7053805,NC
-0.19143521954803366,7053806,NC
-0.171528449553377,7053807,NC
-0.15162156539483157,7053808,NC
-0.1717145668996242,7053809,NC
-0.1568074538951938,7053810,NC
-0.15190022620919189,7053811,NC
-0.13699288366948256,7053812,NC
-0.13208542610414328,7053813,NC
-0.10717785334146462,7053814,NC
-0.10227016520995122,7053815,NC
-0.10736236153832153,7053816,NC
-0.11245444215550857,7053817,NC
-0.10754640689065986,7053818,NC
-0.057638255573138196,7053819,NC
-0.042729988032521454,7053820,NC
-0.02282160409860324,7053821,NC
-0.017913103601393227,7053822,NC
-0.03800448637111719,7053823,NC
-0.0480957522382177,7053824,NC
-0.028186901033354,7053825,NC
0.006722067412597177,7053826,NC
0.011631153268541819,7053827,NC
0.016540356703167836,7053828,NC
0.011449677884945192,7053829,NC
0.026359116982125175,7053830,NC
0.031268674162740456,7053831,NC
0.04117834959460444,7053832,NC
0.0310881434453113,7053833,NC
0.02599805588223529,7053834,NC
0.050908087072530805,7053835,NC
0.08081823718313187,7053836,NC
0.09572850638075171,7053837,NC
0.09563889483188281,7053838,NC
0.08554940270279614,7053839,NC
0.07546003015954136,7053840,NC
0.08537077736794595,7053841,NC
0.0752816444936155,7053842,NC
0.0851926317019328,7053843,NC
0.06510373915805812,7053844,NC
0.035014967026928315,7053845,NC
-0.02507368452674289,7053846,NC
-0.04516221533846573,7053847,NC
-0.05025062524397429,7053848,NC
-0.07033891407922718,7053849,NC
-0.09542708168040749,7053850,NC
-0.13051512788392328,7053851,NC
-0.180603052526408,7053852,NC
-0.1906908554447204,7053853,NC
-0.1957785364759454,7053854,NC
-0.20586609545739376,7053855,NC
-0.22595353222660294,7053856,NC
-0.26104084662133703,7053857,NC
-0.2911280384795873,7053858,NC
-0.3112151076395721,7053859,NC
-0.3113020539397379,7053860,NC
-0.32138887721875875,7053861,NC
-0.3264755773155371,7053862,NC
-0.34656215406920393,7053863,NC
-0.3666486073191191,7053864,NC
-0.3817349369048717,7053865,NC
-0.3768211426662801,7053866,NC
-0.37690722444339253,7053867,NC
-0.3819931820764873,7053868,NC
-0.4070790154060731,7053869,NC
-0.442164724272889,7053870,NC
-0.4672503085179054,7053871,NC
-0.4473357679823235,7053872,NC
-0.4324211025075764,7053873,NC
-0.41750631193532883,7053874,NC
-0.43259139610747777,7053875,NC
-0.4426763548661523,7053876,NC
-0.4227611880537146,7053877,NC
-0.4178458955127595,7053878,NC
-0.4229304770861155,7053879,NC
-0.4230149326168442,7053880,NC
-0.44309926194824145,7053881,NC
-0.4581834649238371,7053882,NC
-0.4632675413873954,7053883,NC
-0.45335149118291546,7053884,NC
-0.45843531415463135,7053885,NC
-0.4585190101470126,7053886,NC
-0.473602579004764,7053887,NC
-0.4786860205728266,7053888,NC
-0.4737693346963775,7053889,NC
-0.4788525212208301,7053890,NC
-0.4489355799918349,7053891,NC
-0.4340185108552792,7053892,NC
-0.44410131365728756,7053893,NC
-0.46918398824422247,7053894,NC
-0.46426653446268396,7053895,NC
-0.45934895215951044,7053896,NC
-0.4494312411817788,7053897,NC
-0.4595134013768046,7053898,NC
-0.44959543259214246,7053899,NC
-0.4596773346755863,7053900,NC
-0.4647591074751698,7053901,NC
-0.4448407508391662,7053902,NC
-0.44492226461608925,7053903,NC
-0.4400036486546928,7053904,NC
-0.46008490280397185,7053905,NC
-0.465166026913162,7053906,NC
-0.4652470208317404,7053907,NC
-0.4503278844094255,7053908,NC
-0.4404086174961779,7053909,NC
-0.4454892199422002,7053910,NC
-0.46056969159793726,7053911,NC
-0.47565003231407676,7053912,NC
-0.47573024194154934,7053913,NC
-0.4708103203315289,7053914,NC
-0.45589026733543264,7053915,NC
-0.4509700828049218,7053916,NC
-0.46604976659190156,7053917,NC
-0.47612931854852136,7053918,NC
-0.48620873852717533,7053919,NC
-0.46128802638050265,7053920,NC
-0.44136718196138724,7053921,NC
-0.44644620512295885,7053922,NC
-0.46652509571859263,7053923,NC
-0.49160385360190995,7053924,NC
-0.4966824786267783,7053925,NC
-0.4767609706473116,7053926,NC
-0.45183932951787076,7053927,NC
-0.4419175550930635,7053928,NC
-0.44199564722774515,7053929,NC
-0.4670736057770184,7053930,NC
-0.4771514305962339,7053931,NC
-0.4622291215409904,7053932,NC
-0.4573066784671351,7053933,NC
-0.4473841012307637,7053934,NC
-0.4674613896882212,7053935,NC
-0.4875385436961014,7053936,NC
-0.48761556311124776,7053937,NC
-0.46769244779075353,7053938,NC
-0.44776919759196177,7053939,NC
-0.44284581237246595,7053940,NC
-0.44292229199011,7053941,NC
-0.4479986363029887,7053942,NC
-0.44307484516944773,7053943,NC
-0.4331509184480844,7053944,NC
-0.40322685599774727,7053945,NC
-0.40330265767753687,7053946,NC
-0.3883783233468058,7053947,NC
-0.39845385286515916,7053948,NC
-0.3985292460924545,7053949,NC
-0.3836045028888023,7053950,NC
-0.3886796231145663,7053951,NC
-0.3787546066303634,7053952,NC
-0.3888294532970644,7053953,NC
-0.393904162975794,7053954,NC
-0.3839787355279308,7053955,NC
-0.3490531708151082,7053956,NC
-0.33412746869921406,7053957,NC
-0.3192016290423913,7053958,NC
-0.3142756517070379,7053959,NC
-0.31434953655580744,7053960,NC
-0.31942328345160925,7053961,NC
-0.3044968922576084,7053962,NC
-0.2945703628372264,7053963,NC
-0.30464369505414113,7053964,NC
-0.3247168887722872,7053965,NC
-0.3297899438558563,7053966,NC
-0.3248628601692972,7053967,NC
-0.3099356375773163,7053968,NC
-0.30500827594487767,7053969,NC
-0.3250807751372032,7053970,NC
-0.3201531350197733,7053971,NC
-0.3402253554583268,7053972,NC
-0.345297436318861,7053973,NC
-0.3353693774676325,7053974,NC
-0.3304411787711571,7053975,NC
-0.3305128400962098,7053976,NC
-0.34058436130982567,7053977,NC
-0.3406557422792995,7053978,NC
-0.3657269828721864,7053979,NC
-0.36579808295630206,7053980,NC
-0.35586904239972267,7053981,NC
-0.34093986107078544,7053982,NC
-0.3610105388380887,7053983,NC
-0.3660810755704926,7053984,NC
-0.38115147113711845,7053985,NC
-0.3762217254073498,7053986,NC
-0.37629183825083234,7053987,NC
-0.3713618095374742,7053988,NC
-0.376431639137446,7053989,NC
-0.3865013269211814,7053990,NC
-0.38657087275937707,7053991,NC
-0.37664027652299326,7053992,NC
-0.3567095380832537,7053993,NC
-0.34677865731164587,7053994,NC
-0.3668476340799215,7053995,NC
-0.37691646826009667,7053996,NC
-0.3869851597244519,7053997,NC
-0.37205370834553264,7053998,NC
-0.35212211399614934,7053999,NC
-0.3571903765493775,7054000,NC
-0.3572584958785586,7054001,NC
-0.3723264718572994,7054002,NC
-0.37239430435947296,7054003,NC
-0.3674619932592184,7054004,NC
-0.3575295384309415,7054005,NC
-0.3575969397493142,7054006,NC
-0.362664197089276,7054007,NC
-0.3727313103260331,7054008,NC
-0.3727982793350594,7054009,NC
-0.3578651039920961,7054010,NC
-0.3329317841731524,7054011,NC
-0.34799831975450557,7054012,NC
-0.3580647106127012,7054013,NC
-0.38313095662455326,7054014,NC
-0.3731970576671448,7054015,NC
-0.3582630136178274,7054016,NC
-0.3383288243542223,7054017,NC
-0.3333944897542199,7054018,NC
-0.3384600096959803,7054019,NC
-0.34852538405793354,7054020,NC
-0.3635906127187798,7054021,NC
-0.3686556955574896,7054022,NC
-0.35872063245330404,7054023,NC
-0.3437854232857349,7054024,NC
-0.3588500679345651,7054025,NC
-0.35891456627984875,7054026,NC
-0.35897891820191136,7054027,NC
-0.33404312358135024,7054028,NC
-0.3291071822990345,7054029,NC
-0.3241710942361056,7054030,NC
-0.31423485927397693,7054031,NC
-0.3242984772943349,7054032,NC
-0.3193619481791383,7054033,NC
-0.28442527181061933,7054034,NC
-0.25948844807128313,7054035,NC
-0.2295514768439082,7054036,NC
-0.19461435801154706,7054037,NC
-0.16967709145752574,7054038,NC
-0.09473967706544469,7054039,NC
-0.029802114719178333,7054040,NC
0.04013559569712408,7054041,NC
0.12007345429903882,7054042,NC
0.18501146120186696,7054043,NC
0.18494961652063463,7054044,NC
0.17988792037009235,7054045,NC
0.1598263728647153,7054046,NC
0.12476497411870263,7054047,NC
0.04970372424597769,7054048,NC
-0.00035737663981266765,7054049,NC
-0.00041832842529779257,7054050,NC
0.05952086900261623,7054051,NC
0.16446021575674635,7054052,NC
0.3043997119496327,7054053,NC
0.41933935769353786,7054054,NC
0.539279153100447,7054055,NC
0.6192190982820678,7054056,NC
0.7141591933498299,7054057,NC
0.7740994384148846,7054058,NC
0.7940398335881053,7054059,NC
0.7289803789800865,7054060,L
0.6289210747011441,7054061,NC
0.5138619208613153,7054062,NC
0.4338029175703581,7054063,NC
0.3437440649377507,7054064,NC
0.25368536307269235,7054065,NC
0.15362681208410223,7054066,NC
0.03856841208061962,7054067,NC
-0.10148983682939623,7054068,NC
-0.2265479345378666,7054069,NC
-0.3316058809369931,7054070,NC
-0.41166367591925834,7054071,NC
-0.46672131937742567,7054072,NC
-0.5017788112045397,7054073,NC
-0.5168361512939263,7054074,NC
-0.511893339539193,7054075,NC
-0.471950375834229,7054076,NC
-0.4520072600732054,7054077,NC
-0.40706399215057554,7054078,NC
-0.397120571961075,7054079,NC
-0.40217699939972196,7054080,NC
-0.40223327436181716,7054081,NC
-0.3722893967429445,7054082,NC
-0.36234536643897086,7054083,NC
-0.3724011833460463,7054084,NC
-0.3774568473606046,7054085,NC
-0.39751235837936316,7054086,NC
-0.3925677162993232,7054087,NC
-0.3776229210177699,7054088,NC
-0.387677972432273,7054089,NC
-0.3677328704406864,7054090,NC
-0.3777876149411489,7054091,NC
-0.3928422058320839,7054092,NC
-0.3828966430121999,7054093,NC
-0.38295092638049066,7054094,NC
-0.3630050558362353,7054095,NC
-0.3730590312789984,7054096,NC
-0.37811285260863053,7054097,NC
-0.39316651972526806,7054098,NC
-0.36822003252933344,7054099,NC
-0.3582733909215357,7054100,NC
-0.3533265948028701,7054101,NC
-0.34337964407461863,7054102,NC
-0.3484325386383504,7054103,NC
-0.36348527839592126,7054104,NC
-0.35353786324947445,7054105,NC
-0.34859029310144063,7054106,NC
-0.33364256785453805,7054107,NC
-0.32369468741177265,7054108,NC
-0.3187466516764386,7054109,NC
-0.3287984605521179,7054110,NC
-0.33385011394268094,7054111,NC
-0.31390161175228676,7054112,NC
-0.3039529538853829,7054113,NC
-0.28900414024670584,7054114,NC
-0.2990551707412811,7054115,NC
-0.2991060452744234,7054116,NC
-0.2991567637517367,7054117,NC
-0.26920732607911485,7054118,NC
-0.23925773216274104,7054119,NC
-0.23430798190908858,7054120,NC
-0.22935807522492085,7054121,NC
-0.22940801201729147,7054122,NC
-0.2394577921935444,7054123,NC
-0.22950741566131433,7054124,NC
-0.20955688232852665,7054125,NC
-0.2046061921033976,7054126,NC
-0.19965534489443468,7054127,NC
-0.18970434061043656,7054128,NC
-0.1847531791604935,7054129,NC
-0.15480186045398717,7054130,NC
-0.13485038440059122,7054131,NC
-0.11989875091027104,7054132,NC
-0.12494695989328439,7054133,NC
-0.1349950112601811,7054134,NC
-0.12004290492180358,7054135,NC
-0.11009064078928679,7054136,NC
-0.08013821877405854,7054137,NC
-0.07018563878783947,7054138,NC
-0.08023290074264347,7054139,NC
-0.09028000455077763,7054140,NC
-0.0753269501248424,7054141,NC
-0.06037373737773199,7054142,NC
-0.01042036622263423,7054143,NC
-0.00046683657303098203,7054144,NC
0.01948685165730192,7054145,NC
0.024440698554294288,7054146,NC
0.03939470420358167,7054147,NC
0.06434886869050488,7054148,NC
0.0893031921001102,7054149,NC
0.1092576745171489,7054150,NC
0.10421231602607728,7054151,NC
0.0941671167110564,7054152,NC
0.09412207665595208,7054153,NC
0.0890771959443345,7054154,NC
0.08903247465947832,7054155,NC
0.08398791288436228,7054156,NC
0.06394351070166913,7054157,NC
0.023899268193785725,7054158,NC
-0.0011448145571976293,7054159,NC
-0.01118873746948687,7054160,NC
-0.0162325004615846,7054161,NC
-0.0362761034522901,7054162,NC
-0.07131954636069956,7054163,NC
-0.10636282910620616,7054164,NC
-0.1264059516085003,7054165,NC
-0.13644891378756963,7054166,NC
-0.11649171556369943,7054167,NC
-0.11653435685747239,7054168,NC
-0.15157683758976914,7054169,NC
-0.16661915768176816,7054170,NC
-0.18166131705494598,7054171,NC
-0.18170331563107736,7054172,NC
-0.18174515333223545,7054173,NC
-0.18178683008079177,7054174,NC
-0.20182834579941666,7054175,NC
-0.22686970041107912,7054176,NC
-0.23191089383904706,7054177,NC
-0.21695192600688762,7054178,NC
-0.20199279683846694,7054179,NC
-0.2070335062579507,7054180,NC
-0.21707405418980394,7054181,NC
-0.24211444055879142,7054182,NC
-0.25215466528997765,7054183,NC
-0.23719472830872698,7054184,NC
-0.21723462954070394,7054185,NC
-0.22227436891187324,7054186,NC
-0.2223139463484997,7054187,NC
-0.23735336177714894,7054188,NC
-0.24239261512468693,7054189,NC
-0.22743170631828047,7054190,NC
-0.19747063528539716,7054191,NC
-0.2025094019538058,7054192,NC
-0.232548006251576,7054193,NC
-0.23758644810707902,7054194,NC
-0.2376247274489872,7054195,NC
-0.22266284420627466,7054196,NC
-0.20770079830821703,7054197,NC
-0.21273858968439177,7054198,NC
-0.22277621826467842,7054199,NC
-0.2428136839792583,7054200,NC
-0.2328509867586152,7054201,NC
-0.22788812653353513,7054202,NC
-0.20292510323510649,7054203,NC
-0.19296191679472025,7054204,NC
-0.21299856714407026,7054205,NC
-0.23303505421515294,7054206,NC
-0.23307137794026794,7054207,NC
-0.22310753825201776,7054208,NC
-0.20814353508330824,7054209,NC
-0.1981793683673485,7054210,NC
-0.21321503803765118,7054211,NC
-0.2182505440280324,7054212,NC
-0.22328588627261203,7054213,NC
-0.2133210647058138,7054214,NC
-0.19335607926236537,7054215,NC
-0.20339092987729843,7054216,NC
-0.20842561648594887,7054217,NC
-0.22346013902395695,7054218,NC
-0.23349449742726724,7054219,NC
-0.23352869163212897,7054220,NC
-0.23356272157509594,7054221,NC
-0.23859658719302684,7054222,NC
-0.24863028842308516,7054223,NC
-0.24866382520273947,7054224,NC
-0.2486971974697634,7054225,NC
-0.22873040516223594,7054226,NC
-0.22376344821854133,7054227,NC
-0.22879632657736934,7054228,NC
-0.2338290401777153,7054229,NC
-0.24386158895888033,7054230,NC
-0.24389397286047126,7054231,NC
-0.23392619182240093,7054232,NC
-0.22895824578488813,7054233,NC
-0.2289901346884579,7054234,NC
-0.22902185847394146,7054235,NC
-0.2490534170824764,7054236,NC
-0.2540848104555069,7054237,NC
-0.23411603853478363,7054238,NC
-0.22414710126236398,7054239,NC
-0.23917799858061212,7054240,NC
-0.24920873043219915,7054241,NC
-0.25923929676010327,7054242,NC
-0.2692696975076096,7054243,NC
-0.24929993261831074,7054244,NC
-0.2343300020361064,7054245,NC
-0.2393599057052039,7054246,NC
-0.244389643570118,7054247,NC
-0.26941921557567106,7054248,NC
-0.2644486216669934,7054249,NC
-0.24947786178952297,7054250,NC
-0.22450693588900572,7054251,NC
-0.22953584391149567,7054252,NC
-0.23956458580335502,7054253,NC
-0.26959316151125423,7054254,NC
-0.264621570982172,7054255,NC
-0.2546498141633956,7054256,NC
-0.22967789100252078,7054257,NC
-0.21970580144745197,7054258,NC
-0.22473354544640228,7054259,NC
-0.2297611229478937,7054260,NC
-0.24478853390075705,7054261,NC
-0.23481577825413244,7054262,NC
-0.21984285595746883,7054263,NC
-0.21486976696052448,7054264,NC
-0.224896511213367,7054265,NC
-0.2249230886663733,7054266,NC
-0.21994949927022991,7054267,NC
-0.19997574297593285,7054268,NC
-0.17500181973478784,7054269,NC
-0.18002772949841034,7054270,NC
-0.17005347221872574,7054271,NC
-0.1800790478479693,7054272,NC
-0.17510445633868638,7054273,NC
-0.1601296976437323,7054274,NC
-0.14015477171627277,7054275,NC
-0.14017967850978374,7054276,NC
-0.1702044179780515,7054277,NC
-0.2002289900751728,7054278,NC
-0.21525339475555505,7054279,NC
-0.20527763197391619,7054280,NC
-0.18530170168528481,7054281,NC
-0.19032560384500058,7054282,NC
-0.22034933840871374,7054283,NC
-0.2303729053323857,7054284,NC
-0.24039630457228878,7054285,NC
-0.2404195360850066,7054286,NC
-0.22544259982743386,7054287,NC
-0.2104654957567766,7054288,NC
-0.23548822383055218,7054289,NC
-0.26051078400658956,7054290,NC
-0.26553317624302897,7054291,NC
-0.26055540049832254,7054292,NC
-0.25557745673123383,7054293,NC
-0.25059934490083835,7054294,NC
-0.2606210649665234,7054295,NC
-0.27564261688798797,7054296,NC
-0.28566400062524344,7054297,NC
-0.27568521613861285,7054298,NC
-0.2707062633887317,7054299,NC
-0.2807271423365475,7054300,NC
-0.30074785294332007,7054301,NC
-0.3257683951706216,7054302,NC
-0.32578876898033676,7054303,NC
-0.3008089743346626,7054304,NC
-0.27082901119610886,7054305,NC
-0.26584887952749775,7054306,NC
-0.29086857929196436,7054307,NC
-0.3158881104529564,7054308,NC
-0.3309074729742345,7054309,NC
-0.31092666681987224,7054310,NC
-0.305945691954256,7054311,NC
-0.3159645483420854,7054312,NC
-0.310983235948373,7054313,NC
-0.3360017547384447,7054314,NC
-0.32102010467793946,7054315,NC
-0.32103828573280957,7054316,NC
-0.30605629786932076,7054317,NC
-0.32107414105405224,7054318,NC
-0.3310918152538964,7054319,NC
-0.34110932043605957,7054320,NC
-0.35112665656806136,7054321,NC
-0.32614382361773525,7054322,NC
-0.3211608215532284,7054323,NC
-0.30617765034300165,7054324,NC
-0.30619430995582986,7054325,NC
-0.32121080036080163,7054326,NC
-0.33122712152731965,7054327,NC
-0.3212432734251005,7054328,NC
-0.316259256024175,7054329,NC
-0.31627506929488786,7054330,NC
-0.3312907132078982,7054331,NC
-0.33630618773417925,7054332,NC
-0.3363214928450186,7054333,NC
-0.3263366285120181,7054334,NC
-0.3163515947070942,7054335,NC
-0.3063663914024774,7054336,NC
-0.3263810185707131,7054337,NC
-0.3413954761846611,7054338,NC
-0.34140976421749575,7054339,NC
-0.33142388264270617,7054340,NC
-0.3064378314340961,7054341,NC
-0.30645161056578396,7054342,NC
-0.3064652200122031,7054343,NC
-0.3164786597481018,7054344,NC
-0.28149192974854287,7054345,NC
-0.25650502998890445,7054346,NC
-0.2315179604448795,7054347,NC
-0.22153072109247587,7054348,NC
-0.19154331190801677,7054349,NC
-0.16155573286814032,7054350,NC
-0.09156798394979987,7054351,NC
-0.0015800651302639718,7054352,NC
0.09340802361288358,7054353,NC
0.16339628230174374,7054354,NC
0.203384710958102,7054355,NC
0.20837330960342876,7054356,NC
0.18836207825887874,7054357,NC
0.15335101694529119,7054358,NC
0.10334012568319016,7054359,NC
0.028329404492783955,7054360,NC
0.008318853393965375,7054361,NC
0.023308472406311564,7054362,NC
0.11329826154908412,7054363,NC
0.25328822084122893,7054364,NC
0.40827835030137627,7054365,NC
0.5382686499478404,7054366,NC
0.64325911979862,7054367,NC
0.7082497598713983,7054368,NC
0.7482405701835417,7054369,NC
0.7632315507521018,7054370,NC
0.7082227015938138,7054371,L
0.6032140227250967,7054372,NC
0.4982055141620542,7054373,NC
0.4231971759204735,7054374,NC
0.3381890080158259,7054375,NC
0.2581810104632666,7054376,NC
0.17317318327763498,7054377,NC
0.08316552647345386,7054378,NC
-0.031841959935069664,7054379,NC
-0.1418492759340449,7054380,NC
-0.2768564215098972,7054381,NC
-0.3518633966493682,7054382,NC
-0.42187020133951586,7054383,NC
-0.4518768355677142,7054384,NC
-0.48188329932165375,7054385,NC
-0.5068895925893412,7054386,NC
-0.4968957153590996,7054387,NC
-0.4819016676195683,7054388,NC
-0.4569074493597032,7054389,NC
-0.43691306056877643,7054390,NC
-0.42691850123637665,7054391,NC
-0.42192377135240877,7054392,NC
-0.4269288709070944,7054393,NC
-0.4169337998909714,7054394,NC
-0.4019385582948942,7054395,NC
-0.4169431461100339,7054396,NC
-0.4019475633278778,7054397,NC
-0.42695180994022996,7054398,NC
-0.42195588593921096,7054399,NC
-0.41195979131725796,7054400,NC
-0.4119635260671246,7054401,NC
-0.39696709018188114,7054402,NC
-0.38697048365491465,7054403,NC
-0.4019737064799285,7054404,NC
-0.411976758650943,7054405,NC
-0.4119796401622948,7054406,NC
-0.39698235100863744,7054407,NC
-0.39198489118494106,7054408,NC
-0.37698726068649235,7054409,NC
-0.3819894595088949,7054410,NC
-0.3869914876480688,7054411,NC
-0.361993345100251,7054412,NC
-0.33199503186199486,7054413,NC
-0.33699654793017086,7054414,NC
-0.36199789330196597,7054415,NC
-0.4069990679748838,7054416,NC
-0.43700007194674473,7054417,NC
-0.41200090521568616,7054418,NC
-0.37700156778016175,7054419,NC
-0.3520020596389423,7054420,NC
-0.36700238079111513,7054421,NC
-0.37200253123608434,7054422,NC
-0.3670025109735708,7054423,NC
-0.35200232000361203,7054424,NC
-0.3220019583265625,7054425,NC
-0.3020014259430931,7054426,NC
-0.3120007228541919,7054427,NC
-0.32699984906116325,7054428,NC
-0.32199880456562857,7054429,NC
-0.3069975893695258,7054430,NC
-0.3069962034751098,7054431,NC
-0.3069946468849519,7054432,NC
-0.3069929196019404,7054433,NC
-0.3119910216292802,7054434,NC
-0.29198895297049293,7054435,NC
-0.27198671362941684,7054436,NC
-0.23698430361020706,7054437,NC
-0.2369817229173352,7054438,NC
-0.23197897155558975,7054439,NC
-0.23697604953007562,7054440,NC
-0.22697295684621469,7054441,NC
-0.21696969350974518,7054442,NC
-0.2069662595267222,7054443,NC
-0.19196265490351733,7054444,NC
-0.18695887964681884,7054445,NC
-0.1869549337636316,7054446,NC
-0.18695081726127705,7054447,NC
-0.1719465301473932,7054448,NC
-0.11694207242993462,7054449,NC
-0.09193744411717251,7054450,NC
-0.09193264521769452,7054451,NC
-0.08692767574040483,7054452,NC
-0.08192253569452415,7054453,NC
-0.05191722508958962,7054454,NC
-0.016911743935454915,7054455,NC
-0.0019060922422901028,7054456,NC
0.008099729979418296,7054457,NC
0.0131057227188673,7054458,NC
0.028111885964937675,7054459,NC
0.013118219706193673,7054460,NC
0.018124723930883296,7054461,NC
0.013131398626938143,7054462,NC
-0.006861756218026413,7054463,NC
-0.046854740616711354,7054464,NC
-0.08184755458213386,7054465,NC
-0.10184019812762736,7054466,NC
-0.11183267126684152,7054467,NC
-0.14182497401374217,7054468,NC
-0.16681710638261124,7054469,NC
-0.18180906838804692,7054470,NC
-0.2018008600449634,7054471,NC
-0.21179248136859094,7054472,NC
-0.21678393237447594,7054473,NC
-0.22677521307848073,7054474,NC
-0.25176632349678363,7054475,NC
-0.271757263645879,7054476,NC
-0.28174803354257705,7054477,NC
-0.2767386332040039,7054478,NC
-0.2617290626476016,7054479,NC
-0.2667193218911279,7054480,NC
-0.27170941095265655,7054481,NC
-0.28669932985057683,7054482,NC
-0.29668907860359395,7054483,NC
-0.2916786572307287,7054484,NC
-0.27666806575131764,7054485,NC
-0.2866573041850128,7054486,NC
-0.29164637255178194,7054487,NC
-0.31163527087190834,7054488,NC
-0.3066239991659907,7054489,NC
-0.30161255745494336,7054490,NC
-0.291600945759996,7054491,NC
-0.2965891641026937,7054492,NC
-0.3065772125048969,7054493,NC
-0.3265650909887814,7054494,NC
-0.31655279957683824,7054495,NC
-0.29154033829187365,7054496,NC
-0.2865277071570092,7054497,NC
-0.2765149061956815,7054498,NC
-0.28150193543164226,7054499,NC
-0.30148879488895824,7054500,NC
-0.30647548459201135,7054501,NC
-0.2964620045654983,7054502,NC
-0.27144835483443086,7054503,NC
-0.27143453542413565,7054504,NC
-0.27142054636025403,7054505,NC
-0.28640638766874227,7054506,NC
-0.2913920593758713,7054507,NC
-0.27637756150822673,7054508,NC
-0.26136289409270896,7054509,NC
-0.2563480571565328,7054510,NC
-0.28133305072722764,7054511,NC
-0.2813178748326374,7054512,NC
-0.2863025295009205,7054513,NC
-0.28128701476054957,7054514,NC
-0.2612713306403117,7054515,NC
-0.2562554771693083,7054516,NC
-0.27123945437695474,7054517,NC
-0.30122326229298096,7054518,NC
-0.28620690094743073,7054519,NC
-0.27619037037066185,7054520,NC
-0.2511736705933464,7054521,NC
-0.25615680164647014,7054522,NC
-0.26613976356133284,7054523,NC
-0.276122556369548,7054524,NC
-0.2911051801030431,7054525,NC
-0.28108763479405907,7054526,NC
-0.27106992047515066,7054527,NC
-0.26605203717918624,7054528,NC
-0.28603398493934756,7054529,NC
-0.3110157637891299,7054530,NC
-0.30599737376234204,7054531,NC
-0.29597881489310596,7054532,NC
-0.27096008721585707,7054533,NC
-0.27094119076534384,7054534,NC
-0.28092212557662805,7054535,NC
-0.29590289168508443,7054536,NC
-0.30588348912640084,7054537,NC
-0.290863917936578,7054538,NC
-0.28084417815192964,7054539,NC
-0.2758242698090822,7054540,NC
-0.2908041929449749,7054541,NC
-0.30078394759685967,7054542,NC
-0.30576353380230104,7054543,NC
-0.30574295159917614,7054544,NC
-0.28072220102567447,7054545,NC
-0.28570128212029805,7054546,NC
-0.29068019492186115,7054547,NC
-0.30565893946949024,7054548,NC
-0.3106375158026242,7054549,NC
-0.3056159239610139,7054550,NC
-0.29559416398472216,7054551,NC
-0.2855722359141239,7054552,NC
-0.29555013978990585,7054553,NC
-0.30552787565306666,7054554,NC
-0.30550544354491665,7054555,NC
-0.3054828435070778,7054556,NC
-0.29546007558148357,7054557,NC
-0.2854371398103793,7054558,NC
-0.30541403623632135,7054559,NC
-0.32039076490217755,7054560,NC
-0.31536732585112714,7054561,NC
-0.3103437191266605,7054562,NC
-0.30031994477257895,7054563,NC
-0.29029600283299506,7054564,NC
-0.2952718933523322,7054565,NC
-0.2952476163753248,7054566,NC
-0.28522317194701785,7054567,NC
-0.2701985601127671,7054568,NC
-0.255173780918239,7054569,NC
-0.24514883440941046,7054570,NC
-0.2601237206325689,7054571,NC
-0.260098439634312,7054572,NC
-0.25007299146154777,7054573,NC
-0.2400473761614944,7054574,NC
-0.23502159378168025,7054575,NC
-0.22999564436994363,7054576,NC
-0.23996952797443266,7054577,NC
-0.24494324464360545,7054578,NC
-0.22991679442622986,7054579,NC
-0.2148901773713833,7054580,NC
-0.19986339352845273,7054581,NC
-0.2048364429471347,7054582,NC
-0.2248093256774351,7054583,NC
-0.23978204176966902,7054584,NC
-0.2447545912744608,7054585,NC
-0.25472697424274393,7054586,NC
-0.23969919072576074,7054587,NC
-0.2296712407750627,7054588,NC
-0.23964312444250987,7054589,NC
-0.25461484178027116,7054590,NC
-0.2695863928408241,7054591,NC
-0.26455777767695465,7054592,NC
-0.2595289963417573,7054593,NC
-0.2645000488886347,7054594,NC
-0.27447093537129796,7054595,NC
-0.28944165584376613,7054596,NC
-0.2944122103603664,7054597,NC
-0.2843825989757338,7054598,NC
-0.2643528217448112,7054599,NC
-0.2643228787228492,7054600,NC
-0.2842927699654062,7054601,NC
-0.2942624955283477,7054602,NC
-0.304232055467847,7054603,NC
-0.28920144984038454,7054604,NC
-0.28917067870274804,7054605,NC
-0.3091397421120322,7054606,NC
-0.3291086401256388,7054607,NC
-0.3540773728012765,7054608,NC
-0.3540459401969608,7054609,NC
-0.3340143423710136,7054610,NC
-0.31398257938206375,7054611,NC
-0.2989506512890463,7054612,NC
-0.31391855815120273,7054613,NC
-0.3338863000280808,7054614,NC
-0.3388538769795341,7054615,NC
-0.3338212890657227,7054616,NC
-0.31378853634711223,7054617,NC
-0.30375561888447433,7054618,NC
-0.31372253673888606,7054619,NC
-0.3286892899717302,7054620,NC
-0.34365587864469505,7054621,NC
-0.333622302819774,7054622,NC
-0.33358856255926606,7054623,NC
-0.318554657925775,7054624,NC
-0.33352058898220954,7054625,NC
-0.3384863557917836,7054626,NC
-0.34845195841801563,7054627,NC
-0.34341739692472867,7054628,NC
-0.3233826713760504,7054629,NC
-0.32334778183641294,7054630,NC
-0.3333127283705526,7054631,NC
-0.3382775110435097,7054632,NC
-0.34324212992062897,7054633,NC
-0.33320658506755874,7054634,NC
-0.32317087655025123,7054635,NC
-0.31813500443496245,7054636,NC
-0.3280989687882517,7054637,NC
-0.33806276967698196,7054638,NC
-0.33302640716831944,7054639,NC
-0.32298988132973344,7054640,NC
-0.3079531922289964,7054641,NC
-0.30291633993418365,7054642,NC
-0.30287932451367344,7054643,NC
-0.30784214603614646,7054644,NC
-0.31780480457058613,7054645,NC
-0.3077673001862782,7054646,NC
-0.30272963295281075,7054647,NC
-0.292691802940074,7054648,NC
-0.29265381021826037,7054649,NC
-0.30261565485786385,7054650,NC
-0.2875773369296805,7054651,NC
-0.26753885650480774,7054652,NC
-0.24250021365464486,7054653,NC
-0.2324614084508921,7054654,NC
-0.20742244096555135,7054655,NC
-0.17238331127092532,7054656,NC
-0.1123440194396178,7054657,NC
-0.027304565544533407,7054658,NC
0.06273505034112253,7054659,NC
0.10777482814384409,7054660,NC
0.15781476778982495,7054661,NC
0.17785486920495858,7054662,NC
0.1878951323148381,7054663,NC
0.17293555704475672,7054664,NC
0.12797614331970783,7054665,NC
0.05301689106438498,7054666,NC
-0.01694219979681784,7054667,NC
-0.016901129339806115,7054668,NC
0.06314010235921537,7054669,NC
0.18818149522374264,7054670,NC
0.31322304917697263,7054671,NC
0.45326476414180356,7054672,NC
0.5533066400408346,7054673,NC
0.6383486767963665,7054674,NC
0.7033908743304018,7054675,NC
0.748433232564644,7054676,NC
0.7384757514204993,7054677,L
0.6585184308190752,7054678,NC
0.5385612706811816,7054679,NC
0.4486042709273308,7054680,NC
0.35364743147773703,7054681,NC
0.27869075225231765,7054682,NC
0.2087342331706924,7054683,NC
0.128777874152184,7054684,NC
0.03382167511581807,7054685,NC
-0.08613436401967652,7054686,NC
-0.19609024333586766,7054687,NC
-0.29604596291461965,7054688,NC
-0.37100152283809334,7054689,NC
-0.4409569231887457,7054690,NC
-0.4709121640493299,7054691,NC
-0.5108672455028949,7054692,NC
-0.5058221676327853,7054693,NC
-0.49077693052264193,7054694,NC
-0.45573153425640034,7054695,NC
-0.42568597891829185,7054696,NC
-0.42064026459284276,7054697,NC
-0.4105943913648744,7054698,NC
-0.41554835931950296,7054699,NC
-0.40050216854213927,7054700,NC
-0.3754558191184887,7054701,NC
-0.3654093111345511,7054702,NC
-0.37536264467662017,7054703,NC
-0.40031581983128417,7054704,NC
-0.4052688366854248,7054705,NC
-0.39522169532621765,7054706,NC
-0.3751743958411319,7054707,NC
-0.37512693831793,7054708,NC
-0.37007932284466794,7054709,NC
-0.39003154950969443,7054710,NC
-0.3849836184016512,7054711,NC
-0.3799355296094727,7054712,NC
-0.3698872832223862,7054713,NC
-0.379838879329911,7054714,NC
-0.3847903180218589,7054715,NC
-0.38474159938833374,7054716,NC
-0.3896927235197313,7054717,NC
-0.35964369050673883,7054718,NC
-0.3495945004403356,7054719,NC
-0.3495451534117918,7054720,NC
-0.3444956495126694,7054721,NC
-0.3594459888348211,7054722,NC
-0.3693961714703904,7054723,NC
-0.3493461975118118,7054724,NC
-0.33929606705181015,7054725,NC
-0.32924578018340084,7054726,NC
-0.32919533699988945,7054727,NC
-0.3391447375948714,7054728,NC
-0.3390939820622322,7054729,NC
-0.32904307049614695,7054730,NC
-0.3189920029910803,7054731,NC
-0.31394077964178624,7054732,NC
-0.31888940054330783,7054733,NC
-0.3188378657909773,7054734,NC
-0.30878617548041554,7054735,NC
-0.293734329707532,7054736,NC
-0.2836823285685249,7054737,NC
-0.2836301721598804,7054738,NC
-0.2735778605783729,7054739,NC
-0.2785253939210648,7054740,NC
-0.27847277228530604,7054741,NC
-0.25341999576873425,7054742,NC
-0.23836706446927453,7054743,NC
-0.21331397848513894,7054744,NC
-0.20826073791482666,7054745,NC
-0.22820734285712374,7054746,NC
-0.22315379341110292,7054747,NC
-0.21310008967612326,7054748,NC
-0.1830462317518301,7054749,NC
-0.17299221973815498,7054750,NC
-0.1729380537353154,7054751,NC
-0.16788373384381441,7054752,NC
-0.1628292601644406,7054753,NC
-0.14277463279826808,7054754,NC
-0.13271985184665597,7054755,NC
-0.11766491741124849,7054756,NC
-0.11760982959397448,7054757,NC
-0.11755458849704747,7054758,NC
-0.10749919422296539,7054759,NC
-0.08744364687451045,7054760,NC
-0.06738794655474874,7054761,NC
-0.05233209336703025,7054762,NC
-0.05727608741498864,7054763,NC
-0.06221992880254104,7054764,NC
-0.03716361763388776,7054765,NC
-0.007107154013512154,7054766,NC
0.017949461953819454,7054767,NC
0.018006230163058107,7054768,NC
0.028063150508872314,7054769,NC
0.018120222885648504,7054770,NC
0.008177447187490805,7054771,NC
0.03823482330822152,7054772,NC
0.06329235114138122,7054773,NC
0.04335003058022907,7054774,NC
0.03840786151774292,7054775,NC
-0.011534156153380548,7054776,NC
-0.01647602254072557,7054777,NC
-0.03141773775215699,7054778,NC
-0.04135930189582016,7054779,NC
-0.056300715080140805,7054780,NC
-0.08124197741382476,7054781,NC
-0.10618308900585766,7054782,NC
-0.12612404996550486,7054783,NC
-0.13606486040231128,7054784,NC
-0.1510055204261011,7054785,NC
-0.17094603014697762,7054786,NC
-0.1858863896753228,7054787,NC
-0.20582659912179763,7054788,NC
-0.21576665859734126,7054789,NC
-0.22570656821317137,7054790,NC
-0.2356463280807835,7054791,NC
-0.22558593831195106,7054792,NC
-0.24052539901872522,7054793,NC
-0.26046471031343454,7054794,NC
-0.2804038723086848,7054795,NC
-0.2653428851173587,7054796,NC
-0.2652817488526159,7054797,NC
-0.27522046362789265,7054798,NC
-0.28015902955690153,7054799,NC
-0.3000974467536312,7054800,NC
-0.3000357153323465,7054801,NC
-0.2949738354075879,7054802,NC
-0.2549118070941715,7054803,NC
-0.2498496305071886,7054804,NC
-0.2647873057620057,7054805,NC
-0.27472483297426414,7054806,NC
-0.2796622122598801,7054807,NC
-0.2745994437350441,7054808,NC
-0.2745365275162208,7054809,NC
-0.27447346372014925,7054810,NC
-0.294410252463842,7054811,NC
-0.3093468938645854,7054812,NC
-0.31928338803993905,7054813,NC
-0.3042197351077358,7054814,NC
-0.3091559351860814,7054815,NC
-0.3040919883933546,7054816,NC
-0.2990278948482062,7054817,NC
-0.28896365466955953,7054818,NC
-0.28889926797661014,7054819,NC
-0.28383473488882527,7054820,NC
-0.2637700555259438,7054821,NC
-0.27370523000797586,7054822,NC
-0.2736402584552031,7054823,NC
-0.28357514098817804,7054824,NC
-0.2835098777277237,7054825,NC
-0.27844446879493384,7054826,NC
-0.25837891431117244,7054827,NC
-0.27331321439807355,7054828,NC
-0.2732473691775411,7054829,NC
-0.29318137877174855,7054830,NC
-0.28811524330313887,7054831,NC
-0.298048962894424,7054832,NC
-0.29298253766858506,7054833,NC
-0.29791596774887164,7054834,NC
-0.30284925325880185,7054835,NC
-0.2977823943221622,7054836,NC
-0.2877153910630071,7054837,NC
-0.27764824360565876,7054838,NC
-0.24758095207470684,7054839,NC
-0.25251351659500854,7054840,NC
-0.272445937291688,7054841,NC
-0.31737821429013624,7054842,NC
-0.3773103477160109,7054843,NC
-0.37724233769523613,7054844,NC
-0.3371741843540021,7054845,NC
-0.30210588781876496,7054846,NC
-0.3270374482162465,7054847,NC
-0.351968865673434,7054848,NC
-0.36690014031758,7054849,NC
-0.37683127227620206,7054850,NC
-0.35176226167708247,7054851,NC
-0.34669310864826774,7054852,NC
-0.3716238133180691,7054853,NC
-0.37155437581506157,7054854,NC
-0.37648479626808407,7054855,NC
-0.3664150748062389,7054856,NC
-0.3663452115588918,7054857,NC
-0.36627520665567176,7054858,NC
-0.36620506022647026,7054859,NC
-0.38113477240144156,7054860,NC
-0.38106434331100236,7054861,NC
-0.37599377308583126,7054862,NC
-0.36592306185686896,7054863,NC
-0.38085220975531764,7054864,NC
-0.3657812169126408,7054865,NC
-0.38571008346056335,7054866,NC
-0.3956388095310708,7054867,NC
-0.3855673952564095,7054868,NC
-0.38549584076908605,7054869,NC
-0.38042414620186743,7054870,NC
-0.3903523116877803,7054871,NC
-0.3952803373601112,7054872,NC
-0.40520822335240586,7054873,NC
-0.3751359697984693,7054874,NC
-0.36506357683236557,7054875,NC
-0.35499104458841735,7054876,NC
-0.34991837320120545,7054877,NC
-0.3498455628055693,7054878,NC
-0.36977261353660584,7054879,NC
-0.3596995255296701,7054880,NC
-0.36962629892037424,7054881,NC
-0.37455293384458765,7054882,NC
-0.3694794304384367,7054883,NC
-0.37940578883830434,7054884,NC
-0.3593320091808301,7054885,NC
-0.3192580916029094,7054886,NC
-0.2941840362416939,7054887,NC
-0.28410984323459054,7054888,NC
-0.2940355127192621,7054889,NC
-0.31396104483362597,7054890,NC
-0.33888643971585497,7054891,NC
-0.328811697504376,7054892,NC
-0.3337368183378709,7054893,NC
-0.33366180235527526,7054894,NC
-0.34358664969577857,7054895,NC
-0.363511360498824,7054896,NC
-0.373435934904108,7054897,NC
-0.3933603730515801,7054898,NC
-0.36828467508144275,7054899,NC
-0.3582088411341509,7054900,NC
-0.37313287135041173,7054901,NC
-0.39305676587118454,7054902,NC
-0.4079805248376803,7054903,NC
-0.39790414839136184,7054904,NC
-0.38282763667394265,7054905,NC
-0.37775098982738786,7054906,NC
-0.3826742079939127,7054907,NC
-0.40259729131598354,7054908,NC
-0.4125202399363163,7054909,NC
-0.4174430539978772,7054910,NC
-0.42236573364388214,7054911,NC
-0.4272882790177962,7054912,NC
-0.4372106902633339,7054913,NC
-0.4371329675244583,7054914,NC
-0.42205511094538134,7054915,NC
-0.4019771206705631,7054916,NC
-0.39189899684471197,7054917,NC
-0.4168207396127837,7054918,NC
-0.4317423491199821,7054919,NC
-0.4466638255117579,7054920,NC
-0.4615851689338089,7054921,NC
-0.4465063795320796,7054922,NC
-0.45642745745276103,7054923,NC
-0.4313484028422904,7054924,NC
-0.46126921584735076,7054925,NC
-0.4711898966148707,7054926,NC
-0.4711104452920244,7054927,NC
-0.436030862026231,7054928,NC
-0.4159511469651544,7054929,NC
-0.42587130025670317,7054930,NC
-0.44579132204903005,7054931,NC
-0.48071121249053195,7054932,NC
-0.47563097172984914,7054933,NC
-0.4605505999158657,7054934,NC
-0.4504700971977087,7054935,NC
-0.4453894637247481,7054936,NC
-0.45030869964659637,7054937,NC
-0.4552278051131087,7054938,NC
-0.4501467802743818,7054939,NC
-0.45506562528075467,7054940,NC
-0.45498434028280743,7054941,NC
-0.43990292543136156,7054942,NC
-0.4648213808774795,7054943,NC
-0.47473970677246424,7054944,NC
-0.4746579032678594,7054945,NC
-0.4645759705154484,7054946,NC
-0.45949390866725454,7054947,NC
-0.4494117178755408,7054948,NC
-0.44932939829280943,7054949,NC
-0.4542469500718014,7054950,NC
-0.4541643733654965,7054951,NC
-0.4390816683271129,7054952,NC
-0.42899883511010706,7054953,NC
-0.4189158738681729,7054954,NC
-0.3988327847552424,7054955,NC
-0.3887495679254842,7054956,NC
-0.3436662235333045,7054957,NC
-0.2785827517333456,7054958,NC
-0.18349915268048683,7054959,NC
-0.11341542652984307,7054960,NC
-0.05333157343676541,7054961,NC
-0.023247593556840224,7054962,NC
0.00183651295411065,7054963,NC
-0.008079254059969412,7054964,NC
-0.03299489475537176,7054965,NC
-0.09291040928862224,7054966,NC
-0.20782579781648064,7054967,NC
-0.30274106049594046,7054968,NC
-0.347656197484229,7054969,NC
-0.29757120893880656,7054970,NC
-0.1924860950173664,7054971,NC
-0.07740085587783448,7054972,NC
0.04268450832163104,7054973,NC
0.15776999742263975,7054974,NC
0.27785561126656977,7054975,NC
0.3529413496945674,7054976,NC
0.4030272125475482,7054977,NC
0.4131131996661965,7054978,NC
0.3431993108909663,7054979,L
0.22828554606208107,7054980,NC
0.11337190501953467,7054981,NC
0.03345838760309097,7054982,NC
-0.04145500634771552,7054983,NC
-0.1413682769935792,7054984,NC
-0.23128142449542335,7054985,NC
-0.3461944490143998,7054986,NC
-0.42610735071188843,7054987,NC
-0.5010201297494973,7054988,NC
-0.5659327862890615,7054989,NC
-0.6258453204926442,7054990,NC
-0.6807577325225348,7054991,NC
-0.7106700225412499,7054992,NC
-0.7005821907115322,7054993,NC
-0.6654942371963506,7054994,NC
-0.6354061621588998,7054995,NC
-0.6053179657626,7054996,NC
-0.5852296481710966,7054997,NC
-0.5751412095482595,7054998,NC
-0.5600526500581837,7054999,NC
-0.5399639698651884,7055000,NC
-0.5448751691338163,7055001,NC
-0.5547862480288343,7055002,NC
-0.549697206715232,7055003,NC
-0.5396080453582229,7055004,NC
-0.5545187641232427,7055005,NC
-0.5744293631759494,7055006,NC
-0.5643398426822234,7055007,NC
-0.5542502028081671,7055008,NC
-0.5441604437201037,7055009,NC
-0.5690705655845785,7055010,NC
-0.563980568568357,7055011,NC
-0.5588904528384255,7055012,NC
-0.5388002185619907,7055013,NC
-0.5387098659064792,7055014,NC
-0.5386193950395369,7055015,NC
-0.5385288061290296,7055016,NC
-0.538438099343042,7055017,NC
-0.533347274849877,7055018,NC
-0.5182563328180565,7055019,NC
-0.5281652734163201,7055020,NC
-0.5280740968136256,7055021,NC
-0.5329828031791477,7055022,NC
-0.5128913926822788,7055023,NC
-0.5027998654926277,7055024,NC
-0.48270822178002,7055025,NC
-0.47761646171449745,7055026,NC
-0.49752458546631756,7055027,NC
-0.5124325932059535,7055028,NC
-0.48734048510409367,7055029,NC
-0.48224826133164156,7055030,NC
-0.4571559220597151,7055031,NC
-0.44206346745964653,7055032,NC
-0.44697089770298215,7055033,NC
-0.45687821296148196,7055034,NC
-0.4417854134071192,7055035,NC
-0.4316924992120802,7055036,NC
-0.4015994705487641,7055037,NC
-0.3965063275897822,7055038,NC
-0.38141307050795814,7055039,NC
-0.40131969947632706,7055040,NC
-0.38622621466813567,7055041,NC
-0.3761326162568418,7055042,NC
-0.3660389044161141,7055043,NC
-0.36594507931983156,7055044,NC
-0.34585114114208326,7055045,NC
-0.34075709005716837,7055046,NC
-0.3456629262395952,7055047,NC
-0.32056864986408173,7055048,NC
-0.30547426110555415,7055049,NC
-0.2853797601391477,7055050,NC
-0.2952851471402056,7055051,NC
-0.29019042228427894,7055052,NC
-0.27009558574712633,7055053,NC
-0.2500006377047137,7055054,NC
-0.22490557833321378,7055055,NC
-0.20981040780900612,7055056,NC
-0.22971512630867602,7055057,NC
-0.2146197340090151,7055058,NC
-0.20452423108702042,7055059,NC
-0.18942861771989442,7055060,NC
-0.17933289408504424,7055061,NC
-0.16423706036008173,7055062,NC
-0.12414111672282307,7055063,NC
-0.11404506335128839,7055064,NC
-0.10394890042370128,7055065,NC
-0.08885262811848865,7055066,NC
-0.07375624661428047,7055067,NC
-0.05865975608990931,7055068,NC
-0.0535631567244099,7055069,NC
-0.06346644869701891,7055070,NC
-0.0833696321871748,7055071,NC
-0.0982727073745172,7055072,NC
-0.08817567443888685,7055073,NC
-0.11307853356032471,7055074,NC
-0.13798128491907244,7055075,NC
-0.17288392869557145,7055076,NC
-0.19778646507046294,7055077,NC
-0.2326888942245871,7055078,NC
-0.2475912163389833,7055079,NC
-0.2874934315948894,7055080,NC
-0.29739554017374165,7055081,NC
-0.3272975422571741,7055082,NC
-0.3371994380270185,7055083,NC
-0.3471012276653037,7055084,NC
-0.3570029113542558,7055085,NC
-0.3669044892762972,7055086,NC
-0.4018059616140465,7055087,NC
-0.41170732855031855,7055088,NC
-0.4216085902681234,7055089,NC
-0.4165097469506665,7055090,NC
-0.4114107987813483,7055091,NC
-0.4263117459437635,7055092,NC
-0.4412125886217012,7055093,NC
-0.45611332699914453,7055094,NC
-0.45601396126026983,7055095,NC
-0.45591449158944664,7055096,NC
-0.4458149181712376,7055097,NC
-0.46071524119039775,7055098,NC
-0.4556154608318742,7055099,NC
-0.4705155772808058,7055100,NC
-0.48041559072252316,7055101,NC
-0.4753155013425478,7055102,NC
-0.4552153093265921,7055103,NC
-0.44511501486055866,7055104,NC
-0.45001461813054056,7055105,NC
-0.4549141193228204,7055106,NC
-0.46981351862387005,7055107,NC
-0.46971281622035077,7055108,NC
-0.44961201229911235,7055109,NC
-0.44451110704719277,7055110,NC
-0.4444101006518184,7055111,NC
-0.45930899330040303,7055112,NC
-0.4692077851805476,7055113,NC
-0.46410647648004055,7055114,NC
-0.46400506738685654,7055115,NC
-0.4539035580891566,7055116,NC
-0.4538019487752875,7055117,NC
-0.458700239633782,7055118,NC
-0.45859843085335783,7055119,NC
-0.44349652262291744,7055120,NC
-0.43839451513154826,7055121,NC
-0.4432924085685214,7055122,NC
-0.46319020312329223,7055123,NC
-0.4680878989854992,7055124,NC
-0.4579854963449642,7055125,NC
-0.45288299539169163,7055126,NC
-0.4327803963158685,7055127,NC
-0.42267769930786375,7055128,NC
-0.44257490455822823,7055129,NC
-0.45747201225769385,7055130,NC
-0.4473690225971737,7055131,NC
-0.44726593576776164,7055132,NC
-0.4321627519607315,7055133,NC
-0.44205947136753737,7055134,NC
-0.45695609417981264,7055135,NC
-0.4668526205893702,7055136,NC
-0.46174905078820166,7055137,NC
-0.4516453849684772,7055138,NC
-0.441541623322545,7055139,NC
-0.4414377660429313,7055140,NC
-0.45133381332233946,7055141,NC
-0.47622976535365036,7055142,NC
-0.48112562232992123,7055143,NC
-0.4710213844443859,7055144,NC
-0.45591705189045406,7055145,NC
-0.45581262486171115,7055146,NC
-0.46070810355191777,7055147,NC
-0.46560348815500974,7055148,NC
-0.4654987788650971,7055149,NC
-0.46039397587646436,7055150,NC
-0.4602890793835699,7055151,NC
-0.46018408958104534,7055152,NC
-0.4650790066636957,7055153,NC
-0.4799738308264986,7055154,NC
-0.47986856226460417,7055155,NC
-0.4497632011733345,7055156,NC
-0.4346577477481835,7055157,NC
-0.43955220218481617,7055158,NC
-0.4544465646790688,7055159,NC
-0.4743408354269479,7055160,NC
-0.45423501462463056,7055161,NC
-0.4341291024684635,7055162,NC
-0.42402309915496306,7055163,NC
-0.4139170048808146,7055164,NC
-0.41881081984287255,7055165,NC
-0.4487045442381593,7055166,NC
-0.4285981782638656,7055167,NC
-0.4184917221173499,7055168,NC
-0.3983851759961378,7055169,NC
-0.3782785400979219,7055170,NC
-0.37817181462056126,7055171,NC
-0.3780649997620815,7055172,NC
-0.39295809572067364,7055173,NC
-0.37785110269469463,7055174,NC
-0.36774402088266606,7055175,NC
-0.38263685048327467,7055176,NC
-0.40752959169537123,7055177,NC
-0.41742224471797085,7055178,NC
-0.412314809750252,7055179,NC
-0.4122072869915564,7055180,NC
-0.402099676641389,7055181,NC
-0.416991978899417,7055182,NC
-0.4268841939654696,7055183,NC
-0.4467763220395382,7055184,NC
-0.4466683633217753,7055185,NC
-0.4465603180124945,7055186,NC
-0.42645218631217013,7055187,NC
-0.4163439684214367,7055188,NC
-0.431235664541089,7055189,NC
-0.4461272748720808,7055190,NC
-0.46601879961552545,7055191,NC
-0.450910238972695,7055192,NC
-0.44580159314502,7055193,NC
-0.4556928623340888,7055194,NC
-0.4805840467416478,7055195,NC
-0.5054751465696005,7055196,NC
-0.5153661620200072,7055197,NC
-0.5052570932950853,7055198,NC
-0.47514794059720755,7055199,NC
-0.45503870412890324,7055200,NC
-0.46992938409285673,7055201,NC
-0.4898199806919077,7055202,NC
-0.49971049412905016,7055203,NC
-0.4896009246074326,7055204,NC
-0.4744912723303574,7055205,NC
-0.46438153750128075,7055206,NC
-0.4692717203238117,7055207,NC
-0.499161821001712,7055208,NC
-0.4990518397388962,7055209,NC
-0.4939417767394306,7055210,NC
-0.4688316322075334,7055211,NC
-0.46372140634757375,7055212,NC
-0.473611099364072,7055213,NC
-0.48350071146169876,7055214,NC
-0.4933902428452751,7055215,NC
-0.48827969371977165,7055216,NC
-0.4831690642903083,7055217,NC
-0.4730583547621542,7055218,NC
-0.4829475653407271,7055219,NC
-0.48283669623159275,7055220,NC
-0.48772574764046495,7055221,NC
-0.4776147197732049,7055222,NC
-0.4625036128358211,7055223,NC
-0.44739242703446847,7055224,NC
-0.45728116257544826,7055225,NC
-0.482169819665208,7055226,NC
-0.47205839851034037,7055227,NC
-0.4619468993175837,7055228,NC
-0.4568353222938206,7055229,NC
-0.4267236676460785,7055230,NC
-0.43661193558152855,7055231,NC
-0.4465001263074858,7055232,NC
-0.4413882400314085,7055233,NC
-0.4312762769608975,7055234,NC
-0.4261642373036965,7055235,NC
-0.4210521212676913,7055236,NC
-0.39593992906090913,7055237,NC
-0.38582766089151876,7055238,NC
-0.3557153169678298,7055239,NC
-0.30560289749829256,7055240,NC
-0.2554904026914975,7055241,NC
-0.19537783275617457,7055242,NC
-0.13526518790119352,7055243,NC
-0.09015246833556287,7055244,NC
-0.05503967426842997,7055245,NC
-0.01992680590908019,7055246,NC
-0.029813863466936735,7055247,NC
-0.08470084715156045,7055248,NC
-0.17958775717264924,7055249,NC
-0.2894745937400375,7055250,NC
-0.39436135706369596,7055251,NC
-0.4492480473537314,7055252,NC
-0.4391346648203862,7055253,NC
-0.3790212096740375,7055254,NC
-0.2939076821251973,7055255,NC
-0.18879408238451204,7055256,NC
-0.07368041066276218,7055257,NC
0.0664333328291384,7055258,NC
0.17654714788014264,7055259,NC
0.24166103427907082,7055260,NC
0.2467749918146105,7055261,NC
0.18188902027531753,7055262,L
0.11200311944961608,7055263,NC
0.03711728912579923,7055264,NC
-0.017768470907970967,7055265,NC
-0.08265416086366284,7055266,NC
-0.13253978095337463,7055267,NC
-0.18742533138933415,7055268,NC
-0.2323108123838987,7055269,NC
-0.2471962241495542,7055270,NC
-0.2820815668989154,7055271,NC
-0.3469668408447244,7055272,NC
-0.42685204619985156,7055273,NC
-0.5117371831772943,7055274,NC
-0.5516222519901773,7055275,NC
-0.5215072528517509,7055276,NC
-0.49139218597539214,7055277,NC
-0.4612770515746035,7055278,NC
-0.4511618498630131,7055279,NC
-0.43604658105437355,7055280,NC
-0.415931245362562,7055281,NC
-0.3908158430015798,7055282,NC
-0.37070037418555224,7055283,NC
-0.3605848391287274,7055284,NC
-0.37046923804547666,7055285,NC
-0.3753535711502938,7055286,NC
-0.38023783865779465,7055287,NC
-0.3751220407827169,7055288,NC
-0.3550061777399194,7055289,NC
-0.3498902497443819,7055290,NC
-0.35977425701120486,7055291,NC
-0.35965819975560875,7055292,NC
-0.35454207819293376,7055293,NC
-0.34942589253863926,7055294,NC
-0.33430964300830374,7055295,NC
-0.3341933298176243,7055296,NC
-0.3390769531824158,7055297,NC
-0.35896051331861106,7055298,NC
-0.3438440104422602,7055299,NC
-0.3337274447695303,7055300,NC
-0.30861081651670486,7055301,NC
-0.30349412590018343,7055302,NC
-0.3183773731364814,7055303,NC
-0.3182605584422296,7055304,NC
-0.3181436820341735,7055305,NC
-0.29802674412917324,7055306,NC
-0.2879097449442029,7055307,NC
-0.26279268469635053,7055308,NC
-0.2676755636028172,7055309,NC
-0.2625583818809171,7055310,NC
-0.25744113974807675,7055311,NC
-0.25732383742183484,7055312,NC
-0.2422064751198419,7055313,NC
-0.22208905305985943,7055314,NC
-0.21697157145975987,7055315,NC
-0.2318540305375264,7055316,NC
-0.22173643051125205,7055317,NC
-0.2016187715991395,7055318,NC
-0.17150105401950086,7055319,NC
-0.15638327799075682,7055320,NC
-0.1462654437314369,7055321,NC
-0.15614755146017825,7055322,NC
-0.14602960139572604,7055323,NC
-0.1259115937569323,7055324,NC
-0.0957935287627563,7055325,NC
-0.0806754066322633,7055326,NC
-0.07555722758462496,7055327,NC
-0.08043899183911823,7055328,NC
-0.06532069961512549,7055329,NC
-0.04520235113213386,7055330,NC
-0.030083946609734784,7055331,NC
-0.01996548626762363,7055332,NC
-0.029846970325599496,7055333,NC
-0.03472839900356465,7055334,NC
-0.024609772521523885,7055335,NC
0.0005089089004153453,7055336,NC
0.02062764504204398,7055337,NC
0.03574643568305108,7055338,NC
0.04086528060302493,7055339,NC
0.05598417958145278,7055340,NC
0.07110313239772187,7055341,NC
0.08122213883111924,7055342,NC
0.0913411986608328,7055343,NC
0.11646031166595101,7055344,NC
0.13657947762546405,7055345,NC
0.14669869631826343,7055346,NC
0.15181796752314322,7055347,NC
0.18193729101879969,7055348,NC
0.19705666658383247,7055349,NC
0.2071760939967442,7055350,NC
0.20729557303594148,7055351,NC
0.1974151034797353,7055352,NC
0.17253468510634087,7055353,NC
0.17265431769387887,7055354,NC
0.152774001020375,7055355,NC
0.14789373486376123,7055356,NC
0.12301351900187547,7055357,NC
0.07813335321246254,7055358,NC
0.0332532372731741,7055359,NC
0.01837317096156963,7055360,NC
0.0134931540551162,7055361,NC
-0.011386813668810475,7055362,NC
-0.031266732432926235,7055363,NC
-0.05614660246003747,7055364,NC
-0.09602642397304124,7055365,NC
-0.10090619719492458,7055366,NC
-0.11078592234876403,7055367,NC
-0.11566559965772524,7055368,NC
-0.13554522934506288,7055369,NC
-0.15042481163411994,7055370,NC
-0.1603043467483271,7055371,NC
-0.1701838349112029,7055372,NC
-0.1600632763463527,7055373,NC
-0.16494267127746887,7055374,NC
-0.1748220199283297,7055375,NC
-0.1947013225227998,7055376,NC
-0.19958057928482872,7055377,NC
-0.1844597904384516,7055378,NC
-0.17433895620778764,7055379,NC
-0.1742180768170408,7055380,NC
-0.18409715249049835,7055381,NC
-0.2039761834525312,7055382,NC
-0.19885516992759336,7055383,NC
-0.19873411214022102,7055384,NC
-0.17361301031503268,7055385,NC
-0.17349186467672853,7055386,NC
-0.18337067545009023,7055387,NC
-0.19324944285997997,7055388,NC
-0.19312816713134073,7055389,NC
-0.1830068484891952,7055390,NC
-0.16288548715864615,7055391,NC
-0.16276408336487502,7055392,NC
-0.1776426373331425,7055393,NC
-0.17252114928878734,7055394,NC
-0.1723996194572264,7055395,NC
-0.16227804806395416,7055396,NC
-0.13715643533454192,7055397,NC
-0.15203478149463787,7055398,NC
-0.1519130867699665,7055399,NC
-0.15679135138632821,7055400,NC
-0.15666957556959865,7055401,NC
-0.13154775954572853,7055402,NC
-0.12142590354074331,7055403,NC
-0.11130400778074262,7055404,NC
-0.11118207249189971,7055405,NC
-0.1260600979004612,7055406,NC
-0.1259380842327467,7055407,NC
-0.10581603171514843,7055408,NC
-0.0956939405741304,7055409,NC
-0.08557181103622863,7055410,NC
-0.11044964332805005,7055411,NC
-0.11032743767627262,7055412,NC
-0.11020519430764479,7055413,NC
-0.10008291344898476,7055414,NC
-0.08496059532718028,7055415,NC
-0.07983824016918847,7055416,NC
-0.09971584820203513,7055417,NC
-0.1195934196528142,7055418,NC
-0.10947095474868745,7055419,NC
-0.09434845371688437,7055420,NC
-0.0992259167847014,7055421,NC
-0.09910334417950145,7055422,NC
-0.09398073612871365,7055423,NC
-0.09885809285983302,7055424,NC
-0.10373541460041986,7055425,NC
-0.08361270157809955,7055426,NC
-0.07848995402056151,7055427,NC
-0.08336717215555971,7055428,NC
-0.07824435621091158,7055429,NC
-0.07812150641449793,7055430,NC
-0.08799862299426217,7055431,NC
-0.08287570617821012,7055432,NC
-0.0727527561944097,7055433,NC
-0.07762977327099041,7055434,NC
-0.07750675763614268,7055435,NC
-0.09738370951811764,7055436,NC
-0.10226062914522686,7055437,NC
-0.08713751674584175,7055438,NC
-0.07201437254839299,7055439,NC
-0.07189119678137024,7055440,NC
-0.08176798967332194,7055441,NC
-0.08664475145285457,7055442,NC
-0.08152148234863241,7055443,NC
-0.0813981825893769,7055444,NC
-0.061274852403866334,7055445,NC
-0.061151492020935685,7055446,NC
-0.0660281016694759,7055447,NC
-0.07590468157843337,7055448,NC
-0.0757812319768097,7055449,NC
-0.07565775309366138,7055450,NC
-0.055534245158099266,7055451,NC
-0.03541070839928791,7055452,NC
-0.04028714304644539,7055453,NC
-0.04516354932884297,7055454,NC
-0.03503992747580449,7055455,NC
-0.014916277716706127,7055456,NC
0.00020739971902462156,7055457,NC
0.020331104601908442,7055458,NC
0.005454836702415238,7055459,NC
-0.004421404209035657,7055460,NC
-0.004297618362074828,7055461,NC
0.020826194013617495,7055462,NC
0.04595003268831167,7055463,NC
0.05607389743222933,7055464,NC
0.051197788015543796,7055465,NC
0.05132170420838054,7055466,NC
0.04144564578081728,7055467,NC
0.04656961250288471,7055468,NC
0.05669360414456698,7055469,NC
0.056817620475801994,7055470,NC
0.0419416612664817,7055471,NC
0.022065726286452772,7055472,NC
0.017189815305516797,7055473,NC
0.027313928093431028,7055474,NC
0.03743806441990859,7055475,NC
0.037562224054618794,7055476,NC
0.022686406767187695,7055477,NC
-0.002189387672801321,7055478,NC
0.0029348405041927563,7055479,NC
0.01305909106766881,7055480,NC
0.03318336378708416,7055481,NC
0.028307658431855225,7055482,NC
0.01843197477135769,7055483,NC
-0.01144368742507314,7055484,NC
-0.006319328388141798,7055485,NC
0.003805051651407945,7055486,NC
0.003929452462793356,7055487,NC
-0.015946126184807008,7055488,NC
-0.03582168452225262,7055489,NC
-0.03569722278044072,7055490,NC
-0.03557274119030564,7055491,NC
-0.015448239982818537,7055492,NC
0.009676280611012862,7055493,NC
0.009800820360144864,7055494,NC
-7.462096650160191e-05,7055495,NC
-0.014950043600040722,7055496,NC
-0.02482544777162153,7055497,NC
-0.009700833712427316,7055498,NC
0.005423798346324971,7055499,NC
0.005548448173384981,7055500,NC
-0.004326884462530769,7055501,NC
-0.0192021997927383,7055502,NC
-0.029077498048585494,7055503,NC
-0.003952779461452245,7055504,NC
0.0011719557372506222,7055505,NC
0.011296707316081149,7055506,NC
-0.0035785249564327043,7055507,NC
-0.008453741311793259,7055508,NC
-0.0033289419815320425,7055509,NC
0.016795872802790063,7055510,NC
0.02692070280958351,7055511,NC
0.027045547807230647,7055512,NC
0.012170407564086038,7055513,NC
0.002295281848476682,7055514,NC
0.002420170428702623,7055515,NC
0.01754507307303755,7055516,NC
0.032669989549729044,7055517,NC
0.04779491962699886,7055518,NC
0.037919863073043535,7055519,NC
0.013044819656035034,7055520,NC
-0.02183021085587939,7055521,NC
-0.006705228694576097,7055522,NC
0.02841976590804473,7055523,NC
0.05354477272006011,7055524,NC
0.07366979150952414,7055525,NC
0.08879482204446898,7055526,NC
0.10391986409290473,7055527,NC
0.1590449174228202,7055528,NC
0.22916998180218331,7055529,NC
0.30929505699894166,7055530,NC
0.37942014278102243,7055531,NC
0.4195452389163333,7055532,NC
0.44967034517276283,7055533,NC
0.4447954613181807,7055534,NC
0.3949205871204383,7055535,NC
0.300045722347369,7055536,NC
0.2151708667667889,7055537,NC
0.20529602014649673,7055538,NC
0.275421182254275,7055539,NC
0.41554635285788943,7055540,NC
0.6056715317250907,7055541,NC
0.7607967186236136,7055542,NC
0.9009219133211783,7055543,NC
0.9810471155854903,7055544,NC
0.9911723251842413,7055545,NC
0.9062975418851092,7055546,L
0.7864227654557588,7055547,NC
0.6965479956638421,7055548,NC
0.6266732322769989,7055549,NC
0.531798475062857,7055550,NC
0.46192372378903274,7055551,NC
0.38704897822313156,7055552,NC
0.30217423813274813,7055553,NC
0.2122995032854672,7055554,NC
0.08242477344886352,7055555,NC
0.0025500483905028315,7055556,NC
-0.057324672122058315,7055557,NC
-0.06219938832127146,7055558,NC
-0.0520741004395965,7055559,NC
-0.026948808709500546,7055560,NC
-0.006823513363458185,7055561,NC
0.0083017853660496,7055562,NC
0.028427087246535313,7055563,NC
0.05855239204550561,7055564,NC
0.0786776995304619,7055565,NC
0.08380300946890061,7055566,NC
0.06892832162831343,7055567,NC
0.06405363577618793,7055568,NC
0.059178951680008286,7055569,NC
0.07430426910725503,7055570,NC
0.08942958782540623,7055571,NC
0.09455490760193722,7055572,NC
0.08968022820432167,7055573,NC
0.07980554940003144,7055574,NC
0.0799308709565376,7055575,NC
0.09505619264131018,7055576,NC
0.11018151422181938,7055577,NC
0.12030683546553518,7055578,NC
0.1104321561399286,7055579,NC
0.09055747601247138,7055580,NC
0.10068279485063682,7055581,NC
0.11080811242190026,7055582,NC
0.13093342849373943,7055583,NC
0.1310587428336346,7055584,NC
0.1261840552090694,7055585,NC
0.13630936538753108,7055586,NC
0.1464346731365111,7055587,NC
0.15655997822350526,7055588,NC
0.18168528041601423,7055589,NC
0.18681057948154434,7055590,NC
0.1619358751876074,7055591,NC
0.14206116730172177,7055592,NC
0.13218645559141218,7055593,NC
0.14231173982421055,7055594,NC
0.16243701976765643,7055595,NC
0.16756229518929736,7055596,NC
0.16768756585668906,7055597,NC
0.16781283153739612,7055598,NC
0.16793809199899254,7055599,NC
0.18306334700906196,7055600,NC
0.19818859633519803,7055601,NC
0.2033138397450049,7055602,NC
0.20843907700609784,7055603,NC
0.21856430788610368,7055604,NC
0.21868953215266074,7055605,NC
0.22381474957341968,7055606,NC
0.2539399599160441,7055607,NC
0.26906516294821053,7055608,NC
0.2591903584376091,7055609,NC
0.2593155461519441,7055610,NC
0.2644407258589338,7055611,NC
0.2845658973263118,7055612,NC
0.2946910603218269,7055613,NC
0.2998162146132434,7055614,NC
0.30494135996834193,7055615,NC
0.30506649615491965,7055616,NC
0.3151916229407908,7055617,NC
0.335316740093787,7055618,NC
0.3554418473817575,7055619,NC
0.3555669445725703,7055620,NC
0.36069203143411205,7055621,NC
0.3558171077342883,7055622,NC
0.3659421732410244,7055623,NC
0.3760672277222654,7055624,NC
0.39619227094597753,7055625,NC
0.4163173026801472,7055626,NC
0.41144232269278247,7055627,NC
0.4165673307519129,7055628,NC
0.4166923266255905,7055629,NC
0.44181731008189,7055630,NC
0.4669422808889088,7055631,NC
0.4870672388147678,7055632,NC
0.4871921836276121,7055633,NC
0.48731711509561093,7055634,NC
0.5024420329869584,7055635,NC
0.5075669370698735,7055636,NC
0.5476918271126012,7055637,NC
0.5428167028834125,7055638,NC
0.5379415641506047,7055639,NC
0.503066410682502,7055640,NC
0.49819124224745587,7055641,NC
0.4983160586138461,7055642,NC
0.49844085955008005,7055643,NC
0.47356564482459407,7055644,NC
0.45869041420585316,7055645,NC
0.41881516746235226,7055646,NC
0.3939399043626162,7055647,NC
0.3840646246751999,7055648,NC
0.38918932816868906,7055649,NC
0.3643140146117008,7055650,NC
0.329438683772884,7055651,NC
0.30456333542091907,7055652,NC
0.28968796932451935,7055653,NC
0.2798125852524309,7055654,NC
0.2799371829734334,7055655,NC
0.27006176225634004,7055656,NC
0.25518632286999826,7055657,NC
0.2203108645832902,7055658,NC
0.2254353871651331,7055659,NC
0.23055989038447972,7055660,NC
0.23568437401031864,7055661,NC
0.23080883781167474,7055662,NC
0.22093328155760986,7055663,NC
0.20105770501722306,7055664,NC
0.1911821079596509,7055665,NC
0.20130649015406796,7055666,NC
0.2064308513696875,7055667,NC
0.20655519137576175,7055668,NC
0.19667950994158204,7055669,NC
0.18180380683647965,7055670,NC
0.17192808182982583,7055671,NC
0.17705233469103304,7055672,NC
0.18217656518955427,7055673,NC
0.19230077309488414,7055674,NC
0.18242495817655918,7055675,NC
0.19254912020415832,7055676,NC
0.17267325894730343,7055677,NC
0.17779737417565927,7055678,NC
0.1779214656589343,7055679,NC
0.17804553316688118,7055680,NC
0.1831695764692971,7055681,NC
0.1782935953360239,7055682,NC
0.17341758953694889,7055683,NC
0.1785415588420052,7055684,NC
0.1886655030211722,7055685,NC
0.19378942184447573,7055686,NC
0.18391331508198877,7055687,NC
0.17403718250383157,7055688,NC
0.16916102388017265,7055689,NC
0.1842848389812287,7055690,NC
0.19940862757726496,7055691,NC
0.19953238943859608,7055692,NC
0.18465612433558626,7055693,NC
0.17977983203864978,7055694,NC
0.16490351231825123,7055695,NC
0.17502716494490617,7055696,NC
0.19515078968918148,7055697,NC
0.18027438632169587,7055698,NC
0.18039795461312005,7055699,NC
0.16052149433417723,7055700,NC
0.1706450052556439,7055701,NC
0.17076848714834994,7055702,NC
0.1758919397831789,7055703,NC
0.1860153629310687,7055704,NC
0.1661387563630121,7055705,NC
0.15126211985005678,7055706,NC
0.14638545316330626,7055707,NC
0.17150875607391977,7055708,NC
0.171632028353113,7055709,NC
0.16175526977215865,7055710,NC
0.15187848010238664,7055711,NC
0.13700165911518442,7055712,NC
0.12712480658199754,7055713,NC
0.13724792227433028,7055714,NC
0.14737100596374586,7055715,NC
0.1524940574218667,7055716,NC
0.137617076420375,7055717,NC
0.12774006273101354,7055718,NC
0.1328630161255853,7055719,NC
0.13798593637595474,7055720,NC
0.13810882325404744,7055721,NC
0.14323167653185132,7055722,NC
0.11335449598141617,7055723,NC
0.10347728137485501,7055724,NC
0.10860003248434363,7055725,NC
0.10372274908212184,7055726,NC
0.12384543094049306,7055727,NC
0.11896807783182561,7055728,NC
0.10909068952855235,7055729,NC
0.10921326580317148,7055730,NC
0.08933580642824712,7055731,NC
0.10945831117640945,7055732,NC
0.11958077982035514,7055733,NC
0.11970321213284782,7055734,NC
0.10482560788671877,7055735,NC
0.08494796685486676,7055736,NC
0.10007028881025919,7055737,NC
0.10519257352593178,7055738,NC
0.12031482077498964,7055739,NC
0.11543703033060715,7055740,NC
0.1005592019660289,7055741,NC
0.11568133545456952,7055742,NC
0.11580343056961474,7055743,NC
0.1409254870846212,7055744,NC
0.15604750477311743,7055745,NC
0.14616948340870384,7055746,NC
0.1462914227650532,7055747,NC
0.11641332261591149,7055748,NC
0.11153518273509762,7055749,NC
0.13165700289650456,7055750,NC
0.1417787828740991,7055751,NC
0.13690052244192288,7055752,NC
0.13202222137409228,7055753,NC
0.13714387944479928,7055754,NC
0.14226549642831143,7055755,NC
0.1473870720989729,7055756,NC
0.172508606231204,7055757,NC
0.17763009859950268,7055758,NC
0.16275154897844385,7055759,NC
0.15287295714268073,7055760,NC
0.1329943228669446,7055761,NC
0.14311564592604573,7055762,NC
0.15323692609487327,7055763,NC
0.14335816314839625,7055764,NC
0.1334793568616635,7055765,NC
0.10860050700980423,7055766,NC
0.0987216133680287,7055767,NC
0.09884267571162819,7055768,NC
0.10896369381597587,7055769,NC
0.10908466745652672,7055770,NC
0.08920559640881853,7055771,NC
0.0743264804484717,7055772,NC
0.06944731935119029,7055773,NC
0.08456811289276177,7055774,NC
0.09468886084905812,7055775,NC
0.08480956299603551,7055776,NC
0.07493021910973555,7055777,NC
0.0450508289662849,7055778,NC
0.05517139234189615,7055779,NC
0.05529190901286822,7055780,NC
0.05541237875558672,7055781,NC
0.06053280134652419,7055782,NC
0.04065317656224061,7055783,NC
0.005773504179384076,7055784,NC
0.010893783974690964,7055785,NC
0.016014015724986244,7055786,NC
0.04613419920718402,7055787,NC
0.041254334198288195,7055788,NC
0.041374420475392346,7055789,NC
0.01149445781568072,7055790,NC
-0.003385554003571923,7055791,NC
-0.0182656152049993,7055792,NC
-0.008145726011143835,7055793,NC
-0.01802588664445556,7055794,NC
-0.01790609732729233,7055795,NC
-0.02778635828191911,7055796,NC
-0.04266666973050744,7055797,NC
-0.037547031895135155,7055798,NC
-0.02242744499778617,7055799,NC
-0.012307909260349869,7055800,NC
-0.017188424904620567,7055801,NC
-0.03206899215229722,7055802,NC
-0.04694961122498322,7055803,NC
-0.03183028234418578,7055804,NC
-0.01671100573131531,7055805,NC
-0.016591781607685558,7055806,NC
-0.031472610194512564,7055807,NC
-0.0613534917129148,7055808,NC
-0.04123442638391253,7055809,NC
-0.04111541442842723,7055810,NC
-0.020996456067281337,7055811,NC
-0.04587755152119802,7055812,NC
-0.05075870101080061,7055813,NC
-0.05063990475661197,7055814,NC
-0.07052116297905434,7055815,NC
-0.04540247589844899,7055816,NC
-0.03528384373501577,7055817,NC
-0.03016526670887241,7055818,NC
-0.03504674504003438,7055819,NC
-0.04992827894841456,7055820,NC
-0.06480986865382271,7055821,NC
-0.04969151437596496,7055822,NC
-0.039573216334443426,7055823,NC
-0.02445497474875606,7055824,NC
-0.019336789838296026,7055825,NC
-0.009218661822351357,7055826,NC
0.0008994090798956217,7055827,NC
0.026017422649368536,7055828,NC
0.08113537866709727,7055829,NC
0.12125327691421847,7055830,NC
0.16137111717197614,7055831,NC
0.21148889922172184,7055832,NC
0.22160662284491509,7055833,NC
0.25172428782312367,7055834,NC
0.23184189393802443,7055835,NC
0.2119594409714034,7055836,NC
0.1170769287051561,7055837,NC
0.01719435692128813,7055838,NC
-0.07768827459808461,7055839,NC
-0.1175709660707349,7055840,NC
-0.07245371771432482,7055841,NC
0.0026634702535954305,7055842,NC
0.0877805976155876,7055843,NC
0.19789766415432603,7055844,NC
0.3330146696525979,7055845,NC
0.46813161389330354,7055846,NC
0.578248496659457,7055847,NC
0.6583653177341863,7055848,NC
0.6934820769007342,7055849,NC
0.673598773942458,7055850,L
0.5787154086428304,7055851,NC
0.4738319807854399,7055852,NC
0.39394849015399097,7055853,NC
0.3390649365323045,7055854,NC
0.26918131970431824,7055855,NC
0.18429763945408734,7055856,NC
0.12941389556578453,7055857,NC
0.059530087823700756,7055858,NC
0.009646216012245273,7055859,NC
-0.0802377200840538,7055860,NC
-0.17012172068054887,7055861,NC
-0.25500578599247276,7055862,NC
-0.3048899162349383,7055863,NC
-0.3147741116229378,7055864,NC
-0.3146583723713426,7055865,NC
-0.27454269869490283,7055866,NC
-0.269427090808247,7055867,NC
-0.24931154892588145,7055868,NC
-0.21419607326219037,7055869,NC
-0.18908066403143442,7055870,NC
-0.14896532144775157,7055871,NC
-0.14385004572515597,7055872,NC
-0.1337348370775378,7055873,NC
-0.15361969571866255,7055874,NC
-0.14850462186217092,7055875,NC
-0.15338961572157855,7055876,NC
-0.13327467751027536,7055877,NC
-0.13815980744152506,7055878,NC
-0.1530450057284651,7055879,NC
-0.15293027258410605,7055880,NC
-0.1428156082213313,7055881,NC
-0.13770101285289651,7055882,NC
-0.12258648669142938,7055883,NC
-0.11747202994942918,7055884,NC
-0.12735764283926643,7055885,NC
-0.12724332557318252,7055886,NC
-0.12712907836328902,7055887,NC
-0.11701490142156759,7055888,NC
-0.10690079495986965,7055889,NC
-0.11178675918991579,7055890,NC
-0.11667279432329536,7055891,NC
-0.12155890057146608,7055892,NC
-0.12644507814575393,7055893,NC
-0.11633132725735248,7055894,NC
-0.10121764811732252,7055895,NC
-0.10110404093659159,7055896,NC
-0.11099050592595391,7055897,NC
-0.09587704329606989,7055898,NC
-0.0957636532574653,7055899,NC
-0.07565033602053137,7055900,NC
-0.060537091795524356,7055901,NC
-0.06042392079256501,7055902,NC
-0.07031082322163804,7055903,NC
-0.06519779929259217,7055904,NC
-0.060084849215139256,7055905,NC
-0.059971973198854236,7055906,NC
-0.024859171453174712,7055907,NC
-0.019746444187400305,7055908,NC
-0.024633791610692457,7055909,NC
-0.03952121393207414,7055910,NC
-0.03440871136042939,7055911,NC
-0.004296284104502737,7055912,NC
0.01581606762710106,7055913,NC
0.010928343625917228,7055914,NC
0.006040543683621467,7055915,NC
-0.00384733240796941,7055916,NC
-0.0037352848568973362,7055917,NC
0.03137668612893729,7055918,NC
0.03648858034177617,7055919,NC
0.061600397574003624,7055920,NC
0.05671213761814654,7055921,NC
0.06682380026687532,7055922,NC
0.05693538531300367,7055923,NC
0.08204689254948958,7055924,NC
0.09715832176943513,7055925,NC
0.10726967276608745,7055926,NC
0.11738094533283855,7055927,NC
0.09749213926322603,7055928,NC
0.10760325435093349,7055929,NC
0.11771429038979084,7055930,NC
0.13782524717377453,7055931,NC
0.14293612449700804,7055932,NC
0.1280469221537625,7055933,NC
0.1181576399384566,7055934,NC
0.1282682776456575,7055935,NC
0.1533788350700807,7055936,NC
0.17848931200659085,7055937,NC
0.1835997082502017,7055938,NC
0.17371002359607704,7055939,NC
0.17882025783953048,7055940,NC
0.16393041077602633,7055941,NC
0.19904048220117956,7055942,NC
0.2191504719107566,7055943,NC
0.21926037970067536,7055944,NC
0.19937020536700564,7055945,NC
0.1744799487059699,7055946,NC
0.1595896095139432,7055947,NC
0.1496991875874537,7055948,NC
0.14980868272318304,7055949,NC
0.12491809471796701,7055950,NC
0.10002742336879528,7055951,NC
0.060136668472812516,7055952,NC
0.03024582982731809,7055953,NC
0.015354907229767081,7055954,NC
0.015463900477770035,7055955,NC
-0.009427190630906086,7055956,NC
-0.03431836629833806,7055957,NC
-0.05920962672644547,7055958,NC
-0.07910097211699096,7055959,NC
-0.08399240267157923,7055960,NC
-0.07888391859165719,7055961,NC
-0.0937755200785132,7055962,NC
-0.11866720733327688,7055963,NC
-0.1485589805569189,7055964,NC
-0.16345083995025006,7055965,NC
-0.16334278571392166,7055966,NC
-0.1582348180484244,7055967,NC
-0.1531269371540887,7055968,NC
-0.16801914323108358,7055969,NC
-0.19791143647941709,7055970,NC
-0.19280381709893518,7055971,NC
-0.19769628528932198,7055972,NC
-0.1875888412500989,7055973,NC
-0.19748148518062475,7055974,NC
-0.20737421728009475,7055975,NC
-0.222267037747541,7055976,NC
-0.22215994678183112,7055977,NC
-0.21205294458166885,7055978,NC
-0.1919460313455929,7055979,NC
-0.1918392072719771,7055980,NC
-0.19673247255902987,7055981,NC
-0.2116258274047937,7055982,NC
-0.2315192720071448,7055983,NC
-0.22141280656379314,7055984,NC
-0.18630643127228158,7055985,NC
-0.19620014632998578,7055986,NC
-0.2210939519341138,7055987,NC
-0.21598784828170545,7055988,NC
-0.22588183556963254,7055989,NC
-0.2107759139945978,7055990,NC
-0.20067008375313516,7055991,NC
-0.20056434504160878,7055992,NC
-0.19545869805621324,7055993,NC
-0.22035314299297293,7055994,NC
-0.21024768004774141,7055995,NC
-0.20514230941620148,7055996,NC
-0.19503703129386477,7055997,NC
-0.19993184587607118,7055998,NC
-0.21482675335798854,7055999,NC
-0.22472175393461227,7056000,NC
-0.22961684780076516,7056001,NC
-0.229512035151097,7056002,NC
-0.20440731618008387,7056003,NC
-0.20930269108202817,7056004,NC
-0.21919816005105816,7056005,NC
-0.23409372328112749,7056006,NC
-0.228989380966015,7056007,NC
-0.22388513329932416,7056008,NC
-0.2087809804744828,7056009,NC
-0.22867692268474296,7056010,NC
-0.22857296012318024,7056011,NC
-0.24846909298269346,7056012,NC
-0.2583653214560045,7056013,NC
-0.2532616457356578,7056014,NC
-0.24315806601402007,7056015,NC
-0.2530545824832799,7056016,NC
-0.26295119533544725,7056017,NC
-0.2628479047623534,7056018,NC
-0.2777447109556505,7056019,NC
-0.2676416141068109,7056020,NC
-0.25753861440712733,7056021,NC
-0.252435712047712,7056022,NC
-0.27733290721949677,7056023,NC
-0.29223020011323236,7056024,NC
-0.30712759091948827,7056025,NC
-0.29702507982865217,7056026,NC
-0.2869226670309299,7056027,NC
-0.28682035271634476,7056028,NC
-0.2917181370747374,7056029,NC
-0.2966160202957654,7056030,NC
-0.3065140025689029,7056031,NC
-0.2864120840834402,7056032,NC
-0.2813102650284835,7056033,NC
-0.2862085455929544,7056034,NC
-0.30110692596558986,7056035,NC
-0.31600540633494156,7056036,NC
-0.32590398688937566,7056037,NC
-0.3108026678170722,7056038,NC
-0.2957014493060254,7056039,NC
-0.3006003315440425,7056040,NC
-0.3004993147187442,7056041,NC
-0.3203983990175635,7056042,NC
-0.325297584627746,7056043,NC
-0.30519687173634924,7056044,NC
-0.2950962605302426,7056045,NC
-0.2949957511961066,7056046,NC
-0.2948953439204327,7056047,NC
-0.2997950388895232,7056048,NC
-0.29969483628949056,7056049,NC
-0.28459473630625726,7056050,NC
-0.27449473912555516,7056051,NC
-0.28439484493292566,7056052,NC
-0.2792950539137189,7056053,NC
-0.2891953662530937,7056054,NC
-0.29409578213601695,7056055,NC
-0.27899630174726353,7056056,NC
-0.2638969252714158,7056057,NC
-0.2537976528928634,7056058,NC
-0.25869848479580276,7056059,NC
-0.26859942116423674,7056060,NC
-0.2685004621819745,7056061,NC
-0.253401608032631,7056062,NC
-0.2383028588996266,7056063,NC
-0.2532042149661869,7056064,NC
-0.2631056764153422,7056065,NC
-0.2980072434299275,7056066,NC
-0.3079089161925817,7056067,NC
-0.30281069488574747,7056068,NC
-0.287712579691671,7056069,NC
-0.2976145707924018,7056070,NC
-0.3175166683697918,7056071,NC
-0.34741887260549564,7056072,NC
-0.3573211836809697,7056073,NC
-0.3522236017774726,7056074,NC
-0.34212612707606416,7056075,NC
-0.34702875975760517,7056076,NC
-0.3519315000027572,7056077,NC
-0.36683434799198256,7056078,NC
-0.3667373039055433,7056079,NC
-0.3616403679235014,7056080,NC
-0.36654354022571806,7056081,NC
-0.3714468209918537,7056082,NC
-0.38635021040136763,7056083,NC
-0.41125370863351735,7056084,NC
-0.41615731586735843,7056085,NC
-0.41606103228174435,7056086,NC
-0.395964858055326,7056087,NC
-0.4258687933665512,7056088,NC
-0.4407728383936647,7056089,NC
-0.4506769933147075,7056090,NC
-0.43558125830751687,7056091,NC
-0.4304856335497258,7056092,NC
-0.4103901192187627,7056093,NC
-0.4302947154918509,7056094,NC
-0.45019942254600886,7056095,NC
-0.45010424055804926,7056096,NC
-0.455009169704579,7056097,NC
-0.4449142101619986,7056098,NC
-0.43481936210650224,7056099,NC
-0.4447246257140773,7056100,NC
-0.4546300011605036,7056101,NC
-0.46453548862135396,7056102,NC
-0.4794410882719929,7056103,NC
-0.484346800287577,7056104,NC
-0.46425262484305435,7056105,NC
-0.44915856211316424,7056106,NC
-0.46906461227243673,7056107,NC
-0.48397077549519246,7056108,NC
-0.47887705195554237,7056109,NC
-0.47878344182738714,7056110,NC
-0.46868994528441704,7056111,NC
-0.4635965625001117,7056112,NC
-0.4835032936477397,7056113,NC
-0.508410138900358,7056114,NC
-0.503317098430812,7056115,NC
-0.4832241724117352,7056116,NC
-0.47813136101554843,7056117,NC
-0.4780386644144599,7056118,NC
-0.4779460827804652,7056119,NC
-0.48785361628534607,7056120,NC
-0.48276126510067097,7056121,NC
-0.4676690293977942,7056122,NC
-0.45257690934785605,7056123,NC
-0.4574849051217819,7056124,NC
-0.45239301689028244,7056125,NC
-0.47230124482385316,7056126,NC
-0.48720958909277384,7056127,NC
-0.4671180498671084,7056128,NC
-0.4370266273167048,7056129,NC
-0.4269353216111943,7056130,NC
-0.41184413291999156,7056131,NC
-0.39675306141229394,7056132,NC
-0.38166210725708144,7056133,NC
-0.32657127062311636,7056134,NC
-0.2614805516789428,7056135,NC
-0.1863899505928867,7056136,NC
-0.16129946753305516,7056137,NC
-0.15620910266733637,7056138,NC
-0.1511188561633991,7056139,NC
-0.1810287281886927,7056140,NC
-0.2009387189104464,7056141,NC
-0.2858488284956693,7056142,NC
-0.3957590571111499,7056143,NC
-0.490669404923456,7056144,NC
-0.5855798720989338,7056145,NC
-0.5904904588037085,7056146,NC
-0.5504011652036835,7056147,NC
-0.46531199146453983,7056148,NC
-0.3802229377517362,7056149,NC
-0.2551340042305087,7056150,NC
-0.12504519106587036,7056151,NC
0.010043501577389126,7056152,NC
0.11513207353470355,7056153,NC
0.17522052464173085,7056154,NC
0.205308854734353,7056155,NC
0.1853970636486767,7056156,NC
0.12048515122103326,7056157,L
0.04057311728797939,7056158,NC
-0.029339038313702964,7056159,NC
-0.10925131574700592,7056160,NC
-0.1741637151746957,7056161,NC
-0.24407623675931217,7056162,NC
-0.2989888806631683,7056163,NC
-0.3339016470483505,7056164,NC
-0.3488145360767174,7056165,NC
-0.3987275479099008,7056166,NC
-0.4586406827093037,7056167,NC
-0.5435539406361017,7056168,NC
-0.6134673218512419,7056169,NC
-0.6583808265154419,7056170,NC
-0.6782944547891913,7056171,NC
-0.6832082068327495,7056172,NC
-0.6731220828061467,7056173,NC
-0.673036082869183,7056174,NC
-0.6479502071814283,7056175,NC
-0.6228644559022217,7056176,NC
-0.5977788291906722,7056177,NC
-0.5726933272056567,7056178,NC
-0.5726079501058214,7056179,NC
-0.5725226980495804,7056180,NC
-0.5774375711951161,7056181,NC
-0.5723525697003781,7056182,NC
-0.5622676937230839,7056183,NC
-0.572182943420718,7056184,NC
-0.5720983189505315,7056185,NC
-0.5870138204695421,7056186,NC
-0.5819294481345338,7056187,NC
-0.5518452021020567,7056188,NC
-0.5417610825284261,7056189,NC
-0.541677089569723,7056190,NC
-0.5465932233817937,7056191,NC
-0.5615094841202486,7056192,NC
-0.5564258719404631,7056193,NC
-0.5413423869975768,7056194,NC
-0.5412590294464928,7056195,NC
-0.5361757994418785,7056196,NC
-0.5460926971381641,7056197,NC
-0.5460097226895428,7056198,NC
-0.5509268762499712,7056199,NC
-0.5308441579731678,7056200,NC
-0.5207615680126132,7056201,NC
-0.5256791065215506,7056202,NC
-0.5105967736529842,7056203,NC
-0.5355145695596799,7056204,NC
-0.5204324943941643,7056205,NC
-0.5053505483087252,7056206,NC
-0.4952687314554105,7056207,NC
-0.47518704398602885,7056208,NC
-0.47510548605214825,7056209,NC
-0.4850240578050966,7056210,NC
-0.4949427593959611,7056211,NC
-0.4648615909755884,7056212,NC
-0.4547805526945834,7056213,NC
-0.42969964470330985,7056214,NC
-0.42961886715188974,7056215,NC
-0.434538220190203,7056216,NC
-0.4444577039678873,7056217,NC
-0.4193773186343375,7056218,NC
-0.40429706433870594,7056219,NC
-0.3942169412299017,7056220,NC
-0.38413694945659027,7056221,NC
-0.3790570891671936,7056222,NC
-0.38897736050988974,7056223,NC
-0.3638977636326124,7056224,NC
-0.3438182986830508,7056225,NC
-0.32373896580864947,7056226,NC
-0.32365976515660766,7056227,NC
-0.33858069687387937,7056228,NC
-0.3185017611071732,7056229,NC
-0.3034229580029516,7056230,NC
-0.273344287707431,7056231,NC
-0.2582657503665815,7056232,NC
-0.25818734612612615,7056233,NC
-0.2731090751315415,7056234,NC
-0.25803093752805656,7056235,NC
-0.24295293346065283,7056236,NC
-0.21787506307406426,7056237,NC
-0.20779732651277666,7056238,NC
-0.20771972392102747,7056239,NC
-0.2126422554428054,7056240,NC
-0.21756492122185075,7056241,NC
-0.1924877214016544,7056242,NC
-0.17241065612545792,7056243,NC
-0.1523337255362532,7056244,NC
-0.17725692977678226,7056245,NC
-0.16718026898953695,7056246,NC
-0.14710374331675874,7056247,NC
-0.12202735290043834,7056248,NC
-0.11195109788231537,7056249,NC
-0.08187497840387847,7056250,NC
-0.11179899460636468,7056251,NC
-0.10172314663075925,7056252,NC
-0.12664743461779543,7056253,NC
-0.12157185870795421,7056254,NC
-0.12149641904146408,7056255,NC
-0.14642111575830075,7056256,NC
-0.17134594899818675,7056257,NC
-0.2062709189005914,7056258,NC
-0.2361960256047304,7056259,NC
-0.2511212692495658,7056260,NC
-0.2610466499738052,7056261,NC
-0.27597216791590207,7056262,NC
-0.31089782321405546,7056263,NC
-0.3508236160062092,7056264,NC
-0.37074954643005226,7056265,NC
-0.3906756146230181,7056266,NC
-0.39560182072228445,7056267,NC
-0.4155281648647736,7056268,NC
-0.43045464718715143,7056269,NC
-0.4603812678258272,7056270,NC
-0.48030802691695385,7056271,NC
-0.48523492459642725,7056272,NC
-0.4651619609998863,7056273,NC
-0.4600891362627125,7056274,NC
-0.49001645052002923,7056275,NC
-0.5099439039067027,7056276,NC
-0.5148714965573407,7056277,NC
-0.5197992286062922,7056278,NC
-0.49972710018764804,7056279,NC
-0.49965511143523994,7056280,NC
-0.5095832624826406,7056281,NC
-0.5295115534631631,7056282,NC
-0.5294399845098612,7056283,NC
-0.5193685557555283,7056284,NC
-0.5042972673326982,7056285,NC
-0.5142261193736442,7056286,NC
-0.5141551120103786,7056287,NC
-0.529084245374653,7056288,NC
-0.5290135195979582,7056289,NC
-0.5239429348115234,7056290,NC
-0.5238724911463161,7056291,NC
-0.5188021887330421,7056292,NC
-0.528732027702145,7056293,NC
-0.5536620081838063,7056294,NC
-0.5585921303079447,7056295,NC
-0.5385223942042161,7056296,NC
-0.5184528000020133,7056297,NC
-0.5133833478304662,7056298,NC
-0.5083140378184408,7056299,NC
-0.5332448700945392,7056300,NC
-0.5431758447870999,7056301,NC
-0.5381069620241968,7056302,NC
-0.5230382219336397,7056303,NC
-0.5179696246429732,7056304,NC
-0.5229011702794772,7056305,NC
-0.5328328589701665,7056306,NC
-0.5127646908417902,7056307,NC
-0.4976966660208321,7056308,NC
-0.48762878463350967,7056309,NC
-0.4725610468057746,7056310,NC
-0.4874934526633118,7056311,NC
-0.5074260023315402,7056312,NC
-0.5273586959356112,7056313,NC
-0.5372915336004098,7056314,NC
-0.5172245154505531,7056315,NC
-0.49715764161039105,7056316,NC
-0.5120909122040057,7056317,NC
-0.5320243273552112,7056318,NC
-0.5269578871875533,7056319,NC
-0.5268915918243094,7056320,NC
-0.5118254413884884,7056321,NC
-0.5117594360028299,7056322,NC
-0.5216935757898048,7056323,NC
-0.5366278608716143,7056324,NC
-0.5665622913701902,7056325,NC
-0.5614968674071943,7056326,NC
-0.5564315891040186,7056327,NC
-0.5563664565817846,7056328,NC
-0.5613014699613436,7056329,NC
-0.5562366293632758,7056330,NC
-0.5711719349078908,7056331,NC
-0.5611073867152269,7056332,NC
-0.5410429849050509,7056333,NC
-0.5359787295968581,7056334,NC
-0.5459146209098722,7056335,NC
-0.5708506589630444,7056336,NC
-0.5707868438750541,7056337,NC
-0.5657231757643078,7056338,NC
-0.5556596547489393,7056339,NC
-0.5555962809468099,7056340,NC
-0.5505330544755074,7056341,NC
-0.5704699754523462,7056342,NC
-0.5604070439943674,7056343,NC
-0.5503442602183379,7056344,NC
-0.5352816242407511,7056345,NC
-0.5452191361778256,7056346,NC
-0.5451567961455059,7056347,NC
-0.5600946042594618,7056348,NC
-0.5650325606350882,7056349,NC
-0.5299706653875047,7056350,NC
-0.524908918631556,7056351,NC
-0.5248473204818109,7056352,NC
-0.5347858710525626,7056353,NC
-0.5447245704578285,7056354,NC
-0.5346634188113496,7056355,NC
-0.5146024162265906,7056356,NC
-0.5045415628167399,7056357,NC
-0.4994808586947086,7056358,NC
-0.4944203039731313,7056359,NC
-0.499359898764365,7056360,NC
-0.49429964318048947,7056361,NC
-0.4792395373333071,7056362,NC
-0.4641795813343418,7056363,NC
-0.45911977529484005,7056364,NC
-0.48906011932576976,7056365,NC
-0.5140006135378207,7056366,NC
-0.5239412580414036,7056367,NC
-0.5188820529466505,7056368,NC
-0.5038229983634145,7056369,NC
-0.5087640944012692,7056370,NC
-0.508705341169509,7056371,NC
-0.5336467387771484,7056372,NC
-0.533588287332922,7056373,NC
-0.5235299869452844,7056374,NC
-0.5284718377224101,7056375,NC
-0.5334138397721928,7056376,NC
-0.5433559932022459,7056377,NC
-0.5532982981199014,7056378,NC
-0.5582407546322107,7056379,NC
-0.5281833628459435,7056380,NC
-0.5331261228675885,7056381,NC
-0.5280690348033524,7056382,NC
-0.5530120987591602,7056383,NC
-0.5779553148406547,7056384,NC
-0.5778986831531963,7056385,NC
-0.5878422038018631,7056386,NC
-0.572785876891451,7056387,NC
-0.5927297025264722,7056388,NC
-0.6026736808111564,7056389,NC
-0.6076178118494497,7056390,NC
-0.5975620957450156,7056391,NC
-0.5725065326012329,7056392,NC
-0.552451122521197,7056393,NC
-0.5473958656077198,7056394,NC
-0.5673407619633283,7056395,NC
-0.5922858116902653,7056396,NC
-0.6022310148904892,7056397,NC
-0.6021763716656738,7056398,NC
-0.5871218821172074,7056399,NC
-0.5820675463461935,7056400,NC
-0.5820133644534502,7056401,NC
-0.5869593365395103,7056402,NC
-0.5919054627046204,7056403,NC
-0.5868517430487418,7056404,NC
-0.5817981776715493,7056405,NC
-0.5817447666724316,7056406,NC
-0.591691510150491,7056407,NC
-0.5966384082045431,7056408,NC
-0.5965854609331167,7056409,NC
-0.5915326684344535,7056410,NC
-0.5914800308065082,7056411,NC
-0.5864275481469483,7056412,NC
-0.5863752205531533,7056413,NC
-0.5963230481222153,7056414,NC
-0.5912710309509382,7056415,NC
-0.5862191691358385,7056416,NC
-0.5761674627731436,7056417,NC
-0.581115911958793,7056418,NC
-0.5910645167884374,7056419,NC
-0.6060132773574387,7056420,NC
-0.61096219376087,7056421,NC
-0.5959112660935152,7056422,NC
-0.5708604944498685,7056423,NC
-0.5558098789241351,7056424,NC
-0.5607594196102305,7056425,NC
-0.5857091166017798,7056426,NC
-0.5906589699921188,7056427,NC
-0.5656089798742926,7056428,NC
-0.5455591463410562,7056429,NC
-0.530509469484874,7056430,NC
-0.5404599493979196,7056431,NC
-0.5354105861720759,7056432,NC
-0.5203613798989346,7056433,NC
-0.49031233066979607,7056434,NC
-0.4402634385756697,7056435,NC
-0.4152147037072728,7056436,NC
-0.39016612615503143,7056437,NC
-0.3551177060090795,7056438,NC
-0.3050694433592588,7056439,NC
-0.240021338295119,7056440,NC
-0.18497339090591752,7056441,NC
-0.1649256012806189,7056442,NC
-0.17487796950789514,7056443,NC
-0.18983049567612542,7056444,NC
-0.24478317987339573,7056445,NC
-0.3197360221874989,7056446,NC
-0.39968902270593426,7056447,NC
-0.49464218151590783,7056448,NC
-0.5745954987043319,7056449,NC
-0.6245489743578245,7056450,NC
-0.5895026085627102,7056451,NC
-0.49945640140501896,7056452,NC
-0.3894103529704866,7056453,NC
-0.26936446334455444,7056454,NC
-0.149318732612369,7056455,NC
-0.054273160858782046,7056456,NC
0.040772251831649634,7056457,NC
0.1258175053746643,7056458,NC
0.1608625996862956,7056459,NC
