channel_0,sample #,type
0.07459862114900591,6574601,NC
0.059673308589054674,6574602,NC
0.034747966027353965,6574603,NC
0.019822593373123334,6574604,NC
0.009897190535618935,6574605,NC
0.014971757424133621,6574606,NC
0.015046293947997063,6574607,NC
0.005120800016575847,6574608,NC
-0.0198047244607264,6574609,NC
-0.03473027957446892,6574610,NC
-0.034655865415173695,6574611,NC
-0.019581482073325343,6574612,NC
-0.014507129639371015,6574613,NC
-0.014432808203720272,6574614,NC
-0.049358517856744985,6574615,NC
-0.05928425868877925,6574616,NC
-0.059210030790119175,6574617,NC
-0.04413583425102294,6574618,NC
-0.03406166916171051,6574619,NC
-0.03898753561236369,6574620,NC
-0.053913433693125845,6574621,NC
-0.058839363494101966,6574622,NC
-0.0537653251053584,6574623,NC
-0.05369131861692286,6574624,NC
-0.043617344118784256,6574625,NC
-0.04854340170089258,6574626,NC
-0.06346949145315886,6574627,NC
-0.06839561346545497,6574628,NC
-0.07332176782761357,6574629,NC
-0.053247954629427975,6574630,NC
-0.05817417396065207,6574631,NC
-0.06310042591100015,6574632,NC
-0.08302671057014692,6574633,NC
-0.09795302802772722,6574634,NC
-0.08287937837333609,6574635,NC
-0.07280576169652851,6574636,NC
-0.06273217808681941,6574637,NC
-0.0626586276336835,6574638,NC
-0.06758511042655518,6574639,NC
-0.08251162655482838,6574640,NC
-0.08743817610785656,6574641,NC
-0.062364759174952475,6574642,NC
-0.04729137584538819,6574643,NC
-0.06721802620839484,6574644,NC
-0.07214471035316268,6574645,NC
-0.0820714283688408,6574646,NC
-0.08199818034453714,6574647,NC
-0.07192496636931836,6574648,NC
-0.05685178653220971,6574649,NC
-0.0667786409221949,6574650,NC
-0.08170552962821608,6574651,NC
-0.09163245273917361,6574652,NC
-0.08655941034392609,6574653,NC
-0.07648640253129005,6574654,NC
-0.06141342939004012,6574655,NC
-0.07634049100890866,6574656,NC
-0.09126758747658584,6574657,NC
-0.1011947188817194,6574658,NC
-0.0911218853129146,6574659,NC
-0.09604908685873415,6574660,NC
-0.08097632360769802,6574661,NC
-0.10590359564828342,6574662,NC
-0.10583090306892459,6574663,NC
-0.1257582459580128,6574664,NC
-0.11568562440389613,6574665,NC
-0.11061303849487955,6574666,NC
-0.0955404883192245,6574667,NC
-0.11046797396514915,6574668,NC
-0.12039549552082797,6574669,NC
-0.1453230530743919,6574670,NC
-0.13025064671392797,6574671,NC
-0.12517827652747943,6574672,NC
-0.11010594260304554,6574673,NC
-0.12503364502858139,6574674,NC
-0.14496138389199792,6574675,NC
-0.1648891592811618,6574676,NC
-0.1548169712838952,6574677,NC
-0.15474481998797587,6574678,NC
-0.12967270548113685,6574679,NC
-0.12960062785106646,6574680,NC
-0.14952858718540823,6574681,NC
-0.16445658357176068,6574682,NC
-0.15438461709767734,6574683,NC
-0.14431268785066648,6574684,NC
-0.13424079591819127,6574685,NC
-0.1291689413876693,6574686,NC
-0.14909712434647282,6574687,NC
-0.15902534488192846,6574688,NC
-0.1539536030813172,6574689,NC
-0.1538818990318741,6574690,NC
-0.1388102328207885,6574691,NC
-0.13873860453520354,6574692,NC
-0.1586670142622163,6574693,NC
-0.1635954620888778,6574694,NC
-0.14352394810219246,6574695,NC
-0.13345247238911853,6574696,NC
-0.11838103503656752,6574697,NC
-0.1183096361314044,6574698,NC
-0.13323827576044736,6574699,NC
-0.13816695401046775,6574700,NC
-0.1330956709681899,6574701,NC
-0.11302442672029114,6574702,NC
-0.10795322135340166,6574703,NC
-0.09788205495410424,6574704,NC
-0.11281092760893438,6574705,NC
-0.1177398394043801,6574706,NC
-0.09766879042688176,6574707,NC
-0.08259778076283206,6574708,NC
-0.0725268104985759,6574709,NC
-0.08245587972041026,6574710,NC
-0.0973849885145841,6574711,NC
-0.11231413696729828,6574712,NC
-0.12224332516470543,6574713,NC
-0.11717255319290984,6574714,NC
-0.11210182113796738,6574715,NC
-0.1220311290858854,6574716,NC
-0.15196047712262256,6574717,NC
-0.1468898653340888,6574718,NC
-0.14681929380614522,6574719,NC
-0.15174876262460402,6574720,NC
-0.15167827187522814,6574721,NC
-0.1566078216437316,6574722,NC
-0.19153741201577903,6574723,NC
-0.20146704307698565,6574724,NC
-0.19639671491291733,6574725,NC
-0.19632642760909022,6574726,NC
-0.19125618125097085,6574727,NC
-0.186185975923976,6574728,NC
-0.2061158117134725,6574729,NC
-0.21604568870477725,6574730,NC
-0.21097560698315693,6574731,NC
-0.21590556663382815,6574732,NC
-0.2158355677419571,6574733,NC
-0.22076561039265966,6574734,NC
-0.22569569467100112,6574735,NC
-0.24562582066199623,6574736,NC
-0.22555598845060887,6574737,NC
-0.2154861981217523,6574738,NC
-0.21041644976028867,6574739,NC
-0.22034674345102928,6574740,NC
-0.25027707927873405,6574741,NC
-0.26020745732811196,6574742,NC
-0.2701378776838204,6574743,NC
-0.25506834043046545,6574744,NC
-0.24499884565260163,6574745,NC
-0.23992939343473174,6574746,NC
-0.2548599838613068,6574747,NC
-0.2747906170167263,6574748,NC
-0.26472129298533736,6574749,NC
-0.25965201185143516,6574750,NC
-0.2595827736992629,6574751,NC
-0.24951357861301135,6574752,NC
-0.2644444266768189,6574753,NC
-0.26937531797477154,6574754,NC
-0.29430625259090276,6574755,NC
-0.2692372306091931,6574756,NC
-0.25416825211357064,6574757,NC
-0.2490993171879104,6574758,NC
-0.25403042591603453,6574759,NC
-0.273961578381712,6574760,NC
-0.26889277466865863,6574761,NC
-0.24882401486053696,6574762,NC
-0.23375529904095624,6574763,NC
-0.233686627293472,6574764,NC
-0.23861799970158643,6574765,NC
-0.2485494163487478,6574766,NC
-0.23348087731835085,6574767,NC
-0.2334123826937362,6574768,NC
-0.1983439325581905,6574769,NC
-0.18827552699494648,6574770,NC
-0.17320716608718248,6574771,NC
-0.16313884991802263,6574772,NC
-0.1280705785705366,6574773,NC
-0.05300235212773966,6574774,NC
0.027065829327407614,6574775,NC
0.09213396571199933,6574776,NC
0.13720205694318438,6574777,NC
0.19227010293816657,6574778,NC
0.2273381036142047,6574779,NC
0.2474060588886127,6574780,NC
0.21247396867875967,6574781,NC
0.1675418329020701,6574782,NC
0.11760965147602373,6574783,NC
0.087677424318156,6574784,NC
0.11774515134605781,6574785,NC
0.18281283247737581,6574786,NC
0.3028804676298126,6574787,NC
0.3929480567211263,6574788,NC
0.49801559966913156,6574789,NC
0.5830830963916988,6574790,NC
0.6681505468067546,6574791,NC
0.6982179508322821,6574792,NC
0.6782853083863207,6574793,L
0.6083526193869662,6574794,NC
0.49341988375237145,6574795,NC
0.39348710140074533,6574796,NC
0.30355427225035414,6574797,NC
0.23362139621952066,6574798,NC
0.14368847322662495,6574799,NC
0.02875550319010404,6574800,NC
-0.0961775139715478,6574801,NC
-0.216110578339779,6574802,NC
-0.30104368999598063,6574803,NC
-0.3609768490214862,6574804,NC
-0.41091005549757154,6574805,NC
-0.430843309505455,6574806,NC
-0.450776611126297,6574807,NC
-0.44070996044120014,6574808,NC
-0.4256433575312089,6574809,NC
-0.3755768024773097,6574810,NC
-0.3505102953604309,6574811,NC
-0.34044383626144237,6574812,NC
-0.3403774252611557,6574813,NC
-0.34531106244032417,6574814,NC
-0.3602447478796421,6574815,NC
-0.3401784816597454,6574816,NC
-0.32011226386121105,6574817,NC
-0.3200460945645574,6574818,NC
-0.3249799738502435,6574819,NC
-0.33991390179866954,6574820,NC
-0.32984787849017644,6574821,NC
-0.3197819040050459,6574822,NC
-0.30471597842350023,6574823,NC
-0.3046501018257023,6574824,NC
-0.3195842742917554,6574825,NC
-0.3295184959017031,6574826,NC
-0.31945276673552936,6574827,NC
-0.3193870868731581,6574828,NC
-0.2943214563944535,6574829,NC
-0.3192558753792195,6574830,NC
-0.32419034390720003,6574831,NC
-0.3141248620580786,6574832,NC
-0.3240594299114787,6574833,NC
-0.298994047546963,6574834,NC
-0.28892871504403395,6574835,NC
-0.28886343248213314,6574836,NC
-0.2937981999406416,6574837,NC
-0.2987330174988794,6574838,NC
-0.2786678852361059,6574839,NC
-0.2636028032315192,6574840,NC
-0.23353777156425642,6574841,NC
-0.22847279031339346,6574842,NC
-0.24340785955794486,6574843,NC
-0.2333429793768639,6574844,NC
-0.21827814984904217,6574845,NC
-0.1932133710533098,6574846,NC
-0.1831486430684352,6574847,NC
-0.173083965973125,6574848,NC
-0.1680193398460239,6574849,NC
-0.17795476476571476,6574850,NC
-0.16289024081071818,6574851,NC
-0.13282576805949275,6574852,NC
-0.11776134659043472,6574853,NC
-0.10769697648187795,6574854,NC
-0.107632657812094,6574855,NC
-0.09256839065929172,6574856,NC
-0.07250417510161739,6574857,NC
-0.052440011217154504,6574858,NC
-0.017375899083923833,6574859,NC
-0.0173118387798831,6574860,NC
-0.01724783038292707,6574861,NC
-0.01218387397088739,6574862,NC
-0.002119969621532443,6574863,NC
0.03294388258743261,6574864,NC
0.06800768257836609,6574865,NC
0.06307143027368976,6574866,NC
0.06813512559588901,6574867,NC
0.07319876846751287,6574868,NC
0.09826235881117419,6574869,NC
0.11832589654954966,6574870,NC
0.12838938160537994,6574871,NC
0.1234528139014698,6574872,NC
0.09851619336068809,6574873,NC
0.07857951990596793,6574874,NC
0.07864279346030681,6574875,NC
0.06870601394676665,6574876,NC
0.05376918128847384,6574877,NC
0.038832295408619495,6574878,NC
0.008895356230459332,6574879,NC
-0.04104163632268603,6574880,NC
-0.05597868232743112,6574881,NC
-0.08591578186032547,6574882,NC
-0.08585293499785349,6574883,NC
-0.10579014181643445,6574884,NC
-0.13572740239242234,6574885,NC
-0.17566471680210577,6574886,NC
-0.19060208512170787,6574887,NC
-0.18053950742738628,6574888,NC
-0.18047698379523294,6574889,NC
-0.20041451430127402,6574890,NC
-0.22535209902147,6574891,NC
-0.23528973803171527,6574892,NC
-0.2352274314078383,6574893,NC
-0.2401651792256014,6574894,NC
-0.23010298156070086,6574895,NC
-0.23504083848876636,6574896,NC
-0.2599787500853614,6574897,NC
-0.26491671642598313,6574898,NC
-0.25985473758606187,6574899,NC
-0.24479281364096134,6574900,NC
-0.24973094466597864,6574901,NC
-0.25466913073634395,6574902,NC
-0.2646073719272205,6574903,NC
-0.27954566831370453,6574904,NC
-0.2894840199708251,6574905,NC
-0.2794224269735442,6574906,NC
-0.26936088939675634,6574907,NC
-0.2792994073152888,6574908,NC
-0.30923798080390125,6574909,NC
-0.2991766099372859,6574910,NC
-0.29911529479006727,6574911,NC
-0.28405403543680213,6574912,NC
-0.27899283195197927,6574913,NC
-0.2839316844100198,6574914,NC
-0.29387059288527656,6574915,NC
-0.2988095574520344,6574916,NC
-0.29874857818451,6574917,NC
-0.28368765515685174,6574918,NC
-0.2636267884431394,6574919,NC
-0.2785659781173846,6574920,NC
-0.2835052242535302,6574921,NC
-0.3034445269254504,6574922,NC
-0.28838388620695077,6574923,NC
-0.293323302171768,6574924,NC
-0.27826277489356976,6574925,NC
-0.29320230444595485,6574926,NC
-0.2931418909024529,6574927,NC
-0.29808153433652423,6574928,NC
-0.3030212348215601,6574929,NC
-0.2979609924308823,6574930,NC
-0.2829008072377432,6574931,NC
-0.2828406793153254,6574932,NC
-0.3077806087367422,6574933,NC
-0.32272059557503685,6574934,NC
-0.30266063990318304,6574935,NC
-0.2976007417940844,6574936,NC
-0.28754090132057475,6574937,NC
-0.2974811185554175,6574938,NC
-0.3174213935713062,6574939,NC
-0.34236172644086404,6574940,NC
-0.3273021172366438,6574941,NC
-0.3072425660311279,6574942,NC
-0.30218307289672813,6574943,NC
-0.31212363790578584,6574944,NC
-0.3170642611305715,6574945,NC
-0.32700494264328506,6574946,NC
-0.33194568251605516,6574947,NC
-0.3268864808209399,6574948,NC
-0.30682733762992603,6574949,NC
-0.30676825301492944,6574950,NC
-0.33670922704779455,6574951,NC
-0.34665025980029457,6574952,NC
-0.35159135134413133,6574953,NC
-0.336532501750935,6574954,NC
-0.33147371109226453,6574955,NC
-0.34641497943960686,6574956,NC
-0.34135630686437735,6574957,NC
-0.3512976934379195,6574958,NC
-0.3462391392315048,6574959,NC
-0.3411806443163329,6574960,NC
-0.3311222087635312,6574961,NC
-0.341063832644155,6574962,NC
-0.3460055160291874,6574963,NC
-0.37594725898953885,6574964,NC
-0.35088906159604777,6574965,NC
-0.3508309239194797,6574966,NC
-0.3507728460305278,6574967,NC
-0.3557148279998124,6574968,NC
-0.36565686989788104,6574969,NC
-0.3655989717952086,6574970,NC
-0.3605411337621967,6574971,NC
-0.34548335586917417,6574972,NC
-0.3404256381863965,6574973,NC
-0.34036798078404606,6574974,NC
-0.345310383732232,6574975,NC
-0.36025284710098987,6574976,NC
-0.3501953709602822,6574977,NC
-0.34013795537999736,6574978,NC
-0.32508060042995046,6574979,NC
-0.33002330617988296,6574980,NC
-0.34496607269946217,6574981,NC
-0.3449089000582818,6574982,NC
-0.31985178832586136,6574983,NC
-0.3197947375716466,6574984,NC
-0.30473774786500885,6574985,NC
-0.29968081927524526,6574986,NC
-0.3146239518715787,6574987,NC
-0.33956714572315777,6574988,NC
-0.3195104008990563,6574989,NC
-0.3044537174682738,6574990,NC
-0.30439709549973504,6574991,NC
-0.29434053506228997,6574992,NC
-0.3092840362247139,6574993,NC
-0.3092275990557071,6574994,NC
-0.2991712236238949,6574995,NC
-0.2941149099978276,6574996,NC
-0.28405865824598026,6574997,NC
-0.2890024684367527,6574998,NC
-0.31394634063846943,6574999,NC
-0.3188902749193797,6575000,NC
-0.3238342713476572,6575001,NC
-0.31877832999139993,6575002,NC
-0.3037224509186303,6575003,NC
-0.31866663419729513,6575004,NC
-0.3436108798952652,6575005,NC
-0.3685551880803355,6575006,NC
-0.3534995588202251,6575007,NC
-0.3484439921825769,6575008,NC
-0.33838848823495765,6575009,NC
-0.348333047044858,6575010,NC
-0.37327766867969214,6575011,NC
-0.393222353206798,6575012,NC
-0.38816710069343685,6575013,NC
-0.3781119112067936,6575014,NC
-0.3730567848139765,6575015,NC
-0.38300172158201695,6575016,NC
-0.38294672157786963,6575017,NC
-0.4078917848684123,6575018,NC
-0.4128369115204459,6575019,NC
-0.412782101600694,6575020,NC
-0.3977273551758035,6575021,NC
-0.40267267231234366,6575022,NC
-0.41261805307680677,6575023,NC
-0.41756349753560745,6575024,NC
-0.4175090057550832,6575025,NC
-0.40745457780149386,6575026,NC
-0.3974002137410215,6575027,NC
-0.41734591363977064,6575028,NC
-0.44229167756376814,6575029,NC
-0.45223750557896275,6575030,NC
-0.4421833977512255,6575031,NC
-0.4221293541463493,6575032,NC
-0.422075374830049,6575033,NC
-0.4170214598679612,6575034,NC
-0.4319676093256445,6575035,NC
-0.4419138232685788,6575036,NC
-0.4368601017621659,6575037,NC
-0.431806444871729,6575038,NC
-0.42175285266251256,6575039,NC
-0.43169932519968274,6575040,NC
-0.4366458625483267,6575041,NC
-0.45659246477345283,6575042,NC
-0.45653913193999074,6575043,NC
-0.44648586411279095,6575044,NC
-0.42643266135662505,6575045,NC
-0.4313795237361854,6575046,NC
-0.42632645131608526,6575047,NC
-0.44627344416085846,6575048,NC
-0.4312205023349597,6575049,NC
-0.431167625902764,6575050,NC
-0.416114814928567,6575051,NC
-0.4310620694765847,6575052,NC
-0.44600938961095354,6575053,NC
-0.46595677539573,6575054,NC
-0.4409042268948909,6575055,NC
-0.42585174417233307,6575056,NC
-0.40079932729187345,6575057,NC
-0.3807469763172488,6575058,NC
-0.3706946913121158,6575059,NC
-0.3656424723400509,6575060,NC
-0.3355903194645503,6575061,NC
-0.27053823274902983,6575062,NC
-0.20048621225682473,6575063,NC
-0.14043425805118992,6575064,NC
-0.055382370195299575,6575065,NC
-0.015330548752247243,6575066,NC
0.03472120621495427,6575067,NC
0.07977289464337302,6575068,NC
0.06982451647015797,6575069,NC
0.02987607163253904,6575070,NC
-0.04007243993217277,6575071,NC
-0.11002101828658531,6575072,NC
-0.13496966349322523,6575073,NC
-0.10491837561453791,6575074,NC
-0.014867154712887326,6575075,NC
0.08018399914944396,6575076,NC
0.19523508591025493,6575077,NC
0.33528610550742616,6575078,NC
0.43533705787891974,6575079,NC
0.5353879429627798,6575080,NC
0.5754387606971321,6575081,NC
0.5504895110201842,6575082,L
0.4655401938702258,6575083,NC
0.33559080918562884,6575084,NC
0.24064135690484675,6575085,NC
0.1656918369664158,6575086,NC
0.07574224930895417,6575087,NC
-0.04920740612883751,6575088,NC
-0.1841571294081762,6575089,NC
-0.33410692059019637,6575090,NC
-0.4540567797359499,6575091,NC
-0.539006706906406,6575092,NC
-0.5889567021624513,6575093,NC
-0.6339067655648895,6575094,NC
-0.6688568971744416,6575095,NC
-0.6838070970517455,6575096,NC
-0.678757365257356,6575097,NC
-0.6537077018517451,6575098,NC
-0.5936581068953015,6575099,NC
-0.5736085804483306,6575100,NC
-0.5635591225710547,6575101,NC
-0.5685097333236124,6575102,NC
-0.5634604127660592,6575103,NC
-0.5284111609583668,6575104,NC
-0.5183619779604235,6575105,NC
-0.5383128638320338,6575106,NC
-0.5332638186329184,6575107,NC
-0.5532148424227146,6575108,NC
-0.5481659352609751,6575109,NC
-0.5281170972071693,6575110,NC
-0.5180683283206822,6575111,NC
-0.5130196286608149,6575112,NC
-0.5279709982867841,6575113,NC
-0.5379224372577225,6575114,NC
-0.5428739456326782,6575115,NC
-0.5178255234706153,6575116,NC
-0.502777170830413,6575117,NC
-0.5127288877708661,6575118,NC
-0.5326806743506851,6575119,NC
-0.5376325306284954,6575120,NC
-0.5325844566628379,6575121,NC
-0.5075364525121685,6575122,NC
-0.4874885182348586,6575123,NC
-0.49244065388919406,6575124,NC
-0.507392859533376,6575125,NC
-0.5123451352255205,6575126,NC
-0.5122974810236585,6575127,NC
-0.48724989698573556,6575128,NC
-0.4622023831696118,6575129,NC
-0.4621549396330622,6575130,NC
-0.4871075664337763,6575131,NC
-0.4970602636293578,6575132,NC
-0.4820130312773251,6575133,NC
-0.4569658694351108,6575134,NC
-0.42691877816006185,6575135,NC
-0.4368717575094394,6575136,NC
-0.4368248075404186,6575137,NC
-0.43177792831008865,6575138,NC
-0.4167311198754529,6575139,NC
-0.40168438229342857,6575140,NC
-0.3766377156208465,6575141,NC
-0.37159111991445165,6575142,NC
-0.37654459523090245,6575143,NC
-0.3714981416267711,6575144,NC
-0.35645175915854316,6575145,NC
-0.32640544788261805,6575146,NC
-0.31635920785530824,6575147,NC
-0.31131303913283986,6575148,NC
-0.31126694177135217,6575149,NC
-0.3162209158268977,6575150,NC
-0.29617496135544213,6575151,NC
-0.2711290784128643,6575152,NC
-0.24108326705495597,6575153,NC
-0.2260375273374219,6575154,NC
-0.24099185931587983,6575155,NC
-0.23594626304586014,6575156,NC
-0.22090073858280612,6575157,NC
-0.21085528598207362,6575158,NC
-0.18080990529893118,6575159,NC
-0.15576459658855996,6575160,NC
-0.15071935990605345,6575161,NC
-0.15567419530641768,6575162,NC
-0.14562910284457092,6575163,NC
-0.1305840825753439,6575164,NC
-0.11053913455347936,6575165,NC
-0.1054942588336323,6575166,NC
-0.1104494554703698,6575167,NC
-0.11540472451817094,6575168,NC
-0.09036006603142675,6575169,NC
-0.06531548006444018,6575170,NC
-0.05027096667142595,6575171,NC
-0.05022652590651055,6575172,NC
-0.04518215782373216,6575173,NC
-0.06013786247704058,6575174,NC
-0.06509363992029718,6575175,NC
-0.055049490207274815,6575176,NC
-0.05500541339165773,6575177,NC
-0.05996140952704156,6575178,NC
-0.08991747866693325,6575179,NC
-0.12987362086475096,6575180,NC
-0.144829836173824,6575181,NC
-0.15978612464739278,6575182,NC
-0.1647424863386088,6575183,NC
-0.19969892130053443,6575184,NC
-0.244655429586143,6575185,NC
-0.27961201124831875,6575186,NC
-0.28956866633985656,6575187,NC
-0.29952539491346214,6575188,NC
-0.3094821970217518,6575189,NC
-0.31943907271725236,6575190,NC
-0.3493960220524013,6575191,NC
-0.39435304507954655,6575192,NC
-0.39931014185094627,6575193,NC
-0.37926731241876915,6575194,NC
-0.379224556835094,6575195,NC
-0.3841818751519098,6575196,NC
-0.404139267421116,6575197,NC
-0.41909673369452166,6575198,NC
-0.42905427402384616,6575199,NC
-0.4240118884607188,6575200,NC
-0.4089695770566786,6575201,NC
-0.42392733986317466,6575202,NC
-0.4288851769315656,6575203,NC
-0.45384308831311987,6575204,NC
-0.4388010740590156,6575205,NC
-0.4287591342203403,6575206,NC
-0.42371726884809124,6575207,NC
-0.42367547799317495,6575208,NC
-0.45363376170640757,6575209,NC
-0.46359212003851424,6575210,NC
-0.44855055304012964,6575211,NC
-0.45850906076179754,6575212,NC
-0.4384676432539709,6575213,NC
-0.44842630056701177,6575214,NC
-0.4533850327511912,6575215,NC
-0.4683438398566891,6575216,NC
-0.4633027219335944,6575217,NC
-0.45326167903190484,6575218,NC
-0.438220711201527,6575219,NC
-0.45317981849227607,6575220,NC
-0.44813900095387593,6575221,NC
-0.47309825863595906,6575222,NC
-0.4730575915880665,6575223,NC
-0.4530169998596477,6575224,NC
-0.4429764835000606,6575225,NC
-0.4529360425585715,6575226,NC
-0.46789567708435487,6575227,NC
-0.47785538712649356,6575228,NC
-0.4778151727339785,6575229,NC
-0.4527750339557088,6575230,NC
-0.44273497084049157,6575231,NC
-0.452694983437042,6575232,NC
-0.46265507179398313,6575233,NC
-0.4726152359598459,6575234,NC
-0.47257547598306904,6575235,NC
-0.4725357919119991,6575236,NC
-0.4524961837948904,6575237,NC
-0.4574566516799048,6575238,NC
-0.48241719561511165,6575239,NC
-0.482377815648488,6575240,NC
-0.4823385118279183,6575241,NC
-0.4822992842011944,6575242,NC
-0.4672601328160155,6575243,NC
-0.47722105771998824,6575244,NC
-0.49218205896062617,6575245,NC
-0.5021431365853503,6575246,NC
-0.49710429064148876,6575247,NC
-0.49706552117627645,6575248,NC
-0.47702682823685566,6575249,NC
-0.47698821187027535,6575250,NC
-0.4919496721234915,6575251,NC
-0.4969112090433669,6575252,NC
-0.506872822676671,6575253,NC
-0.4918345130700803,6575254,NC
-0.4617962802701775,6575255,NC
-0.4717581243234523,6575256,NC
-0.49172004527630075,6575257,NC
-0.5116820431750253,6575258,NC
-0.5016441180658352,6575259,NC
-0.5066062699948458,6575260,NC
-0.47656849900807885,6575261,NC
-0.49153080515146225,6575262,NC
-0.5014931884708301,6575263,NC
-0.511455649011923,6575264,NC
-0.5114181868203874,6575265,NC
-0.4963808019417758,6575266,NC
-0.48634349442154656,6575267,NC
-0.48130626430506424,6575268,NC
-0.5112691116375991,6575269,NC
-0.5112320364643274,6575270,NC
-0.5161950388303309,6575271,NC
-0.49615811878059757,6575272,NC
-0.4861212763600202,6575273,NC
-0.48608451161339805,6575274,NC
-0.5010478245854354,6575275,NC
-0.5110112153207422,6575276,NC
-0.5159746838638342,6575277,NC
-0.5059382302591316,6575278,NC
-0.485901854550961,6575279,NC
-0.4758655567835535,6575280,NC
-0.49082933700104586,6575281,NC
-0.4857931952474798,6575282,NC
-0.4757571315668023,6575283,NC
-0.4507211460028653,6575284,NC
-0.44068523859942577,6575285,NC
-0.43564940940014574,6575286,NC
-0.46061365844859214,6575287,NC
-0.4805779857882365,6575288,NC
-0.45554239146245545,6575289,NC
-0.43550687551453016,6575290,NC
-0.42047143798764675,6575291,NC
-0.41543607892489576,6575292,NC
-0.4204007983692723,6575293,NC
-0.4353655963636762,6575294,NC
-0.4303304729509117,6575295,NC
-0.41529542817368736,6575296,NC
-0.4302604620746163,6575297,NC
-0.42022557469621585,6575298,NC
-0.42519076608090767,6575299,NC
-0.44515603627101763,6575300,NC
-0.44512138530877576,6575301,NC
-0.43508681323631626,6575302,NC
-0.4350523200956774,6575303,NC
-0.43001790592880135,6575304,NC
-0.4549835707775345,6575305,NC
-0.4749493146836269,6575306,NC
-0.4699151376887326,6575307,NC
-0.4648810398344094,6575308,NC
-0.46984702116211907,6575309,NC
-0.4898130817132269,6575310,NC
-0.5097792215290017,6575311,NC
-0.5297454406506162,6575312,NC
-0.5197117391191468,6575313,NC
-0.509678116975573,6575314,NC
-0.489644574260778,6575315,NC
-0.5046111110155482,6575316,NC
-0.514577727280574,6575317,NC
-0.5245444230964483,6575318,NC
-0.5195111985036679,6575319,NC
-0.5244780535426323,6575320,NC
-0.5344449882536446,6575321,NC
-0.5244120026769109,6575322,NC
-0.5443790968525403,6575323,NC
-0.5543462708205449,6575324,NC
-0.5393135246208397,6575325,NC
-0.5292808582932431,6575326,NC
-0.5192482718774758,6575327,NC
-0.5342157654131616,6575328,NC
-0.5541833389398272,6575329,NC
-0.5691509924969017,6575330,NC
-0.559118726123717,6575331,NC
-0.5490865398595081,6575332,NC
-0.5390544337434118,6575333,NC
-0.534022407814468,6575334,NC
-0.5439904621116189,6575335,NC
-0.5489585966737093,6575336,NC
-0.5489268115394861,6575337,NC
-0.5538951067475989,6575338,NC
-0.5338634823365994,6575339,NC
-0.5338319383449417,6575340,NC
-0.5438004748109818,6575341,NC
-0.5587690917729784,6575342,NC
-0.5537377892690917,6575343,NC
-0.5537065673373844,6575344,NC
-0.5486754260158212,6575345,NC
-0.5486443653422686,6575346,NC
-0.5536133853544952,6575347,NC
-0.5685824860901714,6575348,NC
-0.5685516675868693,6575349,NC
-0.5585209298820631,6575350,NC
-0.5334902730131287,6575351,NC
-0.5334596970173434,6575352,NC
-0.5384292019318866,6575353,NC
-0.5383987877938389,6575354,NC
-0.5283684546401828,6575355,NC
-0.5283382025078022,6575356,NC
-0.49830803143348235,6575357,NC
-0.4932779414539103,6575358,NC
-0.49324793260567396,6575359,NC
-0.478218004925263,6575360,NC
-0.44318815844906834,6575361,NC
-0.38315839321338196,6575362,NC
-0.30812870925439734,6575363,NC
-0.24809910660820889,6575364,NC
-0.1780695853108122,6575365,NC
-0.1230401453981041,6575366,NC
-0.08801078690588224,6575367,NC
-0.0629815098698454,6575368,NC
-0.07795231432559324,6575369,NC
-0.13792320030862643,6575370,NC
-0.23789416785434642,6575371,NC
-0.30286521699805546,6575372,NC
-0.3178363477749567,6575373,NC
-0.2778075602201538,6575374,NC
-0.1877788543686515,6575375,NC
-0.09775023025535476,6575376,NC
0.027278312084930555,6575377,NC
0.16230677261749812,6575378,NC
0.2823351513077411,6575379,NC
0.3673634481211521,6575380,NC
0.41739166302332337,6575381,NC
0.4174197959799468,6575382,L
0.34244784695681374,6575383,NC
0.23747581591981531,6575384,NC
0.12250370283494244,6575385,NC
0.04253150766828576,6575386,NC
-0.047440769613964276,6575387,NC
-0.1524131290455174,6575388,NC
-0.3073855706599834,6575389,NC
-0.4373580944908722,6575390,NC
-0.5673307005715937,6575391,NC
-0.6673033889354578,6575392,NC
-0.7372761596156744,6575393,NC
-0.7722490126453532,6575394,NC
-0.7972219480575038,6575395,NC
-0.8121949658850356,6575396,NC
-0.802168066160758,6575397,NC
-0.7571412489173799,6575398,NC
-0.70211451418751,6575399,NC
-0.6870878620036566,6575400,NC
-0.6820612923982278,6575401,NC
-0.6820348054035309,6575402,NC
-0.6870084010517734,6575403,NC
-0.6519820793750616,6575404,NC
-0.6269558404054018,6575405,NC
-0.6369296841746994,6575406,NC
-0.6319036107147595,6575407,NC
-0.6418776200572863,6575408,NC
-0.6418517122338833,6575409,NC
-0.6118258872760535,6575410,NC
-0.5918001452151989,6575411,NC
-0.6017744860826207,6575412,NC
-0.6217489099095196,6575413,NC
-0.6317234167269951,6575414,NC
-0.6416980065660459,6575415,NC
-0.6066726794575699,6575416,NC
-0.5966474354323635,6575417,NC
-0.5766222745211227,6575418,NC
-0.5715971967544419,6575419,NC
-0.6015722021628149,6575420,NC
-0.606547290776634,6575421,NC
-0.5965224626261905,6575422,NC
-0.5814977177416742,6575423,NC
-0.5814730561531744,6575424,NC
-0.591448477890678,6575425,NC
-0.6114239829840716,6575426,NC
-0.6263995714631397,6575427,NC
-0.6063752433575661,6575428,NC
-0.5863509986969325,6575429,NC
-0.5763268375107196,6575430,NC
-0.5763027598283063,6575431,NC
-0.5912787656789701,6575432,NC
-0.5812548550918869,6575433,NC
-0.5662310280961311,6575434,NC
-0.5362072847206755,6575435,NC
-0.5261836249943908,6575436,NC
-0.5261600489460464,6575437,NC
-0.5261365566043099,6575438,NC
-0.5061131479977469,6575439,NC
-0.4760898231548215,6575440,NC
-0.4560665821038956,6575441,NC
-0.44604342487322945,6575442,NC
-0.4460203514909813,6575443,NC
-0.44099736198520745,6575444,NC
-0.4259744563838622,6575445,NC
-0.3909516347147979,6575446,NC
-0.3659288970057647,6575447,NC
-0.3559062432844108,6575448,NC
-0.3458836735782822,6575449,NC
-0.35586118791482274,6575450,NC
-0.3708387863213741,6575451,NC
-0.3558164688251757,6575452,NC
-0.3507942354533647,6575453,NC
-0.33577208623297605,6575454,NC
-0.3207500211909422,6575455,NC
-0.2957280403540934,6575456,NC
-0.25570614374915757,6575457,NC
-0.2356843314027599,6575458,NC
-0.22066260334142346,6575459,NC
-0.24064095959156873,6575460,NC
-0.26061940017951357,6575461,NC
-0.3105979251314733,6575462,NC
-0.3005765344735608,6575463,NC
-0.2755552282317862,6575464,NC
-0.22553400643205712,6575465,NC
-0.2155128691001783,6575466,NC
-0.23049181626185197,6575467,NC
-0.2504708479426775,6575468,NC
-0.2754499641681515,6575469,NC
-0.26042916496366786,6575470,NC
-0.24540845035451747,6575471,NC
-0.2603878203658886,6575472,NC
-0.2703672750228664,6575473,NC
-0.3103468143504331,6575474,NC
-0.3353264383734682,6575475,NC
-0.355306147116748,6575476,NC
-0.3552859406049459,6575477,NC
-0.3902658188626321,6575478,NC
-0.420245781914274,6575479,NC
-0.45022582978423553,6575480,NC
-0.4802059624967778,6575481,NC
-0.5151861800760585,6575482,NC
-0.5451664825461324,6575483,NC
-0.585146869930951,6575484,NC
-0.6301273422543621,6575485,NC
-0.6451078995401108,6575486,NC
-0.6450885418118387,6575487,NC
-0.6250692690930839,6575488,NC
-0.6300500814072814,6575489,NC
-0.6350309787777625,6575490,NC
-0.6550119612277553,6575491,NC
-0.6649930287803842,6575492,NC
-0.6699741814586706,6575493,NC
-0.6699554192855319,6575494,NC
-0.6799367422837822,6575495,NC
-0.6949181504761319,6575496,NC
-0.7298996438851881,6575497,NC
-0.7498812225334537,6575498,NC
-0.7398628864433288,6575499,NC
-0.7298446356371089,6575500,NC
-0.7148264701369864,6575501,NC
-0.7198083899650499,6575502,NC
-0.7347903951432841,6575503,NC
-0.72977248569357,6575504,NC
-0.7497546616376847,6575505,NC
-0.7547369229973017,6575506,NC
-0.7497192697939903,6575507,NC
-0.7597017020492162,6575508,NC
-0.7446842197843409,6575509,NC
-0.7596668230206224,6575510,NC
-0.7546495117792142,6575511,NC
-0.7396322860811664,6575512,NC
-0.7296151459474243,6575513,NC
-0.7245980913988299,6575514,NC
-0.7395811224561208,6575515,NC
-0.7595642391399305,6575516,NC
-0.7545474414707886,6575517,NC
-0.7545307294691201,6575518,NC
-0.7395141031552466,6575519,NC
-0.7544975625493844,6575520,NC
-0.7544811076716467,6575521,NC
-0.7644647385420417,6575522,NC
-0.7744484551804738,6575523,NC
-0.7794322576067427,6575524,NC
-0.7694161458405442,6575525,NC
-0.7694001199014694,6575526,NC
-0.7543841798090053,6575527,NC
-0.7643683255825343,6575528,NC
-0.7693525572413347,6575529,NC
-0.76433687480458,6575530,NC
-0.7593212782913394,6575531,NC
-0.7543057677205778,6575532,NC
-0.7492903431111552,6575533,NC
-0.7592750044818274,6575534,NC
-0.7642597518512456,6575535,NC
-0.7442445852379564,6575536,NC
-0.7392295046604018,6575537,NC
-0.7492145101369191,6575538,NC
-0.774199601685741,6575539,NC
-0.7941847793249956,6575540,NC
-0.8241700430727065,6575541,NC
-0.8191553929467921,6575542,NC
-0.8041408289650664,6575543,NC
-0.7941263511452389,6575544,NC
-0.7941119595049138,6575545,NC
-0.7940976540615907,6575546,NC
-0.7890834348326645,6575547,NC
-0.7990693018354253,6575548,NC
-0.7990552550870583,6575549,NC
-0.7890412946046437,6575550,NC
-0.7940274204051567,6575551,NC
-0.8040136325054681,6575552,NC
-0.8089999309223432,6575553,NC
-0.8039863156724427,6575554,NC
-0.7689727867723221,6575555,NC
-0.7539593442384319,6575556,NC
-0.758945988087118,6575557,NC
-0.7689327183346207,6575558,NC
-0.7789195349970756,6575559,NC
-0.783906438090513,6575560,NC
-0.7888934276308582,6575561,NC
-0.7988805036339316,6575562,NC
-0.818867666115448,6575563,NC
-0.8238549150910175,6575564,NC
-0.8188422505761447,6575565,NC
-0.7938296725862292,6575566,NC
-0.7838171811365653,6575567,NC
-0.7788047762423421,6575568,NC
-0.7687924579186436,6575569,NC
-0.7637802261804482,6575570,NC
-0.7587680810426292,6575571,NC
-0.7487560225199547,6575572,NC
-0.7437440506270873,6575573,NC
-0.7387321653785845,6575574,NC
-0.7387203667888981,6575575,NC
-0.7437086548723746,6575576,NC
-0.7436970296432556,6575577,NC
-0.7286854911156767,6575578,NC
-0.6986740393036681,6575579,NC
-0.6986626742211551,6575580,NC
-0.703651395881957,6575581,NC
-0.7036402042997878,6575582,NC
-0.6936290994882559,6575583,NC
-0.6836180814608646,6575584,NC
-0.678607150231011,6575585,NC
-0.6885963058119875,6575586,NC
-0.70358554821698,6575587,NC
-0.7235748774590697,6575588,NC
-0.7085642935512315,6575589,NC
-0.6985537965063352,6575590,NC
-0.6885433863371447,6575591,NC
-0.6985330630563185,6575592,NC
-0.738522826676409,6575593,NC
-0.7685126772098634,6575594,NC
-0.7635026146690231,6575595,NC
-0.7584926390661236,6575596,NC
-0.7334827504132951,6575597,NC
-0.7284729487225615,6575598,NC
-0.7284632340058413,6575599,NC
-0.7684536062749473,6575600,NC
-0.7584440655415865,6575601,NC
-0.7534346118173598,6575602,NC
-0.738425245113763,6575603,NC
-0.7334159654421851,6575604,NC
-0.74340677281391,6575605,NC
-0.7633976672401157,6575606,NC
-0.7633886487318742,6575607,NC
-0.7483797173001514,6575608,NC
-0.7433708729558078,6575609,NC
-0.7533621157095978,6575610,NC
-0.7483534455721697,6575611,NC
-0.7483448625540661,6575612,NC
-0.7433363666657234,6575613,NC
-0.7183279579174727,6575614,NC
-0.7133196363195384,6575615,NC
-0.7383114018820393,6575616,NC
-0.773303254614988,6575617,NC
-0.8032951945282915,6575618,NC
-0.8232872216317504,6575619,NC
-0.8282793359350593,6575620,NC
-0.8232715374478071,6575621,NC
-0.8082638261794765,6575622,NC
-0.8132562021394438,6575623,NC
-0.7832486653369797,6575624,NC
-0.7532412157812487,6575625,NC
-0.7332338534813091,6575626,NC
-0.7232265784461132,6575627,NC
-0.7432193906845069,6575628,NC
-0.7782122902052306,6575629,NC
-0.793205277016918,6575630,NC
-0.7881983511280969,6575631,NC
-0.7681915125471889,6575632,NC
-0.7431847612825093,6575633,NC
-0.7481780973422676,6575634,NC
-0.7531715207345668,6575635,NC
-0.7631650314674038,6575636,NC
-0.7631586295486692,6575637,NC
-0.7281523149861476,6575638,NC
-0.6981460877875171,6575639,NC
-0.7031399479603497,6575640,NC
-0.7181338955121115,6575641,NC
-0.7231279304501618,6575642,NC
-0.7131220527817538,6575643,NC
-0.6831162625140346,6575644,NC
-0.6531105596540449,6575645,NC
-0.6331049442087192,6575646,NC
-0.6280994161848856,6575647,NC
-0.6080939755892663,6575648,NC
-0.5580886224284762,6575649,NC
-0.498083356709025,6575650,NC
-0.4130781784373155,6575651,NC
-0.3630730876196442,6575652,NC
-0.2880680842622013,6575653,NC
-0.23306316837107086,6575654,NC
-0.16805833995223024,6575655,NC
-0.16305359901155067,6575656,NC
-0.18304894555479695,6575657,NC
-0.27304437958762745,6575658,NC
-0.37803990111559427,6575659,NC
-0.458035510144143,6575660,NC
-0.4930312066786128,6575661,NC
-0.4630269907242368,6575662,NC
-0.3830228622861411,6575663,NC
-0.2980188213693458,6575664,NC
-0.21301486797876462,6575665,NC
-0.12801100211920471,6575666,NC
-0.018007223795366664,6575667,NC
0.07699646698815515,6575668,NC
0.11700007022687288,6575669,NC
0.10200358591640515,6575670,NC
0.022007014052477028,6575671,L
-0.057989645369079995,6575672,NC
-0.13298639235232787,6575673,NC
-0.19798322690122222,6575674,NC
-0.25298014901961197,6575675,NC
-0.3279771587112399,6575676,NC
-0.4329742559797419,6575677,NC
-0.5379714408286477,6575678,NC
-0.6029687132613804,6575679,NC
-0.6679660732812565,6575680,NC
-0.7079635208914862,6575681,NC
-0.7679610560951731,6575682,NC
-0.7979586788953144,6575683,NC
-0.8329563892948004,6575684,NC
-0.8679541872964154,6575685,NC
-0.832952072902837,6575686,NC
-0.7929500461166359,6575687,NC
-0.7579481069402769,6575688,NC
-0.7429462553761178,6575689,NC
-0.7379444914264102,6575690,NC
-0.7079428150932987,6575691,NC
-0.6979412263788218,6575692,NC
-0.6779397252849114,6575693,NC
-0.6779383118133927,6575694,NC
-0.6829369859659844,6575695,NC
-0.7079357477442987,6575696,NC
-0.6929345971498413,6575697,NC
-0.702933534184011,6575698,NC
-0.6729325588481008,6575699,NC
-0.6829316711432962,6575700,NC
-0.6929308710706769,6575701,NC
-0.7029301586312156,6575702,NC
-0.7029295338257787,6575703,NC
-0.6729289966551258,6575704,NC
-0.6429285471199103,6575705,NC
-0.6529281852206786,6575706,NC
-0.672927910957871,6575707,NC
-0.6829277243318208,6575708,NC
-0.6679276253427548,6575709,NC
-0.6529276139907937,6575710,NC
-0.6279276902759511,6575711,NC
-0.6329278541981344,6575712,NC
-0.637928105757144,6575713,NC
-0.6529284449526742,6575714,NC
-0.6379288717843126,6575715,NC
-0.61792938625154,6575716,NC
-0.6029299883537311,6575717,NC
-0.5879306780901535,6575718,NC
-0.6029314554599687,6575719,NC
-0.5979323204622313,6575720,NC
-0.6129332730958896,6575721,NC
-0.6029343133597852,6575722,NC
-0.5879354412526532,6575723,NC
-0.5879366567731221,6575724,NC
-0.5829379599197139,6575725,NC
-0.5779393506908439,6575726,NC
-0.5729408290848211,6575727,NC
-0.5479423950998479,6575728,NC
-0.51794404873402,6575729,NC
-0.5079457899853266,6575730,NC
-0.4979476188516505,6575731,NC
-0.5029495353307678,6575732,NC
-0.48795153942034836,6575733,NC
-0.45795363111795495,6575734,NC
-0.4379558104210443,6575735,NC
-0.4279580773269665,6575736,NC
-0.42296043183296506,6575737,NC
-0.42296287393617693,6575738,NC
-0.4179654036336327,6575739,NC
-0.40296802092225636,6575740,NC
-0.37297072579886537,6575741,NC
-0.35797351826017065,6575742,NC
-0.3629763983027768,6575743,NC
-0.35297936592318163,6575744,NC
-0.32298242111777686,6575745,NC
-0.30298556388284725,6575746,NC
-0.2829887942145715,6575747,NC
-0.2679921121090217,6575748,NC
-0.2629955175621632,6575749,NC
-0.2679990105698553,6575750,NC
-0.2530025911278505,6575751,NC
-0.21300625923179511,6575752,NC
-0.18301001487722887,6575753,NC
-0.16801385805958496,6575754,NC
-0.15801778877419032,6575755,NC
-0.17302180701626527,6575756,NC
-0.14802591278092386,6575757,NC
-0.1280301060631736,6575758,NC
-0.11303438685791568,6575759,NC
-0.07303875515994478,6575760,NC
-0.06804321096394926,6575761,NC
-0.078047754264511,6575762,NC
-0.10305238505610553,6575763,NC
-0.13305710333310206,6575764,NC
-0.15806190908976328,6575765,NC
-0.17806680232024563,6575766,NC
-0.21307178301859905,6575767,NC
-0.22307685117876735,6575768,NC
-0.2330820067945878,6575769,NC
-0.25308724985979136,6575770,NC
-0.26809258036800265,6575771,NC
-0.29809799831274,6575772,NC
-0.3331035036874154,6575773,NC
-0.35810909648533457,6575774,NC
-0.37311477669969695,6575775,NC
-0.35812054432359547,6575776,NC
-0.36312639935001706,6575777,NC
-0.3881323417718422,6575778,NC
-0.40313837158184507,6575779,NC
-0.41814448877269383,6575780,NC
-0.42315069333695016,6575781,NC
-0.42815698526706947,6575782,NC
-0.4181633645554011,6575783,NC
-0.4381698311941881,6575784,NC
-0.4431763851755673,6575785,NC
-0.4631830264915693,6575786,NC
-0.4681897551341185,6575787,NC
-0.45819657109503314,6575788,NC
-0.4432034743660253,6575789,NC
-0.448210464938701,6575790,NC
-0.45821754280455984,6575791,NC
-0.4582247079549954,6575792,NC
-0.4682319603812953,6575793,NC
-0.44323930007464074,6575794,NC
-0.43324672702610695,6575795,NC
-0.4332542412266632,6575796,NC
-0.4532618426671724,6575797,NC
-0.47826953133839156,6575798,NC
-0.4782773072309715,6575799,NC
-0.47328517033545703,6575800,NC
-0.44829312064228705,6575801,NC
-0.43830115814179427,6575802,NC
-0.44330928282420534,6575803,NC
-0.45831749467964106,6575804,NC
-0.4483257936981161,6575805,NC
-0.43333417986953915,6575806,NC
-0.4483426531837131,6575807,NC
-0.4583512136303346,6575808,NC
-0.48335986119899454,6575809,NC
-0.48336859587917785,6575810,NC
-0.4883774176602635,6575811,NC
-0.4433863265315245,6575812,NC
-0.4383953224821281,6575813,NC
-0.4384044055011355,6575814,NC
-0.45841357557750223,6575815,NC
-0.4584228327000778,6575816,NC
-0.44843217685760584,6575817,NC
-0.4234416080387243,6575818,NC
-0.3934511262319653,6575819,NC
-0.403460731425755,6575820,NC
-0.39847042360841395,6575821,NC
-0.4184802027681568,6575822,NC
-0.4284900688930925,6575823,NC
-0.43850002197122423,6575824,NC
-0.4235100619904495,6575825,NC
-0.44852018893855994,6575826,NC
-0.4735304028032417,6575827,NC
-0.48354070357207507,6575828,NC
-0.4685510912325347,6575829,NC
-0.4635615657719897,6575830,NC
-0.4485721271777034,6575831,NC
-0.42858277543683354,6575832,NC
-0.4485935105364323,6575833,NC
-0.4586043324634463,6575834,NC
-0.43861524120471634,6575835,NC
-0.428626236746978,6575836,NC
-0.40363731907686096,6575837,NC
-0.4036484881808897,6575838,NC
-0.4136597440454831,6575839,NC
-0.4236710866569543,6575840,NC
-0.4336825160015113,6575841,NC
-0.43869403206525637,6575842,NC
-0.42870563483418644,6575843,NC
-0.44871732429419303,6575844,NC
-0.4587291004310623,6575845,NC
-0.4787409632304749,6575846,NC
-0.483752912678006,6575847,NC
-0.45376494875912576,6575848,NC
-0.4287770714591987,6575849,NC
-0.4387892807634841,6575850,NC
-0.44380157665713604,6575851,NC
-0.45881395912520306,6575852,NC
-0.4438264281526286,6575853,NC
-0.4238389837242509,6575854,NC
-0.40885162582480283,6575855,NC
-0.3988643544389121,6575856,NC
-0.4238771695511014,6575857,NC
-0.44889007114578783,6575858,NC
-0.4589030592072837,6575859,NC
-0.46391613371979595,6575860,NC
-0.4389292946674266,6575861,NC
-0.4289425420341724,6575862,NC
-0.4389558758039252,6575863,NC
-0.42896929596047156,6575864,NC
-0.4289828024874931,6575865,NC
-0.4039963953685665,6575866,NC
-0.3740100745871634,6575867,NC
-0.3840238401266503,6575868,NC
-0.39403769197028893,6575869,NC
-0.38905163010123595,6575870,NC
-0.3890656545025432,6575871,NC
-0.3740797651571576,6575872,NC
-0.3490939620479211,6575873,NC
-0.3641082451575709,6575874,NC
-0.3641226144687393,6575875,NC
-0.3591370699639538,6575876,NC
-0.37415161162563704,6575877,NC
-0.35916623943610704,6575878,NC
-0.34918095337757693,6575879,NC
-0.36919575343215516,6575880,NC
-0.3992106395818454,6575881,NC
-0.4142256118085468,6575882,NC
-0.3992406700940536,6575883,NC
-0.3792558144200557,6575884,NC
-0.36927104476813805,6575885,NC
-0.36428636111978124,6575886,NC
-0.3643017634563612,6575887,NC
-0.39431725175914933,6575888,NC
-0.39933282600931236,6575889,NC
-0.4343484861879128,6575890,NC
-0.4543642322759084,6575891,NC
-0.4843800642541526,6575892,NC
-0.47439598210339423,6575893,NC
-0.454411985804278,6575894,NC
-0.4294280753373439,6575895,NC
-0.4244442506830278,6575896,NC
-0.4244605118216611,6575897,NC
-0.45947685873347105,6575898,NC
-0.4894932913985802,6575899,NC
-0.5045098097970072,6575900,NC
-0.4995264139086664,6575901,NC
-0.459543103713368,6575902,NC
-0.43455987919081757,6575903,NC
-0.44957674032061695,6575904,NC
-0.44959368708226366,6575905,NC
-0.47961071945515116,6575906,NC
-0.47962783741856874,6575907,NC
-0.5046450409517016,6575908,NC
-0.48466233003363113,6575909,NC
-0.48967970464333427,6575910,NC
-0.46469716475968426,6575911,NC
-0.4747147103614504,6575912,NC
-0.4797323414272978,6575913,NC
-0.48475005793578796,6575914,NC
-0.4797678598653782,6575915,NC
-0.45978574719442206,6575916,NC
-0.46980371990116937,6575917,NC
-0.474821777963766,6575918,NC
-0.47983992136025405,6575919,NC
-0.45985815006857195,6575920,NC
-0.4298764640665542,6575921,NC
-0.43489486333193184,6575922,NC
-0.44491334784233205,6575923,NC
-0.44993191757527845,6575924,NC
-0.4399505725081909,6575925,NC
-0.4299693126183859,6575926,NC
-0.4199881378830761,6575927,NC
-0.41500704827937074,6575928,NC
-0.41502604378427566,6575929,NC
-0.42004512437469294,6575930,NC
-0.41506429002742146,6575931,NC
-0.4000835407191565,6575932,NC
-0.3851028764264901,6575933,NC
-0.3651222971259106,6575934,NC
-0.3551418027938034,6575935,NC
-0.3301613934064504,6575936,NC
-0.28018106894003003,6575937,NC
-0.19520082937061786,6575938,NC
-0.11022067467418582,6575939,NC
-0.035240604826602906,6575940,NC
0.019739380196365147,6575941,NC
0.05971928041905578,6575942,NC
0.11469909586590948,6575943,NC
0.14467882656146985,6575944,NC
0.15465847253038362,6575945,NC
0.11963803379740037,6575946,NC
0.059617510387372806,6575947,NC
0.009596902325256604,6575948,NC
0.004576209636110301,6575949,NC
0.0695554323450954,6575950,NC
0.14453457047747623,6575951,NC
0.25951362405862,6575952,NC
0.3694925931139966,6575953,NC
0.4744714776691791,6575954,NC
0.5644502777498427,6575955,NC
0.6244289933817659,6575956,NC
0.6444076245908293,6575957,L
0.614386171403017,6575958,NC
0.5293646338444148,6575959,NC
0.39434301194121163,6575960,NC
0.2843213057196988,6575961,NC
0.18429951520627033,6575962,NC
0.10427764042742252,6575963,NC
0.0292556814097542,6575964,NC
-0.05576636182003329,6575965,NC
-0.16078848923513633,6575966,NC
-0.2608107008086488,6575967,NC
-0.3608329965135624,6575968,NC
-0.4308553763227664,6575969,NC
-0.4908778402090479,6575970,NC
-0.5359003881450916,6575971,NC
-0.5709230201034803,6575972,NC
-0.5809457360566943,6575973,NC
-0.5609685359771119,6575974,NC
-0.5359914198370095,6575975,NC
-0.5010143876085611,6575976,NC
-0.5160374392638388,6575977,NC
-0.5060605747748128,6575978,NC
-0.4960837941133513,6575979,NC
-0.47610709725122047,6575980,NC
-0.46613048416008446,6575981,NC
-0.4761539548115059,6575982,NC
-0.48617750917694547,6575983,NC
-0.5062011472277618,6575984,NC
-0.4962248689352121,6575985,NC
-0.4862486742704519,6575986,NC
-0.4812725632045346,6575987,NC
-0.4762965357084123,6575988,NC
-0.48132059175293546,6575989,NC
-0.4713447313088528,6575990,NC
-0.4763689543468117,6575991,NC
-0.4613932608373579,6575992,NC
-0.45641765075093566,6575993,NC
-0.46144212405788776,6575994,NC
-0.4764666807284558,6575995,NC
-0.4764913207327798,6575996,NC
-0.46651604404089836,6575997,NC
-0.44154085062274906,6575998,NC
-0.42156574044816814,6575999,NC
-0.43159071348689054,6576000,NC
-0.47661576970855,6576001,NC
-0.48164090908267926,6576002,NC
-0.47666613157870974,6576003,NC
-0.47169143716597195,6576004,NC
-0.47171682581369534,6576005,NC
-0.45174229749100825,6576006,NC
-0.4667678521669383,6576007,NC
-0.47179348981041186,6576008,NC
-0.4668192103902547,6576009,NC
-0.40684501387519156,6576010,NC
-0.3968709002338466,6576011,NC
-0.3918968694347429,6576012,NC
-0.40192292144630287,6576013,NC
-0.43194905623684854,6576014,NC
-0.441975273774601,6576015,NC
-0.43200157402768063,6576016,NC
-0.3920279569641075,6576017,NC
-0.37705442255180105,6576018,NC
-0.37208097075858015,6576019,NC
-0.3671076015521632,6576020,NC
-0.3621343149001683,6576021,NC
-0.347161110770113,6576022,NC
-0.3271879891294148,6576023,NC
-0.3172149499453905,6576024,NC
-0.3122419931852569,6576025,NC
-0.31226911881613056,6576026,NC
-0.3122963268050277,6576027,NC
-0.28732361711886456,6576028,NC
-0.2823509897244572,6576029,NC
-0.25737844458852177,6576030,NC
-0.27240598167767405,6576031,NC
-0.28243360095843006,6576032,NC
-0.27746130239720607,6576033,NC
-0.2324890859603181,6576034,NC
-0.18751695161398246,6576035,NC
-0.17254489932431566,6576036,NC
-0.1775729290573344,6576037,NC
-0.17760104077895567,6576038,NC
-0.18262923445499674,6576039,NC
-0.16265751005117524,6576040,NC
-0.13268586753310918,6576041,NC
-0.12271430686631699,6576042,NC
-0.1277428280162176,6576043,NC
-0.11277143094813043,6576044,NC
-0.0978001156272755,6576045,NC
-0.08282888201877334,6576046,NC
-0.057857730087645234,6576047,NC
-0.05788665979881305,6576048,NC
-0.04291567111709946,6576049,NC
-0.04294476400722784,6576050,NC
-0.017973938433822417,6576051,NC
0.011996805638591741,6576052,NC
0.03696746824558865,6576053,NC
0.0319380494228414,6576054,NC
0.011908549206122117,6576055,NC
-0.008121032368698142,6576056,NC
-0.03815069526564936,6576057,NC
-0.04318043944866269,6576058,NC
-0.04821026488157035,6576059,NC
-0.07324017152810586,6576060,NC
-0.11827015935190388,6576061,NC
-0.1233002283165005,6576062,NC
-0.14833037838533303,6576063,NC
-0.1533606095217402,6576064,NC
-0.14339092168896214,6576065,NC
-0.16342131485014055,6576066,NC
-0.19345178896831852,6576067,NC
-0.23348234400644072,6576068,NC
-0.24851297992735355,6576069,NC
-0.26354369669380484,6576070,NC
-0.26357449426844437,6576071,NC
-0.27860537261382334,6576072,NC
-0.3086363316923952,6576073,NC
-0.32366737146651475,6576074,NC
-0.338698491898439,6576075,NC
-0.31372969295032654,6576076,NC
-0.30376097458423834,6576077,NC
-0.30379233676213724,6576078,NC
-0.3038237794458879,6576079,NC
-0.31385530259725747,6576080,NC
-0.2988869061779149,6576081,NC
-0.27891859014943166,6576082,NC
-0.2689503544732813,6576083,NC
-0.27898219911083955,6576084,NC
-0.3090141240233847,6576085,NC
-0.3490461291720973,6576086,NC
-0.35907821451806055,6576087,NC
-0.3541103800222597,6576088,NC
-0.34414262564558296,6576089,NC
-0.34917495134882093,6576090,NC
-0.3542073570926669,6576091,NC
-0.3592398428377166,6576092,NC
-0.3642724085444689,6576093,NC
-0.3343050541733251,6576094,NC
-0.32933777968458944,6576095,NC
-0.33437058503846895,6576096,NC
-0.3394034701950738,6576097,NC
-0.3444364351144168,6576098,NC
-0.349469479756414,6576099,NC
-0.32450260408088455,6576100,NC
-0.30953580804755043,6576101,NC
-0.3145690916160371,6576102,NC
-0.334602454745873,6576103,NC
-0.3296358973964899,6576104,NC
-0.33966941952722296,6576105,NC
-0.32470302109731053,6576106,NC
-0.3047367020658945,6576107,NC
-0.3047704623920201,6576108,NC
-0.3198043020346363,6576109,NC
-0.3198382209525953,6576110,NC
-0.31987221910465313,6576111,NC
-0.3149062964494693,6576112,NC
-0.30494045294560734,6576113,NC
-0.3099746885515342,6576114,NC
-0.31000900322562075,6576115,NC
-0.3200433969261417,6576116,NC
-0.3200778696112758,6576117,NC
-0.3101124212391056,6576118,NC
-0.3101470517676177,6576119,NC
-0.30018176115470274,6576120,NC
-0.3202165493581556,6576121,NC
-0.3302514163356752,6576122,NC
-0.3252863620448646,6576123,NC
-0.3003213864432313,6576124,NC
-0.30535648948818706,6576125,NC
-0.30539167113704796,6576126,NC
-0.3204269313470346,6576127,NC
-0.33546227007527185,6576128,NC
-0.3254976872787893,6576129,NC
-0.31553318291452115,6576130,NC
-0.300568756939306,6576131,NC
-0.3106044093098873,6576132,NC
-0.31564013998291335,6576133,NC
-0.3256759489149369,6576134,NC
-0.3257118360624158,6576135,NC
-0.3107478013817127,6576136,NC
-0.29078384482909525,6576137,NC
-0.29581996636073615,6576138,NC
-0.32085616593271293,6576139,NC
-0.32589244350100843,6576140,NC
-0.3259287990215106,6576141,NC
-0.32096523245001257,6576142,NC
-0.3010017437422128,6576143,NC
-0.30603833285371496,6576144,NC
-0.3360749997400282,6576145,NC
-0.33111174435656704,6576146,NC
-0.33114856665865156,6576147,NC
-0.32118546660150726,6576148,NC
-0.29622244414026533,6576149,NC
-0.3112594992299626,6576150,NC
-0.3212966318255416,6576151,NC
-0.33633384188185045,6576152,NC
-0.3213711293536433,6576153,NC
-0.3114084941955801,6576154,NC
-0.2964459363622267,6576155,NC
-0.3014834558080549,6576156,NC
-0.3315210524874427,6576157,NC
-0.33155872635467387,6576158,NC
-0.3115964773639386,6576159,NC
-0.31663430546933313,6576160,NC
-0.31667221062486006,6576161,NC
-0.31671019278442825,6576162,NC
-0.3267482519018529,6576163,NC
-0.3217863879308557,6576164,NC
-0.32182460082506464,6576165,NC
-0.2868628905380145,6576166,NC
-0.2669012570231466,6576167,NC
-0.27693970023380865,6576168,NC
-0.2919782201232553,6576169,NC
-0.3170168166446481,6576170,NC
-0.34205548975105504,6576171,NC
-0.3170942393954512,6576172,NC
-0.2971330655307186,6576173,NC
-0.30217196810964636,6576174,NC
-0.2872109470849303,6576175,NC
-0.28725000240917364,6576176,NC
-0.27728913403488675,6576177,NC
-0.252328341914487,6576178,NC
-0.23736762600029931,6576179,NC
-0.22740698624455571,6576180,NC
-0.23744642259939586,6576181,NC
-0.25248593501686667,6576182,NC
-0.2325255234489226,6576183,NC
-0.22756518784742574,6576184,NC
-0.20260492816414585,6576185,NC
-0.22264474435076015,6576186,NC
-0.23268463635885392,6576187,NC
-0.24272460413992,6576188,NC
-0.2477646476453592,6576189,NC
-0.2528047668264802,6576190,NC
-0.2528449616344997,6576191,NC
-0.29288523202054245,6576192,NC
-0.30792557793564135,6576193,NC
-0.3229659993307373,6576194,NC
-0.3180064961566795,6576195,NC
-0.2930470683642254,6576196,NC
-0.28308771590404097,6576197,NC
-0.2881284387267004,6576198,NC
-0.3081692367826864,6576199,NC
-0.30821011002239,6576200,NC
-0.29325105839611115,6576201,NC
-0.2882920818540583,6576202,NC
-0.2633331803463485,6576203,NC
-0.2733743538230077,6576204,NC
-0.29341560223397045,6576205,NC
-0.3284569255290805,6576206,NC
-0.34849832365809036,6576207,NC
-0.33853979657066163,6576208,NC
-0.31858134421636475,6576209,NC
-0.32862296654467965,6576210,NC
-0.33366466350499513,6576211,NC
-0.33370643504660935,6576212,NC
-0.3287482811187299,6576213,NC
-0.3337902016704735,6576214,NC
-0.3238321966508666,6576215,NC
-0.31887426600884494,6576216,NC
-0.33391640969325387,6576217,NC
-0.34395862765284835,6576218,NC
-0.34400091983629305,6576219,NC
-0.3390432861921624,6576220,NC
-0.32408572666894053,6576221,NC
-0.31912824121502165,6576222,NC
-0.3441708297787098,6576223,NC
-0.35421349230821875,6576224,NC
-0.3642562287516729,6576225,NC
-0.34429903905710635,6576226,NC
-0.3293419231724634,6576227,NC
-0.3343848810455988,6576228,NC
-0.32442791262427745,6576229,NC
-0.3344710178561747,6576230,NC
-0.3295141966888763,6576231,NC
-0.3345574490698786,6576232,NC
-0.3146007749465884,6576233,NC
-0.31964417426632313,6576234,NC
-0.34468764697631105,6576235,NC
-0.34973119302369104,6576236,NC
-0.3447748123555129,6576237,NC
-0.3248185049187372,6576238,NC
-0.30486227066023563,6576239,NC
-0.3049061095267908,6576240,NC
-0.3049500214650964,6576241,NC
-0.3299940064217573,6576242,NC
-0.3100380643432895,6576243,NC
-0.2950821951761204,6576244,NC
-0.2651263988665887,6576245,NC
-0.2601706753609444,6576246,NC
-0.24521502460534916,6576247,NC
-0.23525944654587605,6576248,NC
-0.2153039411285098,6576249,NC
-0.14534850829914675,6576250,NC
-0.08539314800359504,6576251,NC
-0.010437860187574595,6576252,NC
0.05951735520328282,6576253,NC
0.12447249822343348,6576254,NC
0.19442756892742166,6576255,NC
0.2543825673698796,6576256,NC
0.2793374936055273,6576257,NC
0.24929234768917272,6576258,NC
0.18424712967571147,6576259,NC
0.11420183962012681,6576260,NC
0.07415647757748962,6576261,NC
0.10411104360295834,6576262,NC
0.16406553775177884,6576263,NC
0.24401996007928442,6576264,NC
0.3489743106408956,6576265,NC
0.4639285894921205,6576266,NC
0.5938827966885539,6576267,NC
0.7238369322858782,6576268,NC
0.8087909963398625,6576269,NC
0.8187449889063633,6576270,L
0.7436989100413236,6576271,NC
0.6436527598007734,6576272,NC
0.5036065382408298,6576273,NC
0.3935602454176961,6576274,NC
0.31351388138766256,6576275,NC
0.208467446207106,6576276,NC
0.09842093993248976,6576277,NC
-0.01662563737963644,6576278,NC
-0.12167228567263644,6576279,NC
-0.22171900488978785,6576280,NC
-0.30176579497428185,6576281,NC
-0.37681265586922374,6576282,NC
-0.4418595875176325,6576283,NC
-0.4919065898624412,6576284,NC
-0.5069536628464966,6576285,NC
-0.5020008064125603,6576286,NC
-0.4770480205033072,6576287,NC
-0.4570953050613271,6576288,NC
-0.44214266002912384,6576289,NC
-0.4421900853491157,6576290,NC
-0.3972375809636354,6576291,NC
-0.3772851468149301,6576292,NC
-0.3623327828451617,6576293,NC
-0.38238048899640675,6576294,NC
-0.40242826521065644,6576295,NC
-0.4274761114298168,6576296,NC
-0.42752402759570884,6576297,NC
-0.4225720136500683,6576298,NC
-0.40762006953454627,6576299,NC
-0.4026681951907085,6576300,NC
-0.4027163905600363,6576301,NC
-0.40776465558392594,6576302,NC
-0.4078129902036891,6576303,NC
-0.3828613943605529,6576304,NC
-0.3779098679956598,6576305,NC
-0.3779584110500678,6576306,NC
-0.3880070234647506,6576307,NC
-0.38305570518059723,6576308,NC
-0.37310445613841287,6576309,NC
-0.3681532762789183,6576310,NC
-0.3482021655427502,6576311,NC
-0.3532511238704611,6576312,NC
-0.36330015120251974,6576313,NC
-0.36834924747931086,6576314,NC
-0.38839841264113534,6576315,NC
-0.3684476466282102,6576316,NC
-0.3434969493806692,6576317,NC
-0.3535463208385618,6576318,NC
-0.3585957609418546,6576319,NC
-0.34364526963043035,6576320,NC
-0.33869484684408835,6576321,NC
-0.32374449252254484,6576322,NC
-0.3137942066054326,6576323,NC
-0.3138439890323014,6576324,NC
-0.3138938397426177,6576325,NC
-0.32394375867576514,6576326,NC
-0.3189937457710442,6576327,NC
-0.28404380096767273,6576328,NC
-0.2590939242047855,6576329,NC
-0.2591441154214347,6576330,NC
-0.2591943745565899,6576331,NC
-0.26924470154913793,6576332,NC
-0.26429509633788323,6576333,NC
-0.23934555886154776,6576334,NC
-0.21939608905877117,6576335,NC
-0.20444668686811074,6576336,NC
-0.20449735222804155,6576337,NC
-0.21954808507695658,6576338,NC
-0.1895988853531667,6576339,NC
-0.16964975299490093,6576340,NC
-0.14470068794030616,6576341,NC
-0.12475169012744752,6576342,NC
-0.1348027594943085,6576343,NC
-0.10485389597879079,6576344,NC
-0.10490509951871443,6576345,NC
-0.089956370051818,6576346,NC
-0.06000770751575866,6576347,NC
-0.06005911184811201,6576348,NC
-0.06511058298637254,6576349,NC
-0.0651621208679534,6576350,NC
-0.04021372543018655,6576351,NC
-0.01026539661032301,6576352,NC
0.009682865654467389,6576353,NC
0.029631061427095574,6576354,NC
0.009579190770553421,6576355,NC
0.004527253747913594,6576356,NC
0.024475250422329356,6576357,NC
0.039423180857034716,6576358,NC
0.07437104511534416,6576359,NC
0.0993188432606526,6576360,NC
0.08426657535643545,6576361,NC
0.08421424146624834,6576362,NC
0.09416184165372717,6576363,NC
0.08910937598258806,6576364,NC
0.09905684451662704,6576365,NC
0.06900424731972038,6576366,NC
0.06895158445582407,6576367,NC
0.053898855988974044,6576368,NC
0.03384606198328605,6576369,NC
0.013793202502955404,6576370,NC
0.0037402776122571132,6576371,NC
-0.026312712624454226,6576372,NC
-0.04636576814274471,6576373,NC
-0.07641888887810086,6576374,NC
-0.08647207476593011,6576375,NC
-0.0865253257415605,6576376,NC
-0.10657864174024095,6576377,NC
-0.13663202269714145,6576378,NC
-0.15668546854735285,6576379,NC
-0.17673897922588716,6576380,NC
-0.18179255466767757,6576381,NC
-0.19184619480757845,6576382,NC
-0.18189989958036556,6576383,NC
-0.1819536689207361,6576384,NC
-0.20200750276330873,6576385,NC
-0.22206140104262362,6576386,NC
-0.2321153636931426,6576387,NC
-0.21716939064924937,6576388,NC
-0.20722348184524925,6576389,NC
-0.2122776372153695,6576390,NC
-0.22733185669375944,6576391,NC
-0.2273861402144903,6576392,NC
-0.24244048771155552,6576393,NC
-0.22249489911887085,6576394,NC
-0.21754937437027405,6576395,NC
-0.2226039133995255,6576396,NC
-0.24265851614030787,6576397,NC
-0.2627131825262265,6576398,NC
-0.2677679124908092,6576399,NC
-0.2478227059675066,6576400,NC
-0.232877562889692,6576401,NC
-0.22793248319066164,6576402,NC
-0.23798746680363453,6576403,NC
-0.25304251366175295,6576404,NC
-0.2530976236980821,6576405,NC
-0.23815279684561028,6576406,NC
-0.21820803303724934,6576407,NC
-0.2182633322058342,6576408,NC
-0.2233186942841233,6576409,NC
-0.22337411920479858,6576410,NC
-0.2184296069004656,6576411,NC
-0.1984851573036535,6576412,NC
-0.1785407703468153,6576413,NC
-0.19359644596232772,6576414,NC
-0.22365218408249152,6576415,NC
-0.2637079846395313,6576416,NC
-0.2637638475655959,6576417,NC
-0.25381977279275825,6576418,NC
-0.22887576025301554,6576419,NC
-0.2289318098782892,6576420,NC
-0.23398792160042514,6576421,NC
-0.23904409535119386,6576422,NC
-0.23910033106229028,6576423,NC
-0.22415662866533412,6576424,NC
-0.1992129880918696,6576425,NC
-0.19426940927336608,6576426,NC
-0.2043258921412176,6576427,NC
-0.2093824366267433,6576428,NC
-0.21443904266118735,6576429,NC
-0.20949571017571905,6576430,NC
-0.19955243910143305,6576431,NC
-0.18960922936934924,6576432,NC
-0.19966608091041294,6576433,NC
-0.21472299365549496,6576434,NC
-0.21477996753539172,6576435,NC
-0.20983700248082524,6576436,NC
-0.1798940984224433,6576437,NC
-0.17995125529081962,6576438,NC
-0.2000084730164537,6576439,NC
-0.20506575152977108,6576440,NC
-0.21012309076112343,6576441,NC
-0.19018049064078849,6576442,NC
-0.1752379510989704,6576443,NC
-0.1652954720657995,6576444,NC
-0.18035305347133265,6576445,NC
-0.19541069524555313,6576446,NC
-0.1954683973183709,6576447,NC
-0.20052615961962258,6576448,NC
-0.1955839820790715,6576449,NC
-0.19564186462640787,6576450,NC
-0.2006998071912489,6576451,NC
-0.19075780970313871,6576452,NC
-0.19581587209154863,6576453,NC
-0.1858739942858771,6576454,NC
-0.16593217621544987,6576455,NC
-0.17099041780952007,6576456,NC
-0.18604871899726827,6576457,NC
-0.19610707970780256,6576458,NC
-0.2061654998701587,6576459,NC
-0.18622397941330004,6576460,NC
-0.17128251826611796,6576461,NC
-0.18134111635743144,6576462,NC
-0.2063997736159876,6576463,NC
-0.21645848997046158,6576464,NC
-0.20651726534945666,6576465,NC
-0.19157609968150432,6576466,NC
-0.17663499289506446,6576467,NC
-0.17169394491852524,6576468,NC
-0.16675295568020337,6576469,NC
-0.19181202510834416,6576470,NC
-0.2168711531311216,6576471,NC
-0.21693033967663833,6576472,NC
-0.2119895846729259,6576473,NC
-0.2070488880479448,6576474,NC
-0.20210824972958455,6576475,NC
-0.2071676696456637,6576476,NC
-0.18722714772392998,6576477,NC
-0.17228668389206053,6576478,NC
-0.14734627807766174,6576479,NC
-0.15240593020826945,6576480,NC
-0.15246564021134912,6576481,NC
-0.18752540801429568,6576482,NC
-0.18758523354443402,6576483,NC
-0.18764511672901868,6576484,NC
-0.18770505749523408,6576485,NC
-0.16276505577019468,6576486,NC
-0.177825111480945,6576487,NC
-0.17288522455445968,6576488,NC
-0.15794539491764367,6576489,NC
-0.1530056224973322,6576490,NC
-0.1230659072202911,6576491,NC
-0.12812624901321637,6576492,NC
-0.11818664780273495,6576493,NC
-0.1332471035154043,6576494,NC
-0.1433076160777127,6576495,NC
-0.11836818541607938,6576496,NC
-0.09842881145685436,6576497,NC
-0.10348949412631886,6576498,NC
-0.12355023335068532,6576499,NC
-0.1286110290560971,6576500,NC
-0.12867188116862915,6576501,NC
-0.13373278961428775,6576502,NC
-0.12879375431901063,6576503,NC
-0.12885477520866734,6576504,NC
-0.14891585220905876,6576505,NC
-0.1589769852459177,6576506,NC
-0.18403817424490904,6576507,NC
-0.17909941913162922,6576508,NC
-0.16916071983160708,6576509,NC
-0.1642220762703033,6576510,NC
-0.18428348837311098,6576511,NC
-0.19934495606535557,6576512,NC
-0.18940647927229465,6576513,NC
-0.1844680579191186,6576514,NC
-0.1945296919309503,6576515,NC
-0.18459138123284513,6576516,NC
-0.19965312574979155,6576517,NC
-0.2047149254067106,6576518,NC
-0.21977678012845636,6576519,NC
-0.19983868983981612,6576520,NC
-0.20990065446550998,6576521,NC
-0.21496267393019164,6576522,NC
-0.23002474815844787,6576523,NC
-0.24008687707479875,6576524,NC
-0.23014906060369833,6576525,NC
-0.2352112986695336,6576526,NC
-0.22027359119662582,6576527,NC
-0.22533593810922975,6576528,NC
-0.24539833933153388,6576529,NC
-0.25046079478766103,6576530,NC
-0.2455233044016679,6576531,NC
-0.24558586809754512,6576532,NC
-0.23564848579921804,6576533,NC
-0.21571115743054575,6576534,NC
-0.23077388291532225,6576535,NC
-0.24083666217727584,6576536,NC
-0.25589949514006943,6576537,NC
-0.23096238172730077,6576538,NC
-0.23102532186250221,6576539,NC
-0.24108831546914106,6576540,NC
-0.2311513624706198,6576541,NC
-0.24121446279027553,6576542,NC
-0.2512776163513811,6576543,NC
-0.24634082307714414,6576544,NC
-0.21640408289070784,6576545,NC
-0.22146739571515087,6576546,NC
-0.23653076147348737,6576547,NC
-0.24159418008866704,6576548,NC
-0.2466576514835756,6576549,NC
-0.2367211755810342,6576550,NC
-0.22178475230380013,6576551,NC
-0.21184838157456673,6576552,NC
-0.2219120633159633,6576553,NC
-0.23697579745055547,6576554,NC
-0.23203958390084506,6576555,NC
-0.21210342258927029,6576556,NC
-0.1971673134382059,6576557,NC
-0.19223125636996322,6576558,NC
-0.1922952513067902,6576559,NC
-0.17735929817087165,6576560,NC
-0.15242339688432904,6576561,NC
-0.11748754736922096,6576562,NC
-0.08255174954754302,6576563,NC
-0.027616003341227977,6576564,NC
0.032319691327854255,6576565,NC
0.09725533453789631,6576566,NC
0.1671909263671535,6576567,NC
0.24212646689394351,6576568,NC
0.29706195619664655,6576569,NC
0.30699739435370493,6576570,NC
0.2569327814436233,6576571,NC
0.19686811754496833,6576572,NC
0.11680340273636877,6576573,NC
0.07673863709651518,6576574,NC
0.06667382070415999,6576575,NC
0.10160895363811731,6576576,NC
0.15154403597726288,6576577,NC
0.28147906780053394,6576578,NC
0.4064140491869292,6576579,NC
0.5713489802155087,6576580,NC
0.7062838609653936,6576581,NC
0.7862186915157665,6576582,NC
0.8261534719458705,6576583,NC
0.8110882023350102,6576584,NC
0.7510228827625508,6576585,L
0.6759575133079182,6576586,NC
0.6058920940505991,6576587,NC
0.5208266250701405,6576588,NC
0.4057611064461504,6576589,NC
0.28569553825829647,6576590,NC
0.1506299205863071,6576591,NC
0.010564253509970728,6576592,NC
-0.12450146289086411,6576593,NC
-0.2595672285362889,6576594,NC
-0.35963304334633533,6576595,NC
-0.43469890724097515,6576596,NC
-0.4597648201401206,6576597,NC
-0.4698307819636242,6576598,NC
-0.439896792631279,6576599,NC
-0.4099628520628188,6576600,NC
-0.4000289601779179,6576601,NC
-0.3850951168961915,6576602,NC
-0.3851613221371958,6576603,NC
-0.36022757582042775,6576604,NC
-0.32529387786532554,6576605,NC
-0.31036022819126863,6576606,NC
-0.29542662671757774,6576607,NC
-0.2954930733635149,6576608,NC
-0.2705595680482835,6576609,NC
-0.24062611069102893,6576610,NC
-0.21069270121083786,6576611,NC
-0.20075933952673894,6576612,NC
-0.2158260255577027,6576613,NC
-0.24589275922264153,6576614,NC
-0.2659595404404101,6576615,NC
-0.25602636912980503,6576616,NC
-0.26609324520956534,6576617,NC
-0.2761601685983725,6576618,NC
-0.2912271392148503,6576619,NC
-0.2962941569775651,6576620,NC
-0.2913612218050261,6576621,NC
-0.27642833361568514,6576622,NC
-0.23649549232793698,6576623,NC
-0.25156269786011926,6576624,NC
-0.2716299501305129,6576625,NC
-0.26169724905734165,6576626,NC
-0.23176459455877294,6576627,NC
-0.19683198655291717,6576628,NC
-0.1768994249578285,6576629,NC
-0.1919669096915045,6576630,NC
-0.21203444067188648,6576631,NC
-0.2421020178168595,6576632,NC
-0.22216964104425238,6576633,NC
-0.1922373102718381,6576634,NC
-0.18730502541733357,6576635,NC
-0.20737278639839984,6576636,NC
-0.23244059313264245,6576637,NC
-0.242508445537611,6576638,NC
-0.2275763435307997,6576639,NC
-0.1926442870296474,6576640,NC
-0.17271227595153746,6576641,NC
-0.17278031021379817,6576642,NC
-0.16784838973370256,6576643,NC
-0.17291651442846867,6576644,NC
-0.13798468421525967,6576645,NC
-0.1030528990111838,6576646,NC
-0.07812115873329459,6576647,NC
-0.06318946329859103,6576648,NC
-0.06325781262401747,6576649,NC
-0.0733262066264639,6576650,NC
-0.05839464522276599,6576651,NC
-0.033463128329705126,6576652,NC
0.0014683441359913674,6576653,NC
0.001399772257650228,6576654,NC
0.0013311561186520812,6576655,NC
0.006262495802431399,6576656,NC
0.031193791392476366,6576657,NC
0.046125042972328764,6576658,NC
0.0860562506255839,6576659,NC
0.0909874144358905,6576660,NC
0.08591853448695064,6576661,NC
0.07584961086251948,6576662,NC
0.09578064364640546,6576663,NC
0.11071163292246985,6576664,NC
0.135642578774627,6576665,NC
0.1555734812868439,6576666,NC
0.15550434054314036,6576667,NC
0.15043515662758872,6576668,NC
0.1603659296243138,6576669,NC
0.18029665961749292,6576670,NC
0.19022734669135558,6576671,NC
0.2001579909301835,6576672,NC
0.2050885924183105,6576673,NC
0.19501915124012242,6576674,NC
0.21494966748005678,6576675,NC
0.21988014122260321,6576676,NC
0.2248105725523028,6576677,NC
0.2447409615537482,6576678,NC
0.2246713083115836,6576679,NC
0.19960161291050454,6576680,NC
0.18453187543525781,6576681,NC
0.15446209597064148,6576682,NC
0.16439227460150432,6576683,NC
0.13432241141274653,6576684,NC
0.09925250648931885,6576685,NC
0.06418255991622288,6576686,NC
0.03911257177851086,6576687,NC
0.03904254216128538,6576688,NC
0.028972471149699825,6576689,NC
0.01890235882895771,6576690,NC
-0.016167794715687384,6576691,NC
-0.04623798939893133,6576692,NC
-0.056308225135420456,6576693,NC
-0.06637850183975078,6576694,NC
-0.041448819426468615,6576695,NC
-0.061519177810070824,6576696,NC
-0.07658957690500426,6576697,NC
-0.09666001662566645,6576698,NC
-0.09173049688640572,6576699,NC
-0.08680101760152066,6576700,NC
-0.08687157868526117,6576701,NC
-0.10694218005182765,6576702,NC
-0.14201282161537165,6576703,NC
-0.16708350328999608,6576704,NC
-0.14715422498975458,6576705,NC
-0.14722498662865266,6576706,NC
-0.12229578812064698,6576707,NC
-0.14736662937964562,6576708,NC
-0.15743751031950867,6576709,NC
-0.16750843085404762,6576710,NC
-0.1875793908970259,6576711,NC
-0.1826503903621592,6576712,NC
-0.16272142916311477,6576713,NC
-0.16279250721351243,6576714,NC
-0.16786362442692418,6576715,NC
-0.18293478071687413,6576716,NC
-0.19300597599683939,6576717,NC
-0.1830772101802491,6576718,NC
-0.16814848318048556,6576719,NC
-0.1532197949108836,6576720,NC
-0.15329114528473098,6576721,NC
-0.15836253421526858,6576722,NC
-0.1834339616156903,6576723,NC
-0.17350542739914335,6576724,NC
-0.15357693147872825,6576725,NC
-0.1586484737674987,6576726,NC
-0.15372005417846238,6576727,NC
-0.15379167262458038,6576728,NC
-0.1338633290187674,6576729,NC
-0.12893502327389228,6576730,NC
-0.11400675530277767,6576731,NC
-0.14407852501820032,6576732,NC
-0.16915033233289117,6576733,NC
-0.20422217715953525,6576734,NC
-0.22429405941077238,6576735,NC
-0.22936597899919647,6576736,NC
-0.1994379358373563,6576737,NC
-0.1595099298377552,6576738,NC
-0.14958196091285136,6576739,NC
-0.15965402897505793,6576740,NC
-0.16472613393674307,6576741,NC
-0.1547982757102299,6576742,NC
-0.14487045420779707,6576743,NC
-0.15494266934167844,6576744,NC
-0.16501492102406326,6576745,NC
-0.1850872091670964,6576746,NC
-0.20015953368287842,6576747,NC
-0.21523189448346558,6576748,NC
-0.2153042914808701,6576749,NC
-0.24037672458706016,6576750,NC
-0.24044919371395998,6576751,NC
-0.22552169877345002,6576752,NC
-0.21559423967736704,6576753,NC
-0.21066681633750425,6576754,NC
-0.19073942866561136,6576755,NC
-0.2008120765733947,6576756,NC
-0.19088475997251733,6576757,NC
-0.19095747877459915,6576758,NC
-0.19603023289121704,6576759,NC
-0.17110302223390494,6576760,NC
-0.16617584671415392,6576761,NC
-0.17124870624341235,6576762,NC
-0.18632160073308596,6576763,NC
-0.206394530094538,6576764,NC
-0.22146749423908935,6576765,NC
-0.22154049307801849,6576766,NC
-0.19161352652256178,6576767,NC
-0.2066865944839135,6576768,NC
-0.22175969687322597,6576769,NC
-0.2268328336016096,6576770,NC
-0.2219060045801331,6576771,NC
-0.20697920971982348,6576772,NC
-0.20705244893166627,6576773,NC
-0.21712572212660552,6576774,NC
-0.23219902921554397,6576775,NC
-0.2472723701093432,6576776,NC
-0.24234574471882353,6576777,NC
-0.21241915295476446,6576778,NC
-0.2024925947279046,6576779,NC
-0.20256606994894158,6576780,NC
-0.21763957852853255,6576781,NC
-0.22271312037729407,6576782,NC
-0.22278669540580218,6576783,NC
-0.2178603035245926,6576784,NC
-0.21793394464416083,6576785,NC
-0.19800761867496225,6576786,NC
-0.2030813255274122,6576787,NC
-0.20315506511188608,6576788,NC
-0.1982288373387196,6576789,NC
-0.1883026421182086,6576790,NC
-0.16337647936060956,6576791,NC
-0.16345034897613928,6576792,NC
-0.16852425087497533,6576793,NC
-0.18859818496725592,6576794,NC
-0.17367215116308024,6576795,NC
-0.16874614937250834,6576796,NC
-0.1388201795055614,6576797,NC
-0.1438942414722217,6576798,NC
-0.14396833518243293,6576799,NC
-0.14404246054610012,6576800,NC
-0.1441166174730898,6576801,NC
-0.1291908058732301,6576802,NC
-0.11926502565631096,6576803,NC
-0.12433927673208411,6576804,NC
-0.1494135590102632,6576805,NC
-0.14948787240052402,6576806,NC
-0.1445622168125045,6576807,NC
-0.15463659215580472,6576808,NC
-0.14471099833998735,6576809,NC
-0.1647854352745774,6576810,NC
-0.15985990286906263,6576811,NC
-0.1699344010328934,6576812,NC
-0.17000892967548295,6576813,NC
-0.15508348870620745,6576814,NC
-0.14515807803440614,6576815,NC
-0.16023269756938135,6576816,NC
-0.1653073472203988,6576817,NC
-0.21538202689668748,6576818,NC
-0.23545673650743995,6576819,NC
-0.23053147596181228,6576820,NC
-0.2356062451689243,6576821,NC
-0.23068104403785974,6576822,NC
-0.2107558724776661,6576823,NC
-0.21583073039735506,6576824,NC
-0.2109056177059024,6576825,NC
-0.20098053431224822,6576826,NC
-0.19605548012529683,6576827,NC
-0.2211304550539172,6576828,NC
-0.2712054590069428,6576829,NC
-0.29128049189317196,6576830,NC
-0.3013555536213676,6576831,NC
-0.2914306441002577,6576832,NC
-0.2765057632385353,6576833,NC
-0.2565809109448586,6576834,NC
-0.2816560871278508,6576835,NC
-0.3017312916961009,6576836,NC
-0.2918065245581631,6576837,NC
-0.2918817856225573,6576838,NC
-0.261957074797769,6576839,NC
-0.2770323919922497,6576840,NC
-0.27710773711441666,6576841,NC
-0.2821831100726533,6576842,NC
-0.28225851077530906,6576843,NC
-0.26733393913069975,6576844,NC
-0.24740939504710763,6576845,NC
-0.2624848784327811,6576846,NC
-0.27256038919593567,6576847,NC
-0.27763592724475317,6576848,NC
-0.29271149248738243,6576849,NC
-0.28278708483193904,6576850,NC
-0.2678627041865058,6576851,NC
-0.25793835045913277,6576852,NC
-0.28301402355783695,6576853,NC
-0.2880897233906029,6576854,NC
-0.28316544986538283,6576855,NC
-0.27324120289009624,6576856,NC
-0.2583169823726306,6576857,NC
-0.26839278822084095,6576858,NC
-0.25846862034255075,6576859,NC
-0.27354447864555087,6576860,NC
-0.2636203630376008,6576861,NC
-0.25869627342642826,6576862,NC
-0.2487722097197291,6576863,NC
-0.25384817182516795,6576864,NC
-0.25392415965037796,6576865,NC
-0.2590001731029609,6576866,NC
-0.23907621209048763,6576867,NC
-0.21415227652049765,6576868,NC
-0.18922836630049977,6576869,NC
-0.1493044813379719,6576870,NC
-0.11938062154036105,6576871,NC
-0.07445678681508405,6576872,NC
-0.034532977069526814,6576873,NC
0.05039080778895494,6576874,NC
0.13531456785303558,6576875,NC
0.17523830321541997,6576876,NC
0.1851620139688428,6576877,NC
0.17508570020606867,6576878,NC
0.13500936201989217,6576879,NC
0.08993299950313724,6576880,NC
0.03485661274865781,6576881,NC
-0.0252197981506629,6576882,NC
-0.05029623310191251,6576883,NC
-0.010372692012148924,6576884,NC
0.09455082521159854,6576885,NC
0.22447431866233006,6576886,NC
0.3993977884330745,6576887,NC
0.5143212346168894,6576888,NC
0.6042446573068613,6576889,NC
0.614168056596105,6576890,NC
0.6090914325777637,6576891,L
0.5640147853450096,6576892,NC
0.48893811499104217,6576893,NC
0.3788614216090898,6576894,NC
0.2687847052924085,6576895,NC
0.158707966134282,6576896,NC
0.0536312042280223,6576897,NC
-0.07144558033303139,6576898,NC
-0.18152238745551216,6576899,NC
-0.31159921704602545,6576900,NC
-0.4266760690111498,6576901,NC
-0.4967529432574361,6576902,NC
-0.5218298396914085,6576903,NC
-0.541906758219564,6576904,NC
-0.5419836987483728,6576905,NC
-0.5470606611842781,6576906,NC
-0.5421376454336972,6576907,NC
-0.5072146514030197,6576908,NC
-0.46729167899860996,6576909,NC
-0.4273687281268052,6576910,NC
-0.372445798693917,6576911,NC
-0.3625228906062305,6576912,NC
-0.34760000377000505,6576913,NC
-0.3676771380914743,6576914,NC
-0.35775429347684584,6576915,NC
-0.34283146983230195,6576916,NC
-0.33290866706399935,6576917,NC
-0.33298588507806903,6576918,NC
-0.3330631237806173,6576919,NC
-0.3431403830777249,6576920,NC
-0.3382176628754476,6576921,NC
-0.33329496307981626,6576922,NC
-0.30337228359683704,6576923,NC
-0.2934496243324912,6576924,NC
-0.30352698519273574,6576925,NC
-0.3136043660835026,6576926,NC
-0.32368176691070005,6576927,NC
-0.31375918758021165,6576928,NC
-0.298836627997897,6576929,NC
-0.29891408806959174,6576930,NC
-0.3039915677011075,6576931,NC
-0.30406906679823215,6576932,NC
-0.30914658526672995,6576933,NC
-0.2942241230123415,6576934,NC
-0.2693016799407841,6576935,NC
-0.2543792559577516,6576936,NC
-0.26445685096891475,6576937,NC
-0.26453446487992105,6576938,NC
-0.26461209759639515,6576939,NC
-0.23968974902393878,6576940,NC
-0.22976741906813097,6576941,NC
-0.21484510763452808,6576942,NC
-0.23992281462866388,6576943,NC
-0.24500053995604984,6576944,NC
-0.22007828352217507,6576945,NC
-0.21015604523250656,6576946,NC
-0.19023382499248917,6576947,NC
-0.17031162270754585,6576948,NC
-0.16538943828307773,6576949,NC
-0.15546727162446422,6576950,NC
-0.14554512263706304,6576951,NC
-0.13562299122621052,6576952,NC
-0.10070087729722166,6576953,NC
-0.09077878075539005,6576954,NC
-0.08085670150598827,6576955,NC
-0.0809346394542678,6576956,NC
-0.06601259450545927,6576957,NC
-0.026090566564772426,6576958,NC
-0.006168555537396427,6576959,NC
-0.016246561328499803,6576960,NC
-0.036324583843230666,6576961,NC
-0.03140262298671676,6576962,NC
-0.036480678664065666,6576963,NC
0.013441249219635217,6576964,NC
0.05836316075931841,6576965,NC
0.06828505604993636,6576966,NC
0.06820693518646122,6576967,NC
0.06812879826388482,6576968,NC
0.07305064537721852,6576969,NC
0.09297247662149309,6576970,NC
0.11289429209175858,6576971,NC
0.1278160918830842,6576972,NC
0.13773787609055832,6576973,NC
0.13265964480928813,6576974,NC
0.12758139813439975,6576975,NC
0.12750313616103798,6576976,NC
0.14242485898436621,6576977,NC
0.14734656669956636,6576978,NC
0.14726825940183869,6576979,NC
0.13218993718640168,6576980,NC
0.13211160014849205,6576981,NC
0.12703324838336444,6576982,NC
0.13695488198629147,6576983,NC
0.10687650105256351,6576984,NC
0.08679810567748861,6576985,NC
0.051719695956392406,6576986,NC
0.006641271984617946,6576987,NC
-0.03343716614247437,6576988,NC
-0.05351561832950696,6576989,NC
-0.07359408448108509,6576990,NC
-0.1036725645017971,6576991,NC
-0.14875105829621443,6576992,NC
-0.14382956576889183,6576993,NC
-0.15390808682436735,6576994,NC
-0.1639866213671625,6576995,NC
-0.18906516930178252,6576996,NC
-0.22914373053271622,6576997,NC
-0.2492223049644364,6576998,NC
-0.2643008925013996,6576999,NC
-0.2343794930480466,6577000,NC
-0.23945810650880228,6577001,NC
-0.22953673278807585,6577002,NC
-0.23461537179026096,6577003,NC
-0.2296940234197357,6577004,NC
-0.22977268758086283,6577005,NC
-0.21985136417799,6577006,NC
-0.23493005311544954,6577007,NC
-0.26000875429755893,6577008,NC
-0.28508746762862064,6577009,NC
-0.2951661930129225,6577010,NC
-0.2852449303547376,6577011,NC
-0.25032367955832446,6577012,NC
-0.24040244052792722,6577013,NC
-0.23548121316777576,6577014,NC
-0.25055999738208573,6577015,NC
-0.26063879307505866,6577016,NC
-0.2757176001508821,6577017,NC
-0.27579641851372994,6577018,NC
-0.2458752480677622,6577019,NC
-0.2509540887171253,6577020,NC
-0.25103294036595214,6577021,NC
-0.2711118029183624,6577022,NC
-0.2711906762784623,6577023,NC
-0.2562695603503449,6577024,NC
-0.24134845503809063,6577025,NC
-0.2564273602457665,6577026,NC
-0.28650627587742705,6577027,NC
-0.3115852018371141,6577028,NC
-0.32666413802885674,6577029,NC
-0.3167430843566718,6577030,NC
-0.2918220407245637,6577031,NC
-0.2869010070365247,6577032,NC
-0.29697998319653496,6577033,NC
-0.30205896910856267,6577034,NC
-0.28213796467656405,6577035,NC
-0.2622169698044838,6577036,NC
-0.2672959843962547,6577037,NC
-0.2723750083557983,6577038,NC
-0.29245404158702465,6577039,NC
-0.3025330839938325,6577040,NC
-0.31261213548010947,6577041,NC
-0.28769119594973214,6577042,NC
-0.26277026530656616,6577043,NC
-0.25784934345446636,6577044,NC
-0.2529284302972769,6577045,NC
-0.24300752573883141,6577046,NC
-0.258086629682953,6577047,NC
-0.26316574203345444,6577048,NC
-0.28324486269413823,6577049,NC
-0.313323991568797,6577050,NC
-0.3584031285612131,6577051,NC
-0.3834822735751592,6577052,NC
-0.3735614265143981,6577053,NC
-0.343640587282683,6577054,NC
-0.3137197557837576,6577055,NC
-0.2937989319213563,6577056,NC
-0.293878115599204,6577057,NC
-0.30895730672101657,6577058,NC
-0.3090365051905008,6577059,NC
-0.2841157109113545,6577060,NC
-0.28919492378726674,6577061,NC
-0.29427414372191785,6577062,NC
-0.3293533706189795,6577063,NC
-0.35443260438211516,6577064,NC
-0.3695118449149796,6577065,NC
-0.35459109212121953,6577066,NC
-0.3396703459044737,6577067,NC
-0.3347496061683725,6577068,NC
-0.3348288728165389,6577069,NC
-0.33490814575258754,6577070,NC
-0.31498742488012577,6577071,NC
-0.2900667101027536,6577072,NC
-0.29514600132406316,6577073,NC
-0.31022529844763963,6577074,NC
-0.3403046013770609,6577075,NC
-0.3853839100158978,6577076,NC
-0.41546322426771415,6577077,NC
-0.39554254403606715,6577078,NC
-0.3606218692245069,6577079,NC
-0.3407011997365775,6577080,NC
-0.34078053547581594,6577081,NC
-0.3508598763457534,6577082,NC
-0.34093922224991446,6577083,NC
-0.3110185730918177,6577084,NC
-0.30109792877497576,6577085,NC
-0.3061772892028951,6577086,NC
-0.33125665427907697,6577087,NC
-0.33633602390701645,6577088,NC
-0.34641539799020316,6577089,NC
-0.3414947764321216,6577090,NC
-0.3315741591362508,6577091,NC
-0.3316535460060644,6577092,NC
-0.3367329369450314,6577093,NC
-0.33681233185661535,6577094,NC
-0.3218917306442754,6577095,NC
-0.3169711332114659,6577096,NC
-0.2920505394616363,6577097,NC
-0.272129949298232,6577098,NC
-0.2722093626246937,6577099,NC
-0.287288779344458,6577100,NC
-0.27236819936095763,6577101,NC
-0.2524476225776206,6577102,NC
-0.2425270488978718,6577103,NC
-0.237606478225132,6577104,NC
-0.2626859104628182,6577105,NC
-0.2677653455143441,6577106,NC
-0.27784478328311984,6577107,NC
-0.2679242236725523,6577108,NC
-0.26800366658604524,6577109,NC
-0.29308311192699904,6577110,NC
-0.30816255959881167,6577111,NC
-0.34324200950487777,6577112,NC
-0.32832146154858954,6577113,NC
-0.32840091563333645,6577114,NC
-0.31848037166250553,6577115,NC
-0.31355982953948147,6577116,NC
-0.3386392891676467,6577117,NC
-0.3487187504503814,6577118,NC
-0.3637982132910641,6577119,NC
-0.3488776775930709,6577120,NC
-0.31895714325977664,6577121,NC
-0.32403661019455415,6577122,NC
-0.3341160783007749,6577123,NC
-0.3441955474818087,6577124,NC
-0.3592750176410245,6577125,NC
-0.3543544886817896,6577126,NC
-0.35443396050747045,6577127,NC
-0.37451343302143253,6577128,NC
-0.39459290612704045,6577129,NC
-0.38967237972765817,6577130,NC
-0.3947518537266489,6577131,NC
-0.3848313280273755,6577132,NC
-0.3649108025332004,6577133,NC
-0.3699902771474859,6577134,NC
-0.390069751773594,6577135,NC
-0.3951492263148867,6577136,NC
-0.4052287006747262,6577137,NC
-0.39030817475647495,6577138,NC
-0.38538764846349555,6577139,NC
-0.38046712169915126,6577140,NC
-0.38554659436680583,6577141,NC
-0.4206260663698236,6577142,NC
-0.40570553761156997,6577143,NC
-0.39578500799541094,6577144,NC
-0.3958644774247138,6577145,NC
-0.37594394580284696,6577146,NC
-0.40102341303318007,6577147,NC
-0.41110287901908404,6577148,NC
-0.41618234366393164,6577149,NC
-0.416261806871097,6577150,NC
-0.40134126854395596,6577151,NC
-0.4114207285858864,6577152,NC
-0.41150018690026813,6577153,NC
-0.406579643390483,6577154,NC
-0.4116590979599151,6577155,NC
-0.4117385505119509,6577156,NC
-0.38681800094997937,6577157,NC
-0.4018974491773919,6577158,NC
-0.4019768950975826,6577159,NC
-0.4020563386139485,6577160,NC
-0.3971357796298895,6577161,NC
-0.39221521804880843,6577162,NC
-0.3872946537741115,6577163,NC
-0.37737408670920797,6577164,NC
-0.3774535167575106,6577165,NC
-0.3825329438224357,6577166,NC
-0.37761236780740315,6577167,NC
-0.3476917886158365,6577168,NC
-0.3027712061511634,6577169,NC
-0.2728506203168152,6577170,NC
-0.24293003101622745,6577171,NC
-0.17800943815284004,6577172,NC
-0.12808884163009707,6577173,NC
-0.06316824135144705,6577174,NC
0.011752362779656833,6577175,NC
0.02667297085975677,6577176,NC
0.02659358298539014,6577177,NC
-0.0234858007469106,6577178,NC
-0.09356518024061802,6577179,NC
-0.15364455539920988,6577180,NC
-0.23872392612616913,6577181,NC
-0.28380329232498425,6577182,NC
-0.2838826538991491,6577183,NC
-0.2489620107521631,6577184,NC
-0.15904136278753167,6577185,NC
-0.024120709908765837,6577186,NC
0.11079994798061726,6577187,NC
0.23072061097709445,6577188,NC
0.31564127917713636,6577189,NC
0.3405619526772072,6577190,NC
0.3604826315737648,6577191,NC
0.32040331596326055,6577192,L
0.2403240059421389,6577193,NC
0.1152447016068377,6577194,NC
0.0051654030537878195,6577195,NC
-0.1249138896205869,6577196,NC
-0.21999317631986975,6577197,NC
-0.29507245694765133,6577198,NC
-0.36515173140752955,6577199,NC
-0.45023099960310986,6577200,NC
-0.5203102614380054,6577201,NC
-0.5753895168158367,6577202,NC
-0.6304687656402329,6577203,NC
-0.6205480078148302,6577204,NC
-0.6206272432432735,6577205,NC
-0.6107064718292157,6577206,NC
-0.6157856934763178,6577207,NC
-0.6058649080882499,6577208,NC
-0.5759441155686899,6577209,NC
-0.5510233158213248,6577210,NC
-0.4961025087498502,6577211,NC
-0.48118169425797075,6577212,NC
-0.4812608722494001,6577213,NC
-0.49134004262786096,6577214,NC
-0.47141920529708536,6577215,NC
-0.47149836016081464,6577216,NC
-0.4715775071227997,6577217,NC
-0.446656646086801,6577218,NC
-0.4567357769565888,6577219,NC
-0.4668148996359431,6577220,NC
-0.4618940140286539,6577221,NC
-0.4469731200385213,6577222,NC
-0.43205221756935563,6577223,NC
-0.43713130652497745,6577224,NC
-0.4322103868092177,6577225,NC
-0.44228945832591804,6577226,NC
-0.44236852097893065,6577227,NC
-0.44744757467211854,6577228,NC
-0.4375266193093556,6577229,NC
-0.42260565479452666,6577230,NC
-0.4276846810315279,6577231,NC
-0.4277636979242665,6577232,NC
-0.44284270537666115,6577233,NC
-0.4229217032926418,6577234,NC
-0.3980006915761505,6577235,NC
-0.40307967013114043,6577236,NC
-0.4031586388615768,6577237,NC
-0.403237597671437,6577238,NC
-0.40331654646471027,6577239,NC
-0.3933954851453979,6577240,NC
-0.3834744136175138,6577241,NC
-0.38855333178508394,6577242,NC
-0.3836322395521473,6577243,NC
-0.383711136822755,6577244,NC
-0.37879002350097113,6577245,NC
-0.3638688994908727,6577246,NC
-0.3489477646965497,6577247,NC
-0.33902661902210535,6577248,NC
-0.3241054623716557,6577249,NC
-0.3541842946493305,6577250,NC
-0.3292631157592731,6577251,NC
-0.30934192560563983,6577252,NC
-0.29942072409260145,6577253,NC
-0.28949951112434197,6577254,NC
-0.28957828660505947,6577255,NC
-0.30965705043896635,6577256,NC
-0.28973580253028886,6577257,NC
-0.2748145427832675,6577258,NC
-0.24989327110215753,6577259,NC
-0.21997198739122828,6577260,NC
-0.23505069155476413,6577261,NC
-0.23512938349706378,6577262,NC
-0.22020806312244098,6577263,NC
-0.20528673033522477,6577264,NC
-0.17536538503975863,6577265,NC
-0.18544402714040178,6577266,NC
-0.1555226565415287,6577267,NC
-0.16060127314752895,6577268,NC
-0.15067987686280818,6577269,NC
-0.1257584675917872,6577270,NC
-0.10083704523890288,6577271,NC
-0.10091560970860818,6577272,NC
-0.09599416090537159,6577273,NC
-0.1060726987336782,6577274,NC
-0.09615122309802919,6577275,NC
-0.0712297339029419,6577276,NC
-0.05130823105295061,6577277,NC
-0.0313867144526057,6577278,NC
-0.03146518400647469,6577279,NC
-0.036543639619141775,6577280,NC
-0.031622081195207895,6577281,NC
-0.01670050863929145,6577282,NC
-0.001778921856027755,6577283,NC
0.008142679249930498,6577284,NC
0.0030642947739131458,6577285,NC
-0.007014075188767256,6577286,NC
-0.01709243054281618,6577287,NC
-0.03717077119295668,6577288,NC
-0.03224909704392947,6577289,NC
-0.062327408000493675,6577290,NC
-0.09240570396742626,6577291,NC
-0.12248398484952248,6577292,NC
-0.13756225055159602,6577293,NC
-0.1376405009784787,6577294,NC
-0.1527187360350214,6577295,NC
-0.18279695562609335,6577296,NC
-0.19287515965658264,6577297,NC
-0.24795334803139638,6577298,NC
-0.25803152065546064,6577299,NC
-0.2881096774337207,6577300,NC
-0.27818781827114103,6577301,NC
-0.28826594307270537,6577302,NC
-0.3083440517434173,6577303,NC
-0.33842214418829974,6577304,NC
-0.3435002203123955,6577305,NC
-0.3385782800207671,6577306,NC
-0.3486563232184971,6577307,NC
-0.358734349810688,6577308,NC
-0.36881235970246284,6577309,NC
-0.37889035279896455,6577310,NC
-0.3889683290053567,6577311,NC
-0.38904628822682336,6577312,NC
-0.3791242303685693,6577313,NC
-0.37920215533582,6577314,NC
-0.39428006303382185,6577315,NC
-0.4093579533678422,6577316,NC
-0.4144358262431695,6577317,NC
-0.40951368156511353,6577318,NC
-0.3995915192390054,6577319,NC
-0.3946693391701975,6577320,NC
-0.404747141264064,6577321,NC
-0.4248249254260007,6577322,NC
-0.4349026915614252,6577323,NC
-0.424980439575777,6577324,NC
-0.41505816937451767,6577325,NC
-0.41013588086313085,6577326,NC
-0.42521357394712245,6577327,NC
-0.440291248532021,6577328,NC
-0.4403689045233772,6577329,NC
-0.42544654182676445,6577330,NC
-0.42552416034777896,6577331,NC
-0.41560175999203985,6577332,NC
-0.4206793406651889,6577333,NC
-0.4257569022728912,6577334,NC
-0.43583444472083505,6577335,NC
-0.4209119679147319,6577336,NC
-0.42098947176031654,6577337,NC
-0.4160669561633476,6577338,NC
-0.42614442102960703,6577339,NC
-0.4462218662649008,6577340,NC
-0.4362992917750585,6577341,NC
-0.4213766974659339,6577342,NC
-0.42145408324340483,6577343,NC
-0.4215314490133732,6577344,NC
-0.4416087946817654,6577345,NC
-0.46168612015453225,6577346,NC
-0.46676342533764903,6577347,NC
-0.4418407101371158,6577348,NC
-0.4419179744589573,6577349,NC
-0.43199521820922326,6577350,NC
-0.4320724412939884,6577351,NC
-0.4471496436193526,6577352,NC
-0.47222682509144087,6577353,NC
-0.4523039856164036,6577354,NC
-0.4373811251004168,6577355,NC
-0.442458243449682,6577356,NC
-0.44253534057042626,6577357,NC
-0.4526124163689027,6577358,NC
-0.45768947075139016,6577359,NC
-0.4527665036241937,6577360,NC
-0.43784351489364437,6577361,NC
-0.43792050446609965,6577362,NC
-0.4479974722479433,6577363,NC
-0.4530744181455855,6577364,NC
-0.45815134206546326,6577365,NC
-0.45822824391404016,6577366,NC
-0.4533051235978066,6577367,NC
-0.45338198102328003,6577368,NC
-0.4634588160970049,6577369,NC
-0.4785356287255529,6577370,NC
-0.47361241881552285,6577371,NC
-0.4686891862735412,6577372,NC
-0.4637659310062618,6577373,NC
-0.4388426529203661,6577374,NC
-0.4589193519225634,6577375,NC
-0.4689960279195908,6577376,NC
-0.4640726808182133,6577377,NC
-0.4641493105252241,6577378,NC
-0.4592259169474446,6577379,NC
-0.46430249999172446,6577380,NC
-0.46937905956494175,6577381,NC
-0.4894555955740031,6577382,NC
-0.4895321079258439,6577383,NC
-0.47960859652742815,6577384,NC
-0.4746850612857488,6577385,NC
-0.45476150210782773,6577386,NC
-0.4798379189007161,6577387,NC
-0.484914311571494,6577388,NC
-0.4749906800272712,6577389,NC
-0.4600670241751866,6577390,NC
-0.4451433439224088,6577391,NC
-0.44521963917613616,6577392,NC
-0.45029590984359663,6577393,NC
-0.4603721558320482,6577394,NC
-0.46544837704877884,6577395,NC
-0.44552457340110657,6577396,NC
-0.43060074479637966,6577397,NC
-0.4256768911419769,6577398,NC
-0.43075301234530716,6577399,NC
-0.4508291083138104,6577400,NC
-0.44090517895495684,6577401,NC
-0.41598122417624767,6577402,NC
-0.3960572438852149,6577403,NC
-0.39113323798942173,6577404,NC
-0.39120920639646234,6577405,NC
-0.4012851490139622,6577406,NC
-0.4263610657495782,6577407,NC
-0.41643695651099855,6577408,NC
-0.4165128212059432,6577409,NC
-0.42658865974216376,6577410,NC
-0.42666447202744356,6577411,NC
-0.4367402579695979,6577412,NC
-0.43681601747647425,6577413,NC
-0.44689175045595203,6577414,NC
-0.44196745681594296,6577415,NC
-0.4520431364643912,6577416,NC
-0.46711878930927336,6577417,NC
-0.4671944152585985,6577418,NC
-0.4722700142204087,6577419,NC
-0.47234558610277855,6577420,NC
-0.4824211308138157,6577421,NC
-0.4724966482616608,6577422,NC
-0.4975721383544877,6577423,NC
-0.5176476010005036,6577424,NC
-0.5277230361079487,6577425,NC
-0.5177984435850972,6577426,NC
-0.5028738233402565,6577427,NC
-0.502949175281768,6577428,NC
-0.5180244993180065,6577429,NC
-0.5430997953573814,6577430,NC
-0.5331750633083353,6577431,NC
-0.5232503030793458,6577432,NC
-0.4933255145789242,6577433,NC
-0.49340069771561623,6577434,NC
-0.4984758523980025,6577435,NC
-0.5235509785346978,6577436,NC
-0.5336260760343516,6577437,NC
-0.5287011448056486,6577438,NC
-0.523776184757308,6577439,NC
-0.5038511957980846,6577440,NC
-0.5189261778367676,6577441,NC
-0.539001130782182,6577442,NC
-0.5440760545431882,6577443,NC
-0.5291509490286816,6577444,NC
-0.524225814147594,6577445,NC
-0.5193006498088918,6577446,NC
-0.5393754559215783,6577447,NC
-0.5294502323946922,6577448,NC
-0.5395249791373082,6577449,NC
-0.5345996960585375,6577450,NC
-0.5096743830675271,6577451,NC
-0.5147490400734607,6577452,NC
-0.5198236669855585,6577453,NC
-0.5448982637130769,6577454,NC
-0.5349728301653095,6577455,NC
-0.5450473662515865,6577456,NC
-0.5201218718812748,6577457,NC
-0.5151963469637788,6577458,NC
-0.5202707914085398,6577459,NC
-0.5353452051250362,6577460,NC
-0.5304195880227841,6577461,NC
-0.5254939400113366,6577462,NC
-0.520568261000285,6577463,NC
-0.5056425508992578,6577464,NC
-0.5057168096179214,6577465,NC
-0.4857910370659805,6577466,NC
-0.46086523315317723,6577467,NC
-0.40593939778929217,6577468,NC
-0.3510135308841442,6577469,NC
-0.29108763234759033,6577470,NC
-0.22616170208952632,6577471,NC
-0.17623574001988632,6577472,NC
-0.12630974604864303,6577473,NC
-0.07138372008580829,6577474,NC
-0.056457662041432564,6577475,NC
-0.09153157182560544,6577476,NC
-0.17660544934845562,6577477,NC
-0.2716792945201509,6577478,NC
-0.3417531072508986,6577479,NC
-0.36682688745094544,6577480,NC
-0.34690063503057766,6577481,NC
-0.2919743499001211,6577482,NC
-0.23204803196994153,6577483,NC
-0.1521216811504445,6577484,NC
-0.05719529735207564,6577485,NC
0.0627311195146796,6577486,NC
0.15765756953929513,6577487,NC
0.21758405281120485,6577488,NC
0.20751056941980212,6577489,NC
0.1524371194544398,6577490,L
0.04736370300443009,6577491,NC
-0.02770967984095559,6577492,NC
-0.09278302899248664,6577493,NC
-0.15785634436097346,6577494,NC
-0.23792962585726746,6577495,NC
-0.31300287339226135,6577496,NC
-0.3780760868768891,6577497,NC
-0.448149266222126,6577498,NC
-0.5182224113389889,6577499,NC
-0.5732955221385364,6577500,NC
-0.6533685985318686,6577501,NC
-0.7084416404301276,6577502,NC
-0.7235146477444973,6577503,NC
-0.7285876203862038,6577504,NC
-0.7036605582665154,6577505,NC
-0.6787334612967425,6577506,NC
-0.6688063293882379,6577507,NC
-0.6638791624523971,6577508,NC
-0.6489519604006578,6577509,NC
-0.6390247231445009,6577510,NC
-0.6240974505954495,6577511,NC
-0.6191701426650702,6577512,NC
-0.6392427992649723,6577513,NC
-0.6493154203068083,6577514,NC
-0.6343880057022739,6577515,NC
-0.6344605553631083,6577516,NC
-0.599533069201094,6577517,NC
-0.5996055471280569,6577518,NC
-0.604677989055867,6577519,NC
-0.6347503948964377,6577520,NC
-0.6448227645617265,6577521,NC
-0.6448950979637347,6577522,NC
-0.644967395014508,6577523,NC
-0.6350396556261357,6577524,NC
-0.6551118797107522,6577525,NC
-0.6551840671805359,6577526,NC
-0.6602562179477095,6577527,NC
-0.6353283319245406,6577528,NC
-0.6404004090233417,6577529,NC
-0.64547244915647,6577530,NC
-0.6355444522363273,6577531,NC
-0.645616418175361,6577532,NC
-0.6456883468860631,6577533,NC
-0.6207602382809716,6577534,NC
-0.5908320922726694,6577535,NC
-0.5959039087737845,6577536,NC
-0.6059756876969915,6577537,NC
-0.6160474289550097,6577538,NC
-0.6061191324606049,6577539,NC
-0.5861907981265885,6577540,NC
-0.5762624258658177,6577541,NC
-0.5663340155911962,6577542,NC
-0.5664055672156738,6577543,NC
-0.5864770806522466,6577544,NC
-0.581548555813957,6577545,NC
-0.5566199926138943,6577546,NC
-0.5366913909651941,6577547,NC
-0.526762750781039,6577548,NC
-0.5168340719746581,6577549,NC
-0.5119053544593279,6577550,NC
-0.5219765981483718,6577551,NC
-0.5120478029551603,6577552,NC
-0.4871189687931111,6577553,NC
-0.47219009557568953,6577554,NC
-0.46726118321640825,6577555,NC
-0.48733223162882755,6577556,NC
-0.47240324072655543,6577557,NC
-0.4374742104232477,6577558,NC
-0.412545140632608,6577559,NC
-0.3926160312683881,6577560,NC
-0.3926868822443879,6577561,NC
-0.3927576934744554,6577562,NC
-0.397828464872487,6577563,NC
-0.3728991963524276,6577564,NC
-0.3429698878282704,6577565,NC
-0.31804053921405756,6577566,NC
-0.3131111504238799,6577567,NC
-0.3231817213718768,6577568,NC
-0.31325225197223705,6577569,NC
-0.2883227421391982,6577570,NC
-0.26839319178704696,6577571,NC
-0.25346360083011954,6577572,NC
-0.2335339691828013,6577573,NC
-0.21860429675952717,6577574,NC
-0.22367458347478167,6577575,NC
-0.20374482924309897,6577576,NC
-0.178815033979063,6577577,NC
-0.15888519759730774,6577578,NC
-0.15895532001251694,6577579,NC
-0.16902540113942466,6577580,NC
-0.17909544089281496,6577581,NC
-0.18416543918752243,6577582,NC
-0.19423539593843192,6577583,NC
-0.23930531106047884,6577584,NC
-0.28437518446864923,6577585,NC
-0.3194450160779798,6577586,NC
-0.3495148058035582,6577587,NC
-0.37958455356052284,6577588,NC
-0.3846542592640633,6577589,NC
-0.3897239228294203,6577590,NC
-0.42479354417188575,6577591,NC
-0.4598631232068028,6577592,NC
-0.46493265984956617,6577593,NC
-0.46500215401562217,6577594,NC
-0.4750716056204687,6577595,NC
-0.4901410145796553,6577596,NC
-0.5102103808087836,6577597,NC
-0.5302797042235069,6577598,NC
-0.530348984739531,6577599,NC
-0.5204182222726133,6577600,NC
-0.5004874167385638,6577601,NC
-0.4855565680532449,6577602,NC
-0.5156256761325713,6577603,NC
-0.5356947408925105,6577604,NC
-0.5507637622490824,6577605,NC
-0.5358327401183598,6577606,NC
-0.5209016744164685,6577607,NC
-0.5009705650595871,6577608,NC
-0.49103941196394746,6577609,NC
-0.4961082150458343,6577610,NC
-0.511176974221586,6577611,NC
-0.5062456894075942,6577612,NC
-0.5313143605203039,6577613,NC
-0.5613829874762138,6577614,NC
-0.6114515701918762,6577615,NC
-0.6565201085838978,6577616,NC
-0.6515886025689379,6577617,NC
-0.611657052063711,6577618,NC
-0.5917254569849855,6577619,NC
-0.5567938172495832,6577620,NC
-0.5618621327743811,6577621,NC
-0.5869304034763103,6577622,NC
-0.5869986292723562,6577623,NC
-0.5570668100795593,6577624,NC
-0.5271349458150141,6577625,NC
-0.5072030363958704,6577626,NC
-0.5072710817393331,6577627,NC
-0.5123390817626613,6577628,NC
-0.5274070363831702,6577629,NC
-0.5274749455182295,6577630,NC
-0.5125428090852642,6577631,NC
-0.5176106270017553,6577632,NC
-0.5076783991852388,6577633,NC
-0.5227461255533065,6577634,NC
-0.5128138060236057,6577635,NC
-0.5078814405138399,6577636,NC
-0.4979490289417682,6577637,NC
-0.4980165712252057,6577638,NC
-0.4930840672820237,6577639,NC
-0.5031515170301499,6577640,NC
-0.498218920387568,6577641,NC
-0.4782862772723182,6577642,NC
-0.45835358760249734,6577643,NC
-0.46842085129625866,6577644,NC
-0.46848806827181233,6577645,NC
-0.508555238447425,6577646,NC
-0.4986223617414208,6577647,NC
-0.4886894380721803,6577648,NC
-0.47375646735814125,6577649,NC
-0.468823449517799,6577650,NC
-0.47389038446970577,6577651,NC
-0.47895727213247136,6577652,NC
-0.4790241124247632,6577653,NC
-0.479090905265306,6577654,NC
-0.45415765057288254,6577655,NC
-0.47422434826633314,6577656,NC
-0.489290998264556,6577657,NC
-0.4943576004865075,6577658,NC
-0.48442415485120205,6577659,NC
-0.47949066127771217,6577660,NC
-0.4695571196851688,6577661,NC
-0.4796235299927609,6577662,NC
-0.49468989211973663,6577663,NC
-0.49475620598540215,6577664,NC
-0.49982247150912235,6577665,NC
-0.4948886886103211,6577666,NC
-0.49495485720848115,6577667,NC
-0.485020977223144,6577668,NC
-0.5000870485739106,6577669,NC
-0.5101530711804406,6577670,NC
-0.5102190449624533,6577671,NC
-0.4952849698397273,6577672,NC
-0.4953508457321004,6577673,NC
-0.4854166725594704,6577674,NC
-0.5054824502417944,6577675,NC
-0.5105481786990893,6577676,NC
-0.5006138578514322,6577677,NC
-0.4756794876189597,6577678,NC
-0.4407450679218687,6577679,NC
-0.43081059868041616,6577680,NC
-0.4258760798149194,6577681,NC
-0.43094151124575586,6577682,NC
-0.4360068928933637,6577683,NC
-0.40607222467824133,6577684,NC
-0.39113750652094803,6577685,NC
-0.39620273834210373,6577686,NC
-0.4012679200623891,6577687,NC
-0.42133305160254586,6577688,NC
-0.4463981328833766,6577689,NC
-0.4164631638257451,6577690,NC
-0.3915281443505764,6577691,NC
-0.3965930743788568,6577692,NC
-0.40165795383163405,6577693,NC
-0.4267227826300173,6577694,NC
-0.41178756069517725,6577695,NC
-0.4018522879483465,6577696,NC
-0.3819169643108193,6577697,NC
-0.38198158970395174,6577698,NC
-0.40704616404916194,6577699,NC
-0.4271106872679302,6577700,NC
-0.4521751592817988,6577701,NC
-0.4572395800123724,6577702,NC
-0.44230394938131806,6577703,NC
-0.4173682673103651,6577704,NC
-0.4224325337213055,6577705,NC
-0.43249674853599396,6577706,NC
-0.4325609116763478,6577707,NC
-0.4226250230643473,6577708,NC
-0.4126890826220356,6577709,NC
-0.41275309027151874,6577710,NC
-0.42281704593496605,6577711,NC
-0.4128809495346101,6577712,NC
-0.41794480099274656,6577713,NC
-0.42800860023173476,6577714,NC
-0.4380723471739973,6577715,NC
-0.46313604174202044,6577716,NC
-0.48319968385835427,6577717,NC
-0.48826327344561243,6577718,NC
-0.4733268104264726,6577719,NC
-0.4483902947236764,6577720,NC
-0.42845372626002937,6577721,NC
-0.44351710495840146,6577722,NC
-0.45358043074172655,6577723,NC
-0.44864370353300326,6577724,NC
-0.45370692325529416,6577725,NC
-0.4437700898317269,6577726,NC
-0.42883320318549323,6577727,NC
-0.43389626323985,6577728,NC
-0.4439592699181186,6577729,NC
-0.43902222314368555,6577730,NC
-0.45408512284000224,6577731,NC
-0.44414796893058517,6577732,NC
-0.42921076133901603,6577733,NC
-0.4242734999889417,6577734,NC
-0.41933618480407464,6577735,NC
-0.4293988157081926,6577736,NC
-0.4394613926251389,6577737,NC
-0.41952391547882245,6577738,NC
-0.4095863841932181,6577739,NC
-0.4246487986923664,6577740,NC
-0.43471115890037376,6577741,NC
-0.43477346474141276,6577742,NC
-0.43483571613972194,6577743,NC
-0.4248979130196061,6577744,NC
-0.4199600553054364,6577745,NC
-0.39002214292165027,6577746,NC
-0.39508417579275174,6577747,NC
-0.41014615384331127,6577748,NC
-0.39520807699796606,6577749,NC
-0.3752699451814201,6577750,NC
-0.3453317583184441,6577751,NC
-0.33039351633387576,6577752,NC
-0.32545521915262,6577753,NC
-0.3005168666996484,6577754,NC
-0.2805784589000002,6577755,NC
-0.21563999567878175,6577756,NC
-0.16070147696116677,6577757,NC
-0.10576290267239652,6577758,NC
-0.05082427273777981,6577759,NC
-0.0058855870826931,6577760,NC
0.019053154367419375,6577761,NC
0.02899195168704554,6577762,NC
0.023930804950605414,6577763,NC
-0.04113028576754907,6577764,NC
-0.13619132039313403,6577765,NC
-0.22625229885193382,6577766,NC
-0.2813132210698011,6577767,NC
-0.29137408697265693,6577768,NC
-0.25143489648649076,6577769,NC
-0.16149564953736079,6577770,NC
-0.07655634605139361,6577771,NC
0.018383014045215217,6577772,NC
0.10832243082620138,6577773,NC
0.1932619043652316,6577774,NC
0.2532014347359037,6577775,NC
0.25814102201174627,6577776,NC
0.2080806662662187,6577777,L
0.1280203675727112,6577778,NC
0.0529601260045446,6577779,NC
0.007899941634970105,6577780,NC
-0.04716018546283044,6577781,NC
-0.09222025521574492,6577782,NC
-0.17228026755073095,6577783,NC
-0.23734022239481595,6577784,NC
-0.3174001196750972,6577785,NC
-0.36245995931874203,6577786,NC
-0.3925197412529879,6577787,NC
-0.4475794654051424,6577788,NC
-0.4826391317025832,6577789,NC
-0.5126987400727587,6577790,NC
-0.5127582904431873,6577791,NC
-0.4978177827414584,6577792,NC
-0.4528772168952316,6577793,NC
-0.4129365928322373,6577794,NC
-0.39799591048027694,6577795,NC
-0.40305516976722255,6577796,NC
-0.3881143706210173,6577797,NC
-0.36817351296967515,6577798,NC
-0.35823259674128155,6577799,NC
-0.353291621863993,6577800,NC
-0.3683505882660373,6577801,NC
-0.37340949587571354,6577802,NC
-0.3684683446213927,6577803,NC
-0.3585271344315169,6577804,NC
-0.33358586523460015,6577805,NC
-0.3336445369592282,6577806,NC
-0.3337031495340585,6577807,NC
-0.35876170288782067,6577808,NC
-0.358820196949316,6577809,NC
-0.33387863164741816,6577810,NC
-0.31893700691107296,6577811,NC
-0.3139953226692983,6577812,NC
-0.3190535788511848,6577813,NC
-0.344111775385895,6577814,NC
-0.3341699122026644,6577815,NC
-0.3042279892308011,6577816,NC
-0.3042860063996855,6577817,NC
-0.2893439636387712,6577818,NC
-0.30440186087758464,6577819,NC
-0.31445969804572493,6577820,NC
-0.2995174750728645,6577821,NC
-0.29957519188874876,6577822,NC
-0.2746328484231964,6577823,NC
-0.25969044460609947,6577824,NC
-0.2547479803674232,6577825,NC
-0.2698054556372065,6577826,NC
-0.26486287034556183,6577827,NC
-0.24992022442267503,6577828,NC
-0.23497751779880607,6577829,NC
-0.22003475040428835,6577830,NC
-0.2300919221695293,6577831,NC
-0.23014903302501055,6577832,NC
-0.22520608290128738,6577833,NC
-0.2002630717289896,6577834,NC
-0.1803199994388211,6577835,NC
-0.16537686596155987,6577836,NC
-0.17043367122805878,6577837,NC
-0.1854904151692447,6577838,NC
-0.16554709771611936,6577839,NC
-0.16060371879975915,6577840,NC
-0.12566027835131494,6577841,NC
-0.13071677630201273,6577842,NC
-0.12077321258315327,6577843,NC
-0.11082958712611225,6577844,NC
-0.10588589986234061,6577845,NC
-0.08094215072336416,6577846,NC
-0.05599833964078425,6577847,NC
-0.04105446654627745,6577848,NC
-0.05111053137159555,6577849,NC
-0.031166534048566102,6577850,NC
-0.01622247450909208,6577851,NC
-0.001278352685152133,6577852,NC
0.028665831491199306,6577853,NC
0.048610078087832166,6577854,NC
0.05855438717254021,6577855,NC
0.06349875881304139,6577856,NC
0.06844319307697752,6577857,NC
0.09338769003191436,6577858,NC
0.11833224974534134,6577859,NC
0.14327687228467162,6577860,NC
0.1482215577172419,6577861,NC
0.1681663061103126,6577862,NC
0.18311111753106735,6577863,NC
0.19805599204661328,6577864,NC
0.21300092972398074,6577865,NC
0.2179459306301233,6577866,NC
0.2028909948319176,6577867,NC
0.18283612239616343,6577868,NC
0.14778131338958345,6577869,NC
0.12272656787882316,6577870,NC
0.11267188593045097,6577871,NC
0.08261726761095783,6577872,NC
0.042562712986757484,6577873,NC
0.002508222124186145,6577874,NC
-0.012546204910497509,6577875,NC
-0.017600568051112375,6577876,NC
-0.012654867231555074,6577877,NC
