channel_0,sample #,type
0.1340076471757548,6803037,NC
0.12895258277805616,6803038,NC
0.10389748677451381,6803039,NC
0.05884235920983222,6803040,NC
0.023787200128741526,6803041,NC
0.008732009575997374,6803042,NC
-0.01132321240361902,6803043,NC
-0.016378465765300915,6803044,NC
-0.031433750464216155,6803045,NC
-0.031489066455507114,6803046,NC
-0.016544413694290813,6803047,NC
-0.026599792135658898,6803048,NC
-0.016655201734677674,6803049,NC
-0.04171064244638826,6803050,NC
-0.07176611422580642,6803051,NC
-0.11682161702792276,6803052,NC
-0.12687715080770273,6803053,NC
-0.09193271552008657,6803054,NC
-0.06698831111998951,6803055,NC
-0.04204393756230169,6803056,NC
-0.05209959480188819,6803057,NC
-0.07215528279358913,6803058,NC
-0.08221100149221972,6803059,NC
-0.062266750852570184,6803060,NC
-0.06732253082940588,6803061,NC
-0.08737834137746736,6803062,NC
-0.13743418245147035,6803063,NC
-0.1824900540061058,6803064,NC
-0.1875459559960399,6803065,NC
-0.1676018883759142,6803066,NC
-0.12765785110034564,6803067,NC
-0.11271384412392638,6803068,NC
-0.11776986740122414,6803069,NC
-0.12282592088678201,6803070,NC
-0.10788200453511859,6803071,NC
-0.09293811830072807,6803072,NC
-0.07299426213808008,6803073,NC
-0.06305043600161994,6803074,NC
-0.08810663984576858,6803075,NC
-0.11816287362492263,6803076,NC
-0.13321913729345441,6803077,NC
-0.12827543080571197,6803078,NC
-0.09333175411601913,6803079,NC
-0.0933881071786756,6803080,NC
-0.0984444899479569,6803081,NC
-0.10850090237811447,6803082,NC
-0.1135573444233757,6803083,NC
-0.11861381603794388,6803084,NC
-0.12367031717599838,6803085,NC
-0.12872684779169455,6803086,NC
-0.1337834078391639,6803087,NC
-0.09883999727251397,6803088,NC
-0.08389661604582851,6803089,NC
-0.058953264113167474,6803090,NC
-0.07400994142856705,6803091,NC
-0.12406664794603967,6803092,NC
-0.15412338361957403,6803093,NC
-0.15418014840313526,6803094,NC
-0.12423694225066483,6803095,NC
-0.08929376511608059,6803096,NC
-0.08435061695327686,6803097,NC
-0.08940749771612454,6803098,NC
-0.12446440735847095,6803099,NC
-0.12952134583414004,6803100,NC
-0.14457831309693228,6803101,NC
-0.13463530910062493,6803102,NC
-0.1146923337989718,6803103,NC
-0.13974938714570345,6803104,NC
-0.15980646909452728,6803105,NC
-0.18486357959912728,6803106,NC
-0.1699207186131645,6803107,NC
-0.15997788609027674,6803108,NC
-0.13003508198407876,6803109,NC
-0.11009230624816212,6803110,NC
-0.12514955883609558,6803111,NC
-0.13520683970142472,6803112,NC
-0.12526414879767225,6803113,NC
-0.1253214860783381,6803114,NC
-0.11037885149689909,6803115,NC
-0.12543624500680944,6803116,NC
-0.13549366656150041,6803117,NC
-0.14055111611438054,6803118,NC
-0.13560859361883576,6803119,NC
-0.11566609902822914,6803120,NC
-0.0857236322959013,6803121,NC
-0.08078119337517009,6803122,NC
-0.09083878221933092,6803123,NC
-0.1308963987816566,6803124,NC
-0.17595404301539744,6803125,NC
-0.2060117148737814,6803126,NC
-0.1910694143100139,6803127,NC
-0.166127141277278,6803128,NC
-0.1411848957287345,6803129,NC
-0.12624267761752186,6803130,NC
-0.1463004868967563,6803131,NC
-0.16135832351953172,6803132,NC
-0.16141618743891994,6803133,NC
-0.1614740786079706,6803134,NC
-0.1565319969797112,6803135,NC
-0.17658994250714724,6803136,NC
-0.1816479151432621,6803137,NC
-0.16170591484101718,6803138,NC
-0.131763941553352,6803139,NC
-0.13682199523318408,6803140,NC
-0.14188007583340906,6803141,NC
-0.15693818330690085,6803142,NC
-0.16699631760651135,6803143,NC
-0.1570544786850709,6803144,NC
-0.12211266649538792,6803145,NC
-0.12217088099024935,6803146,NC
-0.12222912212242033,6803147,NC
-0.12728738984464444,6803148,NC
-0.11734568410964362,6803149,NC
-0.09240400487011839,6803150,NC
-0.08246235207874768,6803151,NC
-0.10752072568818899,6803152,NC
-0.14757912565107834,6803153,NC
-0.16763755192003052,6803154,NC
-0.16269600444763882,6803155,NC
-0.09275448318647528,6803156,NC
-0.052812988089090726,6803157,NC
-0.03287151910801464,6803158,NC
-0.04293007619575541,6803159,NC
-0.08298865930480025,6803160,NC
-0.09304726838761518,6803161,NC
-0.0931059033966453,6803162,NC
-0.11316456428431457,6803163,NC
-0.13322325100302596,6803164,NC
-0.12828196350516147,6803165,NC
-0.13834070174308222,6803166,NC
-0.1483994656691284,6803167,NC
-0.14845825523561942,6803168,NC
-0.16851707039485386,6803169,NC
-0.14857591109910948,6803170,NC
-0.14363477730064342,6803171,NC
-0.13869366895169205,6803172,NC
-0.13375258600447107,6803173,NC
-0.12881152841117563,6803174,NC
-0.1188704961239803,6803175,NC
-0.1489294890950391,6803176,NC
-0.18398850727648555,6803177,NC
-0.22404755062043277,6803178,NC
-0.26410661907897337,6803179,NC
-0.2591657126041796,6803180,NC
-0.24422483114810353,6803181,NC
-0.21928397466277666,6803182,NC
-0.22934314310021042,6803183,NC
-0.25440233641239596,6803184,NC
-0.2544615545513043,6803185,NC
-0.22452079746888626,6803186,NC
-0.2095800651170725,6803187,NC
-0.18963935744777374,6803188,NC
-0.1946986744128806,6803189,NC
-0.21475801596426372,6803190,NC
-0.24481738205377385,6803191,NC
-0.22987677263324163,6803192,NC
-0.2299361876544781,6803193,NC
-0.2299956270692743,6803194,NC
-0.22505509082940153,6803195,NC
-0.22511457888661132,6803196,NC
-0.2301740911926355,6803197,NC
-0.2352336276991862,6803198,NC
-0.2602931883579559,6803199,NC
-0.2903527731206176,6803200,NC
-0.29041238193882457,6803201,NC
-0.2804720147642107,6803202,NC
-0.2555316715483903,6803203,NC
-0.25059135224295837,6803204,NC
-0.24565105679949034,6803205,NC
-0.2557107851695423,6803206,NC
-0.26077053730465133,6803207,NC
-0.27583031315633477,6803208,NC
-0.275890112676091,6803209,NC
-0.27094993581539906,6803210,NC
-0.25600978252571893,6803211,NC
-0.2260696527584915,6803212,NC
-0.2261295464651384,6803213,NC
-0.24618946359706234,6803214,NC
-0.25124940410564695,6803215,NC
-0.26630936794225696,6803216,NC
-0.22636935505823821,6803217,NC
-0.22142936540491748,6803218,NC
-0.21148939893360288,6803219,NC
-0.21654945559558367,6803220,NC
-0.22660953534213024,6803221,NC
-0.23166963812449437,6803222,NC
-0.19672976389390903,6803223,NC
-0.18178991260158864,6803224,NC
-0.15185008419872897,6803225,NC
-0.12691027863650728,6803226,NC
-0.09697049586608218,6803227,NC
-0.007030735838593857,6803228,NC
0.07290900149483598,6803229,NC
0.127848716183104,6803230,NC
0.14778840827512527,6803231,NC
0.15272807781983322,6803232,NC
0.1326677248661795,6803233,NC
0.09260734946313412,6803234,NC
0.017546951659685187,6803235,NC
-0.10751346849516095,6803236,NC
-0.1975739109523798,6803237,NC
-0.21263437566292878,6803238,NC
-0.1326948625777473,6803239,NC
-0.017755371647756667,6803240,NC
0.08718409717613973,6803241,NC
0.2021235439430564,6803242,NC
0.2820629687021259,6803243,NC
0.3270023715024984,6803244,NC
0.3419417523933421,6803245,NC
0.306881111423843,6803246,NC
0.24682044864320457,6803247,NC
0.13175976410064827,6803248,NC
-0.0033009421545869243,6803249,NC
-0.09336167007324438,6803250,NC
-0.17342241960604998,6803251,NC
-0.24848319070371194,6803252,NC
-0.343543983316921,6803253,NC
-0.4086047973963505,6803254,NC
-0.4986656328926564,6803255,NC
-0.5787264897564771,6803256,NC
-0.6337873679384339,6803257,NC
-0.6438482673891307,6803258,L
-0.6339091880591539,6803259,NC
-0.6339701298990732,6803260,NC
-0.6090310928594406,6803261,NC
-0.5790920768907912,6803262,NC
-0.5291530819436433,6803263,NC
-0.4742141079684975,6803264,NC
-0.4092751549158379,6803265,NC
-0.3793362227361314,6803266,NC
-0.369397311379828,6803267,NC
-0.36945842079736085,6803268,NC
-0.35951955093914617,6803269,NC
-0.3945807017555834,6803270,NC
-0.39964187319705535,6803271,NC
-0.3797030652139278,6803272,NC
-0.3847642777565499,6803273,NC
-0.3748255107752546,6803274,NC
-0.36488676422035754,6803275,NC
-0.3649480380421582,6803276,NC
-0.3400093321909395,6803277,NC
-0.3200706466169677,6803278,NC
-0.3251319812704929,6803279,NC
-0.34019333610174846,6803280,NC
-0.34525471106095157,6803281,NC
-0.330316106098303,6803282,NC
-0.3153775211639873,6803283,NC
-0.31543895620817275,6803284,NC
-0.3155004111810113,6803285,NC
-0.33556188603263887,6803286,NC
-0.32062338071317525,6803287,NC
-0.3006848951727241,6803288,NC
-0.30074642936137297,6803289,NC
-0.28080798322919354,6803290,NC
-0.2858695567262414,6803291,NC
-0.28093114980255635,6803292,NC
-0.27599276240816206,6803293,NC
-0.2660543944930666,6803294,NC
-0.27111604600726213,6803295,NC
-0.2811777169007251,6803296,NC
-0.2712394071234161,6803297,NC
-0.2613011166252802,6803298,NC
-0.26636284535624677,6803299,NC
-0.2464245932662295,6803300,NC
-0.24148636030512663,6803301,NC
-0.2465481464228208,6803302,NC
-0.24660995156917925,6803303,NC
-0.2566717756940537,6803304,NC
-0.2367336187472804,6803305,NC
-0.20679548067868053,6803306,NC
-0.19185736143805965,6803307,NC
-0.17691926097520824,6803308,NC
-0.16698117923990138,6803309,NC
-0.1670431161818991,6803310,NC
-0.1721050717509462,6803311,NC
-0.15716704589677233,6803312,NC
-0.12222903856909215,6803313,NC
-0.09729104971760526,6803314,NC
-0.09735307929199628,6803315,NC
-0.09741512724193485,6803316,NC
-0.1024771935170757,6803317,NC
-0.08253927806705871,6803318,NC
-0.06760138084150893,6803319,NC
-0.04266350179003661,6803320,NC
-0.03272564086223724,6803321,NC
-0.03778779800769168,6803322,NC
-0.03784997317596604,6803323,NC
-0.00791216631661185,6803324,NC
0.01702562262083396,6803325,NC
0.021963393686849002,6803326,NC
0.026901146931925378,6803327,NC
0.03683888240656964,6803328,NC
0.031776600161302807,6803329,NC
0.051714300246660246,6803330,NC
0.0666519827131916,6803331,NC
0.0665896476114609,6803332,NC
0.0715272949920464,6803333,NC
0.056464924905540545,6803334,NC
0.07640253740254999,6803335,NC
0.08134013253369549,6803336,NC
0.09627771034961195,6803337,NC
0.09621527090094821,6803338,NC
0.09115281423836723,6803339,NC
0.09609034041254585,6803340,NC
0.09102784947417494,6803341,NC
0.07596534147395916,6803342,NC
0.07090281646261705,6803343,NC
0.055840274490880956,6803344,NC
0.04577771560949699,6803345,NC
0.02571513986922499,6803346,NC
0.0006525473208384078,6803347,NC
-0.01941006198487559,6803348,NC
-0.029472687997116262,6803349,NC
-0.04453533066506932,6803350,NC
-0.07959798993790694,6803351,NC
-0.10466066576478786,6803352,NC
-0.14472335809485734,6803353,NC
-0.1597860668772473,6803354,NC
-0.14984879206107635,6803355,NC
-0.1649115335954496,6803356,NC
-0.18997429142945912,6803357,NC
-0.21003706551218365,6803358,NC
-0.2300998557926887,6803359,NC
-0.24516266222002675,6803360,NC
-0.23022548474323706,6803361,NC
-0.23528832331134591,6803362,NC
-0.2553511778733666,6803363,NC
-0.28041404837829925,6803364,NC
-0.28547693477513136,6803365,NC
-0.3005398370128373,6803366,NC
-0.2706027550403786,6803367,NC
-0.2656656888067041,6803368,NC
-0.28572863826074973,6803369,NC
-0.2957916033514388,6803370,NC
-0.3058545840276819,6803371,NC
-0.2959175802383769,6803372,NC
-0.2809805919324092,6803373,NC
-0.2710436190586515,6803374,NC
-0.29610666156596416,6803375,NC
-0.3061697194031949,6803376,NC
-0.31123279251917896,6803377,NC
-0.3112958808627393,6803378,NC
-0.29635898438268654,6803379,NC
-0.29142210302781896,6803380,NC
-0.2964852367469225,6803381,NC
-0.306548385488771,6803382,NC
-0.3216115492021259,6803383,NC
-0.3066747278357367,6803384,NC
-0.29173792133834064,6803385,NC
-0.29680112965866307,6803386,NC
-0.3118643527454172,6803387,NC
-0.31692759054730424,6803388,NC
-0.3269908430130134,6803389,NC
-0.30705411009122235,6803390,NC
-0.29711739173059637,6803391,NC
-0.28718068787978934,6803392,NC
-0.2922439984874432,6803393,NC
-0.30230732350218814,6803394,NC
-0.30737066287264275,6803395,NC
-0.30743401654741387,6803396,NC
-0.2874973844750969,6803397,NC
-0.27256076660427536,6803398,NC
-0.27762416288352165,6803399,NC
-0.30768757326139645,6803400,NC
-0.3077509976864489,6803401,NC
-0.30281443610721703,6803402,NC
-0.29787788847222735,6803403,NC
-0.292941354729995,6803404,NC
-0.30300483482902396,6803405,NC
-0.3080683287178069,6803406,NC
-0.32813183634482535,6803407,NC
-0.3081953576585498,6803408,NC
-0.2932588926074393,6803409,NC
-0.2833224411399422,6803410,NC
-0.29338600320449565,6803411,NC
-0.3184495787495259,6803412,NC
-0.3235131677234481,6803413,NC
-0.3085767700746667,6803414,NC
-0.2986403857515752,6803415,NC
-0.29370401470255625,6803416,NC
-0.30376765687598184,6803417,NC
-0.31383131222021315,6803418,NC
-0.32389498068360073,6803419,NC
-0.3189586622144844,6803420,NC
-0.31402235676119344,6803421,NC
-0.29908606427204654,6803422,NC
-0.3091497846953519,6803423,NC
-0.32921351797940723,6803424,NC
-0.33427726407249986,6803425,NC
-0.30934102292290655,6803426,NC
-0.30440479447889396,6803427,NC
-0.29446857868871823,6803428,NC
-0.31953237550062535,6803429,NC
-0.324596184862851,6803430,NC
-0.31966000672362077,6803431,NC
-0.32972384103115004,6803432,NC
-0.3097876877336442,6803433,NC
-0.2998515467792983,6803434,NC
-0.3099154181162978,6803435,NC
-0.3349793016928178,6803436,NC
-0.34004319745702377,6803437,NC
-0.32510710535707105,6803438,NC
-0.3251710253411052,6803439,NC
-0.3152349573572621,6803440,NC
-0.33029890135366763,6803441,NC
-0.33536285727843823,6803442,NC
-0.3454268250796806,6803443,NC
-0.34549080470549154,6803444,NC
-0.3305547961039585,6803445,NC
-0.32061879922315945,6803446,NC
-0.3206828140111625,6803447,NC
-0.34074684041602665,6803448,NC
-0.35581087838580133,6803449,NC
-0.35587492786852665,6803450,NC
-0.3309389888122332,6803451,NC
-0.32600306116494254,6803452,NC
-0.32106714487466664,6803453,NC
-0.3211312398894086,6803454,NC
-0.3111953461571621,6803455,NC
-0.3012594636259118,6803456,NC
-0.2663235922436333,6803457,NC
-0.27638773195829297,6803458,NC
-0.2864518827178485,6803459,NC
-0.3015160444702483,6803460,NC
-0.3065802171634321,6803461,NC
-0.28664440074533043,6803462,NC
-0.29170859516386544,6803463,NC
-0.27177280036695,6803464,NC
-0.26683701630248874,6803465,NC
-0.26690124291837714,6803466,NC
-0.27696548016250216,6803467,NC
-0.2620297279827423,6803468,NC
-0.22209398632696722,6803469,NC
-0.22715825514303828,6803470,NC
-0.25222253437880815,6803471,NC
-0.26228682398212116,6803472,NC
-0.2773511239008131,6803473,NC
-0.27241543408271157,6803474,NC
-0.27247975447563577,6803475,NC
-0.2675440850273966,6803476,NC
-0.27760842568579663,6803477,NC
-0.31267277639863045,6803478,NC
-0.32773713711368424,6803479,NC
-0.30780150777873616,6803480,NC
-0.30286588834155637,6803481,NC
-0.292930278749907,6803482,NC
-0.3129946789515421,6803483,NC
-0.3280590888942078,6803484,NC
-0.33812350852564227,6803485,NC
-0.33318793779357603,6803486,NC
-0.3332523766457316,6803487,NC
-0.32831682502982373,6803488,NC
-0.3283812828935594,6803489,NC
-0.348445750184638,6803490,NC
-0.35351022685075134,6803491,NC
-0.3585747128395835,6803492,NC
-0.3586392080988109,6803493,NC
-0.3637037125761026,6803494,NC
-0.3687682262191202,6803495,NC
-0.3638327489755177,6803496,NC
-0.3788972807929419,6803497,NC
-0.35896182161903206,6803498,NC
-0.3340263714014203,6803499,NC
-0.3240909300877314,6803500,NC
-0.3391554976255827,6803501,NC
-0.36422007396258493,6803502,NC
-0.37928465904634107,6803503,NC
-0.37934925282444726,6803504,NC
-0.3644138552444926,6803505,NC
-0.3594784662540592,6803506,NC
-0.36454308580072214,6803507,NC
-0.37960771383204955,6803508,NC
-0.38967235029560277,6803509,NC
-0.3647369951389362,6803510,NC
-0.3698016483095975,6803511,NC
-0.36986630975512746,6803512,NC
-0.3849309794230604,6803513,NC
-0.37999565726092377,6803514,NC
-0.37506034321623843,6803515,NC
-0.37012503723651863,6803516,NC
-0.3701897392692722,6803517,NC
-0.36525444926200024,6803518,NC
-0.3753191671621977,6803519,NC
-0.3953838929173528,6803520,NC
-0.39544862647494755,6803521,NC
-0.3955133677824577,6803522,NC
-0.37057811678735253,6803523,NC
-0.3606428734370952,6803524,NC
-0.3657076376791427,6803525,NC
-0.3707724094609457,6803526,NC
-0.3808371887299489,6803527,NC
-0.37090197543359077,6803528,NC
-0.34596676951930394,6803529,NC
-0.33603157093451497,6803530,NC
-0.3360963796266444,6803531,NC
-0.356161195543107,6803532,NC
-0.3412260186313115,6803533,NC
-0.3162908488386611,6803534,NC
-0.26635568611255284,6803535,NC
-0.21142053040037825,6803536,NC
-0.18648538164952325,6803537,NC
-0.1565502398073679,6803538,NC
-0.08161510482128684,6803539,NC
-0.01667997663864906,6803540,NC
0.053255144793182,6803541,NC
0.10319025952684832,6803542,NC
0.11312536761499734,6803543,NC
0.0930604691102819,6803544,NC
0.07299556406536019,6803545,NC
0.002930652532895625,6803546,NC
-0.067134265434443,6803547,NC
-0.1421991897839817,6803548,NC
-0.15226412046304136,6803549,NC
-0.11232905741893769,6803550,NC
-0.032394000598981294,6803551,NC
0.07254105004952223,6803552,NC
0.20247609457927235,6803553,NC
0.3074111330429734,6803554,NC
0.4023461654933348,6803555,NC
0.40228119198307066,6803556,NC
0.40721621256490004,6803557,L
0.3921512272915468,6803558,NC
0.29208623621573937,6803559,NC
0.1870212393902113,6803560,NC
0.06195623686770042,6803561,NC
-0.05810877129905075,6803562,NC
-0.183173785057295,6803563,NC
-0.2582388043542807,6803564,NC
-0.3533038291372515,6803565,NC
-0.443368859353447,6803566,NC
-0.548433894950102,6803567,NC
-0.628498935874447,6803568,NC
-0.6785639820737085,6803569,NC
-0.6886290334951082,6803570,NC
-0.6786940900858642,6803571,NC
-0.6537591517931898,6803572,NC
-0.6238242185642944,6803573,NC
-0.5938892903463834,6803574,NC
-0.5739543670866579,6803575,NC
-0.5390194487323154,6803576,NC
-0.48408453523054873,6803577,NC
-0.44914962652854745,6803578,NC
-0.4192147225734968,6803579,NC
-0.4192798233125784,6803580,NC
-0.42434492869296997,6803581,NC
-0.41441003866184545,6803582,NC
-0.4094751531663751,6803583,NC
-0.39454027215372556,6803584,NC
-0.39960539557105956,6803585,NC
-0.41467052336553656,6803586,NC
-0.4197356554843124,6803587,NC
-0.39480079187453926,6803588,NC
-0.39486593248336593,6803589,NC
-0.37993107725793784,6803590,NC
-0.389996226145397,6803591,NC
-0.39506137909288197,6803592,NC
-0.39512653604752823,6803593,NC
-0.3801916969564679,6803594,NC
-0.3652568617668298,6803595,NC
-0.3603220304257398,6803596,NC
-0.3503872028803204,6803597,NC
-0.36045237907769123,6803598,NC
-0.3805175589649688,6803599,NC
-0.3605827424892665,6803600,NC
-0.34064792959769497,6803601,NC
-0.3207131202373619,6803602,NC
-0.3257783143553721,6803603,NC
-0.35084351189882734,6803604,NC
-0.3359087128148271,6803605,NC
-0.3309739170504676,6803606,NC
-0.3110391245528426,6803607,NC
-0.3011043352690433,6803608,NC
-0.3011695491461582,6803609,NC
-0.30623476613127315,6803610,NC
-0.30629998617147164,6803611,NC
-0.2763652092138346,6803612,NC
-0.24643043520544045,6803613,NC
-0.23149566409336533,6803614,NC
-0.23156089582468303,6803615,NC
-0.23662613034646496,6803616,NC
-0.23669136760578033,6803617,NC
-0.22175660754969606,6803618,NC
-0.19682185012527692,6803619,NC
-0.2168870952795856,6803620,NC
-0.20195234295968262,6803621,NC
-0.20201759311262654,6803622,NC
-0.2120828456854738,6803623,NC
-0.20714810062527894,6803624,NC
-0.17221335787909464,6803625,NC
-0.15727861739397156,6803626,NC
-0.15234387911695865,6803627,NC
-0.17240914299510296,6803628,NC
-0.14747440897544994,6803629,NC
-0.12753967700504318,6803630,NC
-0.09260494703092467,6803631,NC
-0.08267021900013483,6803632,NC
-0.06273549285971242,6803633,NC
-0.06780076855669469,6803634,NC
-0.05786604603811744,6803635,NC
-0.04293132525101501,6803636,NC
-0.007996606142420292,6803637,NC
0.006938111340635149,6803638,NC
0.011872827251121074,6803639,NC
0.006807541642008558,6803640,NC
0.006742254566269803,6803641,NC
0.0016769660768783034,6803642,NC
0.02661167622680867,6803643,NC
0.046546385069036605,6803644,NC
0.05148109265653889,6803645,NC
0.05641579904229332,6803646,NC
0.05135050427927865,6803647,NC
0.06628520842047458,6803648,NC
0.0762199115188617,6803649,NC
0.09615461362742148,6803650,NC
0.07608931479913608,6803651,NC
0.08102401508698855,6803652,NC
0.06595871454396258,6803653,NC
0.09089341322304256,6803654,NC
0.09082811117721354,6803655,NC
0.07576280845946112,6803656,NC
0.07069750512277141,6803657,NC
0.035632201220131096,6803658,NC
-0.004433103195472722,6803659,NC
-0.014498408071052498,6803660,NC
-0.02456371335362034,6803661,NC
-0.049629018990188005,6803662,NC
-0.06469432492776697,6803663,NC
-0.09975963111336848,6803664,NC
-0.12982493749400356,6803665,NC
-0.1348902440166831,6803666,NC
-0.13495555062841783,6803667,NC
-0.15002085727621847,6803668,NC
-0.18508616390709567,6803669,NC
-0.2201514704680601,6803670,NC
-0.24521677690612248,6803671,NC
-0.24028208316829366,6803672,NC
-0.2303473892015846,6803673,NC
-0.22541269495300642,6803674,NC
-0.2504780003695706,6803675,NC
-0.2655433053982887,6803676,NC
-0.3006086099861727,6803677,NC
-0.295673914080235,6803678,NC
-0.29573921762748834,6803679,NC
-0.27080452057494586,6803680,NC
-0.2858698228696211,6803681,NC
-0.2959351244585284,6803682,NC
-0.3060004252886825,6803683,NC
-0.2960657253070988,6803684,NC
-0.2861310244607932,6803685,NC
-0.2811963226967827,6803686,NC
-0.29126161996208444,6803687,NC
-0.30132691620371693,6803688,NC
-0.31639221136869927,6803689,NC
-0.30645750540405137,6803690,NC
-0.2965227982567941,6803691,NC
-0.29158808987394935,6803692,NC
-0.30665338020254,6803693,NC
-0.3167186691895899,6803694,NC
-0.3217839567821241,6803695,NC
-0.31184924292716865,6803696,NC
-0.31191452757175087,6803697,NC
-0.30697981066289926,6803698,NC
-0.3120450921476436,6803699,NC
-0.327110371973015,6803700,NC
-0.3271756500860459,6803701,NC
-0.31724092643377,6803702,NC
-0.29730620096322263,6803703,NC
-0.2823714736214405,6803704,NC
-0.2874367443554618,6803705,NC
-0.3125020131123264,6803706,NC
-0.3175672798390757,6803707,NC
-0.3376325444827527,6803708,NC
-0.3176978069904021,6803709,NC
-0.2927630673090705,6803710,NC
-0.29282832538580605,6803711,NC
-0.3078935811676589,6803712,NC
-0.3029588346016809,6803713,NC
-0.3030240856349259,6803714,NC
-0.2980893342144497,6803715,NC
-0.2931545802873101,6803716,NC
-0.29821982380056694,6803717,NC
-0.303285064701282,6803718,NC
-0.3133503029365194,6803719,NC
-0.30841553845334513,6803720,NC
-0.29848077119882777,6803721,NC
-0.2935460011200378,6803722,NC
-0.30361122816404823,6803723,NC
-0.3136764522779343,6803724,NC
-0.33374167340877353,6803725,NC
-0.33880689150364607,6803726,NC
-0.3288721065096344,6803727,NC
-0.32893731837382356,6803728,NC
-0.324002527043301,6803729,NC
-0.329067732465157,6803730,NC
-0.3291329345864844,6803731,NC
-0.32919813335437853,6803732,NC
-0.3192633287159376,6803733,NC
-0.31432852061826266,6803734,NC
-0.34439370900845745,6803735,NC
-0.35445889383362844,6803736,NC
-0.35952407504088535,6803737,NC
-0.3345892525773405,6803738,NC
-0.3196544263901093,6803739,NC
-0.30971959642631025,6803740,NC
-0.3147847626330648,6803741,NC
-0.34984992495749756,6803742,NC
-0.3599150833467364,6803743,NC
-0.3649802377479121,6803744,NC
-0.340045388108159,6803745,NC
-0.3301105343746144,6803746,NC
-0.3451756764944193,6803747,NC
-0.3552408144147177,6803748,NC
-0.3403059480826573,6803749,NC
-0.33037107744538896,6803750,NC
-0.3354362024500673,6803751,NC
-0.32050132304385026,6803752,NC
-0.3255664391738995,6803753,NC
-0.3256315507873803,6803754,NC
-0.34569665783146164,6803755,NC
-0.36076176025331597,6803756,NC
-0.35082685800011976,6803757,NC
-0.3508919510190531,6803758,NC
-0.34595703925730015,6803759,NC
-0.36102212266204853,6803760,NC
-0.3510872011804902,6803761,NC
-0.3561522747598209,6803762,NC
-0.32121734334724045,6803763,NC
-0.31128240688995257,6803764,NC
-0.30134746533516515,6803765,NC
-0.3214125186300904,6803766,NC
-0.3214775667219444,6803767,NC
-0.3365426095579476,6803768,NC
-0.32660764708532486,6803769,NC
-0.321672679251305,6803770,NC
-0.3267377060031216,6803771,NC
-0.33680272728801225,6803772,NC
-0.3368677430532192,6803773,NC
-0.3119327532459892,6803774,NC
-0.2869977578135734,6803775,NC
-0.2670627567032275,6803776,NC
-0.26212774986221193,6803777,NC
-0.28219273723779176,6803778,NC
-0.30225771877723656,6803779,NC
-0.287322694427821,6803780,NC
-0.27738766413682414,6803781,NC
-0.26245262785153006,6803782,NC
-0.27251758551922767,6803783,NC
-0.30258253708721083,6803784,NC
-0.30264748250277823,6803785,NC
-0.28771242171323375,6803786,NC
-0.2727773546658861,6803787,NC
-0.27284228130804916,6803788,NC
-0.2879072015870419,6803789,NC
-0.3179721154501885,6803790,NC
-0.3230370228448184,6803791,NC
-0.3281019237182661,6803792,NC
-0.3331668180178715,6803793,NC
-0.32323170569097986,6803794,NC
-0.3532965866849418,6803795,NC
-0.3583614609471134,6803796,NC
-0.3584263284248561,6803797,NC
-0.3534911890655369,6803798,NC
-0.36355604281652837,6803799,NC
-0.3636208896252086,6803800,NC
-0.3636857294389614,6803801,NC
-0.3737505622051762,6803802,NC
-0.3738153878712482,6803803,NC
-0.37888020638457826,6803804,NC
-0.3839450176925731,6803805,NC
-0.36900982174264535,6803806,NC
-0.37907461848221347,6803807,NC
-0.3791394078587018,6803808,NC
-0.3892041898195408,6803809,NC
-0.3842689643121667,6803810,NC
-0.37933373128402215,6803811,NC
-0.37439849068255554,6803812,NC
-0.3894632424552217,6803813,NC
-0.40452798654948136,6803814,NC
-0.4145927229128017,6803815,NC
-0.43465745149265606,6803816,NC
-0.40472217223652424,6803817,NC
-0.3747868850918922,6803818,NC
-0.3748515900062524,6803819,NC
-0.37991628692710383,6803820,NC
-0.40498097580195186,6803821,NC
-0.41504565657830833,6803822,NC
-0.4201103292036917,6803823,NC
-0.4051749936256272,6803824,NC
-0.4002396497916465,6803825,NC
-0.4153042976492881,6803826,NC
-0.4203689371460971,6803827,NC
-0.4104335682296256,6803828,NC
-0.39049819084743237,6803829,NC
-0.39056280494708306,6803830,NC
-0.3806274104761503,6803831,NC
-0.4006920073822135,6803832,NC
-0.4107565956128594,6803833,NC
-0.40582117511568144,6803834,NC
-0.3808857458382803,6803835,NC
-0.37095030772826376,6803836,NC
-0.36101486073324685,6803837,NC
-0.4010794048008517,6803838,NC
-0.4211439398787076,6803839,NC
-0.40620846591445137,6803840,NC
-0.38127298285572697,6803841,NC
-0.3413374906501859,6803842,NC
-0.301401989245487,6803843,NC
-0.28646647858929664,6803844,NC
-0.23153095862928844,6803845,NC
-0.15659542931314388,6803846,NC
-0.061659890588551924,6803847,NC
0.013275657596790896,6803848,NC
0.07321121529518025,6803849,NC
0.07814678255890418,6803850,NC
0.04308235944024296,6803851,NC
-0.04698205400853098,6803852,NC
-0.167046457735153,6803853,NC
-0.23211085168736645,6803854,NC
-0.20217523581292246,6803855,NC
-0.07723961005958027,6803856,NC
0.07269602562489294,6803857,NC
0.2276316712927219,6803858,NC
0.34256732699612324,6803859,NC
0.37250299278730553,6803860,L
0.3574386687184689,6803861,NC
0.23737435484180563,6803862,NC
0.08231005120949945,6803863,NC
-0.052754242126274095,6803864,NC
-0.15281852511334795,6803865,NC
-0.2378827976995633,6803866,NC
-0.34794705983276986,6803867,NC
-0.47301131146082576,6803868,NC
-0.5680755525315977,6803869,NC
-0.663139782992961,6803870,NC
-0.6832040027927995,6803871,NC
-0.6932682118790057,6803872,NC
-0.7083324101994806,6803873,NC
-0.7183965977021346,6803874,NC
-0.7034607743348861,6803875,NC
-0.6535249400456627,6803876,NC
-0.573589094782401,6803877,NC
-0.518653238493046,6803878,NC
-0.48371737112555213,6803879,NC
-0.4887814926278827,6803880,NC
-0.4788456029480099,6803881,NC
-0.473909702033915,6803882,NC
-0.4689737898335886,6803883,NC
-0.45903786629503024,6803884,NC
-0.46910193136624884,6803885,NC
-0.4591659849952623,6803886,NC
-0.44923002713009813,6803887,NC
-0.4292940577187929,6803888,NC
-0.4193580767093928,6803889,NC
-0.4144220840499531,6803890,NC
-0.4144860796885388,6803891,NC
-0.4195500635732243,6803892,NC
-0.43461403565209344,6803893,NC
-0.4296779958732399,6803894,NC
-0.43474194418476675,6803895,NC
-0.41480588053478684,6803896,NC
-0.41486980487142255,6803897,NC
-0.42493371714280626,6803898,NC
-0.4299976172970799,6803899,NC
-0.41506150528239555,6803900,NC
-0.40512538104691476,6803901,NC
-0.38518924453880926,6803902,NC
-0.3802530957062607,6803903,NC
-0.39031693449746063,6803904,NC
-0.41038076086061087,6803905,NC
-0.39044457474392297,6803906,NC
-0.35050837609561897,6803907,NC
-0.3605721648639308,6803908,NC
-0.36063594099710083,6803909,NC
-0.3556997044433815,6803910,NC
-0.35576345515103563,6803911,NC
-0.3508271930683363,6803912,NC
-0.3308909181435671,6803913,NC
-0.3159546303250219,6803914,NC
-0.30601832956100516,6803915,NC
-0.3160820157998318,6803916,NC
-0.3311456889898272,6803917,NC
-0.3212093490793274,6803918,NC
-0.2812729960166791,6803919,NC
-0.2563366297502396,6803920,NC
-0.2514002502283769,6803921,NC
-0.26646385739947,6803922,NC
-0.26152745121190824,6803923,NC
-0.2465910316140923,6803924,NC
-0.21665459855443336,6803925,NC
-0.1867181519813537,6803926,NC
-0.16678169184328648,6803927,NC
-0.17684521808867604,6803928,NC
-0.17690873066597748,6803929,NC
-0.1719722295236573,6803930,NC
-0.15703571461019294,6803931,NC
-0.13709918587407302,6803932,NC
-0.12216264326379746,6803933,NC
-0.12222608672787738,6803934,NC
-0.11228951621483521,6803935,NC
-0.09735293167320475,6803936,NC
-0.06241633305153109,6803937,NC
-0.05747972029837084,6803938,NC
-0.017543093362292088,6803939,NC
-0.02760645219187436,6803940,NC
-0.03266979673570876,6803941,NC
-0.02273312694239798,6803942,NC
-0.007796442760556346,6803943,NC
0.01714025586119013,6803944,NC
0.027076968974203756,6803945,NC
0.027013696629835,6803946,NC
0.011950438879422619,6803947,NC
0.021887195774293485,6803948,NC
0.03182396736576261,6803949,NC
0.03176075370513304,6803950,NC
0.0416975548436959,6803951,NC
0.026634370832730292,6803952,NC
0.0015712017235032585,6803953,NC
-0.003491952432730209,6803954,NC
-0.008555091584727345,6803955,NC
-0.003618215681257475,6803956,NC
-0.023681324671102164,6803957,NC
-0.06374441850305522,6803958,NC
-0.10380749712592278,6803959,NC
-0.1238705604885233,6803960,NC
-0.1239336085396876,6803961,NC
-0.128996641228259,6803962,NC
-0.14905965850309322,6803963,NC
-0.18412266031305846,6803964,NC
-0.21418564660703554,6803965,NC
-0.2442486173339178,6803966,NC
-0.2443115724426113,6803967,NC
-0.2593745118820347,6803968,NC
-0.2744374356011194,6803969,NC
-0.28950034354880955,6803970,NC
-0.28456323567406205,6803971,NC
-0.29962611192584676,6803972,NC
-0.30468897225314623,6803973,NC
-0.29475181660495625,6803974,NC
-0.3298146449302852,6803975,NC
-0.3398774571781546,6803976,NC
-0.35494025329759915,6803977,NC
-0.3550030332376665,6803978,NC
-0.3300657969474175,6803979,NC
-0.30012854437592607,6803980,NC
-0.3101912754722794,6803981,NC
-0.345253990185578,6803982,NC
-0.3553166884649356,6803983,NC
-0.3703793702594791,6803984,NC
-0.36544203551834914,6803985,NC
-0.3555046841906996,6803986,NC
-0.34556731622569764,6803987,NC
-0.35062993157252415,6803988,NC
-0.3706925301803735,6803989,NC
-0.3507551119984537,6803990,NC
-0.3608176769759862,6803991,NC
-0.3408802250622063,6803992,NC
-0.3459427562063629,6803993,NC
-0.3560052703577187,6803994,NC
-0.36606776746555014,6803995,NC
-0.3711302474791476,6803996,NC
-0.3511927103478152,6803997,NC
-0.361255156020871,6803998,NC
-0.346317584447647,6803999,NC
-0.36137999557748934,6804000,NC
-0.38144238935975794,6804001,NC
-0.3615047657438271,6804002,NC
-0.35156712467908496,6804003,NC
-0.34162946611493394,6804004,NC
-0.3216917900007907,6804005,NC
-0.341754096286086,6804006,NC
-0.3618163849202651,6804007,NC
-0.35687865585278733,6804008,NC
-0.3519409090331266,6804009,NC
-0.342003144410771,6804010,NC
-0.3570653619352234,6804011,NC
-0.3621275615560008,6804012,NC
-0.3571897432226349,6804013,NC
-0.35225190688467195,6804014,NC
-0.3523140524916728,6804015,NC
-0.352376179993213,6804016,NC
-0.3474382893388827,6804017,NC
-0.3725003804782868,6804018,NC
-0.3725624533610451,6804019,NC
-0.3626245079367921,6804020,NC
-0.34268654415517696,6804021,NC
-0.3377485619658642,6804022,NC
-0.3478105613185329,6804023,NC
-0.3478725421628772,6804024,NC
-0.36793450444860637,6804025,NC
-0.3529964481254447,6804026,NC
-0.3430583731431314,6804027,NC
-0.34312027945142104,6804028,NC
-0.3381821670000833,6804029,NC
-0.368244035738903,6804030,NC
-0.36830588561768035,6804031,NC
-0.36836771658623085,6804032,NC
-0.3684295285943852,6804033,NC
-0.3634913215919897,6804034,NC
-0.3585530955289058,6804035,NC
-0.3736148503550107,6804036,NC
-0.37367658602019693,6804037,NC
-0.3787383024743727,6804038,NC
-0.3687999996674616,6804039,NC
-0.35886167754940307,6804040,NC
-0.383923336070152,6804041,NC
-0.37398497517967927,6804042,NC
-0.39404659482797133,6804043,NC
-0.36410819496503033,6804044,NC
-0.3541697755408745,6804045,NC
-0.3492313365055376,6804046,NC
-0.35929287780906977,6804047,NC
-0.37935439940153665,6804048,NC
-0.39441590123302017,6804049,NC
-0.40947738325361815,6804050,NC
-0.38453884541344446,6804051,NC
-0.3646002876626293,6804052,NC
-0.38466170995131876,6804053,NC
-0.37972311222967525,6804054,NC
-0.38478449444787743,6804055,NC
-0.3798458565561202,6804056,NC
-0.3749071985046148,6804057,NC
-0.3549685202435888,6804058,NC
-0.37502982172328625,6804059,NC
-0.37509110289396747,6804060,NC
-0.38515236370590944,6804061,NC
-0.3752136041094055,6804062,NC
-0.3552748240547658,6804063,NC
-0.33533602349231667,6804064,NC
-0.3353972023724015,6804065,NC
-0.35045836064538016,6804066,NC
-0.36551949826162927,6804067,NC
-0.3455806151715422,6804068,NC
-0.3206417113255291,6804069,NC
-0.30070278667401706,6804070,NC
-0.31076384116744993,6804071,NC
-0.31082487475628856,6804072,NC
-0.3158858873910107,6804073,NC
-0.29094687902211125,6804074,NC
-0.28100784960010194,6804075,NC
-0.2810687990755117,6804076,NC
-0.30612972739888655,6804077,NC
-0.3211906345207897,6804078,NC
-0.3362515203918016,6804079,NC
-0.3363123849625199,6804080,NC
-0.31637322818355945,6804081,NC
-0.3164340500055525,6804082,NC
-0.32149485037914877,6804083,NC
-0.3565556292550152,6804084,NC
-0.3666163865838363,6804085,NC
-0.36667712231631394,6804086,NC
-0.34173783640316757,6804087,NC
-0.34679852879513434,6804088,NC
-0.3518591994429688,6804089,NC
-0.3719198482974432,6804090,NC
-0.38198047530934753,6804091,NC
-0.39204108042948954,6804092,NC
-0.3821016636086946,6804093,NC
-0.3821622247978059,6804094,NC
-0.3872227639476847,6804095,NC
-0.3872832810092098,6804096,NC
-0.3973437759332782,6804097,NC
-0.4024042486708047,6804098,NC
-0.3824646991727222,6804099,NC
-0.38252512738998157,6804100,NC
-0.3975855332735518,6804101,NC
-0.40764591677442,6804102,NC
-0.4277062778435915,6804103,NC
-0.40776661643208956,6804104,NC
-0.39282693249095607,6804105,NC
-0.402887225971251,6804106,NC
-0.41794749682405263,6804107,NC
-0.4480077450004576,6804108,NC
-0.453067970451581,6804109,NC
-0.4431281731285563,6804110,NC
-0.4281883529825356,6804111,NC
-0.41324850996468926,6804112,NC
-0.40330864402620636,6804113,NC
-0.4233687551182947,6804114,NC
-0.44342884319218034,6804115,NC
-0.4334889081991085,6804116,NC
-0.4235489500903427,6804117,NC
-0.4186089688171654,6804118,NC
-0.4086689643308779,6804119,NC
-0.42372893658280025,6804120,NC
-0.4287888855242714,6804121,NC
-0.41884881110664923,6804122,NC
-0.3989087132813105,6804123,NC
-0.4089685919996511,6804124,NC
-0.4140284472130858,6804125,NC
-0.41408827887304855,6804126,NC
-0.4291480869309923,6804127,NC
-0.4292078713383894,6804128,NC
-0.434267632046731,6804129,NC
-0.4143273690075278,6804130,NC
-0.42938708217230975,6804131,NC
-0.4394467714926258,6804132,NC
-0.42950643692004475,6804133,NC
-0.42956607840615424,6804134,NC
-0.4246256959025618,6804135,NC
-0.424685289360894,6804136,NC
-0.4147448587327974,6804137,NC
-0.4148044039699376,6804138,NC
-0.40986392502400026,6804139,NC
-0.3949234218466902,6804140,NC
-0.34998289438973235,6804141,NC
-0.300042342604871,6804142,NC
-0.27510176644387024,6804143,NC
-0.2301611658585141,6804144,NC
-0.17522054080060626,6804145,NC
-0.10027989122197037,6804146,NC
-0.02033921707444991,6804147,NC
0.029601481690091684,6804148,NC
0.03954220511977102,6804149,NC
0.019482953262684687,6804150,NC
-0.005576273833090832,6804151,NC
-0.03563547611949908,6804152,NC
-0.12069465354850373,6804153,NC
-0.21075380607208866,6804154,NC
-0.27581293364225795,6804155,NC
-0.2958720362110359,6804156,NC
-0.21093111373046713,6804157,NC
-0.10099016615261656,6804158,NC
0.003950806570430534,6804159,NC
0.09889180448656844,6804160,NC
0.183832827643671,6804161,NC
0.21377387608959164,6804162,NC
0.22871494987216323,6804163,NC
0.22865604903919806,6804164,L
0.1885971736384878,6804165,NC
0.11853832371780358,6804166,NC
-0.006520500675104235,6804167,NC
-0.13657929949250597,6804168,NC
-0.24663807268669263,6804169,NC
-0.33169682020997615,6804170,NC
-0.39675554201468916,6804171,NC
-0.4518142380531852,6804172,NC
-0.5318729082778388,6804173,NC
-0.6169315526410453,6804174,NC
-0.6819901710952211,6804175,NC
-0.7170487635928037,6804176,NC
-0.7171073300862514,6804177,NC
-0.7221658705280437,6804178,NC
-0.7222243848706817,6804179,NC
-0.712282873066687,6804180,NC
-0.6873413350686028,6804181,NC
-0.6523997708289933,6804182,NC
-0.5924581803004444,6804183,NC
-0.5575165634355628,6804184,NC
-0.5375749201869771,6804185,NC
-0.5576332505073369,6804186,NC
-0.5426915543493134,6804187,NC
-0.5077498316655993,6804188,NC
-0.4828080824089089,6804189,NC
-0.47286630653197786,6804190,NC
-0.4779245039875636,6804191,NC
-0.502982674728445,6804192,NC
-0.4880408187074231,6804193,NC
-0.4780989358773199,6804194,NC
-0.4631570261909797,6804195,NC
-0.45321508960126844,6804196,NC
-0.43327312606107393,6804197,NC
-0.44333113552330566,6804198,NC
-0.44338911794089536,6804199,NC
-0.4434470732667964,6804200,NC
-0.42350500145398434,6804201,NC
-0.4335629024554566,6804202,NC
-0.4536207762242327,6804203,NC
-0.4486786227133543,6804204,NC
-0.44373644187588523,6804205,NC
-0.4487942336649114,6804206,NC
-0.428851998033541,6804207,NC
-0.4089097349349044,6804208,NC
-0.4189674443221543,6804209,NC
-0.4290251261484658,6804210,NC
-0.4490827803670361,6804211,NC
-0.4391404069310852,6804212,NC
-0.4091980057938551,6804213,NC
-0.39925557690861074,6804214,NC
-0.4043131202286392,6804215,NC
-0.41437063570725025,6804216,NC
-0.4094281232977763,6804217,NC
-0.3994855829535722,6804218,NC
-0.3695430146280158,6804219,NC
-0.3546004182745073,6804220,NC
-0.3446577938464699,6804221,NC
-0.33971514129734937,6804222,NC
-0.35977246058061446,6804223,NC
-0.3498297516497567,6804224,NC
-0.3298870144582906,6804225,NC
-0.2799442489597535,6804226,NC
-0.27500145510770563,6804227,NC
-0.2650586328557305,6804228,NC
-0.2601157821574344,6804229,NC
-0.25517290296644685,6804230,NC
-0.25522999523642037,6804231,NC
-0.2302870589210308,6804232,NC
-0.23534409397397701,6804233,NC
-0.22040110034898117,6804234,NC
-0.22045807799978878,6804235,NC
-0.20551502688016854,6804236,NC
-0.1705719469439125,6804237,NC
-0.14562883814483624,6804238,NC
-0.14068570043677853,6804239,NC
-0.13574253377360185,6804240,NC
-0.13579933810919192,6804241,NC
-0.10585611339745814,6804242,NC
-0.0809128595923335,6804243,NC
-0.055969576647774535,6804244,NC
-0.061026264517761435,6804245,NC
-0.07608292315629805,6804246,NC
-0.05613955251741197,6804247,NC
-0.04119615255515457,6804248,NC
-0.011252723223600977,6804249,NC
-0.001309264476850161,6804250,NC
-0.011365776269024956,6804251,NC
-0.0164222585542721,6804252,NC
-0.026478711286762276,6804253,NC
-0.03153513442069015,6804254,NC
-0.026591527910274387,6804255,NC
-0.006647891709757735,6804256,NC
-0.01670422577340701,6804257,NC
-0.026760530055513126,6804258,NC
-0.056816804510391256,6804259,NC
-0.08187304909238069,6804260,NC
-0.08692926375584498,6804261,NC
-0.09698544845517193,6804262,NC
-0.0970416031447737,6804263,NC
-0.1370977277790868,6804264,NC
-0.1921538223125721,6804265,NC
-0.21220988669971488,6804266,NC
-0.23726592089502496,6804267,NC
-0.2423219248530365,6804268,NC
-0.2623778985283084,6804269,NC
-0.2924338418754239,6804270,NC
-0.30748975484899116,6804271,NC
-0.31254563740364266,6804272,NC
-0.30760148949403565,6804273,NC
-0.32265731107485224,6804274,NC
-0.3427131021007992,6804275,NC
-0.3427688625266081,6804276,NC
-0.36282459230703534,6804277,NC
-0.3678802913968621,6804278,NC
-0.34793595975089464,6804279,NC
-0.342991597323964,6804280,NC
-0.34304720407092626,6804281,NC
-0.35810277994666256,6804282,NC
-0.368158324906079,6804283,NC
-0.38321383890410676,6804284,NC
-0.3782693218957023,6804285,NC
-0.378324773835847,6804286,NC
-0.3783801946795476,6804287,NC
-0.388435584381836,6804288,NC
-0.41849094289776945,6804289,NC
-0.39854627018243044,6804290,NC
-0.3836015661909268,6804291,NC
-0.3686568308783918,6804292,NC
-0.3687120641999839,6804293,NC
-0.3637672661108874,6804294,NC
-0.38882243656631177,6804295,NC
-0.40387757552149206,6804296,NC
-0.3789326829316891,6804297,NC
-0.3789877587521889,6804298,NC
-0.3840428029383034,6804299,NC
-0.3890978154453702,6804300,NC
-0.3891527962287526,6804301,NC
-0.37920774524383954,6804302,NC
-0.3642626624460457,6804303,NC
-0.3643175477908118,6804304,NC
-0.3793724012336042,6804305,NC
-0.3744272227299152,6804306,NC
-0.394482012235263,6804307,NC
-0.3745367697051919,6804308,NC
-0.359591495095272,6804309,NC
-0.3496461883610995,6804310,NC
-0.35470084945829683,6804311,NC
-0.3647554783425122,6804312,NC
-0.3798100749694202,6804313,NC
-0.38986463929472154,6804314,NC
-0.3699191712741431,6804315,NC
-0.359973670863438,6804316,NC
-0.3600281380183857,6804317,NC
-0.36508257269479194,6804318,NC
-0.3701369748484888,6804319,NC
-0.37019134443533475,6804320,NC
-0.36024568141121477,6804321,NC
-0.3452999857320402,6804322,NC
-0.35035425735374887,6804323,NC
-0.3604084962323052,6804324,NC
-0.3604627023237002,6804325,NC
-0.36551687558395135,6804326,NC
-0.35057101596910295,6804327,NC
-0.36062512343522585,6804328,NC
-0.3556791979384176,6804329,NC
-0.3657332394348026,6804330,NC
-0.375787247880532,6804331,NC
-0.36584122323178364,6804332,NC
-0.3458951654447624,6804333,NC
-0.3359490744756999,6804334,NC
-0.3410029502808547,6804335,NC
-0.3610567928165125,6804336,NC
-0.3761106020389858,6804337,NC
-0.38116437790461405,6804338,NC
-0.36621812036976403,6804339,NC
-0.36627182939082953,6804340,NC
-0.3613255049242314,6804341,NC
-0.36637914692641765,6804342,NC
-0.35643275535386365,6804343,NC
-0.37148633016307175,6804344,NC
-0.3615398713105719,6804345,NC
-0.35659337875292113,6804346,NC
-0.35164685244670385,6804347,NC
-0.36170029234853196,6804348,NC
-0.3867536984150447,6804349,NC
-0.3718070706029088,6804350,NC
-0.3618604088688184,6804351,NC
-0.34691371316949515,6804352,NC
-0.3519669834616884,6804353,NC
-0.36702021970217513,6804354,NC
-0.36207342184775965,6804355,NC
-0.35712658985527423,6804356,NC
-0.34717972368157873,6804357,NC
-0.33723282328356075,6804358,NC
-0.3372858886181356,6804359,NC
-0.3423389196422465,6804360,NC
-0.36239191631286444,6804361,NC
-0.33744487858698835,6804362,NC
-0.322497806421645,6804363,NC
-0.30755069977388905,6804364,NC
-0.30760355860080335,6804365,NC
-0.32265638285949855,6804366,NC
-0.31270917250711344,6804367,NC
-0.3177619275008149,6804368,NC
-0.28781464779779786,6804369,NC
-0.2478673333552855,6804370,NC
-0.25791998413052913,6804371,NC
-0.2729726000808083,6804372,NC
-0.2830251811634308,6804373,NC
-0.29307772733573273,6804374,NC
-0.29313023855507847,6804375,NC
-0.2881827147788608,6804376,NC
-0.293235155964501,6804377,NC
-0.30328756206944857,6804378,NC
-0.30833993305118157,6804379,NC
-0.3283922688672065,6804380,NC
-0.32344456947505873,6804381,NC
-0.3234968348323016,6804382,NC
-0.31854906489652757,6804383,NC
-0.3436012596253575,6804384,NC
-0.34865341897644087,6804385,NC
-0.3487055429074561,6804386,NC
-0.35375763137611016,6804387,NC
-0.3538096843401389,6804388,NC
-0.35886170175730675,6804389,NC
-0.3689136835854073,6804390,NC
-0.39396562978226285,6804391,NC
-0.3940175403057246,6804392,NC
-0.38906941511367277,6804393,NC
-0.3591212541640165,6804394,NC
-0.374173057414694,6804395,NC
-0.39922482482367233,6804396,NC
-0.41927655634894795,6804397,NC
-0.42432825194854623,6804398,NC
-0.4043799115805217,6804399,NC
-0.39443153520295815,6804400,NC
-0.38448312277396857,6804401,NC
-0.40953467425169504,6804402,NC
-0.40458618959430925,6804403,NC
-0.4246376687600119,6804404,NC
-0.4146891117070332,6804405,NC
-0.4097405183936328,6804406,NC
-0.40479188877809946,6804407,NC
-0.4398432228187519,6804408,NC
-0.4298945204739379,6804409,NC
-0.4299457817020349,6804410,NC
-0.42499700646144994,6804411,NC
-0.39504819471061964,6804412,NC
-0.4000993464080102,6804413,NC
-0.42015046151211755,6804414,NC
-0.4252015399814672,6804415,NC
-0.43525258177461446,6804416,NC
-0.42530358685014447,6804417,NC
-0.4003545551666719,6804418,NC
-0.4004054866828416,6804419,NC
-0.4404563813573281,6804420,NC
-0.4455072391488358,6804421,NC
-0.4305580600160989,6804422,NC
-0.40060884391788193,6804423,NC
-0.39565959081297913,6804424,NC
-0.40071030066021485,6804425,NC
-0.4107609734184434,6804426,NC
-0.4208116090465494,6804427,NC
-0.4158622075034474,6804428,NC
-0.4009127687480821,6804429,NC
-0.39096329273942865,6804430,NC
-0.40101377943649213,6804431,NC
-0.40606422879830806,6804432,NC
-0.4311146407839421,6804433,NC
-0.4161650153524904,6804434,NC
-0.4012153524630794,6804435,NC
-0.3662656520748659,6804436,NC
-0.35631591414703717,6804437,NC
-0.3413661386388109,6804438,NC
-0.3264163255094354,6804439,NC
-0.2864664747181893,6804440,NC
-0.23651658622438199,6804441,NC
-0.13656665998735323,6804442,NC
-0.06661669596647368,6804443,NC
-0.03166669412114441,6804444,NC
0.008283345589202705,6804445,NC
0.03323342320510507,6804446,NC
0.07818353876706935,6804447,NC
0.0731336923155714,6804448,NC
0.02808388389105631,6804449,NC
-0.07196588646606175,6804450,NC
-0.1770156187153995,6804451,NC
-0.20706531281660445,6804452,NC
-0.1771149687293553,6804453,NC
-0.10216458641336151,6804454,NC
-0.007214165828363692,6804455,NC
0.08273629306586652,6804456,NC
0.14768679030952647,6804457,NC
0.2326373259427823,6804458,NC
0.29258790000576906,6804459,NC
0.30253851253859054,6804460,L
0.25248916358131945,6804461,NC
0.14243985317399716,6804462,NC
0.022390581356633757,6804463,NC
-0.07265865183079198,6804464,NC
-0.14770784634833256,6804465,NC
-0.2177570021560719,6804466,NC
-0.29280611921412536,6804467,NC
-0.3978551974826397,6804468,NC
-0.47290423692179323,6804469,NC
-0.5479532374917956,6804470,NC
-0.6030021991528882,6804471,NC
-0.6380511218653437,6804472,NC
-0.6531000055894669,6804473,NC
-0.6631488502855937,6804474,NC
-0.6731976559140919,6804475,NC
-0.6482464224353608,6804476,NC
-0.5982951498098319,6804477,NC
-0.5733438379979678,6804478,NC
-0.5483924869602637,6804479,NC
-0.5234410966572457,6804480,NC
-0.5184896670494726,6804481,NC
-0.5035381980975348,6804482,NC
-0.4685866897620541,6804483,NC
-0.44863514200368515,6804484,NC
-0.443683554783114,6804485,NC
-0.45373192806105883,6804486,NC
-0.4587802617982699,6804487,NC
-0.45382855595552973,6804488,NC
-0.44887681049365263,6804489,NC
-0.43392502537348526,6804490,NC
-0.43397320055590644,6804491,NC
-0.4440213360018272,6804492,NC
-0.4640694316721906,6804493,NC
-0.4441174875279725,6804494,NC
-0.4441655035301804,6804495,NC
-0.4292134796398546,6804496,NC
-0.42926141581806765,6804497,NC
-0.4243093120259245,6804498,NC
-0.4343571682245624,6804499,NC
-0.4444049843751513,6804500,NC
-0.4244527604388934,6804501,NC
-0.4095004963770237,6804502,NC
-0.4045481921508095,6804503,NC
-0.4095958477215508,6804504,NC
-0.4396434630505803,6804505,NC
-0.4296910380992631,6804506,NC
-0.3997385728289973,6804507,NC
-0.38978606720121356,6804508,NC
-0.39483352117737514,6804509,NC
-0.4098809347189784,6804510,NC
-0.3999283077875523,6804511,NC
-0.38497564034465864,6804512,NC
-0.36502293235189204,6804513,NC
-0.3450701837708802,6804514,NC
-0.3401173945632837,6804515,NC
-0.35516456469079605,6804516,NC
-0.36021169411514364,6804517,NC
-0.3452587827980861,6804518,NC
-0.3053058307014159,6804519,NC
-0.2903528377869588,6804520,NC
-0.3003998040165736,6804521,NC
-0.3004467293521522,6804522,NC
-0.2954936137556198,6804523,NC
-0.2805404571889346,6804524,NC
-0.2555872596140883,6804525,NC
-0.24563402099310566,6804526,NC
-0.2356807412880449,6804527,NC
-0.23572742046099748,6804528,NC
-0.23077405847408822,6804529,NC
-0.21082065528947547,6804530,NC
-0.19086721086935085,6804531,NC
-0.1609137251759395,6804532,NC
-0.16096019817150004,6804533,NC
-0.16100662981832461,6804534,NC
-0.15605302007873897,6804535,NC
-0.15109936891510237,6804536,NC
-0.12614567628980766,6804537,NC
-0.09619194216528143,6804538,NC
-0.08123816650398384,6804539,NC
-0.08128434926840881,6804540,NC
-0.08633049042108398,6804541,NC
-0.07137658992457076,6804542,NC
-0.046422647741464346,6804543,NC
-0.02646866383439373,6804544,NC
-0.03651463816602182,6804545,NC
-0.031560570699045346,6804546,NC
-0.03160646139619501,6804547,NC
-0.01165231022023544,6804548,NC
-0.001698117133965213,6804549,NC
0.008256117899783061,6804550,NC
0.013210394918142777,6804551,NC
0.013164713958213184,6804552,NC
-0.0018809249429405026,6804553,NC
-0.011926521748287205,6804554,NC
-0.0069720764208300035,6804555,NC
-0.03701758892360617,6804556,NC
-0.057063059219687184,6804557,NC
-0.08710848727217879,6804558,NC
-0.14715387304422098,6804559,NC
-0.16219921649898805,6804560,NC
-0.1622445175996887,6804561,NC
-0.1672897763095659,6804562,NC
-0.17233499259189708,6804563,NC
-0.20738016640999407,6804564,NC
-0.23242529772720313,6804565,NC
-0.2374703865069051,6804566,NC
-0.23751543271251524,6804567,NC
-0.24756043630748342,6804568,NC
-0.2576053972552939,6804569,NC
-0.2926503155194659,6804570,NC
-0.312695191063553,6804571,NC
-0.3177400238511434,6804572,NC
-0.3177848138458602,6804573,NC
-0.3078295610113611,6804574,NC
-0.3128742653113386,6804575,NC
-0.31791892670951993,6804576,NC
-0.33296354516966714,6804577,NC
-0.3380081206555771,6804578,NC
-0.3180526531310817,6804579,NC
-0.30309714256004755,6804580,NC
-0.3181415889063762,6804581,NC
-0.34818599213400425,6804582,NC
-0.3632303522069033,6804583,NC
-0.3632746690890798,6804584,NC
-0.3483189427445754,6804585,NC
-0.34336317313746684,6804586,NC
-0.32840736023186584,6804587,NC
-0.33345150399191925,6804588,NC
-0.3484956043818092,6804589,NC
-0.358539661365753,6804590,NC
-0.353583674908003,6804591,NC
-0.34862764497284715,6804592,NC
-0.3736715715246083,6804593,NC
-0.3737154545276447,6804594,NC
-0.38375929394635017,6804595,NC
-0.3738030897451536,6804596,NC
-0.3638468418885194,6804597,NC
-0.34389055034094745,6804598,NC
-0.3489342150669731,6804599,NC
-0.35897783603116695,6804600,NC
-0.35902141319813535,6804601,NC
-0.34906494653252007,6804602,NC
-0.33910843599899854,6804603,NC
-0.31415188156228363,6804604,NC
-0.31419528318712403,6804605,NC
-0.3292386408383039,6804606,NC
-0.3642819544806431,6804607,NC
-0.35932522407899736,6804608,NC
-0.344368449598258,6804609,NC
-0.3444116310033522,6804610,NC
-0.33445476825924286,6804611,NC
-0.34449786133092863,6804612,NC
-0.3545409101834442,6804613,NC
-0.35458391478186,6804614,NC
-0.35462687509128243,6804615,NC
-0.32966979107685385,6804616,NC
-0.33971266270375244,6804617,NC
-0.3447554899371925,6804618,NC
-0.37479827274242444,6804619,NC
-0.36484101108473443,6804620,NC
-0.344883704929445,6804621,NC
-0.33492635424191464,6804622,NC
-0.33996895898753793,6804623,NC
-0.35501151913174583,6804624,NC
-0.36005403464000524,6804625,NC
-0.35009650547781945,6804626,NC
-0.33513893161072794,6804627,NC
-0.31518131300430635,6804628,NC
-0.32022364962416683,6804629,NC
-0.3152659414359577,6804630,NC
-0.35030818840536365,6804631,NC
-0.3553503904981059,6804632,NC
-0.36039254767994194,6804633,NC
-0.36043465991666573,6804634,NC
-0.36547672717410773,6804635,NC
-0.3605187494181348,6804636,NC
-0.37056072661465045,6804637,NC
-0.37060265872959464,6804638,NC
-0.355644545728944,6804639,NC
-0.3356863875787117,6804640,NC
-0.34072818424494755,6804641,NC
-0.34576993569373815,6804642,NC
-0.35581164189120656,6804643,NC
-0.3458533028035126,6804644,NC
-0.34089491839685315,6804645,NC
-0.3359364886374615,6804646,NC
-0.36597801349160775,6804647,NC
-0.371019492925599,6804648,NC
-0.37606092690577925,6804649,NC
-0.3711023153985291,6804650,NC
-0.36114365837026635,6804651,NC
-0.33618495578744556,6804652,NC
-0.35622620761655827,6804653,NC
-0.35626741382413313,6804654,NC
-0.3813085743767357,6804655,NC
-0.3713496892409685,6804656,NC
-0.34639075838347133,6804657,NC
-0.33143178177092103,6804658,NC
-0.3114727593700314,6804659,NC
-0.32151369114755357,6804660,NC
-0.3365545770702758,6804661,NC
-0.33159541710502355,6804662,NC
-0.30663621121865947,6804663,NC
-0.2966769593780835,6804664,NC
-0.28171766155023303,6804665,NC
-0.2867583177020825,6804666,NC
-0.2817989278006437,6804667,NC
-0.276839491812966,6804668,NC
-0.2718800097061361,6804669,NC
-0.296920481447278,6804670,NC
-0.29696090700355326,6804671,NC
-0.3120012863421609,6804672,NC
-0.3270416194303373,6804673,NC
-0.3470819062353566,6804674,NC
-0.3321221467245304,6804675,NC
-0.3271623408652077,6804676,NC
-0.3372024886247754,6804677,NC
-0.3272425899706578,6804678,NC
-0.3522826448703171,6804679,NC
-0.3523226532912529,6804680,NC
-0.3323626152010028,6804681,NC
-0.32740253056714186,6804682,NC
-0.33244239935728315,6804683,NC
-0.35748222153907727,6804684,NC
-0.377521997080213,6804685,NC
-0.3825617259484166,6804686,NC
-0.3826014081114524,6804687,NC
-0.3726410435371225,6804688,NC
-0.3826806321932672,6804689,NC
-0.3927201740477644,6804690,NC
-0.3977596690685301,6804691,NC
-0.3877991172235184,6804692,NC
-0.40283851848072133,6804693,NC
-0.39287787280816905,6804694,NC
-0.40291718017392963,6804695,NC
-0.40795644054610947,6804696,NC
-0.4129956538928529,6804697,NC
-0.4230348201823426,6804698,NC
-0.41307393938279924,6804699,NC
-0.41811301146248175,6804700,NC
-0.40815203638968744,6804701,NC
-0.4281910141327517,6804702,NC
-0.4382299446600483,6804703,NC
-0.44826882793998923,6804704,NC
-0.42830766394102493,6804705,NC
-0.4283464526316441,6804706,NC
-0.42338519398037394,6804707,NC
-0.42342388795578,6804708,NC
-0.4484625345264663,6804709,NC
-0.4385011336610751,6804710,NC
-0.4435396853282876,6804711,NC
-0.418578189496823,6804712,NC
-0.4086166461354395,6804713,NC
-0.4136550552129336,6804714,NC
-0.4336934166981405,6804715,NC
-0.43373173055993386,6804716,NC
-0.43376999676722616,6804717,NC
-0.41380821528896844,6804718,NC
-0.4188463860941505,6804719,NC
-0.4288845091518008,6804720,NC
-0.4389225844309866,6804721,NC
-0.45896061190081383,6804722,NC
-0.43399859153042736,6804723,NC
-0.42903652328901076,6804724,NC
-0.4290744071457865,6804725,NC
-0.4391122430700158,6804726,NC
-0.4441500310309989,6804727,NC
-0.44418777099807505,6804728,NC
-0.4042254629406221,6804729,NC
-0.3742631068280573,6804730,NC
-0.35430070262983654,6804731,NC
-0.34933825031545485,6804732,NC
-0.3393757498544464,6804733,NC
-0.28441320121638425,6804734,NC
-0.22945060437088066,6804735,NC
-0.13948795928758698,6804736,NC
-0.06452526593619369,6804737,NC
0.005437475713569506,6804738,NC
0.0454002656919338,6804739,NC
0.06536310402909112,6804740,NC
0.0953259907551942,6804741,NC
0.09028892590035645,6804742,NC
0.020251909494652033,6804743,NC
-0.09478505843188417,6804744,NC
-0.1648219778492567,6804745,NC
-0.18485884872750943,6804746,NC
-0.11489567103672554,6804747,NC
-0.009932444747027695,6804748,NC
0.08503083017142202,6804749,NC
0.19499415374842208,6804750,NC
0.26995752601373146,6804751,NC
0.3399209469970697,6804752,NC
0.3748844167281166,6804753,NC
0.3798479352365127,6804754,L
0.2948115025518588,6804755,NC
0.18477511870371605,6804756,NC
0.04973878372160607,6804757,NC
-0.05529750236498919,6804758,NC
-0.14033373952662748,6804759,NC
-0.22536992773390618,6804760,NC
-0.3354060669574625,6804761,NC
-0.4354421571679733,6804762,NC
-0.5604781983361552,6804763,NC
-0.6505141904327648,6804764,NC
-0.7105501334285983,6804765,NC
-0.7405860272944917,6804766,NC
-0.7406218720013211,6804767,NC
-0.7356576675200024,6804768,NC
-0.7406934138214913,6804769,NC
-0.6957291108767835,6804770,NC
-0.6357647586569146,6804771,NC
-0.5758003571329605,6804772,NC
-0.5508359062760366,6804773,NC
-0.5408714060572987,6804774,NC
-0.5459068564479426,6804775,NC
-0.5359422574192039,6804776,NC
-0.5159776089423587,6804777,NC
-0.48601291098872285,6804778,NC
-0.4960481635296527,6804779,NC
-0.5160833665365445,6804780,NC
-0.5261185199808349,6804781,NC
-0.5261536238340006,6804782,NC
-0.5111886780675584,6804783,NC
-0.49122368265306576,6804784,NC
-0.4812586375621202,6804785,NC
-0.49629354276635945,6804786,NC
-0.4963283982374618,6804787,NC
-0.5063632039471456,6804788,NC
-0.49139795986717,6804789,NC
-0.46643266596933414,6804790,NC
-0.47146732222547766,6804791,NC
-0.4815019286074809,6804792,NC
-0.49653648508726445,6804793,NC
-0.48657099163678935,6804794,NC
-0.4766054482280573,6804795,NC
-0.4566398548331105,6804796,NC
-0.4516742114240316,6804797,NC
-0.451708517972944,6804798,NC
-0.4717427744520114,6804799,NC
-0.4617769808334387,6804800,NC
-0.4518111370894708,6804801,NC
-0.42684524319239364,6804802,NC
-0.4268792991145338,6804803,NC
-0.42191330482825856,6804804,NC
-0.4319472603059759,6804805,NC
-0.4319811655201346,6804806,NC
-0.4070150204432242,6804807,NC
-0.40204882504777517,6804808,NC
-0.3970825793063585,6804809,NC
-0.39211628319158637,6804810,NC
-0.39214993667611164,6804811,NC
-0.39218353973262815,6804812,NC
-0.3722170923338706,6804813,NC
-0.3422505944526147,6804814,NC
-0.35728404606167696,6804815,NC
-0.3573174471339151,6804816,NC
-0.36235079764222766,6804817,NC
-0.34738409755955435,6804818,NC
-0.3274173468588758,6804819,NC
-0.2924505455132138,6804820,NC
-0.2974836934956311,6804821,NC
-0.28251679077923186,6804822,NC
-0.277549837337161,6804823,NC
-0.24258283314260493,6804824,NC
-0.22761577816879097,6804825,NC
-0.21264867238898785,6804826,NC
-0.1926815157765054,6804827,NC
-0.19771430830469475,6804828,NC
-0.18774704994694824,6804829,NC
-0.1727797406766996,6804830,NC
-0.15281238046742374,6804831,NC
-0.14284496929263701,6804832,NC
-0.12787750712589707,6804833,NC
-0.14290999394080295,6804834,NC
-0.11794242971099511,6804835,NC
-0.11797481441015537,6804836,NC
-0.09800714801200704,6804837,NC
-0.0780394304903148,6804838,NC
-0.04807166181888499,6804839,NC
-0.0581038419715653,6804840,NC
-0.06313597092224496,6804841,NC
-0.043168048644854795,6804842,NC
-0.038200075113367184,6804843,NC
-0.01823205030179606,6804844,NC
-0.03326397418419699,6804845,NC
-0.04829584673466718,6804846,NC
-0.08332766792734546,6804847,NC
-0.12335943773641235,6804848,NC
-0.13339115613609007,6804849,NC
-0.15842282310064248,6804850,NC
-0.18345443860437533,6804851,NC
-0.21348600262163592,6804852,NC
-0.25351751512681353,6804853,NC
-0.25854897609433913,6804854,NC
-0.2635803854986855,6804855,NC
-0.25361174331436726,6804856,NC
-0.2986430495159409,6804857,NC
-0.3036743040780048,6804858,NC
-0.3237055069751993,6804859,NC
-0.3387366581822065,6804860,NC
-0.33876775767375056,6804861,NC
-0.3337988054245976,6804862,NC
-0.35882980140955567,6804863,NC
-0.37386074560347493,6804864,NC
-0.3988916379812475,6804865,NC
-0.37392247851780736,6804866,NC
-0.3739532671881308,6804867,NC
-0.3689840039672362,6804868,NC
-0.4040146888301839,6804869,NC
-0.4140453217520763,6804870,NC
-0.4240759027080583,6804871,NC
-0.41410643167331657,6804872,NC
-0.40413690862308027,6804873,NC
-0.3791673335326205,6804874,NC
-0.4041977063772507,6804875,NC
-0.40922802713232664,6804876,NC
-0.42425829577324625,6804877,NC
-0.4342885122754498,6804878,NC
-0.41431867661441973,6804879,NC
-0.4043487887656811,6804880,NC
-0.40437884870480095,6804881,NC
-0.4294088564073889,6804882,NC
-0.42943881184909705,6804883,NC
-0.42446871500561956,6804884,NC
-0.39949856585269344,6804885,NC
-0.3895283643660978,6804886,NC
-0.39455811052165435,6804887,NC
-0.40458780429522734,6804888,NC
-0.4046174456627234,6804889,NC
-0.40964703460009166,6804890,NC
-0.40467657108332405,6804891,NC
-0.4047060550884548,6804892,NC
-0.40973548659156067,6804893,NC
-0.43976486556876143,6804894,NC
-0.444794191996219,6804895,NC
-0.4398234658501381,6804896,NC
-0.41985268710676626,6804897,NC
-0.40988185574239344,6804898,NC
-0.4049109717333526,6804899,NC
-0.414940035056019,6804900,NC
-0.43996904568681106,6804901,NC
-0.43499800360218965,6804902,NC
-0.4200269087786586,6804903,NC
-0.41005576119276443,6804904,NC
-0.4200845608210965,6804905,NC
-0.42011330764028704,6804906,NC
-0.435142001627011,6804907,NC
-0.4401706427579864,6804908,NC
-0.4201992310099739,6804909,NC
-0.4202277663597773,6804910,NC
-0.41025624878424316,6804911,NC
-0.42028467826026117,6804912,NC
-0.4453130547647637,6804913,NC
-0.45034137827472637,6804914,NC
-0.44036964876716755,6804915,NC
-0.4153978662191489,6804916,NC
-0.41542603060777505,6804917,NC
-0.42545414191019343,6804918,NC
-0.44548220010359485,6804919,NC
-0.4455102051652131,6804920,NC
-0.435538157072325,6804921,NC
-0.4305660558022506,6804922,NC
-0.42059390133235314,6804923,NC
-0.4356216936400389,6804924,NC
-0.45064943270275737,6804925,NC
-0.44567711849800135,6804926,NC
-0.44570475100330675,6804927,NC
-0.4357323301962527,6804928,NC
-0.4407598560544618,6804929,NC
-0.45578732855559956,6804930,NC
-0.4558147476773752,6804931,NC
-0.4508421133975408,6804932,NC
-0.44086942569389226,6804933,NC
-0.42589668454426843,6804934,NC
-0.4309238899265518,6804935,NC
-0.43595104181866795,6804936,NC
-0.4709781401985862,6804937,NC
-0.46100518504431903,6804938,NC
-0.4610321763339224,6804939,NC
-0.43105911404549585,6804940,NC
-0.42108599815718234,6804941,NC
-0.43111282864716827,6804942,NC
-0.43113960549368346,6804943,NC
-0.41616632867500153,6804944,NC
-0.42119299816943945,6804945,NC
-0.4062196139553578,6804946,NC
-0.3962461760111606,6804947,NC
-0.4012726843152957,6804948,NC
-0.4012991388462544,6804949,NC
-0.4013255395825718,6804950,NC
-0.3813518865028263,6804951,NC
-0.36137817958564045,6804952,NC
-0.3664044188096801,6804953,NC
-0.37143060415365503,6804954,NC
-0.38645673559631855,6804955,NC
-0.38648281311646776,6804956,NC
-0.36650883669294365,6804957,NC
-0.3665348063046308,6804958,NC
-0.37156072193045775,6804959,NC
-0.3815865835493967,6804960,NC
-0.38661239114046364,6804961,NC
-0.41663814468271854,6804962,NC
-0.4016638441552653,6804963,NC
-0.3916894895372513,6804964,NC
-0.4017150808078683,6804965,NC
-0.4167406179463514,6804966,NC
-0.42176610093198036,6804967,NC
-0.43179152974407825,6804968,NC
-0.4418169043620123,6804969,NC
-0.41184222476519383,6804970,NC
-0.42186749093307796,6804971,NC
-0.4268927028451639,6804972,NC
-0.44191786048099496,6804973,NC
-0.4419429638201584,6804974,NC
-0.4419680128422855,6804975,NC
-0.43199300752705166,6804976,NC
-0.4370179478541764,6804977,NC
-0.4470428338034234,6804978,NC
-0.4570676653546003,6804979,NC
-0.47209244248755894,6804980,NC
-0.4771171651821953,6804981,NC
-0.4621418334184497,6804982,NC
-0.46716644717630645,6804983,NC
-0.46219100643579414,6804984,NC
-0.47221551117698546,6804985,NC
-0.4972399613799975,6804986,NC
-0.47226435702499164,6804987,NC
-0.48228869809217323,6804988,NC
-0.49231298456179234,6804989,NC
-0.47733721641414295,6804990,NC
-0.5023613936295636,6804991,NC
-0.507385516188437,6804992,NC
-0.4974095840711902,6804993,NC
-0.4674335972582949,6804994,NC
-0.47745755573026677,6804995,NC
-0.4724814594676663,6804996,NC
-0.48250530845109796,6804997,NC
-0.49252910266121097,6804998,NC
-0.4975528420786989,6804999,NC
-0.47257652668429967,6805000,NC
-0.4776001564587957,6805001,NC
-0.4776237313830142,6805002,NC
-0.5026472514378265,6805003,NC
-0.4876707166041487,6805004,NC
-0.4926941268629411,6805005,NC
-0.47771748219520904,6805006,NC
-0.487740782582002,6805007,NC
-0.47276402800441436,6805008,NC
-0.48778721844358475,6805009,NC
-0.4828103538806968,6805010,NC
-0.47283343429697855,6805011,NC
-0.4578564596737027,6805012,NC
-0.45287942999218656,6805013,NC
-0.4779023452337922,6805014,NC
-0.47792520537992644,6805015,NC
-0.5029480104120407,6805016,NC
-0.4679707603116312,6805017,NC
-0.4379934550602386,6805018,NC
-0.4330160946394488,6805019,NC
-0.42803867903089204,6805020,NC
-0.3980612082162437,6805021,NC
-0.3580836821772235,6805022,NC
-0.3031061008955964,6805023,NC
-0.21812846435317204,6805024,NC
-0.1581507725318048,6805025,NC
-0.10317302541339399,6805026,NC
-0.0531952229798838,6805027,NC
-0.02821736521326327,6805028,NC
-0.008239452095566382,6805029,NC
0.006738516391128033,6805030,NC
-0.04828345973530383,6805031,NC
-0.15330538045703068,6805032,NC
-0.23832724575626626,6805033,NC
-0.29834905561526914,6805034,NC
-0.27837081001634306,6805035,NC
-0.18339250894183656,6805036,NC
-0.09341415237414336,6805037,NC
0.0065642597042979145,6805038,NC
0.10654272731100352,6805039,NC
0.17652125046344472,6805040,NC
0.2514998291790476,6805041,NC
0.3014784634751933,6805042,NC
0.2914571533692178,6805043,L
0.20643589887841193,6805044,NC
0.0764147000200214,6805045,NC
-0.0436064431887531,6805046,NC
-0.14862753073075619,6805047,NC
-0.21864856258887755,6805048,NC
-0.31366953874605213,6805049,NC
-0.40369045918526003,6805050,NC
-0.5037113238895264,6805051,NC
-0.5937321328419221,6805052,NC
-0.6737528860255625,6805053,NC
-0.723773583423609,6805054,NC
-0.7737942250192674,6805055,NC
-0.8088148107957899,6805056,NC
-0.8188353407364728,6805057,NC
-0.7988558148246585,6805058,NC
-0.7538762330437345,6805059,NC
-0.7038965953771333,6805060,NC
-0.6739169018083335,6805061,NC
-0.6389371523208583,6805062,NC
-0.6289573468982768,6805063,NC
-0.603977485524203,6805064,NC
-0.5639975681822967,6805065,NC
-0.5440175948562631,6805066,NC
-0.5240375655298526,6805067,NC
-0.529057480186861,6805068,NC
-0.5390773388111298,6805069,NC
-0.534097141386546,6805070,NC
-0.5441168878970417,6805071,NC
-0.5141365783265949,6805072,NC
-0.5291562126592289,6805073,NC
-0.5241757908790123,6805074,NC
-0.5341953129700598,6805075,NC
-0.5242147789165312,6805076,NC
-0.5142341887026319,6805077,NC
-0.5042535423126131,6805078,NC
-0.5042728397307713,6805079,NC
-0.5092920809414487,6805080,NC
-0.5293112659290332,6805081,NC
-0.5243303946779582,6805082,NC
-0.5093494671727027,6805083,NC
-0.47936848339779153,6805084,NC
-0.48438744333779504,6805085,NC
-0.4894063469773292,6805086,NC
-0.49442519430105586,6805087,NC
-0.49944398529368234,6805088,NC
-0.48946271993996177,6805089,NC
-0.479481398224693,6805090,NC
-0.48450002013272064,6805091,NC
-0.489518585648935,6805092,NC
-0.4945370947582721,6805093,NC
-0.48455554744571383,6805094,NC
-0.4695739436962879,6805095,NC
-0.4395922834950675,6805096,NC
-0.43961056682717203,6805097,NC
-0.45962879367776655,6805098,NC
-0.4246469640320617,6805099,NC
-0.43466507787531444,6805100,NC
-0.4146831351928272,6805101,NC
-0.3947011359699485,6805102,NC
-0.38971908019207246,6805103,NC
-0.4047369678446395,6805104,NC
-0.41475479891313544,6805105,NC
-0.4097725733830926,6805106,NC
-0.38979029124008857,6805107,NC
-0.3348079524697475,6805108,NC
-0.3298255570577389,6805109,NC
-0.3348431049897789,6805110,NC
-0.3448605962516289,6805111,NC
-0.3348780308290968,6805112,NC
-0.31989540870803623,6805113,NC
-0.3049127298743469,6805114,NC
-0.2899299943139747,6805115,NC
-0.2699472020129112,6805116,NC
-0.2599643529571943,6805117,NC
-0.2599814471329077,6805118,NC
-0.22499848452618154,6805119,NC
-0.2050154651231917,6805120,NC
-0.20503238891016015,6805121,NC
-0.20504925587335515,6805122,NC
-0.205066065999091,6805123,NC
-0.22008281927372797,6805124,NC
-0.19509951568367268,6805125,NC
-0.1701161552153777,6805126,NC
-0.15513273785534193,6805127,NC
-0.14514926359011027,6805128,NC
-0.14516573240627387,6805129,NC
-0.14518214429047005,6805130,NC
-0.12019849922938236,6805131,NC
-0.11021479720974048,6805132,NC
-0.10023103821832034,6805133,NC
-0.12024722224194413,6805134,NC
-0.12026334926748025,6805135,NC
-0.11027941928184334,6805136,NC
-0.11029543227199429,6805137,NC
-0.1103113882249403,6805138,NC
-0.13532728712773484,6805139,NC
-0.1603431289674776,6805140,NC
-0.19035891373131467,6805141,NC
-0.2103746414064384,6805142,NC
-0.22039031198008746,6805143,NC
-0.2404059254395469,6805144,NC
-0.26542148177214797,6805145,NC
-0.3004369809652685,6805146,NC
-0.3404524230063325,6805147,NC
-0.35546780788281035,6805148,NC
-0.37048313558221896,6805149,NC
-0.38049840609212154,6805150,NC
-0.40051361940012764,6805151,NC
-0.43552877549389335,6805152,NC
-0.46054387436112115,6805153,NC
-0.4755589159895599,6805154,NC
-0.46557390036700486,6805155,NC
-0.46058882748129787,6805156,NC
-0.45560369732032724,6805157,NC
-0.4756185098720276,6805158,NC
-0.48563326512438015,6805159,NC
-0.5056479630654127,6805160,NC
-0.5156626036831993,6805161,NC
-0.5006771869658607,6805162,NC
-0.5156917129015643,6805163,NC
-0.5257061814785237,6805164,NC
-0.5457205926849991,6805165,NC
-0.5557349465092976,6805166,NC
-0.5257492429397723,6805167,NC
-0.5107634819648235,6805168,NC
-0.5157776635728976,6805169,NC
-0.5407917877524877,6805170,NC
-0.5658058544921337,6805171,NC
-0.5708198637804218,6805172,NC
-0.545833815605985,6805173,NC
-0.525847709957503,6805174,NC
-0.5258615468237019,6805175,NC
-0.5258753261933546,6805176,NC
-0.5458890480552806,6805177,NC
-0.5559027123983461,6805178,NC
-0.545916319211464,6805179,NC
-0.5409298684835937,6805180,NC
-0.5509433602037416,6805181,NC
-0.5459567943609605,6805182,NC
-0.5659701709443501,6805183,NC
-0.5509834899430566,6805184,NC
-0.550996751346273,6805185,NC
-0.5510099551432395,6805186,NC
-0.5410231013232422,6805187,NC
-0.5460361898756145,6805188,NC
-0.5560492207897366,6805189,NC
-0.5610621940550352,6805190,NC
-0.5410751096609839,6805191,NC
-0.5260879675971031,6805192,NC
-0.5261007678529599,6805193,NC
-0.5411135104181681,6805194,NC
-0.5511261952823889,6805195,NC
-0.5611388224353296,6805196,NC
-0.5511513918667447,6805197,NC
-0.5461639035664354,6805198,NC
-0.5411763575242498,6805199,NC
-0.5561887537300829,6805200,NC
-0.5712010921738765,6805201,NC
-0.5662133728456192,6805202,NC
-0.5662255957353467,6805203,NC
-0.5312377608331413,6805204,NC
-0.5412498681291324,6805205,NC
-0.5812619176134963,6805206,NC
-0.5762739092764559,6805207,NC
-0.5712858431082815,6805208,NC
-0.5412977190992899,6805209,NC
-0.5413095372398451,6805210,NC
-0.536321297520358,6805211,NC
-0.5513329999312861,6805212,NC
-0.5613446444631345,6805213,NC
-0.5663562311064548,6805214,NC
-0.5763677598518456,6805215,NC
-0.5713792306899527,6805216,NC
-0.5613906436114686,6805217,NC
-0.5764019986071329,6805218,NC
-0.5814132956677325,6805219,NC
-0.5814245347841008,6805220,NC
-0.5664357159471186,6805221,NC
-0.5564468391477135,6805222,NC
-0.5614579043768603,6805223,NC
-0.5714689116255807,6805224,NC
-0.5964798608849434,6805225,NC
-0.5964907521460644,6805226,NC
-0.5865015854001066,6805227,NC
-0.5665123606382798,6805228,NC
-0.5765230778518413,6805229,NC
-0.5965337370320951,6805230,NC
-0.6065443381703924,6805231,NC
-0.6165548812581316,6805232,NC
-0.6065653662867581,6805233,NC
-0.5965757932477642,6805234,NC
-0.5965861621326899,6805235,NC
-0.6065964729331217,6805236,NC
-0.6066067256406936,6805237,NC
-0.5816169202470867,6805238,NC
-0.5616270567440289,6805239,NC
-0.5616371351232958,6805240,NC
-0.5716471553767097,6805241,NC
-0.5866571174961405,6805242,NC
-0.6216670214735046,6805243,NC
-0.6066768673007663,6805244,NC
-0.5766866549699367,6805245,NC
-0.561696384473074,6805246,NC
-0.5567060558022839,6805247,NC
-0.5567156689497192,6805248,NC
-0.5667252239075798,6805249,NC
-0.5667347206681128,6805250,NC
-0.5517441592236128,6805251,NC
-0.5417535395664211,6805252,NC
-0.551762861688927,6805253,NC
-0.5567721255835661,6805254,NC
-0.556781331242822,6805255,NC
-0.5517904786592255,6805256,NC
-0.5317995678253541,6805257,NC
-0.506808598733833,6805258,NC
-0.5118175713773347,6805259,NC
-0.5168264857485788,6805260,NC
-0.5268353418403322,6805261,NC
-0.5368441396454092,6805262,NC
-0.5218528791566713,6805263,NC
-0.5168615603670274,6805264,NC
-0.5218701832694335,6805265,NC
-0.511878747856893,6805266,NC
-0.5468872541224569,6805267,NC
-0.561895702059223,6805268,NC
-0.5569040916603368,6805269,NC
-0.5569124229189912,6805270,NC
-0.5519206958284261,6805271,NC
-0.5669289103819289,6805272,NC
-0.5769370665728346,6805273,NC
-0.581945164394525,6805274,NC
-0.5669532038404298,6805275,NC
-0.5569611849040258,6805276,NC
-0.5669691075788372,6805277,NC
-0.5719769718584358,6805278,NC
-0.5869847777364402,6805279,NC
-0.591992525206517,6805280,NC
-0.59700021426238,6805281,NC
-0.5670078448977902,6805282,NC
-0.5870154171065564,6805283,NC
-0.6070229308825342,6805284,NC
-0.6370303862196273,6805285,NC
-0.6470377831117863,6805286,NC
-0.6520451215530095,6805287,NC
-0.6170524015373428,6805288,NC
-0.6070596230588787,6805289,NC
-0.6120667861117581,6805290,NC
-0.627073890690169,6805291,NC
-0.6320809367883464,6805292,NC
-0.6270879244005736,6805293,NC
-0.6120948535211806,6805294,NC
-0.6121017241445454,6805295,NC
-0.6171085362650931,6805296,NC
-0.6371152898772962,6805297,NC
-0.6371219849756752,6805298,NC
-0.6221286215547978,6805299,NC
-0.6071351996092786,6805300,NC
-0.6221417191337808,6805301,NC
-0.6121481801230141,6805302,NC
-0.6221545825717364,6805303,NC
-0.6421609264747524,6805304,NC
-0.6221672118269153,6805305,NC
-0.6021734386231247,6805306,NC
-0.5971796068583284,6805307,NC
-0.6221857165275215,6805308,NC
-0.6321917676257467,6805309,NC
-0.637197760148094,6805310,NC
-0.6172036940897017,6805311,NC
-0.6022095694457543,6805312,NC
-0.5972153862114851,6805313,NC
-0.6122211443821741,6805314,NC
-0.6422268439531492,6805315,NC
-0.6072324849197861,6805316,NC
-0.6072380672775074,6805317,NC
-0.5922435910217838,6805318,NC
-0.5922490561481334,6805319,NC
-0.6022544626521218,6805320,NC
-0.6022598105293622,6805321,NC
-0.5972650997755152,6805322,NC
-0.5872703303862894,6805323,NC
-0.5722755023574406,6805324,NC
-0.5622806156847723,6805325,NC
-0.5672856703641356,6805326,NC
-0.5872906663914292,6805327,NC
-0.5672956037625994,6805328,NC
-0.5373004824736398,6805329,NC
-0.49730530252059213,6805330,NC
-0.45731006389954537,6805331,NC
-0.4173147666066361,6805332,NC
-0.38231941063804864,6805333,NC
-0.3073239959900148,6805334,NC
-0.23232852265881418,6805335,NC
-0.14233299064077373,6805336,NC
-0.08733739993226822,6805337,NC
-0.07734175052971999,6805338,NC
-0.10734604242959898,6805339,NC
-0.1373502756284228,6805340,NC
-0.21735445012275662,6805341,NC
-0.2973585659092134,6805342,NC
-0.3973626229844534,6805343,NC
-0.46236662134518497,6805344,NC
-0.47237056098816377,6805345,NC
-0.4373744419101931,6805346,NC
-0.3223782641081242,6805347,NC
-0.21238202757885566,6805348,NC
-0.11738573231933382,6805349,NC
-0.052389378326552716,6805350,NC
0.007607034402446006,6805351,NC
0.04260350587057303,6805352,NC
0.04760003608069137,6805353,L
-0.007403374964383563,6805354,NC
-0.09740672726188412,6805355,NC
-0.19741002080909026,6805356,NC
-0.28241325560332964,6805357,NC
-0.3674164316419775,6805358,NC
-0.4274195489224569,6805359,NC
-0.48242260744223847,6805360,NC
-0.5274256071988406,6805361,NC
-0.5824285481898293,6805362,NC
-0.647431430412818,6805363,NC
-0.7074342538654687,6805364,NC
-0.7174370185454898,6805365,NC
-0.7224397244506384,6805366,NC
-0.7224423715787189,6805367,NC
-0.7124449599275835,6805368,NC
-0.712447489495132,6805369,NC
-0.6874499602793118,6805370,NC
-0.6674523722781183,6805371,NC
-0.6124547254895943,6805372,NC
-0.5924570199118305,6805373,NC
-0.5674592555429652,6805374,NC
-0.5674614323811843,6805375,NC
-0.5624635504247217,6805376,NC
-0.5424656096718589,6805377,NC
-0.5374676101209248,6805378,NC
-0.5324695517702964,6805379,NC
-0.5424714346183981,6805380,NC
-0.5524732586637024,6805381,NC
-0.5624750239047293,6805382,NC
-0.5424767303400462,6805383,NC
-0.5224783779682688,6805384,NC
-0.5174799667880601,6805385,NC
-0.5224814967981309,6805386,NC
-0.5274829679972398,6805387,NC
-0.5174843803841932,6805388,NC
-0.5074857339578449,6805389,NC
-0.49248702871709676,6805390,NC
-0.48248826466089817,6805391,NC
-0.4874894417882463,6805392,NC
-0.5024905600981862,6805393,NC
-0.4924916195898101,6805394,NC
-0.4724926202622587,6805395,NC
-0.4724935621147198,6805396,NC
-0.4624944451464294,6805397,NC
-0.4674952693566709,6805398,NC
-0.47249603474477553,6805399,NC
-0.47249674131012237,6805400,NC
-0.457497389052138,6805401,NC
-0.44249797797029683,6805402,NC
-0.43749850806412116,6805403,NC
-0.4474989793331807,6805404,NC
-0.4524993917770933,6805405,NC
-0.44249974539552406,6805406,NC
-0.42250004018818615,6805407,NC
-0.40750027615484047,6805408,NC
-0.39250045329529537,6805409,NC
-0.40250057160940733,6805410,NC
-0.4075006310970802,6805411,NC
-0.3925006317582657,6805412,NC
-0.3625005735929634,6805413,NC
-0.3525004566012205,6805414,NC
-0.33250028078313176,6805415,NC
-0.33250004613884004,6805416,NC
-0.3324997526685356,6805417,NC
-0.3224994003724566,6805418,NC
-0.3024989892508889,6805419,NC
-0.28749851930416603,6805420,NC
-0.26749799053266937,6805421,NC
-0.25249740293682793,6805422,NC
-0.2624967565171185,6805423,NC
-0.2374960512740656,6805424,NC
-0.22249528720824133,6805425,NC
-0.1974944643202658,6805426,NC
-0.19749358261080663,6805427,NC
-0.1824926420805792,6805428,NC
-0.19749164273034672,6805429,NC
-0.18249058456092004,6805430,NC
-0.1674894675731577,6805431,NC
-0.13748829176796606,6805432,NC
-0.12248705714629915,6805433,NC
-0.11248576370915872,6805434,NC
-0.10748441145759431,6805435,NC
-0.09748300039270305,6805436,NC
-0.08748153051562992,6805437,NC
-0.07248000182756753,6805438,NC
-0.042478414329756284,6805439,NC
-0.05247676802348425,6805440,NC
-0.03747506291008722,6805441,NC
-0.03747329899094873,6805442,NC
-0.02747147626749999,6805443,NC
0.007530405258780043,6805444,NC
0.027532345586364707,6805445,NC
0.03753434471367964,6805446,NC
0.02253640263910278,6805447,NC
0.017538519360964316,6805448,NC
0.017540694877546767,6805449,NC
0.03254292918708493,6805450,NC
0.02754522228776593,6805451,NC
0.012547574177729115,6805452,NC
-0.002450015144933801,6805453,NC
-0.027447545682178817,6805454,NC
-0.04744501743600963,6805455,NC
-0.04244243040847767,6805456,NC
-0.07743978460168201,6805457,NC
-0.10743708001776943,6805458,NC
-0.14743431665893442,6805459,NC
-0.17243149452741918,6805460,NC
-0.18242861362551352,6805461,NC
-0.17242567395555503,6805462,NC
-0.19742267551992887,6805463,NC
-0.227419618321068,6805464,NC
-0.25741650236145297,6805465,NC
-0.27741332764361215,6805466,NC
-0.27741009417012136,6805467,NC
-0.2724068019436043,6805468,NC
-0.28240345096673214,6805469,NC
-0.29740004124222397,6805470,NC
-0.3173965727728464,6805471,NC
-0.3273930455614137,6805472,NC
-0.31738945961078774,6805473,NC
-0.3173858149238782,6805474,NC
-0.32238211150364243,6805475,NC
-0.32737834935308524,6805476,NC
-0.3473745284752593,6805477,NC
-0.35737064887326475,6805478,NC
-0.3373667105502496,6805479,NC
-0.3373627135094092,6805480,NC
-0.3523586577539869,6805481,NC
-0.35735454328727334,6805482,NC
-0.3773503701126072,6805483,NC
-0.3873461382333743,6805484,NC
-0.3573418476530085,6805485,NC
-0.33733749837499116,6805486,NC
-0.33233309040285125,6805487,NC
-0.33732862374016526,6805488,NC
-0.36232409839055746,6805489,NC
-0.3773195143576998,6805490,NC
-0.36231487164531156,6805491,NC
-0.33731017025716,6805492,NC
-0.32730541019705955,6805493,NC
-0.3423005914688727,6805494,NC
-0.35229571407650917,6805495,NC
-0.3622907780239265,6805496,NC
-0.3522857833151299,6805497,NC
-0.3472807299541718,6805498,NC
-0.35227561794515266,6805499,NC
-0.3672704472922202,6805500,NC
-0.3722652179995699,6805501,NC
-0.36225993007144475,6805502,NC
-0.36225458351213546,6805503,NC
-0.35224917832598,6805504,NC
-0.3572437145173642,6805505,NC
-0.3472381920907214,6805506,NC
-0.3572326110505323,6805507,NC
-0.3672269714013255,6805508,NC
-0.35222127314767687,6805509,NC
-0.3372155162942099,6805510,NC
-0.34220970084559577,6805511,NC
-0.36720382680655295,6805512,NC
-0.35719789418184766,6805513,NC
-0.36719190297629367,6805514,NC
-0.3571858531947521,6805515,NC
-0.33217974484213175,6805516,NC
-0.32717357792338886,6805517,NC
-0.33216735244352724,6805518,NC
-0.3471610684075982,6805519,NC
-0.3621547258207005,6805520,NC
-0.3571483246879806,6805521,NC
-0.3371418650146322,6805522,NC
-0.34213534680589675,6805523,NC
-0.35712877006706295,6805524,NC
-0.3671221348034672,6805525,NC
-0.3621154410204933,6805526,NC
-0.35710868872357254,6805527,NC
-0.3371018779181837,6805528,NC
-0.342095008609853,6805529,NC
-0.35708808080415405,6805530,NC
-0.36708109450670817,6805531,NC
-0.3670740497231839,6805532,NC
-0.3670669464592974,6805533,NC
-0.3570597847208121,6805534,NC
-0.3420525645135391,6805535,NC
-0.37204528584333674,6805536,NC
-0.37203794871611096,6805537,NC
-0.382030553137815,6805538,NC
-0.3770230991144495,6805539,NC
-0.3570155866520627,6805540,NC
-0.3620080157567502,6805541,NC
-0.3620003864346548,6805542,NC
-0.3769926986919671,6805543,NC
-0.39198495253492477,6805544,NC
-0.3819771479698129,6805545,NC
-0.3669692850029642,6805546,NC
-0.36696136364075854,6805547,NC
-0.3769533838896233,6805548,NC
-0.3919453457560331,6805549,NC
-0.3969372492465102,6805550,NC
-0.39692909436762386,6805551,NC
-0.376920881125991,6805552,NC
-0.3819126095282757,6805553,NC
-0.3869042795811896,6805554,NC
-0.4118958912914915,6805555,NC
-0.3968874446659876,6805556,NC
-0.38687893971153137,6805557,NC
-0.3768703764350237,6805558,NC
-0.37186175484341283,6805559,NC
-0.3868530749436942,6805560,NC
-0.39684433674291064,6805561,NC
-0.39683554024815226,6805562,NC
-0.38182668546655646,6805563,NC
-0.37181777240530794,6805564,NC
-0.35180880107163875,6805565,NC
-0.36179977147282805,6805566,NC
-0.35679068361620253,6805567,NC
-0.36178153750913594,6805568,NC
-0.34177233315904937,6805569,NC
-0.32676307057341114,6805570,NC
-0.3417537497597369,6805571,NC
-0.34674437072558945,6805572,NC
-0.35173493347857887,6805573,NC
-0.35172543802636247,6805574,NC
-0.3217158843766448,6805575,NC
-0.31170627253717764,6805576,NC
-0.2966966025157599,6805577,NC
-0.3016868743202379,6805578,NC
-0.3166770879585049,6805579,NC
-0.31666724343850156,6805580,NC
-0.3266573407682156,6805581,NC
-0.296647379955682,6805582,NC
-0.2966373610089829,6805583,NC
-0.3066272839362476,6805584,NC
-0.3266171487456525,6805585,NC
-0.33660695544542135,6805586,NC
-0.3315967040438248,6805587,NC
-0.3165863945491808,6805588,NC
-0.3365760269698544,6805589,NC
-0.3415656013142578,6805590,NC
-0.3465551175908503,6805591,NC
-0.35154457580813825,6805592,NC
-0.35653397597467523,6805593,NC
-0.3665233180990619,6805594,NC
-0.36651260218994597,6805595,NC
-0.3515018282560222,6805596,NC
-0.3764909963060325,6805597,NC
-0.3914801063487659,6805598,NC
-0.37646915839305833,6805599,NC
-0.37645815244779296,6805600,NC
-0.3714470885218999,6805601,NC
-0.37143596662435635,6805602,NC
-0.38642478676418657,6805603,NC
-0.4064135489504617,6805604,NC
-0.4164022531923002,6805605,NC
-0.4113908994988672,6805606,NC
-0.4063794878793751,6805607,NC
-0.40136801834308317,6805608,NC
-0.41635649089929766,6805609,NC
-0.42134490555737203,6805610,NC
-0.4013332623267064,6805611,NC
-0.396321561216748,6805612,NC
-0.41130980223699104,6805613,NC
-0.4062979853969767,6805614,NC
-0.426286110706293,6805615,NC
-0.43127417817457514,6805616,NC
-0.42126218781150493,6805617,NC
-0.42625013962681135,6805618,NC
-0.4012380336302702,6805619,NC
-0.4212258698317042,6805620,NC
-0.4212136482409829,6805621,NC
-0.44120136886802286,6805622,NC
-0.4161890317227875,6805623,NC
-0.4061766368152871,6805624,NC
-0.40116418415557875,6805625,NC
-0.40615167375376643,6805626,NC
-0.42613910562000096,6805627,NC
-0.43112647976448015,6805628,NC
-0.4211137961974485,6805629,NC
-0.4061010549291974,6805630,NC
-0.4110882559700649,6805631,NC
-0.431075399330436,6805632,NC
-0.4460624850207425,6805633,NC
-0.4260495130514631,6805634,NC
-0.421036483433123,6805635,NC
-0.41102339617629446,6805636,NC
-0.3910102512915963,6805637,NC
-0.41099704878969423,6805638,NC
-0.40598378868130064,6805639,NC
-0.41097047097717465,6805640,NC
-0.40595709568812227,6805641,NC
-0.385943662824996,6805642,NC
-0.3859301723986952,6805643,NC
-0.3859166244201659,6805644,NC
-0.40090301890040086,6805645,NC
-0.3808893558504395,6805646,NC
-0.3558756352813678,6805647,NC
-0.3208618572043187,6805648,NC
-0.2908480216304716,6805649,NC
-0.2658341285710525,6805650,NC
-0.2258201780373342,6805651,NC
-0.17080617004063603,6805652,NC
-0.09579210459232396,6805653,NC
-0.005777981703810636,6805654,NC
0.06923619861344477,6805655,NC
0.10425043634793638,6805656,NC
0.11926473148811191,6805657,NC
0.10427908402237229,6805658,NC
0.06929349393907205,6805659,NC
0.02430796122651903,6805660,NC
-0.045677514127025386,6805661,NC
-0.1006629321333464,6805662,NC
-0.10564829280427576,6805663,NC
-0.06063359615169168,6805664,NC
0.024381157812481083,6805665,NC
0.14439596907627122,6805666,NC
0.2644108376276611,6805667,NC
0.3594257634545863,6805668,NC
0.4294407465449363,6805669,NC
0.4694557868865538,6805670,NC
0.4894708844672353,6805671,NC
0.46948603927473054,6805672,L
0.3895012512967432,6805673,NC
0.2645165205209302,6805674,NC
0.13953184693490234,6805675,NC
0.04954723052622387,6805676,NC
-0.04543732871758741,6805677,NC
-0.10042183080906,6805678,NC
-0.2054062757607688,6805679,NC
-0.295390663585335,6805680,NC
-0.40537499429542634,6805681,NC
-0.5153592679037566,6805682,NC
-0.5803434844230861,6805683,NC
-0.6353276438662215,6805684,NC
-0.6603117462460159,6805685,NC
-0.6902957915753681,6805686,NC
-0.7052797798672239,6805687,NC
-0.690263711134575,6805688,NC
-0.6652475853904594,6805689,NC
-0.6202314026479616,6805690,NC
-0.5752151629202119,6805691,NC
-0.5451988662203872,6805692,NC
-0.5401825125617106,6805693,NC
-0.5301661019574513,6805694,NC
-0.5101496344209248,6805695,NC
-0.49013310996549253,6805696,NC
-0.4901165286045625,6805697,NC
-0.4850998903515887,6805698,NC
-0.5050831952200713,6805699,NC
-0.5100664432235564,6805700,NC
-0.5050496343756368,6805701,NC
-0.4750327686899508,6805702,NC
-0.46501584618018316,6805703,NC
-0.46499886686006475,6805704,NC
-0.4899818307433723,6805705,NC
-0.489964737843929,6805706,NC
-0.47994758817560385,6805707,NC
-0.4449303817523119,6805708,NC
-0.4499131185880144,6805709,NC
-0.44489579869671847,6805710,NC
-0.46487842209247743,6805711,NC
-0.4648609887893904,6805712,NC
-0.4598434988016028,6805713,NC
-0.4398259521433057,6805714,NC
-0.43480834882873654,6805715,NC
-0.4447906888721784,6805716,NC
-0.4647729722879604,6805717,NC
-0.4447551990904577,6805718,NC
-0.44973736929409136,6805719,NC
-0.42971948291332834,6805720,NC
-0.4197015399626815,6805721,NC
-0.41468354045670963,6805722,NC
-0.42966548441001745,6805723,NC
-0.43464737183725544,6805724,NC
-0.43462920275312,6805725,NC
-0.3946109771723535,6805726,NC
-0.37959269510974386,6805727,NC
-0.3845743565801252,6805728,NC
-0.38955596159837713,6805729,NC
-0.3895375101794253,6805730,NC
-0.379519002338241,6805731,NC
-0.3595004380898414,6805732,NC
-0.35948181744928936,6805733,NC
-0.34446314043169357,6805734,NC
-0.34444440705220847,6805735,NC
-0.354425617326034,6805736,NC
-0.3544067712684162,6805737,NC
-0.32438786889464655,6805738,NC
-0.3093689102200623,6805739,NC
-0.3093498952600464,6805740,NC
-0.31933082403002744,6805741,NC
-0.3193116965454797,6805742,NC
-0.29429251282192304,6805743,NC
-0.274273272874923,6805744,NC
-0.2642539767200908,6805745,NC
-0.24923462437308314,6805746,NC
-0.24421521584960232,6805747,NC
-0.23419575116539643,6805748,NC
-0.2191762303362588,6805749,NC
-0.18915665337802862,6805750,NC
-0.1741370203065904,6805751,NC
-0.16911733113787436,6805752,NC
-0.16909758588785612,6805753,NC
-0.17407778457255677,6805754,NC
-0.13905792720804303,6805755,NC
-0.12903801381042698,6805756,NC
-0.10401804439586623,6805757,NC
-0.10399801898056381,6805758,NC
-0.0789779375807682,6805759,NC
-0.0789578002127733,6805760,NC
-0.0639376068929184,6805761,NC
-0.02891735763758827,6805762,NC
-0.013897052463212968,6805763,NC
-0.008876691386267968,6805764,NC
-0.023856274423274107,6805765,NC
-0.0038358015907975773,6805766,NC
-0.0038152729054498624,6805767,NC
0.031205311616112216,6805768,NC
0.02122595195718649,6805769,NC
0.006246648101025584,6805770,NC
-0.008732599969163243,6805771,NC
-0.023711792270217927,6805772,NC
-0.0386909288190217,6805773,NC
-0.03367000963250302,6805774,NC
-0.05364903472763556,6805775,NC
-0.08862800412143823,6805776,NC
-0.10860691783097506,6805777,NC
-0.13358577587335535,6805778,NC
-0.1485645782657335,6805779,NC
-0.1635433250253091,6805780,NC
-0.17852201616932692,6805781,NC
-0.19350065171507677,6805782,NC
-0.23347923167989365,6805783,NC
-0.25845775608115756,6805784,NC
-0.2634362249362937,6805785,NC
-0.2634146382627723,6805786,NC
-0.25339299607810856,6805787,NC
-0.2883712983998628,6805788,NC
-0.31334954524564046,6805789,NC
-0.3233277366330918,6805790,NC
-0.32330587257991217,6805791,NC
-0.31328395310384194,6805792,NC
-0.3082619782226664,6805793,NC
-0.32323994795421584,6805794,NC
-0.3332178623163654,6805795,NC
-0.34319572132703524,6805796,NC
-0.3481735250041904,6805797,NC
-0.34815127336584084,6805798,NC
-0.3431289664300413,6805799,NC
-0.34810660421489154,6805800,NC
-0.35808418673853604,6805801,NC
-0.3730617140191642,6805802,NC
-0.3580391860750103,6805803,NC
-0.3480166029243533,6805804,NC
-0.34799396458551696,6805805,NC
-0.3529712710768698,6805806,NC
-0.3879485224168254,6805807,NC
-0.3829257186238417,6805808,NC
-0.36790285971642156,6805809,NC
-0.35787994571311244,6805810,NC
-0.35285697663250676,6805811,NC
-0.34783395249324145,6805812,NC
-0.3678108733139979,6805813,NC
-0.36778773911350265,6805814,NC
-0.36276454991052653,6805815,NC
-0.3527413057238851,6805816,NC
-0.34771800657243856,6805817,NC
-0.3526946524750915,6805818,NC
-0.3726712434507935,6805819,NC
-0.39264777951853835,6805820,NC
-0.36762426069736454,6805821,NC
-0.35760068700635506,6805822,NC
-0.3575770584646374,6805823,NC
-0.35755337509138363,6805824,NC
-0.3675296369058103,6805825,NC
-0.3625058439271784,6805826,NC
-0.3824819961747933,6805827,NC
-0.3674580936680049,6805828,NC
-0.3724341364262076,6805829,NC
-0.3724101244688401,6805830,NC
-0.3773860578153855,6805831,NC
-0.38736193648537137,6805832,NC
-0.3773377604983695,6805833,NC
-0.3673135298739961,6805834,NC
-0.36728924463191187,6805835,NC
-0.38226490479182157,6805836,NC
-0.38224051037347434,6805837,NC
-0.38721606139666376,6805838,NC
-0.3771915578812274,6805839,NC
-0.3671669998470473,6805840,NC
-0.3621423873140497,6805841,NC
-0.37711772030220503,6805842,NC
-0.3970929988315279,6805843,NC
-0.4020682229220771,6805844,NC
-0.3920433925939557,6805845,NC
-0.3720185078673108,6805846,NC
-0.3669935687623337,6805847,NC
-0.38196857529925976,6805848,NC
-0.4019435274983686,6805849,NC
-0.40691842537998374,6805850,NC
-0.39189326896447285,6805851,NC
-0.3668680582722477,6805852,NC
-0.3618427933237641,6805853,NC
-0.38181747413952183,6805854,NC
-0.39679210074006466,6805855,NC
-0.39176667314598035,6805856,NC
-0.3967411913779007,6805857,NC
-0.39171565545650144,6805858,NC
-0.3866900654025023,6805859,NC
-0.3866644212366667,6805860,NC
-0.4016387229798023,6805861,NC
-0.40161297065276036,6805862,NC
-0.3915871642764362,6805863,NC
-0.3815613038717689,6805864,NC
-0.3815353894597414,6805865,NC
-0.40150942106138054,6805866,NC
-0.3864833986977567,6805867,NC
-0.4014573223899845,6805868,NC
-0.39143119215922184,6805869,NC
-0.3814050080266707,6805870,NC
-0.3713787700135767,6805871,NC
-0.3963524781412292,6805872,NC
-0.40132613243096116,6805873,NC
-0.4162997329041493,6805874,NC
-0.41627327958221405,6805875,NC
-0.4012467724866195,6805876,NC
-0.38622021163887316,6805877,NC
-0.4061935970605265,6805878,NC
-0.42116692877317413,6805879,NC
-0.40114020679845486,6805880,NC
-0.39611343115805037,6805881,NC
-0.3810866018736864,6805882,NC
-0.35605971896713207,6805883,NC
-0.37103278246019983,6805884,NC
-0.3760057923747459,6805885,NC
-0.3659787487326698,6805886,NC
-0.3459516515559145,6805887,NC
-0.35592450086646643,6805888,NC
-0.34589729668635566,6805889,NC
-0.3508700390376552,6805890,NC
-0.35584272794248184,6805891,NC
-0.3658153634229957,6805892,NC
-0.3407879455014,6805893,NC
-0.3407604741999415,6805894,NC
-0.33073294954091015,6805895,NC
-0.32570537154663937,6805896,NC
-0.32567774023950563,6805897,NC
-0.33065005564192895,6805898,NC
-0.3206223177763722,6805899,NC
-0.32059452666534183,6805900,NC
-0.3005666823313872,6805901,NC
-0.31053878479710123,6805902,NC
-0.3505108340851195,6805903,NC
-0.3554828302181213,6805904,NC
-0.33545477321882866,6805905,NC
-0.3354266631100067,6805906,NC
-0.34539849991446386,6805907,NC
-0.3453702836550515,6805908,NC
-0.3703420143546642,6805909,NC
-0.3753136920362394,6805910,NC
-0.38528531672275756,6805911,NC
-0.37025688843724225,6805912,NC
-0.36522840720276006,6805913,NC
-0.39019987304242043,6805914,NC
-0.4101712859793756,6805915,NC
-0.40514264603682115,6805916,NC
-0.38511395323799513,6805917,NC
-0.3750852076061788,6805918,NC
-0.3800564091646961,6805919,NC
-0.3900275579369139,6805920,NC
-0.4049986539462418,6805921,NC
-0.41996969721613236,6805922,NC
-0.41994068777008087,6805923,NC
-0.4149116256316253,6805924,NC
-0.4048825108243467,6805925,NC
-0.41485334337186824,6805926,NC
-0.42482412329785646,6805927,NC
-0.4097948506260202,6805928,NC
-0.41476552538011124,6805929,NC
-0.4047361475839237,6805930,NC
-0.4197067172612945,6805931,NC
-0.43967723443610335,6805932,NC
-0.43964769913227225,6805933,NC
-0.449618111373766,6805934,NC
-0.43958847118459193,6805935,NC
-0.43955877858879977,6805936,NC
-0.434529033610482,6805937,NC
-0.4394992362737734,6805938,NC
-0.43946938660285134,6805939,NC
-0.4494394846219356,6805940,NC
-0.44440953035528846,6805941,NC
-0.43437952382721456,6805942,NC
-0.41434946506206105,6805943,NC
-0.42931935408421734,6805944,NC
-0.42428919091811523,6805945,NC
-0.449258975588229,6805946,NC
-0.43422870811907505,6805947,NC
-0.4191983885352122,6805948,NC
-0.42416801686124156,6805949,NC
-0.4141375931218065,6805950,NC
-0.43410711734159263,6805951,NC
-0.43907658954532774,6805952,NC
-0.44404600975778186,6805953,NC
-0.42401537800376726,6805954,NC
-0.4039846943081383,6805955,NC
-0.41395395869579144,6805956,NC
-0.41892317119166544,6805957,NC
-0.428892331820741,6805958,NC
-0.418861440608041,6805959,NC
-0.3838304975786303,6805960,NC
-0.34879950275761584,6805961,NC
-0.33876845617014667,6805962,NC
-0.32373735784141366,6805963,NC
-0.2787062077966499,6805964,NC
-0.19867500606113025,6805965,NC
-0.10864375266017147,6805966,NC
-0.008612447619132498,6805967,NC
0.056418909036586085,6805968,NC
0.09645031728154163,6805969,NC
0.13148177709024977,6805970,NC
0.13151328843718427,6805971,NC
0.10154485129677698,6805972,NC
0.041576465643418076,6805973,NC
-0.04839186854854412,6805974,NC
-0.11836015130480299,6805975,NC
-0.12332838265109371,6805976,NC
-0.03829656261319311,6805977,NC
0.08673530878308025,6805978,NC
0.22676723151186615,6805979,NC
0.34679920554726273,6805980,NC
0.41683123086332646,6805981,NC
0.47186330743407234,6805982,NC
0.5018954352334735,6805983,L
0.4769276142354618,6805984,NC
0.38195984441392733,6805985,NC
0.23199212574271885,6805986,NC
0.10202445819564353,6805987,NC
-0.007943158253533027,6805988,NC
-0.11791072363108654,6805989,NC
-0.20287823796333426,6805990,NC
-0.3178457012766348,6805991,NC
-0.4378131135973882,6805992,NC
-0.5677804749520359,6805993,NC
-0.6577477853670606,6805994,NC
-0.7077150448689865,6805995,NC
-0.7176822534843789,6805996,NC
-0.6976494112398444,6805997,NC
-0.6976165181620312,6805998,NC
-0.6825835742776283,6805999,NC
-0.6325505796133661,6806000,NC
-0.6075175341960166,6806001,NC
-0.5674844380523922,6806002,NC
-0.5274512912093471,6806003,NC
-0.49241809369377626,6806004,NC
-0.497384845532616,6806005,NC
-0.5123515467528437,6806006,NC
-0.47731819738147757,6806007,NC
-0.47728479744557717,6806008,NC
-0.46725134697224296,6806009,NC
-0.4722178459886163,6806010,NC
-0.48218429452187983,6806011,NC
-0.48215069259925686,6806012,NC
-0.4621170402480118,6806013,NC
-0.4570833374954498,6806014,NC
-0.44204958436891717,6806015,NC
-0.4520157808958009,6806016,NC
-0.4719819271035288,6806017,NC
-0.4719480230195698,6806018,NC
-0.45191406867143324,6806019,NC
-0.4368800640866695,6806020,NC
-0.43184600929286965,6806021,NC
-0.4418119043176655,6806022,NC
-0.4417777491887296,6806023,NC
-0.44174354393377513,6806024,NC
-0.426709288580556,6806025,NC
-0.4116749831568668,6806026,NC
-0.38664062769054264,6806027,NC
-0.3916062222094594,6806028,NC
-0.39657176674153327,6806029,NC
-0.39653726131472133,6806030,NC
-0.39150270595702097,6806031,NC
-0.35646810069647006,6806032,NC
-0.34143344556114724,6806033,NC
-0.3563987405791713,6806034,NC
-0.36636398577870166,6806035,NC
-0.3713291811879381,6806036,NC
-0.36629432683512086,6806037,NC
-0.3312594227485305,6806038,NC
-0.31122446895648787,6806039,NC
-0.29618946548735425,6806040,NC
-0.3211544123695313,6806041,NC
-0.3061193096314607,6806042,NC
-0.28608415730162473,6806043,NC
-0.26604895540854556,6806044,NC
-0.25101370398078593,6806045,NC
-0.24597840304694846,6806046,NC
-0.23094305263567616,6806047,NC
-0.230907652775652,6806048,NC
-0.22087220349559927,6806049,NC
-0.20083670482428123,6806050,NC
-0.17580115679050118,6806051,NC
-0.17076555942310262,6806052,NC
-0.18072991275096895,6806053,NC
-0.15569421680302364,6806054,NC
-0.13565847160823016,6806055,NC
-0.11062267719559181,6806056,NC
-0.10058683359415202,6806057,NC
-0.10055094083299393,6806058,NC
-0.10051499894124076,6806059,NC
-0.10547900794805543,6806060,NC
-0.0854429678826408,6806061,NC
-0.06540687877423952,6806062,NC
-0.04037074065213403,6806063,NC
-0.035334553545646526,6806064,NC
-0.04029831748413902,6806065,NC
-0.0252620324970131,6806066,NC
-0.025225698613710205,6806067,NC
-0.005189315863711366,6806068,NC
0.01984711572346272,6806069,NC
0.004883596118251718,6806070,NC
0.004920125291055712,6806071,NC
-0.015043296787764823,6806072,NC
-0.015006670147888944,6806073,NC
3.000518096478444e-05,6806074,NC
-0.009933270830961766,6806075,NC
-0.03489649821346616,6806076,NC
-0.06485967699638544,6806077,NC
-0.10482280720959605,6806078,NC
-0.12978588888301393,6806079,NC
-0.13974892204659425,6806080,NC
-0.1447119067303317,6806081,NC
-0.18467484296426023,6806082,NC
-0.22463773077845312,6806083,NC
-0.23460057020302288,6806084,NC
-0.2445633612681214,6806085,NC
-0.2495261040039397,6806086,NC
-0.25448879844070804,6806087,NC
-0.279451444608696,6806088,NC
-0.30441404253821197,6806089,NC
-0.329376592259604,6806090,NC
-0.32933909380325865,6806091,NC
-0.33430154719960226,6806092,NC
-0.3342639524790997,6806093,NC
-0.3392263096722549,6806094,NC
-0.3641886188096112,6806095,NC
-0.37415087992175067,6806096,NC
-0.3841130930392942,6806097,NC
-0.36907525819290193,6806098,NC
-0.36903737541327275,6806099,NC
-0.3739994447311445,6806100,NC
-0.3789614661772938,6806101,NC
-0.39392343978253624,6806102,NC
-0.39888536557772614,6806103,NC
-0.38884724359375655,6806104,NC
-0.3838090738615595,6806105,NC
-0.38877085641210557,6806106,NC
-0.4237325912764041,6806107,NC
-0.41869427848550317,6806108,NC
-0.4136559180704895,6806109,NC
-0.3936175100624886,6806110,NC
-0.39357905449266417,6806111,NC
-0.39354055139221894,6806112,NC
-0.408502000792394,6806113,NC
-0.42346340272446914,6806114,NC
-0.4184247572197624,6806115,NC
-0.40338606430963053,6806116,NC
-0.3983473240254688,6806117,NC
-0.4033085363987105,6806118,NC
-0.42326970146082793,6806119,NC
-0.4182308192433312,6806120,NC
-0.4131918897777694,6806121,NC
-0.3931529130957293,6806122,NC
-0.40311388922883645,6806123,NC
-0.38807481820875456,6806124,NC
-0.42303570006718544,6806125,NC
-0.4379965348358694,6806126,NC
-0.4279573225465848,6806127,NC
-0.4179180632311481,6806128,NC
-0.40287875692141417,6806129,NC
-0.41283940364927574,6806130,NC
-0.4328000034466639,6806131,NC
-0.4377605563455476,6806132,NC
-0.41272106237793393,6806133,NC
-0.402681521575868,6806134,NC
-0.40264193397143305,6806135,NC
-0.40760229959675004,6806136,NC
-0.4225626184839781,6806137,NC
-0.4325228906653141,6806138,NC
-0.42748311617299295,6806139,NC
-0.41744329503928745,6806140,NC
-0.41240342729650814,6806141,NC
-0.42236351297700336,6806142,NC
-0.42732355211315937,6806143,NC
-0.4422835447374001,6806144,NC
-0.42224349088218727,6806145,NC
-0.41720339058002026,6806146,NC
-0.4171632438634362,6806147,NC
-0.4171230507650098,6806148,NC
-0.41708281131735336,6806149,NC
-0.4370425255531171,6806150,NC
-0.45200219350498844,6806151,NC
-0.4369618152056926,6806152,NC
-0.42192139068799206,6806153,NC
-0.42188091998468724,6806154,NC
-0.43184040312861566,6806155,NC
-0.44679984015265234,6806156,NC
-0.4417592310897098,6806157,NC
-0.4217185759727381,6806158,NC
-0.41167787483472423,6806159,NC
-0.4266371277086931,6806160,NC
-0.44659633462770637,6806161,NC
-0.45655549562486347,6806162,NC
-0.46651461073330064,6806163,NC
-0.43647367998619185,6806164,NC
-0.4414327034167478,6806165,NC
-0.4413916810582167,6806166,NC
-0.4563506129438837,6806167,NC
-0.46130949910707125,6806168,NC
-0.45126833958113877,6806169,NC
-0.4512271343994828,6806170,NC
-0.441185883595537,6806171,NC
-0.45614458720277196,6806172,NC
-0.4611032452546952,6806173,NC
-0.47106185778485127,6806174,NC
-0.4710204248268217,6806175,NC
-0.450978946414225,6806176,NC
-0.4409374225807163,6806177,NC
-0.4408958533599878,6806178,NC
-0.4608542387857685,6806179,NC
-0.465812578891824,6806180,NC
-0.4557708737119571,6806181,NC
-0.4357291232800068,6806182,NC
-0.4206873276298494,6806183,NC
-0.42064548679539726,6806184,NC
-0.4256036008106,6806185,NC
-0.4355616697094435,6806186,NC
-0.4255196935259503,6806187,NC
-0.42047767229417965,6806188,NC
-0.4054356060482273,6806189,NC
-0.41039349482222537,6806190,NC
-0.41035133865034273,6806191,NC
-0.4153091375667845,6806192,NC
-0.3952668916057925,6806193,NC
-0.39522460080164445,6806194,NC
-0.3851822651886552,6806195,NC
-0.3751398848011753,6806196,NC
-0.38509745967359205,6806197,NC
-0.39005498984032877,6806198,NC
-0.3850124753358452,6806199,NC
-0.3649699161946373,6806200,NC
-0.38492731245123735,6806201,NC
-0.3798846641402136,6806202,NC
-0.4148419712961706,6806203,NC
-0.4297992339537491,6806204,NC
-0.43475645214762576,6806205,NC
-0.4147136259125135,6806206,NC
-0.42467075528316117,6806207,NC
-0.4146278402943537,6806208,NC
-0.434584880980912,6806209,NC
-0.45954187737769303,6806210,NC
-0.46449882951958943,6806211,NC
-0.44445573744153016,6806212,NC
-0.4394126011784796,6806213,NC
-0.4543694207654383,6806214,NC
-0.46932619623744243,6806215,NC
-0.48428292762956426,6806216,NC
-0.4792396149769114,6806217,NC
-0.46919625831462763,6806218,NC
-0.45915285767789216,6806219,NC
-0.46910941310191984,6806220,NC
-0.4890659246219614,6806221,NC
-0.5040223922733031,6806222,NC
-0.5189788160912666,6806223,NC
-0.49393519611120956,6806224,NC
-0.47889153236852466,6806225,NC
-0.4738478248986406,6806226,NC
-0.47880407373702105,6806227,NC
-0.5087602789191656,6806228,NC
-0.5037164404806089,6806229,NC
-0.49367255845692115,6806230,NC
-0.488628632883708,6806231,NC
-0.49858466379661026,6806232,NC
-0.5135406512313042,6806233,NC
-0.5134965952235012,6806234,NC
-0.5084524958089481,6806235,NC
-0.4934083530234268,6806236,NC
-0.4883641669027544,6806237,NC
-0.49331993748278324,6806238,NC
-0.5082756647994007,6806239,NC
-0.5032313488885294,6806240,NC
-0.49818698978612685,6806241,NC
-0.4981425875281858,6806242,NC
-0.4880981421507338,6806243,NC
-0.5030536536898337,6806244,NC
-0.5180091221815829,6806245,NC
-0.5129645476621141,6806246,NC
-0.5079199301675947,6806247,NC
-0.48787526973422696,6806248,NC
-0.48783056639824807,6806249,NC
-0.48278582019592997,6806250,NC
-0.4877410311635795,6806251,NC
-0.507696199337538,6806252,NC
-0.5026513247541818,6806253,NC
-0.4926064074499218,6806254,NC
-0.48756144746120356,6806255,NC
-0.4725164448245072,6806256,NC
-0.4924713995763478,6806257,NC
-0.49742631175327445,6806258,NC
-0.48238118139187125,6806259,NC
-0.46233600852875656,6806260,NC
-0.4372907932005834,6806261,NC
-0.4222455354440391,6806262,NC
-0.4022002352958454,6806263,NC
-0.37715489279275877,6806264,NC
-0.32210950797156956,6806265,NC
-0.2270640808691027,6806266,NC
-0.12701861152221752,6806267,NC
-0.04197309996780745,6806268,NC
-0.0019275462428002405,6806269,NC
0.01811804961584213,6806270,NC
0.033163687571123535,6806271,NC
0.018209367586013638,6806272,NC
-0.04174491037655197,6806273,NC
-0.16169914635367183,6806274,NC
-0.2866533403824785,6806275,NC
-0.32160749250013876,6806276,NC
-0.296561602743853,6806277,NC
-0.2165156711508561,6806278,NC
-0.08646969775841648,6806279,NC
0.018576317396163465,6806280,NC
0.10362237427554716,6806281,NC
0.16866847284236458,6806282,NC
0.2387146130592115,6806283,NC
0.2937607948886502,6806284,NC
0.2988070182932091,6806285,L
0.22385328323538284,6806286,NC
0.0888995896776324,6806287,NC
-0.046054062417615095,6806288,NC
-0.1510076730879658,6806289,NC
-0.24096124237105976,6806290,NC
-0.31591477030457055,6806291,NC
-0.40586825692620515,6806292,NC
-0.5058217022737044,6806293,NC
-0.5857751063848422,6806294,NC
-0.6557284692974261,6806295,NC
-0.6956817910492973,6806296,NC
-0.7056350716783301,6806297,NC
-0.7305883112224322,6806298,NC
-0.7555415097195446,6806299,NC
-0.730494667207642,6806300,NC
-0.7004477837247318,6806301,NC
-0.650400859308855,6806302,NC
-0.6153538939980858,6806303,NC
-0.6053068878305317,6806304,NC
-0.5902598408443327,6806305,NC
-0.5952127530776626,6806306,NC
-0.5751656245687282,6806307,NC
-0.5551184553557691,6806308,NC
-0.545071245477058,6806309,NC
-0.5450239949709008,6806310,NC
-0.5599767038756361,6806311,NC
-0.5649293722296358,6806312,NC
-0.5548820000713041,6806313,NC
-0.5348345874390786,6806314,NC
-0.5097871343714295,6806315,NC
-0.5097396409068601,6806316,NC
-0.5396921070839059,6806317,NC
-0.5446445329411358,6806318,NC
-0.544596918517151,6806319,NC
-0.5095492638505855,6806320,NC
-0.4945015689801059,6806321,NC
-0.4944538339444115,6806322,NC
-0.5044060587822342,6806323,NC
-0.5193582435323384,6806324,NC
-0.49931038823352114,6806325,NC
-0.47926249292461165,6806326,NC
-0.464214557644472,6806327,NC
-0.46416658243199654,6806328,NC
-0.4841185673261119,6806329,NC
-0.4790705123657773,6806330,NC
-0.46902241758998414,6806331,NC
-0.4489742830377562,6806332,NC
-0.4489261087481494,6806333,NC
-0.4238778947602521,6806334,NC
-0.43382964111318484,6806335,NC
-0.4337813478461002,6806336,NC
-0.4337330149981829,6806337,NC
-0.40368464260865,6806338,NC
-0.3836362307167505,6806339,NC
-0.37358777936176546,6806340,NC
-0.36853928858300783,6806341,NC
-0.3734907584198228,6806342,NC
-0.35844218891158747,6806343,NC
-0.3333935800977105,6806344,NC
-0.3033449320176331,6806345,NC
-0.2932962447108276,6806346,NC
-0.28824751821679884,6806347,NC
-0.293198752575083,6806348,NC
-0.28314994782524816,6806349,NC
-0.24810110400689417,6806350,NC
-0.22805222115965257,6806351,NC
-0.22800329932318641,6806352,NC
-0.20795433853719078,6806353,NC
-0.2079053388413918,6806354,NC
-0.19785630027554776,6806355,NC
-0.167807222879448,6806356,NC
-0.13275810669291366,6806357,NC
-0.13770895175579717,6806358,NC
-0.12765975810798255,6806359,NC
-0.13761052578938518,6806360,NC
-0.10256125483995178,6806361,NC
-0.07751194529966045,6806362,NC
-0.05246259720852059,6806363,NC
-0.0524132106065729,6806364,NC
-0.0573637855338893,6806365,NC
-0.057314322030572934,6806366,NC
-0.03226482013675814,6806367,NC
-0.012215279892610384,6806368,NC
0.007834298661673733,6806369,NC
0.017883915485866528,6806370,NC
0.007933570539709278,6806371,NC
0.007983263782912219,6806372,NC
0.008032995175154621,6806373,NC
0.01308276467608474,6806374,NC
0.018132572245320118,6806375,NC
-0.016817582157552954,6806376,NC
-0.031767698572978634,6806377,NC
-0.06171777704143229,6806378,NC
-0.08166781760341975,6806379,NC
-0.07661782029947778,6806380,NC
-0.09656778517017386,6806381,NC
-0.11651771225610609,6806382,NC
-0.1514676015979033,6806383,NC
-0.19141745323622494,6806384,NC
-0.2063672672117609,6806385,NC
-0.20131704356523197,6806386,NC
-0.21626678233738905,6806387,NC
-0.24121648356901387,6806388,NC
-0.2661661473009184,6806389,NC
-0.3011157735739452,6806390,NC
-0.3160653624289671,6806391,NC
-0.3060149139068873,6806392,NC
-0.2959644280486394,6806393,NC
-0.31091390489518733,6806394,NC
-0.3208633444875251,6806395,NC
-0.3508127468666772,6806396,NC
-0.340762112073698,6806397,NC
-0.3307114401496723,6806398,NC
-0.325660731135715,6806399,NC
-0.3306099850729708,6806400,NC
-0.3505592020026149,6806401,NC
-0.37050838196585234,6806402,NC
-0.355457525003918,6806403,NC
-0.34040663115807684,6806404,NC
-0.3353557004696239,6806405,NC
-0.3453047329798838,6806406,NC
-0.3552537287302113,6806407,NC
-0.36520268776199083,6806408,NC
-0.3701516101166368,6806409,NC
-0.355100495835593,6806410,NC
-0.35004934496033335,6806411,NC
-0.3549981575323613,6806412,NC
-0.3549469335932099,6806413,NC
-0.35989567318444193,6806414,NC
-0.3648443763476497,6806415,NC
-0.349793043124455,6806416,NC
-0.3497416735565094,6806417,NC
-0.3546902676854937,6806418,NC
-0.3596388255531183,6806419,NC
-0.3745873472011229,6806420,NC
-0.37453583267127677,6806421,NC
-0.35948428200537824,6806422,NC
-0.3444326952452553,6806423,NC
-0.3393810724327651,6806424,NC
-0.359329413609794,6806425,NC
-0.37927771881825745,6806426,NC
-0.3742259881001004,6806427,NC
-0.3441742214972966,6806428,NC
-0.32412241905184935,6806429,NC
-0.33407058080579055,6806430,NC
-0.34901870680118147,6806431,NC
-0.34396679708011235,6806432,NC
-0.3639148516847023,6806433,NC
-0.3388628706570994,6806434,NC
-0.3238108540394808,6806435,NC
-0.32375880187405237,6806436,NC
-0.34870671420304866,6806437,NC
-0.37365459106873355,6806438,NC
-0.3636024325133991,6806439,NC
-0.3385502385793666,6806440,NC
-0.31349800930898564,6806441,NC
-0.3184457447446349,6806442,NC
-0.3433934449287212,6806443,NC
-0.34834110990368045,6806444,NC
-0.34328873971197676,6806445,NC
-0.33823633439610307,6806446,NC
-0.32318389399858055,6806447,NC
-0.3231314185619591,6806448,NC
-0.3430789081288166,6806449,NC
-0.36302636274176003,6806450,NC
-0.3529737824434241,6806451,NC
-0.34292116727647215,6806452,NC
-0.3378685172835957,6806453,NC
-0.3328158325075146,6806454,NC
-0.34776311299097695,6806455,NC
-0.36271035877675895,6806456,NC
-0.36765756990766496,6806457,NC
-0.3476047464265275,6806458,NC
-0.32755188837620713,6806459,NC
-0.3324989957995925,6806460,NC
-0.3524460687396004,6806461,NC
-0.3623931072391753,6806462,NC
-0.3723401113412898,6806463,NC
-0.3522870810889444,6806464,NC
-0.3422340165251675,6806465,NC
-0.3421809176930153,6806466,NC
-0.3621277846355718,6806467,NC
-0.3670746173959487,6806468,NC
-0.3720214160172857,6806469,NC
-0.36196818054274976,6806470,NC
-0.346914911015536,6806471,NC
-0.34686160747886674,6806472,NC
-0.34680826997599223,6806473,NC
-0.37675489855019006,6806474,NC
-0.3717014932447654,6806475,NC
-0.35664805410305095,6806476,NC
-0.3365945811684069,6806477,NC
-0.3665410744842207,6806478,NC
-0.3664875340939074,6806479,NC
-0.3764339600409091,6806480,NC
-0.3613803523686957,6806481,NC
-0.3513267111207637,6806482,NC
-0.33127303634063754,6806483,NC
-0.33621932807186844,6806484,NC
-0.34616558635803485,6806485,NC
-0.3411118112427424,6806486,NC
-0.33105800276962394,6806487,NC
-0.31100416098233924,6806488,NC
-0.30095028592457507,6806489,NC
-0.2958963776400453,6806490,NC
-0.32584243617249065,6806491,NC
-0.325788461565679,6806492,NC
-0.3157344538634048,6806493,NC
-0.3006804131094896,6806494,NC
-0.28562633934778164,6806495,NC
-0.275572232622156,6806496,NC
-0.2755180929765145,6806497,NC
-0.2904639204547856,6806498,NC
-0.2904097151009245,6806499,NC
-0.2903554769589131,6806500,NC
-0.2803012060727597,6806501,NC
-0.2752469024864995,6806502,NC
-0.30519256624419383,6806503,NC
-0.3251381973899309,6806504,NC
-0.32008379596782516,6806505,NC
-0.3250293620220174,6806506,NC
-0.3099748955966751,6806507,NC
-0.30992039673599187,6806508,NC
-0.31986586548418755,6806509,NC
-0.34981130188550863,6806510,NC
-0.3497567059842274,6806511,NC
-0.34470207782464285,6806512,NC
-0.3246474174510796,6806513,NC
-0.3445927249078889,6806514,NC
-0.3645380002394477,6806515,NC
-0.3744832434901593,6806516,NC
-0.36442845470445295,6806517,NC
-0.3593736339267838,6806518,NC
-0.34431878120163306,6806519,NC
-0.3542638965735079,6806520,NC
-0.3842089800869411,6806521,NC
-0.3941540317864918,6806522,NC
-0.3990990517167444,6806523,NC
-0.3890440399223095,6806524,NC
-0.3689889964478233,6806525,NC
-0.36893392133794745,6806526,NC
-0.3788788146373697,6806527,NC
-0.4088236763908031,6806528,NC
-0.4087685066429865,6806529,NC
-0.3987133054386842,6806530,NC
-0.37365807282268615,6806531,NC
-0.3836028088398075,6806532,NC
-0.39854751353488926,6806533,NC
-0.41349218695279755,6806534,NC
-0.40343682913842394,6806535,NC
-0.40338144013668537,6806536,NC
-0.38832601999252403,6806537,NC
-0.3982705687509075,6806538,NC
-0.4032150864568286,6806539,NC
-0.40815957315530493,6806540,NC
-0.40310402889138,6806541,NC
-0.39804845371012165,6806542,NC
-0.3879928476566235,6806543,NC
-0.37293721077600367,6806544,NC
-0.3878815431134056,6806545,NC
-0.41782584471399775,6806546,NC
-0.41277011562297317,6806547,NC
-0.39271435588555015,6806548,NC
-0.37265856554697185,6806549,NC
-0.3726027446525059,6806550,NC
-0.3975468932474452,6806551,NC
-0.402491011377107,6806552,NC
-0.4074350990868336,6806553,NC
-0.3823791564219917,6806554,NC
-0.36732318342797293,6806555,NC
-0.3672671801501932,6806556,NC
-0.3772111466340933,6806557,NC
-0.39215508292513823,6806558,NC
-0.38709898906881784,6806559,NC
-0.3720428651106463,6806560,NC
-0.3369867110961621,6806561,NC
-0.3169305270709282,6806562,NC
-0.301874313080532,6806563,NC
-0.271818069170585,6806564,NC
-0.2067617953867232,6806565,NC
-0.11670549177460668,6806566,NC
-0.021649158379919882,6806567,NC
0.05840720475162888,6806568,NC
0.10846359757430671,6806569,NC
0.13852002004235717,6806570,NC
0.1585764721099992,6806571,NC
0.15363295373142813,6806572,NC
0.10868946486081527,6806573,NC
0.0087460054523077,6806574,NC
-0.09119742453997098,6806575,NC
-0.1311408251619215,6806576,NC
-0.07108419645946804,6806577,NC
0.038972461521441286,6806578,NC
0.15402914873483456,6806579,NC
0.26908586513471616,6806580,NC
0.3441426106750669,6806581,NC
0.43419938530984376,6806582,NC
0.4842561889929803,6806583,NC
0.49431302167838637,6806584,L
0.44436988331994826,6806585,NC
0.309426773871529,6806586,NC
0.13948369328696794,6806587,NC
-0.00045935847991891016,6806588,NC
-0.12540238147533894,6806589,NC
-0.23534537574552294,6806590,NC
-0.36528834133672483,6806591,NC
-0.485231278295222,6806592,NC
-0.625174186667315,6806593,NC
-0.6701170664993275,6806594,NC
-0.7050599178376064,6806595,NC
-0.6850027407285217,6806596,NC
-0.6599455352184666,6806597,NC
-0.6248883013538571,6806598,NC
-0.5948310391811324,6806599,NC
-0.5647737487467547,6806600,NC
-0.5147164300972088,6806601,NC
-0.46965908327900296,6806602,NC
-0.4446017083386677,6806603,NC
-0.4395443053227569,6806604,NC
-0.4494868742778466,6806605,NC
-0.45442941525053626,6806606,NC
-0.45437192828744755,6806607,NC
-0.424314413435225,6806608,NC
-0.4042568707405358,6806609,NC
-0.41419930025006957,6806610,NC
-0.4241417020105387,6806611,NC
-0.4340840760686779,6806612,NC
-0.42902642247124445,6806613,NC
-0.40896874126501814,6806614,NC
-0.408911032496801,6806615,NC
-0.41385329621341754,6806616,NC
-0.4137955324617146,6806617,NC
-0.4237377412885612,6806618,NC
-0.4236799227408487,6806619,NC
-0.4036220768654907,6806620,NC
-0.38856420370942285,6806621,NC
-0.38850630331960306,6806622,NC
-0.4034483757430113,6806623,NC
-0.4083904210266496,6806624,NC
-0.39333243921754185,6806625,NC
-0.38327443036273423,6806626,NC
-0.36821639450929466,6806627,NC
-0.36315833170431305,6806628,NC
-0.36310024199490104,6806629,NC
-0.3780421254281922,6806630,NC
-0.36298398205134214,6806631,NC
-0.35292581191152755,6806632,NC
-0.33286761505594764,6806633,NC
-0.32780939153182265,6806634,NC
-0.332751141386395,6806635,NC
-0.3376928646669282,6806636,NC
-0.30763456142070766,6806637,NC
-0.29257623169504016,6806638,NC
-0.27751787553725416,6806639,NC
-0.2674594929946991,6806640,NC
-0.26740108411474656,6806641,NC
-0.2973426489447888,6806642,NC
-0.2622841875322398,6806643,NC
-0.2422256999245347,6806644,NC
-0.21216718616912994,6806645,NC
-0.20210864631350317,6806646,NC
-0.22205008040515314,6806647,NC
-0.20199148849159987,6806648,NC
-0.1919328706203844,6806649,NC
-0.1618742268390688,6806650,NC
-0.15181555719523626,6806651,NC
-0.1467568617364909,6806652,NC
-0.1516981405104578,6806653,NC
-0.1416393935647829,6806654,NC
-0.13658062094713308,6806655,NC
-0.09152182270519599,6806656,NC
-0.06646299888668014,6806657,NC
-0.0664041495393147,6806658,NC
-0.06634527471084964,6806659,NC
-0.05128637444905554,6806660,NC
-0.041227448801723666,6806661,NC
-0.016168497816665923,6806662,NC
0.008890478458285469,6806663,NC
0.018949479975277354,6806664,NC
0.009008506686436553,6806665,NC
0.014067558543868996,6806666,NC
0.034126635499660614,6806667,NC
0.05918573750587672,6806668,NC
0.08924486451456237,6806669,NC
0.0893040164777423,6806670,NC
0.0793631933474212,6806671,NC
0.059422395075583154,6806672,NC
0.059481621614192536,6806673,NC
0.06454087291519314,6806674,NC
0.034600148930509105,6806675,NC
0.029659449612044073,6806676,NC
-0.025281225088317916,6806677,NC
-0.03522187521871305,6806678,NC
-0.06016250082729736,6806679,NC
-0.07010310196224682,6806680,NC
-0.08004367867175725,6806681,NC
-0.09998423100404426,6806682,NC
-0.13492475900734324,6806683,NC
-0.16986526272990937,6806684,NC
-0.1848057422200175,6806685,NC
-0.1797461975259621,6806686,NC
-0.18968662869605735,6806687,NC
-0.20962703577863692,6806688,NC
-0.23456741882205412,6806689,NC
-0.2645077778746817,6806690,NC
-0.2694481129849119,6806691,NC
-0.24938842420115634,6806692,NC
-0.25432871157184617,6806693,NC
-0.2542689751454316,6806694,NC
-0.27920921497038254,6806695,NC
-0.27914943109518775,6806696,NC
-0.2740896235683557,6806697,NC
-0.2740297924384136,6806698,NC
-0.25396993775390797,6806699,NC
-0.2639100595634046,6806700,NC
-0.2788501579154881,6806701,NC
-0.2937902328587623,6806702,NC
-0.29373028444185,6806703,NC
-0.2836703127133927,6806704,NC
-0.26861031772205135,6806705,NC
-0.2835502995165052,6806706,NC
-0.3034902581454527,6806707,NC
-0.3034301936576109,6806708,NC
-0.3133701061017158,6806709,NC
-0.29830999552652193,6806710,NC
-0.2882498619808026,6806711,NC
-0.2831897055133497,6806712,NC
-0.2881295261729738,6806713,NC
-0.303069324008504,6806714,NC
-0.3130090990687878,6806715,NC
-0.2979488514026914,6806716,NC
-0.27788858105909925,6806717,NC
-0.2778282880869143,6806718,NC
-0.2827679725350578,6806719,NC
-0.3027076344524694,6806720,NC
-0.3076472738881069,6806721,NC
-0.28758689089094647,6806722,NC
-0.2925264855099825,6806723,NC
-0.26746605779422744,6806724,NC
-0.2874056077927118,6806725,NC
-0.3073451355544845,6806726,NC
-0.302284641128612,6806727,NC
-0.29722412456417924,6806728,NC
-0.28716358591028873,6806729,NC
-0.2871030252160614,6806730,NC
-0.3020424425306355,6806731,NC
-0.2969818379031675,6806732,NC
-0.3019212113828315,6806733,NC
-0.28686056301881946,6806734,NC
-0.2817998928603409,6806735,NC
-0.2917392009566234,6806736,NC
-0.30167848735691166,6806737,NC
-0.3066177521104685,6806738,NC
-0.3115569952665738,6806739,NC
-0.29649621687452543,6806740,NC
-0.2864354169836385,6806741,NC
-0.2813745956432455,6806742,NC
-0.3013137529026965,6806743,NC
-0.3062528888113589,6806744,NC
-0.3111920034186173,6806745,NC
-0.2961310967738737,6806746,NC
-0.27607016892654734,6806747,NC
-0.26600921992607457,6806748,NC
-0.31094824982190905,6806749,NC
-0.3258872586635214,6806750,NC
-0.3158262465003995,6806751,NC
-0.3057652133820481,6806752,NC
-0.28570415935798904,6806753,NC
-0.2956430844777611,6806754,NC
-0.30058198879092013,6806755,NC
-0.3355208723470384,6806756,NC
-0.3154597351957058,6806757,NC
-0.2903985773865282,6806758,NC
-0.2853373989691288,6806759,NC
-0.2902761999931472,6806760,NC
-0.30521498050824003,6806761,NC
-0.32515374056408003,6806762,NC
-0.320092480210357,6806763,NC
-0.3200311994967772,6806764,NC
-0.30996989847306333,6806765,NC
-0.30490857718895453,6806766,NC
-0.32484723569420654,6806767,NC
-0.33978587403859123,6806768,NC
-0.32972449227189726,6806769,NC
-0.32466309044392916,6806770,NC
-0.31460166860450794,6806771,NC
-0.304540226803471,6806772,NC
-0.32447876509067153,6806773,NC
-0.33441728351597927,6806774,NC
-0.3293557821292799,6806775,NC
-0.31429426098047525,6806776,NC
-0.29423272011948304,6806777,NC
-0.3141711595962371,6806778,NC
-0.31910957946068724,6806779,NC
-0.32404797976279914,6806780,NC
-0.31398636055255424,6806781,NC
-0.2889247218799501,6806782,NC
-0.27386306379499975,6806783,NC
-0.26880138634773215,6806784,NC
-0.27373968958819195,6806785,NC
-0.2786779735664394,6806786,NC
-0.26861623833255055,6806787,NC
-0.2535544839366169,6806788,NC
-0.2334927104287453,6806789,NC
-0.24343091785905868,6806790,NC
-0.24336910627769476,6806791,NC
-0.2633072757348072,6806792,NC
-0.25324542628056484,6806793,NC
-0.23318355796515183,6806794,NC
-0.2231216708387677,6806795,NC
-0.21305976495162723,6806796,NC
-0.22799784035396026,6806797,NC
-0.24293589709601224,6806798,NC
-0.2528739352280432,6806799,NC
-0.2478119548003288,6806800,NC
-0.22774995586315921,6806801,NC
-0.23768793846684028,6806802,NC
-0.2576259026616922,6806803,NC
-0.2675638484980505,6806804,NC
-0.27750177602626547,6806805,NC
-0.27743968529670215,6806806,NC
-0.27737757635974064,6806807,NC
-0.27231544926577567,6806808,NC
-0.29725330406521666,6806809,NC
-0.3121911408084878,6806810,NC
-0.3121289595460279,6806811,NC
-0.3070667603282904,6806812,NC
-0.2920045432057433,6806813,NC
-0.30194230822886914,6806814,NC
-0.31188005544816483,6806815,NC
-0.32681778491414193,6806816,NC
-0.3267554966773263,6806817,NC
-0.3166931907882581,6806818,NC
-0.3116308672974919,6806819,NC
-0.30656852625559655,6806820,NC
-0.3315061677131551,6806821,NC
-0.3564437917207649,6806822,NC
-0.3563813983290373,6806823,NC
-0.3513189875885978,6806824,NC
-0.32625655955008603,6806825,NC
-0.3261941142641558,6806826,NC
-0.33613165178147464,6806827,NC
-0.3460691721527241,6806828,NC
-0.35100667542859987,6806829,NC
-0.3459441616598111,6806830,NC
-0.33088163089708134,6806831,NC
-0.34081908319114723,6806832,NC
-0.3657565185927598,6806833,NC
-0.38069393715268346,6806834,NC
-0.36563133892169625,6806835,NC
-0.35556872395058997,6806836,NC
-0.34550609229017,6806837,NC
-0.3504434439912551,6806838,NC
-0.3653807791046777,6806839,NC
-0.38031809768128366,6806840,NC
-0.38025539977193223,6806841,NC
-0.3551926854274961,6806842,NC
-0.35012995469886116,6806843,NC
-0.3350672076369266,6806844,NC
-0.3600044442926051,6806845,NC
-0.37994166471682217,6806846,NC
-0.3698788689605169,6806847,NC
-0.3648160570746412,6806848,NC
-0.3447532291101603,6806849,NC
-0.35469038511805223,6806850,NC
-0.3396275251493082,6806851,NC
-0.36456464925493226,6806852,NC
-0.35450175748594165,6806853,NC
-0.3444388498933661,6806854,NC
-0.3393759265282485,6806855,NC
-0.3343129874416442,6806856,NC
-0.3392500326846219,6806857,NC
-0.34918706230826224,6806858,NC
-0.3441240763636592,6806859,NC
-0.31906107490191904,6806860,NC
-0.29399805797416056,6806861,NC
-0.2939350256315154,6806862,NC
-0.27387197792512746,6806863,NC
-0.2488089149061533,6806864,NC
-0.20874583662576165,6806865,NC
-0.14368274313513388,6806866,NC
-0.06361963448546354,6806867,NC
0.026443489272043444,6806868,NC
0.09150662808616893,6806869,NC
0.11156978190568254,6806870,NC
0.1366329506793417,6806871,NC
0.12669613435589172,6806872,NC
0.08675933288406586,6806873,NC
-0.018177453787414723,6806874,NC
-0.11811422570984088,6806875,NC
-0.1730509829345154,6806876,NC
-0.13298772551275304,6806877,NC
-0.032924453495880364,6806878,NC
0.09713883306476413,6806879,NC
0.2122021341178302,6806880,NC
0.29226544961195583,6806881,NC
0.35732877949576725,6806882,NC
0.4223921237178791,6806883,NC
0.4624554822268943,6806884,L
0.4375188549714043,6806885,NC
0.3625822418999887,6806886,NC
0.21264564296121616,6806887,NC
0.08770905810364313,6806888,NC
-0.03222751272418465,6806889,NC
-0.14216406957373343,6806890,NC
-0.24210061249648027,6806891,NC
-0.347037141543914,6806892,NC
-0.4719736567675344,6806893,NC
-0.5669101582188525,6806894,NC
-0.6368466459493907,6806895,NC
-0.6667831200106823,6806896,NC
-0.6567195804542717,6806897,NC
-0.6466560273317146,6806898,NC
-0.6515924606945774,6806899,NC
-0.6315288805944378,6806900,NC
-0.5964652870828839,6806901,NC
-0.5264016802115156,6806902,NC
-0.48133806003194246,6806903,NC
-0.45127442659578565,6806904,NC
-0.44121077995467695,6806905,NC
-0.4361471201602587,6806906,NC
-0.43108344726418407,6806907,NC
-0.40101976131811673,6806908,NC
-0.395956062373731,6806909,NC
-0.39589235048271176,6806910,NC
-0.4108286256967544,6806911,NC
-0.4107648880675646,6806912,NC
-0.3957011376468588,6806913,NC
-0.3856373744863636,6806914,NC
-0.3855735986378159,6806915,NC
-0.3805098101529629,6806916,NC
-0.38044600908356235,6806917,NC
-0.3903821954813817,6806918,NC
-0.4003183693981991,6806919,NC
-0.3752545308858023,6806920,NC
-0.37519067999598965,6806921,NC
-0.3601268167805691,6806922,NC
-0.370062941291359,6806923,NC
-0.3799990535801874,6806924,NC
-0.3699351536988922,6806925,NC
-0.3548712416993215,6806926,NC
-0.33980731763333283,6806927,NC
-0.33474338155279376,6806928,NC
-0.34467943350958175,6806929,NC
-0.3446154735555835,6806930,NC
-0.3445515017426959,6806931,NC
-0.31448751812282505,6806932,NC
-0.2994235227478868,6806933,NC
-0.3043595156698067,6806934,NC
-0.30929549694051944,6806935,NC
-0.3042314666119695,6806936,NC
-0.28916742473611057,6806937,NC
-0.2791033713649057,6806938,NC
-0.25403930655032736,6806939,NC
-0.2539752303443573,6806940,NC
-0.2589111427989865,6806941,NC
-0.2638470439662152,6806942,NC
-0.2387829338980526,6806943,NC
-0.2237188126465172,6806944,NC
-0.1936546802636365,6806945,NC
-0.19359053680144708,6806946,NC
-0.17352638231199446,6806947,NC
-0.18346221684733316,6806948,NC
-0.1583980404595265,6806949,NC
-0.1483338532006469,6806950,NC
-0.13326965512277517,6806951,NC
-0.11820544627800145,6806952,NC
-0.11814122671842407,6806953,NC
-0.09307699649615059,6806954,NC
-0.08301275566329672,6806955,NC
-0.0579485042719871,6806956,NC
-0.022884242374354838,6806957,NC
-0.007819970022541627,6806958,NC
-0.00775568726869741,6806959,NC
-0.007691394164980992,6806960,NC
-0.012627090763559083,6806961,NC
0.01743722288339275,6806962,NC
0.03750154672369113,6806963,NC
0.042565880705143916,6806964,NC
0.04763022477555115,6806965,NC
0.042694578882704476,6806966,NC
0.04275894297438743,6806967,NC
0.07282331699837546,6806968,NC
0.10288770090243593,6806969,NC
0.10295209463432824,6806970,NC
0.09301649814180372,6806971,NC
0.08808091137260592,6806972,NC
0.08314533427447032,6806973,NC
0.08820976679512472,6806974,NC
0.08327420888228898,6806975,NC
0.07833866048367528,6806976,NC
0.04340312154698808,6806977,NC
0.008467592019924114,6806978,NC
-0.011467928149827495,6806979,NC
-0.031403439014585206,6806980,NC
-0.0513389406266751,6806981,NC
-0.09127443303843052,6806982,NC
-0.1362099163021927,6806983,NC
-0.1711453904703098,6806984,NC
-0.18608085559513787,6806985,NC
-0.18601631172903985,6806986,NC
-0.18095175892438625,6806987,NC
-0.20588719723355473,6806988,NC
-0.2408226267089302,6806989,NC
-0.2557580474029046,6806990,NC
-0.2656934593678773,6806991,NC
-0.26562886265625435,6806992,NC
-0.2455642573204493,6806993,NC
-0.2554996434128822,6806994,NC
-0.2854350209859806,6806995,NC
-0.29537039009217836,6806996,NC
-0.28530575078391673,6806997,NC
-0.27524110311364347,6806998,NC
-0.2851764471338133,6806999,NC
-0.2951117828968875,6807000,NC
-0.30504711045533434,6807001,NC
-0.30498242986162843,6807002,NC
-0.31491774116825116,6807003,NC
-0.29985304442769056,6807004,NC
-0.279788339692441,6807005,NC
-0.2897236270150035,6807006,NC
-0.3096589064478853,6807007,NC
-0.3145941780436004,6807008,NC
-0.3245294418546689,6807009,NC
-0.3044646979336172,6807010,NC
-0.27939994633297816,6807011,NC
-0.27933518710529076,6807012,NC
-0.3042704203030999,6807013,NC
-0.3092056459789573,6807014,NC
-0.30414086418542,6807015,NC
-0.29407607497505184,6807016,NC
-0.2840112784004221,6807017,NC
-0.2839464745141063,6807018,NC
-0.3138816633686858,6807019,NC
-0.3138168450167479,6807020,NC
-0.29875201951088576,6807021,NC
-0.2886871869036985,6807022,NC
-0.27862234724779045,6807023,NC
-0.2835575005957724,6807024,NC
-0.2984926470002601,6807025,NC
-0.3084277865138757,6807026,NC
-0.31336291918924625,6807027,NC
-0.2932980450790047,6807028,NC
-0.2782331642357895,6807029,NC
-0.27316827671224436,6807030,NC
-0.2931033825610186,6807031,NC
-0.2930384818347669,6807032,NC
-0.2879735745861493,6807033,NC
-0.2829086608678309,6807034,NC
-0.27784374073248236,6807035,NC
-0.2627788142327793,6807036,NC
-0.27271388142140274,6807037,NC
-0.2876489423510386,6807038,NC
-0.297583997074378,6807039,NC
-0.28751904564411707,6807040,NC
-0.2824540881129569,6807041,NC
-0.28238912453360365,6807042,NC
-0.2773241549587683,6807043,NC
-0.29225917944116636,6807044,NC
-0.29719419803351904,6807045,NC
-0.27712921078855135,6807046,NC
-0.25706421775899374,6807047,NC
-0.26699921899758083,6807048,NC
-0.27193421455705247,6807049,NC
-0.2818692044901525,6807050,NC
-0.29180418884962966,6807051,NC
-0.2967391676882373,6807052,NC
-0.2616741410587332,6807053,NC
-0.2616091090138791,6807054,NC
-0.271544071606442,6807055,NC
-0.29147902888919236,6807056,NC
-0.29641398091490573,6807057,NC
-0.26634892773636143,6807058,NC
-0.266283869406343,6807059,NC
-0.2712188059776385,6807060,NC
-0.2711537375030398,6807061,NC
-0.291088664035343,6807062,NC
-0.29602358562734826,6807063,NC
-0.2859585023318599,6807064,NC
-0.2658934142016857,6807065,NC
-0.25582832128963795,6807066,NC
-0.27576322364853245,6807067,NC
-0.300698121331189,6807068,NC
-0.29563301439043116,6807069,NC
-0.2805679028790863,6807070,NC
-0.26050278684998524,6807071,NC
-0.25543766635596277,6807072,NC
-0.26037254144985716,6807073,NC
-0.25030741218451036,6807074,NC
-0.2502422786127677,6807075,NC
-0.2351771407874782,6807076,NC
-0.22011199876149398,6807077,NC
-0.2200468525876711,6807078,NC
-0.23498170231886845,6807079,NC
-0.2399165480079487,6807080,NC
-0.22985138970777744,6807081,NC
-0.19478622747122368,6807082,NC
-0.17972106135115956,6807083,NC
-0.17465589140046056,6807084,NC
-0.17459071767200482,6807085,NC
-0.1995255402186741,6807086,NC
-0.21946035909335268,6807087,NC
-0.2143951743489283,6807088,NC
-0.2093299860382912,6807089,NC
-0.2042647942143348,6807090,NC
-0.21419959892995521,6807091,NC
-0.22913440023805146,6807092,NC
-0.2540691981915253,6807093,NC
-0.22900399284328113,6807094,NC
-0.22893878424622618,6807095,NC
-0.2338735724532702,6807096,NC
-0.25380835751732556,6807097,NC
-0.26874313949130724,6807098,NC
-0.27367791842813255,6807099,NC
-0.25861269438072154,6807100,NC
-0.2435474674019964,6807101,NC
-0.2584822375448819,6807102,NC
-0.27341700486230514,6807103,NC
-0.28335176940719525,6807104,NC
-0.29828653123248394,6807105,NC
-0.28322129039110505,6807106,NC
-0.27315604693599443,6807107,NC
-0.26809080092009013,6807108,NC
-0.2880255523963323,6807109,NC
-0.3179603014176633,6807110,NC
-0.31789504803702706,6807111,NC
-0.29782979230736983,6807112,NC
-0.2677645342816396,6807113,NC
-0.2826992740127863,6807114,NC
-0.2926340115537615,6807115,NC
-0.3075687469575188,6807116,NC
-0.2975034802770135,6807117,NC
-0.30743821156520235,6807118,NC
-0.29237294087504406,6807119,NC
-0.2823076682594986,6807120,NC
-0.29224239377152794,6807121,NC
-0.32217711746409516,6807122,NC
-0.317111839390165,6807123,NC
-0.30204655960270366,6807124,NC
-0.29198127815467867,6807125,NC
-0.2969159950990589,6807126,NC
-0.31185071048881463,6807127,NC
-0.3067854243769172,6807128,NC
-0.32672013681633943,6807129,NC
-0.31665484786005504,6807130,NC
-0.28658955756103904,6807131,NC
-0.2915242659722676,6807132,NC
-0.29645897314671776,6807133,NC
-0.3213936791373677,6807134,NC
-0.3113283839971965,6807135,NC
-0.291263087779184,6807136,NC
-0.28619779053631134,6807137,NC
-0.29613249232156014,6807138,NC
-0.3010671931879128,6807139,NC
-0.31100189318835264,6807140,NC
-0.30593659237586357,6807141,NC
-0.29087129080343027,6807142,NC
-0.280805988524038,6807143,NC
-0.28074068559067233,6807144,NC
-0.2906753820563198,6807145,NC
-0.3006100779739671,6807146,NC
-0.3005447733966016,6807147,NC
-0.285479468377211,6807148,NC
-0.26041416296878306,6807149,NC
-0.27034885722430646,6807150,NC
-0.3002835511967694,6807151,NC
-0.2802182449391612,6807152,NC
-0.25015293850447046,6807153,NC
-0.23508763194568658,6807154,NC
-0.16002232531579877,6807155,NC
-0.12495701866779636,6807156,NC
-0.07989171205466869,6807157,NC
-0.004826405529405076,6807158,NC
0.06023890085500524,6807159,NC
0.12530420704557313,6807160,NC
0.1753695129893096,6807161,NC
0.21043481863322597,6807162,NC
0.1955001239243336,6807163,NC
0.1455654288096443,6807164,NC
0.07063073323617018,6807165,NC
-0.01930396284907634,6807166,NC
-0.059238659499082365,6807167,NC
-0.07417335676683456,6807168,NC
-0.019108054705319094,6807169,NC
0.05595724663247842,6807170,NC
0.16602254719357296,6807171,NC
0.2760878469249801,6807172,NC
0.37115314577371605,6807173,NC
0.4412184436867979,6807174,NC
0.4812837406112434,6807175,NC
0.496349036494071,6807176,NC
0.48141433128230027,6807177,L
0.4064796249229513,6807178,NC
0.2965449173630454,6807179,NC
0.18661020854960467,6807180,NC
0.06667549842965241,6807181,NC
-0.02825921304978713,6807182,NC
-0.1481939259416886,6807183,NC
-0.22312864029902557,6807184,NC
-0.3030633561747702,6807185,NC
-0.4029980736218936,6807186,NC
-0.49293279269336554,6807187,NC
-0.5778675134421545,6807188,NC
-0.6028022359212277,6807189,NC
-0.6077369601835507,6807190,NC
-0.6026716862820879,6807191,NC
-0.562606414269802,6807192,NC
-0.5575411441996543,6807193,NC
-0.5174758761246042,6807194,NC
-0.48241061009761005,6807195,NC
-0.4273453461716281,6807196,NC
-0.3922800843996131,6807197,NC
-0.3722148248345179,6807198,NC
-0.3671495675292937,6807199,NC
-0.3820843125368897,6807200,NC
-0.3770190599102535,6807201,NC
-0.34195380970233036,6807202,NC
-0.3418885619660641,6807203,NC
-0.3268233167543962,6807204,NC
-0.346758074120266,6807205,NC
-0.35169283411661095,6807206,NC
-0.3466275967963665,6807207,NC
-0.34156236221246544,6807208,NC
-0.306497130417839,6807209,NC
-0.3114319014654154,6807210,NC
-0.32136667540812125,6807211,NC
-0.3213014522988803,6807212,NC
-0.3162362321906142,6807213,NC
-0.3161710151362421,6807214,NC
-0.28610580118868056,6807215,NC
-0.3060405904008437,6807216,NC
-0.31097538282564324,6807217,NC
-0.3209101785159879,6807218,NC
-0.31084497752478424,6807219,NC
-0.29077977990493564,6807220,NC
-0.2757145857093432,6807221,NC
-0.2756493949909048,6807222,NC
-0.2855842078025158,6807223,NC
-0.29051902419706865,6807224,NC
-0.29045384422745285,6807225,NC
-0.26538866794655497,6807226,NC
-0.25032349540725846,6807227,NC
-0.24025832666244398,6807228,NC
-0.24519316176498893,6807229,NC
-0.2401280007677676,6807230,NC
-0.2350628437236512,6807231,NC
-0.22999769068550766,6807232,NC
-0.2099325417062017,6807233,NC
-0.19486739683859475,6807234,NC
-0.20480225613554479,6807235,NC
-0.20473711964990668,6807236,NC
-0.20467198743453147,6807237,NC
-0.17960685954226724,6807238,NC
-0.15454173602595797,6807239,NC
-0.14947661693844475,6807240,NC
-0.1444115023325644,6807241,NC
-0.14434639226115076,6807242,NC
-0.14428128677703345,6807243,NC
-0.11921618593303865,6807244,NC
-0.07915108978198873,6807245,NC
-0.08408599837670229,6807246,NC
-0.07902091176999383,6807247,NC
-0.08395583001467441,6807248,NC
-0.06889075316355064,6807249,NC
-0.05382568126942566,6807250,NC
-0.013760614385098093,6807251,NC
-0.008695552563362971,6807252,NC
-0.003630495857010806,6807253,NC
0.0014345556811718,6807254,NC
0.0264996019984025,6807255,NC
0.03656464304190318,6807256,NC
0.07162967875890001,6807257,NC
0.0716947090966235,6807258,NC
0.07675973400230847,6807259,NC
0.0768247534231942,6807260,NC
0.07688976730652439,6807261,NC
0.09695477559954725,6807262,NC
0.12201977824951554,6807263,NC
0.13208477520368658,6807264,NC
0.14214976640932228,6807265,NC
0.12721475181368927,6807266,NC
0.12227973136405887,6807267,NC
0.13234470500770712,6807268,NC
0.1624096726919148,6807269,NC
0.16247463436396786,6807270,NC
0.15753958997115655,6807271,NC
0.13260453946077663,6807272,NC
0.12766948278012832,6807273,NC
0.12273441987651727,6807274,NC
0.1427993506972539,6807275,NC
0.11786427518965381,6807276,NC
0.07292919330103771,6807277,NC
0.03799410497873167,6807278,NC
0.013059010170066596,6807279,NC
0.0031239088223791204,6807280,NC
-0.0018111991169892962,6807281,NC
-0.02174631370069135,6807282,NC
-0.04668143498137486,6807283,NC
-0.08661656301168175,6807284,NC
-0.10155169784424872,6807285,NC
-0.10648683953170694,6807286,NC
-0.11642198812668192,6807287,NC
-0.12635714368179365,6807288,NC
-0.14129230624965644,6807289,NC
-0.15622747588287894,6807290,NC
-0.17116265263406397,6807291,NC
-0.1960978365558087,6807292,NC
-0.18103302770070445,6807293,NC
-0.1859682261213366,6807294,NC
-0.19590343187028467,6807295,NC
-0.2258386450001223,6807296,NC
-0.2157738655634171,6807297,NC
-0.20570909361273057,6807298,NC
-0.20064432920061823,6807299,NC
-0.21057957237962954,6807300,NC
-0.22551482320230748,6807301,NC
-0.2404500817211894,6807302,NC
-0.23038534798880572,6807303,NC
-0.23032062205768122,6807304,NC
-0.2152559039803339,6807305,NC
-0.21519119380927554,6807306,NC
-0.2201264915970115,6807307,NC
-0.2500617973960408,6807308,NC
-0.25499711125885566,6807309,NC
-0.2549324332379421,6807310,NC
-0.24986776338577926,6807311,NC
-0.22980310175484,6807312,NC
-0.24473844839759004,6807313,NC
-0.25967380336648893,6807314,NC
-0.24960916671398892,6807315,NC
-0.24454453849253585,6807316,NC
-0.21947991875456857,6807317,NC
-0.21941530755251906,6807318,NC
-0.2443507049388124,6807319,NC
-0.24928611096586667,6807320,NC
-0.25922152568609297,6807321,NC
-0.24415694915189526,6807322,NC
-0.21909238141567058,6807323,NC
-0.22402782252980863,6807324,NC
-0.2539632725466921,6807325,NC
-0.24889873151869632,6807326,NC
-0.2588341994981895,6807327,NC
-0.2437696765375323,6807328,NC
-0.23370516268907826,6807329,NC
-0.23364065800517353,6807330,NC
-0.2385761625381567,6807331,NC
-0.2585116763403588,6807332,NC
-0.24844719946410368,6807333,NC
-0.23838273196170717,6807334,NC
-0.22831827388547798,6807335,NC
-0.22825382528771673,6807336,NC
-0.24318938622071667,6807337,NC
-0.2631249567367631,6807338,NC
-0.24806053688813373,6807339,NC
-0.24299612672709828,6807340,NC
-0.22793172630591876,6807341,NC
-0.22786733567684905,6807342,NC
-0.2328029548921355,6807343,NC
-0.24773858400401597,6807344,NC
-0.2576742230647207,6807345,NC
-0.2426098721264716,6807346,NC
-0.24254553124148256,6807347,NC
-0.2274812004619593,6807348,NC
-0.2424168798400994,6807349,NC
-0.24735256942809214,6807350,NC
-0.2522882692781185,6807351,NC
-0.24722397944235114,6807352,NC
-0.22215969997295437,6807353,NC
-0.23709543092208413,6807354,NC
-0.2570311723418878,6807355,NC
-0.2769669242845044,6807356,NC
-0.26690268680206436,6807357,NC
-0.25683845994668936,6807358,NC
-0.25677424377049274,6807359,NC
-0.256710038325579,6807360,NC
-0.2466458436640439,6807361,NC
-0.2765816598379746,6807362,NC
-0.2615174868994495,6807363,NC
-0.26145332490053796,6807364,NC
-0.24138917389330036,6807365,NC
-0.2413250339297887,6807366,NC
-0.2512609050620454,6807367,NC
-0.26619678734210445,6807368,NC
-0.2711326808219902,6807369,NC
-0.27106858555371843,6807370,NC
-0.25600450158929555,6807371,NC
-0.2659404289807188,6807372,NC
-0.27087636777997603,6807373,NC
-0.2808123180390464,6807374,NC
-0.2907482798098991,6807375,NC
-0.27068425314449446,6807376,NC
-0.25562023809478324,6807377,NC
-0.2555562347127067,6807378,NC
-0.2654922430501968,6807379,NC
-0.2854282631591758,6807380,NC
-0.2903642950915567,6807381,NC
-0.27530033889924255,6807382,NC
-0.2652363946341271,6807383,NC
-0.25017246234809415,6807384,NC
-0.26510854209301793,6807385,NC
-0.28004463392076284,6807386,NC
-0.2599807378831836,6807387,NC
-0.23991685403212484,6807388,NC
-0.21485298241942163,6807389,NC
-0.2297891230968988,6807390,NC
-0.23972527611637143,6807391,NC
-0.24466144152964445,6807392,NC
-0.2445976193885128,6807393,NC
-0.21953380974476125,6807394,NC
-0.20447001265016457,6807395,NC
-0.21440622815648724,6807396,NC
-0.22434245631548347,6807397,NC
-0.2242786971788973,6807398,NC
-0.21421495079846253,6807399,NC
-0.20415121722590243,6807400,NC
-0.20908749651292993,6807401,NC
-0.19902378871124757,6807402,NC
-0.21896009387254745,6807403,NC
-0.22889641204851097,6807404,NC
-0.22883274329080933,6807405,NC
-0.23376908765110263,6807406,NC
-0.22870544518104083,6807407,NC
-0.21864181593226284,6807408,NC
-0.24857819995639702,6807409,NC
-0.27351459730506084,6807410,NC
-0.2684510080298611,6807411,NC
-0.2583874321823937,6807412,NC
-0.25332386981424354,6807413,NC
-0.25326032097698475,6807414,NC
-0.25819678572218036,6807415,NC
-0.27313326410138233,6807416,NC
-0.2880697561661318,6807417,NC
-0.2980062619679586,6807418,NC
-0.2829427815583814,6807419,NC
-0.2778793149889077,6807420,NC
-0.28281586231103406,6807421,NC
-0.30275242357624527,6807422,NC
-0.3076889988360152,6807423,NC
-0.3026255881418061,6807424,NC
-0.3125621915450691,6807425,NC
-0.32249880909724365,6807426,NC
-0.33743544084975774,6807427,NC
-0.3523720868540281,6807428,NC
-0.34730874716145954,6807429,NC
-0.3372454218234455,6807430,NC
-0.3071821108913678,6807431,NC
-0.29711881441659616,6807432,NC
-0.32205553245048923,6807433,NC
-0.3319922650443932,6807434,NC
-0.3369290122496432,6807435,NC
-0.3318657741175618,6807436,NC
-0.32180255069945995,6807437,NC
-0.33173934204663685,6807438,NC
-0.3416761482103793,6807439,NC
-0.3416129692419626,6807440,NC
-0.3515498051926495,6807441,NC
-0.33648665611369094,6807442,NC
-0.32142352205632563,6807443,NC
-0.32136040307178004,6807444,NC
-0.32629729921126843,6807445,NC
-0.33623421052599295,6807446,NC
-0.3411711370671432,6807447,NC
-0.33610807888589656,6807448,NC
-0.321045036033418,6807449,NC
-0.32098200856085995,6807450,NC
-0.3459189965193625,6807451,NC
-0.3558559999600532,6807452,NC
-0.35079301893404696,6807453,NC
-0.3457300534924461,6807454,NC
-0.31566710368634043,6807455,NC
-0.3256041695668068,6807456,NC
-0.3205412511849097,6807457,NC
-0.34547834859170046,6807458,NC
-0.36041546183821793,6807459,NC
-0.32535259097548785,6807460,NC
-0.31028973605452337,6807461,NC
-0.31522689712632435,6807462,NC
-0.3201640742418778,6807463,NC
-0.3401012674521579,6807464,NC
-0.3350384768081255,6807465,NC
-0.32997570236072865,6807466,NC
-0.30491294416090187,6807467,NC
-0.2948502022595669,6807468,NC
-0.2997874767076319,6807469,NC
-0.30972476755599204,6807470,NC
-0.309662074855529,6807471,NC
-0.28959939865711126,6807472,NC
-0.24953673901159376,6807473,NC
-0.2244740959698181,6807474,NC
-0.1944114695826124,6807475,NC
-0.15934885990079128,6807476,NC
-0.09428626697515576,6807477,NC
-0.019223690856493274,6807478,NC
0.07583886840442233,6807479,NC
0.13090141075683095,6807480,NC
0.1609639361499862,6807481,NC
0.17102644453315535,6807482,NC
0.1510889358556196,6807483,NC
0.11615141006667395,6807484,NC
0.07121386711562727,6807485,NC
-0.008723693048197641,6807486,NC
-0.10866127047546403,6807487,NC
-0.1535988652168211,6807488,NC
-0.15353647732290407,6807489,NC
-0.07347410684433389,6807490,NC
0.03158824616828227,6807491,NC
0.14165058166435188,6807492,NC
0.22671289959329607,6807493,NC
0.2767751999045508,6807494,NC
0.3518374825475659,6807495,NC
0.39689974747180573,6807496,NC
0.41696199462674904,6807497,NC
0.3870242239618888,6807498,L
0.3070864354267326,6807499,NC
0.20214862897080263,6807500,NC
0.09721080454363543,6807501,NC
0.012272962094782161,6807502,NC
-0.06266489842619134,6807503,NC
-0.13760277706970458,6807504,NC
-0.2175406738861624,6807505,NC
-0.3074785889259549,6807506,NC
-0.3774165222394574,6807507,NC
-0.4423544738770302,6807508,NC
-0.482292443889019,6807509,NC
-0.5022304323257545,6807510,NC
-0.5271684392375523,6807511,NC
-0.5671064646747133,6807512,NC
-0.5770445086875232,6807513,NC
-0.5619825713262525,6807514,NC
-0.5369206526411571,6807515,NC
-0.4968587526824768,6807516,NC
-0.48179687150043715,6807517,NC
-0.46173500914524807,6807518,NC
-0.45667316566710414,6807519,NC
-0.4166113411161848,6807520,NC
-0.3865495355426539,6807521,NC
-0.3864877489966602,6807522,NC
-0.39142598152833674,6807523,NC
-0.38636423318780133,6807524,NC
-0.39130250402515593,6807525,NC
-0.3762407940904874,6807526,NC
-0.3711791034338664,6807527,NC
-0.3511174321053485,6807528,NC
-0.36605578015497336,6807529,NC
-0.38599414763276485,6807530,NC
-0.39093253458873123,6807531,NC
-0.3808709410728649,6807532,NC
-0.37080936713514223,6807533,NC
-0.35574781282552403,6807534,NC
-0.36068627819395493,6807535,NC
-0.38062476329036377,6807536,NC
-0.3605632681646632,6807537,NC
-0.3505017928667501,6807538,NC
-0.3554403374465048,6807539,NC
-0.335378901953792,6807540,NC
-0.3353174864384598,6807541,NC
-0.36025609095034067,6807542,NC
-0.3601947155392501,6807543,NC
-0.3401333602549879,6807544,NC
-0.3200720251473371,6807545,NC
-0.32501071026606476,6807546,NC
-0.32994941566092123,6807547,NC
-0.3398881413816405,6807548,NC
-0.33482688747794004,6807549,NC
-0.31476565399952094,6807550,NC
-0.28970444099606757,6807551,NC
-0.2946432485172476,6807552,NC
-0.31458207661271237,6807553,NC
-0.324520925332096,6807554,NC
-0.3094597947250166,6807555,NC
-0.2843986848410747,6807556,NC
-0.26933759572985483,6807557,NC
-0.27427652744092396,6807558,NC
-0.2592154800238325,6807559,NC
-0.25415445352811394,6807560,NC
-0.24409344800328475,6807561,NC
-0.2440324634988443,6807562,NC
-0.21397150006427498,6807563,NC
-0.21391055774904216,6807564,NC
-0.20384963660259398,6807565,NC
-0.21378873667436132,6807566,NC
-0.19872785801375803,6807567,NC
-0.17866700067018057,6807568,NC
-0.1536061646930082,6807569,NC
-0.13354535013160276,6807570,NC
-0.1334845570353088,6807571,NC
-0.12342378545345319,6807572,NC
-0.11336303543534587,6807573,NC
-0.09330230703027864,6807574,NC
-0.06324160028752639,6807575,NC
-0.04318091525634593,6807576,NC
-0.03812025198597671,6807577,NC
-0.043059610525640474,6807578,NC
-0.022998990924541256,6807579,NC
-0.0029383932318653716,6807580,NC
0.017122182503218654,6807581,NC
0.027182736231560038,6807582,NC
0.03724326790402612,6807583,NC
0.02230377747150169,6807584,NC
0.04736426488488996,6807585,NC
0.05242473009511166,6807586,NC
0.09248517305310597,6807587,NC
0.09754559370982968,6807588,NC
0.1126059920162581,6807589,NC
0.08766636792338438,6807590,NC
0.07772672138222,6807591,NC
0.10278705234379457,6807592,NC
0.11284736075915601,6807593,NC
0.13790764657937046,6807594,NC
0.13296790975552247,6807595,NC
0.09802815023871497,6807596,NC
0.08808836798006921,6807597,NC
0.07814856293072499,6807598,NC
0.07320873504184053,6807599,NC
0.06326888426459264,6807600,NC
0.03332901055017666,6807601,NC
-0.006610886150193486,6807602,NC
-0.03155080588528501,6807603,NC
-0.04649074870384684,6807604,NC
-0.05643071465460872,6807605,NC
-0.08137070378628204,6807606,NC
-0.10131071614755904,6807607,NC
-0.13125075178711332,6807608,NC
-0.16119081075359948,6807609,NC
-0.17113089309565332,6807610,NC
-0.18107099886189149,6807611,NC
-0.18601112810091183,6807612,NC
-0.20095128086129302,6807613,NC
-0.22089145719159464,6807614,NC
-0.23583165714035723,6807615,NC
-0.24577188075610207,6807616,NC
-0.23571212808733139,6807617,NC
-0.2556523991825278,6807618,NC
-0.24559269409015536,6807619,NC
-0.2705330128586579,6807620,NC
-0.2804733555364606,6807621,NC
-0.27541372217196886,6807622,NC
-0.2603541128135688,6807623,NC
-0.26529452750962706,6807624,NC
-0.27023496630849064,6807625,NC
-0.2901754292584872,6807626,NC
-0.28511591640792455,6807627,NC
-0.275056427805091,6807628,NC
-0.2699969634982552,6807629,NC
-0.2799375235356661,6807630,NC
-0.2898781079655528,6807631,NC
-0.30481871683612466,6807632,NC
-0.3147593501955712,6807633,NC
-0.29470000809206215,6807634,NC
-0.27464069057374724,6807635,NC
-0.25958139768875615,6807636,NC
-0.27452212948519894,6807637,NC
-0.2944628860111652,6807638,NC
-0.3094036673147248,6807639,NC
-0.2993444734439272,6807640,NC
-0.29428530444680195,6807641,NC
-0.2692261603713584,6807642,NC
-0.26916704126558555,6807643,NC
-0.27410794717745224,6807644,NC
-0.28904887815490704,6807645,NC
-0.2739898342458781,6807646,NC
-0.27893081549827314,6807647,NC
-0.2588718219599796,6807648,NC
-0.27381285367886443,6807649,NC
-0.2837539107027741,6807650,NC
-0.2886949930795345,6807651,NC
-0.2736361008569508,6807652,NC
-0.273577234082808,6807653,NC
-0.2635183928048699,6807654,NC
-0.2834595770708801,6807655,NC
-0.27840078692856113,6807656,NC
-0.2883420224256149,6807657,NC
-0.29828328360972256,6807658,NC
-0.2782245705285444,6807659,NC
-0.24816588322971964,6807660,NC
-0.24310722176086685,6807661,NC
-0.27304858616958344,6807662,NC
-0.272989976503446,6807663,NC
-0.26793139281000994,6807664,NC
-0.24787283513680958,6807665,NC
-0.24281430353135836,6807666,NC
-0.2527557980411481,6807667,NC
-0.2576973187136501,6807668,NC
-0.2626388655963138,6807669,NC
-0.2525804387365678,6807670,NC
-0.2525220381818191,6807671,NC
-0.24746366397945363,6807672,NC
-0.2624053161768356,6807673,NC
-0.2623469948213082,6807674,NC
-0.2722886999601928,6807675,NC
-0.25223043164078945,6807676,NC
-0.23217218991037675,6807677,NC
-0.23711397481621155,6807678,NC
-0.2470557864055291,6807679,NC
-0.2619976247255431,6807680,NC
-0.2569394898234456,6807681,NC
-0.2568813817464068,6807682,NC
-0.24182330054157503,6807683,NC
-0.23676524625607714,6807684,NC
-0.2467072189370178,6807685,NC
-0.2716492186314801,6807686,NC
-0.27659124538652496,6807687,NC
-0.2565332992491916,6807688,NC
-0.24647538026649699,6807689,NC
-0.2314174884854361,6807690,NC
-0.23635962395298202,6807691,NC
-0.25630178671608556,6807692,NC
-0.26124397682167544,6807693,NC
-0.26618619431665824,6807694,NC
-0.24112843924791827,6807695,NC
-0.2310707116623174,6807696,NC
-0.24601301160669567,6807697,NC
-0.24095533912787015,6807698,NC
-0.25089769427263614,6807699,NC
-0.23084007708776613,6807700,NC
-0.2107824876200104,6807701,NC
-0.20572492591609648,6807702,NC
-0.2106673920227296,6807703,NC
-0.20060988598659235,6807704,NC
-0.20055240785434467,6807705,NC
-0.20549495767262393,6807706,NC
-0.1754375354880448,6807707,NC
-0.1803801413471992,6807708,NC
-0.19532277529665634,6807709,NC
-0.2102654373829626,6807710,NC
-0.17020812765264157,6807711,NC
-0.17015084615219392,6807712,NC
-0.15509359292809755,6807713,NC
-0.14503636802680708,6807714,NC
-0.14497917149475467,6807715,NC
-0.1699220033783489,6807716,NC
-0.1748648637239758,6807717,NC
-0.16980775257799785,6807718,NC
-0.1647506699867549,6807719,NC
-0.16969361599656307,6807720,NC
-0.1696365906537157,6807721,NC
-0.1745795940044827,6807722,NC
-0.19952262609511076,6807723,NC
-0.18446568697182325,6807724,NC
-0.16940877668082008,6807725,NC
-0.194351895268278,6807726,NC
-0.18429504278034994,6807727,NC
-0.19923821926316584,6807728,NC
-0.2091814247628317,6807729,NC
-0.20912465932543037,6807730,NC
-0.19906792299702064,6807731,NC
-0.19401121582363828,6807732,NC
-0.21395453785129484,6807733,NC
-0.2238978891259785,6807734,NC
-0.2338412696936536,6807735,NC
-0.22878467960026078,6807736,NC
-0.22872811889171676,6807737,NC
-0.22367158761391454,6807738,NC
-0.24861508581272318,6807739,NC
-0.2685586135339879,6807740,NC
-0.2685021708235298,6807741,NC
-0.2784457577271461,6807742,NC
-0.24338937429061003,6807743,NC
-0.24833302055967063,6807744,NC
-0.24827669658005297,6807745,NC
-0.25822040239745797,6807746,NC
-0.26316413805756217,6807747,NC
-0.2481079036060182,6807748,NC
-0.24805169908845412,6807749,NC
-0.24299552455047413,6807750,NC
-0.23793938003765758,6807751,NC
-0.2528832655955598,6807752,NC
-0.25782718126971166,6807753,NC
-0.2527711271056196,6807754,NC
-0.23771510314876562,6807755,NC
-0.24765910944460695,6807756,NC
-0.24760314603857667,6807757,NC
-0.267547212976083,6807758,NC
-0.26749131030250967,6807759,NC
-0.25243543806321567,6807760,NC
-0.2373795963035354,6807761,NC
-0.2323237850687782,6807762,NC
-0.24726800440422925,6807763,NC
-0.2572122543551484,6807764,NC
-0.27715653496677084,6807765,NC
-0.26210084628430685,6807766,NC
-0.24204518835294195,6807767,NC
-0.22698956121783645,6807768,NC
-0.21693396492412587,6807769,NC
-0.2468783995169206,6807770,NC
-0.24682286504130607,6807771,NC
-0.23176736154234254,6807772,NC
-0.2217118890650651,6807773,NC
-0.21665644765448372,6807774,NC
-0.22660103735558323,6807775,NC
-0.23154565821332307,6807776,NC
-0.2364903102726376,6807777,NC
-0.21143499357843545,6807778,NC
-0.19637970817560052,6807779,NC
-0.20632445410899075,6807780,NC
-0.20626923142343911,6807781,NC
-0.19621404016375266,6807782,NC
-0.18615888037471334,6807783,NC
-0.1711037521010773,6807784,NC
-0.12104865538757531,6807785,NC
-0.0909935902789124,6807786,NC
-0.060938556819768,6807787,NC
-0.01088355505479588,6807788,NC
0.044171414971375944,6807789,NC
0.11922635321414518,6807790,NC
0.18928125962893533,6807791,NC
0.23433613417119575,6807792,NC
0.2643909767964016,6807793,NC
0.25444578746005403,6807794,NC
0.22950056611767994,6807795,NC
0.20455531272483252,6807796,NC
0.14461002723709052,6807797,NC
0.06966470961005919,6807798,NC
0.024719359799369588,6807799,NC
0.014773977760678923,6807800,NC
0.049828563449670606,6807801,NC
0.12988311682205417,6807802,NC
0.2199376378335654,6807803,NC
0.3049921264399664,6807804,NC
0.3950465825970454,6807805,NC
0.43510100626061726,6807806,NC
0.4951553973865228,6807807,NC
0.5152097559306295,6807808,L
0.5052640818488314,6807809,NC
0.4103183750970486,6807810,NC
0.28537263563122817,6807811,NC
0.1604268634073433,6807812,NC
0.08548105838139414,6807813,NC
0.0005352205094072138,6807814,NC
-0.054410650252564245,6807815,NC
-0.11935655394844032,6807816,NC
-0.1993024906221143,6807817,NC
-0.2842484603174529,6807818,NC
-0.3641944630782958,6807819,NC
-0.40914049894845594,6807820,NC
-0.42408656797171956,6807821,NC
-0.43403267019184577,6807822,NC
-0.44897880565256687,6807823,NC
-0.44392497439758816,6807824,NC
-0.41387117647058796,6807825,NC
-0.36881741191521744,6807826,NC
-0.3187636807751008,6807827,NC
-0.2837099830938352,6807828,NC
-0.2736563189149903,6807829,NC
-0.25860268828210914,6807830,NC
-0.26854909123870696,6807831,NC
-0.25849552782827223,6807832,NC
-0.24344199809426575,6807833,NC
-0.24338850208012122,6807834,NC
-0.23833503982924498,6807835,NC
-0.24328161138501575,6807836,NC
-0.27322821679078513,6807837,NC
-0.24817485608987708,6807838,NC
-0.22812152932558813,6807839,NC
-0.21806823654118704,6807840,NC
-0.22801497777991542,6807841,NC
-0.23796175308498685,6807842,NC
-0.2429085624995876,6807843,NC
-0.23285540606687608,6807844,NC
-0.22780228382998308,6807845,NC
-0.22274919583201147,6807846,NC
-0.2076961421160366,6807847,NC
-0.23264312272510582,6807848,NC
-0.24759013770223862,6807849,NC
-0.2275371870904268,6807850,NC
-0.217484270932634,6807851,NC
-0.21743138927179603,6807852,NC
-0.2223785421508207,6807853,NC
-0.2323257296125878,6807854,NC
-0.227272951699949,6807855,NC
-0.2222202084557279,6807856,NC
-0.2071674999227201,6807857,NC
-0.1921148261436927,6807858,NC
-0.21206218716138514,6807859,NC
-0.20200958301850797,6807860,NC
-0.2019570137577441,6807861,NC
-0.18690447942174762,6807862,NC
-0.1618519800531447,6807863,NC
-0.15179951569453284,6807864,NC
-0.16674708638848124,6807865,NC
-0.17669469217753067,6807866,NC
-0.1666423331041934,6807867,NC
-0.13659000921095327,6807868,NC
-0.11153772054026548,6807869,NC
-0.11148546713455668,6807870,NC
-0.10143324903622479,6807871,NC
-0.11138106628763941,6807872,NC
-0.09632891893114104,6807873,NC
-0.10127680700904182,6807874,NC
-0.07122473056362486,6807875,NC
-0.04117268963714475,6807876,NC
-0.061120684271827,6807877,NC
-0.05606871450986845,6807878,NC
-0.041016780393436966,6807879,NC
-0.02596488196467152,6807880,NC
-0.0009130192656821093,6807881,NC
0.02413880766145023,6807882,NC
0.019190598774673502,6807883,NC
0.014242354031964784,6807884,NC
0.02929407339133023,6807885,NC
0.03934575681080513,6807886,NC
0.06939740424845392,6807887,NC
0.07444901566237025,6807888,NC
0.09450059101067701,6807889,NC
0.08955213025152625,6807890,NC
0.08960363334309959,6807891,NC
0.11965510024360757,6807892,NC
0.13970653091129054,6807893,NC
0.1547579253044178,6807894,NC
0.15980928338128847,6807895,NC
0.15986060510023092,6807896,NC
0.1699118904196031,6807897,NC
0.1849631392977925,6807898,NC
0.19501435169321607,6807899,NC
0.21506552756432054,6807900,NC
0.2201166668695821,6807901,NC
0.2101677695675067,6807902,NC
0.21021883561663002,6807903,NC
0.2202698649755174,6807904,NC
0.23532085760276397,6807905,NC
0.24537181345699483,6807906,NC
0.21542273249686453,6807907,NC
0.20547361468105788,6807908,NC
0.16552445996828943,6807909,NC
0.16557526831730368,6807910,NC
0.15562603968687508,6807911,NC
0.13567677403580813,6807912,NC
0.10572747132293733,6807913,NC
0.05577813150712727,6807914,NC
0.030828754547272658,6807915,NC
0.030879340402298304,6807916,NC
0.025929889031159222,6807917,NC
0.02098040039284063,6807918,NC
-0.01896912555364204,6807919,NC
-0.028918688849243056,6807920,NC
-0.06386828953488646,6807921,NC
-0.06881792765146574,6807922,NC
-0.06876760323984436,6807923,NC
-0.07371731634085496,6807924,NC
-0.08366706699530022,6807925,NC
-0.09861685524395188,6807926,NC
-0.1185666811275515,6807927,NC
-0.11351654468680994,6807928,NC
-0.10846644596240759,6807929,NC
-0.10841638499499417,6807930,NC
-0.11336636182518882,6807931,NC
-0.1283163764935799,6807932,NC
-0.15326642904072527,6807933,NC
-0.1382165195071518,6807934,NC
-0.13316664793335578,6807935,NC
-0.13811681435980266,6807936,NC
-0.12806701882692706,6807937,NC
-0.15301726137513266,6807938,NC
-0.14796754204479237,6807939,NC
-0.14291786087624792,6807940,NC
-0.1378682179098105,6807941,NC
-0.12781861318575988,6807942,NC
-0.15276904674434502,6807943,NC
-0.17271951862578375,6807944,NC
-0.15767002887026285,6807945,NC
-0.15762057751793798,6807946,NC
-0.13257116460893356,6807947,NC
-0.13252179018334292,6807948,NC
-0.14747245428122807,6807949,NC
-0.16242315694261977,6807950,NC
-0.1823738982075176,6807951,NC
-0.16732467811588975,6807952,NC
-0.1372754967076729,6807953,NC
-0.1272263540227727,6807954,NC
-0.13217725010106293,6807955,NC
-0.1621281849823864,6807956,NC
-0.15707915870655403,6807957,NC
-0.15203017131334548,6807958,NC
-0.13698122284250866,6807959,NC
-0.1369323133337601,6807960,NC
-0.16188344282678457,6807961,NC
-0.16183461136123528,6807962,NC
-0.1667858189767337,6807963,NC
-0.1617370657128696,6807964,NC
-0.1316883516092011,6807965,NC
-0.12163967670525443,6807966,NC
-0.141591041040524,6807967,NC
-0.1615424446544725,6807968,NC
-0.15649388758653068,6807969,NC
-0.15144536987609747,6807970,NC
-0.14139689156253957,6807971,NC
-0.13134845268519213,6807972,NC
-0.141300053283358,6807973,NC
-0.15125169339630823,6807974,NC
-0.16620337306328148,6807975,NC
-0.15615509232348473,6807976,NC
-0.14110685121609254,6807977,NC
-0.13605864978024734,6807978,NC
-0.15601048805505946,6807979,NC
-0.160962366079607,6807980,NC
-0.17091428389293578,6807981,NC
-0.16586624153405932,6807982,NC
-0.1458182390419589,6807983,NC
-0.14077027645558324,6807984,NC
-0.15072235381384902,6807985,NC
-0.15067447115564017,6807986,NC
-0.1706266285198085,6807987,NC
-0.15557882594517297,6807988,NC
-0.15553106347052045,6807989,NC
-0.150483341134605,6807990,NC
-0.15043565897614808,6807991,NC
-0.1603880170338387,6807992,NC
-0.16534041534633326,6807993,NC
-0.16029285395225534,6807994,NC
-0.14024533289019597,6807995,NC
-0.14519785219871337,6807996,NC
-0.155150411916333,6807997,NC
-0.1701030120815476,6807998,NC
-0.18005565273281707,6807999,NC
-0.1700083339085684,6808000,NC
-0.16496105564719576,6808001,NC
-0.15491381798706033,6808002,NC
-0.1498666209664906,6808003,NC
-0.16481946462378158,6808004,NC
-0.1747723489971959,6808005,NC
-0.15472527412496256,6808006,NC
-0.14967824004527805,6808007,NC
-0.13463124679630525,6808008,NC
-0.14458429441617426,6808009,NC
-0.15953738294298184,6808010,NC
-0.16449051241479168,6808011,NC
-0.16444368286963415,6808012,NC
-0.1593968943455064,6808013,NC
-0.1643501468803724,6808014,NC
-0.1493034405121625,6808015,NC
-0.1592567752787741,6808016,NC
-0.15921015121807086,6808017,NC
-0.15416356836788342,6808018,NC
-0.12411702676600858,6808019,NC
-0.11907052645021002,6808020,NC
-0.12402406745821759,6808021,NC
-0.12397764982772788,6808022,NC
-0.11393127359640381,6808023,NC
-0.09888493880187468,6808024,NC
-0.07383864548173627,6808025,NC
-0.0887923936735506,6808026,NC
-0.07874618341484606,6808027,NC
-0.0937000147431173,6808028,NC
-0.09365388769582528,6808029,NC
-0.06860780231039716,6808030,NC
-0.06356175862422626,6808031,NC
-0.05351575667467214,6808032,NC
-0.05346979649906033,6808033,NC
-0.04342387813468274,6808034,NC
-0.04837800161879706,6808035,NC
-0.06333216698862729,6808036,NC
-0.06828637428136317,6808037,NC
-0.06324062353416075,6808038,NC
-0.08319491478414172,6808039,NC
-0.09314924806839384,6808040,NC
-0.0981036234239708,6808041,NC
-0.08305804088789212,6808042,NC
-0.06801250049714305,6808043,NC
-0.07296700228867484,6808044,NC
-0.08292154629940435,6808045,NC
-0.11787613256621424,6808046,NC
-0.13283076112595288,6808047,NC
-0.12778543201543432,6808048,NC
-0.1127401452714384,6808049,NC
-0.0926949009307102,6808050,NC
-0.08764969902996095,6808051,NC
-0.11760453960586692,6808052,NC
-0.14255942269507021,6808053,NC
-0.12751434833417835,6808054,NC
-0.1174693165597644,6808055,NC
-0.09742432740836673,6808056,NC
-0.1123793809164893,6808057,NC
-0.1273344771206013,6808058,NC
-0.15728961605713737,6808059,NC
-0.15224479776249747,6808060,NC
-0.12720002227304683,6808061,NC
-0.10715528962511595,6808062,NC
-0.12211059985500053,6808063,NC
-0.14206595299896163,6808064,NC
-0.15202134909322534,6808065,NC
-0.16197678817398287,6808066,NC
-0.14693227027739078,6808067,NC
-0.15188779543957037,6808068,NC
-0.15184336369660842,6808069,NC
-0.16679897508455638,6808070,NC
-0.16675462963943088,6808071,NC
-0.16171032739721353,6808072,NC
-0.1466660683938508,6808073,NC
-0.1516218526652541,6808074,NC
-0.16657768024729985,6808075,NC
-0.16653355117582916,6808076,NC
-0.19148946548664805,6808077,NC
-0.17144542321552736,6808078,NC
-0.13640142439820263,6808079,NC
-0.1463574690703742,6808080,NC
-0.16631355726770708,6808081,NC
-0.171269689025831,6808082,NC
-0.18622586438034042,6808083,NC
-0.18118208336679414,6808084,NC
-0.16613834602071603,6808085,NC
-0.14609465237759406,6808086,NC
-0.15105100247288095,6808087,NC
-0.16100739634199396,6808088,NC
-0.16596383402031475,6808089,NC
-0.17092031554318954,6808090,NC
-0.13087684094592886,6808091,NC
-0.12083341026380769,6808092,NC
-0.14079002353206538,6808093,NC
-0.15074668078590558,6808094,NC
-0.16070338206049634,6808095,NC
-0.14566012739096995,6808096,NC
-0.13061691681242277,6808097,NC
-0.10557375035991576,6808098,NC
-0.08053062806847366,6808099,NC
-0.08548754997308582,6808100,NC
-0.0804445161087053,6808101,NC
-0.03540152651024953,6808102,NC
0.044641418787400015,6808103,NC
0.13468431974939785,6808104,NC
0.19472717634093448,6808105,NC
0.25976998852723626,6808106,NC
0.30481275627356585,6808107,NC
0.31485547954522175,6808108,NC
0.3398981583075385,6808109,NC
0.289940792525887,6808110,NC
0.20998338216567414,6808111,NC
0.13002592719234293,6808112,NC
0.09006842757137268,6808113,NC
0.12011088326827883,6808114,NC
0.20015329424861328,6808115,NC
0.3301956604779639,6808116,NC
0.47523798192195515,6808117,NC
0.6002802585462477,6808118,NC
0.6803224903165386,6808119,NC
0.7653646771985612,6808120,NC
0.8054068191580854,6808121,NC
0.7904489161609177,6808122,L
0.7054909681729008,6808123,NC
0.5605329751599138,6808124,NC
0.4455749370878729,6808125,NC
0.3506168539227302,6808126,NC
0.2606587256304747,6808127,NC
0.1507005521771322,6808128,NC
0.0057423335287647564,6808129,NC
-0.12921593034852857,6808130,NC
-0.26417423948861235,6808131,NC
-0.35913259392531405,6808132,NC
-0.40409099369242474,6808133,NC
-0.4290494388236984,6808134,NC
-0.4390079293528525,6808135,NC
-0.4389664653135674,6808136,NC
-0.39392504673948686,6808137,NC
-0.3588836736642174,6808138,NC
-0.30884234612132905,6808139,NC
-0.27880106414435457,6808140,NC
-0.24875982776678987,6808141,NC
-0.26871863702209386,6808142,NC
-0.2636774919436884,6808143,NC
-0.2536363925649583,6808144,NC
-0.23859533891925136,6808145,NC
-0.23355433103987808,6808146,NC
-0.24851336896011214,6808147,NC
-0.24347245271318968,6808148,NC
-0.24843158233231005,6808149,NC
-0.23839075785063496,6808150,NC
-0.2383499793012893,6808151,NC
-0.22830924671736036,6808152,NC
-0.2332685601318983,6808153,NC
-0.22822791957791594,6808154,NC
-0.24318732508838872,6808155,NC
-0.25314677669625474,6808156,NC
-0.22810627443441459,6808157,NC
-0.21306581833573165,6808158,NC
-0.20802540843303152,6808159,NC
-0.23298504475910267,6808160,NC
-0.23794472734669578,6808161,NC
-0.22290445622852426,6808162,NC
-0.20286423143726356,6808163,NC
-0.197824053005552,6808164,NC
-0.19778392096598998,6808165,NC
-0.2177438353511404,6808166,NC
-0.22270379619352834,6808167,NC
-0.20766380352564134,6808168,NC
-0.18262385737992914,6808169,NC
-0.1675839577888038,6808170,NC
-0.14754410478463953,6808171,NC
-0.15750429839977279,6808172,NC
-0.15246453866650217,6808173,NC
-0.14742482561708842,6808174,NC
-0.12738515928375443,6808175,NC
-0.09734553969868523,6808176,NC
-0.09730596689402775,6808177,NC
-0.0922664409018912,6808178,NC
-0.09722696175434656,6808179,NC
-0.08218752948342709,6808180,NC
-0.04714814412112763,6808181,NC
-0.022108805699405397,6808182,NC
-0.012069514250179166,6808183,NC
-0.012030269805329771,6808184,NC
-0.001991072396699864,6808185,NC
0.018048077943906046,6808186,NC
0.04808718118472167,6808187,NC
0.07312623729401892,6808188,NC
0.07316524624010794,6808189,NC
0.06820420799133715,6808190,NC
0.0682431225160933,6808191,NC
0.08828198978280138,6808192,NC
0.11332080975992478,6808193,NC
0.13835958241596535,6808194,NC
0.13339830771946304,6808195,NC
0.1284369856389966,6808196,NC
0.143475616143183,6808197,NC
0.16351419920067767,6808198,NC
0.18855273478017465,6808199,NC
0.2185912228504064,6808200,NC
0.20362966338014404,6808201,NC
0.2186680563381972,6808202,NC
0.21370640169341404,6808203,NC
0.2287446994146815,6808204,NC
0.23878294947092502,6808205,NC
0.24382115183110883,6808206,NC
0.23885930646423578,6808207,NC
0.19889741333934752,6808208,NC
0.1889354724255243,6808209,NC
0.17897348369188543,6808210,NC
0.15901144710758866,6808211,NC
0.1540493626418309,6808212,NC
0.1340872302638476,6808213,NC
0.0841250499429134,6808214,NC
0.05416282164834162,6808215,NC
0.044200545349484574,6808216,NC
0.019238221015733525,6808217,NC
0.004275848616518703,6808218,NC
-0.015686571878690637,6808219,NC
-0.06064904050038625,6808220,NC
-0.07561155727902083,6808221,NC
-0.08557412224500795,6808222,NC
-0.07053673542872219,6808223,NC
-0.08549939686049887,6808224,NC
-0.10046210657063431,6808225,NC
-0.10542486458938555,6808226,NC
-0.13038767094697046,6808227,NC
-0.1303505256735676,6808228,NC
-0.1303134287993166,6808229,NC
-0.12027638035431737,6808230,NC
-0.12523938036863086,6808231,NC
-0.14520242887227858,6808232,NC
-0.1701655258952427,6808233,NC
-0.155128671467466,6808234,NC
-0.14509186561885196,6808235,NC
-0.14005510837926452,6808236,NC
-0.15001839977852827,6808237,NC
-0.15998173984642827,6808238,NC
-0.18494512861271017,6808239,NC
-0.16490856610708007,6808240,NC
-0.1698720523592044,6808241,NC
-0.15483558739871034,6808242,NC
-0.15979917125518509,6808243,NC
-0.16976280395817667,6808244,NC
-0.174726485537193,6808245,NC
-0.17969021602170276,6808246,NC
-0.16965399544113474,6808247,NC
-0.149617823824878,6808248,NC
-0.169581701202282,6808249,NC
-0.1845456276026563,6808250,NC
-0.19450960305527082,6808251,NC
-0.18447362758935557,6808252,NC
-0.1844377012341008,6808253,NC
-0.1844018240186569,6808254,NC
-0.1743659959721344,6808255,NC
-0.1843302171236039,6808256,NC
-0.1942944875020961,6808257,NC
-0.19425880713660176,6808258,NC
-0.1742231760560716,6808259,NC
-0.17418759428941655,6808260,NC
-0.1841520618655073,6808261,NC
-0.1991165788131747,6808262,NC
-0.2040811451612093,6808263,NC
-0.18404576093836184,6808264,NC
-0.17401042617334272,6808265,NC
-0.1639751408948224,6808266,NC
-0.16893990513143103,6808267,NC
-0.1939047189117587,6808268,NC
-0.20886958226435526,6808269,NC
-0.19383449521773027,6808270,NC
-0.18879945780035318,6808271,NC
-0.17376447004065299,6808272,NC
-0.18872953196701867,6808273,NC
-0.1986946436077986,6808274,NC
-0.218659804991301,6808275,NC
-0.19862501614579361,6808276,NC
-0.19859027709950391,6808277,NC
-0.18355558788061888,6808278,NC
-0.18852094851728513,6808279,NC
-0.21348635903760876,6808280,NC
-0.2134518194696554,6808281,NC
-0.2134173298414503,6808282,NC
-0.19838289018097793,6808283,NC
-0.18334850051618254,6808284,NC
-0.20331416087496762,6808285,NC
-0.21327987128519607,6808286,NC
-0.21824563177469022,6808287,NC
-0.22321144237123172,6808288,NC
-0.20317730310256177,6808289,NC
-0.20314321399638052,6808290,NC
-0.2031091750803478,6808291,NC
-0.21807518638208234,6808292,NC
-0.23804124792916248,6808293,NC
-0.2330073597491256,6808294,NC
-0.21297352186946839,6808295,NC
-0.21793973431764652,6808296,NC
-0.21290599712107502,6808297,NC
-0.237872310307128,6808298,NC
-0.24783867390313874,6808299,NC
-0.24780508793639958,6808300,NC
-0.22777155243416186,6808301,NC
-0.2177380674236362,6808302,NC
-0.21770463293199183,6808303,NC
-0.22767124898635746,6808304,NC
-0.2426379156138205,6808305,NC
-0.2376046328414275,6808306,NC
-0.2275714006961837,6808307,NC
-0.2275382192050536,6808308,NC
-0.21750508839496036,6808309,NC
-0.22747200829278597,6808310,NC
-0.24243897892537153,6808311,NC
-0.25240600031951677,6808312,NC
-0.23237307250198025,6808313,NC
-0.23734019549947946,6808314,NC
-0.2323073693386905,6808315,NC
-0.2422745940462483,6808316,NC
-0.23224186964874644,6808317,NC
-0.23220919617273733,6808318,NC
-0.212176573644732,6808319,NC
-0.1971440020912001,6808320,NC
-0.19711148153856986,6808321,NC
-0.2020790120132284,6808322,NC
-0.2070465935415211,6808323,NC
-0.20701422614975223,6808324,NC
-0.18198190986418428,6808325,NC
-0.17694964471103858,6808326,NC
-0.17691743071649482,6808327,NC
-0.1868852679066912,6808328,NC
-0.20185315630772432,6808329,NC
-0.18682109594564938,6808330,NC
-0.17178908684647992,6808331,NC
-0.15675712903618785,6808332,NC
-0.15672522254070353,6808333,NC
-0.15169336738591566,6808334,NC
-0.1616615635976713,6808335,NC
-0.16162981120177577,6808336,NC
-0.14659811022399274,6808337,NC
-0.1565664606900442,6808338,NC
-0.15653486262561034,6808339,NC
-0.1615033160563296,6808340,NC
-0.18147182100779857,6808341,NC
-0.18144037750557218,6808342,NC
-0.1764089855751634,6808343,NC
-0.17637764524204347,6808344,NC
-0.18634635653164172,6808345,NC
-0.21131511946934556,6808346,NC
-0.22628393408050046,6808347,NC
-0.2362528003904101,6808348,NC
-0.23122171842433611,6808349,NC
-0.2161906882074982,6808350,NC
-0.23115970976507394,6808351,NC
-0.24112878312219915,6808352,NC
-0.24609790830396747,6808353,NC
-0.25606708533543043,6808354,NC
-0.2560363142415976,6808355,NC
-0.25100559504743636,6808356,NC
-0.2509749277778722,6808357,NC
-0.26594431245778827,6808358,NC
-0.28091374911202543,6808359,NC
-0.28088323776538276,6808360,NC
-0.27585277844261696,6808361,NC
-0.27082237116844243,6808362,NC
-0.27579201596753133,6808363,NC
-0.2757617128645138,6808364,NC
-0.2857314618839774,6808365,NC
-0.27570126305046777,6808366,NC
-0.28067111638848785,6808367,NC
-0.28564102192249846,6808368,NC
-0.2956109796769181,6808369,NC
-0.3105809896761228,6808370,NC
-0.3055510519444462,6808371,NC
-0.3055211665061795,6808372,NC
-0.29049133338557165,6808373,NC
-0.295461552606829,6808374,NC
-0.2904318241941154,6808375,NC
-0.3054021481715523,6808376,NC
-0.3103725245632186,6808377,NC
-0.30534295339315076,6808378,NC
-0.3203134346853425,6808379,NC
-0.3102839684637452,6808380,NC
-0.30525455475226737,6808381,NC
-0.2952251935747753,6808382,NC
-0.3201958849550922,6808383,NC
-0.3101666289169991,6808384,NC
-0.30013742548423394,6808385,NC
-0.2801082746804924,6808386,NC
-0.29507917652942695,6808387,NC
-0.31005013105464785,6808388,NC
-0.32002113827972234,6808389,NC
-0.3099921982281748,6808390,NC
-0.29496331092348715,6808391,NC
-0.2899344763890983,6808392,NC
-0.2899056946484043,6808393,NC
-0.3098769657247586,6808394,NC
-0.3148482896414715,6808395,NC
-0.30481966642181063,6808396,NC
-0.2847910960890006,6808397,NC
-0.27476257866622333,6808398,NC
-0.2847341141766174,6808399,NC
-0.27970570264327893,6808400,NC
-0.2946773440892607,6808401,NC
-0.26964903853757277,6808402,NC
-0.2446207860111818,6808403,NC
-0.214592586533012,6808404,NC
-0.19956444012594393,6808405,NC
-0.1695363468128156,6808406,NC
-0.14450830661642158,6808407,NC
-0.07448031955951363,6808408,NC
0.030547614335199896,6808409,NC
0.11557549504505359,6808410,NC
0.17060332254742522,6808411,NC
0.2156310968197358,6808412,NC
0.23565881783944945,6808413,NC
0.2356864855840735,6808414,NC
0.20571410003115864,6808415,NC
0.14574166115829862,6808416,NC
0.030769168943130573,6808417,NC
-0.044203376636665084,6808418,NC
-0.07417597560336477,6808419,NC
-0.019148627979201346,6808420,NC
0.10587866621363543,6808421,NC
0.22590590695299928,6808422,NC
0.33093309421678724,6808423,NC
0.4509602279829398,6808424,NC
0.5309873082294407,6808425,NC
0.5660143349343174,6808426,NC
0.6010413080756406,6808427,L
0.5760682276315243,6808428,NC
0.46609509358012646,6808429,NC
0.331121905899648,6808430,NC
0.18614866456833368,6808431,NC
0.07117536956447172,6808432,NC
-0.013797979133606156,6808433,NC
-0.10377138154752455,6808434,NC
-0.2187448376988646,6808435,NC
-0.34871834760916376,6808436,NC
-0.45869191129991604,6808437,NC
-0.5336655287925713,6808438,NC
-0.5786392001085368,6808439,NC
-0.6036129252691746,6808440,NC
-0.6335867042958044,6808441,NC
-0.6335605372097017,6808442,NC
-0.6185344240320985,6808443,NC
-0.5735083647841822,6808444,NC
-0.5184823594870974,6808445,NC
-0.47345640816194495,6808446,NC
-0.43343051082978107,6808447,NC
-0.43340466751161894,6808448,NC
-0.40837887822842756,6808449,NC
-0.3883531430011322,6808450,NC
-0.36832746185061416,6808451,NC
-0.35330183479771105,6808452,NC
-0.3582762618632164,6808453,NC
-0.37325074306788,6808454,NC
-0.3932252784324075,6808455,NC
-0.38819986797746076,6808456,NC
-0.3481745117236576,6808457,NC
-0.343149209691572,6808458,NC
-0.3481239619017337,6808459,NC
-0.3580987683746288,6808460,NC
-0.36807362913069896,6808461,NC
-0.348048544190342,6808462,NC
-0.3480235135739117,6808463,NC
-0.32299853730171774,6808464,NC
-0.3329736153940256,6808465,NC
-0.34794874787105684,6808466,NC
-0.35792393475298867,6808467,NC
-0.34289917605995446,6808468,NC
-0.33287447181204305,6808469,NC
-0.3178498220292994,6808470,NC
-0.3278252267317241,6808471,NC
-0.34280068593927354,6808472,NC
-0.3377761996718601,6808473,NC
-0.3377517679493517,6808474,NC
-0.31272739079157197,6808475,NC
-0.2877030682183005,6808476,NC
-0.29267880024927234,6808477,NC
-0.3026545869041784,6808478,NC
-0.3076304282026652,6808479,NC
-0.30260632416433497,6808480,NC
-0.30258227480874544,6808481,NC
-0.2625582801554102,6808482,NC
-0.26253434022379835,6808483,NC
-0.2625104550333345,6808484,NC
-0.2724866246033989,6808485,NC
-0.2624628489533275,6808486,NC
-0.23243912810241155,6808487,NC
-0.20241546206989813,6808488,NC
-0.19739185087498956,6808489,NC
-0.2173682945368438,6808490,NC
-0.2223447930745744,6808491,NC
-0.19732134650725022,6808492,NC
-0.1822979548538956,6808493,NC
-0.15227461813349039,6808494,NC
-0.14225133636496984,6808495,NC
-0.16722810956722456,6808496,NC
-0.15720493775910072,6808497,NC
-0.1271818209593996,6808498,NC
-0.11215875918687811,6808499,NC
-0.07713575246024836,6808500,NC
-0.07211280079817795,6808501,NC
-0.0770899042192895,6808502,NC
-0.07206706274216132,6808503,NC
-0.057044276385326664,6808504,NC
-0.03702154516727431,6808505,NC
-0.016998869106448183,6808506,NC
0.003023751778752526,6808507,NC
0.008046317469973405,6808508,NC
0.003068827948904798,6808509,NC
0.018091283197281885,6808510,NC
0.043113683196884627,6808511,NC
0.06313602792953783,6808512,NC
0.06315831737711114,6808513,NC
0.06318055152151907,6808514,NC
0.07820273034472096,6808515,NC
0.08322485382872113,6808516,NC
0.08824692195556869,6808517,NC
0.11326893470735776,6808518,NC
0.11829089206622734,6808519,NC
0.10331279401436139,6808520,NC
0.0983346405339888,6808521,NC
0.09335643160738352,6808522,NC
0.08837816721686438,6808523,NC
0.07839984734479527,6808524,NC
0.043421471973585125,6808525,NC
0.008443041085687858,6808526,NC
-0.016535445336397572,6808527,NC
-0.036513987310127116,6808528,NC
-0.04149258485291163,6808529,NC
-0.05647123798211698,6808530,NC
-0.07644994671506375,6808531,NC
-0.12142871106902765,6808532,NC
-0.14140753106123904,6808533,NC
-0.17638640670888328,6808534,NC
-0.17636533802910048,6808535,NC
-0.18634432503898563,6808536,NC
-0.22132336775558847,6808537,NC
-0.23630246619591366,6808538,NC
-0.2562816203769206,6808539,NC
-0.2512608303155233,6808540,NC
-0.26124009602859083,6808541,NC
-0.2612194175329467,6808542,NC
-0.26619879484536935,6808543,NC
-0.28117822798259184,6808544,NC
-0.3011577169613021,6808545,NC
-0.3161372617981425,6808546,NC
-0.29611686250971025,6808547,NC
-0.2810965191125572,6808548,NC
-0.29107623162318974,6808549,NC
-0.32605600005806923,6808550,NC
-0.3410358244336111,6808551,NC
-0.31601570476618596,6808552,NC
-0.31599564107211864,6808553,NC
-0.2959756333676886,6808554,NC
-0.30095568166913017,6808555,NC
-0.3209357859926319,6808556,NC
-0.3309159463543369,6808557,NC
-0.33589616277034307,6808558,NC
-0.31587643525670256,6808559,NC
-0.3158567638294222,6808560,NC
-0.32583714850446316,6808561,NC
-0.3458175892977412,6808562,NC
-0.3457980862251266,6808563,NC
-0.3507786393024439,6808564,NC
-0.32575924854547234,6808565,NC
-0.31073991396994527,6808566,NC
-0.32072063559155073,6808567,NC
-0.34570141342593097,6808568,NC
-0.3406822474886828,6808569,NC
-0.3356631377953574,6808570,NC
-0.33064408436146003,6808571,NC
-0.31562508720245064,6808572,NC
-0.31560614633374334,6808573,NC
-0.3255872617707066,6808574,NC
-0.3505684335286633,6808575,NC
-0.34554966162289047,6808576,NC
-0.3355309460686196,6808577,NC
-0.31051228688103616,6808578,NC
-0.3154936840752802,6808579,NC
-0.31547513766644597,6808580,NC
-0.3354566476695818,6808581,NC
-0.3304382140996903,6808582,NC
-0.31541983697172843,6808583,NC
-0.3054015163006072,6808584,NC
-0.3253832521011919,6808585,NC
-0.330365044388302,6808586,NC
-0.335346893176711,6808587,NC
-0.3353287984811468,6808588,NC
-0.33531076031629115,6808589,NC
-0.3052927786967802,6808590,NC
-0.3352748536372041,6808591,NC
-0.33025698515210705,6808592,NC
-0.3402391732559874,6808593,NC
-0.33522141796329774,6808594,NC
-0.3102037192884445,6808595,NC
-0.29518607724578816,6808596,NC
-0.30516849184964345,6808597,NC
-0.32515096311427905,6808598,NC
-0.34013349105391755,6808599,NC
-0.3251160756827358,6808600,NC
-0.32009871701486436,6808601,NC
-0.295081415064388,6808602,NC
-0.3050641698453454,6808603,NC
-0.3150469813717292,6808604,NC
-0.34002984965748595,6808605,NC
-0.3350127747165163,6808606,NC
-0.31999575656267465,6808607,NC
-0.29997879520976944,6808608,NC
-0.2999618906715629,6808609,NC
-0.3199450429617715,6808610,NC
-0.32992825209406507,6808611,NC
-0.32991151808206776,6808612,NC
-0.32489484093935733,6808613,NC
-0.3048782206794656,6808614,NC
-0.314861657315878,6808615,NC
-0.33484515086203404,6808616,NC
-0.32982870133132686,6808617,NC
-0.31981230873710353,6808618,NC
-0.3197959730926649,6808619,NC
-0.2997796944112655,6808620,NC
-0.3097634727061138,6808621,NC
-0.3347473079903721,6808622,NC
-0.3347312002771561,6808623,NC
-0.3197151495795356,6808624,NC
-0.30469915591053404,6808625,NC
-0.29468321928312846,6808626,NC
-0.29966733971024995,6808627,NC
-0.2996515172047828,6808628,NC
-0.29463575177956547,6808629,NC
-0.2896200434473898,6808630,NC
-0.2646043922210015,6808631,NC
-0.2645887981130999,6808632,NC
-0.2595732611363378,6808633,NC
-0.2695577813033218,6808634,NC
-0.27954235862661225,6808635,NC
-0.2795269931187229,6808636,NC
-0.2595116847921214,6808637,NC
-0.24949643365922852,6808638,NC
-0.23948123973241908,6808639,NC
-0.24946610302402134,6808640,NC
-0.2494510235463171,6808641,NC
-0.22443600131154162,6808642,NC
-0.19942103633188407,6808643,NC
-0.1994061286194867,6808644,NC
-0.2143912781864456,6808645,NC
-0.24437648504481038,6808646,NC
-0.254361749206584,6808647,NC
-0.24434707068372302,6808648,NC
-0.2393324494881375,6808649,NC
-0.23931788563169099,6808650,NC
-0.23930337912620045,6808651,NC
-0.25928892998343644,6808652,NC
-0.27927453821512277,6808653,NC
-0.2642602038329369,6808654,NC
-0.26424592684850967,6808655,NC
-0.25923170727342526,6808656,NC
-0.2642175451192213,6808657,NC
-0.2742034403973889,6808658,NC
-0.2991893931193726,6808659,NC
-0.28417540329657015,6808660,NC
-0.2891614709403329,6808661,NC
-0.26914759606196537,6808662,NC
-0.2891337786727255,6808663,NC
-0.29412001878382477,6808664,NC
-0.3091063164064277,6808665,NC
-0.32409267155165244,6808666,NC
-0.33407908423057026,6808667,NC
-0.31906555445420576,6808668,NC
-0.3190520822335369,6808669,NC
-0.3190386675794951,6808670,NC
-0.3290253105029648,6808671,NC
-0.3290120110147838,6808672,NC
-0.3139987691257432,6808673,NC
-0.29398558484658754,6808674,NC
-0.3139724581880142,6808675,NC
-0.33395938916067436,6808676,NC
-0.3239463777751719,6808677,NC
-0.31893342404206415,6808678,NC
-0.31892052797186177,6808679,NC
-0.30890768957502857,6808680,NC
-0.30889490886198145,6808681,NC
-0.31388218584309063,6808682,NC
-0.3238695205286795,6808683,NC
-0.3238569129290245,6808684,NC
-0.3088443630543555,6808685,NC
-0.3188318709148552,6808686,NC
-0.3238194365206598,6808687,NC
-0.3338070598818584,6808688,NC
-0.32879474100849326,6808689,NC
-0.31878247991055997,6808690,NC
-0.2937702765980069,6808691,NC
-0.2737581310807359,6808692,NC
-0.29374604336860166,6808693,NC
-0.30373401347141216,6808694,NC
-0.3087220413989282,6808695,NC
-0.31371012716086405,6808696,NC
-0.2886982707668867,6808697,NC
-0.2836864722266163,6808698,NC
-0.28867473154962625,6808699,NC
-0.2986630487454427,6808700,NC
-0.31365142382354516,6808701,NC
-0.3036398567933658,6808702,NC
-0.2886283476642902,6808703,NC
-0.2836168964456567,6808704,NC
-0.26860550314675674,6808705,NC
-0.27859416777683477,6808706,NC
-0.2885828903450882,6808707,NC
-0.2685716708606676,6808708,NC
-0.25356050933267615,6808709,NC
-0.2235494057701704,6808710,NC
-0.20353836018215968,6808711,NC
-0.19852737257760622,6808712,NC
-0.18851644296542533,6808713,NC
-0.1285055713544852,6808714,NC
-0.05349475775360704,6808715,NC
0.03651599782843512,6808716,NC
0.11652669538291428,6808717,NC
0.18153733490115054,6808718,NC
0.22154791637451102,6808719,NC
0.28155843979441003,6808720,NC
0.2765689051523089,6808721,NC
0.2515793124397162,6808722,NC
0.18658966164818747,6808723,NC
0.0715999527693254,6808724,NC
-0.04338981420522009,6808725,NC
-0.093379639283752,6808726,NC
-0.08836952247452623,6808727,NC
-0.02835946378575145,6808728,NC
0.05665053677441079,6808729,NC
0.1266604791978461,6808730,NC
0.22667036347648722,6808731,NC
0.3216801896023142,6808732,NC
0.4066899575673542,6808733,NC
0.47669966736368147,6808734,NC
0.4967093189834176,6808735,NC
0.45171891241873136,6808736,L
0.36672844766183865,6808737,NC
0.2767379247050027,6808738,NC
0.20174734354053392,6808739,NC
0.13175670416078983,6808740,NC
0.031766006558175415,6808741,NC
-0.053224749274857305,6808742,NC
-0.12321556334580895,6808743,NC
-0.1932064356621329,6808744,NC
-0.23819736623123533,6808745,NC
-0.3031883550604751,6808746,NC
-0.3481794021571638,6808747,NC
-0.39317050752856575,6808748,NC
-0.42816167118189796,6808749,NC
-0.42315289312433024,6808750,NC
-0.393144173362985,6808751,NC
-0.37313551190493743,6808752,NC
-0.3381269087572153,6808753,NC
-0.32311836392679927,6808754,NC
-0.31810987742062236,6808755,NC
-0.2981014492455706,6808756,NC
-0.2730930794084825,6808757,NC
-0.24808476791614942,6808758,NC
-0.23307651477531502,6808759,NC
-0.23806831999267597,6808760,NC
-0.2580601835748815,6808761,NC
-0.2580521055285333,6808762,NC
-0.24304408586018594,6808763,NC
-0.21803612457634647,6808764,NC
-0.20802822168347473,6808765,NC
-0.21802037718798287,6808766,NC
-0.223012591096236,6808767,NC
-0.20300486341455176,6808768,NC
-0.19299719414920016,6808769,NC
-0.17298958330640407,6808770,NC
-0.1729820308923389,6808771,NC
-0.18797453691313262,6808772,NC
-0.18296710137486574,6808773,NC
-0.17795972428357143,6808774,NC
-0.1579524056452354,6808775,NC
-0.14294514546579595,6808776,NC
-0.13793794375114396,6808777,NC
-0.1329308005071228,6808778,NC
-0.1329237157395285,6808779,NC
-0.11791668945410955,6808780,NC
-0.102909721656567,6808781,NC
-0.08290281235255456,6808782,NC
-0.08789596154767833,6808783,NC
-0.07288916924749697,6808784,NC
-0.0878824354575218,6808785,NC
-0.06787576018321649,6808786,NC
-0.03786914342999732,6808787,NC
-0.027862585203233092,6808788,NC
-0.012856085508245116,6808789,NC
0.002150355649692834,6808790,NC
-0.007843261734645557,6808791,NC
-0.002836937666439124,6808792,NC
0.03716932784918085,6808793,NC
0.057175534807130585,6808794,NC
0.06718168320237376,6808795,NC
0.07218777302992166,6808796,NC
0.087193804284833,6808797,NC
0.0971997769622141,6808798,NC
0.11220569105721873,6808799,NC
0.13721154656504828,6808800,NC
0.1422173434809516,6808801,NC
0.13722308180022513,6808802,NC
0.13722876151821284,6808803,NC
0.16723438263030627,6808804,NC
0.18723994513194445,6808805,NC
0.217245449018614,6808806,NC
0.22725089428584916,6808807,NC
0.22225628092923164,6808808,NC
0.22726160894439076,6808809,NC
0.23726687832700344,6808810,NC
0.2622720890727941,6808811,NC
0.29727724117753473,6808812,NC
0.29728233463704506,6808813,NC
0.30728736944719226,6808814,NC
0.3022923456038911,6808815,NC
0.3272972631031039,6808816,NC
0.34230212194084086,6808817,NC
0.37230692211315924,6808818,NC
0.3923116636161645,6808819,NC
0.3923163464460092,6808820,NC
0.39232097059889387,6808821,NC
0.4123255360710665,6808822,NC
0.4423300428588225,6808823,NC
0.45733449095850537,6808824,NC
0.46733888036650584,6808825,NC
0.4523432110792623,6808826,NC
0.44234748309326094,6808827,NC
0.44235169640503547,6808828,NC
0.4423558510111672,6808829,NC
0.4223599469082851,6808830,NC
0.3923639840930659,6808831,NC
0.34736796256223373,6808832,NC
0.3123718823125605,6808833,NC
0.28737574334086585,6808834,NC
0.2873795456440169,6808835,NC
0.27738328921892846,6808836,NC
0.2423869740625631,6808837,NC
0.2123906001719309,6808838,NC
0.1723941675440897,6808839,NC
0.1773976761761449,6808840,NC
0.18240112606524972,6808841,NC
