channel_0,sample #,type
-0.08619580590250797,6821675,NC
-0.08620854159761107,6821676,NC
-0.09122126223265843,6821677,NC
-0.10123396780542783,6821678,NC
-0.09624665831369966,6821679,NC
-0.06625933375525699,6821680,NC
-0.041271994127885514,6821681,NC
-0.021284639429373572,6821682,NC
-0.016297269657512062,6821683,NC
-0.0363098848100946,6821684,NC
-0.026322484884917396,6821685,NC
-0.021335069879779317,6821686,NC
-0.0163476397924818,6821687,NC
-0.0013601946208290222,6821688,NC
0.013627265637372307,6821689,NC
-0.011385259015687252,6821690,NC
-0.0013977685778197024,6821691,NC
0.013589736953160306,6821692,NC
0.013577257579435467,6821693,NC
0.003564793303185834,6821694,NC
-0.006447655873411173,6821695,NC
-0.01646008994818074,6821696,NC
-0.016472508918950732,6821697,NC
-0.01148491278355164,6821698,NC
0.003502698460183404,6821699,NC
-0.016509675185581357,6821700,NC
-0.02152203371868433,6821701,NC
-0.046534377136966586,6821702,NC
-0.04654670543827177,6821703,NC
-0.05155901862044625,6821704,NC
-0.03157131668133895,6821705,NC
-0.026583599618801537,6821706,NC
-0.03659586743068821,6821707,NC
-0.04160812011485594,6821708,NC
-0.05162035766916416,6821709,NC
-0.041632580091475135,6821710,NC
-0.03164478737965364,6821711,NC
-0.041656979531567176,6821712,NC
-0.06166915654508586,6821713,NC
-0.08168131841808242,6821714,NC
-0.07169346514843226,6821715,NC
-0.07170559673401343,6821716,NC
-0.06671771317270668,6821717,NC
-0.07672981446239527,6821718,NC
-0.0817419006009652,6821719,NC
-0.08175397158630512,6821720,NC
-0.07676602741630636,6821721,NC
-0.06677806808886275,6821722,NC
-0.03679009360187091,6821723,NC
-0.051802103953230066,6821724,NC
-0.06181409914084209,6821725,NC
-0.09182607916261153,6821726,NC
-0.0968380440164455,6821727,NC
-0.07184999370025384,6821728,NC
-0.06186192821194903,6821729,NC
-0.05187384754944621,6821730,NC
-0.056885751710663124,6821731,NC
-0.07689764069352018,6821732,NC
-0.08190951449594046,6821733,NC
-0.08692137311584976,6821734,NC
-0.041933216551176364,6821735,NC
-0.051945044799851334,6821736,NC
-0.051956857859808345,6821737,NC
-0.06696865572898376,6821738,NC
-0.0719804384053166,6821739,NC
-0.05699220588674843,6821740,NC
-0.0420039581712236,6821741,NC
-0.047015695256689034,6821742,NC
-0.04202741714109441,6821743,NC
-0.0620391238223919,6821744,NC
-0.07705081529853648,6821745,NC
-0.052062491567485714,6821746,NC
-0.032074152627199835,6821747,NC
-0.03208579847564177,6821748,NC
-0.037097429110777,6821749,NC
-0.05210904453057377,6821750,NC
-0.047120644733002946,6821751,NC
-0.01713222971603806,6821752,NC
0.00285620052234474,6821753,NC
0.0328446459841666,6821754,NC
0.057833106671446005,6821755,NC
0.08282158258619883,6821756,NC
0.14281007373043822,6821757,NC
0.24779858010617473,6821758,NC
0.35778710171541617,6821759,NC
0.47277563856016785,6821760,NC
0.5677641906424321,6821761,NC
0.6127527579642089,6821762,NC
0.6627413405274956,6821763,NC
0.6627299383342866,6821764,NC
0.6327185513865737,6821765,NC
0.5927071796863465,6821766,NC
0.5476958232355911,6821767,NC
0.5126844820362916,6821768,NC
0.5276731560904293,6821769,NC
0.6076618453999826,6821770,NC
0.7226505499669277,6821771,NC
0.8426392697932374,6821772,NC
0.9476280048808825,6821773,NC
1.042616755231831,6821774,NC
1.082605520848048,6821775,NC
1.0875943017314964,6821776,NC
1.0475830978841356,6821777,L
0.9675719093079229,6821778,NC
0.8525607360048133,6821779,NC
0.7675495779767584,6821780,NC
0.6925384352257073,6821781,NC
0.6275273077536069,6821782,NC
0.5425161955624008,6821783,NC
0.4375050986540305,6821784,NC
0.3124940170304343,6821785,NC
0.1824829506935482,6821786,NC
0.07247189964530536,6821787,NC
-0.017539136112363574,6821788,NC
-0.0925501565775308,6821789,NC
-0.1375611617482711,6821790,NC
-0.17757215162266193,6821791,NC
-0.18258312619878345,6821792,NC
-0.17759408547471844,6821793,NC
-0.14260502944855247,6821794,NC
-0.10261595811837364,6821795,NC
-0.08762687148227281,6821796,NC
-0.08263776953834344,6821797,NC
-0.09764865228468175,6821798,NC
-0.11265951971938659,6821799,NC
-0.10267037184055954,6821800,NC
-0.08768120864630471,6821801,NC
-0.09269203013472907,6821802,NC
-0.09770283630394211,6821803,NC
-0.10771362715205612,6821804,NC
-0.12272440267718598,6821805,NC
-0.10273516287744928,6821806,NC
-0.08274590775096628,6821807,NC
-0.07775663729585996,6821808,NC
-0.08276735151025592,6821809,NC
-0.09277805039228244,6821810,NC
-0.09278873394007049,6821811,NC
-0.07779940215175377,6821812,NC
-0.06281005502546858,6821813,NC
-0.04782069255935394,6821814,NC
-0.052831314751551534,6821815,NC
-0.06784192160020577,6821816,NC
-0.07285251310346368,6821817,NC
-0.072863089259475,6821818,NC
-0.057873650066392154,6821819,NC
-0.0328841955223702,6821820,NC
-0.03789472562556698,6821821,NC
-0.05290524037414293,6821822,NC
-0.05791573976626119,6821823,NC
-0.042926223800087565,6821824,NC
-0.03293669247379059,6821825,NC
-0.0029471457855414634,6821826,NC
-0.02795758373351405,6821827,NC
-0.0229680063158849,6821828,NC
-0.03297841353083327,6821829,NC
-0.007988805376541092,6821830,NC
0.007000818148807014,6821831,NC
0.021990457047023765,6821832,NC
0.016980111319919167,6821833,NC
0.03196978096930056,6821834,NC
0.03195946599697255,6821835,NC
0.04194916640473717,6821836,NC
0.06693888219439362,6821837,NC
0.0869286133677385,6821838,NC
0.07691835992656572,6821839,NC
0.07690812187266648,6821840,NC
0.07689789920782929,6821841,NC
0.10688769193384,6821842,NC
0.11187750005248175,6821843,NC
0.15186732356553492,6821844,NC
0.1468571624747774,6821845,NC
0.1518470167819842,6821846,NC
0.16183688648892772,6821847,NC
0.1718267715973776,6821848,NC
0.22181667210910092,6821849,NC
0.23180658802586196,6821850,NC
0.24179651934942234,6821851,NC
0.236786466081541,6821852,NC
0.25177642822397417,6821853,NC
0.28176640577847534,6821854,NC
0.3017563987467955,6821855,NC
0.32174640713068264,6821856,NC
0.33173643093188243,6821857,NC
0.33672647015213747,6821858,NC
0.34671652479318793,6821859,NC
0.38670659485677117,6821860,NC
0.4016966803446219,6821861,NC
0.43668678125847216,6821862,NC
0.44667689760005114,6821863,NC
0.4466670293710855,6821864,NC
0.46165717657329924,6821865,NC
0.47164733920841345,6821866,NC
0.4816375172781466,6821867,NC
0.49662771078421475,6821868,NC
0.46161791972833094,6821869,NC
0.4516081441122055,6821870,NC
0.4315983839375462,6821871,NC
0.42658863920605816,6821872,NC
0.4265789099194436,6821873,NC
0.4015691960794022,6821874,NC
0.3765594976876311,6821875,NC
0.3415498147458242,6821876,NC
0.3115401472556733,6821877,NC
0.29653049521886715,6821878,NC
0.28152085863709186,6821879,NC
0.27151123751203093,6821880,NC
0.2515016318453652,6821881,NC
0.23649204163877255,6821882,NC
0.21648246689392836,6821883,NC
0.20147290761250536,6821884,NC
0.20646336379617342,6821885,NC
0.2214538354465998,6821886,NC
0.20644432256544903,6821887,NC
0.191434825154383,6821888,NC
0.16642534321506075,6821889,NC
0.1714158767491388,6821890,NC
0.1764064257582708,6821891,NC
0.17639699024410782,6821892,NC
0.1613875702082982,6821893,NC
0.15637816565248752,6821894,NC
0.1563687765783187,6821895,NC
0.15635940298743195,6821896,NC
0.16635004488146482,6821897,NC
0.17634070226205206,6821898,NC
0.17133137513082575,6821899,NC
0.15632206348941524,6821900,NC
0.14131276733944736,6821901,NC
0.15130348668254592,6821902,NC
0.16629422152033232,6821903,NC
0.17128497185442504,6821904,NC
0.16127573768643996,6821905,NC
0.1512665190179902,6821906,NC
0.15125731585068627,6821907,NC
0.15624812818613587,6821908,NC
0.17623895602594397,6821909,NC
0.18622979937171297,6821910,NC
0.1712206582250424,6821911,NC
0.16121153258752918,6821912,NC
0.15120242246076754,6821913,NC
0.17119332784634889,6821914,NC
0.16618424874586207,6821915,NC
0.1661751851608931,6821916,NC
0.16116613709302532,6821917,NC
0.14615710454383934,6821918,NC
0.15114808751491318,6821919,NC
0.141139086007822,6821920,NC
0.16613010002413828,6821921,NC
0.17112112956543182,6821922,NC
0.1561121746332697,6821923,NC
0.15110323522921634,6821924,NC
0.14109431135483336,6821925,NC
0.14608540301167966,6821926,NC
0.1660765102013115,6821927,NC
0.18606763292528244,6821928,NC
0.18105877118514319,6821929,NC
0.1660499249824419,6821930,NC
0.16604109431872388,6821931,NC
0.1660322791955319,6821932,NC
0.16102347961440583,6821933,NC
0.1810146955768829,6821934,NC
0.18600592708449762,6821935,NC
0.16599717413878176,6821936,NC
0.15098843674126447,6821937,NC
0.1659797148934721,6821938,NC
0.17597100859692827,6821939,NC
0.18096231785315392,6821940,NC
0.17095364266366725,6821941,NC
0.16094498302998375,6821942,NC
0.14593633895361624,6821943,NC
0.1659277104360748,6821944,NC
0.18591909747886673,6821945,NC
0.18091050008349666,6821946,NC
0.15090191825146648,6821947,NC
0.14589335198427542,6821948,NC
0.13588480128341993,6821949,NC
0.15587626615039377,6821950,NC
0.15086774658668795,6821951,NC
0.1608592425937908,6821952,NC
0.1708507541731879,6821953,NC
0.14584228132636212,6821954,NC
0.13583382405479366,6821955,NC
0.1408253823599599,6821956,NC
0.16081695624333547,6821957,NC
0.17080854570639248,6821958,NC
0.15580015075060016,6821959,NC
0.14579177137742505,6821960,NC
0.13078340758833096,6821961,NC
0.135775059384779,6821962,NC
0.1457667267682275,6821963,NC
0.14575840974013218,6821964,NC
0.15075010830194596,6821965,NC
0.14074182245511901,6821966,NC
0.1257335522010988,6821967,NC
0.13072529754133017,6821968,NC
0.16071705847725504,6821969,NC
0.1707088350103128,6821970,NC
0.16070062714194003,6821971,NC
0.13569243487357058,6821972,NC
0.14568425820663555,6821973,NC
0.16567609714256337,6821974,NC
0.18566795168277977,6821975,NC
0.21565982182870763,6821976,NC
0.2106517075817672,6821977,NC
0.21064360894337608,6821978,NC
0.2156355259149489,6821979,NC
0.21562745849789783,6821980,NC
0.22561940669363212,6821981,NC
0.2256113705035584,6821982,NC
0.21560334992908053,6821983,NC
0.22059534497159966,6821984,NC
0.23058735563251417,6821985,NC
0.24557938191321982,6821986,NC
0.26557142381510945,6821987,NC
0.2805634813395734,6821988,NC
0.25555555448799905,6821989,NC
0.2455476432617713,6821990,NC
0.23053974766227212,6821991,NC
0.2205318676908808,6821992,NC
0.23552400334897394,6821993,NC
0.24551615463792542,6821994,NC
0.2155083215591063,6821995,NC
0.20050050411388498,6821996,NC
0.19549270230362714,6821997,NC
0.2004849161296957,6821998,NC
0.20547714559345084,6821999,NC
0.19546939069625002,6822000,NC
0.19046165143944804,6822001,NC
0.16545392782439675,6822002,NC
0.1654462198524455,6822003,NC
0.17043852752494087,6822004,NC
0.18043085084322655,6822005,NC
0.18042318980864366,6822006,NC
0.17041554442253054,6822007,NC
0.16040791468622279,6822008,NC
0.15040030060105325,6822009,NC
0.17039270216835206,6822010,NC
0.17038511938944664,6822011,NC
0.16537755226566161,6822012,NC
0.1403700007983189,6822013,NC
0.13036246498873771,6822014,NC
0.13035494483823457,6822015,NC
0.14534744034812305,6822016,NC
0.15533995151971425,6822017,NC
0.1553324783543164,6822018,NC
0.13032502085323494,6822019,NC
0.12531757901777274,6822020,NC
0.1253101528492298,6822021,NC
0.13030274234890343,6822022,NC
0.13529534751808814,6822023,NC
0.13028796835807585,6822024,NC
0.12528060487015558,6822025,NC
0.1302732570556137,6822026,NC
0.12026592491573383,6822027,NC
0.12525860845179687,6822028,NC
0.1252513076650809,6822029,NC
0.1452440225568614,6822030,NC
0.13523675312841096,6822031,NC
0.1202294993809995,6822032,NC
0.12522226131589423,6822033,NC
0.1252150389343596,6822034,NC
0.1302078322376573,6822035,NC
0.15020064122704624,6822036,NC
0.14019346590378273,6822037,NC
0.1301863062691202,6822038,NC
0.11517916232430941,6822039,NC
0.12017203407059834,6822040,NC
0.15516492150923228,6822041,NC
0.17015782464145374,6822042,NC
0.17015074346850242,6822043,NC
0.14514367799161543,6822044,NC
0.14013662821202708,6822045,NC
0.16512959413096884,6822046,NC
0.18512257574966962,6822047,NC
0.1901155730693554,6822048,NC
0.20510858609124946,6822049,NC
0.22510161481657254,6822050,NC
0.2600946592465423,6822051,NC
0.32508771938237396,6822052,NC
0.42008079522527986,6822053,NC
0.5300738867764695,6822054,NC
0.6350669940371498,6822055,NC
0.7250601170085249,6822056,NC
0.7900532556917962,6822057,NC
0.8450464100881623,6822058,NC
0.8650395801988189,6822059,NC
0.8350327660249595,6822060,NC
0.7850259675677741,6822061,NC
0.7300191848284505,6822062,NC
0.7000124178081738,6822063,NC
0.7050056665081259,6822064,NC
0.7799989309294864,6822065,NC
0.8699922110734316,6822066,NC
0.979985506941136,6822067,NC
1.08997881853377,6822068,NC
1.2049721458525027,6822069,NC
1.2849654888984996,6822070,NC
1.3299588476729234,6822071,NC
1.2999522221769344,6822072,L
1.1999456124116903,6822073,NC
1.0749390183783454,6822074,NC
0.9749324400780517,6822075,NC
0.8949258775119586,6822076,NC
0.8099193306812124,6822077,NC
0.7399127995869565,6822078,NC
0.6249062842303323,6822079,NC
0.48489978461247785,6822080,NC
0.3648933007345286,6822081,NC
0.2698868325976171,6822082,NC
0.1798803802028734,6822083,NC
0.10487394355142461,6822084,NC
0.04986752264439527,6822085,NC
0.004861117482907018,6822086,NC
-0.030145271931921194,6822087,NC
-0.005151645598973173,6822088,NC
0.024841996482864503,6822089,NC
0.054835654314702525,6822090,NC
0.059829327897648846,6822091,NC
0.05482301723280862,6822092,NC
0.05981672232128428,6822093,NC
0.049810443164175544,6822094,NC
0.06980417976257929,6822095,NC
0.059797932117589714,6822096,NC
0.05479170023029821,6822097,NC
0.03978548410179353,6822098,NC
0.0347792837331615,6822099,NC
0.0597730991254853,6822100,NC
0.07476693027984538,6822101,NC
0.06976077719731937,6822102,NC
0.07975463987898218,6822103,NC
0.06474851832590592,6822104,NC
0.049742412539160064,6822105,NC
0.08473632251981114,6822106,NC
0.07973024826892317,6822107,NC
0.08472418978755715,6822108,NC
0.07471814707677157,6822109,NC
0.05971212013762196,6822110,NC
0.05470610897116125,6822111,NC
0.06470011357843954,6822112,NC
0.08469413396050415,6822113,NC
0.09468817011839972,6822114,NC
0.09968222205316807,6822115,NC
0.06467628976584829,6822116,NC
0.06467037325747671,6822117,NC
0.07466447252908692,6822118,NC
0.0946585875817097,6822119,NC
0.09965271841637315,6822120,NC
0.08964686503410256,6822121,NC
0.09464102743592048,6822122,NC
0.0796352056228467,6822123,NC
0.10462939959589825,6822124,NC
0.1296236093560894,6822125,NC
0.12961783490443166,6822126,NC
0.1396120762419338,6822127,NC
0.12460633336960182,6822128,NC
0.12960060628843895,6822129,NC
0.15959489499944568,6822130,NC
0.1895891995036198,6822131,NC
0.2045835198019561,6822132,NC
0.21457785589544692,6822133,NC
0.19957220778508172,6822134,NC
0.1895665754718472,6822135,NC
0.21956095895672711,6822136,NC
0.24955535824070285,6822137,NC
0.25954977332475265,6822138,NC
0.26954420420985226,6822139,NC
0.25953865089697453,6822140,NC
0.2645331133870896,6822141,NC
0.2945275916811649,6822142,NC
0.32952208578016484,6822143,NC
0.35451659568505145,6822144,NC
0.35951112139678376,6822145,NC
0.34450566291631807,6822146,NC
0.354500220244608,6822147,NC
0.3744947933826042,6822148,NC
0.40448938233125487,6822149,NC
0.41948398709150525,6822150,NC
0.4094786076642978,6822151,NC
0.42947324405057224,6822152,NC
0.4444678962512657,6822153,NC
0.44946256426731224,6822154,NC
0.48945724809964336,6822155,NC
0.5044519477491879,6822156,NC
0.5244466632168717,6822157,NC
0.5044413945036178,6822158,NC
0.4994361416103469,6822159,NC
0.49443090453797633,6822160,NC
0.4894256832874212,6822161,NC
0.4944204778595936,6822162,NC
0.45941528825540284,6822163,NC
0.4244101144757554,6822164,NC
0.3844049565215552,6822165,NC
0.3693998143937034,6822166,NC
0.35939468809309816,6822167,NC
0.33938957762063504,6822168,NC
0.31438448297720684,6822169,NC
0.2843794041637035,6822170,NC
0.2643743411810123,6822171,NC
0.23436929403001772,6822172,NC
0.24436426271160144,6822173,NC
0.24435924722664243,6822174,NC
0.2293542475760168,6822175,NC
0.20934926376059798,6822176,NC
0.19434429578125662,6822177,NC
0.17433934363886067,6822178,NC
0.18933440733427512,6822179,NC
0.1743294868683623,6822180,NC
0.1793245822419819,6822181,NC
0.1393196934559906,6822182,NC
0.15431482051124248,6822183,NC
0.14930996340858887,6822184,NC
0.1593051221488782,6822185,NC
0.16930029673295627,6822186,NC
0.15929548716166597,6822187,NC
0.14429069343584755,6822188,NC
0.13928591555633846,6822189,NC
0.13428115352397335,6822190,NC
0.11927640733958406,6822191,NC
0.10427167700399978,6822192,NC
0.07926696251804685,6822193,NC
0.07426226388254885,6822194,NC
0.08925758109832659,6822195,NC
0.10425291416619817,6822196,NC
0.1142482630869788,6822197,NC
0.11924362786148106,6822198,NC
0.12423900849051467,6822199,NC
0.09923440497488659,6822200,NC
0.09922981731540104,6822201,NC
0.10922524551285943,6822202,NC
0.12422068956806043,6822203,NC
0.11421614948179995,6822204,NC
0.10921162525487113,6822205,NC
0.09920711688806426,6822206,NC
0.08420262438216697,6822207,NC
0.09419814773796406,6822208,NC
0.1041936869562376,6822209,NC
0.10418924203776679,6822210,NC
0.10418481298332816,6822211,NC
0.08418039979369545,6822212,NC
0.0841760024696396,6822213,NC
0.09417162101192882,6822214,NC
0.08916725542132847,6822215,NC
0.10416290569860125,6822216,NC
0.09915857184450699,6822217,NC
0.07415425385980279,6822218,NC
0.05914995174524296,6822219,NC
0.04914566550157909,6822220,NC
0.07914139512955992,6822221,NC
0.08413714062993145,6822222,NC
0.08913290200343696,6822223,NC
0.08412867925081687,6822224,NC
0.06412447237280888,6822225,NC
0.044120281370147924,6822226,NC
0.0691161062435661,6822227,NC
0.06911194699379279,6822228,NC
0.0691078036215546,6822229,NC
0.05910367612757533,6822230,NC
0.039099564512576054,6822231,NC
0.06409546877727502,6822232,NC
0.06409138892238773,6822233,NC
0.07908732494862693,6822234,NC
0.07908327685670252,6822235,NC
0.0640792446473217,6822236,NC
0.04907522832118891,6822237,NC
0.044071227879005706,6822238,NC
0.05406724332147096,6822239,NC
0.05406327464928079,6822240,NC
0.04405932186312847,6822241,NC
0.034055384963704485,6822242,NC
0.014051463951696638,6822243,NC
0.029047558827789893,6822244,NC
0.04404366959266645,6822245,NC
0.0440397962470057,6822246,NC
0.04903593879148434,6822247,NC
0.01903209722677618,6822248,NC
-0.00097172844644762,6822249,NC
0.034024461772481224,6822250,NC
0.04902066788422828,6822251,NC
0.04901688988945628,6822252,NC
0.03401312778882523,6822253,NC
0.02400938158299236,6822254,NC
-0.0009943487273879198,6822255,NC
0.009001936858336071,6822256,NC
0.01899823834081321,6822257,NC
0.0189945557206896,6822258,NC
0.03399088899860857,6822259,NC
0.013987238175210678,6822260,NC
0.0189836032511337,6822261,NC
0.048979984227012635,6822262,NC
0.07897638110347967,6822263,NC
0.10897279388116428,6822264,NC
0.0839692225606931,6822265,NC
0.07896566714269009,6822266,NC
0.053962127627776246,6822267,NC
0.03895860401656999,6822268,NC
0.02895509630968683,6822269,NC
0.033951604507739555,6822270,NC
0.06394812861133814,6822271,NC
0.053944668621089806,6822272,NC
0.05394122453759902,6822273,NC
0.06893779636146741,6822274,NC
0.07893438409329387,6822275,NC
0.08893098773367446,6822276,NC
0.07892760728320258,6822277,NC
0.048924242742468704,6822278,NC
0.033920894112060604,6822279,NC
0.0339175613925633,6822280,NC
0.05891424458455896,6822281,NC
0.05391094368862702,6822282,NC
0.04890765870534415,6822283,NC
0.018904389635284152,6822284,NC
0.01890113647901817,6822285,NC
0.018897899237114477,6822286,NC
0.018894677910138616,6822287,NC
0.023891472498653338,6822288,NC
0.013888283003218566,6822289,NC
-0.006114890575608475,6822290,NC
-0.02111804823727341,6822291,NC
-0.011121189981224591,6822292,NC
-0.01612431580691319,6822293,NC
-0.016127425713793178,6822294,NC
-0.016130519701321205,6822295,NC
-0.031133597768956814,6822296,NC
-0.03613665991616228,6822297,NC
-0.026139706142402686,6822298,NC
-0.021142736447145843,6822299,NC
-0.011145750829862425,6822300,NC
-0.016148749290025785,6822301,NC
-0.03115173182711213,6822302,NC
-0.03615469844060045,6822303,NC
-0.02615764912997247,6822304,NC
-0.02116058389471273,6822305,NC
-0.04616350273430858,6822306,NC
-0.0861664056482501,6822307,NC
-0.11616929263603012,6822308,NC
-0.1261721636971444,6822309,NC
-0.1161750188310913,6822310,NC
-0.07617785803737206,6822311,NC
-0.07118068131549073,6822312,NC
-0.06118348866495407,6822313,NC
-0.07618628008527166,6822314,NC
-0.09618905557595588,6822315,NC
-0.11119181513652183,6822316,NC
-0.08619455876648746,6822317,NC
-0.08119728646537348,6822318,NC
-0.08119999823270337,6822319,NC
-0.09120269406800341,6822320,NC
-0.10620537397080262,6822321,NC
-0.0962080379406329,6822322,NC
-0.08121068597702882,6822323,NC
-0.06121331807952782,6822324,NC
-0.061215934247670065,6822325,NC
-0.08121853448099854,6822326,NC
-0.09122111877905899,6822327,NC
-0.08122368714139996,6822328,NC
-0.06622623956757279,6822329,NC
-0.06122877605713159,6822330,NC
-0.07123129660963322,6822331,NC
-0.0912338012246374,6822332,NC
-0.10623628990170654,6822333,NC
-0.08623876264040592,6822334,NC
-0.06624121944030356,6822335,NC
-0.05124366030097028,6822336,NC
-0.06124608522197966,6822337,NC
-0.04624849420290811,6822338,NC
-0.041250887243334755,6822339,NC
-0.016253264342841606,6822340,NC
0.02874437449898666,6822341,NC
0.09874202928256248,6822342,NC
0.14873970000829556,6822343,NC
0.21873738667659284,6822344,NC
0.2987350892878584,6822345,NC
0.39873280784249354,6822346,NC
0.4837305423408969,6822347,NC
0.5437282927834642,6822348,NC
0.5737260591705886,6822349,NC
0.55372384150266,6822350,NC
0.5087216397800659,6822351,NC
0.448719454003191,6822352,NC
0.41371728417241715,6822353,NC
0.40871513028812334,6822354,NC
0.40871299235068587,6822355,NC
0.46871087036047826,6822356,NC
0.5587087643178711,6822357,NC
0.7037066742232324,6822358,NC
0.8437046000769273,6822359,NC
0.9637025418793179,6822360,NC
1.0237004996307641,6822361,NC
1.0336984733316226,6822362,NC
0.9936964629822472,6822363,L
0.9036944685829893,6822364,NC
0.8236924901341971,6822365,NC
0.7286905276362162,6822366,NC
0.6336885810893897,6822367,NC
0.5386866504940575,6822368,NC
0.4386847358505569,6822369,NC
0.34868283715922227,6822370,NC
0.25368095442038535,6822371,NC
0.14367908763437515,6822372,NC
0.028677236801517653,6822373,NC
-0.09132459807786376,6822374,NC
-0.1763264170034486,6822375,NC
-0.23632821997491898,6822376,NC
-0.2963300069919601,6822377,NC
-0.2963317780542597,6822378,NC
-0.29633353316150834,6822379,NC
-0.2963352723133995,6822380,NC
-0.29633699550962933,6822381,NC
-0.26633870274989674,6822382,NC
-0.24634039403390362,6822383,NC
-0.2263420693613544,6822384,NC
-0.22634372873195643,6822385,NC
-0.2313453721454199,6822386,NC
-0.25134699960145757,6822387,NC
-0.24134861109978528,6822388,NC
-0.23635020664012146,6822389,NC
-0.2263517862221874,6822390,NC
-0.2413533498457071,6822391,NC
-0.24635489751040746,6822392,NC
-0.2613564292160181,6822393,NC
-0.26135794496227144,6822394,NC
-0.23635944474890264,6822395,NC
-0.22636092857564977,6822396,NC
-0.2363623964422536,6822397,NC
-0.24636384834845768,6822398,NC
-0.2513652842940084,6822399,NC
-0.24636670427865487,6822400,NC
-0.23636810830214905,6822401,NC
-0.21636949636424568,6822402,NC
-0.21637086846470227,6822403,NC
-0.23637222460327909,6822404,NC
-0.24137356477973929,6822405,NC
-0.24137488899384868,6822406,NC
-0.251376197245376,6822407,NC
-0.24137748953409266,6822408,NC
-0.24637876585977292,6822409,NC
-0.24138002622219382,6822410,NC
-0.24638127062113518,6822411,NC
-0.2413824990563796,6822412,NC
-0.2213837115277125,6822413,NC
-0.20638490803492204,6822414,NC
-0.1963860885777992,6822415,NC
-0.2013872531561378,6822416,NC
-0.19638840176973438,6822417,NC
-0.2163895344183882,6822418,NC
-0.19639065110190151,6822419,NC
-0.18639175182007917,6822420,NC
-0.1913928365727289,6822421,NC
-0.1863939053596612,6822422,NC
-0.17139495818068937,6822423,NC
-0.16139599503562946,6822424,NC
-0.13639701592430037,6822425,NC
-0.1513980208465238,6822426,NC
-0.1363990098021241,6822427,NC
-0.14139998279092858,6822428,NC
-0.1564009398127672,6822429,NC
-0.14640188086747283,6822430,NC
-0.12140280595488105,6822431,NC
-0.10640371507483028,6822432,NC
-0.09640460822716167,6822433,NC
-0.1114054854117192,6822434,NC
-0.12140634662834963,6822435,NC
-0.09640719187690254,6822436,NC
-0.061408021157230236,6822437,NC
-0.031408834469187866,6822438,NC
-0.026409631812633325,6822439,NC
-0.011410413187427373,6822440,NC
-0.016411178593433468,6822441,NC
-0.0014119280305179144,6822442,NC
0.023587338501450242,6822443,NC
0.0485866210025991,6822444,NC
0.04858591947305399,6822445,NC
0.03358523391293748,6822446,NC
0.01858456432236935,6822447,NC
0.02358391070146655,6822448,NC
0.06858327305034327,6822449,NC
0.0935826513691109,6822450,NC
0.09858204565787806,6822451,NC
0.10858145591675056,6822452,NC
0.09358088214583138,6822453,NC
0.11858032434522081,6822454,NC
0.1535797825150163,6822455,NC
0.17357925665531246,6822456,NC
0.18357874676620117,6822457,NC
0.1685782528477715,6822458,NC
0.13857777490010975,6822459,NC
0.16357731292329938,6822460,NC
0.1435768669174211,6822461,NC
0.1535764368825529,6822462,NC
0.13857602281876985,6822463,NC
0.11857562472614425,6822464,NC
0.0935752426047457,6822465,NC
0.07857487645464092,6822466,NC
0.058574526275893865,6822467,NC
0.05857419206856575,6822468,NC
0.013573873832714925,6822469,NC
-0.02642642843160299,6822470,NC
-0.061426714724335224,6822471,NC
-0.07142698504543173,6822472,NC
-0.09642723939484532,6822473,NC
-0.09642747777253152,6822474,NC
-0.11142770017844872,6822475,NC
-0.13142790661255804,6822476,NC
-0.15142809707482346,6822477,NC
-0.15642827156521166,6822478,NC
-0.1464284300836922,6822479,NC
-0.13642857263023733,6822480,NC
-0.1464286992048222,6822481,NC
-0.15142880980742468,6822482,NC
-0.1614289044380255,6822483,NC
-0.16642898309660803,6822484,NC
-0.1714290457831586,6822485,NC
-0.1664290924976662,6822486,NC
-0.19142912324012273,6822487,NC
-0.20142913801052278,6822488,NC
-0.21142913680886383,6822489,NC
-0.201429119635146,6822490,NC
-0.17642908648937236,6822491,NC
-0.18142903737154867,6822492,NC
-0.1864289722816835,6822493,NC
-0.19642889121978827,6822494,NC
-0.2164287941858771,6822495,NC
-0.21642868117996694,6822496,NC
-0.20642855220207754,6822497,NC
-0.20642840725223144,6822498,NC
-0.20142824633045395,6822499,NC
-0.2014280694367732,6822500,NC
-0.21642787657122003,6822501,NC
-0.20142766773382825,6822502,NC
-0.1964274429246342,6822503,NC
-0.1914272021436773,6822504,NC
-0.20142694539099948,6822505,NC
-0.2264266726666457,6822506,NC
-0.24142638397066352,6822507,NC
-0.24142607930310342,6822508,NC
-0.2364257586640186,6822509,NC
-0.24642542205346513,6822510,NC
-0.2514250694715017,6822511,NC
-0.27142470091819004,6822512,NC
-0.28142431639359444,6822513,NC
-0.2814239158977821,6822514,NC
-0.261423499430823,6822515,NC
-0.2514230669927898,6822516,NC
-0.23642261858375818,6822517,NC
-0.2514221542038064,6822518,NC
-0.2614216738530157,6822519,NC
-0.25642117753146976,6822520,NC
-0.24142066523925546,6822521,NC
-0.24642013697646226,6822522,NC
-0.24641959274318243,6822523,NC
-0.2614190325395111,6822524,NC
-0.286418456365546,6822525,NC
-0.2664178642213879,6822526,NC
-0.26141725610714023,6822527,NC
-0.2564166320229092,6822528,NC
-0.2514159919688038,6822529,NC
-0.27141533594493594,6822530,NC
-0.2814146639514201,6822531,NC
-0.2864139759883738,6822532,NC
-0.26641327205591714,6822533,NC
-0.24641255215417313,6822534,NC
-0.2364118162832675,6822535,NC
-0.2464110644433288,6822536,NC
-0.2714102966344884,6822537,NC
-0.28140951285688043,6822538,NC
-0.27140871311064174,6822539,NC
-0.26640789739591214,6822540,NC
-0.2414070657128341,6822541,NC
-0.25640621806155295,6822542,NC
-0.2564053544422166,6822543,NC
-0.2714044748549761,6822544,NC
-0.27640357929998505,6822545,NC
-0.27140266777739985,6822546,NC
-0.28640174028737986,6822547,NC
-0.31640079683008693,6822548,NC
-0.31639983740568606,6822549,NC
-0.3213988620143447,6822550,NC
-0.2963978706562333,6822551,NC
-0.2963968633315251,6822552,NC
-0.301395840040396,6822553,NC
-0.32139480078302485,6822554,NC
-0.34139374555959306,6822555,NC
-0.3363926743702851,6822556,NC
-0.331391587215288,6822557,NC
-0.29639048409479174,6822558,NC
-0.29638936500898905,6822559,NC
-0.31638822995807536,6822560,NC
-0.32138707894224905,6822561,NC
-0.3313859119617111,6822562,NC
-0.30138472901666535,6822563,NC
-0.2763835301073186,6822564,NC
-0.29138231523388014,6822565,NC
-0.2913810843965623,6822566,NC
-0.31637983759558,6822567,NC
-0.3363785748311512,6822568,NC
-0.3413772961034963,6822569,NC
-0.33137600141283885,6822570,NC
-0.33637469075940496,6822571,NC
-0.32137336414342366,6822572,NC
-0.3263720215651265,6822573,NC
-0.33137066302474827,6822574,NC
-0.29636928852252614,6822575,NC
-0.27136789805870026,6822576,NC
-0.2563664916335136,6822577,NC
-0.26136506924721176,6822578,NC
-0.28636363090004324,6822579,NC
-0.3013621765922594,6822580,NC
-0.29136070632411415,6822581,NC
-0.28635922009586445,6822582,NC
-0.28635771790776987,6822583,NC
-0.3063561997600929,6822584,NC
-0.3063546656530987,6822585,NC
-0.30135311558705524,6822586,NC
-0.2663515495622334,6822587,NC
-0.2413499675789067,6822588,NC
-0.2313483696373515,6822589,NC
-0.2463467557378469,6822590,NC
-0.27134512588067494,6822591,NC
-0.2613434800661203,6822592,NC
-0.2813418182944704,6822593,NC
-0.2763401405660157,6822594,NC
-0.2913384468810492,6822595,NC
-0.3213367372398668,6822596,NC
-0.33633501164276713,6822597,NC
-0.33633327009005165,6822598,NC
-0.32633151258202464,6822599,NC
-0.3163297391189931,6822600,NC
-0.3213279497012668,6822601,NC
-0.3113261443291584,6822602,NC
-0.33632432300298326,6822603,NC
-0.33132248572305956,6822604,NC
-0.32132063248970827,6822605,NC
-0.31131876330325314,6822606,NC
-0.32631687816402066,6822607,NC
-0.34631497707234016,6822608,NC
-0.3613130600285438,6822609,NC
-0.3713111270329665,6822610,NC
-0.35130917808594575,6822611,NC
-0.3513072131878222,6822612,NC
-0.3463052323389391,6822613,NC
-0.3763032355396424,6822614,NC
-0.401301222790281,6822615,NC
-0.4062991940912065,6822616,NC
-0.3912971494427733,6822617,NC
-0.3712950888453386,6822618,NC
-0.38129301229926227,6822619,NC
-0.40129091980490716,6822620,NC
-0.4212888113626389,6822621,NC
-0.4262866869728256,6822622,NC
-0.4162845466358386,6822623,NC
-0.4062823903520516,6822624,NC
-0.40628021812184145,6822625,NC
-0.4262780299455876,6822626,NC
-0.4362758258236722,6822627,NC
-0.43127360575648044,6822628,NC
-0.42627136974440005,6822629,NC
-0.41126911778782166,6822630,NC
-0.4212668498871387,6822631,NC
-0.4162645660427473,6822632,NC
-0.43126226625504654,6822633,NC
-0.44125995052443806,6822634,NC
-0.4262576188513265,6822635,NC
-0.41625527123611916,6822636,NC
-0.40125290767922617,6822637,NC
-0.42125052818106035,6822638,NC
-0.42624813274203743,6822639,NC
-0.4262457213625759,6822640,NC
-0.4012432940430969,6822641,NC
-0.4012408507840246,6822642,NC
-0.4012383915857858,6822643,NC
-0.40123591644881007,6822644,NC
-0.4112334253735298,6822645,NC
-0.41123091836038017,6822646,NC
-0.41622839540979917,6822647,NC
-0.41122585652222754,6822648,NC
-0.42622330169810874,6822649,NC
-0.43122073093788915,6822650,NC
-0.43621814424201777,6822651,NC
-0.42621554161094666,6822652,NC
-0.40621292304513024,6822653,NC
-0.38121028854502614,6822654,NC
-0.3712076381110946,6822655,NC
-0.3612049717437985,6822656,NC
-0.3412022894436037,6822657,NC
-0.2961995912109788,6822658,NC
-0.24619687704639515,6822659,NC
-0.15619414695032688,6822660,NC
-0.09119140092325093,6822661,NC
-0.03118863896564704,6822662,NC
0.03381413892200234,6822663,NC
0.0988169327392119,6822664,NC
0.1488197424854936,6822665,NC
0.1738225681603566,6822666,NC
0.1338254097633072,6822667,NC
0.0638282672938491,6822668,NC
0.003831140751483053,6822669,NC
-0.036165969864292914,6822670,NC
-0.031163064553983558,6822671,NC
0.00883985668190361,6822672,NC
0.06884279384285823,6822673,NC
0.16384574692836723,6822674,NC
0.28384871593791466,6822675,NC
0.413851700870982,6822676,NC
0.5288547017270476,6822677,NC
0.5988577185055873,6822678,NC
0.6238607512060743,6822679,NC
0.5588637998279786,6822680,L
0.4988668643707676,6822681,NC
0.40886994483390604,6822682,NC
0.3338730412168558,6822683,NC
0.24387615351907588,6822684,NC
0.16887928174002256,6822685,NC
0.06388242587914944,6822686,NC
-0.04611441406409274,6822687,NC
-0.17111123809025608,6822688,NC
-0.2711080461998953,6822689,NC
-0.3761048383935681,6822690,NC
-0.47110161467183487,6822691,NC
-0.5710983750352587,6822692,NC
-0.6310951194844057,6822693,NC
-0.6660918480198442,6822694,NC
-0.6710885606421461,6822695,NC
-0.6410852573518856,6822696,NC
-0.6410819381496397,6822697,NC
-0.6010786030359881,6822698,NC
-0.5810752520115137,6822699,NC
-0.5610718850768017,6822700,NC
-0.5460685022324404,6822701,NC
-0.5410651034790207,6822702,NC
-0.5410616888171363,6822703,NC
-0.551058258247384,6822704,NC
-0.5610548117703626,6822705,NC
-0.5510513493866745,6822706,NC
-0.5510478710969247,6822707,NC
-0.5560443769017205,6822708,NC
-0.5660408668016723,6822709,NC
-0.5710373407973937,6822710,NC
-0.5860337988895002,6822711,NC
-0.6060302410786109,6822712,NC
-0.5760266673653471,6822713,NC
-0.5710230777503332,6822714,NC
-0.5560194722341963,6822715,NC
-0.5510158508175662,6822716,NC
-0.5560122135010757,6822717,NC
-0.5360085602853599,6822718,NC
-0.5260048911710572,6822719,NC
-0.5160012061588086,6822720,NC
-0.5209975052492577,6822721,NC
-0.5559937884430513,6822722,NC
-0.5609900557408383,6822723,NC
-0.5509863071432711,6822724,NC
-0.5359825426510044,6822725,NC
-0.510978762264696,6822726,NC
-0.505974965985006,6822727,NC
-0.5259711538125978,6822728,NC
-0.5259673257481374,6822729,NC
-0.5159634817922936,6822730,NC
-0.4959596219457376,6822731,NC
-0.47595574620914394,6822732,NC
-0.47095185458318956,6822733,NC
-0.4809479470685544,6822734,NC
-0.49094402366592105,6822735,NC
-0.4859400843759749,6822736,NC
-0.4609361291994041,6822737,NC
-0.42593215813689955,6822738,NC
-0.41092817118915503,6822739,NC
-0.41092416835686707,6822740,NC
-0.4209201496407349,6822741,NC
-0.4159161150414604,6822742,NC
-0.3909120645597487,6822743,NC
-0.37590799819630716,6822744,NC
-0.36090391595184623,6822745,NC
-0.37089981782707904,6822746,NC
-0.3908957038227215,6822747,NC
-0.3708915739394923,6822748,NC
-0.3558874281781129,6822749,NC
-0.32088326653930754,6822750,NC
-0.32087908902380324,6822751,NC
-0.32587489563232974,6822752,NC
-0.3358706863656197,6822753,NC
-0.3208664612244084,6822754,NC
-0.2958622202094338,6822755,NC
-0.275857963321437,6822756,NC
-0.2558536905611616,6822757,NC
-0.2608494019293539,6822758,NC
-0.24584509742676317,6822759,NC
-0.2408407770541414,6822760,NC
-0.2158364408122433,6822761,NC
-0.17083208870182642,6822762,NC
-0.15082772072365097,6822763,NC
-0.17082333687848011,6822764,NC
-0.17581893716707958,6822765,NC
-0.16081452159021803,6822766,NC
-0.1408100901486668,6822767,NC
-0.09080564284320006,6822768,NC
-0.07580117967459471,6822769,NC
-0.08579670064363042,6822770,NC
-0.0957922057510897,6822771,NC
-0.09078769499775771,6822772,NC
-0.0657831683844225,6822773,NC
-0.0607786259118748,6822774,NC
-0.0807740675809082,6822775,NC
-0.10076949339231896,6822776,NC
-0.11076490334690618,6822777,NC
-0.10576029744547172,6822778,NC
-0.10075567568882017,6822779,NC
-0.12575103807775895,6822780,NC
-0.14074638461309824,6822781,NC
-0.1657417152956509,6822782,NC
-0.20073703012623267,6822783,NC
-0.22073232910566204,6822784,NC
-0.2307276122347602,6822785,NC
-0.24072287951435117,6822786,NC
-0.25571813094526175,6822787,NC
-0.29071336652832147,6822788,NC
-0.3207085862643626,6822789,NC
-0.3257037901542203,6822790,NC
-0.3156989781987324,6822791,NC
-0.32569415039873945,6822792,NC
-0.3506893067550849,6822793,NC
-0.38068444726861483,6822794,NC
-0.4006795719401782,6822795,NC
-0.3906746807706268,6822796,NC
-0.3956697737608149,6822797,NC
-0.38566485091159985,6822798,NC
-0.38565991222384166,6822799,NC
-0.395654957698403,6822800,NC
-0.41564998733614933,6822801,NC
-0.4106450011379491,6822802,NC
-0.4106399991046733,6822803,NC
-0.39063498123719576,6822804,NC
-0.40062994753639297,6822805,NC
-0.41562489800314445,6822806,NC
-0.44061983263833215,6822807,NC
-0.45561475144284114,6822808,NC
-0.45060965441755896,6822809,NC
-0.425604541563376,6822810,NC
-0.43059941288118553,6822811,NC
-0.43559426837188336,6822812,NC
-0.45058910803636837,6822813,NC
-0.43058393187554195,6822814,NC
-0.4305787398903083,6822815,NC
-0.4305735320815745,6822816,NC
-0.4305683084502503,6822817,NC
-0.4505630689972482,6822818,NC
-0.4505578137234835,6822819,NC
-0.4405525426298743,6822820,NC
-0.43554725571734143,6822821,NC
-0.4255419529868085,6822822,NC
-0.42553663443920176,6822823,NC
-0.4405313000754503,6822824,NC
-0.4355259498964862,6822825,NC
-0.44052058390324395,6822826,NC
-0.430515202096661,6822827,NC
-0.4205098044776775,6822828,NC
-0.41550439104723635,6822829,NC
-0.4304989618062833,6822830,NC
-0.46549351675576667,6822831,NC
-0.49548805589663786,6822832,NC
-0.48048257922985077,6822833,NC
-0.4804770867563621,6822834,NC
-0.48547157847713135,6822835,NC
-0.48546605439312085,6822836,NC
-0.4854605145052955,6822837,NC
-0.4704549588146232,6822838,NC
-0.46044938732207447,6822839,NC
-0.4554438000286225,6822840,NC
-0.45543819693524357,6822841,NC
-0.47543257804291633,6822842,NC
-0.4904269433526224,6822843,NC
-0.48542129286534613,6822844,NC
-0.4554156265820746,6822845,NC
-0.4504099445037977,6822846,NC
-0.44540424663150807,6822847,NC
-0.47039853296620104,6822848,NC
-0.4753928035088748,6822849,NC
-0.49038705826053025,6822850,NC
-0.475381297222171,6822851,NC
-0.45537552039480345,6822852,NC
-0.4603697277794368,6822853,NC
-0.48036391937708306,6822854,NC
-0.49035809518875684,6822855,NC
-0.49035225521547554,6822856,NC
-0.4703463994582594,6822857,NC
-0.45034052791813145,6822858,NC
-0.47033464059611735,6822859,NC
-0.4853287374932456,6822860,NC
-0.49032281861054744,6822861,NC
-0.4903168839490568,6822862,NC
-0.48531093350981047,6822863,NC
-0.4853049672938479,6822864,NC
-0.46029898530221147,6822865,NC
-0.46529298753594606,6822866,NC
-0.48528697399609955,6822867,NC
-0.4902809446837224,6822868,NC
-0.48027489959986785,6822869,NC
-0.475268838745592,6822870,NC
-0.4902627621219537,6822871,NC
-0.5202566697300144,6822872,NC
-0.5202505615708384,6822873,NC
-0.5152444376454927,6822874,NC
-0.5052382979550473,6822875,NC
-0.5002321425005746,6822876,NC
-0.49022597128315,6822877,NC
-0.5002197843038515,6822878,NC
-0.51521358156376,6822879,NC
-0.505207363063959,6822880,NC
-0.4902011288055349,6822881,NC
-0.4951948787895768,6822882,NC
-0.5001886130171763,6822883,NC
-0.5151823314894284,6822884,NC
-0.5151760342074301,6822885,NC
-0.5151697211722817,6822886,NC
-0.4951633923850859,6822887,NC
-0.4701570478469483,6822888,NC
-0.4801506875589774,6822889,NC
-0.4801443115222841,6822890,NC
-0.4751379197379824,6822891,NC
-0.47513151220718886,6822892,NC
-0.4701250889310228,6822893,NC
-0.46011864991060636,6822894,NC
-0.4601121951470644,6822895,NC
-0.46010572464152455,6822896,NC
-0.465099238395117,6822897,NC
-0.4650927364089751,6822898,NC
-0.44008621868423453,6822899,NC
-0.44007968522203395,6822900,NC
-0.43507313602351466,6822901,NC
-0.43506657108982083,6822902,NC
-0.4650599904220994,6822903,NC
-0.4650533940214997,6822904,NC
-0.4750467818891743,6822905,NC
-0.46004015402627824,6822906,NC
-0.4550335104339693,6822907,NC
-0.47502685111340814,6822908,NC
-0.48502017606575815,6822909,NC
-0.49001348529218525,6822910,NC
-0.5050067787938584,6822911,NC
-0.48500005657194917,6822912,NC
-0.5049933186276317,6822913,NC
-0.5099865649620835,6822914,NC
-0.519979795576484,6822915,NC
-0.5199730104720159,6822916,NC
-0.5049662096498645,6822917,NC
-0.5099593931112179,6822918,NC
-0.5149525608572667,6822919,NC
-0.5349457128892048,6822920,NC
-0.5499388492082282,6822921,NC
-0.544931969815536,6822922,NC
-0.5449250747123302,6822923,NC
-0.5449181638998151,6822924,NC
-0.5499112373791979,6822925,NC
-0.5799042951516888,6822926,NC
-0.5998973372185006,6822927,NC
-0.6098903635808486,6822928,NC
-0.5898833742399512,6822929,NC
-0.5598763691970293,6822930,NC
-0.5448693484533068,6822931,NC
-0.54486231201001,6822932,NC
-0.5648552598683682,6822933,NC
-0.5848481920296134,6822934,NC
-0.57484110849498,6822935,NC
-0.5648340092657059,6822936,NC
-0.5698268943430311,6822937,NC
-0.5948197637281984,6822938,NC
-0.6048126174224537,6822939,NC
-0.6198054554270452,6822940,NC
-0.6147982777432243,6822941,NC
-0.5947910843722446,6822942,NC
-0.5997838753153629,6822943,NC
-0.6097766505738386,6822944,NC
-0.6347694101489336,6822945,NC
-0.619762154041913,6822946,NC
-0.6047548822540444,6822947,NC
-0.6047475947865979,6822948,NC
-0.5797402916408468,6822949,NC
-0.5897329728180668,6822950,NC
-0.6147256383195365,6822951,NC
-0.6047182881465372,6822952,NC
-0.5897109223003527,6822953,NC
-0.5897035407822702,6822954,NC
-0.5796961435935788,6822955,NC
-0.5896887307355709,6822956,NC
-0.5846813022095415,6822957,NC
-0.5896738580167883,6822958,NC
-0.5596663981586116,6822959,NC
-0.5346589226363149,6822960,NC
-0.5396514314512039,6822961,NC
-0.5446439246045873,6822962,NC
-0.5446364020977764,6822963,NC
-0.5296288639320855,6822964,NC
-0.5146213101088315,6822965,NC
-0.46461374062933375,6822966,NC
-0.4396061554949148,6822967,NC
-0.4345985547068997,6822968,NC
-0.37459093826661616,6822969,NC
-0.3095833061753948,6822970,NC
-0.2245756584345689,6822971,NC
-0.1195679950454744,6822972,NC
-0.0845603160094501,6822973,NC
-0.07455262132783748,6822974,NC
-0.044544911001980714,6822975,NC
-0.07953718503322678,6822976,NC
-0.14452944342292534,6822977,NC
-0.21452168617242878,6822978,NC
-0.3395139132830923,6822979,NC
-0.4495061247562736,6822980,NC
-0.49949832059333354,6822981,NC
-0.4744905007956353,6822982,NC
-0.38948266536454496,6822983,NC
-0.2994748143014313,6822984,NC
-0.20446694760766598,6822985,NC
-0.15945906528462309,6822986,NC
-0.09945116733367969,6822987,NC
-0.03444325375621551,6822988,NC
0.000564675446387039,6822989,NC
-0.014427379727257258,6822990,L
-0.0844194192785363,6822991,NC
-0.17941144320884073,6822992,NC
-0.2744034515195639,6822993,NC
-0.3743954442121019,6822994,NC
-0.43438742128785357,6822995,NC
-0.49937938274822047,6822996,NC
-0.5493713285946069,6822997,NC
-0.6293632588284198,6822998,NC
-0.6943551734510689,6822999,NC
-0.7493470724639667,6823000,NC
-0.7643389558685284,6823001,NC
-0.7893308236661718,6823002,NC
-0.7993226758583177,6823003,NC
-0.8243145124463895,6823004,NC
-0.8393063334318132,6823005,NC
-0.8092981388160175,6823006,NC
-0.7742899286004342,6823007,NC
-0.7292817027864974,6823008,NC
-0.7042734613756441,6823009,NC
-0.684265204369314,6823010,NC
-0.6892569317689496,6823011,NC
-0.6642486435759961,6823012,NC
-0.6492403397919015,6823013,NC
-0.6292320204181161,6823014,NC
-0.6392236854560934,6823015,NC
-0.6442153349072895,6823016,NC
-0.6592069687731631,6823017,NC
-0.649198587055176,6823018,NC
-0.6391901897547919,6823019,NC
-0.6141817768734782,6823020,NC
-0.6091733484127043,6823021,NC
-0.6091649043739429,6823022,NC
-0.6241564447586688,6823023,NC
-0.6291479695683599,6823024,NC
-0.609139478804497,6823025,NC
-0.6041309724685632,6823026,NC
-0.6091224505620444,6823027,NC
-0.6141139130864295,6823028,NC
-0.6141053600432098,6823029,NC
-0.6090967914338795,6823030,NC
-0.5940882072599356,6823031,NC
-0.5790796075228776,6823032,NC
-0.5790709922242078,6823033,NC
-0.5740623613654312,6823034,NC
-0.5890537149480557,6823035,NC
-0.5690450529735916,6823036,NC
-0.5640363754435522,6823037,NC
-0.5390276823594535,6823038,NC
-0.5440189737228138,6823039,NC
-0.5490102495351548,6823040,NC
-0.5490015097980003,6823041,NC
-0.5439927545128772,6823042,NC
-0.518983983681315,6823043,NC
-0.47897519730484583,6823044,NC
-0.48396639538500463,6823045,NC
-0.4789575779233291,6823046,NC
-0.4739487449213595,6823047,NC
-0.473939896380639,6823048,NC
-0.45393103230271326,6823049,NC
-0.4289221526891309,6823050,NC
-0.41391325754144304,6823051,NC
-0.4039043468612036,6823052,NC
-0.4088954206499693,6823053,NC
-0.4038864789092994,6823054,NC
-0.37387752164075594,6823055,NC
-0.3338685488459039,6823056,NC
-0.3338595605263105,6823057,NC
-0.3238505566835461,6823058,NC
-0.3288415373191836,6823059,NC
-0.32383250243479855,6823060,NC
-0.28882345203196935,6823061,NC
-0.27881438611227705,6823062,NC
-0.25880530467730534,6823063,NC
-0.2437962077286407,6823064,NC
-0.23378709526787236,6823065,NC
-0.2237779672965922,6823066,NC
-0.19876882381639474,6823067,NC
-0.16375966482887738,6823068,NC
-0.14875049033564006,6823069,NC
-0.13374130033828557,6823070,NC
-0.09873209483841927,6823071,NC
-0.08372287383764934,6823072,NC
-0.06371363733758664,6823073,NC
-0.028704385339844693,6823074,NC
-0.02369511784603978,6823075,NC
-0.03368583485779084,6823076,NC
-0.028676536376719602,6823077,NC
0.001332777595549589,6823078,NC
0.03134210705738963,6823079,NC
0.05635145200717076,6823080,NC
0.07636081244326044,6823081,NC
0.07137018836402345,6823082,NC
0.06637957976782193,6823083,NC
0.07638898665301523,6823084,NC
0.10139840901796006,6823085,NC
0.10640784686101035,6823086,NC
0.06641730018051739,6823087,NC
0.03642676897482977,6823088,NC
-0.00356374675770664,6823089,NC
-0.023554247018748725,6823090,NC
-0.02354473180995599,6823091,NC
-0.0035352011329906757,6823092,NC
-0.0035256549895177625,6823093,NC
-0.03351609338120485,6823094,NC
-0.05350651630972232,6823095,NC
-0.07349692377674323,6823096,NC
-0.1034873157839433,6823097,NC
-0.133477692333001,6823098,NC
-0.17846805342559746,6823099,NC
-0.22345839906341658,6823100,NC
-0.23844872924814486,6823101,NC
-0.24343904398147165,6823102,NC
-0.21842934326508873,6823103,NC
-0.1984196271006909,6823104,NC
-0.20840989548997546,6823105,NC
-0.20840014843464244,6823106,NC
-0.2233903859363946,6823107,NC
-0.2133806079969374,6823108,NC
-0.21337081461797897,6823109,NC
-0.20336100580123012,6823110,NC
-0.19835118154840436,6823111,NC
-0.22334134186121807,6823112,NC
-0.20833148674139002,6823113,NC
-0.21332161619064188,6823114,NC
-0.20331173021069798,6823115,NC
-0.20830182880328535,6823116,NC
-0.1982919119701337,6823117,NC
-0.22328197971297542,6823118,NC
-0.23827203203354558,6823119,NC
-0.23326206893358198,6823120,NC
-0.21825209041482516,6823121,NC
-0.18824209647901827,6823122,NC
-0.19823208712790716,6823123,NC
-0.20322206236324042,6823124,NC
-0.21821202218676933,6823125,NC
-0.20320196660024778,6823126,NC
-0.1981918956054325,6823127,NC
-0.18818180920408273,6823128,NC
-0.19817170739796053,6823129,NC
-0.1831615901888307,6823130,NC
-0.19315145757846053,6823131,NC
-0.19314130956862016,6823132,NC
-0.17313114616108244,6823133,NC
-0.16312096735762277,6823134,NC
-0.18311077316001934,6823135,NC
-0.16810056357005304,6823136,NC
-0.18309033858950738,6823137,NC
-0.16808009822016862,6823138,NC
-0.15306984246382566,6823139,NC
-0.14305957132227012,6823140,NC
-0.1580492847972963,6823141,NC
-0.1630389828907012,6823142,NC
-0.1730286656042845,6823143,NC
-0.15801833293984857,6823144,NC
-0.1580079848991984,6823145,NC
-0.14299762148414175,6823146,NC
-0.16298724269648904,6823147,NC
-0.14797684853805343,6823148,NC
-0.1629664390106506,6823149,NC
-0.1529560141160991,6823150,NC
-0.14294557385622012,6823151,NC
-0.12293511823283744,6823152,NC
-0.12292464724777762,6823153,NC
-0.14791416090286985,6823154,NC
-0.15790365919994598,6823155,NC
-0.15789314214084071,6823156,NC
-0.1428826097273912,6823157,NC
-0.1278720619614374,6823158,NC
-0.13286149884482198,6823159,NC
-0.15285092037939024,6823160,NC
-0.16284032656699013,6823161,NC
-0.16782971740947233,6823162,NC
-0.1628190929086902,6823163,NC
-0.14280845306649978,6823164,NC
-0.15279779788475978,6823165,NC
-0.16278712736533155,6823166,NC
-0.1627764415100792,6823167,NC
-0.15776574032086943,6823168,NC
-0.15775502379957168,6823169,NC
-0.14274429194805813,6823170,NC
-0.1377335447682035,6823171,NC
-0.14272278226188517,6823172,NC
-0.17771200443098342,6823173,NC
-0.182701211277381,6823174,NC
-0.17269040280296344,6823175,NC
-0.15267957900961882,6823176,NC
-0.1576687398992381,6823177,NC
-0.1776578854737147,6823178,NC
-0.19764701573494486,6823179,NC
-0.21763613068482748,6823180,NC
-0.18762523032526401,6823181,NC
-0.15261431465815878,6823182,NC
-0.15760338368541865,6823183,NC
-0.17259243740895314,6823184,NC
-0.21258147583067455,6823185,NC
-0.19757049895249773,6823186,NC
-0.19755950677634035,6823187,NC
-0.18754849930412265,6823188,NC
-0.1975374765377675,6823189,NC
-0.2075264384792005,6823190,NC
-0.21751538513035001,6823191,NC
-0.21750431649314694,6823192,NC
-0.19749323256952492,6823193,NC
-0.17248213336142018,6823194,NC
-0.1624710188707717,6823195,NC
-0.1624598890995212,6823196,NC
-0.17244874404961286,6823197,NC
-0.17743758372299365,6823198,NC
-0.15742640812161326,6823199,NC
-0.13741521724742398,6823200,NC
-0.15240401110238078,6823201,NC
-0.15739278968844125,6823202,NC
-0.18238155300756578,6823203,NC
-0.1723703010617173,6823204,NC
-0.14235903385286144,6823205,NC
-0.12734775138296653,6823206,NC
-0.1273364536540035,6823207,NC
-0.162325140667946,6823208,NC
-0.1673138124267704,6823209,NC
-0.1873024689324556,6823210,NC
-0.18729111018698325,6823211,NC
-0.16727973619233766,6823212,NC
-0.18226834695050576,6823213,NC
-0.1922569424634772,6823214,NC
-0.21224552273324424,6823215,NC
-0.22723408776180187,6823216,NC
-0.20222263755114767,6823217,NC
-0.20721117210328194,6823218,NC
-0.2221996914202076,6823219,NC
-0.23718819550393022,6823220,NC
-0.24717668435645812,6823221,NC
-0.2471651579798022,6823222,NC
-0.24715361637597605,6823223,NC
-0.2371420595469959,6823224,NC
-0.2521304874948806,6823225,NC
-0.2721189002216518,6823226,NC
-0.2771072977293337,6823227,NC
-0.28209568001995305,6823228,NC
-0.27208404709553957,6823229,NC
-0.27207239895812535,6823230,NC
-0.29206073560974527,6823231,NC
-0.30204905705243684,6823232,NC
-0.3120373632882403,6823233,NC
-0.3220256543191982,6823234,NC
-0.2920139301473563,6823235,NC
-0.27700219077476274,6823236,NC
-0.28699043620346815,6823237,NC
-0.306978666435526,6823238,NC
-0.3169668814729925,6823239,NC
-0.3169550813179263,6823240,NC
-0.30194326597238885,6823241,NC
-0.2969314354384442,6823242,NC
-0.3069195897181591,6823243,NC
-0.30690772881360284,6823244,NC
-0.3368958527268475,6823245,NC
-0.32688396145996773,6823246,NC
-0.3118720550150409,6823247,NC
-0.316860133394147,6823248,NC
-0.3168481965993685,6823249,NC
-0.3268362446327908,6823250,NC
-0.3418242774965019,6823251,NC
-0.33181229519259225,6823252,NC
-0.3268002977231551,6823253,NC
-0.3067882850902864,6823254,NC
-0.3067762572960846,6823255,NC
-0.3217642143426509,6823256,NC
-0.33175215623208915,6823257,NC
-0.3317400829665058,6823258,NC
-0.31672799454801,6823259,NC
-0.29671589097871337,6823260,NC
-0.2967037722607305,6823261,NC
-0.3066916383961784,6823262,NC
-0.30667948938717676,6823263,NC
-0.2966673252358479,6823264,NC
-0.2716551459443169,6823265,NC
-0.2416429515147113,6823266,NC
-0.22663074194916144,6823267,NC
-0.20161851724980023,6823268,NC
-0.1566062774187633,6823269,NC
-0.08159402245818877,6823270,NC
0.02341824762978241,6823271,NC
0.12843053284300682,6823272,NC
0.2184428331793382,6823273,NC
0.2634551486366279,6823274,NC
0.2834674792127244,6823275,NC
0.2634798249054736,6823276,NC
0.20849218571271896,6823277,NC
0.15350456163230097,6823278,NC
0.07351695266205768,6823279,NC
0.04852935879982448,6823280,NC
0.0785417800434341,6823281,NC
0.15355421639071656,6823282,NC
0.2835666678394994,6823283,NC
0.4085791343876074,6823284,NC
0.5185916160328627,6823285,NC
0.5886041127730851,6823286,NC
0.5936166246060912,6823287,L
0.5186291515296951,6823288,NC
0.428641693541709,6823289,NC
0.3236542506399414,6823290,NC
0.22366682282219894,6823291,NC
0.10867941008628519,6823292,NC
-0.0013079875699987115,6823293,NC
-0.12129537014885432,6823294,NC
-0.24128273765248576,6823295,NC
-0.3612700900830999,6823296,NC
-0.47125742744290616,6823297,NC
-0.5312447497341166,6823298,NC
-0.5562320569589461,6823299,NC
-0.5512193491196118,6823300,NC
-0.5012066262183337,6823301,NC
-0.46119388825733443,6823302,NC
-0.44118113523883923,6823303,NC
-0.43116836716507595,6823304,NC
-0.4311555840382752,6823305,NC
-0.44614278586067,6823306,NC
-0.4361299726344961,6823307,NC
-0.416117144361992,6823308,NC
-0.42610430104539854,6823309,NC
-0.4310914426869594,6823310,NC
-0.45607856928892104,6823311,NC
-0.43606568085353214,6823312,NC
-0.43105277738304426,6823313,NC
-0.40603985887971167,6823314,NC
-0.40602692534579105,6823315,NC
-0.4210139767835418,6823316,NC
-0.4310010131952259,6823317,NC
-0.42598803458310813,6823318,NC
-0.4059750409494557,6823319,NC
-0.3959620322965385,6823320,NC
-0.405949008626629,6823321,NC
-0.4109359699420025,6823322,NC
-0.42592291624493667,6823323,NC
-0.4259098475377119,6823324,NC
-0.4308967638226112,6823325,NC
-0.4008836651019203,6823326,NC
-0.39087055137792737,6823327,NC
-0.40585742265292335,6823328,NC
-0.4208442789292016,6823329,NC
-0.42583112020905844,6823330,NC
-0.3858179464947924,6823331,NC
-0.38080475778870504,6823332,NC
-0.36079155409310026,6823333,NC
-0.3757783354102846,6823334,NC
-0.38076510174256734,6823335,NC
-0.38075185309226034,6823336,NC
-0.36073858946167797,6823337,NC
-0.35072531085313735,6823338,NC
-0.3357120172689581,6823339,NC
-0.34569870871146263,6823340,NC
-0.3406853851829758,6823341,NC
-0.34067204668582507,6823342,NC
-0.31565869322234075,6823343,NC
-0.2956453247948554,6823344,NC
-0.2856319414057046,6823345,NC
-0.2856185430572262,6823346,NC
-0.2856051297517608,6823347,NC
-0.2855917014916517,6823348,NC
-0.26557825827924464,6823349,NC
-0.24556480011688814,6823350,NC
-0.2355513270069332,6823351,NC
-0.2605378389517335,6823352,NC
-0.2605243359536453,6823353,NC
-0.2455108180150275,6823354,NC
-0.2254972851382416,6823355,NC
-0.20048373732565167,6823356,NC
-0.18547017457962442,6823357,NC
-0.1854565969025292,6823358,NC
-0.19544300429673794,6823359,NC
-0.19542939676462517,6823360,NC
-0.17541577430856803,6823361,NC
-0.1554021369309463,6823362,NC
-0.13038848463414227,6823363,NC
-0.11537481742054094,6823364,NC
-0.10536113529252993,6823365,NC
-0.11534743825249937,6823366,NC
-0.10533372630284203,6823367,NC
-0.1003199994459533,6823368,NC
-0.07030625768423121,6823369,NC
-0.07029250102007632,6823370,NC
-0.06527872945589183,6823371,NC
-0.06026494299408356,6823372,NC
-0.03525114163705986,6823373,NC
-0.010237325387231808,6823374,NC
-0.005223494247012961,6823375,NC
-0.010209648218819548,6823376,NC
-0.010195787305070328,6823377,NC
-0.0101819115081868,6823378,NC
-0.005168020830592909,6823379,NC
-0.010154115274715284,6823380,NC
-0.0051401948429831285,6823381,NC
-0.05512625953782822,6823382,NC
-0.07011230936168501,6823383,NC
-0.09509834431699049,6823384,NC
-0.12008436440618425,6823385,NC
-0.14507036963170844,6823386,NC
-0.19505635999600796,6823387,NC
-0.22504233550153013,6823388,NC
-0.24502829615072497,6823389,NC
-0.260014241946045,6823390,NC
-0.2550001728899454,6823391,NC
-0.23998608898488405,6823392,NC
-0.24497199023332122,6823393,NC
-0.26995787663771986,6823394,NC
-0.2899437482005455,6823395,NC
-0.3049296049242664,6823396,NC
-0.31491544681135325,6823397,NC
-0.3099012738642793,6823398,NC
-0.3098870860855205,6823399,NC
-0.32487288347755544,6823400,NC
-0.34985866604286514,6823401,NC
-0.3698444337839333,6823402,NC
-0.3398301867032463,6823403,NC
-0.3298159248032928,6823404,NC
-0.33480164808656443,6823405,NC
-0.3397873565555552,6823406,NC
-0.3747730502127617,6823407,NC
-0.36475872906068324,6823408,NC
-0.35474439310182154,6823409,NC
-0.32973004233868103,6823410,NC
-0.3297156767737687,6823411,NC
-0.3447012964095941,6823412,NC
-0.3546869012486694,6823413,NC
-0.36467249129350937,6823414,NC
-0.3596580665466313,6823415,NC
-0.3596436270105551,6823416,NC
-0.36462917268780315,6823417,NC
-0.37961470358090066,6823418,NC
-0.41460021969237537,6823419,NC
-0.4145857210247573,6823420,NC
-0.4195712075805794,6823421,NC
-0.40955667936237705,6823422,NC
-0.3895421363726882,6823423,NC
-0.38452757861405346,6823424,NC
-0.38951300608901596,6823425,NC
-0.4044984188001214,6823426,NC
-0.3894838167499181,6823427,NC
-0.364469199940957,6823428,NC
-0.3794545683757914,6823429,NC
-0.37943992205697746,6823430,NC
-0.3894252609870738,6823431,NC
-0.3994105851686416,6823432,NC
-0.3893958946042445,6823433,NC
-0.36938118929644903,6823434,NC
-0.35936646924782406,6823435,NC
-0.37435173446094094,6823436,NC
-0.384336984938374,6823437,NC
-0.3943222206826996,6823438,NC
-0.3893074416964971,6823439,NC
-0.38429264798234836,6823440,NC
-0.3992778395428377,6823441,NC
-0.4092630163805519,6823442,NC
-0.3942481784980806,6823443,NC
-0.3892333258980159,6823444,NC
-0.37921845858295244,6823445,NC
-0.3742035765554874,6823446,NC
-0.38918867981822053,6823447,NC
-0.4191737683737543,6823448,NC
-0.4341588422246936,6823449,NC
-0.4391439013736459,6823450,NC
-0.43412894582322126,6823451,NC
-0.4291139755760323,6823452,NC
-0.42909899063469437,6823453,NC
-0.43908399100182505,6823454,NC
-0.4440689766800448,6823455,NC
-0.4340539476719764,6823456,NC
-0.4390389039802455,6823457,NC
-0.41902384560747996,6823458,NC
-0.4090087725563104,6823459,NC
-0.4089936848293701,6823460,NC
-0.43897858242929466,6823461,NC
-0.4239634653587224,6823462,NC
-0.42394833362029427,6823463,NC
-0.4089331872166535,6823464,NC
-0.40891802615044626,6823465,NC
-0.4489028504243209,6823466,NC
-0.4688876600409287,6823467,NC
-0.4638724550029232,6823468,NC
-0.4588572353129606,6823469,NC
-0.4538420009736997,6823470,NC
-0.4388267519878019,6823471,NC
-0.4638114883579311,6823472,NC
-0.4687962100867537,6823473,NC
-0.4737809171769387,6823474,NC
-0.4787656096311578,6823475,NC
-0.47375028745208486,6823476,NC
-0.4587349506423968,6823477,NC
-0.47871959920477275,6823478,NC
-0.4837042331418946,6823479,NC
-0.48368885245644655,6823480,NC
-0.48367345715111565,6823481,NC
-0.4486580472285912,6823482,NC
-0.46364262269156536,6823483,NC
-0.4536271835427327,6823484,NC
-0.45861172978479015,6823485,NC
-0.44359626142043757,6823486,NC
-0.4435807784523771,6823487,NC
-0.39356528088331355,6823488,NC
-0.38854976871595415,6823489,NC
-0.4085342419530089,6823490,NC
-0.43851870059719006,6823491,NC
-0.4585031446512128,6823492,NC
-0.4534875741177945,6823493,NC
-0.4334719889996552,6823494,NC
-0.4134563892995177,6823495,NC
-0.41844077502010696,6823496,NC
-0.4084251461641508,6823497,NC
-0.4084095027343795,6823498,NC
-0.3933938447335257,6823499,NC
-0.3933781721643249,6823500,NC
-0.383362485029515,6823501,NC
-0.4033467833318364,6823502,NC
-0.428331067074032,6823503,NC
-0.4483153362588474,6823504,NC
-0.4482995908890307,6823505,NC
-0.4382838309673325,6823506,NC
-0.4382680564965059,6823507,NC
-0.4682522674793067,6823508,NC
-0.473236463918493,6823509,NC
-0.47822064581682566,6823510,NC
-0.4732048131770679,6823511,NC
-0.4631889660019857,6823512,NC
-0.4631731042943474,6823513,NC
-0.48815722805692396,6823514,NC
-0.5081413372924888,6823515,NC
-0.523125432003818,6823516,NC
-0.50310951219369,6823517,NC
-0.498093577864886,6823518,NC
-0.4930776290201896,6823519,NC
-0.523061665662387,6823520,NC
-0.5280456877942667,6823521,NC
-0.5280296954186201,6823522,NC
-0.5330136885382408,6823523,NC
-0.5379976671559253,6823524,NC
-0.5329816312744724,6823525,NC
-0.5529655808966834,6823526,NC
-0.552949516025362,6823527,NC
-0.552933436663315,6823528,NC
-0.5479173428133511,6823529,NC
-0.532901234478282,6823530,NC
-0.5478851116609214,6823531,NC
-0.557868974364086,6823532,NC
-0.562852822590595,6823533,NC
-0.5778366563432699,6823534,NC
-0.5678204756249348,6823535,NC
-0.5528042804384165,6823536,NC
-0.557788070786544,6823537,NC
-0.5777718466721492,6823538,NC
-0.5877556080980663,6823539,NC
-0.5827393550671319,6823540,NC
-0.5577230875821855,6823541,NC
-0.5477068056460689,6823542,NC
-0.5526905092616263,6823543,NC
-0.5626741984317047,6823544,NC
-0.5926578731591535,6823545,NC
-0.5926415334468246,6823546,NC
-0.5626251792975723,6823547,NC
-0.5526088107142537,6823548,NC
-0.5525924276997283,6823549,NC
-0.567576030256858,6823550,NC
-0.5725596183885074,6823551,NC
-0.5775431920975436,6823552,NC
-0.552526751386836,6823553,NC
-0.542510296259257,6823554,NC
-0.5374938267176806,6823555,NC
-0.5374773427649846,6823556,NC
-0.5624608444040481,6823557,NC
-0.5474443316377536,6823558,NC
-0.5424278044689856,6823559,NC
-0.5074112629006314,6823560,NC
-0.4973947069355805,6823561,NC
-0.47237813657672545,6823562,NC
-0.4623615518269607,6823563,NC
-0.4073449526891836,6823564,NC
-0.3223283391662938,6823565,NC
-0.2223117112611937,6823566,NC
-0.12729506897678805,6823567,NC
-0.037278412315984166,6823568,NC
0.032738258718308225,6823569,NC
0.08275494412317673,6823570,NC
0.11777164389570652,6823571,NC
0.12278835803298026,6823572,NC
0.057805086532078165,6823573,NC
-0.0021781706099221476,6823574,NC
-0.047161413395945595,6823575,NC
-0.04714464182891953,6823576,NC
0.007872144088226174,6823577,NC
0.10288894435255919,6823578,NC
0.2179057589611445,6823579,NC
0.3379225879110448,6823580,NC
0.4379394311993202,6823581,NC
0.5179562888230281,6823582,NC
0.552973160779224,6823583,NC
0.52799004706496,6823584,L
0.4630069476772865,6823585,NC
0.3480238626132509,6823586,NC
0.22304079186989842,6823587,NC
0.13805773544427152,6823588,NC
0.058074693333410296,6823589,NC
-0.02190833446564769,6823590,NC
-0.14189134795586733,6823591,NC
-0.276874347140216,6823592,NC
-0.4218573320216638,6823593,NC
-0.5468403026031831,6823594,NC
-0.6368232588877487,6823595,NC
-0.701806200878338,6823596,NC
-0.7567891285779311,6823597,NC
-0.7867720419895103,6823598,NC
-0.8067549411160607,6823599,NC
-0.8017378259605695,6823600,NC
-0.7717206965260267,6823601,NC
-0.7417035528154247,6823602,NC
-0.7266863948317582,6823603,NC
-0.7316692225780249,6823604,NC
-0.7416520360572244,6823605,NC
-0.7266348352723593,6823606,NC
-0.7166176202264343,6823607,NC
-0.7066003909224567,6823608,NC
-0.7265831473634365,6823609,NC
-0.7215658895523861,6823610,NC
-0.7315486174923201,6823611,NC
-0.736531331186256,6823612,NC
-0.7165140306372134,6823613,NC
-0.7064967158482148,6823614,NC
-0.706479386822285,6823615,NC
-0.711462043562451,6823616,NC
-0.7214446860717427,6823617,NC
-0.7114273143531924,6823618,NC
-0.7214099284098348,6823619,NC
-0.7213925282447071,6823620,NC
-0.7063751138608488,6823621,NC
-0.6913576852613024,6823622,NC
-0.7163402424491124,6823623,NC
-0.7113227854273259,6823624,NC
-0.6913053141989925,6823625,NC
-0.6762878287671645,6823626,NC
-0.6762703291348964,6823627,NC
-0.6862528153052452,6823628,NC
-0.7062352872812704,6823629,NC
-0.6962177450660342,6823630,NC
-0.6862001886626009,6823631,NC
-0.6861826180740378,6823632,NC
-0.661165033303414,6823633,NC
-0.6661474343538017,6823634,NC
-0.6811298212282753,6823635,NC
-0.6911121939299115,6823636,NC
-0.6660945524617898,6823637,NC
-0.6360768968269922,6823638,NC
-0.6410592270286027,6823639,NC
-0.6360415430697084,6823640,NC
-0.6410238449533984,6823641,NC
-0.6460061326827643,6823642,NC
-0.6259884062609007,6823643,NC
-0.600970665690904,6823644,NC
-0.6109529109758735,6823645,NC
-0.6009351421189106,6823646,NC
-0.6059173591231197,6823647,NC
-0.5908995619916072,6823648,NC
-0.5708817507274822,6823649,NC
-0.5508639253338561,6823650,NC
-0.5358460858138431,6823651,NC
-0.5458282321705594,6823652,NC
-0.535810364407124,6823653,NC
-0.5357924825266585,6823654,NC
-0.5107745865322864,6823655,NC
-0.48575667642713416,6823656,NC
-0.46073875221433047,6823657,NC
-0.47072081389700676,6823658,NC
-0.46570286147829665,6823659,NC
-0.4506848949613362,6823660,NC
-0.43566691434926413,6823661,NC
-0.42064891964522155,6823662,NC
-0.42563091085235194,6823663,NC
-0.40061288797380146,6823664,NC
-0.4055948510127184,6823665,NC
-0.4105767999722539,6823666,NC
-0.3755587348555611,6823667,NC
-0.3405406556657961,6823668,NC
-0.3205225624061171,6823669,NC
-0.32550445507968484,6823670,NC
-0.3254863336896626,6823671,NC
-0.3104681982392161,6823672,NC
-0.27045004873151346,6823673,NC
-0.2504318851697252,6823674,NC
-0.24541370755702446,6823675,NC
-0.2453955158965867,6823676,NC
-0.25037731019158993,6823677,NC
-0.25035909044521454,6823678,NC
-0.24534085666064331,6823679,NC
-0.2353226088410617,6823680,NC
-0.24530434698965747,6823681,NC
-0.2752860711096208,6823682,NC
-0.32026778120414423,6823683,NC
-0.3302494772764231,6823684,NC
-0.3452311593296549,6823685,NC
-0.3602128273670397,6823686,NC
-0.39019448139177987,6823687,NC
-0.4151761214070804,6823688,NC
-0.4401577474161486,6823689,NC
-0.47013935942219437,6823690,NC
-0.47512095742842997,6823691,NC
-0.48510254143806997,6823692,NC
-0.49008411145433156,6823693,NC
-0.5200656674804345,6823694,NC
-0.5500472095196006,6823695,NC
-0.5650287375750546,6823696,NC
-0.5600102516500232,6823697,NC
-0.5799917517477359,6823698,NC
-0.5699732378714244,6823699,NC
-0.574954710024323,6823700,NC
-0.5849361682096684,6823701,NC
-0.5999176124306997,6823702,NC
-0.5948990426906586,6823703,NC
-0.589880458992789,6823704,NC
-0.5848618613403372,6823705,NC
-0.5948432497365524,6823706,NC
-0.6148246241846858,6823707,NC
-0.624805984687991,6823708,NC
-0.6047873312497243,6823709,NC
-0.6047686638731444,6823710,NC
-0.5947499825615123,6823711,NC
-0.6097312873180917,6823712,NC
-0.6097125781461482,6823713,NC
-0.6296938550489503,6823714,NC
-0.6096751180297688,6823715,NC
-0.589656367091877,6823716,NC
-0.5946376022385504,6823717,NC
-0.6046188234730674,6823718,NC
-0.6346000307987082,6823719,NC
-0.6145812242187559,6823720,NC
-0.619562403736496,6823721,NC
-0.599543569355216,6823722,NC
-0.5895247210782064,6823723,NC
-0.6145058589087599,6823724,NC
-0.6394869828501714,6823725,NC
-0.6244680929057385,6823726,NC
-0.614449189078761,6823727,NC
-0.6194302713725416,6823728,NC
-0.6044113397903849,6823729,NC
-0.6143923943355981,6823730,NC
-0.619373435011491,6823731,NC
-0.6293544618213754,6823732,NC
-0.6143354747685661,6823733,NC
-0.5893164738563798,6823734,NC
-0.5992974590881359,6823735,NC
-0.609278430467156,6823736,NC
-0.6242593879967646,6823737,NC
-0.619240331680288,6823738,NC
-0.6142212615210554,6823739,NC
-0.6092021775223981,6823740,NC
-0.60918307968765,6823741,NC
-0.6141639680201474,6823742,NC
-0.6341448425232289,6823743,NC
-0.6341257032002356,6823744,NC
-0.6241065500545111,6823745,NC
-0.6090873830894012,6823746,NC
-0.6040682023082544,6823747,NC
-0.6190490077144213,6823748,NC
-0.6440297993112551,6823749,NC
-0.6440105771021115,6823750,NC
-0.6239913410903485,6823751,NC
-0.6089720912793263,6823752,NC
-0.6139528276724078,6823753,NC
-0.6139335502729583,6823754,NC
-0.6439142590843452,6823755,NC
-0.6438949541099389,6823756,NC
-0.6188756353531117,6823757,NC
-0.6138563028172384,6823758,NC
-0.6238369565056963,6823759,NC
-0.628817596421865,6823760,NC
-0.6337982225691267,6823761,NC
-0.6487788349508656,6823762,NC
-0.638759433570469,6823763,NC
-0.6237400184313261,6823764,NC
-0.6187205895368284,6823765,NC
-0.63370114689037,6823766,NC
-0.6386816904953476,6823767,NC
-0.64866222035516,6823768,NC
-0.6486427364732085,6823769,NC
-0.6336232388528967,6823770,NC
-0.6336037274976309,6823771,NC
-0.6435842024108195,6823772,NC
-0.6435646635958734,6823773,NC
-0.658545111056206,6823774,NC
-0.6385255447952329,6823775,NC
-0.643505964816372,6823776,NC
-0.6334863711230443,6823777,NC
-0.6334667637186723,6823778,NC
-0.6634471426066811,6823779,NC
-0.663427507790499,6823780,NC
-0.6384078592735556,6823781,NC
-0.6283881970592834,6823782,NC
-0.6333685211511174,6823783,NC
-0.6433488315524947,6823784,NC
-0.6483291282668551,6823785,NC
-0.6433094112976405,6823786,NC
-0.6382896806482956,6823787,NC
-0.6082699363222668,6823788,NC
-0.5982501783230035,6823789,NC
-0.5932304066539574,6823790,NC
-0.6132106213185824,6823791,NC
-0.6131908223203346,6823792,NC
-0.5931710096626731,6823793,NC
-0.588151183349059,6823794,NC
-0.5731313433829557,6823795,NC
-0.5881114897678291,6823796,NC
-0.6030916225071477,6823797,NC
-0.5980717416043818,6823798,NC
-0.5880518470630048,6823799,NC
-0.5630319388864922,6823800,NC
-0.5480120170783214,6823801,NC
-0.567992081641973,6823802,NC
-0.5779721325809295,6823803,NC
-0.5929521698986757,6823804,NC
-0.5879321935986991,6823805,NC
-0.5829122036844894,6823806,NC
-0.6078922001595387,6823807,NC
-0.6028721830273416,6823808,NC
-0.6228521522913947,6823809,NC
-0.6228321079551974,6823810,NC
-0.6178120500222513,6823811,NC
-0.6027919784960604,6823812,NC
-0.6077718933801309,6823813,NC
-0.6227517946779718,6823814,NC
-0.642731682393094,6823815,NC
-0.657711556529011,6823816,NC
-0.6426914170892389,6823817,NC
-0.6426712640772957,6823818,NC
-0.6426510974967019,6823819,NC
-0.6626309173509808,6823820,NC
-0.6826107236436574,6823821,NC
-0.6975905163782596,6823822,NC
-0.6825702955583174,6823823,NC
-0.6625500611873633,6823824,NC
-0.667529813268932,6823825,NC
-0.6825095518065608,6823826,NC
-0.7074892768037891,6823827,NC
-0.7174689882641591,6823828,NC
-0.7074486861912147,6823829,NC
-0.6724283705885027,6823830,NC
-0.6774080414595721,6823831,NC
-0.6823876988079743,6823832,NC
-0.6973673426372631,6823833,NC
-0.7073469729509944,6823834,NC
-0.7073265897527267,6823835,NC
-0.7023061930460208,6823836,NC
-0.6972857828344399,6823837,NC
-0.7272653591215497,6823838,NC
-0.7222449219109177,6823839,NC
-0.7122244712061144,6823840,NC
-0.6922040070107125,6823841,NC
-0.6921835293282868,6823842,NC
-0.6971630381624145,6823843,NC
-0.7171425335166756,6823844,NC
-0.7171220153946517,6823845,NC
-0.7271014837999276,6823846,NC
-0.7070809387360897,6823847,NC
-0.7120603802067274,6823848,NC
-0.7120398082154318,6823849,NC
-0.7220192227657969,6823850,NC
-0.7319986238614188,6823851,NC
-0.721978011505896,6823852,NC
-0.7069573857028293,6823853,NC
-0.711936746455822,6823854,NC
-0.7169160937684794,6823855,NC
-0.7218954276444096,6823856,NC
-0.7318747480872229,6823857,NC
-0.7318540551005315,6823858,NC
-0.7118333486879508,6823859,NC
-0.6968126288530977,6823860,NC
-0.6817918955995921,6823861,NC
-0.6967711489310557,6823862,NC
-0.6967503888511131,6823863,NC
-0.6867296153633906,6823864,NC
-0.6567088284715175,6823865,NC
-0.5766880281791249,6823866,NC
-0.5116672144898466,6823867,NC
-0.42664638740731864,6823868,NC
-0.3416255469351793,6823869,NC
-0.24660469307706934,6823870,NC
-0.15658382583663166,6823871,NC
-0.09156294521751171,6823872,NC
-0.1165420512233572,6823873,NC
-0.16152114385781818,6823874,NC
-0.25650022312454696,6823875,NC
-0.3414792890271984,6823876,NC
-0.3864583415694293,6823877,NC
-0.3964373807548993,6823878,NC
-0.32641640658727,6823879,NC
-0.22639541907020538,6823880,NC
-0.11637441820737193,6823881,NC
0.018646595997561674,6823882,NC
0.13866762354092438,6823883,NC
0.2336886644190429,6823884,NC
0.2637097186282415,6823885,NC
0.21873078616484198,6823886,L
0.10375186702516419,6823887,NC
-0.041227038794474605,6823888,NC
-0.15620593129775942,6823889,NC
-0.26618481048837767,6823890,NC
-0.3711636763700189,6823891,NC
-0.5111425289463752,6823892,NC
-0.6461213682211407,6823893,NC
-0.7611001941980124,6823894,NC
-0.8560790068806889,6823895,NC
-0.9260578062728717,6823896,NC
-0.9710365923782643,6823897,NC
-1.0210153652005727,6823898,NC
-1.035994124743505,6823899,NC
-1.050972871010772,6823900,NC
-1.0059516040060863,6823901,NC
-0.9609303237331632,6823902,NC
-0.9409090301957204,6823903,NC
-0.9108877233974776,6823904,NC
-0.910866403342157,6823905,NC
-0.9008450700334829,6823906,NC
-0.8758237234751823,6823907,NC
-0.8658023636709843,6823908,NC
-0.8607809906246202,6823909,NC
-0.8707596043398237,6823910,NC
-0.895738204820331,6823911,NC
-0.9107167920698802,6823912,NC
-0.8906953660922123,6823913,NC
-0.8756739268910702,6823914,NC
-0.8556524744701989,6823915,NC
-0.8806310088333462,6823916,NC
-0.860609529984262,6823917,NC
-0.8755880379266985,6823918,NC
-0.8655665326644102,6823919,NC
-0.8555450142011539,6823920,NC
-0.8505234825406889,6823921,NC
-0.8655019376867764,6823922,NC
-0.8804803796431803,6823923,NC
-0.8754588084136665,6823924,NC
-0.8604372240020036,6823925,NC
-0.835415626411962,6823926,NC
-0.8353940156473147,6823927,NC
-0.8403723917118371,6823928,NC
-0.8553507546093067,6823929,NC
-0.8503291043435033,6823930,NC
-0.8353074409182091,6823931,NC
-0.8102857643372084,6823932,NC
-0.8102640746042882,6823933,NC
-0.8102423717232374,6823934,NC
-0.8102206556978474,6823935,NC
-0.815198926531912,6823936,NC
-0.8101771842292267,6823937,NC
-0.7801554287935901,6823938,NC
-0.7501336602288028,6823939,NC
-0.7601118785386674,6823940,NC
-0.7600900837269889,6823941,NC
-0.745068275797575,6823942,NC
-0.7350464547542352,6823943,NC
-0.7150246206007816,6823944,NC
-0.7100027733410285,6823945,NC
-0.6999809129787924,6823946,NC
-0.6999590395178923,6823947,NC
-0.6899371529621491,6823948,NC
-0.6549152533153864,6823949,NC
-0.6198933405814299,6823950,NC
-0.6098714147641076,6823951,NC
-0.6148494758672498,6823952,NC
-0.634827523894689,6823953,NC
-0.63980555885026,6823954,NC
-0.5897835807378004,6823955,NC
-0.5347615895611492,6823956,NC
-0.5247395853241481,6823957,NC
-0.5197175680306413,6823958,NC
-0.519695537684475,6823959,NC
-0.5146734942894976,6823960,NC
-0.4946514378495602,6823961,NC
-0.46962936836851576,6823962,NC
-0.4496072858502197,6823963,NC
-0.4445851902985297,6823964,NC
-0.4545630817173057,6823965,NC
-0.4445409601104099,6823966,NC
-0.4045188254817068,6823967,NC
-0.38449667783506314,6823968,NC
-0.364474517174348,6823969,NC
-0.35945234350343275,6823970,NC
-0.3644301568261909,6823971,NC
-0.3694079571464984,6823972,NC
-0.3693857444682333,6823973,NC
-0.3543635187952761,6823974,NC
-0.36434128013150935,6823975,NC
-0.3843190284808181,6823976,NC
-0.3992967638470895,6823977,NC
-0.42427448623421304,6823978,NC
-0.4292521956460806,6823979,NC
-0.43422989208658597,6823980,NC
-0.4542075755596256,6823981,NC
-0.48918524606909797,6823982,NC
-0.5391629036189041,6823983,NC
-0.5491405482129466,6823984,NC
-0.5541181798551311,6823985,NC
-0.5590957985493653,6823986,NC
-0.579073404299559,6823987,NC
-0.5940509971096243,6823988,NC
-0.6040285769834755,6823989,NC
-0.6240061439250293,6823990,NC
-0.6289836979382046,6823991,NC
-0.6189612390269227,6823992,NC
-0.6239387671951068,6823993,NC
-0.6339162824466826,6823994,NC
-0.6288937847855782,6823995,NC
-0.6438712742157237,6823996,NC
-0.6288487507410517,6823997,NC
-0.6088262143654966,6823998,NC
-0.6138036650929956,6823999,NC
-0.6337811029274877,6824000,NC
-0.6587585278729144,6824001,NC
-0.6837359399332197,6824002,NC
-0.6737133391123493,6824003,NC
-0.6586907254142514,6824004,NC
-0.6436680988428766,6824005,NC
-0.6386454594021774,6824006,NC
-0.643622807096109,6824007,NC
-0.6586001419286286,6824008,NC
-0.6435774639036954,6824009,NC
-0.6185547730252714,6824010,NC
-0.6235320692973203,6824011,NC
-0.6285093527238084,6824012,NC
-0.638486623308704,6824013,NC
-0.618463881055978,6824014,NC
-0.6034411259696032,6824015,NC
-0.5834183580535548,6824016,NC
-0.5833955773118101,6824017,NC
-0.593372783748349,6824018,NC
-0.6283499773671531,6824019,NC
-0.5933271581722066,6824020,NC
-0.593304326167496,6824021,NC
-0.5632814813570096,6824022,NC
-0.5532586237447386,6824023,NC
-0.5482357533346757,6824024,NC
-0.5582128701308166,6824025,NC
-0.5781899741371586,6824026,NC
-0.5531670653577014,6824027,NC
-0.5381441437964474,6824028,NC
-0.5431212094574003,6824029,NC
-0.5380982623445669,6824030,NC
-0.558075302461956,6824031,NC
-0.5630523298135783,6824032,NC
-0.5680293444034471,6824033,NC
-0.5480063462355778,6824034,NC
-0.5379833353139879,6824035,NC
-0.5529603116426973,6824036,NC
-0.5629372752257282,6824037,NC
-0.592914226067105,6824038,NC
-0.5678911641708538,6824039,NC
-0.5578680895410038,6824040,NC
-0.5428450021815857,6824041,NC
-0.5428219020966328,6824042,NC
-0.5677987892901807,6824043,NC
-0.5677756637662668,6824044,NC
-0.5627525255289311,6824045,NC
-0.5327293745822157,6824046,NC
-0.5277062109301648,6824047,NC
-0.5326830345768251,6824048,NC
-0.5526598455262451,6824049,NC
-0.5726366437824761,6824050,NC
-0.5576134293495711,6824051,NC
-0.5425902022315856,6824052,NC
-0.5325669624325772,6824053,NC
-0.5475437099566056,6824054,NC
-0.557520444807733,6824055,NC
-0.5574971669900236,6824056,NC
-0.5424738765075439,6824057,NC
-0.5224505733643626,6824058,NC
-0.5274272575645506,6824059,NC
-0.5474039291121809,6824060,NC
-0.5373805880113292,6824061,NC
-0.5423572342660725,6824062,NC
-0.532333867880491,6824063,NC
-0.5173104888586663,6824064,NC
-0.5172870972046828,6824065,NC
-0.5072636929226267,6824066,NC
-0.5172402760165868,6824067,NC
-0.4972168464906537,6824068,NC
-0.48219340434892033,6824069,NC
-0.4721699495954821,6824070,NC
-0.46714648223443617,6824071,NC
-0.46212300226988223,6824072,NC
-0.467099509705922,6824073,NC
-0.47207600454665966,6824074,NC
-0.4670524867962012,6824075,NC
-0.4520289564586551,6824076,NC
-0.44200541353813194,6824077,NC
-0.43198185803874456,6824078,NC
-0.4269582899646079,6824079,NC
-0.4269347093198391,6824080,NC
-0.42691111610855764,6824081,NC
-0.4018875103348851,6824082,NC
-0.4268638920029451,6824083,NC
-0.4518402611168638,6824084,NC
-0.4918166176807692,6824085,NC
-0.5217929616987917,6824086,NC
-0.5117692931750639,6824087,NC
-0.4967456121137205,6824088,NC
-0.47672191851889845,6824089,NC
-0.4766982123947367,6824090,NC
-0.5016744937453766,6824091,NC
-0.49665076257496193,6824092,NC
-0.49662701888763805,6824093,NC
-0.506603262687553,6824094,NC
-0.49157949397885664,6824095,NC
-0.4965557127657014,6824096,NC
-0.5315319190522416,6824097,NC
-0.5465081128426338,6824098,NC
-0.5164842941410369,6824099,NC
-0.5014604629516118,6824100,NC
-0.49143661927852167,6824101,NC
-0.5064127631259319,6824102,NC
-0.5163888944980098,6824103,NC
-0.5263650133989253,6824104,NC
-0.5263411198328501,6824105,NC
-0.5213172138039583,6824106,NC
-0.5162932953164262,6824107,NC
-0.541269364374432,6824108,NC
-0.5212454209821565,6824109,NC
-0.5162214651437824,6824110,NC
-0.4961974968634945,6824111,NC
-0.49117351614548,6824112,NC
-0.5061495229939282,6824113,NC
-0.5411255174130305,6824114,NC
-0.5911014994069804,6824115,NC
-0.611077468979974,6824116,NC
-0.6060534261362088,6824117,NC
-0.5810293708798853,6824118,NC
-0.5560053032152056,6824119,NC
-0.5459812231463742,6824120,NC
-0.5659571306775979,6824121,NC
-0.5609330258130852,6824122,NC
-0.5509089085570473,6824123,NC
-0.5358847789136973,6824124,NC
-0.5358606368872503,6824125,NC
-0.5308364824819238,6824126,NC
-0.5508123157019376,6824127,NC
-0.5557881365515133,6824128,NC
-0.5457639450348748,6824129,NC
-0.5357397411562485,6824130,NC
-0.5357155249198623,6824131,NC
-0.5456912963299467,6824132,NC
-0.5556670553907345,6824133,NC
-0.5456428021064601,6824134,NC
-0.5406185364813606,6824135,NC
-0.5205942585196751,6824136,NC
-0.5205699682256445,6824137,NC
-0.5255456656035125,6824138,NC
-0.5255213506575243,6824139,NC
-0.5154970233919278,6824140,NC
-0.5054726838109727,6824141,NC
-0.4854483319189109,6824142,NC
-0.4654239677199966,6824143,NC
-0.4653995912184861,6824144,NC
-0.4603752024186378,6824145,NC
-0.43535080132471204,6824146,NC
-0.37532638794097184,6824147,NC
-0.300301962271682,6824148,NC
-0.18527752432110933,6824149,NC
-0.09525307409352315,6824150,NC
-0.00022861159319466362,6824151,NC
0.0797958631756027,6824152,NC
0.1398203502085933,6824153,NC
0.1598448495014994,6824154,NC
0.12486936105004127,6824155,NC
0.059893884849936754,6824156,NC
-0.030081579103098242,6824157,NC
-0.07005703081334998,6824158,NC
-0.06503247028510688,6824159,NC
-0.010007897522659473,6824160,NC
0.08501668746969945,6824161,NC
0.1800412846876751,6824162,NC
0.2800658941269705,6824163,NC
0.37009051578328667,6824164,NC
0.44011514965232224,6824165,NC
0.47513979572977383,6824166,NC
0.4601644540113359,6824167,L
0.3701891244927009,6824168,NC
0.2552138071695591,6824169,NC
0.16523850203759852,6824170,NC
0.10026320909250516,6824171,NC
0.04528792832996288,6824172,NC
-0.014687340254346669,6824173,NC
-0.09966259666474386,6824174,NC
-0.20463784090555126,6824175,NC
-0.3146130729810934,6824176,NC
-0.41458829289569726,6824177,NC
-0.5045635006536917,6824178,NC
-0.5645386962594077,6824179,NC
-0.6395138797171783,6824180,NC
-0.6994890510313392,6824181,NC
-0.7194642102062274,6824182,NC
-0.7094393572461826,6824183,NC
-0.6744144921555464,6824184,NC
-0.6593896149386625,6824185,NC
-0.644364725599877,6824186,NC
-0.6393398241435377,6824187,NC
-0.6293149105739949,6824188,NC
-0.6242899848956005,6824189,NC
-0.6142650471127092,6824190,NC
-0.6192400972296773,6824191,NC
-0.6242151352508635,6824192,NC
-0.6341901611806282,6824193,NC
-0.6291651750233347,6824194,NC
-0.6291401767833473,6824195,NC
-0.6241151664650335,6824196,NC
-0.6090901440727623,6824197,NC
-0.6140651096109048,6824198,NC
-0.6340400630838344,6824199,NC
-0.6390150044959269,6824200,NC
-0.6389899338515594,6824201,NC
-0.608964851155112,6824202,NC
-0.6089397564109661,6824203,NC
-0.6189146496235057,6824204,NC
-0.6338895307971169,6824205,NC
-0.6488643999361876,6824206,NC
-0.6288392570451082,6824207,NC
-0.6088141021282709,6824208,NC
-0.5937889351900701,6824209,NC
-0.5887637562349024,6824210,NC
-0.6087385652671663,6824211,NC
-0.6187133622912623,6824212,NC
-0.5986881473115935,6824213,NC
-0.5736629203325646,6824214,NC
-0.5736376813585827,6824215,NC
-0.5736124303940568,6824216,NC
-0.5885871674433981,6824217,NC
-0.60356189251102,6824218,NC
-0.5935366056013376,6824219,NC
-0.5685113067187686,6824220,NC
-0.5534859958677323,6824221,NC
-0.5434606730526506,6824222,NC
-0.553435338277947,6824223,NC
-0.5484099915480475,6824224,NC
-0.5183846328673798,6824225,NC
-0.5033592622403741,6824226,NC
-0.5133338796714624,6824227,NC
-0.5083084851650789,6824228,NC
-0.5082830787256597,6824229,NC
-0.5132576603576432,6824230,NC
-0.5032322300654699,6824231,NC
-0.4682067878535824,6824232,NC
-0.453181333726425,6824233,NC
-0.4431558676884445,6824234,NC
-0.45313038974408976,6824235,NC
-0.43810489989781143,6824236,NC
-0.4130793981540625,6824237,NC
-0.38805388451729805,6824238,NC
-0.3780283589919749,6824239,NC
-0.3680028215825524,6824240,NC
-0.35297727229349163,6824241,NC
-0.35795171112925595,6824242,NC
-0.3479261380943108,6824243,NC
-0.33790055319312345,6824244,NC
-0.3028749564301635,6824245,NC
-0.3028493478099025,6824246,NC
-0.2828237273368142,6824247,NC
-0.2777980950153742,6824248,NC
-0.27277245085006036,6824249,NC
-0.24774679484535259,6824250,NC
-0.2277211270057327,6824251,NC
-0.2276954473356848,6824252,NC
-0.21266975583969489,6824253,NC
-0.22264405252225117,6824254,NC
-0.19261833738784379,6824255,NC
-0.16259261044096493,6824256,NC
-0.12756687168610908,6824257,NC
-0.12254112112777255,6824258,NC
-0.13251535877045378,6824259,NC
-0.13748958461865324,6824260,NC
-0.14246379867687362,6824261,NC
-0.1324380009496195,6824262,NC
-0.15241219144139753,6824263,NC
-0.15738637015671647,6824264,NC
-0.20736053710008714,6824265,NC
-0.24733469227602242,6824266,NC
-0.26730883568903724,6824267,NC
-0.2772829673436485,6824268,NC
-0.2972570872443753,6824269,NC
-0.31723119539573863,6824270,NC
-0.35720529180226174,6824271,NC
-0.3821793764684698,6824272,NC
-0.39715344939888997,6824273,NC
-0.3871275105980515,6824274,NC
-0.39710156007048586,6824275,NC
-0.41707559782072634,6824276,NC
-0.4420496238533084,6824277,NC
-0.4670236381727696,6824278,NC
-0.4719976407836493,6824279,NC
-0.4469716316904892,6824280,NC
-0.4669456108978329,6824281,NC
-0.4569195784102259,6824282,NC
-0.48689353423221604,6824283,NC
-0.49186747836835315,6824284,NC
-0.4868414108231889,6824285,NC
-0.48181533160127704,6824286,NC
-0.46178924070717364,6824287,NC
-0.4817631381454364,6824288,NC
-0.49173702392062546,6824289,NC
-0.4967108980373027,6824290,NC
-0.49168476050003196,6824291,NC
-0.4766586113133796,6824292,NC
-0.4816324504819136,6824293,NC
-0.49660627801020396,6824294,NC
-0.511580093902823,6824295,NC
-0.5015538981643448,6824296,NC
-0.4865276907993457,6824297,NC
-0.4765014718124039,6824298,NC
-0.4664752412080996,6824299,NC
-0.47644899899101506,6824300,NC
-0.4964227451657348,6824301,NC
-0.5113964797368452,6824302,NC
-0.49637020270893445,6824303,NC
-0.4763439140865931,6824304,NC
-0.4763176138744136,6824305,NC
-0.4862913020769905,6824306,NC
-0.5062649786989202,6824307,NC
-0.5112386437448011,6824308,NC
-0.5212122972192339,6824309,NC
-0.4911859391268211,6824310,NC
-0.48115956947216737,6824311,NC
-0.49113318825987917,6824312,NC
-0.5011067954945653,6824313,NC
-0.5210803911808363,6824314,NC
-0.49105397532330475,6824315,NC
-0.4810275479265854,6824316,NC
-0.4810011089952949,6824317,NC
-0.4909746585340521,6824318,NC
-0.5009481965474776,6824319,NC
-0.5109217230401941,6824320,NC
-0.5058952380168263,6824321,NC
-0.5058687414820012,6824322,NC
-0.4908422334403474,6824323,NC
-0.5008157138964956,6824324,NC
-0.5157891828550788,6824325,NC
-0.5157626403207315,6824326,NC
-0.5057360862980909,6824327,NC
-0.5007095207917953,6824328,NC
-0.500682943806486,6824329,NC
-0.4956563553468056,6824330,NC
-0.510629755417399,6824331,NC
-0.5306031440229129,6824332,NC
-0.5055765211679962,6824333,NC
-0.4955498868572998,6824334,NC
-0.4955232410954764,6824335,NC
-0.490496583887181,6824336,NC
-0.5004699152370704,6824337,NC
-0.5154432351498033,6824338,NC
-0.5154165436300406,6824339,NC
-0.4953898406824452,6824340,NC
-0.4903631263116819,6824341,NC
-0.5103364005224175,6824342,NC
-0.5253096633193208,6824343,NC
-0.5202829147070627,6824344,NC
-0.5202561546903158,6824345,NC
-0.5102293832737551,6824346,NC
-0.5152026004620573,6824347,NC
-0.5301758062599012,6824348,NC
-0.5201490006719676,6824349,NC
-0.5401221837029392,6824350,NC
-0.5250953553575007,6824351,NC
-0.5000685156403389,6824352,NC
-0.4950416645561426,6824353,NC
-0.4800148021096024,6824354,NC
-0.48498792830541104,6824355,NC
-0.48996104314826305,6824356,NC
-0.4699341466428554,6824357,NC
-0.4549072387938864,6824358,NC
-0.4398803196060568,6824359,NC
-0.45485338908406925,6824360,NC
-0.46482644723262817,6824361,NC
-0.4897994940564403,6824362,NC
-0.47477252956021415,6824363,NC
-0.43474555374866025,6824364,NC
-0.42471856662649093,6824365,NC
-0.41969156819842085,6824366,NC
-0.4396645584691664,6824367,NC
-0.43463753744344596,6824368,NC
-0.44461050512598,6824369,NC
-0.4345834615214907,6824370,NC
-0.43955640663470263,6824371,NC
-0.459529340470342,6824372,NC
-0.479502263033137,6824373,NC
-0.484475174327818,6824374,NC
-0.4844480743591172,6824375,NC
-0.48442096313176874,6824376,NC
-0.47939384065050883,6824377,NC
-0.48436670692007555,6824378,NC
-0.5093395619452089,6824379,NC
-0.5143124057306511,6824380,NC
-0.5092852382811459,6824381,NC
-0.48925805960143953,6824382,NC
-0.47923086969627987,6824383,NC
-0.49420366857041675,6824384,NC
-0.5141764562286021,6824385,NC
-0.5291492326755896,6824386,NC
-0.5291219979161351,6824387,NC
-0.5140947519549963,6824388,NC
-0.509067494796933,6824389,NC
-0.5090402264467068,6824390,NC
-0.5140129469090811,6824391,NC
-0.5189856561888218,6824392,NC
-0.5289583542906962,6824393,NC
-0.5239310412194736,6824394,NC
-0.5139037169799258,6824395,NC
-0.5338763815768258,6824396,NC
-0.5338490350149491,6824397,NC
-0.5388216772990729,6824398,NC
-0.5337943084339766,6824399,NC
-0.518766928424441,6824400,NC
-0.5087395372752495,6824401,NC
-0.5087121349911871,6824402,NC
-0.5336847215770406,6824403,NC
-0.5336572970375992,6824404,NC
-0.5236298613776537,6824405,NC
-0.5236024146019967,6824406,NC
-0.5035749567154234,6824407,NC
-0.5135474877227302,6824408,NC
-0.5435200076287157,6824409,NC
-0.5384925164381807,6824410,NC
-0.5284650141559277,6824411,NC
-0.5084375007867611,6824412,NC
-0.5034099763354871,6824413,NC
-0.5033824408069144,6824414,NC
-0.5133548942058532,6824415,NC
-0.5133273365371156,6824416,NC
-0.5032997678055156,6824417,NC
-0.49827218801586953,6824418,NC
-0.4782445971729953,6824419,NC
-0.48321699528171286,6824420,NC
-0.47818938234684405,6824421,NC
-0.46816175837321267,6824422,NC
-0.45313412336564446,6824423,NC
-0.41310647732896705,6824424,NC
-0.3280788202680101,6824425,NC
-0.2780511521876049,6824426,NC
-0.20302347309258514,6824427,NC
-0.09299578298778602,6824428,NC
0.022031918121955138,6824429,NC
0.11205963023179913,6824430,NC
0.18708735333690493,6824431,NC
0.20211508743242937,6824432,NC
0.1721428325135275,6824433,NC
0.10717058857535258,6824434,NC
0.06219835561305563,6824435,NC
0.042226133621786,6824436,NC
0.032253922596691104,6824437,NC
0.07228172253291634,6824438,NC
0.15230953342560527,6824439,NC
0.2673373552698996,6824440,NC
0.4323651880609388,6824441,NC
0.5923930317938609,6824442,NC
0.6824208864638017,6824443,NC
0.7024487520658953,6824444,NC
0.6474766285952734,6824445,L
0.5675045160470666,6824446,NC
0.49253241441640294,6824447,NC
0.4075603236984086,6824448,NC
0.26758824388820845,6824449,NC
0.0726161749809246,6824450,NC
-0.1223558830283221,6824451,NC
-0.25232793014441307,6824452,NC
-0.3272999663722314,6824453,NC
-0.38727199171666216,6824454,NC
-0.4572440061825924,6824455,NC
-0.5572160097749109,6824456,NC
-0.6321880024985085,6824457,NC
-0.6871599843582781,6824458,NC
-0.7171319553591139,6824459,NC
-0.6921039155059125,6824460,NC
-0.6820758648035725,6824461,NC
-0.662047803256994,6824462,NC
-0.6570197308710791,6824463,NC
-0.6519916476507319,6824464,NC
-0.6369635536008585,6824465,NC
-0.6269354487263665,6824466,NC
-0.6069073330321659,6824467,NC
-0.6218792065231682,6824468,NC
-0.6368510692042866,6824469,NC
-0.6468229210804369,6824470,NC
-0.6517947621565364,6824471,NC
-0.6467665924375042,6824472,NC
-0.6167384119282613,6824473,NC
-0.6267102206337305,6824474,NC
-0.6416820185588369,6824475,NC
-0.6416538057085072,6824476,NC
-0.6266255820876697,6824477,NC
-0.6165973477012553,6824478,NC
-0.601569102554196,6824479,NC
-0.6215408466514264,6824480,NC
-0.6265125799978821,6824481,NC
-0.6314843025985015,6824482,NC
-0.6414560144582245,6824483,NC
-0.6314277155819925,6824484,NC
-0.6113994059747496,6824485,NC
-0.6013710856414409,6824486,NC
-0.6063427545870139,6824487,NC
-0.6113144128164179,6824488,NC
-0.606286060334604,6824489,NC
-0.5962576971465251,6824490,NC
-0.581229323257136,6824491,NC
-0.5862009386713938,6824492,NC
-0.5911725433942567,6824493,NC
-0.6061441374306854,6824494,NC
-0.5911157207856421,6824495,NC
-0.581087293464091,6824496,NC
-0.5610588554709983,6824497,NC
-0.5560304068113318,6824498,NC
-0.5710019474900614,6824499,NC
-0.5759734775121585,6824500,NC
-0.5509449968825969,6824501,NC
-0.5359165056063518,6824502,NC
-0.5158880036884007,6824503,NC
-0.5058594911337224,6824504,NC
-0.5058309679472979,6824505,NC
-0.5108024341341101,6824506,NC
-0.5057738896991436,6824507,NC
-0.48574533464738495,6824508,NC
-0.4657167689838226,6824509,NC
-0.46568819271344664,6824510,NC
-0.46065960584124926,6824511,NC
-0.46063100837222437,6824512,NC
-0.44060240031136766,6824513,NC
-0.42057378166367687,6824514,NC
-0.39554515243415156,6824515,NC
-0.3905165126277929,6824516,NC
-0.4004878622496042,6824517,NC
-0.4104592013045903,6824518,NC
-0.3854305297977583,6824519,NC
-0.3604018477341168,6824520,NC
-0.3253731551186765,6824521,NC
-0.33034445195644957,6824522,NC
-0.3303157382524505,6824523,NC
-0.3252870140116952,6824524,NC
-0.3102582792392017,6824525,NC
-0.2852295339399898,6824526,NC
-0.27520077811908095,6824527,NC
-0.27017201178149874,6824528,NC
-0.26014323493226854,6824529,NC
-0.27511444757641723,6824530,NC
-0.24008564971897395,6824531,NC
-0.21505684136496947,6824532,NC
-0.1800280225194364,6824533,NC
-0.18499919318740915,6824534,NC
-0.1949703533739241,6824535,NC
-0.18494150308401922,6824536,NC
-0.15991264232273467,6824537,NC
-0.1348837710951121,6824538,NC
-0.11485488940619508,6824539,NC
-0.12482599726102919,6824540,NC
-0.12479709466466163,6824541,NC
-0.14976818162214148,6824542,NC
-0.14973925813851963,6824543,NC
-0.13471032421884888,6824544,NC
-0.1596813798681837,6824545,NC
-0.17465242509158058,6824546,NC
-0.20462345989409766,6824547,NC
-0.22959448428079496,6824548,NC
-0.23956549825673437,6824549,NC
-0.2645365018269796,6824550,NC
-0.274507494996596,6824551,NC
-0.30947847777065096,6824552,NC
-0.33944945015421363,6824553,NC
-0.3544204121523547,6824554,NC
-0.37439136377014726,6824555,NC
-0.37936230501266566,6824556,NC
-0.3843332358849863,6824557,NC
-0.3943041563921874,6824558,NC
-0.4142750665393489,6824559,NC
-0.43424596633155277,6824560,NC
-0.4542168557738824,6824561,NC
-0.4491877348714232,6824562,NC
-0.4341586036292626,6824563,NC
-0.4441294620524895,6824564,NC
-0.45910031014619473,6824565,NC
-0.484071147915471,6824566,NC
-0.4840419753654127,6824567,NC
-0.47401279250111616,6824568,NC
-0.4539835993276794,6824569,NC
-0.47895439585020216,6824570,NC
-0.4989251820737862,6824571,NC
-0.513895958003535,6824572,NC
-0.49886672364455376,6824573,NC
-0.4838374790019494,6824574,NC
-0.478808224080831,6824575,NC
-0.5037789588863091,6824576,NC
-0.5087496834234961,6824577,NC
-0.5237203976975063,6824578,NC
-0.5086911017134557,6824579,NC
-0.503661795476462,6824580,NC
-0.4936324789916448,6824581,NC
-0.4936031522641257,6824582,NC
-0.5135738152990277,6824583,NC
-0.5235444681014759,6824584,NC
-0.498515110676597,6824585,NC
-0.49348574302951953,6824586,NC
-0.48845636516537383,6824587,NC
-0.5034269770892921,6824588,NC
-0.518397578806408,6824589,NC
-0.5133681703218574,6824590,NC
-0.5133387516407779,6824591,NC
-0.5083093227683084,6824592,NC
-0.4882798837095902,6824593,NC
-0.493250434469766,6824594,NC
-0.5032209750539804,6824595,NC
-0.5031915054673799,6824596,NC
-0.5081620257151123,6824597,NC
-0.5031325358023279,6824598,NC
-0.48810303573417807,6824599,NC
-0.4980735255158165,6824600,NC
-0.5230440051523984,6824601,NC
-0.5380144746490806,6824602,NC
-0.5279849340110221,6824603,NC
-0.5129553832433833,6824604,NC
-0.5079258223513266,6824605,NC
-0.502896251340016,6824606,NC
-0.5278666702146175,6824607,NC
-0.5278370789802987,6824608,NC
-0.517807477642229,6824609,NC
-0.5077778662055794,6824610,NC
-0.5327482446755228,6824611,NC
-0.5327186130572342,6824612,NC
-0.5276889713558899,6824613,NC
-0.5276593195766679,6824614,NC
-0.5326296577247484,6824615,NC
-0.5175999858053131,6824616,NC
-0.4975703038235453,6824617,NC
-0.5025406117846304,6824618,NC
-0.5075109096937555,6824619,NC
-0.5274811975561091,6824620,NC
-0.527451475376882,6824621,NC
-0.5174217431612662,6824622,NC
-0.5073920009144558,6824623,NC
-0.5173622486416467,6824624,NC
-0.5273324863480363,6824625,NC
-0.5273027140388239,6824626,NC
-0.5422729317192105,6824627,NC
-0.522243139394399,6824628,NC
-0.5222133370695938,6824629,NC
-0.5321835247500012,6824630,NC
-0.5371537024408292,6824631,NC
-0.5421238701472874,6824632,NC
-0.5370940278745876,6824633,NC
-0.5320641756279428,6824634,NC
-0.4970343134125682,6824635,NC
-0.5170044412336804,6824636,NC
-0.5269745590964978,6824637,NC
-0.5369446670062409,6824638,NC
-0.5269147649681313,6824639,NC
-0.5068848529873929,6824640,NC
-0.501854931069251,6824641,NC
-0.5068249992189329,6824642,NC
-0.5217950574416673,6824643,NC
-0.536765105742685,6824644,NC
-0.5317351441272183,6824645,NC
-0.5067051726005013,6824646,NC
-0.5116751911677699,6824647,NC
-0.49164519983426147,6824648,NC
-0.5066151986052154,6824649,NC
-0.5115851874858728,6824650,NC
-0.5015551664814762,6824651,NC
-0.4965251355972703,6824652,NC
-0.47149509483850105,6824653,NC
-0.4714650442104166,6824654,NC
-0.4714349837182665,6824655,NC
-0.47640491336730206,6824656,NC
-0.4713748331627765,6824657,NC
-0.4613447431099445,6824658,NC
-0.4463146432140626,6824659,NC
-0.4462845334803892,6824660,NC
-0.45625441391418403,6824661,NC
-0.461224284520709,6824662,NC
-0.45619414530522745,6824663,NC
-0.4261639962730044,6824664,NC
-0.4161338374293068,6824665,NC
-0.4211036687794032,6824666,NC
-0.4410734903285637,6824667,NC
-0.45104330208206045,6824668,NC
-0.4560131040451671,6824669,NC
-0.44098289622315895,6824670,NC
-0.4509526786213132,6824671,NC
-0.4409224512449087,6824672,NC
-0.4558922140992259,6824673,NC
-0.465861967189547,6824674,NC
-0.480831710521156,6824675,NC
-0.4708014440993384,6824676,NC
-0.45077116792938177,6824677,NC
-0.45074088201657503,6824678,NC
-0.47071058636620877,6824679,NC
-0.48568028098357574,6824680,NC
-0.4906499658739699,6824681,NC
-0.47561964104268717,6824682,NC
-0.47558930649502507,6824683,NC
-0.48555896223628287,6824684,NC
-0.5005286082717614,6824685,NC
-0.5104982446067634,6824686,NC
-0.5104678712465932,6824687,NC
-0.4854374881965567,6824688,NC
-0.4954070954619618,6824689,NC
-0.5003766930481178,6824690,NC
-0.5203462809603359,6824691,NC
-0.5403158592039287,6824692,NC
-0.5252854277842107,6824693,NC
-0.5102549867064983,6824694,NC
-0.49022453597610915,6824695,NC
-0.5001940755983628,6824696,NC
-0.5101636055785805,6824697,NC
-0.5351331259220853,6824698,NC
-0.5201026366342016,6824699,NC
-0.5250721377202557,6824700,NC
-0.5050416291855756,6824701,NC
-0.520011111035491,6824702,NC
-0.529980583275333,6824703,NC
-0.5399500459104349,6824704,NC
-0.5199194989461312,6824705,NC
-0.5298889423877582,6824706,NC
-0.5048583762406541,6824707,NC
-0.5248278005101583,6824708,NC
-0.5247972152016126,6824709,NC
-0.5347666203203596,6824710,NC
-0.5347360158717445,6824711,NC
-0.5197054018611132,6824712,NC
-0.5146747782938141,6824713,NC
-0.5096441451751968,6824714,NC
-0.5196135025106128,6824715,NC
-0.5295828503054151,6824716,NC
-0.5295521885649583,6824717,NC
-0.5045215172945992,6824718,NC
-0.4994908364996953,6824719,NC
-0.5044601461856068,6824720,NC
-0.5144294463576948,6824721,NC
-0.5293987370213226,6824722,NC
-0.5143680181818547,6824723,NC
-0.4843372898446577,6824724,NC
-0.4893065520150994,6824725,NC
-0.4792758046985497,6824726,NC
-0.46424504790037974,6824727,NC
-0.45421428162596267,6824728,NC
-0.4241835058806731,6824729,NC
-0.3591527206698874,6824730,NC
-0.2841219259989835,6824731,NC
-0.214091121873341,6824732,NC
-0.13906030829834126,6824733,NC
-0.07902948527936715,6824734,NC
0.011001347178196778,6824735,NC
0.07103218906896427,6824736,NC
0.08606304038754754,6824737,NC
0.026093901128556897,6824738,NC
-0.04387522871339872,6824739,NC
-0.13884434914371208,6824740,NC
-0.18381346016777772,6824741,NC
-0.18378256179099173,6824742,NC
-0.13375165401875183,6824743,NC
-0.05372073685645739,6824744,NC
0.046310189690490555,6824745,NC
0.18634112561668942,6824746,NC
0.30137207091673474,6824747,NC
0.3914030255852207,6824748,NC
0.4714339896167398,6824749,NC
0.47146496300588264,6824750,NC
0.41649594574723836,6824751,L
0.31652693783539476,6824752,NC
0.20155793926493748,6824753,NC
0.09658895003045083,6824754,NC
-0.003380029873482439,6824755,NC
-0.1083490004522815,6824756,NC
-0.21331796171136694,6824757,NC
-0.3282869136561609,6824758,NC
-0.4282558562920874,6824759,NC
-0.533224789624572,6824760,NC
-0.6181937136590416,6824761,NC
-0.6731626284009253,6824762,NC
-0.7331315338556532,6824763,NC
-0.7681004300286574,6824764,NC
-0.7730693169253716,6824765,NC
-0.7530381945512309,6824766,NC
-0.7180070629116724,6824767,NC
-0.6879759220121344,6824768,NC
-0.672944771858057,6824769,NC
-0.6579136124548821,6824770,NC
-0.6428824438080528,6824771,NC
-0.6228512659230142,6824772,NC
-0.592820078805213,6824773,NC
-0.5877888824600972,6824774,NC
-0.5977576768931164,6824775,NC
-0.6077264621097225,6824776,NC
-0.6076952381153681,6824777,NC
-0.597664004915508,6824778,NC
-0.5626327625155984,6824779,NC
-0.582601510921097,6824780,NC
-0.5875702501374634,6824781,NC
-0.6025389801701588,6824782,NC
-0.5875077010246456,6824783,NC
-0.5824764127063881,6824784,NC
-0.5524451152208522,6824785,NC
-0.5474138085735053,6824786,NC
-0.5573824927698167,6824787,NC
-0.5573511678152567,6824788,NC
-0.5623198337152979,6824789,NC
-0.5472884904754138,6824790,NC
-0.5222571381010803,6824791,NC
-0.527225776597774,6824792,NC
-0.5371944059709739,6824793,NC
-0.53716302622616,6824794,NC
-0.5421316373688143,6824795,NC
-0.5221002394044201,6824796,NC
-0.5070688323384624,6824797,NC
-0.5020374161764279,6824798,NC
-0.5170059909238048,6824799,NC
-0.5169745565860828,6824800,NC
-0.5069431131687534,6824801,NC
-0.5119116606773093,6824802,NC
-0.4968801991172453,6824803,NC
-0.4818487284940574,6824804,NC
-0.4768172488132434,6824805,NC
-0.4717857600803024,6824806,NC
-0.4867542623007355,6824807,NC
-0.46172275548004493,6824808,NC
-0.42669123962373495,6824809,NC
-0.42165971473731106,6824810,NC
-0.42162818082628034,6824811,NC
-0.4215966378961517,6824812,NC
-0.42156508595243547,6824813,NC
-0.39153352500064353,6824814,NC
-0.3715019550462893,6824815,NC
-0.366470376094888,6824816,NC
-0.3714387881519561,6824817,NC
-0.36640719122301185,6824818,NC
-0.36637558531357506,6824819,NC
-0.3263439704291671,6824820,NC
-0.3013123465753108,6824821,NC
-0.3012807137575307,6824822,NC
-0.31124907198135277,6824823,NC
-0.3212174212523046,6824824,NC
-0.29118576157591547,6824825,NC
-0.2761540929577161,6824826,NC
-0.23612241540323867,6824827,NC
-0.23609072891801716,6824828,NC
-0.22605903350758694,6824829,NC
-0.22602732917748503,6824830,NC
-0.2159956159332499,6824831,NC
-0.19596389378042162,6824832,NC
-0.17593216272454187,6824833,NC
-0.18590042277115393,6824834,NC
-0.19586867392580243,6824835,NC
-0.19083691619403376,6824836,NC
-0.16080514958139577,6824837,NC
-0.14577337409343788,6824838,NC
-0.12574158973571106,6824839,NC
-0.11570979651376781,6824840,NC
-0.11067799443316219,6824841,NC
-0.11064618349944974,6824842,NC
-0.09061436371818779,6824843,NC
-0.06558253509493492,6824844,NC
-0.05055069763525133,6824845,NC
-0.040518851344698965,6824846,NC
-0.040486996228841075,6824847,NC
-0.055455132293242546,6824848,NC
-0.060423259543469776,6824849,NC
-0.050391377985090746,6824850,NC
-0.04535948762367486,6824851,NC
-0.06532758846479331,6824852,NC
-0.11529568051401856,6824853,NC
-0.14026376377692468,6824854,NC
-0.15023183825908745,6824855,NC
-0.18019990396608396,6824856,NC
-0.17016796090349293,6824857,NC
-0.2101360090768946,6824858,NC
-0.2351040484918707,6824859,NC
-0.2700720791540045,6824860,NC
-0.280040101068881,6824861,NC
-0.2950081142420864,6824862,NC
-0.2949761186792086,6824863,NC
-0.31994411438583714,6824864,NC
-0.3449121013675628,6824865,NC
-0.36988007962997815,6824866,NC
-0.3648480491786771,6824867,NC
-0.3548160100192551,6824868,NC
-0.35478396215730934,6824869,NC
-0.3547519055984383,6824870,NC
-0.38471984034824197,6824871,NC
-0.38968776641232206,6824872,NC
-0.38965568379628157,6824873,NC
-0.39462359250572515,6824874,NC
-0.379591492546259,6824875,NC
-0.3895593839234907,6824876,NC
-0.4045272666430293,6824877,NC
-0.4194951407104857,6824878,NC
-0.419463006131472,6824879,NC
-0.4094308629116018,6824880,NC
-0.3993987110564904,6824881,NC
-0.3993665505717545,6824882,NC
-0.4043343814630124,6824883,NC
-0.4093022037358837,6824884,NC
-0.41927001739598974,6824885,NC
-0.38423782244895305,6824886,NC
-0.3842056189003981,6824887,NC
-0.3891734067559506,6824888,NC
-0.4041411860212376,6824889,NC
-0.4041089567018881,6824890,NC
-0.4140767188035323,6824891,NC
-0.41404447233180186,6824892,NC
-0.38901221729233004,6824893,NC
-0.38897995369075156,6824894,NC
-0.39394768153270265,6824895,NC
-0.4139154008238212,6824896,NC
-0.40888311156974627,6824897,NC
-0.37385081377611856,6824898,NC
-0.3688185074485804,6824899,NC
-0.3887861925927754,6824900,NC
-0.38375386921434884,6824901,NC
-0.39872153731894716,6824902,NC
-0.40368919691221883,6824903,NC
-0.3936568479998134,6824904,NC
-0.388624490587382,6824905,NC
-0.3885921246805772,6824906,NC
-0.40855975028505304,6824907,NC
-0.4035273674064653,6824908,NC
-0.40349497605047097,6824909,NC
-0.3884625762227286,6824910,NC
-0.3684301679288982,6824911,NC
-0.36839775117464135,6824912,NC
-0.3983653259656209,6824913,NC
-0.3983328923075015,6824914,NC
-0.388300450205949,6824915,NC
-0.40326799966663074,6824916,NC
-0.3782355406952158,6824917,NC
-0.38320307329737446,6824918,NC
-0.37317059747877845,6824919,NC
-0.38313811324510116,6824920,NC
-0.3881056206020174,6824921,NC
-0.37807311955520345,6824922,NC
-0.36804061011033684,6824923,NC
-0.378008092273097,6824924,NC
-0.3929755660491644,6824925,NC
-0.3979430314442212,6824926,NC
-0.39791048846395105,6824927,NC
-0.39787793711403896,6824928,NC
-0.3828453774001713,6824929,NC
-0.37781280932803624,6824930,NC
-0.3827802329033231,6824931,NC
-0.3927476481317226,6824932,NC
-0.38771505501892745,6824933,NC
-0.3776824535706311,6824934,NC
-0.3826498437925291,6824935,NC
-0.382617225690318,6824936,NC
-0.3925845992696958,6824937,NC
-0.4075519645363624,6824938,NC
-0.40251932149601877,6824939,NC
-0.39748667015436745,6824940,NC
-0.37245401051711235,6824941,NC
-0.37742134258995896,6824942,NC
-0.3923886663786141,6824943,NC
-0.4023559818887861,6824944,NC
-0.4273232891261848,6824945,NC
-0.3972905880965212,6824946,NC
-0.39225787880550805,6824947,NC
-0.3722251612588596,6824948,NC
-0.3821924354622913,6824949,NC
-0.3971597014215199,6824950,NC
-0.39212695914226414,6824951,NC
-0.39209420863024375,6824952,NC
-0.37206144989118006,6824953,NC
-0.3820286829307957,6824954,NC
-0.39199590775481485,6824955,NC
-0.4069631243689632,6824956,NC
-0.4069303327789678,6824957,NC
-0.38689753299055707,6824958,NC
-0.3668647250094609,6824959,NC
-0.3718319088414106,6824960,NC
-0.37179908449213905,6824961,NC
-0.3667662519673804,6824962,NC
-0.3617334112728702,6824963,NC
-0.3317005624143455,6824964,NC
-0.31666770539754485,6824965,NC
-0.31163484022820814,6824966,NC
-0.3266019669120767,6824967,NC
-0.3415690854548932,6824968,NC
-0.34153619586240186,6824969,NC
-0.3165032981403484,6824970,NC
-0.29647039229447963,6824971,NC
-0.28643747833054406,6824972,NC
-0.2864045562542915,6824973,NC
-0.2913716260714733,6824974,NC
-0.29633868778784217,6824975,NC
-0.281305741409152,6824976,NC
-0.2762727869411586,6824977,NC
-0.29623982438961866,6824978,NC
-0.3212068537602906,6824979,NC
-0.34117387505893415,6824980,NC
-0.3561408882913105,6824981,NC
-0.35110789346318216,6824982,NC
-0.3410748905803132,6824983,NC
-0.34104187964846894,6824984,NC
-0.3560088606734161,6824985,NC
-0.360975833660923,6824986,NC
-0.36094279861675926,6824987,NC
-0.35590975554669574,6824988,NC
-0.3458767044565049,6824989,NC
-0.35584364535196056,6824990,NC
-0.370810578238838,6824991,NC
-0.3657775031229137,6824992,NC
-0.37074442000996577,6824993,NC
-0.3707113289057734,6824994,NC
-0.36067822981611763,6824995,NC
-0.3656451227467805,6824996,NC
-0.3906120077035457,6824997,NC
-0.39057888469219815,6824998,NC
-0.3905457537185241,6824999,NC
-0.39551261478831157,6825000,NC
-0.39047946790734955,6825001,NC
-0.41044631308142865,6825002,NC
-0.4054131503163406,6825003,NC
-0.3953799796178789,6825004,NC
-0.3853468009918383,6825005,NC
-0.3753136144440148,6825006,NC
-0.40028041998020564,6825007,NC
-0.40024721760621007,6825008,NC
-0.42021400732782815,6825009,NC
-0.42518078915086144,6825010,NC
-0.42514756308111296,6825011,NC
-0.4101143291243871,6825012,NC
-0.39508108728648966,6825013,NC
-0.4100478375732277,6825014,NC
-0.40001457999040974,6825015,NC
-0.42998131454384564,6825016,NC
-0.4249480412393467,6825017,NC
-0.3999147600827255,6825018,NC
-0.404881471079796,6825019,NC
-0.39984817423637364,6825020,NC
-0.40481486955827517,6825021,NC
-0.40478155705131863,6825022,NC
-0.41974823672132355,6825023,NC
-0.39471490857411073,6825024,NC
-0.3946815726155023,6825025,NC
-0.374648228851322,6825026,NC
-0.3796148772873947,6825027,NC
-0.4045815179295465,6825028,NC
-0.39954815078360534,6825029,NC
-0.3895147758554001,6825030,NC
-0.3744813931507613,6825031,NC
-0.3744480026755204,6825032,NC
-0.3744146044355107,6825033,NC
-0.3743811984365666,6825034,NC
-0.3643477846845239,6825035,NC
-0.3293143631852197,6825036,NC
-0.3042809339444926,6825037,NC
-0.28924749696818247,6825038,NC
-0.24921405226213048,6825039,NC
-0.21418059983217924,6825040,NC
-0.12914713968417263,6825041,NC
-0.0441136718239559,6825042,NC
0.05091980374262438,6825043,NC
0.10595328700972012,6825044,NC
0.1509867779714821,6825045,NC
0.15602027662205972,6825046,NC
0.12605378295560088,6825047,NC
0.06608729696625226,6825048,NC
0.01612081864815925,6825049,NC
-0.028845652004534192,6825050,NC
-0.028812114997685413,6825051,NC
0.026221429662846976,6825052,NC
0.12125498197120278,6825053,NC
0.27128854192152074,6825054,NC
0.4213221095079382,6825055,NC
0.5313556847245909,6825056,NC
0.6013892675656138,6825057,NC
0.61142285802514,6825058,NC
0.5814564560973015,6825059,L
0.5164900617762289,6825060,NC
0.4265236750560516,6825061,NC
0.2915572959308976,6825062,NC
0.16659092439489342,6825063,NC
0.07162456044216461,6825064,NC
-0.018341795933165046,6825065,NC
-0.10330814473697277,6825066,NC
-0.1782744859751372,6825067,NC
-0.2682408196535383,6825068,NC
-0.38320714577805737,6825069,NC
-0.48817346435457687,6825070,NC
-0.5331397753889809,6825071,NC
-0.5581060788871546,6825072,NC
-0.5680723748549846,6825073,NC
-0.5730386632983588,6825074,NC
-0.5680049442231663,6825075,NC
-0.5579712176352976,6825076,NC
-0.5279374835406444,6825077,NC
-0.49790374194509995,6825078,NC
-0.4578699928545587,6825079,NC
-0.47283623627491644,6825080,NC
-0.4978024722120701,6825081,NC
-0.482768700671918,6825082,NC
-0.49273492166036004,6825083,NC
-0.47270113518329687,6825084,NC
-0.452667341246631,6825085,NC
-0.46263353985626593,6825086,NC
-0.4675997310181064,6825087,NC
-0.4825659147380589,6825088,NC
-0.48753209102203066,6825089,NC
-0.4624982598759304,6825090,NC
-0.44746442130566844,6825091,NC
-0.442430575317156,6825092,NC
-0.46239672191630576,6825093,NC
-0.48236286110903176,6825094,NC
-0.4723289929012491,6825095,NC
-0.4522951172988745,6825096,NC
-0.44226123430782577,6825097,NC
-0.4322273439340219,6825098,NC
-0.4321934461833834,6825099,NC
-0.452159541061832,6825100,NC
-0.4571256285752907,6825101,NC
-0.4320917087296839,6825102,NC
-0.43205778153093694,6825103,NC
-0.4220238469849767,6825104,NC
-0.4269899050977315,6825105,NC
-0.43695595587513064,6825106,NC
-0.4369219993231048,6825107,NC
-0.41688803544758596,6825108,NC
-0.38685406425450747,6825109,NC
-0.3968200857498039,6825110,NC
-0.39678609993941094,6825111,NC
-0.39175210682926564,6825112,NC
-0.3917181064253066,6825113,NC
-0.3716840987334733,6825114,NC
-0.3516500837597067,6825115,NC
-0.35161606150994884,6825116,NC
-0.35158203199014343,6825117,NC
-0.3515479952062351,6825118,NC
-0.33151395116416976,6825119,NC
-0.3114798998698948,6825120,NC
-0.2964458413293586,6825121,NC
-0.29141177554851116,6825122,NC
-0.2963777025333034,6825123,NC
-0.2963436222896877,6825124,NC
-0.29130953482361766,6825125,NC
-0.2712754401410481,6825126,NC
-0.24624133824793515,6825127,NC
-0.2412072291502362,6825128,NC
-0.24117311285390985,6825129,NC
-0.2461389893649159,6825130,NC
-0.2361048586892157,6825131,NC
-0.20107072083277155,6825132,NC
-0.17603657580154705,6825133,NC
-0.1710024236015072,6825134,NC
-0.16596826423861813,6825135,NC
-0.17093409771884724,6825136,NC
-0.1508999240481632,6825137,NC
-0.1208657432325359,6825138,NC
-0.09583155527793645,6825139,NC
-0.09579736019033741,6825140,NC
-0.10576315797571234,6825141,NC
-0.09072894864003608,6825142,NC
-0.1006947321892849,6825143,NC
-0.08066050862943613,6825144,NC
-0.04562627796646839,6825145,NC
-0.05059204020636155,6825146,NC
-0.05055779535509671,6825147,NC
-0.07052354341865616,6825148,NC
-0.060489284403023605,6825149,NC
-0.04545501831418382,6825150,NC
-0.04042074515812277,6825151,NC
-0.0403864649408279,6825152,NC
-0.05035217766828766,6825153,NC
-0.055317883346491806,6825154,NC
-0.07528358198143134,6825155,NC
-0.07024927357909844,6825156,NC
-0.06521495814548653,6825157,NC
-0.09018063568659043,6825158,NC
-0.13514630620840593,6825159,NC
-0.16511196971693012,6825160,NC
-0.18507762621816148,6825161,NC
-0.21004327571809955,6825162,NC
-0.2250089182227451,6825163,NC
-0.2599745537381002,6825164,NC
-0.28994018227016805,6825165,NC
-0.31490580382495303,6825166,NC
-0.319871418408461,6825167,NC
-0.3248370260266987,6825168,NC
-0.3248026266856744,6825169,NC
-0.3347682203913974,6825170,NC
-0.34973380714987823,6825171,NC
-0.38469938696712863,6825172,NC
-0.39466495984916156,6825173,NC
-0.4146305258019913,6825174,NC
-0.40459608483163306,6825175,NC
-0.40456163694410363,6825176,NC
-0.42952718214542074,6825177,NC
-0.4344927204416035,6825178,NC
-0.44945825183867205,6825179,NC
-0.4394237763426479,6825180,NC
-0.4293892939595536,6825181,NC
-0.43435480469541304,6825182,NC
-0.43932030855625115,6825183,NC
-0.4492858055480944,6825184,NC
-0.4642512956769701,6825185,NC
-0.45421677894890683,6825186,NC
-0.4491822553699346,6825187,NC
-0.4441477249460844,6825188,NC
-0.4491131876833883,6825189,NC
-0.45907864358788,6825190,NC
-0.4690440926655938,6825191,NC
-0.4590095349225658,6825192,NC
-0.4489749703648329,6825193,NC
-0.4589403989984333,6825194,NC
-0.4639058208294063,6825195,NC
-0.46887123586379265,6825196,NC
-0.468836644107634,6825197,NC
-0.4538020455669733,6825198,NC
-0.44376744024785475,6825199,NC
-0.4487328281563234,6825200,NC
-0.4636982092984262,6825201,NC
-0.46366358368021054,6825202,NC
-0.47362895130772537,6825203,NC
-0.46859431218702063,6825204,NC
-0.4535596663241477,6825205,NC
-0.46352501372515886,6825206,NC
-0.46849035439610776,6825207,NC
-0.47845568834304913,6825208,NC
-0.4884210155720388,6825209,NC
-0.46838633608913405,6825210,NC
-0.44835164990039306,6825211,NC
-0.45831695701187525,6825212,NC
-0.4582822574296413,6825213,NC
-0.483247551159753,6825214,NC
-0.4782128382082732,6825215,NC
-0.4681781185812661,6825216,NC
-0.4581433922847969,6825217,NC
-0.46810865932493223,6825218,NC
-0.4680739197077396,6825219,NC
-0.4830391734392877,6825220,NC
-0.4830044205256466,6825221,NC
-0.4679696609728874,6825222,NC
-0.4529348947870823,6825223,NC
-0.46290012197430475,6825224,NC
-0.46286534254062933,6825225,NC
-0.48283055649213175,6825226,NC
-0.4727957638348889,6825227,NC
-0.46776096457497884,6825228,NC
-0.45272615871848076,6825229,NC
-0.4676913462714751,6825230,NC
-0.4776565272400432,6825231,NC
-0.48262170163026785,6825232,NC
-0.49758686944823277,6825233,NC
-0.4875520307000229,6825234,NC
-0.4475171853917243,6825235,NC
-0.4574823335294244,6825236,NC
-0.45244747511921146,6825237,NC
-0.46241261016717494,6825238,NC
-0.4623777386794057,6825239,NC
-0.45734286066199537,6825240,NC
-0.462307976121037,6825241,NC
-0.46227308506262477,6825242,NC
-0.46723818749285373,6825243,NC
-0.4772032834178203,6825244,NC
-0.4921683728436221,6825245,NC
-0.4771334557763577,6825246,NC
-0.4670985322221267,6825247,NC
-0.4520636021870304,6825248,NC
-0.4720286656771706,6825249,NC
-0.4819937226986505,6825250,NC
-0.4769587732575744,6825251,NC
-0.46192381736004773,6825252,NC
-0.451888855012177,6825253,NC
-0.44185388622007016,6825254,NC
-0.4618189109898357,6825255,NC
-0.4617839293275836,6825256,NC
-0.4717489412394252,6825257,NC
-0.44671394673147236,6825258,NC
-0.4316789458098387,6825259,NC
-0.4366439384806383,6825260,NC
-0.43160892474998697,6825261,NC
-0.44657390462400115,6825262,NC
-0.44153887810879894,6825263,NC
-0.41150384521049893,6825264,NC
-0.3914688059352212,6825265,NC
-0.39643376028908706,6825266,NC
-0.39639870827821855,6825267,NC
-0.4063636499087392,6825268,NC
-0.4113285851867733,6825269,NC
-0.39629351411844643,6825270,NC
-0.36125843670988533,6825271,NC
-0.36622335296721786,6825272,NC
-0.37118826289657286,6825273,NC
-0.39615316650408017,6825274,NC
-0.39611806379587117,6825275,NC
-0.37608295477807796,6825276,NC
-0.37104783945683384,6825277,NC
-0.39601271783827313,6825278,NC
-0.3959775899285314,6825279,NC
-0.3959424557337453,6825280,NC
-0.3959073152600526,6825281,NC
-0.3858721685135919,6825282,NC
-0.37083701550050335,6825283,NC
-0.38080185622692775,6825284,NC
-0.3857666906990073,6825285,NC
-0.41073151892288523,6825286,NC
-0.4056963409047056,6825287,NC
-0.39566115665061397,6825288,NC
-0.3906259661667567,6825289,NC
-0.3805907694592814,6825290,NC
-0.4005555665343366,6825291,NC
-0.4205203573980722,6825292,NC
-0.40048514205663877,6825293,NC
-0.4104499205161884,6825294,NC
-0.3954146927828739,6825295,NC
-0.4153794588628493,6825296,NC
-0.42034421876226996,6825297,NC
-0.4353089724872919,6825298,NC
-0.43027372004407244,6825299,NC
-0.40023846143876984,6825300,NC
-0.38020319667754376,6825301,NC
-0.36516792576655466,6825302,NC
-0.37513264871196406,6825303,NC
-0.39509736551993463,6825304,NC
-0.4000620761966301,6825305,NC
-0.38502678074821534,6825306,NC
-0.38499147918085624,6825307,NC
-0.3749561715007197,6825308,NC
-0.38492085771397366,6825309,NC
-0.39488553782678737,6825310,NC
-0.38985021184533086,6825311,NC
-0.3648148797757755,6825312,NC
-0.3597795416242932,6825313,NC
-0.3747441973970577,6825314,NC
-0.3797088471002432,6825315,NC
-0.37967349074002515,6825316,NC
-0.3796381283225802,6825317,NC
-0.3696027598540859,6825318,NC
-0.3595673853407208,6825319,NC
-0.3595320047886646,6825320,NC
-0.36449661820409807,6825321,NC
-0.36446122559320293,6825322,NC
-0.35442582696216224,6825323,NC
-0.3343904223171597,6825324,NC
-0.3293550116643803,6825325,NC
-0.3293195950100102,6825326,NC
-0.3242841723602363,6825327,NC
-0.35924874372124677,6825328,NC
-0.3442133090992307,6825329,NC
-0.34917786850037835,6825330,NC
-0.31914242193088077,6825331,NC
-0.32910696939693046,6825332,NC
-0.3290715109047207,6825333,NC
-0.3390360464604458,6825334,NC
-0.31900057607030113,6825335,NC
-0.30396509974048325,6825336,NC
-0.2639296174771895,6825337,NC
-0.2488941292866185,6825338,NC
-0.24885863517496976,6825339,NC
-0.1988231351484438,6825340,NC
-0.15878762921324233,6825341,NC
-0.08375211737556798,6825342,NC
-0.023716599641624342,6825343,NC
0.03131892398238372,6825344,NC
0.061354453490250545,6825345,NC
0.08138998887576937,6825346,NC
0.1014255301327324,6825347,NC
0.08146107725493079,6825348,NC
0.046496630236154794,6825349,NC
-0.0434678109298066,6825350,NC
-0.13343224624916522,6825351,NC
-0.2233966757281339,6825352,NC
-0.2733610993729267,6825353,NC
-0.24332551718975853,6825354,NC
-0.17828992918484537,6825355,NC
-0.10325433536440418,6825356,NC
-0.038218735734652946,6825357,NC
0.04181686969818935,6825358,NC
0.1368524809279026,6825359,NC
0.2218880979482657,6825360,NC
0.28692372075305683,6825361,NC
0.3119593493360526,6825362,NC
0.2719949836910292,6825363,L
0.18703062381176142,6825364,NC
0.09706626969202317,6825365,NC
0.0021019213255874247,6825366,NC
-0.057862421293773905,6825367,NC
-0.11782675817229005,6825368,NC
-0.19779108931619105,6825369,NC
-0.2677554147317079,6825370,NC
-0.33271973442507297,6825371,NC
-0.3726840484025192,6825372,NC
-0.41264835667028066,6825373,NC
-0.4526126592345926,6825374,NC
-0.502576956101691,6825375,NC
-0.5325412472778129,6825376,NC
-0.5275055327691967,6825377,NC
-0.4924698125820812,6825378,NC
-0.45243408672270646,6825379,NC
-0.41239835519731377,6825380,NC
-0.392362618012145,6825381,NC
-0.3823268751734433,6825382,NC
-0.35229112668745266,6825383,NC
-0.33725537256041815,6825384,NC
-0.30721961279858573,6825385,NC
-0.2971838474082024,6825386,NC
-0.327148076395516,6825387,NC
-0.3121122997667758,6825388,NC
-0.32207651752823147,6825389,NC
-0.3070407296861341,6825390,NC
-0.28200493624673545,6825391,NC
-0.27696913721628835,6825392,NC
-0.2969333326010469,6825393,NC
-0.2968975224072657,6825394,NC
-0.28686170664120064,6825395,NC
-0.2768258853091084,6825396,NC
-0.25179005841724694,6825397,NC
-0.2617542259718748,6825398,NC
-0.26671838797925174,6825399,NC
-0.2866825444456384,6825400,NC
-0.28164669537729625,6825401,NC
-0.2616108407804882,6825402,NC
-0.2465749806614776,6825403,NC
-0.2515391150265289,6825404,NC
-0.25150324388190787,6825405,NC
-0.26146736723388075,6825406,NC
-0.25643148508871494,6825407,NC
-0.2363955974526789,6825408,NC
-0.22135970433204194,6825409,NC
-0.21632380573307422,6825410,NC
-0.2212879016620472,6825411,NC
-0.23625199212523293,6825412,NC
-0.22621607712890457,6825413,NC
-0.19618015667933636,6825414,NC
-0.18114423078280323,6825415,NC
-0.18610829944558127,6825416,NC
-0.18107236267394738,6825417,NC
-0.18103642047417945,6825418,NC
-0.16600047285255648,6825419,NC
-0.14596451981535818,6825420,NC
-0.13092856136886524,6825421,NC
-0.10089259751935954,6825422,NC
-0.1108566282731236,6825423,NC
-0.10582065363644105,6825424,NC
-0.1007846736155964,6825425,NC
-0.07574868821687511,6825426,NC
-0.04571269744656353,6825427,NC
-0.035676701310949153,6825428,NC
-0.04064069981632018,6825429,NC
-0.03060469296896576,6825430,NC
-0.030568680775176202,6825431,NC
-0.005532663241242519,6825432,NC
0.019503359626543267,6825433,NC
0.044539387821888196,6825434,NC
0.0445754213384984,6825435,NC
0.04961146017007913,6825436,NC
0.05464750431033448,6825437,NC
0.06468355375296787,6825438,NC
0.1047196084916818,6825439,NC
0.10475566852017754,6825440,NC
0.10979173383215576,6825441,NC
0.1098278044213161,6825442,NC
0.12486388028135723,6825443,NC
0.13989996140597696,6825444,NC
0.16993604778887225,6825445,NC
0.17497213942373888,6825446,NC
0.17000823630427198,6825447,NC
0.18504433842416568,6825448,NC
0.20008044577711312,6825449,NC
0.2201165583568066,6825450,NC
0.22515267615693751,6825451,NC
0.22018879917119633,6825452,NC
0.21022492739327256,6825453,NC
0.170261060816855,6825454,NC
0.14529719943563113,6825455,NC
0.13033334324328794,6825456,NC
0.12036949223351134,6825457,NC
0.07540564639998629,6825458,NC
0.0504418057363969,6825459,NC
0.015477970236426396,6825460,NC
-0.01948586010624291,6825461,NC
-0.029449685297929618,6825462,NC
-0.044413505344953155,6825463,NC
-0.054377320253634065,6825464,NC
-0.09934113003029357,6825465,NC
-0.12930493468125379,6825466,NC
-0.12426873421283793,6825467,NC
-0.13923252863136992,6825468,NC
-0.12419631794317464,6825469,NC
-0.13916010215457783,6825470,NC
-0.15412388127190618,6825471,NC
-0.16408765530148714,6825472,NC
-0.17405142424964926,6825473,NC
-0.1590151881227219,6825474,NC
-0.15397894692703504,6825475,NC
-0.14394270066892004,6825476,NC
-0.18390644935470876,6825477,NC
-0.18387019299073407,6825478,NC
-0.17383393158332971,6825479,NC
-0.17379766513883022,6825480,NC
-0.1537613936635713,6825481,NC
-0.1737251171638892,6825482,NC
-0.18368883564612123,6825483,NC
-0.18365254911660542,6825484,NC
-0.17861625758168095,6825485,NC
-0.15857996104768765,6825486,NC
-0.15354365952096624,6825487,NC
-0.1485073530078583,6825488,NC
-0.1634710415147065,6825489,NC
-0.17843472504785413,6825490,NC
-0.18339840361364543,6825491,NC
-0.18336207721842543,6825492,NC
-0.15332574586854025,6825493,NC
-0.16828940957033672,6825494,NC
-0.16325306833016248,6825495,NC
-0.1782167221543661,6825496,NC
-0.188180371049297,6825497,NC
-0.16814401502130558,6825498,NC
-0.1531076540767429,6825499,NC
-0.15807128822196104,6825500,NC
-0.15303491746331271,6825501,NC
-0.17799854180715188,6825502,NC
-0.177962161259833,6825503,NC
-0.15792577582771156,6825504,NC
-0.14288938551714378,6825505,NC
-0.14785299033448676,6825506,NC
-0.14781659028609867,6825507,NC
-0.16778018537833825,6825508,NC
-0.17274377561756513,6825509,NC
-0.16270736101014002,6825510,NC
-0.15267094156242417,6825511,NC
-0.1476345172807799,6825512,NC
-0.1725980881715702,6825513,NC
-0.1825616542411591,6825514,NC
-0.1825252154959112,6825515,NC
-0.1674887719421923,6825516,NC
-0.15245232358636873,6825517,NC
-0.14241587043480772,6825518,NC
-0.15737941249387755,6825519,NC
-0.17734294976994708,6825520,NC
-0.18230648226938614,6825521,NC
-0.18227000999856535,6825522,NC
-0.14223353296385607,6825523,NC
-0.14719705117163076,6825524,NC
-0.1671605646282625,6825525,NC
-0.1721240733401251,6825526,NC
-0.16708757731359358,6825527,NC
-0.17705107655504337,6825528,NC
-0.16201457107085104,6825529,NC
-0.15697806086739374,6825530,NC
-0.16194154595104962,6825531,NC
-0.1819050263281975,6825532,NC
-0.15686850200521726,6825533,NC
-0.1568319729884894,6825534,NC
-0.14179543928439517,6825535,NC
-0.16175890089931694,6825536,NC
-0.16672235783963768,6825537,NC
-0.18668581011174118,6825538,NC
-0.18164925772201213,6825539,NC
-0.1866127006768359,6825540,NC
-0.17657613898259877,6825541,NC
-0.17653957264568793,6825542,NC
-0.18150300167249123,6825543,NC
-0.1964664260693973,6825544,NC
-0.19142984584279574,6825545,NC
-0.18639326099907685,6825546,NC
-0.18135667154463178,6825547,NC
-0.1713200774858524,6825548,NC
-0.18128347882913148,6825549,NC
-0.20624687558086252,6825550,NC
-0.19121026774743996,6825551,NC
-0.18117365533525887,6825552,NC
-0.18113703835071515,6825553,NC
-0.1811004168002057,6825554,NC
-0.17606379069012792,6825555,NC
-0.1760271600268802,6825556,NC
-0.17099052481686167,6825557,NC
-0.15095388506647225,6825558,NC
-0.1359172407821126,6825559,NC
-0.14088059197018432,6825560,NC
-0.1358439386370897,6825561,NC
-0.14580728078923175,6825562,NC
-0.1407706184330145,6825563,NC
-0.15073395157484248,6825564,NC
-0.14069728022112124,6825565,NC
-0.13066060437825697,6825566,NC
-0.1406239240526567,6825567,NC
-0.12558723925072815,6825568,NC
-0.11555054997888009,6825569,NC
-0.11051385624352181,6825570,NC
-0.10047715805106334,6825571,NC
-0.10044045540791582,6825572,NC
-0.11540374832049086,6825573,NC
-0.14036703679520093,6825574,NC
-0.14033032083845928,6825575,NC
-0.1352936004566799,6825576,NC
-0.13025687565627772,6825577,NC
-0.13022014644366825,6825578,NC
-0.13518341282526786,6825579,NC
-0.15514667480749353,6825580,NC
-0.18010993239676334,6825581,NC
-0.1600731855994959,6825582,NC
-0.16503643442211058,6825583,NC
-0.1599996788710275,6825584,NC
-0.17496291895266775,6825585,NC
-0.18992615467345303,6825586,NC
-0.1948893860398057,6825587,NC
-0.20485261305814909,6825588,NC
-0.19981583573490708,6825589,NC
-0.1897790540765046,6825590,NC
-0.19474226808936707,6825591,NC
-0.2097054777799207,6825592,NC
-0.22966868315459252,6825593,NC
-0.20963188421981044,6825594,NC
-0.20959508098200286,6825595,NC
-0.2095582734475991,6825596,NC
-0.22452146162302913,6825597,NC
-0.24948464551472385,6825598,NC
-0.24944782512911473,6825599,NC
-0.23441100047263402,6825600,NC
-0.21937417155171476,6825601,NC
-0.21933733837279065,6825602,NC
-0.23430050094229632,6825603,NC
-0.264263659266667,6825604,NC
-0.25922681335233855,6825605,NC
-0.2491899632057479,6825606,NC
-0.2541531088333324,6825607,NC
-0.23411625024153032,6825608,NC
-0.2440793874367806,6825609,NC
-0.2540425204255229,6825610,NC
-0.2590056492141975,6825611,NC
-0.2639687738092459,6825612,NC
-0.2389318942171097,6825613,NC
-0.24889501044423157,6825614,NC
-0.26885812249705493,6825615,NC
-0.2838212303820239,6825616,NC
-0.2637843341055831,6825617,NC
-0.25874743367417824,6825618,NC
-0.24871052909425553,6825619,NC
-0.24367362037226184,6825620,NC
-0.24363670751464503,6825621,NC
-0.2735997905278535,6825622,NC
-0.2835628694183363,6825623,NC
-0.2685259441925434,6825624,NC
-0.2384890148569254,6825625,NC
-0.2584520814179335,6825626,NC
-0.2534151438820199,6825627,NC
-0.26837820225563713,6825628,NC
-0.26334125654523877,6825629,NC
-0.24330430675727904,6825630,NC
-0.22826735289821262,6825631,NC
-0.22323039497449537,6825632,NC
-0.20319343299258338,6825633,NC
-0.20315646695893377,6825634,NC
-0.16811949688000424,6825635,NC
-0.13308252276225319,6825636,NC
-0.058045544612139684,6825637,NC
0.016991437563876294,6825638,NC
0.08702842375933427,6825639,NC
0.14706541396777312,6825640,NC
0.22210240818273064,6825641,NC
0.27213940639774437,6825642,NC
0.28717640860635096,6825643,NC
0.25221341480208637,6825644,NC
0.1722504249784858,6825645,NC
0.07228743912908397,6825646,NC
0.002324457247414563,6825647,NC
0.01736147932701085,6825648,NC
0.05239850536140539,6825649,NC
0.13243553534412983,6825650,NC
0.24747256926871541,6825651,NC
0.36250960712869246,6825652,NC
0.48754664891759075,6825653,NC
0.6025836946289393,6825654,NC
0.6876207442562666,6825655,NC
0.7076577977931002,6825656,NC
0.6476948552329672,6825657,L
0.5527319165693938,6825658,NC
0.4177689817959056,6825659,NC
0.3028060509060277,6825660,NC
0.22784312389328423,6825661,NC
0.13288020075119888,6825662,NC
0.03791728147329454,6825663,NC
-0.04204563394690644,6825664,NC
-0.13200854551588267,6825665,NC
-0.21697145324011316,6825666,NC
-0.29693435712607763,6825667,NC
-0.35689725718025667,6825668,NC
-0.42186015340913124,6825669,NC
-0.4768230458191832,6825670,NC
-0.506785934416895,6825671,NC
-0.49174881920874963,6825672,NC
-0.4617117002012311,6825673,NC
-0.4316745774008237,6825674,NC
-0.4116374508140126,6825675,NC
-0.4016003204472834,6825676,NC
-0.3765631863071227,6825677,NC
-0.3615260484000177,6825678,NC
-0.3264889067324558,6825679,NC
-0.31645176131092556,6825680,NC
-0.3214146121419162,6825681,NC
-0.31637745923191724,6825682,NC
-0.3213403025874191,6825683,NC
-0.3213031422149128,6825684,NC
-0.3062659781208899,6825685,NC
-0.301228810311843,6825686,NC
-0.30619163879426475,6825687,NC
-0.30615446357464904,6825688,NC
-0.31611728465948985,6825689,NC
-0.29108010205528234,6825690,NC
-0.281042915768522,6825691,NC
-0.27600572580570487,6825692,NC
-0.2809685321733279,6825693,NC
-0.28593133487788863,6825694,NC
-0.29089413392588515,6825695,NC
-0.2808569293238161,6825696,NC
-0.260819721078181,6825697,NC
-0.26078250919547985,6825698,NC
-0.26574529368221333,6825699,NC
-0.2757080745448827,6825700,NC
-0.2706708517899899,6825701,NC
-0.2656336254240375,6825702,NC
-0.2405963954535288,6825703,NC
-0.2355591618849675,6825704,NC
-0.2305219247248581,6825705,NC
-0.2504846839797057,6825706,NC
-0.25044743965601585,6825707,NC
-0.25041019176029516,6825708,NC
-0.22037294029905038,6825709,NC
-0.1953356852787891,6825710,NC
-0.1902984267060197,6825711,NC
-0.20026116458725085,6825712,NC
-0.20522389892899204,6825713,NC
-0.18018662973775335,6825714,NC
-0.1601493570200454,6825715,NC
-0.15511208078237942,6825716,NC
-0.1500748010312675,6825717,NC
-0.1600375177732221,6825718,NC
-0.1550002310147562,6825719,NC
-0.1399629407623838,6825720,NC
-0.11992564702261913,6825721,NC
-0.10988834980197715,6825722,NC
-0.10485104910697346,6825723,NC
-0.10981374494412423,6825724,NC
-0.09977643731994618,6825725,NC
-0.07973912624095683,6825726,NC
-0.04970181171367404,6825727,NC
-0.03966449374461657,6825728,NC
-0.03462717234030354,6825729,NC
-0.04458984750725474,6825730,NC
-0.039552519251990575,6825731,NC
-0.004515187581032039,6825732,NC
0.015522147499099359,6825733,NC
0.025559485981881253,6825734,NC
0.030596827860790963,6825735,NC
0.030634173129305175,6825736,NC
0.04567152178089977,6825737,NC
0.04570887380905026,6825738,NC
0.08074622920723151,6825739,NC
0.09578358796891775,6825740,NC
0.0858209500875827,6825741,NC
0.08585831555669948,6825742,NC
0.10589568436974048,6825743,NC
0.12593305652017767,6825744,NC
0.14597043200148246,6825745,NC
0.16100781080712545,6825746,NC
0.1610451929305769,6825747,NC
0.1610825783653064,6825748,NC
0.16611996710478297,6825749,NC
0.19115735914247503,6825750,NC
0.22619475447185053,6825751,NC
0.2162321530863766,6825752,NC
0.21126955497952005,6825753,NC
0.20130696014474705,6825754,NC
0.18634436857552303,6825755,NC
0.1913817802653131,6825756,NC
0.19141919520758166,6825757,NC
0.16645661339579257,6825758,NC
0.1364940348234091,6825759,NC
0.11153145948389412,6825760,NC
0.06156888737070957,6825761,NC
0.06160631847731715,6825762,NC
0.05664375279717798,6825763,NC
0.04168119032375237,6825764,NC
0.011718631050500326,6825765,NC
-0.018243925029118813,6825766,NC
-0.033206477921646244,6825767,NC
-0.048169027633623636,6825768,NC
-0.03813157417159348,6825769,NC
-0.04809411754209855,6825770,NC
-0.06805665775168229,6825771,NC
-0.09301919480688857,6825772,NC
-0.1029817287142621,6825773,NC
-0.09794425948034785,6825774,NC
-0.08790678711169148,6825775,NC
-0.09786931161483903,6825776,NC
-0.10283183299633743,6825777,NC
-0.12779435126273384,6825778,NC
-0.13775686642057605,6825779,NC
-0.11771937847641246,6825780,NC
-0.10768188743679184,6825781,NC
-0.11264439330826381,6825782,NC
-0.12260689609737825,6825783,NC
-0.13256939581068566,6825784,NC
-0.13753189245473704,6825785,NC
-0.14249438603608414,6825786,NC
-0.12745687656127896,6825787,NC
-0.12741936403687415,6825788,NC
-0.13738184846942286,6825789,NC
-0.147344329865479,6825790,NC
-0.1673068082315966,6825791,NC
-0.1422692835743306,6825792,NC
-0.12723175590023622,6825793,NC
-0.1271942252158692,6825794,NC
-0.14715669152778613,6825795,NC
-0.15211915484254376,6825796,NC
-0.17208161516669948,6825797,NC
-0.1420440725068112,6825798,NC
-0.13700652686943748,6825799,NC
-0.13696897826113727,6825800,NC
-0.14693142668847,6825801,NC
-0.16689387215799573,6825802,NC
-0.16685631467627485,6825803,NC
-0.17181875424986862,6825804,NC
-0.14678119088533848,6825805,NC
-0.1417436245892464,6825806,NC
-0.16170605536815513,6825807,NC
-0.16666848322862773,6825808,NC
-0.1766309081772278,6825809,NC
-0.16159333022051936,6825810,NC
-0.1565557493650671,6825811,NC
-0.15151816561743608,6825812,NC
-0.15648057898419204,6825813,NC
-0.17144298947190104,6825814,NC
-0.17640539708712966,6825815,NC
-0.16636780183644517,6825816,NC
-0.1563302037264152,6825817,NC
-0.1562926027636078,6825818,NC
-0.1612549989545916,6825819,NC
-0.18621739230593587,6825820,NC
-0.18617978282421002,6825821,NC
-0.18114217051598436,6825822,NC
-0.18110455538782946,6825823,NC
-0.15606693744631636,6825824,NC
-0.1760293166980168,6825825,NC
-0.18099169314950278,6825826,NC
-0.1959540668073469,6825827,NC
-0.19091643767812225,6825828,NC
-0.16587880576840236,6825829,NC
-0.17584117108476122,6825830,NC
-0.18580353363377347,6825831,NC
-0.19076589342201397,6825832,NC
-0.20072825045605844,6825833,NC
-0.20569060474248269,6825834,NC
-0.19565295628786322,6825835,NC
-0.20561530509877696,6825836,NC
-0.1905776511818013,6825837,NC
-0.2155399945435141,6825838,NC
-0.21550233519049383,6825839,NC
-0.21546467312931927,6825840,NC
-0.2054270083665696,6825841,NC
-0.20038934090882485,6825842,NC
-0.20535167076266514,6825843,NC
-0.23031399793467117,6825844,NC
-0.2302763224314242,6825845,NC
-0.24023864425950583,6825846,NC
-0.21020096342549816,6825847,NC
-0.20016327993598385,6825848,NC
-0.21012559379754597,6825849,NC
-0.2150879050167679,6825850,NC
-0.2400502136002338,6825851,NC
-0.220012519554528,6825852,NC
-0.20997482288623545,6825853,NC
-0.19993712360194144,6825854,NC
-0.22489942170823182,6825855,NC
-0.22986171721169282,6825856,NC
-0.22482401011891123,6825857,NC
-0.22478630043647424,6825858,NC
-0.19974858817096933,6825859,NC
-0.1947108733289848,6825860,NC
-0.18467315591710903,6825861,NC
-0.18963543594193102,6825862,NC
-0.20459771341004027,6825863,NC
-0.19955998832802657,6825864,NC
-0.1795222607024802,6825865,NC
-0.17448453053999208,6825866,NC
-0.1744467978471533,6825867,NC
-0.18440906263055548,6825868,NC
-0.18437132489679084,6825869,NC
-0.16433358465245182,6825870,NC
-0.14429584190413144,6825871,NC
-0.13925809665842306,6825872,NC
-0.13922034892192045,6825873,NC
-0.14918259870121806,6825874,NC
-0.15914484600291048,6825875,NC
-0.16410709083359293,6825876,NC
-0.15406933319986088,6825877,NC
-0.17403157310831044,6825878,NC
-0.163993810565538,6825879,NC
-0.18395604557814044,6825880,NC
-0.19391827815271495,6825881,NC
-0.2038805082958594,6825882,NC
-0.18384273601417192,6825883,NC
-0.18880496131425095,6825884,NC
-0.20876718420269563,6825885,NC
-0.22872940468610514,6825886,NC
-0.22869162277107957,6825887,NC
-0.22865383846421905,6825888,NC
-0.20861605177212425,6825889,NC
-0.20857826270139618,6825890,NC
-0.22354047125863646,6825891,NC
-0.23850267745044698,6825892,NC
-0.25346488128343003,6825893,NC
-0.2384270827641883,6825894,NC
-0.23338928189932506,6825895,NC
-0.2383514786954438,6825896,NC
-0.24831367315914846,6825897,NC
-0.2682758652970435,6825898,NC
-0.2682380551157335,6825899,NC
-0.25820024262182395,6825900,NC
-0.24816242782192022,6825901,NC
-0.22812461072262832,6825902,NC
-0.24308679133055477,6825903,NC
-0.26304896965230623,6825904,NC
-0.28301114569449004,6825905,NC
-0.2679733194637136,6825906,NC
-0.26293549096658503,6825907,NC
-0.2528976602097126,6825908,NC
-0.2728598271997053,6825909,NC
-0.2778219919431722,6825910,NC
-0.2877841544467227,6825911,NC
-0.26774631471696697,6825912,NC
-0.24770847276051533,6825913,NC
-0.24267062858397848,6825914,NC
-0.2576327821939675,6825915,NC
-0.272594933597094,6825916,NC
-0.2825570827999697,6825917,NC
-0.2775192298092071,6825918,NC
-0.26248137463141874,6825919,NC
-0.2624435172732177,6825920,NC
-0.2624056577412174,6825921,NC
-0.26736779604203165,6825922,NC
-0.26732993218227463,6825923,NC
-0.26729206616856094,6825924,NC
-0.26225419800750543,6825925,NC
-0.2522163277057234,6825926,NC
-0.2471784552698307,6825927,NC
-0.2671405807064433,6825928,NC
-0.2771027040221776,6825929,NC
-0.2670648252236505,6825930,NC
-0.24702694431747904,6825931,NC
-0.21698906131028087,6825932,NC
-0.20695117620867387,6825933,NC
-0.20191328901927622,6825934,NC
-0.1668753997487067,6825935,NC
-0.11683750840358426,6825936,NC
-0.05679961499052817,6825937,NC
0.02823828048384166,6825938,NC
0.09827617801290525,6825939,NC
0.15331407759004215,6825940,NC
0.20335197920863154,6825941,NC
0.2133898828620523,6825942,NC
0.20842778854368296,6825943,NC
0.14346569624690148,6825944,NC
0.028503605965085756,6825945,NC
-0.08645848230838672,6825946,NC
-0.14142056858013904,6825947,NC
-0.1313826528567944,6825948,NC
-0.04134473514497643,6825949,NC
0.06369318454869093,6825950,NC
0.14873110621758334,6825951,NC
0.2487690298550762,6825952,NC
0.3238069554545444,6825953,NC
0.3588448830093626,6825954,NC
0.3688828125129053,6825955,L
0.32892074395854615,6825956,NC
0.22895867733965894,6825957,NC
0.08899661264961703,6825958,NC
-0.0059654501182067185,6825959,NC
-0.09092751097043965,6825960,NC
-0.15088956991370941,6825961,NC
-0.2208516269546442,6825962,NC
-0.2958136820998723,6825963,NC
-0.4007757353560224,6825964,NC
-0.45073778672972364,6825965,NC
-0.5006998362276054,6825966,NC
-0.5056618838562972,6825967,NC
-0.5206239296224293,6825968,NC
-0.5255859735326318,6825969,NC
-0.5305480155935356,6825970,NC
-0.5205100558117716,6825971,NC
-0.48047209419397113,6825972,NC
-0.4254341307467657,6825973,NC
-0.39539616547678763,6825974,NC
-0.37535819839066886,6825975,NC
-0.37532022949504207,6825976,NC
-0.35528225879654013,6825977,NC
-0.3352442863017965,6825978,NC
-0.3352063120174445,6825979,NC
-0.335168335950118,6825980,NC
-0.32513035810645124,6825981,NC
-0.3400923784930786,6825982,NC
-0.3350543971166349,6825983,NC
-0.33501641398375537,6825984,NC
-0.31497842910107526,6825985,NC
-0.29494044247523016,6825986,NC
-0.3049024541128564,6825987,NC
-0.3248644640205901,6825988,NC
-0.3148264722050679,6825989,NC
-0.31478847867292664,6825990,NC
-0.30475048343080363,6825991,NC
-0.29971248648533644,6825992,NC
-0.29467448784316275,6825993,NC
-0.30463648751092076,6825994,NC
-0.29959848549524876,6825995,NC
-0.2895604818027856,6825996,NC
-0.2795224764401702,6825997,NC
-0.26448446941404175,6825998,NC
-0.26944646073104,6825999,NC
-0.2744084503978047,6826000,NC
-0.2793704384209761,6826001,NC
-0.2793324248071945,6826002,NC
-0.2592944095631007,6826003,NC
-0.2492563926953356,6826004,NC
-0.2292183742105407,6826005,NC
-0.24918035411535744,6826006,NC
-0.24414233241642766,6826007,NC
-0.2141043091203936,6826008,NC
-0.20906628423389764,6826009,NC
-0.18402825776358242,6826010,NC
-0.18899022971609095,6826011,NC
-0.18895220009806646,6826012,NC
-0.1839141689161524,6826013,NC
-0.1638761361769927,6826014,NC
-0.1388381018872314,6826015,NC
-0.1338000660535127,6826016,NC
-0.13876202868248136,6826017,NC
-0.13372398978078223,6826018,NC
-0.12368594935506041,6826019,NC
-0.10864790741196131,6826020,NC
-0.08860986395813063,6826021,NC
-0.0785718190002142,6826022,NC
-0.07353377254485838,6826023,NC
-0.06849572459870956,6826024,NC
-0.0734576751684144,6826025,NC
-0.05341962426062001,6826026,NC
-0.028381571881973565,6826027,NC
-0.0033435180391225535,6826028,NC
0.006694537261285263,6826029,NC
0.006732594012601886,6826030,NC
0.016770652208179134,6826031,NC
0.026808711841368335,6826032,NC
0.0568467729055208,6826033,NC
0.0768848353939876,6826034,NC
0.07692289930011931,6826035,NC
0.07696096461726651,6826036,NC
0.08699903133877943,6826037,NC
0.10703709945800807,6826038,NC
0.1270751689683023,6826039,NC
0.1421132398630114,6826040,NC
0.13215131213548478,6826041,NC
0.13218938577907152,6826042,NC
0.13722746078712023,6826043,NC
0.1522655371529796,6826044,NC
0.18730361486999791,6826045,NC
0.18734169393152322,6826046,NC
0.1673797743309034,6826047,NC
0.15741785606148614,6826048,NC
0.14245593911661864,6826049,NC
0.12749402348964814,6826050,NC
0.1325321091739216,6826051,NC
0.1075701961627856,6826052,NC
0.09760828444958662,6826053,NC
0.05764637402767095,6826054,NC
0.017684464890384548,6826055,NC
0.007722557031073214,6826056,NC
0.002760650443082586,6826057,NC
-0.017201254880242163,6826058,NC
-0.03716315894555584,6826059,NC
-0.07212506175951347,6826060,NC
-0.08708696332877053,6826061,NC
-0.10204886365998247,6826062,NC
-0.09701076275980508,6826063,NC
-0.10697266063489433,6826064,NC
-0.12693455729190628,6826065,NC
-0.15689645273749753,6826066,NC
-0.18685834697832462,6826067,NC
-0.17682024002104435,6826068,NC
-0.17178213187231367,6826069,NC
-0.17174402253878995,6826070,NC
-0.1817059120271306,6826071,NC
-0.1966678003439933,6826072,NC
-0.21162968749603575,6826073,NC
-0.19659157348991624,6826074,NC
-0.18155345833229286,6826075,NC
-0.19151534202982418,6826076,NC
-0.2114772245891688,6826077,NC
-0.21643910601698552,6826078,NC
-0.23140098631993355,6826079,NC
-0.22136286550467207,6826080,NC
-0.21632474357786052,6826081,NC
-0.20628662054615854,6826082,NC
-0.21124849641622598,6826083,NC
-0.22621037119472295,6826084,NC
-0.21117224488830955,6826085,NC
-0.2111341175036462,6826086,NC
-0.19609598904739362,6826087,NC
-0.2010578595262125,6826088,NC
-0.1910197289467638,6826089,NC
-0.20598159731570875,6826090,NC
-0.22594346463970855,6826091,NC
-0.2209053309254249,6826092,NC
-0.21086719617951938,6826093,NC
-0.1908290604086539,6826094,NC
-0.2007909236194906,6826095,NC
-0.2057527858186917,6826096,NC
-0.20571464701291955,6826097,NC
-0.21067650720883677,6826098,NC
-0.19563836641310617,6826099,NC
-0.19060022463239057,6826100,NC
-0.19556208187335325,6826101,NC
-0.2155239381426574,6826102,NC
-0.20048579344696646,6826103,NC
-0.19544764779294413,6826104,NC
-0.19040950118725417,6826105,NC
-0.19537135363656052,6826106,NC
-0.1903332051475273,6826107,NC
-0.20029505572681883,6826108,NC
-0.20025690538109944,6826109,NC
-0.1902187541170339,6826110,NC
-0.19018060194128691,6826111,NC
-0.18514244886052333,6826112,NC
-0.1951042948814084,6826113,NC
-0.1950661400106073,6826114,NC
-0.2050279842547854,6826115,NC
-0.20998982762060825,6826116,NC
-0.19495167011474163,6826117,NC
-0.17491351174385125,6826118,NC
-0.1748753525146033,6826119,NC
-0.20983719243366383,6826120,NC
-0.21979903150769917,6826121,NC
-0.21976086974337583,6826122,NC
-0.20472270714736043,6826123,NC
-0.18968454372631963,6826124,NC
-0.19964637948692038,6826125,NC
-0.2096082144358297,6826126,NC
-0.20957004857971467,6826127,NC
-0.2095318819252428,6826128,NC
-0.20449371447908152,6826129,NC
-0.20945554624789822,6826130,NC
-0.21441737723836088,6826131,NC
-0.2243792074571373,6826132,NC
-0.22934103691089544,6826133,NC
-0.20930286560630346,6826134,NC
-0.19426469355002965,6826135,NC
-0.20422652074874229,6826136,NC
-0.2091883472091101,6826137,NC
-0.22415017293780165,6826138,NC
-0.23411199794148568,6826139,NC
-0.22907382222683123,6826140,NC
-0.20903564580050726,6826141,NC
-0.18899746866918302,6826142,NC
-0.18895929083952767,6826143,NC
-0.19392111231821063,6826144,NC
-0.18888293311190157,6826145,NC
-0.18384475322727006,6826146,NC
-0.1738065726709858,6826147,NC
-0.1687683914497188,6826148,NC
-0.16873020957013904,6826149,NC
-0.1736920270389166,6826150,NC
-0.1686538438627217,6826151,NC
-0.15861566004822472,6826152,NC
-0.14857747560209603,6826153,NC
-0.12853929053100638,6826154,NC
-0.13350110484162633,6826155,NC
-0.14846291854062657,6826156,NC
-0.1534247316346782,6826157,NC
-0.1483865441304521,6826158,NC
-0.1433483560346194,6826159,NC
-0.1433101673538513,6826160,NC
-0.14827197809481907,6826161,NC
-0.16823378826419408,6826162,NC
-0.19319559786864798,6826163,NC
-0.1781574069148523,6826164,NC
-0.17311921540947867,6826165,NC
-0.17308102335919903,6826166,NC
-0.16304283077068524,6826167,NC
-0.19300463765060924,6826168,NC
-0.19296644400564314,6826169,NC
-0.187928249842459,6826170,NC
-0.1828900551677293,6826171,NC
-0.1978518599881263,6826172,NC
-0.21781366431032242,6826173,NC
-0.2477754681409901,6826174,NC
-0.23773727148680215,6826175,NC
-0.23269907435443118,6826176,NC
-0.23266087675054997,6826177,NC
-0.2426226786818313,6826178,NC
-0.23758448015494826,6826179,NC
-0.23754628117657384,6826180,NC
-0.24250808175338112,6826181,NC
-0.2274698818920433,6826182,NC
-0.24243168159923353,6826183,NC
-0.23739348088162535,6826184,NC
-0.23735527974589204,6826185,NC
-0.25231707819870713,6826186,NC
-0.24227887624674405,6826187,NC
-0.23724067389667663,6826188,NC
-0.21720247115517846,6826189,NC
-0.2171642680289233,6826190,NC
-0.2221260645245849,6826191,NC
-0.24708786064883734,6826192,NC
-0.24204965640835446,6826193,NC
-0.23701145180981031,6826194,NC
-0.22697324685987902,6826195,NC
-0.21693504156523458,6826196,NC
-0.2218968359325514,6826197,NC
-0.24185862996850369,6826198,NC
-0.24682042367976567,6826199,NC
-0.23678221707301186,6826200,NC
-0.21674401015491668,6826201,NC
-0.22170580293215456,6826202,NC
-0.22666759541140008,6826203,NC
-0.22162938759932785,6826204,NC
-0.2465911795026124,6826205,NC
-0.23155297112792864,6826206,NC
-0.21151476248195117,6826207,NC
-0.20147655357135477,6826208,NC
-0.21143834440281437,6826209,NC
-0.22140013498300487,6826210,NC
-0.21636192531860113,6826211,NC
-0.20632371541627814,6826212,NC
-0.17128550528271094,6826213,NC
-0.14624729492457447,6826214,NC
-0.136209084348544,6826215,NC
-0.11117087356129458,6826216,NC
-0.08113266256950129,6826217,NC
-0.026094451379839508,6826218,NC
0.06894376000101562,6826219,NC
0.1489819715663888,6826220,NC
0.17902018330960473,6826221,NC
0.21905839522398812,6826222,NC
0.2090966073028636,6826223,NC
0.19413481953955572,6826224,NC
0.13917303192738906,6826225,NC
0.054211244459688245,6826226,NC
-0.05575054287022231,6826227,NC
-0.16571233006901806,6826228,NC
-0.22067411714337448,6826229,NC
-0.22063590409996717,6826230,NC
-0.16059769094547166,6826231,NC
-0.09055947768656344,6826232,NC
-0.010521264329918307,6826233,NC
0.05951694911778822,6826234,NC
0.1295551626498806,6826235,NC
0.19959337625968301,6826236,NC
0.23963158994051983,6826237,NC
0.24466980368571545,6826238,NC
0.19470801748859418,6826239,L
0.08474623134248029,6826240,NC
0.009784445240698145,6826241,NC
-0.060177340823428085,6826242,NC
-0.09513912685657407,6826243,NC
-0.14510091286541543,6826244,NC
-0.19006269885662808,6826245,NC
-0.22002448483688766,6826246,NC
-0.2599862708128699,6826247,NC
-0.2899480567912505,6826248,NC
-0.3049098427787052,6826249,NC
-0.31987162878190983,6826250,NC
-0.3298334148075401,6826251,NC
-0.33979520086227155,6826252,NC
-0.3097569869527801,6826253,NC
-0.27471877308574144,6826254,NC
-0.24468055926783122,6826255,NC
-0.2246423455057252,6826256,NC
-0.219604131806099,6826257,NC
-0.20956591817562822,6826258,NC
-0.20452770462098877,6826259,NC
-0.16948949114885614,6826260,NC
-0.15945127776590592,6826261,NC
-0.14941306447881386,6826262,NC
-0.15937485129425555,6826263,NC
-0.1643366382189065,6826264,NC
-0.1792984252594423,6826265,NC
-0.14926021242253848,6826266,NC
-0.1392219997148707,6826267,NC
-0.12418378714311433,6826268,NC
-0.1141455747139449,6826269,NC
-0.13410736243403779,6826270,NC
-0.13406915031006855,6826271,NC
-0.1190309383487125,6826272,NC
-0.12399272655664509,6826273,NC
-0.09395451494054159,6826274,NC
-0.08891630350707727,6826275,NC
-0.09887809226292757,6826276,NC
-0.10383988121476763,6826277,NC
-0.10380167036927268,6826278,NC
-0.08376345973311786,6826279,NC
-0.053725249312978396,6826280,NC
-0.05868703911552937,6826281,NC
-0.058648829147445826,6826282,NC
-0.06361061941540272,6826283,NC
-0.04857240992607519,6826284,NC
-0.023534200686138103,6826285,NC
-0.01349599170226635,6826286,NC
-0.00845778298113471,6826287,NC
0.0015804254705818477,6826288,NC
-0.0033813663537913567,6826289,NC
0.011656841539070966,6826290,NC
0.02169504914249415,6826291,NC
0.051733256449803665,6826292,NC
0.06177146345432478,6826293,NC
0.07680967014938309,6826294,NC
0.0718478765283042,6826295,NC
0.10688608258441354,6826296,NC
0.1319242883110369,6826297,NC
0.15696249370149992,6826298,NC
0.1770006987491284,6826299,NC
0.14703890344724824,6826300,NC
0.16707710778918536,6826301,NC
0.19711531176826552,6826302,NC
0.2271535153778149,6826303,NC
0.24719171861115957,6826304,NC
0.24722992146162562,6826305,NC
0.2622681239225393,6826306,NC
0.26730632598722687,6826307,NC
0.28234452764901474,6826308,NC
0.31238272890122926,6826309,NC
0.3274209297371971,6826310,NC
0.34745913015024454,6826311,NC
0.34249733013369854,6826312,NC
0.3375355296808856,6826313,NC
0.35257372878513255,6826314,NC
0.38261192743976635,6826315,NC
0.40765012563811387,6826316,NC
0.4126883233735021,6826317,NC
0.4177265206392582,6826318,NC
0.42776471742870953,6826319,NC
0.4428029137351831,6826320,NC
0.4628411095520064,6826321,NC
0.4878793048725069,6826322,NC
0.4829174996900121,6826323,NC
0.4779556939978495,6826324,NC
0.472993887789347,6826325,NC
0.4930320810578323,6826326,NC
0.49307027379663326,6826327,NC
0.4931084659990781,6826328,NC
0.48314665765849457,6826329,NC
0.433184848768211,6826330,NC
0.4132230393215557,6826331,NC
0.398261229311857,6826332,NC
0.3832994187324432,6826333,NC
0.37333760757664314,6826334,NC
0.3433757958377853,6826335,NC
0.30341398350919846,6826336,NC
0.27345217058421173,6826337,NC
0.2584903570561537,6826338,NC
0.23852854291835363,6826339,NC
0.2335667281641408,6826340,NC
0.21360491278684435,6826341,NC
0.18864309677979374,6826342,NC
0.15868128013631846,6826343,NC
0.1587194628497482,6826344,NC
0.1537576449134126,6826345,NC
0.15379582632064168,6826346,NC
0.14883400706476518,6826347,NC
0.12387218713911337,6826348,NC
0.1039103665370163,6826349,NC
0.11894854525180432,6826350,NC
0.11898672327680788,6826351,NC
0.12402490060535755,6826352,NC
0.124063077230784,6826353,NC
0.10410125314641812,6826354,NC
0.08913942834559065,6826355,NC
0.0941776028216327,6826356,NC
0.1042157765678756,6826357,NC
0.11925394957765041,6826358,NC
0.09429212184428869,6826359,NC
0.08933029336112198,6826360,NC
0.08436846412148197,6826361,NC
0.09440663411870057,6826362,NC
0.09944480334610958,6826363,NC
0.09948297179704116,6826364,NC
0.10452113946482756,6826365,NC
0.09455930634280119,6826366,NC
0.07959747242429441,6826367,NC
0.08963563770263995,6826368,NC
0.08967380217117057,6826369,NC
0.08971196582321922,6826370,NC
0.08475012865211902,6826371,NC
0.08478829065120302,6826372,NC
0.07982645181380466,6826373,NC
0.08486461213325745,6826374,NC
0.0949027716028951,6826375,NC
0.10494093021605128,6826376,NC
0.10497908796605997,6826377,NC
0.09001724484625528,6826378,NC
0.09005540084997148,6826379,NC
0.09009355597054303,6826380,NC
0.11013171020130433,6826381,NC
0.12016986353559017,6826382,NC
0.10520801596673551,6826383,NC
0.10024616748807519,6826384,NC
0.1002843180929445,6826385,NC
0.09032246777467877,6826386,NC
0.11036061652661351,6826387,NC
0.12539876434208447,6826388,NC
0.12043691121442733,6826389,NC
0.09547505713697814,6826390,NC
0.08551320210307317,6826391,NC
0.11055134610604857,6826392,NC
0.10558948913924093,6826393,NC
0.13062763119598692,6826394,NC
0.13066577226962334,6826395,NC
0.12070391235348726,6826396,NC
0.10574205144091592,6826397,NC
0.09578018952524647,6826398,NC
0.1008183265998166,6826399,NC
0.11585646265796404,6826400,NC
0.10589459769302655,6826401,NC
0.10093273169834224,6826402,NC
0.09597086466724938,6826403,NC
0.1060089965930864,6826404,NC
0.11104712746919188,6826405,NC
0.1260852572889047,6826406,NC
0.1161233860455637,6826407,NC
0.10616151373250811,6826408,NC
0.07619964034307734,6826409,NC
0.10123776587061077,6826410,NC
0.10627589030844822,6826411,NC
0.1313140136499296,6826412,NC
0.11135213588839502,6826413,NC
0.09139025701718477,6826414,NC
0.08142837702963943,6826415,NC
0.09146649591909953,6826416,NC
0.10150461367890602,6826417,NC
0.12154273030240009,6826418,NC
0.11158084578292284,6826419,NC
0.10161896011381584,6826420,NC
0.08165707328842076,6826421,NC
0.0866951853000795,6826422,NC
0.09673329614213413,6826423,NC
0.09677140580792704,6826424,NC
0.08680951429080054,6826425,NC
0.08684762158409744,6826426,NC
0.0818857276811607,6826427,NC
0.07692383257533332,6826428,NC
0.10196193625995867,6826429,NC
0.09200003872838032,6826430,NC
0.112038139973942,6826431,NC
0.0870762399899877,6826432,NC
0.07711433876986168,6826433,NC
0.09715243630690813,6826434,NC
0.11219053259447181,6826435,NC
0.13222862762589763,6826436,NC
0.1272667213945304,6826437,NC
0.1323048138937156,6826438,NC
0.1323429051167986,6826439,NC
0.13238099505712522,6826440,NC
0.15241908370804133,6826441,NC
0.16245717106289323,6826442,NC
0.15749525711502713,6826443,NC
0.14753334185778974,6826444,NC
0.15257142528452794,6826445,NC
0.1626095073885887,6826446,NC
0.17764758816331944,6826447,NC
0.18768566760206762,6826448,NC
0.1877237456981811,6826449,NC
0.1727618224450079,6826450,NC
0.15779989783589615,6826451,NC
0.1528379718641944,6826452,NC
0.1728760445232515,6826453,NC
0.15791411580641615,6826454,NC
0.15295218570703772,6826455,NC
0.14299025421846562,6826456,NC
0.11302832133404953,6826457,NC
0.11306638704713946,6826458,NC
0.12310445135108546,6826459,NC
0.11814251423923797,6826460,NC
0.10818057570494778,6826461,NC
0.07821863574156564,6826462,NC
0.07825669434244278,6826463,NC
0.08829475150093063,6826464,NC
0.10333280721038088,6826465,NC
0.09337086146414542,6826466,NC
0.09840891425557642,6826467,NC
0.08844696557802642,6826468,NC
0.06848501542484793,6826469,NC
0.06352306378939407,6826470,NC
0.08356111066501788,6826471,NC
0.0835991560450729,6826472,NC
0.06363719992291286,6826473,NC
0.04867524229189175,6826474,NC
0.04371328314536382,6826475,NC
0.03875132247668358,6826476,NC
0.06378936027920591,6826477,NC
0.06382739654628569,6826478,NC
0.0688654312712784,6826479,NC
0.05390346444753947,6826480,NC
0.028941496068424832,6826481,NC
0.04397952612729063,6826482,NC
0.04401755461749325,6826483,NC
0.05905558153238938,6826484,NC
0.04409360686533596,6826485,NC
0.014131630609690315,6826486,NC
0.004169652758809864,6826487,NC
0.029207673306052312,6826488,NC
0.024245692244775803,6826489,NC
0.044283709568338686,6826490,NC
0.03932172527009957,6826491,NC
0.0193597393434174,6826492,NC
0.009397751781651342,6826493,NC
0.03443576257816097,6826494,NC
0.024473771726305896,6826495,NC
0.01951177921944633,6826496,NC
0.02454978505094245,6826497,NC
0.02958778921415498,6826498,NC
0.024625791702444853,6826499,NC
0.029663792509173278,6826500,NC
0.04470179162770177,6826501,NC
0.05473978905139222,6826502,NC
0.05977778477360657,6826503,NC
0.0498157787877073,6826504,NC
0.04985377108705719,6826505,NC
0.06489176166501909,6826506,NC
0.08992975051495636,6826507,NC
0.13996773763023262,6826508,NC
0.18500572300421175,6826509,NC
0.225043706630258,6826510,NC
0.32508168850173597,6826511,NC
0.45011966861201025,6826512,NC
0.5901576469544461,6826513,NC
0.715195623522409,6826514,NC
0.7802335983092646,6826515,NC
0.775271571308379,6826516,NC
0.7303095425131185,6826517,NC
0.66534751191685,6826518,NC
0.6303854795129403,6826519,NC
0.6404234452947569,6826520,NC
0.7154614092556671,6826521,NC
0.8154993713890393,6826522,NC
0.9755373316882413,6826523,NC
1.1305752901466422,6826524,NC
1.2356132467576102,6826525,NC
1.300651201514515,6826526,NC
1.2606891544107264,6826527,L
1.1607271054396138,6826528,NC
1.0357650545945478,6826529,NC
0.9508030018688987,6826530,NC
0.8908409472560374,6826531,NC
0.8108788907493352,6826532,NC
0.6909168323421633,6826533,NC
0.5509547720278939,6826534,NC
0.395992709799899,6826535,NC
0.24103064565155125,6826536,NC
0.12606857957622344,6826537,NC
0.031106511567288893,6826538,NC
-0.03885555838187904,6826539,NC
-0.11381763027790631,6826540,NC
-0.1187797041274189,6826541,NC
-0.10874177993704212,6826542,NC
-0.08370385771340112,6826543,NC
-0.06366593746312064,6826544,NC
-0.058628019192825113,6826545,NC
-0.06359010290913857,6826546,NC
-0.07355218861868469,6826547,NC
-0.08351427632808689,6826548,NC
-0.053476366043968306,6826549,NC
-0.05343845777295152,6826550,NC
-0.06840055152165885,6826551,NC
-0.07336264729671226,6826552,NC
-0.07832474510473336,6826553,NC
-0.07328684495234344,6826554,NC
-0.07824894684616329,6826555,NC
-0.058211050792813655,6826556,NC
-0.05317315679891451,6826557,NC
-0.08313526487108588,6826558,NC
-0.06809737501594713,6826559,NC
-0.07305948724011739,6826560,NC
-0.05802160155021538,6826561,NC
-0.05798371795285948,6826562,NC
-0.05794583645466771,6826563,NC
-0.05290795706225761,6826564,NC
-0.06287007978224664,6826565,NC
-0.07283220462125156,6826566,NC
-0.05279433158588903,6826567,NC
-0.03775646068277516,6826568,NC
-0.04271859191852574,6826569,NC
-0.05268072529975619,6826570,NC
-0.06264286083308156,6826571,NC
-0.0676049985251165,6826572,NC
-0.052567138382475245,6826573,NC
-0.042529280411771855,6826574,NC
-0.04749142461961971,6826575,NC
-0.05245357101263212,6826576,NC
-0.06241571959742177,6826577,NC
-0.047377870380601074,6826578,NC
-0.032340023368782014,6826579,NC
-0.012302178568576221,6826580,NC
-0.022264335986594927,6826581,NC
-0.022226495629448888,6826582,NC
-0.032188657503748726,6826583,NC
-0.022150821616104363,6826584,NC
-0.0071129879731256125,6826585,NC
0.012924843418578304,6826586,NC
-0.0120373274476015,6826587,NC
0.003000499421726484,6826588,NC
-0.0019616759800458513,6826589,NC
0.013076146340473868,6826590,NC
0.02811396637667818,6826591,NC
0.043151784121960336,6826592,NC
0.053189599569713676,6826593,NC
0.04822741271333216,6826594,NC
0.048265223546210094,6826595,NC
0.06830303206174217,6826596,NC
0.0883408382533235,6826597,NC
0.12837864211434968,6826598,NC
0.12841644363821647,6826599,NC
0.11845424281832026,6826600,NC
0.12349203964805787,6826601,NC
0.1385298341208263,6826602,NC
0.16356762623002316,6826603,NC
0.1736054159690465,6826604,NC
0.1686432033312946,6826605,NC
0.2036809883101663,6826606,NC
0.2137187708990609,6826607,NC
0.23875655109137792,6826608,NC
0.2687943288805174,6826609,NC
0.28383210425988,6826610,NC
0.29886987722286634,6826611,NC
0.3189076477628779,6826612,NC
0.32394541587331643,6826613,NC
0.338983181547584,6826614,NC
0.36402094477908326,6826615,NC
0.39905870556121736,6826616,NC
0.40409646388738946,6826617,NC
0.3941342197510036,6826618,NC
0.38917197314546415,6826619,NC
0.3942097240641757,6826620,NC
0.41924747250054345,6826621,NC
0.419285218447973,6826622,NC
0.39432296189987043,6826623,NC
0.3693607028496422,6826624,NC
0.3243984412906953,6826625,NC
0.30943617721643685,6826626,NC
0.2994739106202748,6826627,NC
0.2945116414956175,6826628,NC
0.2745493698358733,6826629,NC
0.23458709563445146,6826630,NC
0.21462481888476162,6826631,NC
0.19966253958021365,6826632,NC
0.19470025771421812,6826633,NC
0.18473797328018593,6826634,NC
0.16977568627152825,6826635,NC
0.1398133966816571,6826636,NC
0.1148511045039845,6826637,NC
0.09488880973192325,6826638,NC
0.11992651235888649,6826639,NC
0.12496421237828785,6826640,NC
0.11500190978354137,6826641,NC
0.09003960456806154,6826642,NC
0.09007729672526346,6826643,NC
0.07511498624856246,6826644,NC
0.09515267313137435,6826645,NC
0.09019035736711556,6826646,NC
0.10022803894920293,6826647,NC
0.0852657178710537,6826648,NC
0.07030339412608565,6826649,NC
0.06034106770771697,6826650,NC
0.07537873860936635,6826651,NC
0.095416406824453,6826652,NC
0.06545407234639647,6826653,NC
0.05049173516861676,6826654,NC
0.0405293952845345,6826655,NC
0.05056705268757074,6826656,NC
0.06560470737114696,6826657,NC
0.07564235932868514,6826658,NC
0.06068000855360775,6826659,NC
0.0507176550393378,6826660,NC
0.050755298779298526,6826661,NC
0.050792939766913986,6826662,NC
0.0608305779956084,6826663,NC
0.07586821345880668,6826664,NC
0.0659058461499342,6826665,NC
0.05594347606241673,6826666,NC
0.045981103189680614,6826667,NC
0.026018727525152642,6826668,NC
0.051056349062260156,6826669,NC
0.06609396779443077,6826670,NC
0.06113158371509291,6826671,NC
0.05116919681767518,6826672,NC
0.05120680709560686,6826673,NC
0.041244414542317726,6826674,NC
0.05628201915123799,6826675,NC
0.06631962091579838,6826676,NC
0.05635721982943013,6826677,NC
0.03639481588556502,6826678,NC
0.016432409077635136,6826679,NC
0.03146999939907334,6826680,NC
0.036507586843312706,6826681,NC
0.05154517140378703,6826682,NC
0.04658275307393053,6826683,NC
0.04662033184717797,6826684,NC
0.01165790771696457,6826685,NC
0.01669548067672616,6826686,NC
0.031733050719898834,6826687,NC
0.05177061783991944,6826688,NC
0.026808182030225322,6826689,NC
0.03684574328425412,6826690,NC
0.026883301595444206,6826691,NC
0.026920856957234403,6826692,NC
0.04695840936306404,6826693,NC
0.046995958806372945,6826694,NC
0.03203350528060159,6826695,NC
0.012071048779190671,6826696,NC
0.02210858929558177,6826697,NC
0.017146126823216635,6826698,NC
0.032183661355537796,6826699,NC
0.03222119288598822,6826700,NC
0.037258721408011404,6826701,NC
0.03229624691505136,6826702,NC
0.01733376940055272,6826703,NC
0.012371288857960391,6826704,NC
0.02740880528072006,6826705,NC
0.03744631866227793,6826706,NC
0.03748382899608051,6826707,NC
0.022521336275575076,6826708,NC
0.007558840494209356,6826709,NC
0.017596341645431612,6826710,NC
0.0076338397226906485,6826711,NC
0.02267133471943588,6826712,NC
0.017708826629117016,6826713,NC
0.0027463154451845585,6826714,NC
0.0027838011610895365,6826715,NC
-0.007178716229716716,6826716,NC
0.012858763266217928,6826717,NC
0.027896239642346055,6826718,NC
0.02293371289212077,6826719,NC
0.012971183008995767,6826720,NC
-0.011991350013574653,6826721,NC
-0.006953886182135893,6826722,NC
0.013083574496767458,6826723,NC
0.028121032016591344,6826724,NC
0.018158486370792027,6826725,NC
0.013195937552826564,6826726,NC
0.008233385556152483,6826727,NC
0.008270830374227866,6826728,NC
0.013308272000511358,6826729,NC
0.018345710428462232,6826730,NC
0.03838314565154009,6826731,NC
0.018420577663205324,6826732,NC
0.013458006456918897,6826733,NC
0.02349543202614209,6826734,NC
0.04353285436433698,6826735,NC
0.07357027346496614,6826736,NC
0.07860768932149269,6826737,NC
0.04864510192738035,6826738,NC
0.03368251127609345,6826739,NC
0.028719917361096692,6826740,NC
0.05375732017585562,6826741,NC
0.07879471971383606,6826742,NC
0.08383211596850464,6826743,NC
0.07386950893332848,6826744,NC
0.0739068986017753,6826745,NC
0.07394428496731334,6826746,NC
0.09398166802341149,6826747,NC
0.09401904776353924,6826748,NC
0.09905642418116652,6826749,NC
0.07909379726976384,6826750,NC
0.06413116702280244,6826751,NC
0.07416853343375411,6826752,NC
0.06920589649609116,6826753,NC
0.08424325620328652,6826754,NC
0.07928061254881368,6826755,NC
0.07431796552614676,6826756,NC
0.04435531512876052,6826757,NC
0.039392661350130156,6826758,NC
0.049430004183731446,6826759,NC
0.06446734362304092,6826760,NC
0.03950467966153565,6826761,NC
0.024542012292693264,6826762,NC
0.004579341509992001,6826763,NC
0.004616667306910696,6826764,NC
0.014653989676928866,6826765,NC
0.034691308613526387,6826766,NC
0.02472862411018404,6826767,NC
0.0047659361603829,6826768,NC
-0.005196755242395115,6826769,NC
-0.00015945010466756823,6826770,NC
-0.00012214843295142025,6826771,NC
0.01991514976623698,6826772,NC
0.009952444486381882,6826773,NC
-0.02001026427903177,6826774,NC
-0.034972976536518666,6826775,NC
-0.034935692292592566,6826776,NC
-0.014898411553766935,6826777,NC
-0.009861134326554385,6826778,NC
0.00017613938253299016,6826779,NC
-0.02478659043301627,6826780,NC
-0.02474932377971302,6826781,NC
-0.029712060664067494,6826782,NC
-0.014674801092589233,6826783,NC
-0.009637545071787379,6826784,NC
-0.014600292608170178,6826785,NC
-0.02956304370824552,6826786,NC
-0.03452579837852047,6826787,NC
-0.034488556625501536,6826788,NC
-0.014451318455694608,6826789,NC
0.000585916124395066,6826790,NC
-0.009376852891737075,6826791,NC
-0.034339625510595204,6826792,NC
-0.03930240173868259,6826793,NC
-0.029265181582501926,6826794,NC
-0.029227965048555463,6826795,NC
-0.019190752143344605,6826796,NC
-0.02915354287337021,6826797,NC
-0.044116337245132475,6826798,NC
-0.0490791352651309,6826799,NC
-0.04904193693986458,6826800,NC
-0.02900474227583173,6826801,NC
-0.003967551279529937,6826802,NC
-0.013930363957456376,6826803,NC
-0.01889318031610734,6826804,NC
-0.02385600036197857,6826805,NC
-0.018818824101565153,6826806,NC
-0.02378165154136153,6826807,NC
0.0012555173121385765,6826808,NC
0.0012926824524418616,6826809,NC
-0.008670156126944096,6826810,NC
-0.008632998432511071,6826811,NC
-0.01859584447075043,6826812,NC
0.016441305751847372,6826813,NC
0.01647845222879243,6826814,NC
0.03151559495359551,6826815,NC
0.036552733919768016,6826816,NC
0.0365898691208221,6826817,NC
0.07662700055027034,6826818,NC
0.1116641282016262,6826819,NC
0.15670125206840382,6826820,NC
0.2267383721441177,6826821,NC
0.2967754884222834,6826822,NC
0.3968126008964168,6826823,NC
0.49684970956003466,6826824,NC
0.6018868144066544,6826825,NC
0.6819239154297941,6826826,NC
0.7119610126229723,6826827,NC
0.7169981059797085,6826828,NC
0.6770351954935228,6826829,NC
0.6420722811579356,6826830,NC
0.6171093629664683,6826831,NC
0.6221464409126434,6826832,NC
0.6421835149899833,6826833,NC
0.6972205851920116,6826834,NC
0.767257651512252,6826835,NC
0.8872947139442297,6826836,NC
1.04233177248147,6826837,NC
1.1523688271174986,6826838,NC
1.2274058778458432,6826839,NC
1.2624429246600304,6826840,NC
1.2324799675535887,6826841,NC
1.1775170065200473,6826842,L
1.0925540415529351,6826843,NC
1.0175910726457829,6826844,NC
0.9126280997921213,6826845,NC
0.827665122985482,6826846,NC
0.7077021422193972,6826847,NC
0.6027391574873999,6826848,NC
0.4927761687830239,6826849,NC
0.38281317609980353,6826850,NC
0.2628501794312738,6826851,NC
0.12788717877097058,6826852,NC
0.01792417411243032,6826853,NC
-0.04203883455080988,6826854,NC
-0.10200184722521222,6826855,NC
-0.13196486391723808,6826856,NC
-0.16192788463334817,6826857,NC
-0.17689090938000254,6826858,NC
-0.1818539381636605,6826859,NC
-0.17181697099078072,6826860,NC
-0.15678000786782106,6826861,NC
-0.12674304880123868,6826862,NC
-0.1167060937974902,6826863,NC
-0.11666914286303143,6826864,NC
-0.12663219600431735,6826865,NC
-0.11659525322780245,6826866,NC
-0.11655831453994027,6826867,NC
-0.11652137994718378,6826868,NC
-0.12148444945598522,6826869,NC
-0.13644752307279603,6826870,NC
-0.12141060080406713,6826871,NC
-0.12637368265624846,6826872,NC
-0.10633676863578954,6826873,NC
-0.09629985874913889,6826874,NC
-0.10126295300274446,6826875,NC
-0.10122605140305341,6826876,NC
-0.1211891539565122,6826877,NC
-0.11115226066956659,6826878,NC
-0.10111537154866147,6826879,NC
-0.08607848660024134,6826880,NC
-0.09104160583074955,6826881,NC
-0.09600472924662908,6826882,NC
-0.10596785685432199,6826883,NC
-0.1109309886602696,6826884,NC
-0.09589412467091252,6826885,NC
-0.0858572648926907,6826886,NC
-0.07082040933204317,6826887,NC
-0.09578355799540854,6826888,NC
-0.1057467108892244,6826889,NC
-0.08070986801992759,6826890,NC
-0.07567302939395451,6826891,NC
-0.06063619501774053,6826892,NC
-0.05059936489772035,6826893,NC
-0.07056253904032797,6826894,NC
-0.06052571745199661,6826895,NC
-0.06548890013915867,6826896,NC
-0.05045208710824607,6826897,NC
-0.0404152783656897,6826898,NC
-0.02537847391791973,6826899,NC
-0.025341673771365803,6826900,NC
-0.03530487793245658,6826901,NC
-0.020268086407620053,6826902,NC
-0.00023129920328346376,6826903,NC
0.014805483674126806,6826904,NC
0.024842262218184873,6826905,NC
0.01487903642246584,6826906,NC
0.009915806280545583,6826907,NC
0.019952571786000493,6826908,NC
0.04998933293240797,6826909,NC
0.05502608971334608,6826910,NC
0.07006284212239366,6826911,NC
0.06509959015313031,6826912,NC
0.06013633379913648,6826913,NC
0.07517307305399314,6826914,NC
0.10520980791128225,6826915,NC
0.12524653836458657,6826916,NC
0.13028326440748939,6826917,NC
0.13031998603357497,6826918,NC
0.14035670323642832,6826919,NC
0.16539341600963514,6826920,NC
0.185430124346782,6826921,NC
0.21546682824145624,6826922,NC
0.21550352768724584,6826923,NC
0.23554022267773966,6826924,NC
0.22557691320652745,6826925,NC
0.24061359926719944,6826926,NC
0.2706502808533469,6826927,NC
0.28068695795856186,6826928,NC
0.3107236305764369,6826929,NC
0.30576029870056587,6826930,NC
0.32079696232454286,6826931,NC
0.33083362144196304,6826932,NC
0.34587027604642234,6826933,NC
0.3909069261315173,6826934,NC
0.3959435716908455,6826935,NC
0.3909802127180052,6826936,NC
0.3910168492065955,6826937,NC
0.4110534811502162,6826938,NC
0.43609010854246794,6826939,NC
0.4311267313769523,6826940,NC
0.4311633496472714,6826941,NC
0.40619996334702807,6826942,NC
0.3862365724698264,6826943,NC
0.366273177009271,6826944,NC
0.3663097769589672,6826945,NC
0.34134637231252135,6826946,NC
0.3363829630635404,6826947,NC
0.28641954920563223,6826948,NC
0.2664561307324055,6826949,NC
0.2464927076374697,6826950,NC
0.2315292799144349,6826951,NC
0.21156584755691235,6826952,NC
0.19660241055851385,6826953,NC
0.17663896891285208,6826954,NC
0.16167552261354062,6826955,NC
0.1567120716541937,6826956,NC
0.1617486160284265,6826957,NC
0.166785155729855,6826958,NC
0.1568216907520959,6826959,NC
0.1368582210887667,6826960,NC
0.10189474673348586,6826961,NC
0.10693126767987263,6826962,NC
0.11696778392154701,6826963,NC
0.12200429545212987,6826964,NC
0.12204080226524289,6826965,NC
0.09707730435450856,6826966,NC
0.0721138017135503,6826967,NC
0.08715029433599218,6826968,NC
0.09718678221545912,6826969,NC
0.112223265345577,6826970,NC
0.10725974371997245,6826971,NC
0.07729621733227295,6826972,NC
0.06733268617610681,6826973,NC
0.06736915024510316,6826974,NC
0.08240560953289205,6826975,NC
0.09744206403310415,6826976,NC
0.09247851373937123,6826977,NC
0.08251495864532561,6826978,NC
0.07755139874460072,6826979,NC
0.0775878340308307,6826980,NC
0.07262426449765053,6826981,NC
0.08266069013869608,6826982,NC
0.0876971109476041,6826983,NC
0.08773352691801198,6826984,NC
0.05276993804355813,6826985,NC
0.06280634431788189,6826986,NC
0.08284274573462315,6826987,NC
0.08787914228742291,6826988,NC
0.08791553396992292,6826989,NC
0.07795192077576583,6826990,NC
0.07298830269859508,6826991,NC
0.07802467973205508,6826992,NC
0.09306105186979084,6826993,NC
0.10309741910544849,6826994,NC
0.10313378143267497,6826995,NC
0.09317013884511789,6826996,NC
0.06820649133642592,6826997,NC
0.07824283890024852,6826998,NC
0.07827918153023601,6826999,NC
0.0933155192200396,6827000,NC
0.08835185196331138,6827001,NC
0.05838817975370414,6827002,NC
0.0484245025848718,6827003,NC
0.048460820450468844,6827004,NC
0.08349713334415088,6827005,NC
0.08853344125957426,6827006,NC
0.06856974419039624,6827007,NC
0.07860604213027497,6827008,NC
0.06364233507286948,6827009,NC
0.07367862301183951,6827010,NC
0.08371490594084588,6827011,NC
0.07875118385355026,6827012,NC
0.08878745674361499,6827013,NC
0.07882372460470354,6827014,NC
0.05885998743048012,6827015,NC
0.06889624521460988,6827016,NC
0.058932497950758826,6827017,NC
0.08896874563259392,6827018,NC
0.0790049882537828,6827019,NC
0.08404122580799417,6827020,NC
0.07907745828889765,6827021,NC
0.05911368569016353,6827022,NC
0.0741499080054632,6827023,NC
0.08418612522846886,6827024,NC
0.0742223373528536,6827025,NC
0.07425854437229142,6827026,NC
0.06929474628045725,6827027,NC
0.07433094307102671,6827028,NC
0.08436713473767664,6827029,NC
0.0944033212740844,6827030,NC
0.09443950267392857,6827031,NC
0.06947567893088846,6827032,NC
0.05451185003864435,6827033,NC
0.054548015990877385,6827034,NC
0.0795841767812696,6827035,NC
0.08962033240350402,6827036,NC
0.07965648285126437,6827037,NC
0.054692628118235546,6827038,NC
0.05472876819810306,6827039,NC
0.039764903084553556,6827040,NC
0.054801032771274516,6827041,NC
0.07983715725195434,6827042,NC
0.07987327652028228,6827043,NC
0.07990939056994859,6827044,NC
0.06994549939464442,6827045,NC
0.06498160298806176,6827046,NC
0.07001770134389346,6827047,NC
0.09005379445583345,6827048,NC
0.09508988231757652,6827049,NC
0.07012596492281835,6827050,NC
0.07016204226525555,6827051,NC
0.08019811433858566,6827052,NC
0.10523418113650711,6827053,NC
0.1302702426527194,6827054,NC
0.12530629888092257,6827055,NC
0.1153423498148181,6827056,NC
0.12037839544810791,6827057,NC
0.11041443577449518,6827058,NC
0.1004504707876839,6827059,NC
0.14048650048137898,6827060,NC
0.1455225248492863,6827061,NC
0.14055854388511266,6827062,NC
0.13059455758256572,6827063,NC
0.1406305659353541,6827064,NC
0.15066656893718752,6827065,NC
0.17570256658177635,6827066,NC
0.17573855886283207,6827067,NC
0.14577454577406715,6827068,NC
0.13081052730919485,6827069,NC
0.1258465034619294,6827070,NC
0.1458824742259862,6827071,NC
0.14591843959508113,6827072,NC
0.13595439956293143,6827073,NC
0.1159903541232552,6827074,NC
0.09602630326977124,6827075,NC
0.07606224699619955,6827076,NC
0.10609818529626104,6827077,NC
0.1211341181636775,6827078,NC
0.10617004559217169,6827079,NC
0.08620596757546743,6827080,NC
0.06124188410728923,6827081,NC
0.06627779518136279,6827082,NC
0.07631370079141474,6827083,NC
0.09134960093117248,6827084,NC
0.08638549559436456,6827085,NC
0.06642138477472043,6827086,NC
0.05645726846597049,6827087,NC
0.051493146661846095,6827088,NC
0.05152901935607965,6827089,NC
0.06656488654240426,6827090,NC
0.04660074821455434,6827091,NC
0.04163660436626494,6827092,NC
0.026672454991272302,6827093,NC
0.026708300083313565,6827094,NC
0.046744139636126836,6827095,NC
0.06677997364345117,6827096,NC
0.0518158020990267,6827097,NC
0.03685162499659426,6827098,NC
0.026887442329895917,6827099,NC
0.016923254092674714,6827100,NC
0.0269590602786744,6827101,NC
0.031994860881639955,6827102,NC
0.03203065589531726,6827103,NC
0.027066445313453164,6827104,NC
0.022102229129795488,6827105,NC
0.022138007338093124,6827106,NC
0.027173779932095698,6827107,NC
0.037209546905554065,6827108,NC
0.04224530825222003,6827109,NC
0.0272810639658462,6827110,NC
0.01731681404018634,6827111,NC
0.012352558468995165,6827112,NC
0.01738829724602836,6827113,NC
0.04742403036504259,6827114,NC
0.04245975781979562,6827115,NC
0.032495479604045925,6827116,NC
0.022531195711553237,6827117,NC
0.012566906136078259,6827118,NC
0.03760261087138247,6827119,NC
0.047638309911228575,6827120,NC
0.037674003249380174,6827121,NC
0.0327096908796019,6827122,NC
0.03274537279565934,6827123,NC
0.032781048991319194,6827124,NC
0.04281671946034892,6827125,NC
0.05285238419651726,6827126,NC
0.05288804319359369,6827127,NC
0.04292369644534889,6827128,NC
0.04795934394555446,6827129,NC
0.04799498568798305,6827130,NC
0.07303062166640827,6827131,NC
0.11306625187460474,6827132,NC
0.1231018763063482,6827133,NC
0.14313749495541522,6827134,NC
0.16817310781558337,6827135,NC
0.2132087148806314,6827136,NC
0.293244316144339,6827137,NC
0.39327991160048686,6827138,NC
0.4833155012428567,6827139,NC
0.5733510850652314,6827140,NC
0.6183866630613942,6827141,NC
0.6784222352251307,6827142,NC
0.693457801550226,6827143,NC
0.678493362030467,6827144,NC
0.6485289166596415,6827145,NC
0.5935644654315386,6827146,NC
0.523600008339948,6827147,NC
0.5086355453786606,6827148,NC
0.5386710765414684,6827149,NC
0.6087066018221642,6827150,NC
0.6937421212145424,6827151,NC
0.7937776347123973,6827152,NC
0.9238131423095253,6827153,NC
1.0438486439997234,6827154,NC
1.1388841397767897,6827155,NC
1.1889196296345237,6827156,NC
1.2039551135667248,6827157,L
1.1389905915671947,6827158,NC
1.0440260636297358,6827159,NC
0.924061529748151,6827160,NC
0.8440969899162447,6827161,NC
0.7541324441278221,6827162,NC
0.6441678923766899,6827163,NC
0.5142033346566554,6827164,NC
0.35423877096152695,6827165,NC
0.21927420128511416,6827166,NC
0.10430962562122761,6827167,NC
0.01934504396367903,6827168,NC
-0.04561954369371921,6827169,NC
-0.11058413735715328,6827170,NC
-0.17554873703280843,6827171,NC
-0.19051334272686885,6827172,NC
-0.19047795444551768,6827173,NC
-0.16044257219493704,6827174,NC
-0.14540719598130794,6827175,NC
-0.13037182581081033,6827176,NC
-0.1353364616896232,6827177,NC
-0.1053011036239245,6827178,NC
-0.08026575161989097,6827179,NC
-0.07523040568369835,6827180,NC
-0.07519506582152138,6827181,NC
-0.0801597320395337,6827182,NC
-0.09012440434390782,6827183,NC
-0.10008908274081527,6827184,NC
-0.08005376723642656,6827185,NC
-0.06501845783691096,6827186,NC
-0.06498315454843695,6827187,NC
-0.0799478573771717,6827188,NC
-0.08991256632928137,6827189,NC
-0.08487728141093107,6827190,NC
-0.09484200262828488,6827191,NC
-0.05480672998750563,6827192,NC
-0.04977146349475542,6827193,NC
-0.06473620315619497,6827194,NC
-0.06970094897798393,6827195,NC
-0.07966570096628116,6827196,NC
-0.05963045912724415,6827197,NC
-0.03959522346702942,6827198,NC
-0.05955999399179242,6827199,NC
-0.06452477070768749,6827200,NC
-0.06448955362086782,6827201,NC
-0.07445434273748575,6827202,NC
-0.05441913806369232,6827203,NC
-0.02938393960563749,6827204,NC
-0.029348747369470317,6827205,NC
-0.03931356136133858,6827206,NC
-0.04427838158738906,6827207,NC
-0.029243208053767407,6827208,NC
-0.014208040766618212,6827209,NC
-0.004172879732084883,6827210,NC
0.005862275043690024,6827211,NC
-0.009102576445434711,6827212,NC
-0.004067434205599234,6827213,NC
-0.004032298242942801,6827214,NC
0.026002831436396638,6827215,NC
0.041037954826282176,6827216,NC
0.04107307192057798,6827217,NC
0.02610818271314934,6827218,NC
0.031143287197862687,6827219,NC
0.03617838536858538,6827220,NC
0.06121347721918606,6827221,NC
0.08624856274353451,6827222,NC
0.09628364193550133,6827223,NC
0.09631871478895855,6827224,NC
0.08635378129777915,6827225,NC
0.10638884145583724,6827226,NC
0.12642389525700812,6827227,NC
0.146458942695168,6827228,NC
0.1664939837641944,6827229,NC
0.1715290184579659,6827230,NC
0.16656404677036207,6827231,NC
0.17659906869526376,6827232,NC
0.2166340842265529,6827233,NC
0.24666909335811246,6827234,NC
0.2517040960838266,6827235,NC
0.2467390923975807,6827236,NC
0.26677408229326094,6827237,NC
0.2768090657647549,6827238,NC
0.3068440428059513,6827239,NC
0.32687901341073966,6827240,NC
0.336913977573011,6827241,NC
0.3319489352866573,6827242,NC
0.3369838865455717,6827243,NC
0.3520188313436484,6827244,NC
0.3820537696747829,6827245,NC
0.3920887015328715,6827246,NC
0.40212362691181197,6827247,NC
0.40215854580550314,6827248,NC
0.41219345820784475,6827249,NC
0.4322283641127379,6827250,NC
0.45226326351408475,6827251,NC
0.46729815640578864,6827252,NC
0.4673330427817541,6827253,NC
0.4573679226358866,6827254,NC
0.44240279596209287,6827255,NC
0.42243766275428074,6827256,NC
0.4174725230063594,6827257,NC
0.3975073767122387,6827258,NC
0.3725422238658302,6827259,NC
0.33757706446104613,6827260,NC
0.3126118984918002,6827261,NC
0.29264672595200714,6827262,NC
0.2726815468355828,6827263,NC
0.24771636113644416,6827264,NC
0.23775116884850944,6827265,NC
0.212785969965698,6827266,NC
0.17782076448193024,6827267,NC
0.1528555523911278,6827268,NC
0.1478903336872135,6827269,NC
0.15792510836411125,6827270,NC
0.1329598764157462,6827271,NC
0.1079946378360446,6827272,NC
0.08802939261893378,6827273,NC
0.09306414075834236,6827274,NC
0.10309888224820016,6827275,NC
0.1081336170824379,6827276,NC
0.10316834525498775,6827277,NC
0.08820306675978289,6827278,NC
0.07323778159075772,6827279,NC
0.06327248974184779,6827280,NC
0.0683071912069899,6827281,NC
0.07834188598012179,6827282,NC
0.07337657405518258,6827283,NC
0.05841125542611257,6827284,NC
0.03344593008685302,6827285,NC
0.053480598031346555,6827286,NC
0.05351525925353692,6827287,NC
0.06354991374736904,6827288,NC
0.06358456150678901,6827289,NC
0.058619202525744166,6827290,NC
0.033653836798182804,6827291,NC
0.028688464318054607,6827292,NC
0.05872308507931048,6827293,NC
0.07375769907590227,6827294,NC
0.06879230630178315,6827295,NC
0.03382690675090755,6827296,NC
0.03886150041723096,6827297,NC
0.043896087294710166,6827298,NC
0.04393066737730295,6827299,NC
0.06896524065896846,6827300,NC
0.06399980713366706,6827301,NC
0.03903436679536005,6827302,NC
0.03906891963801019,6827303,NC
0.0291034656555813,6827304,NC
0.04413800484203844,6827305,NC
0.05417253719134784,6827306,NC
0.04420706269747701,6827307,NC
0.034241581354394424,6827308,NC
0.03427609315606997,6827309,NC
0.03931059809647474,6827310,NC
0.04934509616958083,6827311,NC
0.05437958736936169,6827312,NC
0.04441407168979196,6827313,NC
0.02944854912484747,6827314,NC
0.019483019668505224,6827315,NC
0.024517483314743536,6827316,NC
0.024551940057541688,6827317,NC
0.034586389890880455,6827318,NC
0.04462083280874153,6827319,NC
0.039655268805108064,6827320,NC
0.02968969787396429,6827321,NC
0.014724120009295703,6827322,NC
0.03475853520508898,6827323,NC
0.04979294345533201,6827324,NC
0.04982734475401397,6827325,NC
0.034861739095125126,6827326,NC
0.02989612647265693,6827327,NC
0.02993050688060222,6827328,NC
0.034964880312954964,6827329,NC
0.049999246763710356,6827330,NC
0.045033606226864795,6827331,NC
0.04006795869641593,6827332,NC
0.020102304166362602,6827333,NC
0.025136642630705044,6827334,NC
0.04017097408344426,6827335,NC
0.055205298518582906,6827336,NC
0.030239615930124746,6827337,NC
0.020273926312074763,6827338,NC
0.02030822965843915,6827339,NC
0.015342525963225356,6827340,NC
0.030376815220442034,6827341,NC
0.035411097424099085,6827342,NC
0.030445372568207778,6827343,NC
0.03547964064678019,6827344,NC
0.015513901653830056,6827345,NC
0.010548155583372215,6827346,NC
0.015582402429422729,6827347,NC
0.030616642185998903,6827348,NC
0.035650874847119284,6827349,NC
0.03068510040680364,6827350,NC
0.020719318859073025,6827351,NC
0.01075353019794982,6827352,NC
0.025787734417457263,6827353,NC
0.035821931511620234,6827354,NC
0.03085612147446473,6827355,NC
0.02589030430001802,6827356,NC
0.010924479982308562,6827357,NC
-0.009041351484633899,6827358,NC
0.015992809893221632,6827359,NC
0.031026964109907455,6827360,NC
0.031061111159456985,6827361,NC
0.031095251035904888,6827362,NC
0.011129383733287236,6827363,NC
0.006163509245641262,6827364,NC
0.011197627567005479,6827365,NC
0.031231738691419632,6827366,NC
0.03626584261292476,6827367,NC
0.016299939325563173,6827368,NC
0.026334028823378354,6827369,NC
0.036368111100415025,6827370,NC
0.0514021861507193,6827371,NC
0.06643625396833851,6827372,NC
0.05147031454732122,6827373,NC
0.06150436788171727,6827374,NC
0.036538413965577804,6827375,NC
0.046572452792955236,6827376,NC
0.06660648435790309,6827377,NC
0.0766405086544764,6827378,NC
0.09667452567673121,6827379,NC
0.09170853541872506,6827380,NC
0.08174253787451667,6827381,NC
0.07677653303816605,6827382,NC
0.08681052090373444,6827383,NC
0.11184450146528441,6827384,NC
0.10187847471687984,6827385,NC
0.08191244065258571,6827386,NC
0.07694639926646854,6827387,NC
0.07198035055259581,6827388,NC
0.07701429450503658,6827389,NC
0.09704823111786101,6827390,NC
0.08208216038514064,6827391,NC
0.06711608230094826,6827392,NC
0.04714999685935797,6827393,NC
0.03718390405444502,6827394,NC
0.047217803880286104,6827395,NC
0.04725169633095922,6827396,NC
0.057285581400543455,6827397,NC
0.027319459083119363,6827398,NC
0.012353329372768743,6827399,NC
0.012387192263574702,6827400,NC
0.027421047749621605,6827401,NC
0.02245489582499519,6827402,NC
0.02748873648378229,6827403,NC
0.01252256972007125,6827404,NC
0.0025563955279516784,6827405,NC
-0.0074097860984857,6827406,NC
-0.002375975165148647,6827407,NC
0.017657828322056278,6827408,NC
0.0026916243572238444,6827409,NC
-0.012274587065549895,6827410,NC
-0.02724080595216751,6827411,NC
-0.027207032308530478,6827412,NC
-0.007173266140538752,6827413,NC
-0.002139507454090979,6827414,NC
0.002894243744915266,6827415,NC
-0.00707201254941605,6827416,NC
-0.02703827634297972,6827417,NC
-0.027004547641669242,6827418,NC
-0.026970826451376786,6827419,NC
-0.021937112777993144,6827420,NC
-0.016903406627408017,6827421,NC
-0.026869708005509592,6827422,NC
-0.03183601691818469,6827423,NC
-0.036802333371319086,6827424,NC
-0.02676865737079699,6827425,NC
-0.01673498892250136,6827426,NC
-0.01170132803231387,6827427,NC
-0.03166767470611484,6827428,NC
-0.04163402894978323,6827429,NC
-0.03160039076919683,6827430,NC
-0.026566760170231983,6827431,NC
-0.02153313715876362,6827432,NC
-0.01149952174066561,6827433,NC
-0.021465913921810284,6827434,NC
-0.03643231370806869,6827435,NC
-0.026398721105310573,6827436,NC
-0.021365136119404236,6827437,NC
-0.01633155875621692,6827438,NC
-0.016297989021614293,6827439,NC
-0.02126442692146069,6827440,NC
-0.021230872461619324,6827441,NC
-0.026197325647951866,6827442,NC
-0.021163786486318704,6827443,NC
0.00886974501742107,6827444,NC
0.003903268857409742,6827445,NC
0.003936785027790983,6827446,NC
0.0039702935227096045,6827447,NC
0.019003794336311962,6827448,NC
0.03903728746274577,6827449,NC
0.08907077289615985,6827450,NC
0.13410425063070458,6827451,NC
0.19413772066053167,6827452,NC
0.2641711829797941,6827453,NC
0.3392046375826462,6827454,NC
0.4242380844632438,6827455,NC
0.5042715236157438,6827456,NC
0.5193049550343045,6827457,NC
0.4793383787130861,6827458,NC
0.4093717946462493,6827459,NC
0.3344052028279566,6827460,NC
0.26943860325237196,6827461,NC
0.23947199591366045,6827462,NC
0.2545053808059886,6827463,NC
0.3195387579235245,6827464,NC
0.409572127260437,6827465,NC
0.549605488810897,6827466,NC
0.7046388425690765,6827467,NC
0.8196721885291485,6827468,NC
0.9047055266852879,6827469,NC
0.9147388570316707,6827470,NC
0.8847721795624743,6827471,L
0.7998054942718777,6827472,NC
0.7048388011540608,6827473,NC
0.5948721002032051,6827474,NC
0.4699053914134936,6827475,NC
0.3599386747791105,6827476,NC
0.2349719502942414,6827477,NC
0.10500521795307324,6827478,NC
3.8477749794471605e-05,6827479,NC
-0.1049282703214052,6827480,NC
-0.1848950262663347,6827481,NC
-0.27486179009080136,6827482,NC
-0.3248285618006116,6827483,NC
-0.34479534140157,6827484,NC
-0.3347621288994799,6827485,NC
-0.3097289243001435,6827486,NC
-0.2846957276093613,6827487,NC
-0.2596625388329325,6827488,NC
-0.21462935797665508,6827489,NC
-0.1845961850463254,6827490,NC
-0.15956302004773848,6827491,NC
-0.12452986298668828,6827492,NC
-0.11949671386896692,6827493,NC
-0.11446357270036531,6827494,NC
-0.1294304394866731,6827495,NC
-0.12939731423367842,6827496,NC
-0.11436419694716804,6827497,NC
-0.10433108763292727,6827498,NC
-0.10429798629674011,6827499,NC
-0.09926489294438909,6827500,NC
-0.1042318075816555,6827501,NC
-0.1091987302143191,6827502,NC
-0.0941656608481582,6827503,NC
-0.08913259948894993,6827504,NC
-0.059099546142469817,6827505,NC
-0.06906650081449209,6827506,NC
-0.0890334635107895,6827507,NC
-0.0840004342371334,6827508,NC
-0.06896741299929393,6827509,NC
-0.0789343998030396,6827510,NC
-0.0589013946541375,6827511,NC
-0.06886839755835358,6827512,NC
-0.07883540852145215,6827513,NC
-0.06380242754919616,6827514,NC
-0.04876945464734716,6827515,NC
-0.03373648982166529,6827516,NC
-0.02870353307790923,6827517,NC
-0.028670584421836447,6827518,NC
-0.028637643859202686,6827519,NC
-0.03360471139576261,6827520,NC
-0.018571787037269215,6827521,NC
0.006461129210525836,6827522,NC
0.016494037341872284,6827523,NC
0.016526937351021308,6827524,NC
0.016559829232225487,6827525,NC
0.04159271297973891,6827526,NC
0.04162558858781693,6827527,NC
0.06665845605071632,6827528,NC
0.08169131536269544,6827529,NC
0.06672416651801397,6827530,NC
0.07675700951093306,6827531,NC
0.08178984433571523,6827532,NC
0.10682267098662447,6827533,NC
0.12185548945792618,6827534,NC
0.14688829974388734,6827535,NC
0.14692110183877594,6827536,NC
0.13695389573686179,6827537,NC
0.146986681432416,6827538,NC
0.19201945891971117,6827539,NC
0.2120522281930213,6827540,NC
0.22708498924662174,6827541,NC
0.24211774207478945,6827542,NC
0.24715048667180267,6827543,NC
0.23218322303194128,6827544,NC
0.2572159511494862,6827545,NC
0.2922486710187202,6827546,NC
0.3122813826339273,6827547,NC
0.32231408598939304,6827548,NC
0.33234678107940424,6827549,NC
0.33737946789824946,6827550,NC
0.35741214644021846,6827551,NC
0.3774448166996025,6827552,NC
0.39247747867069444,6827553,NC
0.4075101323477882,6827554,NC
0.4025427777251795,6827555,NC
0.40257541479716547,6827556,NC
0.4226080435580446,6827557,NC
0.4476406640021169,6827558,NC
0.45267327612368374,6827559,NC
0.447705879917048,6827560,NC
0.4277384753765141,6827561,NC
0.41277106249638773,6827562,NC
0.4078036412709762,6827563,NC
0.4028362116945881,6827564,NC
0.3878687737615338,6827565,NC
0.3479013274661247,6827566,NC
0.3129338728026741,6827567,NC
0.28296640976549636,6827568,NC
0.25799893834890764,6827569,NC
0.23803145854722535,6827570,NC
0.22306397035476844,6827571,NC
0.19809647376585726,6827572,NC
0.15312896877481372,6827573,NC
0.13316145537596116,6827574,NC
0.1131939335636244,6827575,NC
0.12322640333212967,6827576,NC
0.10325886467580486,6827577,NC
0.08329131758897902,6827578,NC
0.06332376206598296,6827579,NC
0.048356198101148745,6827580,NC
0.04338862568881007,6827581,NC
0.06842104482330205,6827582,NC
0.053453455498961265,6827583,NC
0.03848585771012581,6827584,NC
0.018518251451135302,6827585,NC
0.008550636716330627,6827586,NC
0.02358301350005436,6827587,NC
0.02361538179665057,6827588,NC
0.013647741600464586,6827589,NC
0.00868009290584345,6827590,NC
-0.0012875642928644113,6827591,NC
-0.006255230001309051,6827592,NC
-0.0012229042251390848,6827593,NC
0.013809413029998496,6827594,NC
0.018841721758457927,6827595,NC
-0.0011259780454048393,6827596,NC
-0.02109368638723237,6827597,NC
-0.01606140327266592,6827598,NC
-0.011029128707345077,6827599,NC
0.004003137303092,6827600,NC
0.004035394753008681,6827601,NC
-0.01593235636323024,6827602,NC
-0.025900116051258304,6827603,NC
-0.02086788431670788,6827604,NC
-0.0308356611652095,6827605,NC
-0.020803446602392306,6827606,NC
-0.010771240633884079,6827607,NC
-0.0007390432653109347,6827608,NC
-0.040706854502297544,6827609,NC
-0.02567467435046706,6827610,NC
-0.005642502815441132,6827611,NC
-0.0006103399028398529,6827612,NC
0.0044218143817180006,6827613,NC
-0.0005460399673846636,6827614,NC
-0.02551390295576337,6827615,NC
-0.03048177458903241,6827616,NC
-0.015449654872804308,6827617,NC
-0.01041754381269016,6827618,NC
-0.01538544141429956,6827619,NC
-0.020353347683240604,6827620,NC
-0.025321262625119745,6827621,NC
-0.030289186245542186,6827622,NC
-0.030257118550111387,6827623,NC
-0.030225059544429285,6827624,NC
-0.01519300923409652,6827625,NC
-0.04016096762471198,6827626,NC
-0.06012893472187315,6827627,NC
-0.040096910531175936,6827628,NC
-0.03506489505821478,6827629,NC
-0.02003288830858247,6827630,NC
-0.020000890287870533,6827631,NC
-0.04996890100166872,6827632,NC
-0.05993692045556527,6827633,NC
-0.06490494865514715,6827634,NC
-0.06487298560599952,6827635,NC
-0.049841031313706104,6827636,NC
-0.05480908578384912,6827637,NC
-0.054777149022009246,6827638,NC
-0.07474522103376553,6827639,NC
-0.06471330182469573,6827640,NC
-0.05468139140037577,6827641,NC
-0.049649489766380346,6827642,NC
-0.05961759692828236,6827643,NC
-0.0695857128916533,6827644,NC
-0.0645538376620631,6827645,NC
-0.06952197124508011,6827646,NC
-0.05949011364627117,6827647,NC
-0.0644582648712017,6827648,NC
-0.05442642492543537,6827649,NC
-0.054394593814534375,6827650,NC
-0.07936277154405952,6827651,NC
-0.07933095811956987,6827652,NC
-0.054299153546623034,6827653,NC
-0.07426735783077504,6827654,NC
-0.0692355709775804,6827655,NC
-0.074203792992592,6827656,NC
-0.09417202388136134,6827657,NC
-0.09414026364943825,6827658,NC
-0.07910851230237098,6827659,NC
-0.06907676984570632,6827660,NC
-0.06904503628498951,6827661,NC
-0.07901331162576411,6827662,NC
-0.08898159587357224,6827663,NC
-0.0889498890339544,6827664,NC
-0.08391819111244953,6827665,NC
-0.06388650211459516,6827666,NC
-0.0638548220459271,6827667,NC
-0.04382315091197955,6827668,NC
-0.058791488718285406,6827669,NC
-0.06375983547037578,6827670,NC
-0.03872819117378022,6827671,NC
-0.03869655583402685,6827672,NC
-0.02866492945664212,6827673,NC
-0.043633312047150874,6827674,NC
-0.06860170361107659,6827675,NC
-0.06357010415394104,6827676,NC
-0.043538513681264296,6827677,NC
-0.03350693219856517,6827678,NC
-0.01847535971136066,6827679,NC
-0.023443796225166284,6827680,NC
-0.013412241745495962,6827681,NC
-0.03338069627786205,6827682,NC
-0.013349159827775257,6827683,NC
0.0016823675992550594,6827684,NC
-0.01828611400227865,6827685,NC
-0.03325460463788238,6827686,NC
-0.05822310431306073,6827687,NC
-0.05819161303331655,6827688,NC
-0.06316013080415114,6827689,NC
-0.04812865763106422,6827690,NC
-0.04809719351955398,6827691,NC
-0.05806573847511688,6827692,NC
-0.07303429250324808,6827693,NC
-0.09300285560944088,6827694,NC
-0.08297142779918708,6827695,NC
-0.08794000907797699,6827696,NC
-0.07790859945129919,6827697,NC
-0.10287719892464073,6827698,NC
-0.12284580750348709,6827699,NC
-0.12781442519332215,6827700,NC
-0.13778305199962812,6827701,NC
-0.11275168792788579,6827702,NC
-0.12272033298357413,6827703,NC
-0.1276889871721708,6827704,NC
-0.14265765049915163,6827705,NC
-0.1426263229699909,6827706,NC
-0.15759500459016132,6827707,NC
-0.14756369536513406,6827708,NC
-0.14253239530037856,6827709,NC
-0.13750110440136268,6827710,NC
-0.15746982267355283,6827711,NC
-0.1724385501224138,6827712,NC
-0.16240728675340854,6827713,NC
-0.16237603257199865,6827714,NC
-0.15734478758364395,6827715,NC
-0.1723135517938028,6827716,NC
-0.1872823252079318,6827717,NC
-0.18725110783148607,6827718,NC
-0.17721989966991908,6827719,NC
-0.1821887007286827,6827720,NC
-0.1621575110132272,6827721,NC
-0.18212633052900118,6827722,NC
-0.18709515928145165,6827723,NC
-0.19206399727602402,6827724,NC
-0.17703284451816215,6827725,NC
-0.1670017010133081,6827726,NC
-0.1719705667669024,6827727,NC
-0.17693944178438423,6827728,NC
-0.19690832607119074,6827729,NC
-0.20187721963275768,6827730,NC
-0.18684612247451915,6827731,NC
-0.18181503460190757,6827732,NC
-0.19178395602035384,6827733,NC
-0.19175288673528712,6827734,NC
-0.20672182675213507,6827735,NC
-0.19169077607632345,6827736,NC
-0.19665973471327694,6827737,NC
-0.1816287026684181,6827738,NC
-0.19159767994716803,6827739,NC
-0.18156666655494616,6827740,NC
-0.18653566249717035,6827741,NC
-0.19650466777925682,6827742,NC
-0.1814736824066201,6827743,NC
-0.16644270638467318,6827744,NC
-0.16141173971882716,6827745,NC
-0.161380782414492,6827746,NC
-0.14634983447707567,6827747,NC
-0.11631889591198447,6827748,NC
-0.07128796672462318,6827749,NC
0.003742953079605024,6827750,NC
0.07377386349529871,6827751,NC
0.148804764517058,6827752,NC
0.2038356561394848,6827753,NC
0.25886653835718243,6827754,NC
0.283897411164756,6827755,NC
0.2739282745568122,6827756,NC
0.2239591285279594,6827757,NC
0.12898997307280768,6827758,NC
0.009020808185968704,6827759,NC
-0.08094836613794426,6827760,NC
-0.13091754990431614,6827761,NC
-0.0808867431185305,6827762,NC
-0.015855945785968904,6827763,NC
0.07917484208798839,6827764,NC
0.12920562049796303,6827765,NC
0.22423638943857824,6827766,NC
0.31426714890445884,6827767,NC
0.36929789889023146,6827768,NC
0.3843286393905242,6827769,NC
0.35435937039996696,6827770,L
0.26939009191319113,6827771,NC
0.16942080392483005,6827772,NC
0.07945150642951833,6827773,NC
0.004482199421892541,6827774,NC
-0.0804871171034092,6827775,NC
-0.17045644315174702,6827776,NC
-0.2654257787284795,6827777,NC
-0.33539512383896347,6827778,NC
-0.39536447848855427,6827779,NC
-0.4303338426826052,6827780,NC
-0.46530321642646844,6827781,NC
-0.495272599725494,6827782,NC
-0.5152419925850302,6827783,NC
-0.5152113950104245,6827784,NC
-0.4801808070070216,6827785,NC
-0.445150228580165,6827786,NC
-0.40511965973519687,6827787,NC
-0.37508910047745714,6827788,NC
-0.3500585508122844,6827789,NC
-0.34002801074501543,6827790,NC
-0.3149974802809854,6827791,NC
-0.29496695942552775,6827792,NC
-0.28993644818397435,6827793,NC
-0.2949059465616553,6827794,NC
-0.30987545456389887,6827795,NC
-0.29984497219603196,6827796,NC
-0.2998144994633796,6827797,NC
-0.2797840363712652,6827798,NC
-0.27975358292501046,6827799,NC
-0.2847231391299353,6827800,NC
-0.2846927049913581,6827801,NC
-0.2846622805145956,6827802,NC
-0.2746318657049626,6827803,NC
-0.2646014605677724,6827804,NC
-0.2595710651083366,6827805,NC
-0.27954067933196514,6827806,NC
-0.2795103032439661,6827807,NC
-0.294479936849646,6827808,NC
-0.2644495801543098,6827809,NC
-0.2544192331632604,6827810,NC
-0.2443888958817994,6827811,NC
-0.2443585683152264,6827812,NC
-0.2693282504688394,6827813,NC
-0.2742979423479348,6827814,NC
-0.2642676439578073,6827815,NC
-0.24423735530374954,6827816,NC
-0.23420707639105304,6827817,NC
-0.23917680722500723,6827818,NC
-0.25414654781089996,6827819,NC
-0.25411629815401726,6827820,NC
-0.2340860582596436,6827821,NC
-0.20905582813306164,6827822,NC
-0.19902560777955247,6827823,NC
-0.2139953972043953,6827824,NC
-0.20896519641286773,6827825,NC
-0.1939350054102457,6827826,NC
-0.1739048242018033,6827827,NC
-0.14387465279281306,6827828,NC
-0.13384449118854566,6827829,NC
-0.13381433939427015,6827830,NC
-0.1437841974152538,6827831,NC
-0.14375406525676232,6827832,NC
-0.10872394292405951,6827833,NC
-0.08369383042240752,6827834,NC
-0.06866372775706689,6827835,NC
-0.06363363493329632,6827836,NC
-0.06360355195635284,6827837,NC
-0.048573478831491705,6827838,NC
-0.023543415563966524,6827839,NC
-0.013513362159029062,6827840,NC
0.011516681378070437,6827841,NC
-0.013453284957916416,6827842,NC
0.001576738827763817,6827843,NC
0.01160675272986602,6827844,NC
0.02663675674314704,6827845,NC
0.06666675086236537,6827846,NC
0.07669673508228125,6827847,NC
0.0967267093976567,6827848,NC
0.10175667380325525,6827849,NC
0.09678662829384242,6827850,NC
0.10181657286418541,6827851,NC
0.11684650750905298,6827852,NC
0.1518764322232158,6827853,NC
0.15190634700144623,6827854,NC
0.15193625183851836,6827855,NC
0.13196614672920803,6827856,NC
0.17199603166829283,6827857,NC
0.20202590665055195,6827858,NC
0.21205577167076653,6827859,NC
0.20208562672371932,6827860,NC
0.21211547180419485,6827861,NC
0.17714530690697933,6827862,NC
0.20217513202686083,6827863,NC
0.1922049471586291,6827864,NC
0.16723475229707557,6827865,NC
0.13226454743699362,6827866,NC
0.09729433257317809,6827867,NC
0.07232410770042576,6827868,NC
0.037353872813535194,6827869,NC
0.022383627907306497,6827870,NC
0.017413372976541726,6827871,NC
-0.0175568919839554,6827872,NC
-0.032527166979379386,6827873,NC
-0.06749745201492299,6827874,NC
-0.062467747095777175,6827875,NC
-0.0774380522271313,6827876,NC
-0.07740836741417279,6827877,NC
-0.1023786926620873,6827878,NC
-0.127349027976059,6827879,NC
-0.14731937336126996,6827880,NC
-0.14228972882290075,6827881,NC
-0.14726009436613,6827882,NC
-0.14723046999613465,6827883,NC
-0.1522008557180899,6827884,NC
-0.17717125153716917,6827885,NC
-0.20214165745854415,6827886,NC
-0.1971120734873846,6827887,NC
-0.17708249962885877,6827888,NC
-0.16705293588813303,6827889,NC
-0.18702338227037185,6827890,NC
-0.19699383878073815,6827891,NC
-0.1869643054243929,6827892,NC
-0.1969347822064954,6827893,NC
-0.18690526913220323,6827894,NC
-0.17187576620667208,6827895,NC
-0.17684627343505582,6827896,NC
-0.21181679082250685,6827897,NC
-0.1967873183741754,6827898,NC
-0.1917578560952102,6827899,NC
-0.1917284039907581,6827900,NC
-0.16669896206596418,6827901,NC
-0.18166953032597163,6827902,NC
-0.1866401087759222,6827903,NC
-0.20161069742095547,6827904,NC
-0.1865812962662095,6827905,NC
-0.16655190531682043,6827906,NC
-0.1515225245779227,6827907,NC
-0.1664931540546489,6827908,NC
-0.1764637937521298,6827909,NC
-0.1764344436754946,6827910,NC
-0.1714051038298704,6827911,NC
-0.1463757742203827,6827912,NC
-0.14134645485215536,6827913,NC
-0.14131714573031012,6827914,NC
-0.14128784685996712,6827915,NC
-0.13125855824624466,6827916,NC
-0.1312292798942593,6827917,NC
-0.11620001180912576,6827918,NC
-0.11117075399595693,6827919,NC
-0.10614150645986398,6827920,NC
-0.12611226920595633,6827921,NC
-0.1260830422393415,6827922,NC
-0.1160538255651252,6827923,NC
-0.08102461918841145,6827924,NC
-0.07099542311430235,6827925,NC
-0.07596623734789829,6827926,NC
-0.08093706189429781,6827927,NC
-0.08090789675859755,6827928,NC
-0.07087874194589272,6827929,NC
-0.05584959746127636,6827930,NC
-0.04082046330983978,6827931,NC
-0.04079133949667254,6827932,NC
-0.05576222602686237,6827933,NC
-0.050733122905495205,6827934,NC
-0.06070403013765516,6827935,NC
-0.030674947728424558,6827936,NC
-0.015645875682883774,6827937,NC
-0.020616814006111747,6827938,NC
-0.030587762703185223,6827939,NC
-0.03055872177917928,6827940,NC
-0.03052969123916717,6827941,NC
-0.005500671088220346,6827942,NC
-0.0004716613314084128,6827943,NC
-0.00044266197379919797,6827944,NC
-0.010413673020458696,6827945,NC
-0.015384694476450939,6827946,NC
-0.01035572634683856,6827947,NC
0.004673231363318056,6827948,NC
0.014702178648960174,6827949,NC
0.014731115505030888,6827950,NC
-0.010239958073524874,6827951,NC
-0.0052110420917603414,6827952,NC
-0.0051821365547269765,6827953,NC
0.014846758532525713,6827954,NC
0.02487564316494985,6827955,NC
0.014904517337499458,6827956,NC
0.004933381045130435,6827957,NC
0.00996223428280052,6827958,NC
-8.922954530775351e-06,6827959,NC
0.025019909328097917,6827960,NC
0.02004873112564979,6827961,NC
0.025077542433089926,6827962,NC
0.020106343245385058,6827963,NC
0.030135133557504017,6827964,NC
0.03516391336441719,6827965,NC
0.04519268266109699,6827966,NC
0.045221441442517635,6827967,NC
0.030250189703655145,6827968,NC
0.03527892743948739,6827969,NC
0.04030765464499414,6827970,NC
0.05533637131515685,6827971,NC
0.07036507744495892,6827972,NC
0.08039377302938568,6827973,NC
0.10042245806342406,6827974,NC
0.09545113254206308,6827975,NC
0.09547979646029345,6827976,NC
0.10550844981310778,6827977,NC
0.11053709259550054,6827978,NC
0.10056572480246809,6827979,NC
0.09059434642900843,6827980,NC
0.06562295747012165,6827981,NC
0.06565155792080962,6827982,NC
0.06068014777607593,6827983,NC
0.06570872703092617,6827984,NC
0.07573729568036774,6827985,NC
0.05576585371940992,6827986,NC
0.030794401143063824,6827987,NC
0.0258229379463423,6827988,NC
0.030851464124260243,6827989,NC
0.04087997967183435,6827990,NC
0.04090848458408304,6827991,NC
0.025936978856026763,6827992,NC
0.010965462482687746,6827993,NC
0.010993935459090103,6827994,NC
0.01602239778025978,6827995,NC
0.031050849441224666,6827996,NC
0.03607929043701433,6827997,NC
0.021107720762660383,6827998,NC
0.006136140413196295,6827999,NC
-0.008835450616342791,6828000,NC
-0.008807052330919649,6828001,NC
-0.0037786647354952838,6828002,NC
-0.003750287835028829,6828003,NC
0.0012780783655224892,6828004,NC
0.0013064338612033405,6828005,NC
-0.013665221352939946,6828006,NC
-0.008636887281858921,6828007,NC
-0.013608563930503303,6828008,NC
-0.018580251303821127,6828009,NC
-0.023551949406758338,6828010,NC
-0.0385236582442591,6828011,NC
-0.04849537782126569,6828012,NC
-0.028467108142718495,6828013,NC
-0.033438849213556,6828014,NC
-0.013410601038714956,6828015,NC
-0.023382363623130092,6828016,NC
-0.03835413697173421,6828017,NC
-0.048325921089458435,6828018,NC
-0.03829771598123187,6828019,NC
-0.018269521651981716,6828020,NC
-0.023241338106633355,6828021,NC
-0.03321316535011026,6828022,NC
-0.04318500338733395,6828023,NC
-0.048156852223224286,6828024,NC
-0.043128711862698996,6828025,NC
-0.03310058231067398,6828026,NC
-0.018072463572063373,6828027,NC
-0.01804435565177929,6828028,NC
-0.033016258554731975,6828029,NC
-0.032988172285829835,6828030,NC
-0.04796009684997933,6828031,NC
-0.017932032252085006,6828032,NC
-0.007903978497049671,6828033,NC
-0.017875935589774065,6828034,NC
-0.027847903535157037,6828035,NC
-0.02281988233809574,6828036,NC
-0.02279187200348521,6828037,NC
-0.007763872536218665,6828038,NC
0.007264116058812574,6828039,NC
0.017292093776719086,6828040,NC
0.017320060612613403,6828041,NC
0.03734801656160979,6828042,NC
0.057375961618824606,6828043,NC
0.10740389577937606,6828044,NC
0.15743181903838416,6828045,NC
0.2124597313909709,6828046,NC
0.2724876328322603,6828047,NC
0.347515523357378,6828048,NC
0.43254340296145183,6828049,NC
0.5075712716396115,6828050,NC
0.5475991293869883,6828051,NC
0.5376269761987157,6828052,NC
0.49765481206992934,6828053,NC
0.4276826369957661,6828054,NC
0.35271045097136533,6828055,NC
0.3227382539918682,6828056,NC
0.30776604605241753,6828057,NC
0.3477938271481584,6828058,NC
0.4028215972742375,6828059,NC
0.5128493564258036,6828060,NC
0.6178771045980076,6828061,NC
0.7429048417860016,6828062,NC
0.8329325679849404,6828063,NC
0.8729602831899805,6828064,NC
0.8229879873962801,6828065,L
0.7580156805989994,6828066,NC
0.6680433627933008,6828067,NC
0.5930710339743482,6828068,NC
0.4980986941373078,6828069,NC
0.4131263432773474,6828070,NC
0.3081539813896369,6828071,NC
0.2131816084693482,6828072,NC
0.12320922451165496,6828073,NC
0.043236829511732855,6828074,NC
-0.061735576535240505,6828075,NC
-0.1367079936340856,6828076,NC
-0.20168042178962098,6828077,NC
-0.24665286100666328,6828078,NC
-0.26162531129002714,6828079,NC
-0.23159777264452536,6828080,NC
-0.21657024507496883,6828081,NC
-0.19154272858616628,6828082,NC
-0.16651522318292472,6828083,NC
-0.14648772887004916,6828084,NC
-0.11646024565234263,6828085,NC
-0.09643277353460637,6828086,NC
-0.09640531252163952,6828087,NC
-0.10637786261823927,6828088,NC
-0.111350423829201,6828089,NC
-0.12132299615931813,6828090,NC
-0.10629557961338204,6828091,NC
-0.1062681741961822,6828092,NC
-0.08124077991250615,6828093,NC
-0.09121339676713948,6828094,NC
-0.10118602476486592,6828095,NC
-0.10115866391046704,6828096,NC
-0.10113131420872276,6828097,NC
-0.0911039756644108,6828098,NC
-0.08607664828230704,6828099,NC
-0.07604933206718541,6828100,NC
-0.1010220270238178,6828101,NC
-0.11099473315697427,6828102,NC
-0.11096745047142281,6828103,NC
-0.0809401789719296,6828104,NC
-0.08591291866325883,6828105,NC
-0.07588566955017263,6828106,NC
-0.08085843163743121,6828107,NC
-0.09083120492979292,6828108,NC
-0.08080398943201403,6828109,NC
-0.06077678514884893,6828110,NC
-0.05574959208505001,6828111,NC
-0.055722410245367685,6828112,NC
-0.05569523963455045,6828113,NC
-0.06066808025734495,6828114,NC
-0.030640932118495626,6828115,NC
-0.020613795222745132,6828116,NC
-0.0005866695748340534,6828117,NC
-0.010559555179501093,6828118,NC
-0.015532452041482944,6828119,NC
-0.02050536016551434,6828120,NC
-0.010478279556327935,6828121,NC
0.019548789781345235,6828122,NC
0.04957584784277644,6828123,NC
0.04460289462323884,6828124,NC
0.03962993011800752,6828125,NC
0.044656954322359596,6828126,NC
0.054683967231574086,6828127,NC
0.07971096884093204,6828128,NC
0.08973795914571656,6828129,NC
0.10476493814121238,6828130,NC
0.09979190582270658,6828131,NC
0.0898188621854881,6828132,NC
0.1248458072248478,6828133,NC
0.15487274093607858,6828134,NC
0.15489966331447533,6828135,NC
0.15492657435533486,6828136,NC
0.159953474053956,6828137,NC
0.15998036240563968,6828138,NC
0.19500723940568843,6828139,NC
0.21503410504940712,6828140,NC
0.22006095933210257,6828141,NC
0.23008780224908346,6828142,NC
0.22511463379566052,6828143,NC
0.24514145396714643,6828144,NC
0.27016826275885597,6828145,NC
0.2951950601661058,6828146,NC
0.3302218461842146,6828147,NC
0.33524862080850293,6828148,NC
0.3452753840342935,6828149,NC
0.34530213585691094,6828150,NC
0.3703288762716819,6828151,NC
0.38535560527393503,6828152,NC
0.40038232285900094,6828153,NC
0.39040902902221225,6828154,NC
0.3704357237589036,6828155,NC
0.3304624070644116,6828156,NC
0.33548907893407476,6828157,NC
0.3205157393632337,6828158,NC
0.29054238834723106,6828159,NC
0.2655690258814115,6828160,NC
0.2255956519611215,6828161,NC
0.19062226658170978,6828162,NC
0.1706488697385269,6828163,NC
0.1606754614269254,6828164,NC
0.15070204164226003,6828165,NC
0.12072861037988727,6828166,NC
0.10075516763516579,6828167,NC
0.0657817134034562,6828168,NC
0.06580824768012114,6828169,NC
0.06583477046052527,6828170,NC
0.07086128174003528,6828171,NC
0.04588778151401969,6828172,NC
0.04091426977784927,6828173,NC
0.015940746526896726,6828174,NC
0.03596721175653664,6828175,NC
0.04099366546214576,6828176,NC
0.03602010763910282,6828177,NC
0.031046538282788513,6828178,NC
0.011072957388585637,6828179,NC
-0.0039006350481210483,6828180,NC
0.01112576096805517,6828181,NC
0.011152145432503098,6828182,NC
0.026178518340613625,6828183,NC
0.0012048796877794643,6828184,NC
-0.008768770530604486,6828185,NC
-0.003742432319141356,6828186,NC
0.0012838943175677714,6828187,NC
0.011310209374923767,6828188,NC
0.021336512848329645,6828189,NC
0.026362804733190255,6828190,NC
0.011389085024912628,6828191,NC
-0.0035846462810941587,6828192,NC
0.011441610810580795,6828193,NC
0.026467856295350624,6828194,NC
0.03649409016863042,6828195,NC
0.036520312425837295,6828196,NC
0.01154652306239045,6828197,NC
0.006572722073710943,6828198,NC
0.016598909455222063,6828199,NC
0.03162508520234908,6828200,NC
0.03665124931051916,6828201,NC
0.016677401775161665,6828202,NC
0.01670354259170795,6828203,NC
0.0017296717555913693,6828204,NC
0.01175578926224733,6828205,NC
0.006781895107113356,6828206,NC
0.02680798928562881,6828207,NC
0.016834071793235247,6828208,NC
0.00686014262537632,6828209,NC
-0.0031137982225025035,6828210,NC
0.011912249245046476,6828211,NC
0.02693828502347293,6828212,NC
0.041964309108228605,6828213,NC
0.03199032149476724,6828214,NC
0.01701632217854472,6828215,NC
0.0020423111550187945,6828216,NC
0.0020682884196494,6828217,NC
0.027094253967898545,6828218,NC
0.037120207795230106,6828219,NC
0.03214614989711019,6828220,NC
0.012172080269006867,6828221,NC
0.01719799890639029,6828222,NC
0.01722390580473264,6828223,NC
0.02724980095950822,6828224,NC
0.022275684366193205,6828225,NC
0.007301556020265998,6828226,NC
0.002327415917207018,6828227,NC
-0.00264673594750138,6828228,NC
0.007379100421625401,6828229,NC
0.01240492502007385,6828230,NC
0.03243073784333264,6828231,NC
0.02745653888689243,6828232,NC
0.007482328146245984,6828233,NC
-0.012491894383112004,6828234,NC
0.007533871294315375,6828235,NC
-0.002440374825972938,6828236,NC
0.007585367251523964,6828237,NC
-0.00738890247769089,6828238,NC
-0.012363184018112372,6828239,NC
-0.012337477374233338,6828240,NC
-0.022311782550544557,6828241,NC
-0.012286099551534702,6828242,NC
0.002739571618309483,6828243,NC
-0.007234769045496525,6828244,NC
-0.02720912154743521,6828245,NC
-0.03218348589198711,6828246,NC
-0.012157862083630552,6828247,NC
0.012867749873158175,6828248,NC
0.012893349973904795,6828249,NC
-0.007081061785862819,6828250,NC
-0.017055485410614746,6828251,NC
-0.00702992090481909,6828252,NC
-0.01200436827294174,6828253,NC
-0.006978827519446534,6828254,NC
-0.0019532986487953846,6828255,NC
-0.011927781665447931,6828256,NC
-0.03690227657386183,6828257,NC
-0.03187678337849269,6828258,NC
-0.03185130208379394,6828259,NC
0.013174167305783017,6828260,NC
0.03319962478578878,6828261,NC
0.038225070351776164,6828262,NC
0.013250503999299924,6828263,NC
-0.006724074276083,6828264,NC
-0.0016986644788136163,6828265,NC
0.013326733386669183,6828266,NC
0.02835211931592855,6828267,NC
0.028377493304529773,6828268,NC
0.03340285534804009,6828269,NC
0.023428205442028976,6828270,NC
0.028453543582067982,6828271,NC
0.05347886976373062,6828272,NC
0.058504183982592585,6828273,NC
0.0685294862342317,6828274,NC
0.04355477651422782,6828275,NC
0.01858005481816287,6828276,NC
0.013605321141621003,6828277,NC
0.033630575480188205,6828278,NC
0.04365581782945279,6828279,NC
0.028681048185005158,6828280,NC
0.008706266542437599,6828281,NC
-0.006268527102655311,6828282,NC
-0.016243332754676945,6828283,NC
-0.006218150418028562,6828284,NC
0.013807019902890606,6828285,NC
-0.011167821796316452,6828286,NC
-0.026142675520044817,6828287,NC
-0.036117541272687334,6828288,NC
-0.03109241905863476,6828289,NC
-0.02106730888227583,6828290,NC
-0.006042210747997129,6828291,NC
-0.016017124660183096,6828292,NC
-0.030992050623216097,6828293,NC
-0.03596698864147642,6828294,NC
-0.03594193871934216,6828295,NC
-0.035916900861189496,6828296,NC
-0.030891875071392266,6828297,NC
-0.06586686135432238,6828298,NC
-0.05084185971434953,6828299,NC
-0.06581687015584137,6828300,NC
-0.05579189268316337,6828301,NC
-0.06076692730067894,6828302,NC
-0.04074197401274936,6828303,NC
-0.07071703282373377,6828304,NC
-0.07569210373798922,6828305,NC
-0.0906671867598708,6828306,NC
-0.09064228189373123,6828307,NC
-0.08061738914392122,6828308,NC
-0.060592508514789395,6828309,NC
-0.06556764001068223,6828310,NC
-0.07554278363594404,6828311,NC
-0.08551793939491714,6828312,NC
-0.0904931072919415,6828313,NC
-0.08046828733135533,6828314,NC
-0.06544347951749445,6828315,NC
-0.07041868385469256,6828316,NC
-0.07539390034728131,6828317,NC
-0.08536912899959027,6828318,NC
-0.08034436981594677,6828319,NC
-0.06531962280067612,6828320,NC
-0.05529488795810138,6828321,NC
-0.07027016529254354,6828322,NC
-0.07524545480832164,6828323,NC
-0.09022075650975236,6828324,NC
-0.07519607040115031,6828325,NC
-0.07517139648682801,6828326,NC
-0.050146734771095824,6828327,NC
-0.06512208525826198,6828328,NC
-0.08509744795263256,6828329,NC
-0.09007282285851148,6828330,NC
-0.08004820998020074,6828331,NC
-0.040023609321999984,6828332,NC
-0.024999020888206755,6828333,NC
-0.014974444683116511,6828334,NC
5.011928897749596e-05,6828335,NC
0.020074671023784046,6828336,NC
0.06509921051701416,6828337,NC
0.1251237377643809,6828338,NC
0.1901482527615997,6828339,NC
0.2951727555043877,6828340,NC
0.3901972459884645,6828341,NC
0.4852217242095519,6828342,NC
0.5602461901633735,6828343,NC
0.6002706438456555,6828344,NC
0.5952950852521259,6828345,NC
0.550319514378515,6828346,NC
0.4653439312205552,6828347,NC
0.4103683357739809,6828348,NC
0.40039272803452886,6828349,NC
0.44041710799793793,6828350,NC
0.5304414756599491,6828351,NC
0.6404658310163054,6828352,NC
0.7604901740627523,6828353,NC
0.8855145047950372,6828354,NC
1.0005388232089096,6828355,NC
1.0505631293001214,6828356,NC
1.0555874230644262,6828357,NC
1.0056117044975803,6828358,L
0.9106359735953415,6828359,NC
0.7806602303534707,6828360,NC
0.68568447476773,6828361,NC
0.6057087068338843,6828362,NC
0.5107329265477003,6828363,NC
0.4107571339049471,6828364,NC
0.2757813289013956,6828365,NC
0.1408055115328194,6828366,NC
0.01582968179499366,6828367,NC
-0.07414616031630382,6828368,NC
-0.14412201480529332,6828369,NC
-0.1890978816761929,6828370,NC
-0.24907376093321845,6828371,NC
-0.25904965258058366,6828372,NC
-0.25402555662250015,6828373,NC
-0.23400147306317728,6828374,NC
-0.19897740190682234,6828375,NC
-0.18895334315764037,6828376,NC
-0.18392929681983428,6828377,NC
-0.16890526289760482,6828378,NC
-0.14388124139515052,6828379,NC
-0.11885723231666781,6828380,NC
-0.10883323566635084,6828381,NC
-0.10880925144839178,6828382,NC
-0.12378527966698046,6828383,NC
-0.1437613203263045,6828384,NC
-0.12373737343054962,6828385,NC
-0.10371343898389904,6828386,NC
-0.09368951699053404,6828387,NC
-0.10866560745463355,6828388,NC
-0.12864171038037447,6828389,NC
-0.14361782577193133,6828390,NC
-0.1585939536334768,6828391,NC
-0.13357009396918107,6828392,NC
-0.13354624678321225,6828393,NC
-0.11852241207973638,6828394,NC
-0.10849858986291716,6828395,NC
-0.13347478013691616,6828396,NC
-0.12345098290589283,6828397,NC
-0.10342719817400432,6828398,NC
-0.10340342594540566,6828399,NC
-0.09837966622424982,6828400,NC
-0.08835591901468728,6828401,NC
-0.0933321843208667,6828402,NC
-0.08830846214693429,6828403,NC
-0.05828475249703416,6828404,NC
-0.05826105537530821,6828405,NC
-0.05823737078589619,6828406,NC
-0.07321369873293555,6828407,NC
-0.06319003922056184,6828408,NC
-0.048166392252908044,6828409,NC
-0.043142757834105164,6828410,NC
-0.02311913596828205,6828411,NC
-0.028095526659565218,6828412,NC
-0.018071929912079066,6828413,NC
-0.0430483457299458,6828414,NC
-0.023024774117285415,6828415,NC
-0.003001215078215644,6828416,NC
0.012022331383147775,6828417,NC
0.02704586526269151,6828418,NC
0.03706938655630437,6828419,NC
0.027092895259877278,6828420,NC
0.05211639136930345,6828421,NC
0.07713987488047828,6828422,NC
0.09216334578929936,6828423,NC
0.10218680409166644,6828424,NC
0.11721024978348162,6828425,NC
0.12723368286064896,6828426,NC
0.1522571033190749,6828427,NC
0.16728051115466813,6828428,NC
0.20230390636333934,6828429,NC
0.21732728894100156,6828430,NC
0.21735065888357002,6828431,NC
0.1973740161869622,6828432,NC
0.18739736084709774,6828433,NC
0.18742069285989843,6828434,NC
0.19744401222128832,6828435,NC
0.18746731892719368,6828436,NC
0.18249061297354305,6828437,NC
0.18251389435626703,6828438,NC
0.2225371630712985,6828439,NC
0.25756041911457267,6828440,NC
0.2825836624820268,6828441,NC
0.30260689316960043,6828442,NC
0.3126301111732354,6828443,NC
0.3276533164888756,6828444,NC
0.36767650911246713,6828445,NC
0.3976996890399586,6828446,NC
0.4127228562673005,6828447,NC
0.41274601079044565,6828448,NC
0.3977691526053491,6828449,NC
0.40279228170796827,6828450,NC
0.39781539809426253,6828451,NC
0.3828385017601937,6828452,NC
0.3878615927017256,6828453,NC
0.36288467091482446,6828454,NC
0.3179077363954588,6828455,NC
0.302930789139599,6828456,NC
0.272953829143218,6828457,NC
0.2629768564022909,6828458,NC
0.24299987091279496,6828459,NC
0.2180228726707097,6828460,NC
0.18304586167201692,6828461,NC
0.1630688379127005,6828462,NC
0.1430918013887467,6828463,NC
0.14811475209614397,6828464,NC
0.13313769003088294,6828465,NC
0.11316061518895648,6828466,NC
0.09318352756635977,6828467,NC
0.07820642715909017,6828468,NC
0.08322931396314728,6828469,NC
0.08325218797453289,6828470,NC
0.08327504918925106,6828471,NC
0.08329789760330818,6828472,NC
0.04332073321271265,6828473,NC
0.04334355601347531,6828474,NC
0.03336636600160917,6828475,NC
0.03838916317312947,6828476,NC
0.04341194752405372,6828477,NC
0.04343471905040165,6828478,NC
0.018457477748195165,6828479,NC
-0.021519776386541484,6828480,NC
-0.006497043357781812,6828481,NC
0.008525676830502787,6828482,NC
0.023548384174343295,6828483,NC
0.038571078669772885,6828484,NC
0.018593760312826994,6828485,NC
0.008616429099543271,6828486,NC
0.0136390850259617,6828487,NC
0.033661728088124336,6828488,NC
0.05868435828207566,6828489,NC
0.05370697560386227,6828490,NC
0.033729580049533116,6828491,NC
0.02875217161513932,6828492,NC
0.018774750296734317,6828493,NC
0.028797316090373754,6828494,NC
0.053819868992115535,6828495,NC
0.04884240899801987,6828496,NC
0.04386493610414907,6828497,NC
0.043887450306567904,6828498,NC
0.028909951601343187,6828499,NC
0.038932439984544126,6828500,NC
0.04895491545224221,6828501,NC
0.04897737800051106,6828502,NC
0.008999827625426629,6828503,NC
0.01902226432306716,6828504,NC
0.029044688089513118,6828505,NC
0.04906709892084719,6828506,NC
0.0490894968131543,6828507,NC
0.059111881762521745,6828508,NC
0.064134253765039,6828509,NC
0.05915661281679786,6828510,NC
0.04417895891389233,6828511,NC
0.06420129205241867,6828512,NC
0.05922361222847548,6828513,NC
0.02924591943816364,6828514,NC
-0.010731786322413964,6828515,NC
-0.040709505057151874,6828516,NC
-0.030687236769942478,6828517,NC
-0.005664981464675908,6828518,NC
0.024357260854759963,6828519,NC
0.024379490184479588,6828520,NC
0.029401706520599646,6828521,NC
0.004423909859239072,6828522,NC
0.014446100196519207,6828523,NC
0.02446827752856333,6828524,NC
0.03949044185149733,6828525,NC
0.03951259316144924,6828526,NC
0.02953473145454938,6828527,NC
-0.01044314327306968,6828528,NC
-0.010421031025273059,6828529,NC
0.009601068194076384,6828530,NC
0.00962315438111809,6828531,NC
0.029645227531993737,6828532,NC
0.01966728764284719,6828533,NC
-0.005310665290175209,6828534,NC
0.004711368729075044,6828535,NC
0.01473338969674877,6828536,NC
0.03975539760899903,6828537,NC
0.0247773924619812,6828538,NC
0.009799374251852927,6828539,NC
0.00482134297477424,6828540,NC
-0.005156701373092848,6828541,NC
0.01986524120441626,6828542,NC
0.024887170703468325,6828543,NC
0.03490908712023242,6828544,NC
0.014930990450879908,6828545,NC
-4.711930841559686e-05,6828546,NC
0.01497475783852184,6828547,NC
0.024996621887870468,6828548,NC
0.03501847283581073,6828549,NC
0.03004031067852539,6828550,NC
0.010062135412199524,6828551,NC
-0.004916052966979445,6828552,NC
0.00010574553717809798,6828553,NC
0.025127530920864102,6828554,NC
0.035149303180272824,6828555,NC
0.02017106231160084,6828556,NC
0.010192808311046866,6828557,NC
0.00021454117481212176,6828558,NC
0.00523626089909994,6828559,NC
0.03025796748011607,6828560,NC
0.0502796609140685,6828561,NC
0.05530134119716755,6828562,NC
0.04532300832562583,6828563,NC
0.05534466229565825,6828564,NC
0.06536630310348196,6828565,NC
0.07538793074531645,6828566,NC
0.0954095452173836,6828567,NC
0.0904311465159074,6828568,NC
0.07045273463711428,6828569,NC
0.060474309577232974,6828570,NC
0.08549587133249445,6828571,NC
0.09551741989913205,6828572,NC
0.12053895527338139,6828573,NC
0.1255604774514803,6828574,NC
0.10058198642966909,6828575,NC
0.08560348220419027,6828576,NC
0.0856249647712886,6828577,NC
0.1056464341272113,6828578,NC
0.12066789026820778,6828579,NC
0.09568933319052979,6828580,NC
0.09071076289043142,6828581,NC
0.08573217936416908,6828582,NC
0.050753582608001356,6828583,NC
0.0807749726181893,6828584,NC
0.09079634939099628,6828585,NC
0.0758177129226878,6828586,NC
0.04083906320953183,6828587,NC
0.02586040024779865,6828588,NC
0.02588172403376081,6828589,NC
0.030903034563693185,6828590,NC
0.03592433183387301,6828591,NC
0.015945615840579713,6828592,NC
0.015966886580095166,6828593,NC
0.005988144048703542,6828594,NC
-0.003990611757308776,6828595,NC
0.026030619158347035,6828596,NC
0.03605183679196209,6828597,NC
0.026073041139829792,6828598,NC
0.016094232198245892,6828599,NC
-0.0038845900364915115,6828600,NC
-0.023863425568082103,6828601,NC
-0.023842274400223157,6828602,NC
0.006178863463390444,6828603,NC
0.0011999880190659423,6828604,NC
-0.008778900736886946,6828605,NC
-0.023757802808156203,6828606,NC
-0.01873671819842747,6828607,NC
0.006284353088615899,6828608,NC
0.006305411049292858,6828609,NC
0.006326455679924736,6828610,NC
-0.01865251302316477,6828611,NC
-0.018631495063649778,6828612,NC
-0.023610490445201943,6828613,NC
-0.0035894991714906094,6828614,NC
0.0014314787538171614,6828615,NC
0.0014524433270566572,6828616,NC
-0.01352660545543441,6828617,NC
-0.028505667597316195,6828618,NC
-0.018484743102246362,6828619,NC
0.0015361680261197913,6828620,NC
-0.0034429342158708853,6828621,NC
0.0065779501681309666,6828622,NC
-0.023401178825523006,6828623,NC
-0.018380321200478833,6828624,NC
-0.023359476960380238,6828625,NC
-0.008338646108868461,6828626,NC
0.021682171350417355,6828627,NC
0.011702975413840591,6828628,NC
-0.003276233922233057,6828629,NC
-0.008255456661435623,6828630,NC
-0.003234692807396744,6828631,NC
0.011786057636256272,6828632,NC
0.036806794665898486,6828633,NC
0.03182751827790725,6828634,NC
0.03184822846866235,6828635,NC
0.02686892523454576,6828636,NC
0.03688960857194192,6828637,NC
0.07691027847723766,6828638,NC
0.14193093494682202,6828639,NC
0.21695157797708642,6828640,NC
0.3069722075644247,6828641,NC
0.40199282370523304,6828642,NC
0.51701342639591,6828643,NC
0.6220340156328562,6828644,NC
0.662054591412475,6828645,NC
0.667075153731172,6828646,NC
0.602095702585355,6828647,NC
0.5471162379714343,6828648,NC
0.5071367598858224,6828649,NC
0.5071572683249345,6828650,NC
0.5621777632851875,6828651,NC
0.6621982447630015,6828652,NC
0.7822187127547984,6828653,NC
0.9222391672570024,6828654,NC
1.0422596082660405,6828655,NC
1.1022800357783415,6828656,NC
1.122300449790337,6828657,L
1.062320850298461,6828658,NC
0.9373412372991494,6828659,NC
0.7973616107888407,6828660,NC
0.687381970763976,6828661,NC
0.5924023172209985,6828662,NC
0.45742265015635364,6828663,NC
0.3174429695664895,6828664,NC
0.14746327544785648,6828665,NC
-0.0025164322030928055,6828666,NC
-0.11249615338990328,6828667,NC
-0.1724758881161175,6828668,NC
-0.18745563638527568,6828669,NC
-0.20743539820091567,6828670,NC
-0.21741517356657286,6828671,NC
-0.20739496248578054,6828672,NC
-0.17237476496206933,6828673,NC
-0.13235458099896755,6828674,NC
-0.09733441060000132,6828675,NC
-0.09731425376869422,6828676,NC
-0.09729411050856754,6828677,NC
-0.10227398082314014,6828678,NC
-0.11225386471592853,6828679,NC
-0.09223376219044692,6828680,NC
-0.08221367325020702,6828681,NC
-0.07219359789871824,6828682,NC
-0.08217353613948768,6828683,NC
-0.11215348797601996,6828684,NC
-0.09213345341181733,6828685,NC
-0.09211343245037971,6828686,NC
-0.07209342509520462,6828687,NC
-0.07207343134978719,6828688,NC
-0.07705345121762028,6828689,NC
-0.0870334847021942,6828690,NC
-0.102013531806997,6828691,NC
-0.08199359253551435,6828692,NC
-0.04697366689122946,6828693,NC
-0.0719537548776232,6828694,NC
-0.06693385649817411,6828695,NC
-0.07191397175635827,6828696,NC
-0.0818941006556494,6828697,NC
-0.07187424319951884,6828698,NC
-0.041854399391435634,6828699,NC
-0.04183456923486631,6828700,NC
-0.04681475273327507,6828701,NC
-0.04679494989012373,6828702,NC
-0.03177516070887168,6828703,NC
-0.016755385192976008,6828704,NC
0.003264376654108697,6828705,NC
0.008284124828930178,6828706,NC
0.0033038593280384637,6828707,NC
-0.0016764198520138746,6828708,NC
0.008343287285328044,6828709,NC
0.013362980736621566,6828710,NC
0.06338266049842634,6828711,NC
0.06340232656730445,6828712,NC
0.05842197893982036,6828713,NC
0.07344161761254094,6828714,NC
0.08346124258203555,6828715,NC
0.08848085384487563,6828716,NC
0.10850045139763534,6828717,NC
0.10852003523689109,6828718,NC
0.12853960535922176,6828719,NC
0.12855916176120852,6828720,NC
0.14357870443943505,6828721,NC
0.16859823339048732,6828722,NC
0.1836177486109538,6828723,NC
0.19363725009742538,6828724,NC
0.21365673784649514,6828725,NC
0.20367621185475873,6828726,NC
0.21369567211881424,6828727,NC
0.24371511863526202,6828728,NC
0.2637345514007049,6828729,NC
0.26375397041174814,6828730,NC
0.2487733756649994,6828731,NC
0.2637927671570687,6828732,NC
0.2838121448845684,6828733,NC
0.29883150884411336,6828734,NC
0.3138508590323209,6828735,NC
0.3338701954458106,6828736,NC
0.33888951808120454,6828737,NC
0.3289088269351272,6828738,NC
0.3539281220042054,6828739,NC
0.37394740328506854,6828740,NC
0.3939666707743482,6828741,NC
0.40398592446867854,6828742,NC
0.399005164364696,6828743,NC
0.3890243904590395,6828744,NC
0.3890436027483504,6828745,NC
0.4140628012292725,6828746,NC
0.4140819858984519,6828747,NC
0.39410115675253715,6828748,NC
0.3741203137881792,6828749,NC
0.34913945700203164,6828750,NC
0.33915858639075,6828751,NC
0.32917770195099266,6828752,NC
0.30419680367942026,6828753,NC
0.2792158915726958,6828754,NC
0.2542349656274847,6828755,NC
0.2342540258404551,6828756,NC
0.21427307220827707,6828757,NC
0.19429210472762337,6828758,NC
0.19431112339516923,6828759,NC
0.16433012820759213,6828760,NC
0.12434911916157211,6828761,NC
0.10936809625379156,6828762,NC
0.1043870594809353,6828763,NC
0.1094060088396906,6828764,NC
0.10442494432674715,6828765,NC
0.094443865938797,6828766,NC
0.054462773672534694,6828767,NC
0.03948166752465721,6828768,NC
0.04450054749186384,6828769,NC
0.04951941357085646,6828770,NC
0.06453826575833922,6828771,NC
0.059557104051018814,6828772,NC
0.03457592844560432,6828773,NC
0.02459473893880728,6828774,NC
0.009613535527341524,6828775,NC
0.029632318207923475,6828776,NC
0.04465108697727195,6828777,NC
0.02966984183210812,6828778,NC
0.014688582769155648,6828779,NC
0.014707309785140621,6828780,NC
0.019726022876791552,6828781,NC
0.029744722040839403,6828782,NC
0.039763407274017594,6828783,NC
0.03478207857306187,6828784,NC
0.02980073593471047,6828785,NC
-0.00018062064429583136,6828786,NC
0.019838008832785997,6828787,NC
0.02985662436270152,6828788,NC
0.02487522594219877,6828789,NC
0.004893813568028149,6828790,NC
0.019912387236942525,6828791,NC
0.01993094694569726,6828792,NC
0.009949492691049985,6828793,NC
0.019968024469760967,6828794,NC
0.044986542278592806,6828795,NC
0.025005046114310557,6828796,NC
0.005023535973681714,6828797,NC
4.201185347622871e-05,6828798,NC
-0.009939526249533495,6828799,NC
0.005078921661427371,6828800,NC
0.005097355583136107,6828801,NC
0.0051157755123723975,6828802,NC
-0.014865818554081589,6828803,NC
-0.01484742661944119,6828804,NC
-0.009829048686919431,6828805,NC
0.00018931524027319957,6828806,NC
0.01020766515892868,6828807,NC
-0.009773998934158604,6828808,NC
-0.019755677042191833,6828809,NC
-0.02473736916837166,6828810,NC
-0.03471907531589645,6828811,NC
0.0002992045120380621,6828812,NC
0.0003174703122385131,6828813,NC
0.0003357220815139311,6828814,NC
-0.009646040183324114,6828815,NC
-0.024627816485461626,6828816,NC
-0.019609606828082174,6828817,NC
-0.00959141121436681,6828818,NC
-0.0045732296474942785,6828819,NC
-0.009555062130640724,6828820,NC
-0.02453690866697987,6828821,NC
-0.029518769259683067,6828822,NC
-0.03450064391191912,6828823,NC
-0.009482532626854376,6828824,NC
-0.009464435407652794,6828825,NC
-0.009446352257475837,6828826,NC
-0.014428283179482443,6828827,NC
-0.029410228176829256,6828828,NC
-0.02439218725267031,6828829,NC
-0.03437416041015723,6828830,NC
-0.02435614765243921,6828831,NC
-0.02933814898266296,6828832,NC
-0.02432016440397272,6828833,NC
-0.04430219391951026,6828834,NC
-0.04428423753241492,6828835,NC
-0.029266295245823512,6828836,NC
-0.014248367062870526,6828837,NC
-0.014230452986687833,6828838,NC
-0.03921255302040488,6828839,NC
-0.05919466716714876,6828840,NC
-0.05917679543004395,6828841,NC
-0.04915893781221252,6828842,NC
-0.034141094316774104,6828843,NC
-0.029123264946845806,6828844,NC
-0.044105449705542296,6828845,NC
-0.049087648595975836,6828846,NC
-0.05406986162125611,6828847,NC
-0.034052088784490356,6828848,NC
-0.014034330088783464,6828849,NC
-0.024016585537237692,6828850,NC
-0.04399885513295293,6828851,NC
-0.048981138879026526,6828852,NC
-0.053963436778553406,6828853,NC
-0.02894574883462596,6828854,NC
-0.013928075050334249,6828855,NC
-0.023910415428765708,6828856,NC
-0.033892769973005346,6828857,NC
-0.03887513868613575,6828858,NC
-0.03885752157123695,6828859,NC
-0.03383991863138658,6828860,NC
-0.023822329869659695,6828861,NC
-0.01880475528912899,6828862,NC
-0.02378719489286453,6828863,NC
-0.01876964868393413,6828864,NC
-0.013752116665402936,6828865,NC
-0.0037345988403336416,6828866,NC
0.041282904788213455,6828867,NC
0.026300394217180605,6828868,NC
0.011317869443512499,6828869,NC
0.01133533046415637,6828870,NC
0.011352777276061876,6828871,NC
0.03137020987618122,6828872,NC
0.051387628261468976,6828873,NC
0.05140503242888232,6828874,NC
0.0464224223753808,6828875,NC
0.046439798097926546,6828876,NC
0.05145715959348415,6828877,NC
0.06147450685902063,6828878,NC
0.07149183989150559,6828879,NC
0.06150915868791103,6828880,NC
0.04652646324521151,6828881,NC
0.041543753560383985,6828882,NC
0.021561029630408,6828883,NC
0.0265782914522655,6828884,NC
0.026595539022940963,6828885,NC
0.011612772339421373,6828886,NC
0.0016299913986961845,6828887,NC
-0.013352803802242658,6828888,NC
-0.013335613266400675,6828889,NC
-0.02331843699678103,6828890,NC
0.0016987250036157725,6828891,NC
-0.023284127268208388,6828892,NC
-0.03826699381524912,6828893,NC
-0.05824987464049952,6828894,NC
-0.04823276974695015,6828895,NC
-0.03821567913758914,6828896,NC
-0.03319860281540214,6828897,NC
-0.03318154078337218,6828898,NC
-0.053164493044479955,6828899,NC
-0.058147459601703616,6828900,NC
-0.06813044045801873,6828901,NC
-0.05311343561639849,6828902,NC
-0.05809644507981347,6828903,NC
-0.06807946885123181,6828904,NC
-0.08306250693361919,6828905,NC
-0.09304555932993869,6828906,NC
-0.08802862604315091,6828907,NC
-0.07301170707621407,6828908,NC
-0.05799480243208381,6828909,NC
-0.07797791211371319,6828910,NC
-0.10296103612405286,6828911,NC
-0.10794417446605095,6828912,NC
-0.10292732714265306,6828913,NC
-0.09791049415680232,6828914,NC
-0.07789367551143936,6828915,NC
-0.08287687120950217,6828916,NC
-0.10786008125392652,6828917,NC
-0.11784330564764543,6828918,NC
-0.10282654439358946,6828919,NC
-0.1028097974946867,6828920,NC
-0.07279306495386276,6828921,NC
-0.09277634677404065,6828922,NC
-0.09775964295814095,6828923,NC
-0.12274295350908171,6828924,NC
-0.12272627842977839,6828925,NC
-0.08770961772314417,6828926,NC
-0.07769297139208944,6828927,NC
-0.08267633943952227,6828928,NC
-0.0826597218683481,6828929,NC
-0.09264311868146992,6828930,NC
-0.10262652988178822,6828931,NC
-0.09760995547220093,6828932,NC
-0.06759339545560346,6828933,NC
-0.08257684983488879,6828934,NC
-0.08256031861294733,6828935,NC
-0.08754380179266695,6828936,NC
-0.08252729937693302,6828937,NC
-0.0625108113686284,6828938,NC
-0.0474943377706335,6828939,NC
-0.03747787858582605,6828940,NC
-0.04246143381708138,6828941,NC
-0.022445003467272337,6828942,NC
0.012571412460730846,6828943,NC
0.06258781396406041,6828944,NC
0.1326042010398511,6828945,NC
0.20762057368524023,6828946,NC
0.2926369318973676,6828947,NC
0.37765327567337553,6828948,NC
0.447669605010409,6828949,NC
0.5076859199056152,6828950,NC
0.537702220356144,6828951,NC
0.5077185063591481,6828952,NC
0.42273477791178204,6828953,NC
0.3377510350112036,6828954,NC
0.29276727765457267,6828955,NC
0.2827835058390518,6828956,NC
0.3327997195618061,6828957,NC
0.44781591882000293,6828958,NC
0.5478321036108126,6828959,NC
0.6478482739314075,6828960,NC
0.7878644297789631,6828961,NC
0.8778805711506569,6828962,NC
0.937896698043669,6828963,NC
0.9479128104551824,6828964,NC
0.8929289083823821,6828965,L
0.7879449918224561,6828966,NC
0.6929610607725947,6828967,NC
0.5929771152299907,6828968,NC
0.49799315519183956,6828969,NC
0.3780091806553391,6828970,NC
0.2630251916176899,6828971,NC
0.10304118807609483,6828972,NC
-0.011942829972240498,6828973,NC
-0.11692686253010805,6828974,NC
-0.19691090960029722,6828975,NC
-0.2618949711855948,6828976,NC
-0.3268790472887853,6828977,NC
-0.37686313791265047,6828978,NC
-0.3818472430599695,6828979,NC
-0.3668313627335191,6828980,NC
-0.3068154969360735,6828981,NC
-0.2767996456704044,6828982,NC
-0.2367838089392808,6828983,NC
-0.22676798674546933,6828984,NC
-0.21675217909173405,6828985,NC
-0.2017363859808364,6828986,NC
-0.1917206074155354,6828987,NC
-0.1917048433985874,6828988,NC
-0.20668909393274623,6828989,NC
-0.22167335902076332,6828990,NC
-0.2066576386653874,6828991,NC
-0.20664193286936472,6828992,NC
-0.18162624163543895,6828993,NC
-0.18161056496635125,6828994,NC
-0.18659490286484032,6828995,NC
-0.19657925533364207,6828996,NC
-0.20656362237549009,6828997,NC
-0.20654800399311538,6828998,NC
-0.1915324001892464,6828999,NC
-0.19151681096660894,6829000,NC
-0.19650123632792638,6829001,NC
-0.18648567627591944,6829002,NC
-0.20647013081330642,6829003,NC
-0.19145459994280306,6829004,NC
-0.1714390836671224,6829005,NC
-0.16642358198897508,6829006,NC
-0.19140809491106917,6829007,NC
-0.1963926224361101,6829008,NC
-0.19137716456680082,6829009,NC
-0.19136172130584173,6829010,NC
-0.17634629265593058,6829011,NC
-0.1713308786197628,6829012,NC
-0.17631547920003104,6829013,NC
-0.18130009439942546,6829014,NC
-0.16128472422063372,6829015,NC
-0.1412693686663409,6829016,NC
-0.12125402773922944,6829017,NC
-0.1262387014419794,6829018,NC
-0.1362233897772681,6829019,NC
-0.13620809274777038,6829020,NC
-0.1161928103561586,6829021,NC
-0.1011775426051024,6829022,NC
-0.07116228949726905,6829023,NC
-0.07114705103532311,6829024,NC
-0.06613182722192665,6829025,NC
-0.07611661805973918,6829026,NC
-0.06110142355141761,6829027,NC
-0.05108624369961633,6829028,NC
-0.03607107850698715,6829029,NC
-0.031055927976179384,6829030,NC
-0.016040792109839636,6829031,NC
-0.026025670910612114,6829032,NC
-0.021010564381138366,6829033,NC
0.00900452747594259,6829034,NC
0.02901960465799431,6829035,NC
0.05403466716238292,6829036,NC
0.059049714986477146,6829037,NC
0.05406474812764814,6829038,NC
0.06407976658326975,6829039,NC
0.08409477035071841,6829040,NC
0.10410975942737298,6829041,NC
0.12412473381061498,6829042,NC
0.13413969349782853,6829043,NC
0.11915463848640023,6829044,NC
0.12416956877371932,6829045,NC
0.1441844843571776,6829046,NC
0.17919938523416937,6829047,NC
0.17921427140209154,6829048,NC
0.17422914285834365,6829049,NC
0.17924399960032772,6829050,NC
0.18425884162544834,6829051,NC
0.20927366893111277,6829052,NC
0.21928848151473074,6829053,NC
0.21430327937371463,6829054,NC
0.20431806250547935,6829055,NC
0.19433283090744236,6829056,NC
0.1893475845770237,6829057,NC
0.20436232351164607,6829058,NC
0.22937704770873457,6829059,NC
0.2243917571657171,6829060,NC
0.18940645188002392,6829061,NC
0.15442113184908804,6829062,NC
0.1394357970703449,6829063,NC
0.13945044754123265,6829064,NC
0.14446508325919188,6829065,NC
0.1044797042216659,6829066,NC
0.06449431042610049,6829067,NC
0.01450890186994401,6829068,NC
-0.00047652144935252105,6829069,NC
-0.0004619595343355737,6829070,NC
-0.015447412387549,6829071,NC
-0.0404328800115341,6829072,NC
-0.07041836240882955,6829073,NC
-0.11040385958197156,6829074,NC
-0.12038937153349355,6829075,NC
-0.13037489826592663,6829076,NC
-0.13036043978179912,6829077,NC
-0.15034599608363675,6829078,NC
-0.16033156717396285,6829079,NC
-0.18531715305529806,6829080,NC
-0.1853027537301603,6829081,NC
-0.19528836920106513,6829082,NC
-0.18027399947052536,6829083,NC
-0.19025964454105138,6829084,NC
-0.21524530441515086,6829085,NC
-0.21523097909532893,6829086,NC
-0.2152166685840881,6829087,NC
-0.21520237288392838,6829088,NC
-0.1901880919973471,6829089,NC
-0.19517382592683902,6829090,NC
-0.20515957467489623,6829091,NC
-0.23014533824400857,6829092,NC
-0.22013111663666285,6829093,NC
-0.21511690985534357,6829094,NC
-0.20510271790253254,6829095,NC
-0.20008854078070903,6829096,NC
-0.21507437849234967,6829097,NC
-0.23006023103992848,6829098,NC
-0.21504609842591688,6829099,NC
-0.20503198065278389,6829100,NC
-0.19001787772299578,6829101,NC
-0.18000378963901612,6829102,NC
-0.20498971640330602,6829103,NC
-0.19997565801832407,6829104,NC
-0.21496161448652612,6829105,NC
-0.19494758581036553,6829106,NC
-0.17993357199229287,6829107,NC
-0.17991957303475636,6829108,NC
-0.1849055889402016,6829109,NC
-0.19489161971107144,6829110,NC
-0.1898776653498062,6829111,NC
-0.17986372585884364,6829112,NC
-0.15484980124061884,6829113,NC
-0.16483589149756445,6829114,NC
-0.1748219966321103,6829115,NC
-0.18480811664668378,6829116,NC
-0.1947942515437096,6829117,NC
-0.16478040132560992,6829118,NC
-0.17476656599480433,6829119,NC
-0.15975274555370966,6829120,NC
-0.16973894000474038,6829121,NC
-0.15972514935030813,6829122,NC
-0.1547113735928221,6829123,NC
-0.13469761273468878,6829124,NC
-0.1296838667783121,6829125,NC
-0.12967013572609337,6829126,NC
-0.16465641958043142,6829127,NC
-0.16964271834372227,6829128,NC
-0.14462903201835947,6829129,NC
-0.1296153606067339,6829130,NC
-0.10960170411123392,6829131,NC
-0.10958806253424518,6829132,NC
-0.10957443587815073,6829133,NC
-0.11456082414533117,6829134,NC
-0.11454722733816428,6829135,NC
-0.10453364545902538,6829136,NC
-0.10452007851028715,6829137,NC
-0.0995065264943196,6829138,NC
-0.1044929894134902,6829139,NC
-0.11947946727016377,6829140,NC
-0.12446596006670255,6829141,NC
-0.10445246780546619,6829142,NC
-0.09443899048881164,6829143,NC
-0.09442552811909331,6829144,NC
-0.09941208069866304,6829145,NC
-0.10439864822986995,6829146,NC
-0.10438523071506062,6829147,NC
-0.109371828156579,6829148,NC
-0.07935844055676643,6829149,NC
-0.09434506791796157,6829150,NC
-0.10933171024250066,6829151,NC
-0.11931836753271709,6829152,NC
-0.12430503979094176,6829153,NC
-0.10429172701950301,6829154,NC
-0.08427842922072643,6829155,NC
-0.07426514639693503,6829156,NC
-0.09425187855044928,6829157,NC
-0.10423862568358695,6829158,NC
-0.13422538779866328,6829159,NC
-0.12421216489799076,6829160,NC
-0.09919895698387941,6829161,NC
-0.10918576405863657,6829162,NC
-0.10917258612456691,6829163,NC
-0.11915942318397253,6829164,NC
-0.11414627523915297,6829165,NC
-0.09413314229240499,6829166,NC
-0.08912002434602287,6829167,NC
-0.09910692140229828,6829168,NC
-0.10409383346352016,6829169,NC
-0.13408076053197487,6829170,NC
-0.10406770260994623,6829171,NC
-0.09905465969971532,6829172,NC
-0.08904163180356066,6829173,NC
-0.07402861892375816,6829174,NC
-0.07401562106258106,6829175,NC
-0.07400263822229995,6829176,NC
-0.06898967040518295,6829177,NC
-0.048976717613495396,6829178,NC
-0.0389637798495,6829179,NC
-0.03395085711545702,6829180,NC
-0.0389379494136239,6829181,NC
-0.05892505674625552,6829182,NC
-0.06391217911560419,6829183,NC
-0.05889931652391951,6829184,NC
-0.04388646897344847,6829185,NC
-0.02887363646643551,6829186,NC
-0.02386081900512234,6829187,NC
-0.028848016591748085,6829188,NC
-0.03883522922854926,6829189,NC
-0.02882245691775974,6829190,NC
-0.008809699661610743,6829191,NC
-0.028796957462330866,6829192,NC
-0.033784230322146114,6829193,NC
-0.04377151824327978,6829194,NC
-0.05375882122795267,6829195,NC
-0.03874613927838279,6829196,NC
-0.023733472396785596,6829197,NC
-0.053720820585373974,6829198,NC
-0.038708183846358046,6829199,NC
-0.06869556218194538,6829200,NC
-0.07868295559434092,6829201,NC
-0.06867036408574692,6829202,NC
-0.058657787658363034,6829203,NC
-0.06364522631438631,6829204,NC
-0.07863268005601114,6829205,NC
-0.0836201488854292,6829206,NC
-0.10860763280482966,6829207,NC
-0.09359513181639899,6829208,NC
-0.093582645922321,6829209,NC
-0.08857017512477694,6829210,NC
-0.10855771942594537,6829211,NC
-0.11354527882800215,6829212,NC
-0.12353285333312061,6829213,NC
-0.12352044294347145,6829214,NC
-0.1235080476612226,6829215,NC
-0.12349566748853949,6829216,NC
-0.11848330242758483,6829217,NC
-0.1334709524805187,6829218,NC
-0.13345861764949862,6829219,NC
-0.10844629793667934,6829220,NC
-0.088433993344213,6829221,NC
-0.10842170387424922,6829222,NC
-0.11840942952893482,6829223,NC
-0.1433971703104141,6829224,NC
-0.1433849262208286,6829225,NC
-0.12837269726231731,6829226,NC
-0.12336048343701658,6829227,NC
-0.12834828474706006,6829228,NC
-0.13333610119457873,6829229,NC
-0.14332393278170102,6829230,NC
-0.1633117795105527,6829231,NC
-0.14329964138325685,6829232,NC
-0.11828751840193384,6829233,NC
-0.1382754105687016,6829234,NC
-0.1532633178856752,6829235,NC
-0.15825124035496718,6829236,NC
-0.15823917797868742,6829237,NC
-0.14822713075894306,6829238,NC
-0.12321509869783878,6829239,NC
-0.13320308179747645,6829240,NC
-0.1431910800599553,6829241,NC
-0.158179093487372,6829242,NC
-0.15316712208182054,6829243,NC
-0.11815516584539221,6829244,NC
-0.1131432247801757,6829245,NC
-0.11813129888825702,6829246,NC
-0.12311938817171952,6829247,NC
-0.143107492632644,6829248,NC
-0.1380956122731085,6829249,NC
-0.11308374709518837,6829250,NC
-0.10307189710095646,6829251,NC
-0.07306006229248287,6829252,NC
-0.07804824267183504,6829253,NC
-0.06803643824107779,6829254,NC
-0.028024649002273277,6829255,NC
0.016987125042519022,6829256,NC
0.08699888389124223,6829257,NC
0.15201062754184216,6829258,NC
0.22202235599226733,6829259,NC
0.2920340692404687,6829260,NC
0.36704576728440025,6829261,NC
0.4070574501220182,6829262,NC
0.4370691177512818,6829263,NC
0.4420807701701528,6829264,NC
0.3720924073765955,6829265,NC
0.27710402936857703,6829266,NC
0.19711563614406702,6829267,NC
0.15712722770103793,6829268,NC
0.16713880403746478,6829269,NC
0.21215036515132518,6829270,NC
0.2971619110405996,6829271,NC
0.422173441703271,6829272,NC
0.5171849571373249,6829273,NC
0.62219645734075,6829274,NC
0.712207942311537,6829275,NC
0.7222194120476795,6829276,NC
0.697230866547174,6829277,L
0.6122423058080194,6829278,NC
0.5222537298282174,6829279,NC
0.44226513860577216,6829280,NC
0.3722765321386907,6829281,NC
0.2922879104249828,6829282,NC
0.21229927346266061,6829283,NC
0.09731062124973908,6829284,NC
-0.012678046215764197,6829285,NC
-0.10266672893582889,6829286,NC
-0.16765542691243204,6829287,NC
-0.2476441401475481,6829288,NC
-0.3076328686431487,6829289,NC
-0.35262161240120293,6829290,NC
-0.36261037142367725,6829291,NC
-0.34759914571253525,6829292,NC
-0.3175879352697381,6829293,NC
-0.28757674009724415,6829294,NC
-0.2775655601970092,6829295,NC
-0.26255439557098614,6829296,NC
-0.2525432462211255,6829297,NC
-0.22753211214937488,6829298,NC
-0.19752099335767942,6829299,NC
-0.2025098898479814,6829300,NC
-0.19749880162222067,6829301,NC
-0.19748772868233422,6829302,NC
-0.1924766710302564,6829303,NC
-0.1924656286679189,6829304,NC
-0.17745460159725068,6829305,NC
-0.1724435898201782,6829306,NC
-0.18743259333862514,6829307,NC
-0.2074216121545124,6829308,NC
-0.19241064626975846,6829309,NC
-0.1773996956862789,6829310,NC
-0.16238876040598677,6829311,NC
-0.17237784043079235,6829312,NC
-0.16236693576260328,6829313,NC
-0.17735604640332459,6829314,NC
-0.1773451723548585,6829315,NC
-0.18233431361910468,6829316,NC
-0.16732347019796007,6829317,NC
-0.1573126420933189,6829318,NC
-0.17230182930707286,6829319,NC
-0.17229103184111083,6829320,NC
-0.16728024969731903,6829321,NC
-0.14726948287758101,6829322,NC
-0.11725873138377775,6829323,NC
-0.1322479952177874,6829324,NC
-0.13223727438148553,6829325,NC
-0.1272265688767449,6829326,NC
-0.12221587870543581,6829327,NC
-0.10220520386942573,6829328,NC
-0.08219454437057948,6829329,NC
-0.08718390021075915,6829330,NC
-0.10217327139182429,6829331,NC
-0.08216265791563163,6829332,NC
-0.07715205978403528,6829333,NC
-0.05714147699888662,6829334,NC
-0.03213090956203449,6829335,NC
-0.03712035747532487,6829336,NC
-0.027109820740601184,6829337,NC
-0.037099299359704116,6829338,NC
-0.017088793334471664,6829339,NC
-0.0020783026667391957,6829340,NC
0.017932172641660665,6829341,NC
0.03294263258889798,6829342,NC
0.027953077173145408,6829343,NC
0.022963506392578367,6829344,NC
0.03797392024537499,6829345,NC
0.057984318729715975,6829346,NC
0.08799470184378481,6829347,NC
0.09300506958576765,6829348,NC
0.08301542195385328,6829349,NC
0.08302575894623325,6829350,NC
0.09803608056110176,6829351,NC
0.12804638679665564,6829352,NC
0.13305667765109452,6829353,NC
0.15306695312262064,6829354,NC
0.1530772132094389,6829355,NC
0.14808745790975697,6829356,NC
0.16809768722178517,6829357,NC
0.17810790114373648,6829358,NC
0.19811809967382665,6829359,NC
0.21812828281027405,6829360,NC
0.2181384505512997,6829361,NC
0.2081486028951274,6829362,NC
0.21315873983998362,6829363,NC
0.23816886138409749,6829364,NC
0.2731789675257008,6829365,NC
0.29818905826302816,6829366,NC
0.29819913359431677,6829367,NC
0.30820919351780646,6829368,NC
0.3132192380317399,6829369,NC
0.33322926713436235,6829370,NC
0.3582392808239218,6829371,NC
0.35324927909866893,6829372,NC
0.33825926195685707,6829373,NC
0.32326922939674235,6829374,NC
0.3182791814165835,6829375,NC
0.308289118014642,6829376,NC
0.2982990391891819,6829377,NC
0.2733089449384701,6829378,NC
0.24331883526077608,6829379,NC
0.19832871015437215,6829380,NC
0.16333856961753318,6829381,NC
0.1633484136485368,6829382,NC
0.1533582422456633,6829383,NC
0.12836805540719576,6829384,NC
0.09337785313141979,6829385,NC
0.06338763541662387,6829386,NC
0.03839740226109907,6829387,NC
0.023407153663139182,6829388,NC
0.04341688962104072,6829389,NC
0.003426610133102845,6829390,NC
-0.021563684802372515,6829391,NC
-0.04655399518708081,6829392,NC
-0.05154432102271472,6829393,NC
-0.03153466231096423,6829394,NC
-0.031525019053516706,6829395,NC
-0.036515391252056745,6829396,NC
-0.051505778908266284,6829397,NC
-0.06149618202382444,6829398,NC
-0.07148660060040785,6829399,NC
-0.061477034639690245,6829400,NC
-0.06646748414334276,6829401,NC
-0.056457949113033784,6829402,NC
-0.07144842955042906,6829403,NC
-0.09143892545719154,6829404,NC
-0.09142943683498157,6829405,NC
-0.09141996368545673,6829406,NC
-0.0714105060102719,6829407,NC
-0.08140106381107934,6829408,NC
-0.08139163708952847,6829409,NC
-0.10638222584726609,6829410,NC
-0.10137283008593628,6829411,NC
-0.09636344980718044,6829412,NC
-0.0813540850126372,6829413,NC
-0.07634473570394258,6829414,NC
-0.09633540188272981,6829415,NC
-0.09632608355062942,6829416,NC
-0.10131678070926932,6829417,NC
-0.10630749336027463,6829418,NC
-0.09129822150526776,6829419,NC
-0.10128896514586849,6829420,NC
-0.12627972428369383,6829421,NC
-0.13127049892035803,6829422,NC
-0.1262612890574728,6829423,NC
-0.12125209469664697,6829424,NC
-0.14624291583948673,6829425,NC
-0.13123375248759567,6829426,NC
-0.13122460464257446,6829427,NC
-0.15621547230602117,6829428,NC
-0.16620635547953122,6829429,NC
-0.1561972541646972,6829430,NC
-0.1361881683631091,6829431,NC
-0.13117909807635408,6829432,NC
-0.14117004330601676,6829433,NC
-0.15116100405367883,6829434,NC
-0.1661519803209195,6829435,NC
-0.15114297210931504,6829436,NC
-0.1511339794204392,6829437,NC
-0.15112500225586295,6829438,NC
-0.1561160406171545,6829439,NC
-0.17610709450587947,6829440,NC
-0.19109816392360057,6829441,NC
-0.17608924887187793,6829442,NC
-0.18108034935226905,6829443,NC
-0.1510714653663285,6829444,NC
-0.17106259691560838,6829445,NC
-0.1910537440016578,6829446,NC
-0.2010449066260234,6829447,NC
-0.18603608479024902,6829448,NC
-0.17602727849587568,6829449,NC
-0.1810184877444419,6829450,NC
-0.19600971253748325,6829451,NC
-0.20100095287653283,6829452,NC
-0.2109922087631208,6829453,NC
-0.21098348019877475,6829454,NC
-0.20597476718501945,6829455,NC
-0.20096606972337702,6829456,NC
-0.2259573878153669,6829457,NC
-0.23594872146250567,6829458,NC
-0.2359400706663074,6829459,NC
-0.2259314354282832,6829460,NC
-0.20592281574994165,6829461,NC
-0.22591421163278858,6829462,NC
-0.24090562307832702,6829463,NC
-0.2508970500880574,6829464,NC
-0.2508884926634773,6829465,NC
-0.2508799508060816,6829466,NC
-0.2408714245173626,6829467,NC
-0.23586291379880975,6829468,NC
-0.24085441865190985,6829469,NC
-0.25584593907814684,6829470,NC
-0.2508374750790022,6829471,NC
-0.23582902665595445,6829472,NC
-0.23582059381047948,6829473,NC
-0.24081217654405043,6829474,NC
-0.25080377485813776,6829475,NC
-0.2757953887542091,6829476,NC
-0.28078701823372965,6829477,NC
-0.2607786632981615,6829478,NC
-0.2557703239489643,6829479,NC
-0.24076200018759492,6829480,NC
-0.2607536920155073,6829481,NC
-0.26574539943415293,6829482,NC
-0.2607371224449805,6829483,NC
-0.24072886104943583,6829484,NC
-0.2307206152489622,6829485,NC
-0.22071238504500013,6829486,NC
-0.21570417043898732,6829487,NC
-0.23569597143235888,6829488,NC
-0.23568778802654705,6829489,NC
-0.23567962022298145,6829490,NC
-0.2156714680230889,6829491,NC
-0.21066333142829358,6829492,NC
-0.21565521044001684,6829493,NC
-0.2206471050596775,6829494,NC
-0.21063901528869133,6829495,NC
-0.19563094112847174,6829496,NC
-0.17562288258042913,6829497,NC
-0.17561483964597124,6829498,NC
-0.19560681232650318,6829499,NC
-0.21059880062342726,6829500,NC
-0.21559080453814305,6829501,NC
-0.22058282407204743,6829502,NC
-0.2305748592265346,6829503,NC
-0.21556691000299583,6829504,NC
-0.22055897640281985,6829505,NC
-0.24555105842739267,6829506,NC
-0.2555431560780974,6829507,NC
-0.24553526935631467,6829508,NC
-0.24552739826342213,6829509,NC
-0.24551954280079474,6829510,NC
-0.2605117029698049,6829511,NC
-0.26050387877182224,6829512,NC
-0.28049607020821354,6829513,NC
-0.2854882772803428,6829514,NC
-0.27548049998957147,6829515,NC
-0.27047273833725827,6829516,NC
-0.28046499232475897,6829517,NC
-0.29545726195342686,6829518,NC
-0.3154495472246123,6829519,NC
-0.3104418481396631,6829520,NC
-0.3104341646999241,6829521,NC
-0.3204264969067376,6829522,NC
-0.3304188447614432,6829523,NC
-0.3404112082653776,6829524,NC
-0.3504035874198748,6829525,NC
-0.3303959822262662,6829526,NC
-0.3203883926858803,6829527,NC
-0.34038081880004306,6829528,NC
-0.3303732605700775,6829529,NC
-0.360365717997304,6829530,NC
-0.35035819108304017,6829531,NC
-0.34535067982860096,6829532,NC
-0.3253431842352985,6829533,NC
-0.33033570430444226,6829534,NC
-0.3503282400373389,6829535,NC
-0.36032079143529244,6829536,NC
-0.365313358499604,6829537,NC
-0.35530594123157216,6829538,NC
-0.3452985396324926,6829539,NC
-0.3452911537036583,6829540,NC
-0.3402837834463597,6829541,NC
-0.36027642886188416,6829542,NC
-0.3702690899515165,6829543,NC
-0.3602617667165388,6829544,NC
-0.35525445915823045,6829545,NC
-0.345247167277868,6829546,NC
-0.3452398910767252,6829547,NC
-0.35023263055607323,6829548,NC
-0.3702253857171805,6829549,NC
-0.3702181565613126,6829550,NC
-0.36021094308973234,6829551,NC
-0.3552037453036999,6829552,NC
-0.35019656320447273,6829553,NC
-0.3501893967933055,6829554,NC
-0.3551822460714501,6829555,NC
-0.3601751110401557,6829556,NC
-0.33516799170066874,6829557,NC
-0.340160888054233,6829558,NC
-0.34015380010208934,6829559,NC
-0.34514672784547606,6829560,NC
-0.34513967128562856,6829561,NC
-0.3201326304237796,6829562,NC
-0.3001256052611593,6829563,NC
-0.2851185957989947,6829564,NC
-0.2701116020385103,6829565,NC
-0.25510462398092804,6829566,NC
-0.23009766162746695,6829567,NC
-0.18509071497934315,6829568,NC
-0.12008378403777022,6829569,NC
-0.05007686880395899,6829570,NC
0.01993003072088252,6829571,NC
0.05493691453554904,6829572,NC
0.06994378263883794,6829573,NC
0.08995063502954945,6829574,NC
0.059957471706486506,6829575,NC
0.004964292668454773,6829576,NC
-0.0950289020857373,6829577,NC
-0.19502211255727855,6829578,NC
-0.2750153387473551,6829579,NC
-0.2950085806571503,6829580,NC
-0.2600018382878446,6829581,NC
-0.19499511164061606,6829582,NC
-0.12498840071663964,6829583,NC
-0.02998170551708773,6829584,NC
0.07002497395687007,6829585,NC
0.16003163770406692,6829586,NC
0.21503828572333866,6829587,NC
0.2650449180135239,6829588,NC
0.23505153457346417,6829589,L
0.16505813540200348,6829590,NC
0.09006472049798872,6829591,NC
0.015071289860269524,6829592,NC
-0.04492215651230172,6829593,NC
-0.1099156186208699,6829594,NC
-0.18490909646657713,6829595,NC
-0.2649025900505627,6829596,NC
-0.32489609937396347,6829597,NC
-0.3648896244379131,6829598,NC
-0.4148831652435428,6829599,NC
-0.439876721791981,6829600,NC
-0.4848702940843531,6829601,NC
-0.5298638821217824,6829602,NC
-0.5598574859053886,6829603,NC
-0.5348511054362892,6829604,NC
-0.519844740715599,6829605,NC
-0.4948383917444297,6829606,NC
-0.48483205852389044,6829607,NC
-0.4748257410550877,6829608,NC
-0.45981943933912506,6829609,NC
-0.43481315337710325,6829610,NC
-0.3998068831701205,6829611,NC
-0.39480062871927213,6829612,NC
-0.3997943900256508,6829613,NC
-0.38478816709034636,6829614,NC
-0.3947819599144459,6829615,NC
-0.3697757684990338,6829616,NC
-0.3597695928451916,6829617,NC
-0.35476343295399826,6829618,NC
-0.3697572888265297,6829619,NC
-0.3747511604638594,6829620,NC
-0.36474504786705786,6829621,NC
-0.34473895103719293,6829622,NC
-0.3297328699753297,6829623,NC
-0.30972680468253055,6829624,NC
-0.304720755159855,6829625,NC
-0.32471472140835966,6829626,NC
-0.30470870342909895,6829627,NC
-0.309702701223124,6829628,NC
-0.2996967147914833,6829629,NC
-0.29469074413522267,6829630,NC
-0.27968478925538515,6829631,NC
-0.28467885015301103,6829632,NC
-0.27967292682913786,6829633,NC
-0.25466701928480034,6829634,NC
-0.23466112752103058,6829635,NC
-0.21965525153885773,6829636,NC
-0.20964939133930832,6829637,NC
-0.2146435469234061,6829638,NC
-0.21963771829217205,6829639,NC
-0.19963190544662432,6829640,NC
-0.1796261083877785,6829641,NC
-0.1646203271166472,6829642,NC
-0.14961456163424042,6829643,NC
-0.14460881194156533,6829644,NC
-0.13460307803962637,6829645,NC
-0.10959735992942522,6829646,NC
-0.09959165761196079,6829647,NC
-0.07958597108822922,6829648,NC
-0.06958030035922391,6829649,NC
-0.05957464542593553,6829650,NC
-0.054569006289351935,6829651,NC
-0.024563382950458262,6829652,NC
-0.009557775410236835,6829653,NC
0.010447816330332704,6829654,NC
0.025453392270273545,6829655,NC
0.035458952408611584,6829656,NC
0.04546449674437553,6829657,NC
0.08047002527659682,6829658,NC
0.12047553800430962,6829659,NC
0.13548103492655095,6829660,NC
0.1504865160423605,6829661,NC
0.15549198135078074,6829662,NC
0.16549743085085694,6829663,NC
0.1755028645416371,6829664,NC
0.205508282422172,6829665,NC
0.19551368449151518,6829666,NC
0.20551907074872294,6829667,NC
0.18052444119285432,6829668,NC
0.19552979582297111,6829669,NC
0.21553513463813795,6829670,NC
0.24054045763742216,6829671,NC
0.25554576481989383,6829672,NC
0.28555105618462584,6829673,NC
0.2655563317306938,6829674,NC
0.26056159145717617,6829675,NC
0.2705668353631541,6829676,NC
0.28057206344771146,6829677,NC
0.285577275709935,6829678,NC
0.28558247214891413,6829679,NC
0.2855876527637411,6829680,NC
0.29059281755351085,6829681,NC
0.3255979665173211,6829682,NC
0.3406030996542725,6829683,NC
0.35060821696346817,6829684,NC
0.3406133184440142,6829685,NC
0.3106184040950195,6829686,NC
0.30062347391559546,6829687,NC
0.3056285279048565,6829688,NC
0.3056335660619198,6829689,NC
0.2956385883859051,6829690,NC
0.25564359487593513,6829691,NC
0.21064858553113522,6829692,NC
0.17565356035063356,6829693,NC
0.17565851933356114,6829694,NC
0.16566346247905156,6829695,NC
0.1556683897862413,6829696,NC
0.1406733012542697,6829697,NC
0.09567819688227862,6829698,NC
0.0706830766694129,6829699,NC
0.055687940614820075,6829700,NC
0.04569278871765044,6829701,NC
0.03569762097705705,6829702,NC
0.015702437392195776,6829703,NC
-0.009292762037774835,6829704,NC
-0.02928797731369337,6829705,NC
-0.019283208436395707,6829706,NC
-0.01927845540671491,6829707,NC
-0.019273718225481323,6829708,NC
-0.044268996893522525,6829709,NC
-0.05426429141166321,6829710,NC
-0.05425960178072549,6829711,NC
-0.03925492800152859,6829712,NC
-0.04425027007488898,6829713,NC
-0.05424562800162032,6829714,NC
-0.07424100178253364,6829715,NC
-0.07923639141843705,6829716,NC
-0.08423179691013594,6829717,NC
-0.059227218258432995,6829718,NC
-0.03422265546412803,6829719,NC
-0.039218108528018145,6829720,NC
-0.04421357745089767,6829721,NC
-0.059209062233558124,6829722,NC
-0.07420456287678834,6829723,NC
-0.07920007938137429,6829724,NC
-0.059195611748099175,6829725,NC
-0.06419115997774352,6829726,NC
-0.07418672407108501,6829727,NC
-0.11418230402889853,6829728,NC
-0.08917789985195627,6829729,NC
-0.0841735115410276,6829730,NC
-0.05916913909687915,6829731,NC
-0.06416478252027472,6829732,NC
-0.06916044181197539,6829733,NC
-0.09915611697273945,6829734,NC
-0.10415180800332241,6829735,NC
-0.08414751490447703,6829736,NC
-0.06914323767695331,6829737,NC
-0.05913897632149839,6829738,NC
-0.08913473083885677,6829739,NC
-0.09413050122977007,6829740,NC
-0.08412628749497718,6829741,NC
-0.07412208963521423,6829742,NC
-0.05911790765121451,6829743,NC
-0.04911374154370865,6829744,NC
-0.06410959131342436,6829745,NC
-0.06410545696108673,6829746,NC
-0.07910133848741797,6829747,NC
-0.08909723589313755,6829748,NC
-0.07909314917896221,6829749,NC
-0.07908907834560581,6829750,NC
-0.08908502339377951,6829751,NC
-0.10908098432419172,6829752,NC
-0.104076961137548,6829753,NC
-0.09407295383455117,6829754,NC
-0.08906896241590131,6829755,NC
-0.0790649868822957,6829756,NC
-0.09406102723442879,6829757,NC
-0.10405708347299235,6829758,NC
-0.09905315559867531,6829759,NC
-0.08904924361216383,6829760,NC
-0.05904534751414134,6829761,NC
-0.06404146730528844,6829762,NC
-0.074037602986283,6829763,NC
-0.09903375455780004,6829764,NC
-0.10402992202051191,6829765,NC
-0.0990261053750881,6829766,NC
-0.09402230462219537,6829767,NC
-0.08901851976249765,6829768,NC
-0.09401475079665618,6829769,NC
-0.10901099772532935,6829770,NC
-0.11900726054917277,6829771,NC
-0.10900353926883935,6829772,NC
-0.10399983388497913,6829773,NC
-0.10399614439823943,6829774,NC
-0.11899247080926477,6829775,NC
-0.13398881311869693,6829776,NC
-0.13898517132717486,6829777,NC
-0.14398154543533476,6829778,NC
-0.1289779354438101,6829779,NC
-0.1289743413532314,6829780,NC
-0.14397076316422663,6829781,NC
-0.16396720087742087,6829782,NC
-0.16896365449343637,6829783,NC
-0.16396012401289267,6829784,NC
-0.14395660943640656,6829785,NC
-0.143953110764592,6829786,NC
-0.1489496279980602,6829787,NC
-0.16894616113741956,6829788,NC
-0.17394271018327567,6829789,NC
-0.17393927513623145,6829790,NC
-0.14893585599688694,6829791,NC
-0.1389324527658395,6829792,NC
-0.14892906544368356,6829793,NC
-0.16392569403101098,6829794,NC
-0.17392233852841066,6829795,NC
-0.16891899893646872,6829796,NC
-0.13891567525576867,6829797,NC
-0.15391236748689108,6829798,NC
-0.14390907563041377,6829799,NC
-0.14890579968691192,6829800,NC
-0.1389025396569577,6829801,NC
-0.12889929554112065,6829802,NC
-0.10889606733996751,6829803,NC
-0.1038928550540622,6829804,NC
-0.10888965868396593,6829805,NC
-0.11888647823023699,6829806,NC
-0.1188833136934311,6829807,NC
-0.11388016507410101,6829808,NC
-0.08887703237279679,6829809,NC
-0.09387391559006569,6829810,NC
-0.0988708147264522,6829811,NC
-0.10886772978249804,6829812,NC
-0.10886466075874209,6829813,NC
-0.10386160765572049,6829814,NC
-0.10385857047396661,6829815,NC
-0.09385554921401103,6829816,NC
-0.11385254387638154,6829817,NC
-0.13384955446160318,6829818,NC
-0.1538465809701981,6829819,NC
-0.1438436234026858,6829820,NC
-0.148840681759583,6829821,NC
-0.14383775604140353,6829822,NC
-0.15883484624865848,6829823,NC
-0.17383195238185623,6829824,NC
-0.19382907444150219,6829825,NC
-0.17382621242809929,6829826,NC
-0.1888233663421474,6829827,NC
-0.1788205361841437,6829828,NC
-0.18381772195458265,6829829,NC
-0.1988149236539558,6829830,NC
-0.21881214128275217,6829831,NC
-0.2038093748414576,6829832,NC
-0.1938066243305555,6829833,NC
-0.19880388975052637,6829834,NC
-0.22880117110184794,6829835,NC
-0.223798468384995,6829836,NC
-0.23379578160043984,6829837,NC
-0.22379311074865177,6829838,NC
-0.22379045583009732,6829839,NC
-0.2287878168452404,6829840,NC
-0.2537851937945419,6829841,NC
-0.27378258667846017,6829842,NC
-0.2687799954974506,6829843,NC
-0.24377742025196583,6829844,NC
-0.23877486094245573,6829845,NC
-0.24877231756936746,6829846,NC
-0.2587697901331452,6829847,NC
-0.2787672786342307,6829848,NC
-0.2837647830730625,6829849,NC
-0.2637623034500766,6829850,NC
-0.2387598397657063,6829851,NC
-0.24375739202038182,6829852,NC
-0.24875496021453086,6829853,NC
-0.27875254434857816,6829854,NC
-0.2787501444229459,6829855,NC
-0.26874776043805315,6829856,NC
-0.2537453923943165,6829857,NC
-0.24874304029214964,6829858,NC
-0.2687407041319634,6829859,NC
-0.2737383839141659,6829860,NC
-0.27373607963916247,6829861,NC
-0.2687337913073557,6829862,NC
-0.25373151891914525,6829863,NC
-0.24372926247492827,6829864,NC
-0.24872702197509877,6829865,NC
-0.25872479742004817,6829866,NC
-0.2587225888101652,6829867,NC
-0.2537203961458355,6829868,NC
-0.24371821942744237,6829869,NC
-0.23871605865536583,6829870,NC
-0.24871391382998348,6829871,NC
-0.2637117849516699,6829872,NC
-0.26870967202079715,6829873,NC
-0.2437075750377343,6829874,NC
-0.23870549400284757,6829875,NC
-0.22370342891650058,6829876,NC
-0.22370137977905408,6829877,NC
-0.24369934659086603,6829878,NC
-0.22869732935229162,6829879,NC
-0.19369532806368323,6829880,NC
-0.16369334272539054,6829881,NC
-0.12869137333776032,6829882,NC
-0.10368941990113663,6829883,NC
-0.07368748241586069,6829884,NC
0.02631443911772903,6829885,NC
0.10631634469929681,6829886,NC
0.2263182343285098,6829887,NC
0.30632010800503784,6829888,NC
0.36132196572855374,6829889,NC
0.36632380749873283,6829890,NC
0.35632563331525335,6829891,NC
0.32632744317779644,6829892,NC
0.2663292370860459,6829893,NC
0.22133101503968836,6829894,NC
0.1663327770384132,6829895,NC
0.18133452308191259,6829896,NC
0.23633625316988155,6829897,NC
0.3363379673020178,6829898,NC
0.45133966547802196,6829899,NC
0.5813413476975973,6829900,NC
0.6813430139604499,6829901,NC
0.731344664266289,6829902,NC
0.7413462986148258,6829903,NC
0.7213479170057752,6829904,L
0.6563495194388541,6829905,NC
0.571351105913783,6829906,NC
0.4713526764302845,6829907,NC
0.3713542309880843,6829908,NC
0.2863557695869108,6829909,NC
0.20635729222649518,6829910,NC
0.1163587989065715,6829911,NC
0.011360289626876574,6829912,NC
-0.10363823561285004,6829913,NC
-0.21363677681286597,6829914,NC
-0.3236353339734261,6829915,NC
-0.3786339070947824,6829916,NC
-0.41363249617718423,6829917,NC
-0.44863110122087807,6829918,NC
-0.45362972222610753,6829919,NC
-0.4786283591931134,6829920,NC
-0.45362701212213413,6829921,NC
-0.43862568101340477,6829922,NC
-0.4086243658671579,6829923,NC
-0.3686230666836234,6829924,NC
-0.3486217834630281,6829925,NC
-0.35862051620559615,6829926,NC
-0.34361926491154904,6829927,NC
-0.3436180295811052,6829928,NC
-0.32861681021448064,6829929,NC
-0.3236156068118883,6829930,NC
-0.3386144193735383,6829931,NC
-0.33861324789963826,6829932,NC
-0.34861209239039265,6829933,NC
-0.33361095284600345,6829934,NC
-0.32860982926666965,6829935,NC
-0.3236087216525876,6829936,NC
-0.31860763000395076,6829937,NC
-0.3236065543209498,6829938,NC
-0.32860549460377275,6829939,NC
-0.3236044508526046,6829940,NC
-0.3186034230676278,6829941,NC
-0.3036024112490218,6829942,NC
-0.3086014153969634,6829943,NC
-0.3086004355116266,6829944,NC
-0.3135994715931825,6829945,NC
-0.30859852364179957,6829946,NC
-0.2985975916576433,6829947,NC
-0.2785966756408767,6829948,NC
-0.2835957755916596,6829949,NC
-0.2835948915101493,6829950,NC
-0.2935940233965003,6829951,NC
-0.28859317125086414,6829952,NC
-0.26359233507338975,6829953,NC
-0.25359151486422327,6829954,NC
-0.26359071062350786,6829955,NC
-0.2735899223513841,6829956,NC
-0.2685891500479896,6829957,NC
-0.2535883937134594,6829958,NC
-0.22858765334792558,6829959,NC
-0.21858692895151743,6829960,NC
-0.22858622052436156,6829961,NC
-0.22858552806658172,6829962,NC
-0.2185848515782988,6829963,NC
-0.21358419105963106,6829964,NC
-0.1785835465106939,6829965,NC
-0.18358291793159986,6829966,NC
-0.18358230532245876,6829967,NC
-0.1935817086833776,6829968,NC
-0.1785811280144607,6829969,NC
-0.1585805633158094,6829970,NC
-0.1335800145875224,6829971,NC
-0.12357948182969553,6829972,NC
-0.1085789650424219,6829973,NC
-0.11357846422579174,6829974,NC
-0.10357797937989259,6829975,NC
-0.07857751050480911,6829976,NC
-0.04857705760062324,6829977,NC
-0.043576620667414065,6829978,NC
-0.03857619970525791,6829979,NC
-0.03357579471422838,6829980,NC
-0.0035754056943961415,6829981,NC
0.011424967354170784,6829982,NC
0.03642532443140726,6829983,NC
0.051425665537250885,6829984,NC
0.0464259906716421,6829985,NC
0.04642629983452408,6829986,NC
0.03642659302584283,6829987,NC
0.06142687024554713,6829988,NC
0.09642713149358854,6829989,NC
0.08642737676992143,6829990,NC
0.08642760607450296,6829991,NC
0.09142781940729308,6829992,NC
0.0964280167682545,6829993,NC
0.12142819815735273,6829994,NC
0.13642836357455612,6829995,NC
0.15642851301983574,6829996,NC
0.1514286464931655,6829997,NC
0.1664287639945221,6829998,NC
0.16642886552388497,6829999,NC
0.19142895108123642,6830000,NC
0.20142902066656146,6830001,NC
0.19642907427984796,6830002,NC
0.18642911192108658,6830003,NC
0.16642913359027067,6830004,NC
0.1314291392873965,6830005,NC
0.11642912901246308,6830006,NC
0.11642910276547216,6830007,NC
0.09142906054642837,6830008,NC
0.05642900235533907,6830009,NC
0.04642892819221443,6830010,NC
0.026428838057067375,6830011,NC
0.0014287319499137058,6830012,NC
-0.003571390129228094,6830013,NC
-0.018571528180336666,6830014,NC
-0.04857168220338791,6830015,NC
-0.07857185219835491,6830016,NC
-0.11357203816520794,6830017,NC
-0.11357224010391458,6830018,NC
-0.1285724580144395,6830019,NC
-0.14357269189674465,6830020,NC
-0.1285729417507892,6830021,NC
-0.12857320757652946,6830022,NC
-0.14857348937391898,6830023,NC
-0.1485737871429086,6830024,NC
-0.13857410088344624,6830025,NC
-0.1235744305954771,6830026,NC
-0.1335747762789436,6830027,NC
-0.15857513793378536,6830028,NC
-0.16857551555993916,6830029,NC
-0.16357590915733905,6830030,NC
-0.1535763187259163,6830031,NC
-0.1485767442655993,6830032,NC
-0.1435771857763138,6830033,NC
-0.1585776432579826,6830034,NC
-0.1785781167105258,6830035,NC
-0.1585786061338607,6830036,NC
-0.1435791115279018,6830037,NC
-0.14857963289256076,6830038,NC
-0.15358017022774662,6830039,NC
-0.1735807235333654,6830040,NC
-0.1685812928093205,6830041,NC
-0.15358187805551238,6830042,NC
-0.14358247927183893,6830043,NC
-0.15358309645819507,6830044,NC
-0.14858372961447291,6830045,NC
-0.16358437874056198,6830046,NC
-0.17858504383634877,6830047,NC
-0.15858572490171713,6830048,NC
-0.14358642193654808,6830049,NC
-0.1385871349407199,6830050,NC
-0.15358786391410795,6830051,NC
-0.16858860885658494,6830052,NC
-0.1635893697680207,6830053,NC
-0.1535901466482823,6830054,NC
-0.15359093949723407,6830055,NC
-0.13859174831473747,6830056,NC
-0.14859257310065122,6830057,NC
-0.15859341385483122,6830058,NC
-0.17359427057713062,6830059,NC
-0.1635951432673997,6830060,NC
-0.1485960319254861,6830061,NC
-0.14359693655123446,6830062,NC
-0.14359785714448686,6830063,NC
-0.15359879370508245,6830064,NC
-0.15859974623285755,6830065,NC
-0.16360071472764584,6830066,NC
-0.1686016991892781,6830067,NC
-0.15360269961758233,6830068,NC
-0.16860371601238383,6830069,NC
-0.17360474837350498,6830070,NC
-0.1986057967007654,6830071,NC
-0.18360686099398205,6830072,NC
-0.17360794125296894,6830073,NC
-0.16360903747753736,6830074,NC
-0.17361014966749588,6830075,NC
-0.1886112778226501,6830076,NC
-0.19361242194280295,6830077,NC
-0.1886135820277547,6830078,NC
-0.17861475807730254,6830079,NC
-0.15861595009124105,6830080,NC
-0.17361715806936204,6830081,NC
-0.18361838201145447,6830082,NC
-0.18861962191730447,6830083,NC
-0.1886208777866955,6830084,NC
-0.16862214961940813,6830085,NC
-0.15862343741522023,6830086,NC
-0.1736247411739068,6830087,NC
-0.17862606089524008,6830088,NC
-0.19362739657898947,6830089,NC
-0.1836287482249218,6830090,NC
-0.17363011583280075,6830091,NC
-0.15863149940238752,6830092,NC
-0.1736328989334404,6830093,NC
-0.18863431442571488,6830094,NC
-0.2036357458789636,6830095,NC
-0.19863719329293666,6830096,NC
-0.18363865666738116,6830097,NC
-0.1736401360020414,6830098,NC
-0.18364163129665897,6830099,NC
-0.1986431425509726,6830100,NC
-0.2086446697647184,6830101,NC
-0.1936462129376295,6830102,NC
-0.17864777206943644,6830103,NC
-0.16864934715986662,6830104,NC
-0.1836509382086451,6830105,NC
-0.19365254521549374,6830106,NC
-0.19865416818013198,6830107,NC
-0.17865580710227624,6830108,NC
-0.17865746198164018,6830109,NC
-0.1636591328179347,6830110,NC
-0.16866081961086798,6830111,NC
-0.19366252236014528,6830112,NC
-0.19366424106546917,6830113,NC
-0.16366597572653946,6830114,NC
-0.128667726343053,6830115,NC
-0.11866949291470405,6830116,NC
-0.12367127544118399,6830117,NC
-0.1286730739221814,6830118,NC
-0.13367488835738212,6830119,NC
-0.12867671874646916,6830120,NC
-0.11367856508912279,6830121,NC
-0.10868042738502047,6830122,NC
-0.12368230563383681,6830123,NC
-0.12368419983524376,6830124,NC
-0.11868610998891038,6830125,NC
-0.11368803609450298,6830126,NC
-0.08368997815168512,6830127,NC
-0.06369193616011751,6830128,NC
-0.07869391011945809,6830129,NC
-0.093695900029362,6830130,NC
-0.10869790588948168,6830131,NC
-0.10869992769946667,6830132,NC
-0.11370196545896376,6830133,NC
-0.10370401916761704,6830134,NC
-0.12870608882506768,6830135,NC
-0.15370817443095414,6830136,NC
-0.15371027598491205,6830137,NC
-0.15371239348657434,6830138,NC
-0.13871452693557107,6830139,NC
-0.14871667633152952,6830140,NC
-0.15371884167407424,6830141,NC
-0.18372102296282697,6830142,NC
-0.20372322019740657,6830143,NC
-0.19372543337742926,6830144,NC
-0.18872766250250847,6830145,NC
-0.16872990757225467,6830146,NC
-0.17373216858627571,6830147,NC
-0.1937344455441766,6830148,NC
-0.20873673844555962,6830149,NC
-0.20373904729002415,6830150,NC
-0.2037413720771669,6830151,NC
-0.2037437128065817,6830152,NC
-0.21374606947785968,6830153,NC
-0.23374844209058912,6830154,NC
-0.21375083064435554,6830155,NC
-0.21375323513874167,6830156,NC
-0.2037556555733275,6830157,NC
-0.19375809194769017,6830158,NC
-0.20876054426140406,6830159,NC
-0.2287630125140408,6830160,NC
-0.24376549670516914,6830161,NC
-0.23876799683435512,6830162,NC
-0.218770512901162,6830163,NC
-0.2137730449051503,6830164,NC
-0.2087755928458776,6830165,NC
-0.22877815672289886,6830166,NC
-0.21878073653576613,6830167,NC
-0.21378333228402877,6830168,NC
-0.21378594396723333,6830169,NC
-0.20378857158492353,6830170,NC
-0.2087912151366404,6830171,NC
-0.21379387462192206,6830172,NC
-0.22379655004030397,6830173,NC
-0.2237992413913187,6830174,NC
-0.20380194867449614,6830175,NC
-0.2038046718893633,6830176,NC
-0.21880741103544454,6830177,NC
-0.22881016611226124,6830178,NC
-0.23881293711933216,6830179,NC
-0.21881572405617322,6830180,NC
-0.21381852692229755,6830181,NC
-0.20382134571721552,6830182,NC
-0.2038241804404347,6830183,NC
-0.2238270310914599,6830184,NC
-0.2138298976697931,6830185,NC
-0.20383278017493356,6830186,NC
-0.16883567860637771,6830187,NC
-0.15383859296361918,6830188,NC
-0.1438415232461489,6830189,NC
-0.14384446945345497,6830190,NC
-0.12384743158502268,6830191,NC
-0.09885040964033459,6830192,NC
-0.013853403618870413,6830193,NC
0.08114358647989285,6830194,NC
0.166140560656481,6830195,NC
0.23113751891142267,6830196,NC
0.3061344612452492,6830197,NC
0.3761313876584947,6830198,NC
0.42612829815169617,6830199,NC
0.41612519272539333,6830200,NC
0.36112207138012864,6830201,NC
0.2911189341164474,6830202,NC
0.24111578093489763,6830203,NC
0.22611261183603026,6830204,NC
0.2761094268203988,6830205,NC
0.36610622588855973,6830206,NC
0.4661030090410722,6830207,NC
0.5860997762784982,6830208,NC
0.7160965276014024,6830209,NC
0.8210932630103523,6830210,NC
0.8960899825059185,6830211,NC
0.8910866860886737,6830212,L
0.8110833737591938,6830213,NC
0.7010800455180578,6830214,NC
0.5710767013658468,6830215,NC
0.46107334130314503,6830216,NC
0.35606996533053953,6830217,NC
0.26606657344862006,6830218,NC
0.14106316565797916,6830219,NC
-0.003940258040787861,6830220,NC
-0.13394369764708292,6830221,NC
-0.2539471531603051,6830222,NC
-0.35395062457985077,6830223,NC
-0.40395411190511354,6830224,NC
-0.44895761513548416,6830225,NC
-0.49396113427035054,6830226,NC
-0.5039646693090981,6830227,NC
-0.49396822025110915,6830228,NC
-0.4389717870957635,6830229,NC
-0.4189753698424379,6830230,NC
-0.38397896849050644,6830231,NC
-0.39398258303934064,6830232,NC
-0.37898621348830897,6830233,NC
-0.3589898598367772,6830234,NC
-0.32899352208410837,6830235,NC
-0.32399720022966266,6830236,NC
-0.32900089427279755,6830237,NC
-0.35400460421286783,6830238,NC
-0.34900833004922516,6830239,NC
-0.35901207178121886,6830240,NC
-0.34401582940819514,6830241,NC
-0.33401960292949767,6830242,NC
-0.3390233923444672,6830243,NC
-0.3540271976524417,6830244,NC
-0.37903101885275653,6830245,NC
-0.35903485594474405,6830246,NC
-0.34403870892773397,6830247,NC
-0.3390425778010532,6830248,NC
-0.3440464625640259,6830249,NC
-0.33905036321597337,6830250,NC
-0.3340542797562142,6830251,NC
-0.3240582121840643,6830252,NC
-0.3040621604988366,6830253,NC
-0.2840661246998414,6830254,NC
-0.28407010478638606,6830255,NC
-0.28407410075777545,6830256,NC
-0.3190781126133114,6830257,NC
-0.2990821403522932,6830258,NC
-0.2740861839740171,6830259,NC
-0.27409024347777666,6830260,NC
-0.27909431886286284,6830261,NC
-0.2840984101285637,6830262,NC
-0.2791025172741644,6830263,NC
-0.27410664029894755,6830264,NC
-0.23411077920219284,6830265,NC
-0.21411493398317724,6830266,NC
-0.21911910464117496,6830267,NC
-0.2341232911754574,6830268,NC
-0.24912749358529324,6830269,NC
-0.20413171186994822,6830270,NC
-0.19413594602868556,6830271,NC
-0.17414019606076558,6830272,NC
-0.15414446196544573,6830273,NC
-0.1641487437419809,6830274,NC
-0.154153041389623,6830275,NC
-0.1341573549076213,6830276,NC
-0.10916168429522226,6830277,NC
-0.09916602955166953,6830278,NC
-0.09917039067620409,6830279,NC
-0.10417476766806404,6830280,NC
-0.07917916052648474,6830281,NC
-0.05918356925069877,6830282,NC
-0.034187993839935996,6830283,NC
-0.004192434293423475,6830284,NC
0.01080310938961454,6830285,NC
-0.004201362790043489,6830286,NC
0.0007941491683837315,6830287,NC
0.015789645265680177,6830288,NC
0.03578512550263271,6830289,NC
0.06578058988003088,6830290,NC
0.06577603839866702,6830291,NC
0.060771471059336266,6830292,NC
0.07076688786283648,6830293,NC
0.09076228880996833,6830294,NC
0.11575767390153521,6830295,NC
0.12575304313834335,6830296,NC
0.1407483965212017,6830297,NC
0.14074373405092194,6830298,NC
0.1307390557283187,6830299,NC
0.14073436155420915,6830300,NC
0.17072965152941336,6830301,NC
0.16572492565475413,6830302,NC
0.17072018393105703,6830303,NC
0.17571542635915047,6830304,NC
0.17071065293986548,6830305,NC
0.160705863674036,6830306,NC
0.16070105856249864,6830307,NC
0.17569623760609288,6830308,NC
0.14569140080566084,6830309,NC
0.08068654816204754,6830310,NC
0.040681679676100674,6830311,NC
0.000676795348670739,6830312,NC
-0.004328104819389028,6830313,NC
-0.004333020827222561,6830314,NC
-0.03433795267397109,6830315,NC
-0.06434290035877306,6830316,NC
-0.10934786388076412,6830317,NC
-0.1293528432390772,6830318,NC
-0.1443578384328424,6830319,NC
-0.15936284946118714,6830320,NC
-0.17936787632323603,6830321,NC
-0.20437291901811083,6830322,NC
-0.21437797754493076,6830323,NC
-0.20938305190281198,6830324,NC
-0.1943881420908681,6830325,NC
-0.20939324810820992,6830326,NC
-0.22939836995394544,6830327,NC
-0.25940350762717984,6830328,NC
-0.2544086611270157,6830329,NC
-0.2544138304525527,6830330,NC
-0.2394190156028878,6830331,NC
-0.2394242165771152,6830332,NC
-0.22442943337432625,6830333,NC
-0.22443466599360967,6830334,NC
-0.23443991443405138,6830335,NC
-0.22444517869473446,6830336,NC
-0.2244504587747393,6830337,NC
-0.20945575467314348,6830338,NC
-0.23446106638902192,6830339,NC
-0.24946639392144665,6830340,NC
-0.2694717372694869,6830341,NC
-0.2594770964322094,6830342,NC
-0.24948247140867785,6830343,NC
-0.24948786219795327,6830344,NC
-0.2494932687990939,6830345,NC
-0.24949869121115525,6830346,NC
-0.26450412943319007,6830347,NC
-0.23950958346424844,6830348,NC
-0.2195150533033774,6830349,NC
-0.19952053894962152,6830350,NC
-0.18952604040202253,6830351,NC
-0.18953155765961927,6830352,NC
-0.18453709072144792,6830353,NC
-0.17954263958654193,6830354,NC
-0.19954820425393188,6830355,NC
-0.19455378472264578,6830356,NC
-0.19455938099170866,6830357,NC
-0.19456499306014297,6830358,NC
-0.21957062092696827,6830359,NC
-0.2195762645912014,6830360,NC
-0.21458192405185644,6830361,NC
-0.20958759930794474,6830362,NC
-0.2095932903584749,6830363,NC
-0.2195989972024527,6830364,NC
-0.21460471983888124,6830365,NC
-0.19961045826676072,6830366,NC
-0.17961621248508874,6830367,NC
-0.16462198249286003,6830368,NC
-0.16462776828906667,6830369,NC
-0.1696335698726979,6830370,NC
-0.1846393872427402,6830371,NC
-0.18464522039817732,6830372,NC
-0.17465106933799024,6830373,NC
-0.1496569340611572,6830374,NC
-0.13966281456665372,6830375,NC
-0.14966871085345243,6830376,NC
-0.14467462292052335,6830377,NC
-0.14968055076683368,6830378,NC
-0.12968649439134783,6830379,NC
-0.10969245379302751,6830380,NC
-0.12469842897083161,6830381,NC
-0.14470441992371635,6830382,NC
-0.1397104266506352,6830383,NC
-0.11971644915053871,6830384,NC
-0.09972248742237487,6830385,NC
-0.0897285414650888,6830386,NC
-0.09473461127762291,6830387,NC
-0.10974069685891687,6830388,NC
-0.1147467982079075,6830389,NC
-0.149752915323529,6830390,NC
-0.12475904820471274,6830391,NC
-0.12476519685038734,6830392,NC
-0.12477136125947866,6830393,NC
-0.12977754143090983,6830394,NC
-0.12978373736360124,6830395,NC
-0.12478994905647044,6830396,NC
-0.11979617650843234,6830397,NC
-0.12980241971839904,6830398,NC
-0.11980867868527986,6830399,NC
-0.10481495340798147,6830400,NC
-0.11482124388540763,6830401,NC
-0.09482755011645949,6830402,NC
-0.08983387210003538,6830403,NC
-0.09484020983503089,6830404,NC
-0.09484656332033886,6830405,NC
-0.1048529325548494,6830406,NC
-0.10485931753744981,6830407,NC
-0.08986571826702469,6830408,NC
-0.07487213474245591,6830409,NC
-0.054878566962622485,6830410,NC
-0.03488501492640082,6830411,NC
-0.0448914786326645,6830412,NC
-0.0498979580802843,6830413,NC
-0.04490445326812831,6830414,NC
-0.03991096419506189,6830415,NC
-0.029917490859947618,6830416,NC
-0.034924033261645324,6830417,NC
-0.04493059139901216,6830418,NC
-0.03993716527090235,6830419,NC
-0.019943754876167535,6830420,NC
4.963978634342503e-05,6830421,NC
0.03004301871778446,6830422,NC
0.02503638191931222,6830423,NC
0.015029729392086133,6830424,NC
0.015023061137268312,6830425,NC
0.005016377156023669,6830426,NC
0.015009677449519879,6830427,NC
0.02000296201892729,6830428,NC
0.019996230865419073,6830429,NC
0.004989483990171087,6830430,NC
0.004982721394362011,6830431,NC
-0.010024056920826793,6830432,NC
-3.085095421120898e-05,6830433,NC
0.014962339295395644,6830434,NC
-4.4486170816621096e-05,6830435,NC
-0.030051327351655666,6830436,NC
-0.040058184245926345,6830437,NC
-0.03506505685243079,6830438,NC
-0.020071945169968436,6830439,NC
-0.01007884919733594,6830440,NC
-0.015085768933327193,6830441,NC
-0.025092704376733388,6830442,NC
-0.035099655526342935,6830443,NC
-0.04510662238094153,6830444,NC
-0.03511360493931208,6830445,NC
-0.025120603200234806,6830446,NC
-0.045127617162487185,6830447,NC
-0.06513464682484384,6830448,NC
-0.08514169218607678,6830449,NC
-0.07514875324495526,6830450,NC
-0.05515583000024571,6830451,NC
-0.04516292245071192,6830452,NC
-0.05017003059511484,6830453,NC
-0.07017715443221276,6830454,NC
-0.08018429396076117,6830455,NC
-0.09019144917951281,6830456,NC
-0.055198620087217765,6830457,NC
-0.04020580668262333,6830458,NC
-0.05021300896447403,6830459,NC
-0.07022022693151167,6830460,NC
-0.08522746058247531,6830461,NC
-0.0852347099161013,6830462,NC
-0.07524197493112329,6830463,NC
-0.04524925562627202,6830464,NC
-0.045256552000275646,6830465,NC
-0.045263864051859545,6830466,NC
-0.05527119177974632,6830467,NC
-0.035278535182655946,6830468,NC
-0.0452858942593055,6830469,NC
-0.04029326900840943,6830470,NC
-0.08030065942867945,6830471,NC
-0.10030806551882443,6830472,NC
-0.10031548727755063,6830473,NC
-0.07532292470356149,6830474,NC
-0.050330377795557754,6830475,NC
-0.03033784655223741,6830476,NC
-0.04034533097229573,6830477,NC
-0.05535283105442522,6830478,NC
-0.04536034679731571,6830479,NC
-0.0353678781996542,6830480,NC
-0.03537542526012501,6830481,NC
-0.010382987977409719,6830482,NC
-0.005390566350187184,6830483,NC
-0.0003981603771334996,6830484,NC
-0.00040577005692205015,6830485,NC
0.044586604611776506,6830486,NC
0.0845789636302943,6830487,NC
0.15957130699996613,6830488,NC
0.23456363472212954,6830489,NC
0.3095559467981249,6830490,NC
0.37454824322929514,6830491,NC
0.4695405240169862,6830492,NC
0.5295327891625463,6830493,NC
0.569525038667327,6830494,NC
0.5445172725326819,6830495,NC
0.45950949075996794,6830496,NC
0.3695016933505445,6830497,NC
0.3194938803057737,6830498,NC
0.30948605162702036,6830499,NC
0.33947820731565226,6830500,NC
0.4194703473730397,6830501,NC
0.5044624718005556,6830502,NC
0.619454580599576,6830503,NC
0.7294466737714793,6830504,NC
0.8594387513176467,6830505,NC
0.9144308132394624,6830506,NC
0.8744228595383131,6830507,L
0.794414890215588,6830508,NC
0.6894069052726797,6830509,NC
0.5993989047109827,6830510,NC
0.514390888531895,6830511,NC
0.4293828567368167,6830512,NC
0.319374809327151,6830513,NC
0.1843667463043038,6830514,NC
0.0643586676696836,6830515,NC
-0.0456494265752984,6830516,NC
-0.12065753642922804,6830517,NC
-0.16066566189068865,6830518,NC
-0.19567380295826078,6830519,NC
-0.22068195963052223,6830520,NC
-0.22569013190604809,6830521,NC
-0.19569831978341073,6830522,NC
-0.16070652326117976,6830523,NC
-0.11071474233792208,6830524,NC
-0.09072297701220186,6830525,NC
-0.0807312272825806,6830526,NC
-0.09073949314761699,6830527,NC
-0.0807477746058671,6830528,NC
-0.05575607165588413,6830529,NC
-0.04076438429621872,6830530,NC
-0.055772712525418655,6830531,NC
-0.0757810563420291,6830532,NC
-0.08578941574459237,6830533,NC
-0.07579779073164826,6830534,NC
-0.06580618130173357,6830535,NC
-0.05581458745338258,6830536,NC
-0.060823009185126814,6830537,NC
-0.07083144649549504,6830538,NC
-0.08083989938301336,6830539,NC
-0.050848367846205014,6830540,NC
-0.02585685188359066,6830541,NC
-0.020865351493688192,6830542,NC
-0.035873866675012814,6830543,NC
-0.040882397426076966,6830544,NC
-0.05089094374539037,6830545,NC
-0.045899505631460044,6830546,NC
-0.020908083082790282,6830547,NC
-0.010916676097882688,6830548,NC
-0.005925284675236092,6830549,NC
-0.015933908813346637,6830550,NC
-0.0059425485107077874,6830551,NC
0.004048796234189828,6830552,NC
0.019040125422858198,6830553,NC
0.029031439056812047,6830554,NC
0.03902273713756882,6830555,NC
0.039014019666648705,6830556,NC
0.03400528664557453,6830557,NC
0.05399653807587196,6830558,NC
0.0689877739590693,6830559,NC
0.08397899429669757,6830560,NC
0.0839701990902905,6830561,NC
0.0689613883413846,6830562,NC
0.068952562051519,6830563,NC
0.08394372022223565,6830564,NC
0.11393486285507909,6830565,NC
0.1439259899515967,6830566,NC
0.14891710151333848,6830567,NC
0.1539081975418572,6830568,NC
0.16389927803870827,6830569,NC
0.17889034300544995,6830570,NC
0.20388139244364312,6830571,NC
0.20887242635485134,6830572,NC
0.23386344474064094,6830573,NC
0.23885444760258098,6830574,NC
0.23884543494224314,6830575,NC
0.2588364067612019,6830576,NC
0.2788273630610345,6830577,NC
0.29381830384332064,6830578,NC
0.3088092291096431,6830579,NC
0.27880013886158705,6830580,NC
0.2887910331007405,6830581,NC
0.31378191182869425,6830582,NC
0.3387727750470416,6830583,NC
0.36876362275737884,6830584,NC
0.3737544549613046,6830585,NC
0.3987452716604207,6830586,NC
0.38873607285633116,6830587,NC
0.42372685855064307,6830588,NC
0.4487176287449661,6830589,NC
0.47870838344091265,6830590,NC
0.48869912264009774,6830591,NC
0.5036898463441393,6830592,NC
0.5036805545546575,6830593,NC
0.5236712472732761,6830594,NC
0.5436619245016207,6830595,NC
0.5686525862413198,6830596,NC
0.568643232494005,6830597,NC
0.5436338632613101,6830598,NC
0.5286244785448722,6830599,NC
0.5186150783463302,6830600,NC
0.5036056626673268,6830601,NC
0.4685962315095065,6830602,NC
0.44858678487451703,6830603,NC
0.4235773227640086,6830604,NC
0.3985678451796341,6830605,NC
0.37355835212304933,6830606,NC
0.3785488435959127,6830607,NC
0.3635393195998851,6830608,NC
0.31852978013663047,6830609,NC
0.2985202252078151,6830610,NC
0.27851065481510845,6830611,NC
0.27350106896018217,6830612,NC
0.258491467644711,6830613,NC
0.2634818508703721,6830614,NC
0.23847221863884555,6830615,NC
0.228462570951814,6830616,NC
0.2184529078109628,6830617,NC
0.20344322921798008,6830618,NC
0.20343353517455662,6830619,NC
0.21342382568238588,6830620,NC
0.19341410074316412,6830621,NC
0.1884043603585901,6830622,NC
0.1883946045303655,6830623,NC
0.18338483326019456,6830624,NC
0.19837504654978422,6830625,NC
0.22336524440084427,6830626,NC
0.20335542681508695,6830627,NC
0.17834559379422735,6830628,NC
0.1733357453399833,6830629,NC
0.18332588145407522,6830630,NC
0.2033160021382263,6830631,NC
0.21830610739416229,6830632,NC
0.20329619722361186,6830633,NC
0.18828627162830616,6830634,NC
0.17827633060997916,6830635,NC
0.19326637417036752,6830636,NC
0.1982564023112105,6830637,NC
0.21324641503425013,6830638,NC
0.21323641234123114,6830639,NC
0.18322639423390094,6830640,NC
0.18821636071400963,6830641,NC
0.19320631178330996,6830642,NC
0.20819624744355747,6830643,NC
0.2231861676965103,6830644,NC
0.2281760725439293,6830645,NC
0.213165961987578,6830646,NC
0.18815583602922276,6830647,NC
0.1881456946706324,6830648,NC
0.19813553791357863,6830649,NC
0.22312536575983571,6830650,NC
0.21811517821118065,6830651,NC
0.20810497526939317,6830652,NC
0.19809475693625567,6830653,NC
0.2030845232135532,6830654,NC
0.22807427410307352,6830655,NC
0.238064009606607,6830656,NC
0.24305372972594697,6830657,NC
0.19804343446288913,6830658,NC
0.20303312381923205,6830659,NC
0.20302279779677684,6830660,NC
0.21801245639732747,6830661,NC
0.23300209962269047,6830662,NC
0.22799172747467517,6830663,NC
0.21298133995509336,6830664,NC
0.20297093706575986,6830665,NC
0.21296051880849184,6830666,NC
0.2229500851851094,6830667,NC
0.23793963619743516,6830668,NC
0.22792917184729455,6830669,NC
0.21791869213651555,6830670,NC
0.20290819706692892,6830671,NC
0.20289768664036809,6830672,NC
0.2178871608586691,6830673,NC
0.24287661972367086,6830674,NC
0.22286606323721475,6830675,NC
0.22285549140114497,6830676,NC
0.18284490421730826,6830677,NC
0.1978343016875542,6830678,NC
0.20782368381373495,6830679,NC
0.2328130505977054,6830680,NC
0.23280240204132308,6830681,NC
0.21779173814644828,6830682,NC
0.20278105891494386,6830683,NC
0.2077703643486754,6830684,NC
0.21775965444951123,6830685,NC
0.2127489292193222,6830686,NC
0.22773818865998205,6830687,NC
0.202727432773367,6830688,NC
0.19771666156135606,6830689,NC
0.20770587502583082,6830690,NC
0.22269507316867576,6830691,NC
0.24268425599177781,6830692,NC
0.23267342349702663,6830693,NC
0.2126625756863147,6830694,NC
0.2026517125615369,6830695,NC
0.21264083412459106,6830696,NC
0.22262994037737752,6830697,NC
0.22761903132179934,6830698,NC
0.22760810695976227,6830699,NC
0.21759716729317474,6830700,NC
0.20758621232394786,6830701,NC
0.22257524205399531,6830702,NC
0.22756425648523362,6830703,NC
0.25755325561958187,6830704,NC
0.24754223945896173,6830705,NC
0.25253120800529777,6830706,NC
0.262520161260517,6830707,NC
0.2825090992265494,6830708,NC
0.28249802190532725,6830709,NC
0.29748692929878573,6830710,NC
0.28747582140886274,6830711,NC
0.28246469823749865,6830712,NC
0.28745355978663667,6830713,NC
0.29244240605822247,6830714,NC
0.3074312370542047,6830715,NC
0.3274200527765345,6830716,NC
0.3324088532271656,6830717,NC
0.30739763840805456,6830718,NC
0.3073864083211605,6830719,NC
0.33237516296844516,6830720,NC
0.3323639023518732,6830721,NC
0.3323526264734116,6830722,NC
0.3273413353350303,6830723,NC
0.31233002893870176,6830724,NC
0.28731870728640113,6830725,NC
0.2873073703801062,6830726,NC
0.2872960182217974,6830727,NC
0.307284650813458,6830728,NC
0.2972732681570738,6830729,NC
0.2772618702546332,6830730,NC
0.2722504571081274,6830731,NC
0.2672390287195501,6830732,NC
0.26722758509089783,6830733,NC
0.2772161262241698,6830734,NC
0.28220465212136764,6830735,NC
0.2671931627844959,6830736,NC
0.26218165821556166,6830737,NC
0.2521701384165747,6830738,NC
0.26715860338954744,6830739,NC
0.26714705313649495,6830740,NC
0.2821354876594351,6830741,NC
0.2671239069603881,6830742,NC
0.2321123110413772,6830743,NC
0.242100699904428,6830744,NC
0.237089073551569,6830745,NC
0.2520774319848312,6830746,NC
0.2570657752062483,6830747,NC
0.25705410321785666,6830748,NC
0.2420424160216952,6830749,NC
0.2470307136198058,6830750,NC
0.25201899601423267,6830751,NC
0.26200726320702283,6830752,NC
0.2569955152002259,6830753,NC
0.23698375199589417,6830754,NC
0.22697197359608262,6830755,NC
0.22196018000284884,6830756,NC
0.24694837121825308,6830757,NC
0.2569365472443583,6830758,NC
0.26192470808323,6830759,NC
0.2419128537369365,6830760,NC
0.22690098420754856,6830761,NC
0.24688909949713977,6830762,NC
0.2568771996077863,6830763,NC
0.26686528454156705,6830764,NC
0.2618533543005634,6830765,NC
0.2568414088868596,6830766,NC
0.23682944830254218,6830767,NC
0.2518174725497009,6830768,NC
0.25180548163042765,6830769,NC
0.2567934755468172,6830770,NC
0.256781454300967,6830771,NC
0.2417694178949769,6830772,NC
0.2517573663309498,6830773,NC
0.2717452996109909,6830774,NC
0.2717332177372082,6830775,NC
0.29172112071171236,6830776,NC
0.2817090085366166,6830777,NC
0.27669688121403685,6830778,NC
0.2766847387460916,6830779,NC
0.30167258113490225,6830780,NC
0.3366604083825925,6830781,NC
0.38664822049128883,6830782,NC
0.4266360174631205,6830783,NC
0.46662379930021924,6830784,NC
0.5466115660047194,6830785,NC
0.6565993175787581,6830786,NC
0.7665870540244752,6830787,NC
0.8515747753440129,6830788,NC
0.8865624815395164,6830789,NC
0.856550172613133,6830790,NC
0.7965378485670133,6830791,NC
0.7215255094033101,6830792,NC
0.6965131551241789,6830793,NC
0.7365007857317781,6830794,NC
0.8164884012282684,6830795,NC
0.9464760016158134,6830796,NC
1.081463586896579,6830797,NC
1.2364511570727341,6830798,NC
1.3164387121464505,6830799,NC
1.3264262521199015,6830800,L
1.2564137769952644,6830801,NC
1.1264012867747182,6830802,NC
0.996388781460445,6830803,NC
0.8863762610546292,6830804,NC
0.7813637255594582,6830805,NC
0.6663511749771219,6830806,NC
0.5213386093098128,6830807,NC
0.37132602855972596,6830808,NC
0.25131343272905915,6830809,NC
0.1463008218200128,6830810,NC
0.09628819583478995,6830811,NC
0.07127555477559629,6830812,NC
0.0762628986446401,6830813,NC
0.0862502274441323,6830814,NC
0.11123754117628654,6830815,NC
0.141224839843319,6830816,NC
0.17121212344744852,6830817,NC
0.2061993919908965,6830818,NC
0.22618664547588715,6830819,NC
0.21617388390464706,6830820,NC
0.21116110727940574,6830821,NC
0.2111483156023951,6830822,NC
0.23113550887584983,6830823,NC
0.2461226871020071,6830824,NC
0.2211098502831068,6830825,NC
0.2210969984213915,6830826,NC
0.22608413151910625,6830827,NC
0.23607124957849884,6830828,NC
0.24605835260181969,6830829,NC
0.2560454405913218,6830830,NC
0.2560325135492608,6830831,NC
0.2210195714778949,6830832,NC
0.2460066143794851,6830833,NC
0.24099364225629488,6830834,NC
0.2609806551105904,6830835,NC
0.2809676529446404,6830836,NC
0.2609546357607162,6830837,NC
0.27594160356109193,6830838,NC
0.27092855634804425,6830839,NC
0.2909154941238523,6830840,NC
0.3059024168907981,6830841,NC
0.320889324651166,6830842,NC
0.32087621740724326,6830843,NC
0.31586309516131955,6830844,NC
0.31084995791568726,6830845,NC
0.3258368056726414,6830846,NC
0.32082363843447953,6830847,NC
0.35581045620350193,6830848,NC
0.3607972589820114,6830849,NC
0.35578404677231346,6830850,NC
0.37077081957671615,6830851,NC
0.3907575773975302,6830852,NC
0.420744320237069,6830853,NC
0.4507310480976483,6830854,NC
0.4607177609815868,6830855,NC
0.4557044588912056,6830856,NC
0.4556911418288285,6830857,NC
0.46067780979678197,6830858,NC
0.510664462797395,6830859,NC
0.5206511008329991,6830860,NC
0.5356377239059288,6830861,NC
0.5456243320185207,6830862,NC
0.5356109251731143,6830863,NC
0.5405975033720517,6830864,NC
0.5905840666176776,6830865,NC
0.6005706149123394,6830866,NC
0.615557148258387,6830867,NC
0.615543666658173,6830868,NC
0.6155301701140522,6830869,NC
0.6305166586283828,6830870,NC
0.6505031322035248,6830871,NC
0.6704895908418415,6830872,NC
0.6854760345456983,6830873,NC
0.6804624633174633,6830874,NC
0.6804488771595075,6830875,NC
0.7054352760742043,6830876,NC
0.7304216600639297,6830877,NC
0.7454080291310622,6830878,NC
0.7553943832779831,6830879,NC
0.7503807225070763,6830880,NC
0.7453670468207282,6830881,NC
0.7653533562213277,6830882,NC
0.7953396507112667,6830883,NC
0.7953259302929394,6830884,NC
0.7953121949687426,6830885,NC
0.765298444741076,6830886,NC
0.7452846796123412,6830887,NC
0.7502708995849433,6830888,NC
0.7452571046612895,6830889,NC
0.7352432948437894,6830890,NC
0.7152294701348557,6830891,NC
0.6752156305369036,6830892,NC
0.6402017760523507,6830893,NC
0.6051879066836172,6830894,NC
0.605174022433126,6830895,NC
0.5901601233033026,6830896,NC
0.5751462092965751,6830897,NC
0.5451322804153743,6830898,NC
0.5151183366621334,6830899,NC
0.4851043780392881,6830900,NC
0.495090404549277,6830901,NC
0.4950764161945413,6830902,NC
0.4850624129775246,6830903,NC
0.4600483949006731,6830904,NC
0.43503436196643575,6830905,NC
0.4300203141772639,6830906,NC
0.4300062515356117,6830907,NC
0.4449921740439359,6830908,NC
0.4349780817046955,6830909,NC
0.4099639745203525,6830910,NC
0.3999498524933712,6830911,NC
0.40493571562621883,6830912,NC
0.4099215639213648,6830913,NC
0.41490739738128146,6830914,NC
0.41989321600844354,6830915,NC
0.3998790198053284,6830916,NC
0.37486480877441614,6830917,NC
0.3698505829181892,6830918,NC
0.37983634223913276,6830919,NC
0.39482208673973473,6830920,NC
0.39480781642248525,6830921,NC
0.38479353128987737,6830922,NC
0.37477923134440655,6830923,NC
0.38476491658857087,6830924,NC
0.39975058702487115,6830925,NC
0.39973624265581054,6830926,NC
0.404721883483895,6830927,NC
0.38470750951163285,6830928,NC
0.3646931207415353,6830929,NC
0.3746787171761158,6830930,NC
0.3696642988178907,6830931,NC
0.3946498656693787,6830932,NC
0.39463541773310123,6830933,NC
0.37462095501158216,6830934,NC
0.3646064775073482,6830935,NC
0.3695919852229282,6830936,NC
0.36957747816085407,6830937,NC
0.3895629563236601,6830938,NC
0.37454841971388314,6830939,NC
0.3695338683340626,6830940,NC
0.34451930218674054,6830941,NC
0.3545047212744615,6830942,NC
0.36449012559977273,6830943,NC
0.374475515165224,6830944,NC
0.36946088997336757,6830945,NC
0.35444625002675856,6830946,NC
0.3394315953279543,6830947,NC
0.3544169258795149,6830948,NC
0.36440224168400304,6830949,NC
0.3643875427439839,6830950,NC
0.36437282906202534,6830951,NC
0.3443581006406977,6830952,NC
0.33434335748257393,6830953,NC
0.32932859959022964,6830954,NC
0.3493138269662429,6830955,NC
0.36429903961319443,6830956,NC
0.3442842375336673,6830957,NC
0.33426942073024757,6830958,NC
0.3342545892055234,6830959,NC
0.33423974296208603,6830960,NC
0.3442248820025288,6830961,NC
0.3542100063294479,6830962,NC
0.339195115945442,6830963,NC
0.3391802108531123,6830964,NC
0.31916529105506264,6830965,NC
0.32415035655389945,6830966,NC
0.3241354073522317,6830967,NC
0.3491204434526709,6830968,NC
0.33410546485783105,6830969,NC
0.3240904715703289,6830970,NC
0.3140754635927836,6830971,NC
0.3040604409278171,6830972,NC
0.3240454035780536,6830973,NC
0.32903035154612015,6830974,NC
0.32901528483464615,6830975,NC
0.2990002034462637,6830976,NC
0.2839851073836074,6830977,NC
0.30396999664931434,6830978,NC
0.31395487124602445,6830979,NC
0.3289397311763799,6830980,NC
0.31892457644302563,6830981,NC
0.30890940704860903,6830982,NC
0.2988942229957801,6830983,NC
0.2938790242871914,6830984,NC
0.29386381092549807,6830985,NC
0.3238485829133577,6830986,NC
0.3238333402534306,6830987,NC
0.2938180829483795,6830988,NC
0.2788028110008698,6830989,NC
0.29878752441356937,6830990,NC
0.2787722231891487,6830991,NC
0.3037569073302808,6830992,NC
0.3037415768396413,6830993,NC
0.29372623171990825,6830994,NC
0.2787108719737623,6830995,NC
0.2836954976038869,6830996,NC
0.2986801086129677,6830997,NC
0.30866470500369303,6830998,NC
0.30364928677875386,6830999,NC
0.30363385394084363,6831000,NC
0.2786184064926584,6831001,NC
0.29360294443689666,6831002,NC
0.3235874677762596,6831003,NC
0.3485719765134508,6831004,NC
0.34355647065117656,6831005,NC
0.3385409501921456,6831006,NC
0.3335254151390692,6831007,NC
0.3285098654946613,6831008,NC
0.34349430126163844,6831009,NC
0.3634787224427194,6831010,NC
0.3584631290406257,6831011,NC
0.3484475210580815,6831012,NC
0.3384318984978133,6831013,NC
0.3584162613625504,6831014,NC
0.3634006096550244,6831015,NC
0.3933849433779696,6831016,NC
0.38836926253412274,6831017,NC
0.36335356712622324,6831018,NC
0.3533378571570129,6831019,NC
0.34832213262923617,6831020,NC
0.35830639354564,6831021,NC
0.363290639908974,6831022,NC
0.3582748717219901,6831023,NC
0.33825908898744284,6831024,NC
0.3282432917080896,6831025,NC
0.31822747988668987,6831026,NC
0.328211653526006,6831027,NC
0.33819581262880266,6831028,NC
0.32317995719784715,6831029,NC
0.29816408723590926,6831030,NC
0.2831482027457615,6831031,NC
0.28813230373017873,6831032,NC
0.28811639019193835,6831033,NC
0.2981004621338204,6831034,NC
0.3080845195586074,6831035,NC
0.2880685624690844,6831036,NC
0.26305259086803895,6831037,NC
0.2580366047582613,6831038,NC
0.27802060414254404,6831039,NC
0.2780045890236823,6831040,NC
0.2729885594044739,6831041,NC
0.25297251528771914,6831042,NC
0.2179564566762208,6831043,NC
0.21794038357278417,6831044,NC
0.2329242959802171,6831045,NC
0.2579081939013301,6831046,NC
0.25289207733893593,6831047,NC
0.2378759462958501,6831048,NC
0.2328598007748907,6831049,NC
0.22784364077887814,6831050,NC
0.23782746631063553,6831051,NC
0.26281127737298837,6831052,NC
0.24779507396876482,6831053,NC
0.23277885610079546,6831054,NC
0.21776262377191352,6831055,NC
0.21274637698495458,6831056,NC
0.2377301157427568,6831057,NC
0.2427138400481611,6831058,NC
0.2326975499040106,6831059,NC
0.22268124531315114,6831060,NC
0.20266492627843097,6831061,NC
0.21264859280270093,6831062,NC
0.2326322448888144,6831063,NC
0.24261588253962724,6831064,NC
0.23259950575799782,6831065,NC
0.22758311454678704,6831066,NC
0.19756670890885838,6831067,NC
0.20255028884707782,6831068,NC
0.22753385436431375,6831069,NC
0.22751740546343724,6831070,NC
0.23250094214732175,6831071,NC
0.2224844644188434,6831072,NC
0.2074679722808806,6831073,NC
0.2174514657363145,6831074,NC
0.23743494478802857,6831075,NC
0.25741840943890915,6831076,NC
0.25740185969184465,6831077,NC
0.24738529554972633,6831078,NC
0.2323687170154477,6831079,NC
0.25235212409190505,6831080,NC
0.27733551678199697,6831081,NC
0.31231889508862465,6831082,NC
0.34730225901469175,6831083,NC
0.3572856085631046,6831084,NC
0.39226894373677185,6831085,NC
0.46225226453860474,6831086,NC
0.5372355709715171,6831087,NC
0.607218863038425,6831088,NC
0.6572021407422473,6831089,NC
0.6771854040859053,6831090,NC
0.6721686530723228,6831091,NC
0.647151887704426,6831092,NC
0.6071351079851438,6831093,NC
0.5321183139174075,6831094,NC
0.45210150550415074,6831095,NC
0.38208468274831003,6831096,NC
0.37206784565282414,6831097,NC
0.4170509942206344,6831098,NC
0.5070341284546844,6831099,NC
0.6370172483579211,6831100,NC
0.7770003539332926,6831101,NC
0.8569834451837508,6831102,NC
0.9069665221122492,6831103,NC
0.9519495847217443,6831104,NC
0.936932633015195,6831105,L
0.8719156669955626,6831106,NC
0.7468986866658108,6831107,NC
0.6168816920289062,6831108,NC
0.5018646830878174,6831109,NC
0.39184765984551595,6831110,NC
0.2918306223049756,6831111,NC
0.19681357046917275,6831112,NC
0.08179650434108619,6831113,NC
-0.01822057607630273,6831114,NC
-0.10823767078001015,6831115,NC
-0.1382547797670498,6831116,NC
-0.1332719030344328,6831117,NC
-0.13328904057916782,6831118,NC
-0.10830619239826106,6831119,NC
-0.10332335848871622,6831120,NC
-0.05834053884753451,6831121,NC
-0.018357733471714613,6831122,NC
0.04162505764174724,6831123,NC
0.08660783449585734,6831124,NC
0.12159059709362444,6831125,NC
0.1365733454380598,6831126,NC
0.13655607953217716,6831127,NC
0.13653879937899274,6831128,NC
0.15652150498152534,6831129,NC
0.17650419634279615,6831130,NC
0.17648687346582886,6831131,NC
0.14646953635364968,6831132,NC
0.14645218500928725,6831133,NC
0.14643481943577266,6831134,NC
0.16641743963613975,6831135,NC
0.19640004561342456,6831136,NC
0.19138263737066566,6831137,NC
0.18136521491090424,6831138,NC
0.16134777823718383,6831139,NC
0.16633032735255054,6831140,NC
0.17631286226005288,6831141,NC
0.2062953829627419,6831142,NC
0.19627788946367114,6831143,NC
0.18126038176589654,6831144,NC
0.16624285987247664,6831145,NC
0.1862253237864723,6831146,NC
0.2012077735109471,6831147,NC
0.22619020904896686,6831148,NC
0.22117263040360008,6831149,NC
0.21115503757791748,6831150,NC
0.2011374305749925,6831151,NC
0.20611980939790087,6831152,NC
0.23110217404972105,6831153,NC
0.25108452453353375,6831154,NC
0.25606686085242214,6831155,NC
0.2460491830094721,6831156,NC
0.2560314910077717,6831157,NC
0.2510137848504117,6831158,NC
0.2659960645404852,6831159,NC
0.30597833008108777,6831160,NC
0.30596058147531763,6831161,NC
0.3109428187262752,6831162,NC
0.2909250418370636,6831163,NC
0.3159072508107883,6831164,NC
0.32588944565055733,6831165,NC
0.3458716263594811,6831166,NC
0.3758537929406725,6831167,NC
0.38083594539724697,6831168,NC
0.3758180837323222,6831169,NC
0.3858002079490187,6831170,NC
0.40078231805045916,6831171,NC
0.4257644140397688,6831172,NC
0.4407464959200754,6831173,NC
0.4457285636945091,6831174,NC
0.45071061736620255,6831175,NC
0.4606926569382908,6831176,NC
0.4756746824139115,6831177,NC
0.5106566937962046,6831178,NC
0.5106386910883126,6831179,NC
0.5206206742933805,6831180,NC
0.5056026434145556,6831181,NC
0.515584598454988,6831182,NC
0.5305665394178299,6831183,NC
0.565548466306236,6831184,NC
0.5855303791233638,6831185,NC
0.5655122778723728,6831186,NC
0.570494162556425,6831187,NC
0.5654760331786856,6831188,NC
0.6004578897423211,6831189,NC
0.6254397322505014,6831190,NC
0.6254215607063982,6831191,NC
0.6304033751131862,6831192,NC
0.6153851754740423,6831193,NC
0.6453669617921456,6831194,NC
0.6603487340706782,6831195,NC
0.665330492312824,6831196,NC
0.6603122365217702,6831197,NC
0.6352939667007057,6831198,NC
0.640275682852822,6831199,NC
0.6302573849813133,6831200,NC
0.6302390730893762,6831201,NC
0.6252207471802095,6831202,NC
0.6002024072570147,6831203,NC
0.5651840533229957,6831204,NC
0.5351656853813587,6831205,NC
0.5001473034353124,6831206,NC
0.4801289074880683,6831207,NC
0.4801104975428398,6831208,NC
0.4600920736028431,6831209,NC
0.43007363567129664,6831210,NC
0.3950551837514215,6831211,NC
0.37503671784644105,6831212,NC
0.3700182379595812,6831213,NC
0.35999974409407026,6831214,NC
0.3499812362531389,6831215,NC
0.32996271444002045,6831216,NC
0.2949441786579504,6831217,NC
0.29492562891016694,6831218,NC
0.2999070651999106,6831219,NC
0.2898884875304243,6831220,NC
0.27986989590495337,6831221,NC
0.2748512903267457,6831222,NC
0.24483267079905155,6831223,NC
0.24481403732512366,6831224,NC
0.25479538990821715,6831225,NC
0.26977672855158963,6831226,NC
0.26975805325850105,6831227,NC
0.23473936403221388,6831228,NC
0.23972066087599303,6831229,NC
0.23470194379310577,6831230,NC
0.23968321278682192,6831231,NC
0.24466446786041363,6831232,NC
0.23964570901715537,6831233,NC
0.22462693626032443,6831234,NC
0.23460814959320014,6831235,NC
0.22458934901906447,6831236,NC
0.21957053454120176,6831237,NC
0.24455170616289867,6831238,NC
0.2345328638874445,6831239,NC
0.23451400771813075,6831240,NC
0.2094951376582516,6831241,NC
0.20447625371110345,6831242,NC
0.21445735587998527,6831243,NC
0.22943844416819825,6831244,NC
0.2244195185790463,6831245,NC
0.2194005791158355,6831246,NC
0.21438162578187445,6831247,NC
0.21436265858047418,6831248,NC
0.2243436775149481,6831249,NC
0.23432468258861217,6831250,NC
0.23430567380478462,6831251,NC
0.21428665116678605,6831252,NC
0.1942676146779398,6831253,NC
0.20424856434157126,6831254,NC
0.2192295001610084,6831255,NC
0.2342104221395817,6831256,NC
0.22419133028062396,6831257,NC
0.21917222458747038,6831258,NC
0.2041531050634585,6831259,NC
0.19413397171192848,6831260,NC
0.21411482453622274,6831261,NC
0.21409566353968618,6831262,NC
0.2090764887256661,6831263,NC
0.1990573000975122,6831264,NC
0.18903809765857663,6831265,NC
0.1940188814122139,6831266,NC
0.19899965136178094,6831267,NC
0.19398040751063717,6831268,NC
0.20396114986214434,6831269,NC
0.19394187841966654,6831270,NC
0.1739225931865705,6831271,NC
0.1739032941662252,6831272,NC
0.17888398136200193,6831273,NC
0.20386465477727467,6831274,NC
0.19384531441541958,6831275,NC
0.17882596027981526,6831276,NC
0.16880659237384277,6831277,NC
0.15878721070088558,6831278,NC
0.1687678152643295,6831279,NC
0.1737484060675628,6831280,NC
0.16872898311397613,6831281,NC
0.16370954640696256,6831282,NC
0.15369009594991756,6831283,NC
0.15367063174623896,6831284,NC
0.14365115379932702,6831285,NC
0.17363166211258446,6831286,NC
0.15861215668941636,6831287,NC
0.14859263753323004,6831288,NC
0.1485731046474355,6831289,NC
0.14855355803544507,6831290,NC
0.1485339977006732,6831291,NC
0.16851442364653713,6831292,NC
0.16349483587645627,6831293,NC
0.14847523439385246,6831294,NC
0.14345561920214994,6831295,NC
0.14343599030477538,6831296,NC
0.1584163477051578,6831297,NC
0.15839669140672863,6831298,NC
0.16337702141292168,6831299,NC
0.1483573377271732,6831300,NC
0.12833764035292175,6831301,NC
0.11831792929360835,6831302,NC
0.14829820455267645,6831303,NC
0.15327846613357163,6831304,NC
0.13825871403974233,6831305,NC
0.12823894827463897,6831306,NC
0.12821916884171453,6831307,NC
0.11819937574442421,6831308,NC
0.13817956898622596,6831309,NC
0.15315974857057976,6831310,NC
0.14813991450094816,6831311,NC
0.14812006678079598,6831312,NC
0.12810020541359046,6831313,NC
0.13808033040280132,6831314,NC
0.1480604417519006,6831315,NC
0.17304053946436265,6831316,NC
0.17302062354366432,6831317,NC
0.1680006939932847,6831318,NC
0.15798075081670548,6831319,NC
0.17296079401741044,6831320,NC
0.17294082359888605,6831321,NC
0.18292083956462096,6831322,NC
0.17790084191810623,6831323,NC
0.18288083066283534,6831324,NC
0.1728608058023041,6831325,NC
0.18284076734001065,6831326,NC
0.19782071527945572,6831327,NC
0.22280064962414217,6831328,NC
0.21778057037757542,6831329,NC
0.2177604775432631,6831330,NC
0.19274037112471532,6831331,NC
0.18772025112544455,6831332,NC
0.19770011754896558,6831333,NC
0.19767997039879565,6831334,NC
0.18765980967845433,6831335,NC
0.17763963539146355,6831336,NC
0.1676194475413476,6831337,NC
0.17259924613163313,6831338,NC
0.16257903116584937,6831339,NC
0.18255880264752755,6831340,NC
0.17253856058020156,6831341,NC
0.14251830496740753,6831342,NC
0.11749803581268395,6831343,NC
0.10247775311957164,6831344,NC
0.10745745689161403,6831345,NC
0.13243714713235663,6831346,NC
0.11741682384534746,6831347,NC
0.10239648703413681,6831348,NC
0.08737613670227741,6831349,NC
0.07735577285332433,6831350,NC
0.08733539549083498,6831351,NC
0.10731500461836918,6831352,NC
0.10229460023948905,6831353,NC
0.07727418235775912,6831354,NC
0.06725375097674624,6831355,NC
0.06723330610001957,6831356,NC
0.062212847731150836,6831357,NC
0.06719237587371392,6831358,NC
0.06217189053128511,6831359,NC
0.05715139170744303,6831360,NC
0.047130879405768725,6831361,NC
0.05211035362984547,6831362,NC
0.042089814383259136,6831363,NC
0.05206926166959771,6831364,NC
0.04704869549245162,6831365,NC
0.02702811585541362,6831366,NC
0.012007522762078865,6831367,NC
0.02698691621604482,6831368,NC
0.03696629622091129,6831369,NC
0.05194566278028049,6831370,NC
0.03692501589775691,6831371,NC
0.026904355576947425,6831372,NC
0.021883681821461172,6831373,NC
0.021862994634909906,6831374,NC
0.021842294020907448,6831375,NC
0.031821579983070045,6831376,NC
0.03180085252501631,6831377,NC
0.006780111650367168,6831378,NC
-0.00824064263725413,6831379,NC
0.0017385896657781952,6831380,NC
0.006717808563092037,6831381,NC
0.03669701405831773,6831382,NC
0.02167620615508791,6831383,NC
0.011655384857037585,6831384,NC
0.011634550167804125,6831385,NC
-0.003386297908972824,6831386,NC
0.01659284063034877,6831387,NC
0.021571965789413262,6831388,NC
0.016551077571867356,6831389,NC
0.006530175981360076,6831390,NC
-0.008490738978457299,6831391,NC
0.0064883326960691184,6831392,NC
0.011467391008595285,6831393,NC
0.046446435962779545,6831394,NC
0.05642546756228263,6831395,NC
0.05140448581076757,6831396,NC
0.06138349071189965,6831397,NC
0.09136248226934676,6831398,NC
0.1363414604867788,6831399,NC
0.17632042536786824,6831400,NC
0.24129937691628967,6831401,NC
0.2912783151357201,6831402,NC
0.34625724002983904,6831403,NC
0.38623615160232794,6831404,NC
0.431215049856871,6831405,NC
0.44119393479715446,6831406,NC
0.40617280642686704,6831407,NC
0.3161516647496997,6831408,NC
0.23113050976934557,6831409,NC
0.1461093414895006,6831410,NC
0.056088159913862554,6831411,NC
0.04106696504613179,6831412,NC
0.06604575689001078,6831413,NC
0.13102453544920464,6831414,NC
0.20100330072742048,6831415,NC
0.3009820527283679,6831416,NC
0.41096079145575887,6831417,NC
0.4859395169133074,6831418,NC
0.5359182291047302,6831419,NC
0.505896928033746,6831420,NC
0.47587561370407594,6831421,NC
0.3858542861194435,6831422,NC
0.29083294528357456,6831423,NC
0.20581159120019715,6831424,NC
0.1007902238730417,6831425,NC
-0.014231156694159072,6831426,NC
-0.10925255049767023,6831427,NC
-0.19427395753375423,6831428,NC
-0.25429537779867145,6831429,NC
-0.32931681128868007,6831430,NC
-0.37433825800003556,6831431,NC
-0.42435971792899146,6831432,NC
-0.45438119107179886,6831433,L
-0.45940267742470653,6831434,NC
-0.4344241769839609,6831435,NC
-0.3994456897458062,6831436,NC
-0.3644672157064844,6831437,NC
-0.32948875486223483,6831438,NC
-0.3195103072092949,6831439,NC
-0.25453187274389955,6831440,NC
-0.21455345146228127,6831441,NC
-0.15957504336067063,6831442,NC
-0.13459664843529556,6831443,NC
-0.12461826668238189,6831444,NC
-0.13963989809815286,6831445,NC
-0.1296615426788297,6831446,NC
-0.11968320042063141,6831447,NC
-0.09970487131977424,6831448,NC
-0.09972655537247258,6831449,NC
-0.12474825257493838,6831450,NC
-0.11476996292338125,6831451,NC
-0.10979168641400854,6831452,NC
-0.09481342304302534,6831453,NC
-0.07983517280663434,6831454,NC
-0.07985693570103607,6831455,NC
-0.10487871172242864,6831456,NC
-0.09990050086700797,6831457,NC
-0.09992230313096763,6831458,NC
-0.0849441185104989,6831459,NC
-0.07496594700179078,6831460,NC
-0.06498778860103001,6831461,NC
-0.08500964330440104,6831462,NC
-0.10003151110808585,6831463,NC
-0.0850533920082644,6831464,NC
-0.07507528600111428,6831465,NC
-0.06009719308281061,6831466,NC
-0.06511911324952645,6831467,NC
-0.07514104649743247,6831468,NC
-0.07516299282269713,6831469,NC
-0.07018495222148652,6831470,NC
-0.0602069246899645,6831471,NC
-0.04022891022429258,6831472,NC
-0.03025090882063007,6831473,NC
-0.04027292047513399,6831474,NC
-0.040294945183958986,6831475,NC
-0.03531698294325754,6831476,NC
-0.015339033749179776,6831477,NC
0.014638902402126425,6831478,NC
0.024616825514515467,6831479,NC
0.02459473559184394,6831480,NC
0.019572632637970995,6831481,NC
0.03455051665675778,6831482,NC
0.04952838765206773,6831483,NC
0.06950624562776679,6831484,NC
0.06948409058772294,6831485,NC
0.07446192253580655,6831486,NC
0.08443974147589019,6831487,NC
0.10941754741184874,6831488,NC
0.1293953403475594,6831489,NC
0.13937312028690155,6831490,NC
0.14435088723375689,6831491,NC
0.1543286411920094,6831492,NC
0.14930638216554531,6831493,NC
0.16428411015825317,6831494,NC
0.17926182517402367,6831495,NC
0.21423952721674988,6831496,NC
0.21921721629032703,6831497,NC
0.21419489239865286,6831498,NC
0.2291725555456271,6831499,NC
0.22915020573515188,6831500,NC
0.25912784297113145,6831501,NC
0.2791054672574726,6831502,NC
0.29408307859808414,6831503,NC
0.2740606769968773,6831504,NC
0.2790382624577653,6831505,NC
0.27401583498466403,6831506,NC
0.29399339458149126,6831507,NC
0.32397094125216724,6831508,NC
0.3239484750006144,6831509,NC
0.3039259958307575,6831510,NC
0.3139035037465234,6831511,NC
0.3188809987518414,6831512,NC
0.3288584808506429,6831513,NC
0.34883595004686174,6831514,NC
0.3388134063444338,6831515,NC
0.32879084974729733,6831516,NC
0.31876828025939286,6831517,NC
0.323745697884663,6831518,NC
0.3237231026270529,6831519,NC
0.33370049449050976,6831520,NC
0.30867787347898307,6831521,NC
0.2836552395964246,6831522,NC
0.23863259284678823,6831523,NC
0.20860993323403026,6831524,NC
0.20358726076210915,6831525,NC
0.18856457543498567,6831526,NC
0.14854187725662277,6831527,NC
0.11851916623098566,6831528,NC
0.07349644236204184,6831529,NC
0.048473705653760864,6831530,NC
0.04845095611011493,6831531,NC
0.04842819373507811,6831532,NC
0.033405418532626845,6831533,NC
-0.0066173694932601945,6831534,NC
-0.026640170338602095,6831535,NC
-0.04166298399941579,6831536,NC
-0.036685810471715694,6831537,NC
-0.03170864975151426,6831538,NC
-0.04173150183482165,6831539,NC
-0.07675436671764573,6831540,NC
-0.09677724439599218,6831541,NC
-0.0968001348658644,6831542,NC
-0.09182303812326359,6831543,NC
-0.08184595416418869,6831544,NC
-0.10186888298463642,6831545,NC
-0.10189182458060131,6831546,NC
-0.11691477894807559,6831547,NC
-0.12193774608304939,6831548,NC
-0.11196072598151026,6831549,NC
-0.10698371863944393,6831550,NC
-0.12700672405283372,6831551,NC
-0.12702974221766072,6831552,NC
-0.1570527731299038,6831553,NC
-0.15707581678553972,6831554,NC
-0.14709887318054277,6831555,NC
-0.12212194231088516,6831556,NC
-0.11214502417253693,6831557,NC
-0.12716811876146583,6831558,NC
-0.12719122607363734,6831559,NC
-0.1422143461050148,6831560,NC
-0.1322374788515593,6831561,NC
-0.12226062430922971,6831562,NC
-0.12228378247398264,6831563,NC
-0.13230695334177253,6831564,NC
-0.13733013690855161,6831565,NC
-0.13735333317026993,6831566,NC
-0.1423765421228751,6831567,NC
-0.11739976376231273,6831568,NC
-0.11742299808452615,6831569,NC
-0.1324462450854565,6831570,NC
-0.1324695047610428,6831571,NC
-0.13249277710722152,6831572,NC
-0.12251606211992726,6831573,NC
-0.11253935979509222,6831574,NC
-0.11256267012864653,6831575,NC
-0.122585993116518,6831576,NC
-0.15260932875463223,6831577,NC
-0.13263267703891266,6831578,NC
-0.12265603796528055,6831579,NC
-0.11267941152965483,6831580,NC
-0.11270279772795232,6831581,NC
-0.11772619655608763,6831582,NC
-0.1277496080099732,6831583,NC
-0.12777303208551904,6831584,NC
-0.1277964687786332,6831585,NC
-0.11781991808522148,6831586,NC
-0.1178433800011874,6831587,NC
-0.11786685452243234,6831588,NC
-0.13789034164485553,6831589,NC
-0.1429138413643538,6831590,NC
-0.15293735367682196,6831591,NC
-0.12296087857815254,6831592,NC
-0.12798441606423594,6831593,NC
-0.13300796613096028,6831594,NC
-0.15303152877421156,6831595,NC
-0.1630551039898735,6831596,NC
-0.1380786917738277,6831597,NC
-0.11810229212195356,6831598,NC
-0.13312590503012817,6831599,NC
-0.15314953049422664,6831600,NC
-0.1631731685101217,6831601,NC
-0.14319681907368387,6831602,NC
-0.14322048218078165,6831603,NC
-0.11824415782728118,6831604,NC
-0.12326784600904662,6831605,NC
-0.14829154672193962,6831606,NC
-0.14831525996181988,6831607,NC
-0.16333898572454492,6831608,NC
-0.14836272400596995,6831609,NC
-0.1483864748019481,6831610,NC
-0.1384102381083302,6831611,NC
-0.15843401392096507,6831612,NC
-0.16345780223569906,6831613,NC
-0.1584816030483767,6831614,NC
-0.14850541635484,6831615,NC
-0.13852924215092902,6831616,NC
-0.13855308043248155,6831617,NC
-0.15357693119533314,6831618,NC
-0.15360079443531738,6831619,NC
-0.16362467014826526,6831620,NC
-0.15364855833000607,6831621,NC
-0.13867245897636668,6831622,NC
-0.11869637208317166,6831623,NC
-0.12872029764624365,6831624,NC
-0.143744235661403,6831625,NC
-0.12876818612446794,6831626,NC
-0.11879214903125442,6831627,NC
-0.10381612437757631,6831628,NC
-0.1138401121592453,6831629,NC
-0.12386411237207087,6831630,NC
-0.12888812501186034,6831631,NC
-0.10891215007441883,6831632,NC
-0.10893618755554937,6831633,NC
-0.08896023745105276,6831634,NC
-0.07898429975672765,6831635,NC
-0.07400837446837048,6831636,NC
-0.0740324615817757,6831637,NC
-0.06905656109273527,6831638,NC
-0.07908067299703918,6831639,NC
-0.07410479729047541,6831640,NC
-0.0791289339688294,6831641,NC
-0.09915308302788475,6831642,NC
-0.11417724446342273,6831643,NC
-0.11920141827122252,6831644,NC
-0.10922560444706113,6831645,NC
-0.0842498029867134,6831646,NC
-0.09427401388595201,6831647,NC
-0.10929823714054743,6831648,NC
-0.11932247274626807,6831649,NC
-0.1393467206988801,6831650,NC
-0.11937098099414763,6831651,NC
-0.11939525362783246,6831652,NC
-0.13941953859569436,6831653,NC
-0.15444383589349103,6831654,NC
-0.1644681455169777,6831655,NC
-0.15449246746190767,6831656,NC
-0.14951680172403223,6831657,NC
-0.14454114829910011,6831658,NC
-0.16456550718285823,6831659,NC
-0.16958987837105127,6831660,NC
-0.1896142618594218,6831661,NC
-0.19963865764371008,6831662,NC
-0.19966306571965436,6831663,NC
-0.19468748608299077,6831664,NC
-0.1947119187294532,6831665,NC
-0.1897363636547734,6831666,NC
-0.19476082085468102,6831667,NC
-0.1847852903249036,6831668,NC
-0.1798097720611664,6831669,NC
-0.17483426605919272,6831670,NC
-0.17985877231470354,6831671,NC
-0.18988329082341798,6831672,NC
-0.20490782158105253,6831673,NC
-0.20493236458332195,6831674,NC
-0.19995691982593883,6831675,NC
-0.1899814873046134,6831676,NC
-0.1900060670150539,6831677,NC
-0.19503065895296645,6831678,NC
-0.215055263114055,6831679,NC
-0.2150798794940214,6831680,NC
-0.2051045080885654,6831681,NC
-0.20012914889338437,6831682,NC
-0.19515380190417383,6831683,NC
-0.20017846711662707,6831684,NC
-0.1902031445264352,6831685,NC
-0.21022783412928728,6831686,NC
-0.19525253592087016,6831687,NC
-0.17527724989686863,6831688,NC
-0.17030197605296543,6831689,NC
-0.1903267143848409,6831690,NC
-0.19535146488817345,6831691,NC
-0.20037622755863937,6831692,NC
-0.19540100239191285,6831693,NC
-0.1804257893836657,6831694,NC
-0.17545058852956796,6831695,NC
-0.17547539982528734,6831696,NC
-0.19050022326648947,6831697,NC
-0.21552505884883782,6831698,NC
-0.19054990656799392,6831699,NC
-0.1755747664196169,6831700,NC
-0.16559963839936392,6831701,NC
-0.18562452250289008,6831702,NC
-0.1956494187258483,6831703,NC
-0.15567432706388928,6831704,NC
-0.12069924751266176,6831705,NC
-0.0757241800678124,6831706,NC
-0.04574912472498546,6831707,NC
-0.040774081479823365,6831708,NC
-0.015799050327966344,6831709,NC
0.039175968734947414,6831710,NC
0.09915097571328209,6831711,NC
0.1441259706114037,6831712,NC
0.1891009534336805,6831713,NC
0.21407592418448274,6831714,NC
0.194050882868183,6831715,NC
0.1590258294891557,6831716,NC
0.11900076405177756,6831717,NC
0.038975686560427325,6831718,NC
-0.05604940298051411,6831719,NC
-0.1760745045666638,6831720,NC
-0.2760996181936366,6831721,NC
-0.3111247438570456,6831722,NC
-0.27114988155250114,6831723,NC
-0.18617503127561194,6831724,NC
-0.08620019302198459,6831725,NC
-0.021225366787223476,6831726,NC
0.0437494474330691,6831727,NC
0.10372424964329283,6831728,NC
0.1736990398478498,6831729,NC
0.21867381805114383,6831730,NC
0.20364858425758112,6831731,NC
0.14862333847156975,6831732,NC
0.06859808069752,6831733,NC
-0.016427189060155722,6831734,NC
-0.08145247079704299,6831735,NC
-0.14147776450872523,6831736,NC
-0.1915030701907839,6831737,NC
-0.2465283878387981,6831738,NC
-0.3115537174483451,6831739,NC
-0.3465790590150001,6831740,NC
-0.36660441253433584,6831741,NC
-0.3966297780019234,6831742,NC
-0.4066551554133315,6831743,L
-0.411680544764127,6831744,NC
-0.43170594604987456,6831745,NC
-0.4117313592661367,6831746,NC
-0.37675678440847377,6831747,NC
-0.3317822214724443,6831748,NC
-0.29680767045360457,6831749,NC
-0.26683313134750886,6831750,NC
-0.24685860414970923,6831751,NC
-0.2318840888557558,6831752,NC
-0.19690958546119663,6831753,NC
-0.16193509396157754,6831754,NC
-0.1569606143524424,6831755,NC
-0.161986146629333,6831756,NC
-0.16701169078778894,6831757,NC
-0.16703724682334803,6831758,NC
-0.1520628147315455,6831759,NC
-0.122088394507915,6831760,NC
-0.12711398614798786,6831761,NC
-0.1321395896472934,6831762,NC
-0.14216520500135882,6831763,NC
-0.13219083220570949,6831764,NC
-0.1222164712558682,6831765,NC
-0.10224212214735615,6831766,NC
-0.10226778487569228,6831767,NC
-0.10729345943639346,6831768,NC
-0.11731914582497456,6831769,NC
-0.12234484403694831,6831770,NC
-0.11237055406782541,6831771,NC
-0.0923962759131145,6831772,NC
-0.08742200956832213,6831773,NC
-0.08744775502895283,6831774,NC
-0.09747351229050899,6831775,NC
-0.11249928134849113,6831776,NC
-0.09252506219839737,6831777,NC
-0.057550854835724044,6831778,NC
-0.052576659255965344,6831779,NC
-0.057602475454613444,6831780,NC
-0.06262830342715853,6831781,NC
-0.05765414316908837,6831782,NC
-0.03767999467588909,6831783,NC
-0.017705857943044592,6831784,NC
-0.0077317329660367,6831785,NC
-0.027757619740345282,6831786,NC
-0.012783518261448051,6831787,NC
0.002190571475179287,6831788,NC
0.022164649474063075,6831789,NC
0.04713871573973172,6831790,NC
0.05211277027671565,6831791,NC
0.062086813089547395,6831792,NC
0.05206084418276137,6831793,NC
0.06203486356089442,6831794,NC
0.09200887122848503,6831795,NC
0.1119828671900739,6831796,NC
0.1219568514502038,6831797,NC
0.12193082401341934,6831798,NC
0.12190478488426759,6831799,NC
0.13687873406729734,6831800,NC
0.1668526715670594,6831801,NC
0.1718265973881068,6831802,NC
0.19680051153499448,6831803,NC
0.20677441401227947,6831804,NC
0.20174830482452083,6831805,NC
0.2267221839762797,6831806,NC
0.2716960514721191,6831807,NC
0.28166990731660435,6831808,NC
0.29164375151430266,6831809,NC
0.2916175840697831,6831810,NC
0.29159140498761704,6831811,NC
0.28656521427237786,6831812,NC
0.31653901192864087,6831813,NC
0.3415127979609834,6831814,NC
0.35148657237398484,6831815,NC
0.3364603351722268,6831816,NC
0.33643408636029254,6831817,NC
0.34640782594276764,6831818,NC
0.35638155392423954,6831819,NC
0.38635527030929795,6831820,NC
0.3813289751025343,6831821,NC
0.3663026683085422,6831822,NC
0.3562763499319173,6831823,NC
0.3562500199772573,6831824,NC
0.3762236784491618,6831825,NC
0.3861973253522325,6831826,NC
0.39117096069107304,6831827,NC
0.36114458447028924,6831828,NC
0.32611819669448877,6831829,NC
0.3060917973682815,6831830,NC
0.30106538649627923,6831831,NC
0.2860389640830956,6831832,NC
0.2660125301333466,6831833,NC
0.22598608465165,6831834,NC
0.18095962764262563,6831835,NC
0.16093315911089537,6831836,NC
0.1309066790610831,6831837,NC
0.12088018749781473,6831838,NC
0.10085368442571811,6831839,NC
0.06082716984942319,6831840,NC
0.03580064377356183,6831841,NC
0.02077410620276804,6831842,NC
0.01574755714167768,6831843,NC
0.015720996594928746,6831844,NC
0.010694424567161166,6831845,NC
-0.02433215893698311,6831846,NC
-0.039358753912860214,6831847,NC
-0.05438536035582399,6831848,NC
-0.03441197826122666,6831849,NC
-0.04943860762441804,6831850,NC
-0.03446524844074629,6831851,NC
-0.054491900705557386,6831852,NC
-0.06951856441419543,6831853,NC
-0.08454523956200237,6831854,NC
-0.06957192614431833,6831855,NC
-0.059598624156481234,6831856,NC
-0.06962533359382722,6831857,NC
-0.07965205445169024,6831858,NC
-0.09967878672540241,6831859,NC
-0.10470553041029376,6831860,NC
-0.0897322855016923,6831861,NC
-0.06975905199492416,6831862,NC
-0.07978582988531335,6831863,NC
-0.08481261916818214,6831864,NC
-0.10483941983885035,6831865,NC
-0.10486623189263619,6831866,NC
-0.0998930553248559,6831867,NC
-0.08991989013082335,6831868,NC
-0.08494673630585085,6831869,NC
-0.09497359384524852,6831870,NC
-0.10000046274432452,6831871,NC
-0.09002734299838502,6831872,NC
-0.09005423460273426,6831873,NC
-0.07008113755267445,6831874,NC
-0.0651080518435058,6831875,NC
-0.08013497747052656,6831876,NC
-0.09516191442903305,6831877,NC
-0.10018886271431951,6831878,NC
-0.09021582232167827,6831879,NC
-0.06524279324639969,6831880,NC
-0.07026977548377211,6831881,NC
-0.07529676902908203,6831882,NC
-0.08532377387761361,6831883,NC
-0.09035079002464944,6831884,NC
-0.07537781746547008,6831885,NC
-0.07040485619535375,6831886,NC
-0.05543190620957712,6831887,NC
-0.06545896750341475,6831888,NC
-0.08548604007213914,6831889,NC
-0.09051312391102097,6831890,NC
-0.06554021901532883,6831891,NC
-0.05556732538032941,6831892,NC
-0.05059444300128739,6831893,NC
-0.06062157187346552,6831894,NC
-0.08564871199212455,6831895,NC
-0.09067586335252331,6831896,NC
-0.0857030259499186,6831897,NC
-0.07073019977956546,6831898,NC
-0.07575738483671653,6831899,NC
-0.08578458111662286,6831900,NC
-0.10081178861453353,6831901,NC
-0.10083900732569549,6831902,NC
-0.09086623724535395,6831903,NC
-0.07089347836875182,6831904,NC
-0.07092073069113033,6831905,NC
-0.10594799420772871,6831906,NC
-0.10597526891378421,6831907,NC
-0.1160025548045321,6831908,NC
-0.10102985187520575,6831909,NC
-0.10105716012103651,6831910,NC
-0.0860844795372538,6831911,NC
-0.09111181011908516,6831912,NC
-0.11613915186175607,6831913,NC
-0.10116650476049013,6831914,NC
-0.1011938688105091,6831915,NC
-0.0912212440070324,6831916,NC
-0.08124863034527788,6831917,NC
-0.10127602782046138,6831918,NC
-0.12130343642779669,6831919,NC
-0.11133085616249584,6831920,NC
-0.10135828701976861,6831921,NC
-0.09138572899482303,6831922,NC
-0.07141318208286525,6831923,NC
-0.08144064627909933,6831924,NC
-0.10646812157872755,6831925,NC
-0.10649560797695007,6831926,NC
-0.10652310546896526,6831927,NC
-0.08655061404996943,6831928,NC
-0.09657813371515708,6831929,NC
-0.09660566445972069,6831930,NC
-0.10163320627885081,6831931,NC
-0.11166075916773616,6831932,NC
-0.09668832312156327,6831933,NC
-0.07171589813551697,6831934,NC
-0.0517434842047801,6831935,NC
-0.05177108132453355,6831936,NC
-0.0567986894899563,6831937,NC
-0.056826308696225486,6831938,NC
-0.06185393893851601,6831939,NC
-0.03188158021200116,6831940,NC
-0.021909232511852186,6831941,NC
-0.03693689583323842,6831942,NC
-0.031964570171327256,6831943,NC
-0.021992255521284185,6831944,NC
-0.007019951878272757,6831945,NC
0.012952340762545408,6831946,NC
-0.007075377593989421,6831947,NC
-0.017103106943035018,6831948,NC
-0.05213084727974725,6831949,NC
-0.04715859859928019,6831950,NC
-0.042186360896785624,6831951,NC
-0.03221413416741381,6831952,NC
-0.022241918406312913,6831953,NC
-0.04726971360862921,6831954,NC
-0.06229751976950708,6831955,NC
-0.0773253368840891,6831956,NC
-0.07235316494751555,6831957,NC
-0.04238100395492515,6831958,NC
-0.047408853901454676,6831959,NC
-0.05743671478223887,6831960,NC
-0.08246458659241065,6831961,NC
-0.087492469327101,6831962,NC
-0.08252036298143897,6831963,NC
-0.09754826755055176,6831964,NC
-0.0875761830295646,6831965,NC
-0.10760410941360088,6831966,NC
-0.12263204669778197,6831967,NC
-0.1326599948772276,6831968,NC
-0.12268795394705515,6831969,NC
-0.09771592390238047,6831970,NC
-0.10774390473831742,6831971,NC
-0.09777189644997791,6831972,NC
-0.127799899032472,6831973,NC
-0.1128279124809079,6831974,NC
-0.12785593679039167,6831975,NC
-0.1128839719560277,6831976,NC
-0.09791201797291851,6831977,NC
-0.10794007483616462,6831978,NC
-0.12796814254086464,6831979,NC
-0.1279962210821154,6831980,NC
-0.11302431045501168,6831981,NC
-0.10305241065464657,6831982,NC
-0.10808052167611104,6831983,NC
-0.10810864351449437,6831984,NC
-0.1231367761648839,6831985,NC
-0.12316491962236487,6831986,NC
-0.11819307388202091,6831987,NC
-0.09822123893893364,6831988,NC
-0.09324941478818286,6831989,NC
-0.10327760142484649,6831990,NC
-0.1133057988440003,6831991,NC
-0.11833400704071854,6831992,NC
-0.10336222601007342,6831993,NC
-0.08839045574713522,6831994,NC
-0.07841869624697245,6831995,NC
-0.07844694750465167,6831996,NC
-0.09847520951523756,6831997,NC
-0.10350348227379294,6831998,NC
-0.08353176577537874,6831999,NC
-0.05856006001505406,6832000,NC
-0.053588364987876065,6832001,NC
-0.05861668068890003,6832002,NC
-0.05864500711317957,6832003,NC
-0.04867334425576597,6832004,NC
0.0012983078882909463,6832005,NC
0.041269949323943234,6832006,NC
0.09624158005614522,6832007,NC
0.13621320008985266,6832008,NC
0.18618480943002336,6832009,NC
0.261156408081617,6832010,NC
0.3261279960495951,6832011,NC
0.396099573338921,6832012,NC
0.40107113995456,6832013,NC
0.3710426959014792,6832014,NC
0.3360142411846477,6832015,NC
0.27598577580903616,6832016,NC
0.2209572997796174,6832017,NC
0.195928813101366,6832018,NC
0.17590031577925835,6832019,NC
0.20587180781827275,6832020,NC
0.2758432892233893,6832021,NC
0.3658147599995901,6832022,NC
0.470786220151859,6832023,NC
0.6007576696851817,6832024,NC
0.6807291086045457,6832025,NC
0.7157005369149407,6832026,NC
0.7056719546213577,6832027,NC
0.6656433617287899,6832028,L
0.5906147582422324,6832029,NC
0.5305861441666819,6832030,NC
0.42555751950713716,6832031,NC
0.34052888426859873,6832032,NC
0.23050023845606887,6832033,NC
0.14547158207455196,6832034,NC
0.070442915129054,6832035,NC
-0.01958576237541705,6832036,NC
-0.10461445043385142,6832037,NC
-0.18964314904123755,6832038,NC
-0.24967185819256205,6832039,NC
-0.2847005778828094,6832040,NC
-0.2747293081069626,6832041,NC
-0.26975804886000276,6832042,NC
-0.25978680013690886,6832043,NC
-0.24981556193265833,6832044,NC
-0.23984433424222668,6832045,NC
-0.20987311706058762,6832046,NC
-0.16990191038271293,6832047,NC
-0.12993071420357263,6832048,NC
-0.1149595285181349,6832049,NC
-0.11498835332136606,6832050,NC
-0.13501718860823061,6832051,NC
-0.13004603437369122,6832052,NC
-0.13007489061270872,6832053,NC
-0.11510375732024214,6832054,NC
-0.09513263449124862,6832055,NC
-0.09016152212068368,6832056,NC
-0.10519042020350057,6832057,NC
-0.10021932873465111,6832058,NC
-0.1002482477090853,6832059,NC
-0.08027717712175098,6832060,NC
-0.07530611696759443,6832061,NC
-0.09533506724156007,6832062,NC
-0.0853640279385905,6832063,NC
-0.0953929990536265,6832064,NC
-0.080421980581607,6832065,NC
-0.07045097251746907,6832066,NC
-0.05047997485614807,6832067,NC
-0.060508987592577466,6832068,NC
-0.06553801072168892,6832069,NC
-0.0655670442384123,6832070,NC
-0.06559608813767563,6832071,NC
-0.060625142414405135,6832072,NC
-0.025654207063525253,6832073,NC
-0.03568328207995868,6832074,NC
-0.06571236745862596,6832075,NC
-0.045741463194446205,6832076,NC
-0.030770569282336707,6832077,NC
-0.015799685717212575,6832078,NC
-0.000828812493987488,6832079,NC
-0.0008579496075732038,6832080,NC
-0.035887097052879645,6832081,NC
-0.03591625482481495,6832082,NC
-0.015945422918285462,6832083,NC
0.014025398671804294,6832084,NC
0.02399620995055158,6832085,NC
0.0339670109230555,6832086,NC
0.013937801594416904,6832087,NC
0.03890858196973847,6832088,NC
0.05387935205412468,6832089,NC
0.0738501118526818,6832090,NC
0.08382086137051777,6832091,NC
0.0837916006127427,6832092,NC
0.09376232958446813,6832093,NC
0.08373304829080752,6832094,NC
0.11370375673687598,6832095,NC
0.1486744549277908,6832096,NC
0.1536451428686707,6832097,NC
0.13861582056463628,6832098,NC
0.13858648802080994,6832099,NC
0.14355714524231591,6832100,NC
0.16352779223428016,6832101,NC
0.1884984290018305,6832102,NC
0.20846905555009643,6832103,NC
0.2034396718842093,6832104,NC
0.18841027800930232,6832105,NC
0.1833808739305103,6832106,NC
0.20335145965296988,6832107,NC
0.2333220351818198,6832108,NC
0.25329260052220015,6832109,NC
0.24826315567925294,6832110,NC
0.24823370065812203,6832111,NC
0.25320423546395304,6832112,NC
0.2781747601018932,6832113,NC
0.30814527457709184,6832114,NC
0.33811577889469985,6832115,NC
0.3280862730598699,6832116,NC
0.33305675707775645,6832117,NC
0.3430272309535157,6832118,NC
0.3679976946923058,6832119,NC
0.38796814829928644,6832120,NC
0.38793859177961915,6832121,NC
0.38790902513846737,6832122,NC
0.357879448380996,6832123,NC
0.35284986151237197,6832124,NC
0.3478202645377641,6832125,NC
0.3427906574623426,6832126,NC
0.30776104029127976,6832127,NC
0.2777314130297494,6832128,NC
0.23770177568292716,6832129,NC
0.20267212825599046,6832130,NC
0.1776424707541187,6832131,NC
0.16261280318249277,6832132,NC
0.15258312554629536,6832133,NC
0.13755343785071095,6832134,NC
0.1125237401009258,6832135,NC
0.09249403230212791,6832136,NC
0.087464314459507,6832137,NC
0.09243458657825464,6832138,NC
0.062404848663564036,6832139,NC
0.06737510072063023,6832140,NC
0.06234534275464997,6832141,NC
0.05731557477082168,6832142,NC
0.06728579677434586,6832143,NC
0.06725600877042438,6832144,NC
0.07222621076426104,6832145,NC
0.06719640276106134,6832146,NC
0.037166584766032545,6832147,NC
0.03213675678438351,6832148,NC
0.04210691882132526,6832149,NC
0.04207707088207014,6832150,NC
0.037047212971832416,6832151,NC
0.022017345095828027,6832152,NC
-0.008012532740725262,6832153,NC
-0.023042420532608042,6832154,NC
-0.008072318274599075,6832155,NC
0.0018977740385245565,6832156,NC
0.01686785641198752,6832157,NC
0.02183792885101623,6832158,NC
0.011807991360838835,6832159,NC
0.0017780439466850845,6832160,NC
0.016748086613786836,6832161,NC
0.016718119367377333,6832162,NC
0.02168814221269163,6832163,NC
0.016658155154966547,6832164,NC
0.016628158199440614,6832165,NC
0.01659815135135398,6832166,NC
0.03656813461594889,6832167,NC
0.04653810799846894,6832168,NC
0.04650807150415959,6832169,NC
0.03647802513826799,6832170,NC
0.006447968906043058,6832171,NC
0.02641790281273542,6832172,NC
0.04138782686359742,6832173,NC
0.0663577410638831,6832174,NC
0.0813276454188483,6832175,NC
0.08129753993375047,6832176,NC
0.05626742461384886,6832177,NC
0.03623729946440429,6832178,NC
0.026207164490679696,6832179,NC
0.04117701969793929,6832180,NC
0.03614686509144921,6832181,NC
0.03111670067647722,6832182,NC
0.016086526458292734,6832183,NC
0.021056342442167246,6832184,NC
0.006026148633373571,6832185,NC
0.010995945037186372,6832186,NC
0.0059657316588819995,6832187,NC
0.03593550850373853,6832188,NC
0.02090527557703576,6832189,NC
0.015875032884055174,6832190,NC
0.030844780430079967,6832191,NC
0.030814518220395035,6832192,NC
0.050784246260287005,6832193,NC
0.04075396455504415,6832194,NC
0.045723673109956384,6832195,NC
0.02569337193031567,6832196,NC
0.03566306102141528,6832197,NC
0.030632740388550343,6832198,NC
0.030602410037017524,6832199,NC
0.025572069972115606,6832200,NC
0.015541720199144668,6832201,NC
-0.009488639276593401,6832202,NC
-0.029519008449795,6832203,NC
-0.03954938731515482,6832204,NC
-0.03457977586736589,6832205,NC
-0.029610174101119546,6832206,NC
-0.0296405820111054,6832207,NC
-0.039670999592011404,6832208,NC
-0.03470142683852379,6832209,NC
-0.004731863745327157,6832210,NC
0.0052376896928956335,6832211,NC
-0.004792766518536586,6832212,NC
-0.014823232374303483,6832213,NC
-0.019853707869082582,6832214,NC
-0.004884192997550163,6832215,NC
0.020085312245619165,6832216,NC
0.02505480786575294,6832217,NC
0.025024293868179913,6832218,NC
0.014993770258230683,6832219,NC
-0.015036762958762495,6832220,NC
-0.010067305777465639,6832221,NC
0.009902141807456855,6832222,NC
0.004871579801342292,6832223,NC
-0.010158991790470348,6832224,NC
-0.04018957296264041,6832225,NC
-0.030220163709825575,6832226,NC
-0.025250764026681832,6832227,NC
-0.0002813739078635219,6832228,NC
0.0096880066519767,6832229,NC
-0.005342622341812153,6832230,NC
-0.010373260883879534,6832231,NC
-0.005403908968872828,6832232,NC
0.004565433408561845,6832233,NC
0.029534766253780043,6832234,NC
0.03950408957213937,6832235,NC
0.03447340336899869,6832236,NC
0.009442707649718704,6832237,NC
0.014412002419661743,6832238,NC
0.014381287684191786,6832239,NC
0.049350563448674514,6832240,NC
0.05431982971847724,6832241,NC
0.049289086498968945,6832242,NC
0.04925833379552025,6832243,NC
0.05922757161350345,6832244,NC
0.0641967999582925,6832245,NC
0.079166018835263,6832246,NC
0.059135228249792206,6832247,NC
0.05410442820725903,6832248,NC
0.0340736187130439,6832249,NC
0.03404279977252929,6832250,NC
0.03901197139109892,6832251,NC
0.028981133574138188,6832252,NC
0.03395028632703452,6832253,NC
-0.0010805703448234227,6832254,NC
0.003888563563954818,6832255,NC
-0.0011423119412386426,6832256,NC
0.0038268031449899126,6832257,NC
0.0287959088280359,6832258,NC
0.013765005113296327,6832259,NC
0.01373409200616988,6832260,NC
-0.001296830487943136,6832261,NC
-0.026327762363640768,6832262,NC
-0.031358703615519415,6832263,NC
-0.01638965423817386,6832264,NC
0.003579385773802783,6832265,NC
-0.011451583574181128,6832266,NC
-0.006482562276715197,6832267,NC
-0.016513550328387784,6832268,NC
-0.02654454772378559,6832269,NC
-0.03657555445749333,6832270,NC
-0.0416065705240945,6832271,NC
-0.07663759591817074,6832272,NC
-0.11166863063430217,6832273,NC
-0.1016996746670672,6832274,NC
-0.07673072801104266,6832275,NC
-0.05676179066080373,6832276,NC
-0.046792862610924,6832277,NC
-0.05182394385597537,6832278,NC
-0.07685503439052818,6832279,NC
-0.08688613420915112,6832280,NC
-0.07691724330641124,6832281,NC
-0.05194836167687399,6832282,NC
-0.04197948931510337,6832283,NC
-0.05201062621566128,6832284,NC
-0.07204177237310848,6832285,NC
-0.0720729277820039,6832286,NC
-0.05710409243690508,6832287,NC
-0.06713526633236747,6832288,NC
-0.06716644946294534,6832289,NC
-0.06719764182319118,6832290,NC
-0.08722884340765596,6832291,NC
-0.09226005421088887,6832292,NC
-0.08729127422743771,6832293,NC
-0.07732250345184845,6832294,NC
-0.0723537418786656,6832295,NC
-0.07738498950243203,6832296,NC
-0.10241624631768895,6832297,NC
-0.10744751231897602,6832298,NC
-0.07247878750083142,6832299,NC
-0.052510071857791316,6832300,NC
-0.047541365384390674,6832301,NC
-0.047572668075162715,6832302,NC
-0.08760397992463907,6832303,NC
-0.057635300927349774,6832304,NC
-0.04766663107782339,6832305,NC
-0.027697970370586474,6832306,NC
-0.007729318800164406,6832307,NC
-0.007760676361080819,6832308,NC
0.022207956952142234,6832309,NC
0.07717658114498432,6832310,NC
0.14714519622292654,6832311,NC
0.2671138021914517,6832312,NC
0.3470823990560441,6832313,NC
0.4170509868221896,6832314,NC
0.4770195654953758,6832315,NC
0.5319881350810917,6832316,NC
0.566956695584828,6832317,NC
0.546925247012077,6832318,NC
0.5018937893683327,6832319,NC
0.4568623226590903,6832320,NC
0.41683084688984695,6832321,NC
0.4517993620661013,6832322,NC
0.5567678681933532,6832323,NC
0.6867363652771049,6832324,NC
0.8017048533228596,6832325,NC
0.911673332336122,6832326,NC
0.981641802322399,6832327,NC
1.0016102632871982,6832328,NC
0.9965787152360296,6832329,L
0.9215471581744044,6832330,NC
0.8215155921078353,6832331,NC
0.6914840170418368,6832332,NC
0.5814524329819247,6832333,NC
0.4814208399336165,6832334,NC
0.37138923790243156,6832335,NC
0.24635762689389035,6832336,NC
0.12632600691351514,6832337,NC
-0.023705622033170226,6832338,NC
-0.15373725994064047,6832339,NC
-0.2337689068033687,6832340,NC
-0.2738005626158263,6832341,NC
-0.30383222737248317,6832342,NC
-0.3038639010678078,6832343,NC
-0.323895583696267,6832344,NC
-0.31392727525232594,6832345,NC
-0.26395897573044846,6832346,NC
-0.23399068512509652,6832347,NC
-0.20402240343073091,6832348,NC
-0.1990541306418105,6832349,NC
-0.21408586675279279,6832350,NC
-0.2191176117581337,6832351,NC
-0.21914936565228776,6832352,NC
-0.20418112842970748,6832353,NC
-0.20421290008484422,6832354,NC
-0.18424468061214772,6832355,NC
-0.18927647000606612,6832356,NC
-0.19430826826104605,6832357,NC
-0.1943400753715327,6832358,NC
-0.18437189133196927,6832359,NC
-0.1844037161367979,6832360,NC
-0.174435549780459,6832361,NC
-0.17446739225739144,6832362,NC
-0.18949924356203252,6832363,NC
-0.1795311036888181,6832364,NC
-0.16456297263218236,6832365,NC
-0.15459485038655807,6832366,NC
-0.14462673694637637,6832367,NC
-0.14965863230606688,6832368,NC
-0.1696905364600577,6832369,NC
-0.1847224494027755,6832370,NC
-0.1947543711286451,6832371,NC
-0.17978630163209008,6832372,NC
-0.15481824090753238,6832373,NC
-0.15485018894939243,6832374,NC
-0.12988214575208928,6832375,NC
-0.12991411131004002,6832376,NC
-0.11494608561766059,6832377,NC
-0.09497806866936528,6832378,NC
-0.09501006045956692,6832379,NC
-0.11004206098267671,6832380,NC
-0.1250740702331044,6832381,NC
-0.13010608820525815,6832382,NC
-0.11513811489354471,6832383,NC
-0.07017015029236914,6832384,NC
-0.05020219439613514,6832385,NC
-0.050234247199244776,6832386,NC
-0.05026630869609866,6832387,NC
-0.05029837888109599,6832388,NC
-0.04533045774863404,6832389,NC
-0.020362545293109012,6832390,NC
-0.0053946415089155195,6832391,NC
-0.0004267463904463406,6832392,NC
-0.02045885993209308,6832393,NC
-0.005490982128245704,6832394,NC
0.029476887026707307,6832395,NC
0.054444747538378975,6832396,NC
0.0694125994123839,6832397,NC
0.0643804426543381,6832398,NC
0.05434827726985916,6832399,NC
0.05931610326456618,6832400,NC
0.08928392064407972,6832401,NC
0.11925172941402187,6832402,NC
0.14921952958001622,6832403,NC
0.1441873211476879,6832404,NC
0.1441551041226633,6832405,NC
0.15412287851057085,6832406,NC
0.17409064431704002,6832407,NC
0.20405840154770175,6832408,NC
0.21402615020818888,6832409,NC
0.22899389030413542,6832410,NC
0.2239616218411769,6832411,NC
0.23392934482495048,6832412,NC
0.2638970592610947,6832413,NC
0.2888647651552496,6832414,NC
0.3238324625130568,6832415,NC
0.3188001513401593,6832416,NC
0.31376783164220173,6832417,NC
0.30873550342483,6832418,NC
0.2937031666936918,6832419,NC
0.28867082145443596,6832420,NC
0.2686384677127131,6832421,NC
0.24360610547417516,6832422,NC
0.21357373474447547,6832423,NC
0.19354135552926924,6832424,NC
0.18350896783421283,6832425,NC
0.16347657166496393,6832426,NC
0.14344416702718227,6832427,NC
0.1334117539265286,6832428,NC
0.08837933236866516,6832429,NC
0.04334690235925591,6832430,NC
0.04331446390396609,6832431,NC
0.04828201700846249,6832432,NC
